date,returns
2010-01-05,0.002643598856945
2010-01-06,0.0007038078265661
2010-01-07,0.0042124095085589
2010-01-08,0.0033222381481053
2010-01-11,0.0013955838286018
2010-01-12,-0.0093700029816384
2010-01-13,0.0084107649972579
2010-01-14,0.0027009169498924
2010-01-15,-0.0112876984209207
2010-01-19,0.0124181586015328
2010-01-20,-0.0102206452894705
2010-01-21,-0.0194163861729918
2010-01-22,-0.0225440529276811
2010-01-25,0.0051146112912487
2010-01-26,-0.0041993771466613
2010-01-27,0.0047458725009294
2010-01-28,-0.0115386090390773
2010-01-29,-0.0109280612462737
2010-02-01,0.0154311049253947
2010-02-02,0.0120307660163713
2010-02-03,-0.0049952006564152
2010-02-04,-0.0313522634255587
2010-02-05,0.002064770460464
2010-02-08,-0.0072454258285289
2010-02-09,0.0124819961060756
2010-02-10,-0.0019605017826088
2010-02-11,0.0104118735548906
2010-02-12,-0.0008326441583239
2010-02-16,0.0156123747661595
2010-02-17,0.0047273203714792
2010-02-18,0.0058778620993778
2010-02-19,0.0020715677246409
2010-02-22,0.0001799754587521
2010-02-23,-0.0122190604421742
2010-02-24,0.0091556833087897
2010-02-25,-0.0013544769538892
2010-02-26,0.0006323083727991
2010-03-01,0.0103311482603882
2010-03-02,0.0027667255246233
2010-03-03,0.0008909230301162
2010-03-04,0.0030229980716837
2010-03-05,0.0141921427831858
2010-03-08,0.0001750100070996
2010-03-09,0.0016613692008763
2010-03-10,0.0044458264009383
2010-03-11,0.004166273983687
2010-03-12,8.663233648235834e-05
2010-03-15,0.0002597859264947
2010-03-16,0.0079345460889747
2010-03-17,0.0059097838542414
2010-03-18,-0.0005124930388941
2010-03-19,-0.0091842170395777
2010-03-22,0.0053319280404127
2010-03-23,0.0070086382978494
2010-03-24,-0.0048666676563016
2010-03-25,-0.0016274346283278
2010-03-26,-0.0006002632244438
2010-03-29,0.0063274931841991
2010-03-30,0.0006816788832363
2010-03-31,-0.0034129855935048
2010-04-01,0.0068143623259931
2010-04-05,0.0081163707596041
2010-04-06,0.0023549108923503
2010-04-07,-0.0057287460869562
2010-04-08,0.003457988833247
2010-04-09,0.0065458979093805
2010-04-12,0.0015879882252557
2010-04-13,0.0007513793182308
2010-04-14,0.0112854951508124
2010-04-15,0.000824797743366
2010-04-16,-0.016040238300054
2010-04-19,0.0037629927055054
2010-04-20,0.0088911609684336
2010-04-21,-0.0018215918796602
2010-04-22,0.0029790900922423
2010-04-23,0.0065066402136194
2010-04-26,-0.0037835140707141
2010-04-27,-0.023934721305534
2010-04-28,0.0075674614405716
2010-04-29,0.0123211962500332
2010-04-30,-0.0171072980621154
2010-05-03,0.0128785936290349
2010-05-04,-0.0237956482495668
2010-05-05,-0.0059742173010317
2010-05-06,-0.0337775601382708
2010-05-07,-0.0149869020140406
2010-05-10,0.0430987587554164
2010-05-11,-0.0028449678505333
2010-05-12,0.0138890703690819
2010-05-13,-0.0125087230450407
2010-05-14,-0.0182708971492894
2010-05-17,0.0005266639830137
2010-05-18,-0.0136957778751154
2010-05-19,-0.0057102169718736
2010-05-20,-0.0384908541682543
2010-05-21,0.0144936733660201
2010-05-24,-0.0129141313981678
2010-05-25,0.0010207453303537
2010-05-26,-0.0060468255537134
2010-05-27,0.032949375950392
2010-05-28,-0.0126290631298929
2010-06-01,-0.0169667874096642
2010-06-02,0.0257060243181526
2010-06-03,0.0034382702333982
2010-06-04,-0.0357689895470679
2010-06-07,-0.0125290306115404
2010-06-08,0.0106549957119236
2010-06-09,-0.0053604273678062
2010-06-10,0.0288123871883186
2010-06-11,0.0048439410608747
2010-06-14,-0.0015511492416383
2010-06-15,0.0224829825002543
2010-06-16,-0.0003572148251135
2010-06-17,0.0016064287827814
2010-06-18,-0.0036628086484648
2010-06-21,-0.0028681536625103
2010-06-22,-0.0166535113096981
2010-06-23,-0.0031078300439305
2010-06-24,-0.0167094141565972
2010-06-25,0.00418045641774
2010-06-28,-0.003156956799076
2010-06-29,-0.0313617818312967
2010-06-30,-0.0095454406721204
2010-07-01,-0.0044664515165841
2010-07-02,-0.0054645451212638
2010-07-06,0.0065344339335221
2010-07-07,0.0310102157950817
2010-07-08,0.0098467812130636
2010-07-09,0.0074377008189309
2010-07-12,0.0006481753596675
2010-07-13,0.0149757483418009
2010-07-14,-9.12145912251244e-05
2010-07-15,0.000273549256677
2010-07-16,-0.0279207985296016
2010-07-19,0.0058892176749809
2010-07-20,0.0110303979554114
2010-07-21,-0.013083031817336
2010-07-22,0.0220763540318031
2010-07-23,0.0086415652675848
2010-07-26,0.0103617982557226
2010-07-27,-8.959263874577318e-05
2010-07-28,-0.0064754359274457
2010-07-29,-0.0048842436897058
2010-07-30,-0.0001813952914147
2010-08-02,0.0223298118631111
2010-08-03,-0.0048004439902492
2010-08-04,0.0066610663437946
2010-08-05,-0.0010628178021457
2010-08-06,-0.0040845296427243
2010-08-09,0.0053243402152686
2010-08-10,-0.0054133390708672
2010-08-11,-0.0277895381404959
2010-08-12,-0.0061488359415908
2010-08-13,-0.0029501238551002
2010-08-16,-0.0004617022054933
2010-08-17,0.0122103349576051
2010-08-18,0.0018233625266918
2010-08-19,-0.0175499857736111
2010-08-20,-0.0032496057617003
2010-08-23,-0.0038201400270727
2010-08-24,-0.0149544659075099
2010-08-25,0.0038776580459168
2010-08-26,-0.006724456507921
2010-08-27,0.0153711095876804
2010-08-30,-0.014611214031856
2010-08-31,0.0
2010-09-01,0.0294730747622998
2010-09-02,0.009269117295732
2010-09-03,0.0128881631935124
2010-09-07,-0.0113364475932916
2010-09-08,0.0069984767516057
2010-09-09,0.0046084616203701
2010-09-10,0.0050360284864847
2010-09-13,0.0110616456937652
2010-09-14,-0.0006211979963804
2010-09-15,0.0038098685943884
2010-09-16,-0.0002653232992093
2010-09-17,-0.0049659159044091
2010-09-20,0.0151745412320095
2010-09-21,-0.0020158271875347
2010-09-22,-0.0049252974169436
2010-09-23,-0.0081445047973875
2010-09-24,0.0204124604371534
2010-09-27,-0.0048016423002145
2010-09-28,0.0034943823007633
2010-09-29,-0.0017456314878353
2010-09-30,-0.002974665094215
2010-10-01,0.0041969403339465
2010-10-04,-0.0075320080030131
2010-10-05,0.0199319093118998
2010-10-06,-8.61993040877103e-05
2010-10-07,-0.001207307759218
2010-10-08,0.0055931094911806
2010-10-11,0.0009434419774351
2010-10-12,0.0030814079394163
2010-10-13,0.0077469934254002
2010-10-14,-0.0039085706130884
2010-10-15,0.002041146037959
2010-10-18,0.0049156963258668
2010-10-19,-0.0131910802411474
2010-10-20,0.0097187411175918
2010-10-21,0.0022033441696562
2010-10-22,0.001860633357133
2010-10-25,0.0029529528387261
2010-10-26,0.0001685137954895
2010-10-27,-0.0028680236400969
2010-10-28,0.0001689692762197
2010-10-29,0.0007598154624697
2010-11-01,0.0003375319928584
2010-11-02,0.0078992212540623
2010-11-03,0.0040096597970009
2010-11-04,0.0190749782296404
2010-11-05,0.0037554054925776
2010-11-08,-0.0018759710064512
2010-11-09,-0.0072101685477202
2010-11-10,0.0040211606078643
2010-11-11,-0.0037745108282222
2010-11-12,-0.0119088610793691
2010-11-15,-0.001415295344837
2010-11-16,-0.0157020321513448
2010-11-17,0.0005076365059888
2010-11-18,0.014611040526956
2010-11-19,0.0027471553681127
2010-11-22,-0.0008316573393951
2010-11-23,-0.0145829394368945
2010-11-24,0.014666091871414
2010-11-26,-0.0117155640953654
2010-11-29,0.0030257259610468
2010-11-30,-0.0056386077779225
2010-12-01,0.0210446536634336
2010-12-02,0.0127274816088915
2010-12-03,0.0026889552576654
2010-12-06,-0.0010583941766391
2010-12-07,0.0005700533050127
2010-12-08,0.0036568806517555
2010-12-09,0.0038860424158987
2010-12-10,0.0058008638718512
2010-12-13,0.0006424205277645
2010-12-14,0.0008827237441719
2010-12-15,-0.0045825517546696
2010-12-16,0.0057850171459677
2010-12-17,-0.0041746739927536
2010-12-20,0.0024105710389173
2010-12-21,0.0063202812276874
2010-12-22,0.0031054640754708
2010-12-23,-0.001432097524911
2010-12-27,0.0003980342481033
2010-12-28,0.0014315280222058
2010-12-29,0.0007149659719904
2010-12-30,-0.0015895484886163
2010-12-31,0.0002385873407845
2011-01-03,0.0102849248064564
2011-01-04,-0.0005511136072903
2011-01-05,0.0051841764492074
2011-01-06,-0.0019605542977314
2011-01-07,-0.0019644056228539
2011-01-10,-0.0012592165286221
2011-01-11,0.0035375764400234
2011-01-12,0.0089840963350894
2011-01-13,-0.0016346118943151
2011-01-14,0.0072186283201475
2011-01-18,0.0017000329763009
2011-01-19,-0.0098538583053821
2011-01-20,-0.0013264010662401
2011-01-21,0.0022615980751737
2011-01-24,0.0056706640702085
2011-01-25,0.0005420069383614
2011-01-26,0.0038633953715288
2011-01-27,0.0024648192383741
2011-01-28,-0.0176171892740538
2011-01-31,0.0074882680485104
2011-02-01,0.0158820147477807
2011-02-02,-0.0019140226299316
2011-02-03,0.0022198752285183
2011-02-04,0.0028251469753376
2011-02-07,0.0062329735041437
2011-02-08,0.0045362297801004
2011-02-09,-0.0022655427196784
2011-02-10,0.0003779662886844
2011-02-11,0.005952572016547
2011-02-14,0.0024010822182387
2011-02-15,-0.00315266879616
2011-02-16,0.0062955434997051
2011-02-17,0.0029839178229451
2011-02-18,0.0020834800346416
2011-02-22,-0.0202739857642227
2011-02-23,-0.0061632117464359
2011-02-24,-0.0006872426132549
2011-02-25,0.0106360433222898
2011-02-28,0.006177449798552
2011-03-01,-0.0168134931208418
2011-03-02,0.0021363709867891
2011-03-03,0.0170775983454677
2011-03-04,-0.0075205287208486
2011-03-07,-0.0078818791443406
2011-03-08,0.0087119158574177
2011-03-09,-0.001434143284876
2011-03-10,-0.0186792830982067
2011-03-11,0.0069023504398596
2011-03-14,-0.006056159320269
2011-03-15,-0.0115233129218412
2011-03-16,-0.0186862410776153
2011-03-17,0.013148228441042
2011-03-18,-0.0007041691748717
2011-03-21,0.0153789694972874
2011-03-22,-0.0034745987869786
2011-03-23,0.0028577766530725
2011-03-24,0.0095179582977473
2011-03-25,0.0030511782628464
2011-03-28,-0.0024401973806626
2011-03-29,0.0066961511432171
2011-03-30,0.0068775817732868
2011-03-31,-0.0013567075803988
2011-04-01,0.0042146339137174
2011-04-04,0.0008257994924441
2011-04-05,-0.0001500113599201
2011-04-06,0.0031472349285492
2011-04-07,-0.0025469811049454
2011-04-08,-0.0034563615456314
2011-04-11,-0.003015183088211
2011-04-12,-0.0075020657492846
2011-04-13,-7.602408655647419e-05
2011-04-14,0.0007603288565081
2011-04-15,0.0036418533742727
2011-04-18,-0.0112719836214687
2011-04-19,0.0057280487619223
2011-04-20,0.0135398499794586
2011-04-21,0.005095879307875
2011-04-25,-0.0010470376441327
2011-04-26,0.0085683490189221
2011-04-27,0.0065074910604855
2011-04-28,0.0032379338274032
2011-04-29,0.0023482220617359
2011-05-02,-0.001540374115536
2011-05-03,-0.0036036479422074
2011-05-04,-0.0066528476057744
2011-05-05,-0.0090896260574921
2011-05-06,0.0044060886282494
2011-05-09,0.0038673577578452
2011-05-10,0.0084999507437913
2011-05-11,-0.0105804892821214
2011-05-12,0.004749188055977
2011-05-13,-0.0077289962921284
2011-05-16,-0.0063615142373828
2011-05-17,-0.000150204778891
2011-05-18,0.0088962755224503
2011-05-19,0.0023787706237433
2011-05-20,-0.0079764267415332
2011-05-23,-0.011668766889634
2011-05-24,-0.0008333064581316
2011-05-25,0.0033290675181164
2011-05-26,0.0045970208824425
2011-05-27,0.0038272120360345
2011-05-31,0.0103573777111792
2011-06-01,-0.0227171661768309
2011-06-02,-0.001062210983871
2011-06-03,-0.0099943428828867
2011-06-06,-0.0106376161377758
2011-06-07,-0.0006200509676611
2011-06-08,-0.0041962027123694
2011-06-09,0.0076022067914085
2011-06-10,-0.0140079759465904
2011-06-13,0.000783380188234
2011-06-14,0.012606270353002
2011-06-15,-0.0179454815471844
2011-06-16,0.0022020015898782
2011-06-17,-0.0019657957500154
2011-06-20,0.0051030053543197
2011-06-21,0.0136109434821219
2011-06-22,-0.0060437096564743
2011-06-23,-0.0028796775585726
2011-06-24,-0.0116814114133657
2011-06-27,0.0088715391100887
2011-06-28,0.0129685230400005
2011-06-29,0.0085276943055738
2011-06-30,0.0095169928285943
2011-07-01,0.0146679597898238
2011-07-05,-0.0008217279968376
2011-07-06,0.0011950383290817
2011-07-07,0.0103219969663524
2011-07-08,-0.007117517691026
2011-07-11,-0.0182457493973941
2011-07-12,-0.0043285736779727
2011-07-13,0.0033429787836208
2011-07-14,-0.0069262650845373
2011-07-15,0.0057879209614672
2011-07-18,-0.0082349059986548
2011-07-19,0.0161011691864833
2011-07-20,-0.0006029228774295
2011-07-21,0.0137758531082941
2011-07-22,0.0006689436860065
2011-07-25,-0.0055884798756408
2011-07-26,-0.0037430796296073
2011-07-27,-0.020688008283868
2011-07-28,-0.0029139263938764
2011-07-29,-0.0068580455977189
2011-08-01,-0.0042617789541002
2011-08-02,-0.0258794555319533
2011-08-03,0.0054041323279466
2011-08-04,-0.0479741060521945
2011-08-05,-0.0014978808010258
2011-08-08,-0.0673405740304654
2011-08-09,0.045450506361566
2011-08-10,-0.0451833161672427
2011-08-11,0.043905674303868
2011-08-12,0.0067105870866385
2011-08-15,0.0209440506651822
2011-08-16,-0.0085759354348646
2011-08-17,0.0006687439260467
2011-08-18,-0.0440757652039051
2011-08-19,-0.016465287089525
2011-08-22,0.0007987218438405
2011-08-23,0.0323805310095289
2011-08-24,0.013986236514564
2011-08-25,-0.0153613111663494
2011-08-26,0.0144293000086114
2011-08-29,0.028330974868218
2011-08-30,0.0026333103895152
2011-08-31,0.0044280589954652
2011-09-01,-0.0105281344225341
2011-09-02,-0.0258819585974838
2011-09-06,-0.0073241736349348
2011-09-07,0.0278170588174131
2011-09-08,-0.0104459228412788
2011-09-09,-0.0265592965591247
2011-09-12,0.0064491389248804
2011-09-13,0.0091293643150302
2011-09-14,0.0137491506594377
2011-09-15,0.0171100314629829
2011-09-16,0.0007408630840709
2011-09-19,-0.0100071059101776
2011-09-20,-0.0011643330667982
2011-09-21,-0.02990088453258
2011-09-22,-0.0328583892043897
2011-09-23,0.006007087857023
2011-09-26,0.0235017950782116
2011-09-27,0.0111217080893046
2011-09-28,-0.0206299350268628
2011-09-29,0.0078723850706557
2011-09-30,-0.0253067734523694
2011-10-03,-0.0288705831981341
2011-10-04,0.0216861521389762
2011-10-05,0.0183459183316169
2011-10-06,0.0179295412359117
2011-10-07,-0.0067183610973808
2011-10-10,0.0328985657891522
2011-10-11,0.0010029683037337
2011-10-12,0.0087337054638077
2011-10-13,-0.0019895377667991
2011-10-14,0.0169495380973826
2011-10-17,-0.0192756899555168
2011-10-18,0.0193572900874667
2011-10-19,-0.0118995666411688
2011-10-20,0.0043659726396905
2011-10-21,0.0188093117030804
2011-10-24,0.0121864464022857
2011-10-25,-0.0196352554610814
2011-10-26,0.0101072214301942
2011-10-27,0.0342420809825447
2011-10-28,-0.0002332447860018
2011-10-31,-0.0244011006929205
2011-11-01,-0.0282847138385819
2011-11-02,0.0161798552294395
2011-11-03,0.0180631681927731
2011-11-04,-0.0061176580802539
2011-11-07,0.0061968797835613
2011-11-08,0.0127490128550563
2011-11-09,-0.0376079499229659
2011-11-10,0.0093745313737102
2011-11-11,0.0186474758366182
2011-11-14,-0.0095193846299625
2011-11-15,0.0049296652612953
2011-11-16,-0.0159901070071953
2011-11-17,-0.0160042507820272
2011-11-18,-0.0010651584546348
2011-11-21,-0.0192027058224949
2011-11-22,-0.003935539588244
2011-11-23,-0.0223127380364717
2011-11-25,-0.0018892339364911
2011-11-28,0.028555236610433
2011-11-29,0.0028362044725834
2011-11-30,0.0403253689229341
2011-12-01,-0.0001599987452577
2011-12-02,-0.0008806037437761
2011-12-05,0.0108333113054418
2011-12-06,0.0003168640314494
2011-12-07,0.0037155757240585
2011-12-08,-0.0221806317225139
2011-12-09,0.0168004439842998
2011-12-12,-0.0147050036593211
2011-12-13,-0.0093828725472781
2011-12-14,-0.0107031961197258
2011-12-15,0.0036077642010803
2011-12-16,-0.0048406705295579
2011-12-19,-0.0107491975728359
2011-12-20,0.0298113909222854
2011-12-21,0.0019346871431293
2011-12-22,0.0088198013761169
2011-12-23,0.0089009787714077
2011-12-27,0.0007908769409957
2011-12-28,-0.0132104104395718
2011-12-29,0.0102810301230435
2011-12-30,-0.0049280978825507
2012-01-03,0.0158106060266422
2012-01-04,0.0015673745421439
2012-01-05,0.0026589235253347
2012-01-06,-0.0025806013265882
2012-01-09,0.0024244737478718
2012-01-10,0.0086331515844697
2012-01-11,0.0005418810563717
2012-01-12,0.0023964880924301
2012-01-13,-0.0051867597812162
2012-01-17,0.0038732716653284
2012-01-18,0.0109955198853512
2012-01-19,0.0052625863170097
2012-01-20,0.0037203659142065
2012-01-23,-0.0025800313373851
2012-01-24,-0.0011403345768214
2012-01-25,0.0083326807939515
2012-01-26,-0.0051428994727475
2012-01-27,-0.0004550440413475
2012-01-30,-0.0034196788738271
2012-01-31,-0.0003805839058018
2012-02-01,0.0087190655038945
2012-02-02,0.0015839449656088
2012-02-03,0.0139213438183521
2012-02-06,-0.0006691426782849
2012-02-07,0.0025256019235591
2012-02-08,0.0029632524950424
2012-02-09,0.0012566859316234
2012-02-10,-0.0074151310802612
2012-02-13,0.0074151310802613
2012-02-14,-0.0012566859316235
2012-02-15,-0.0046710363543759
2012-02-16,0.0110123095793918
2012-02-17,0.0026425956909655
2012-02-21,0.0004397358434986
2012-02-22,-0.0032293785233084
2012-02-23,0.0044011374163203
2012-02-24,0.0021932147674797
2012-02-27,0.0016783614389025
2012-02-28,0.0029120135218652
2012-02-29,-0.0039332360600812
2012-03-01,0.0051682841526388
2012-03-02,-0.0030540903552762
2012-03-05,-0.0040866842513187
2012-03-06,-0.014733231512984
2012-03-07,0.0069516803612837
2012-03-08,0.0098999148734475
2012-03-09,0.0038601266890066
2012-03-12,7.264769404171427e-05
2012-03-13,0.0178653053893401
2012-03-14,-0.001071499876281
2012-03-15,0.0057727241840531
2012-03-16,-0.0029891002439236
2012-03-19,0.0039125287957505
2012-03-20,-0.0029151689716128
2012-03-21,-0.0016390220668053
2012-03-22,-0.0072296206406351
2012-03-23,0.0032275227086085
2012-03-26,0.0139375558596752
2012-03-27,-0.0031119796195123
2012-03-28,-0.0049708733925905
2012-03-29,-0.0017100502619177
2012-03-30,0.0041275453198839
2012-04-02,0.0072881893564396
2012-04-03,-0.0040975108534866
2012-04-04,-0.0099601984541325
2012-04-05,-0.0005006781849393
2012-04-09,-0.0112946209599557
2012-04-10,-0.0169273512495614
2012-04-11,0.0080616495828426
2012-04-12,0.0129810251653361
2012-04-13,-0.0119596535878154
2012-04-16,-0.0006564523893733
2012-04-17,0.0147034752888664
2012-04-18,-0.0033850816765037
2012-04-19,-0.0064415912946528
2012-04-20,0.0016686312071105
2012-04-23,-0.0084444245213051
2012-04-24,0.003794271533622
2012-04-25,0.0135987982259977
2012-04-26,0.0069447295367372
2012-04-27,0.0016396063201724
2012-04-30,-0.0037108747547531
2012-05-01,0.00620087068742
2012-05-02,-0.0029886747485703
2012-05-03,-0.0076547020130199
2012-05-04,-0.0162899529792684
2012-05-07,0.0007297052588564
2012-05-08,-0.0040197608182538
2012-05-09,-0.0059495385248378
2012-05-10,0.0020606334141373
2012-05-11,-0.0030188415573872
2012-05-14,-0.0111227603266645
2012-05-15,-0.0057581335485086
2012-05-16,-0.0038321007961062
2012-05-17,-0.0149420748236107
2012-05-18,-0.0085955639810532
2012-05-21,0.017042143153895
2012-05-22,0.0017412710545933
2012-05-23,0.0005294160058288
2012-05-24,0.0019637053428055
2012-05-25,-0.0032497679497885
2012-05-29,0.012039203550453
2012-05-30,-0.0146164171037799
2012-05-31,-0.0022033461851589
2012-06-01,-0.0254991860989845
2012-06-04,-0.0004682553453806
2012-06-05,0.0075436930440123
2012-06-06,0.0222196836853993
2012-06-07,0.0006060285751731
2012-06-08,0.0079201094039168
2012-06-11,-0.0127785367343213
2012-06-12,0.011425195187419
2012-06-13,-0.0064152891979708
2012-06-14,0.0105446021191509
2012-06-15,0.0050072834895236
2012-06-18,0.0019363565545029
2012-06-19,0.009626161675834
2012-06-20,-0.0016225479379806
2012-06-21,-0.0226942653007383
2012-06-22,0.0076721266685718
2012-06-25,-0.0161647093744565
2012-06-26,0.005013215176026
2012-06-27,0.008976130181058
2012-06-28,-0.002857611322101
2012-06-29,0.0246210720610369
2012-07-02,0.0030078772716375
2012-07-03,0.0065713522197761
2012-07-05,-0.0045223299748622
2012-07-06,-0.0095489766185002
2012-07-09,-0.0012554793636054
2012-07-10,-0.0087583719161992
2012-07-11,0.000149118690052
2012-07-12,-0.0048568045537462
2012-07-13,0.0166386185562563
2012-07-16,-0.0023601112279798
2012-07-17,0.0068436041596681
2012-07-18,0.0073795280464102
2012-07-19,0.0026172361165422
2012-07-20,-0.0091903967138172
2012-07-23,-0.0101636233219423
2012-07-24,-0.0086239751608133
2012-07-25,0.0002240773323372
2012-07-26,0.0163627936452052
2012-07-27,0.0182649763133594
2012-07-30,0.0
2012-07-31,-0.007018994510316
2012-08-01,-0.0008718516690747
2012-08-02,-0.0069284962502224
2012-08-03,0.0196390721544519
2012-08-06,0.001935613842245
2012-08-07,0.005001169250315
2012-08-08,0.0012107701431819
2012-08-09,0.0008537539798698
2012-08-10,0.0016343633414736
2012-08-13,-0.0004970850944157
2012-08-14,0.000141987596809
2012-08-15,0.0011358251214389
2012-08-16,0.0073514753644729
2012-08-17,0.0013371377143855
2012-08-20,7.039959068116194e-05
2012-08-21,-0.0030287604712871
2012-08-22,0.0004232514132957
2012-08-23,-0.0082130426052607
2012-08-24,0.0060246902310163
2012-08-27,0.0002119680671466
2012-08-28,-0.0009896049156417
2012-08-29,0.0007776368484949
2012-08-30,-0.0072339961824798
2012-08-31,0.0047576737864416
2012-09-04,-0.0009213997015155
2012-09-05,-0.0008512103525127
2012-09-06,0.0200934154558247
2012-09-07,0.0038875269142226
2012-09-10,-0.0056976761604379
2012-09-11,0.0027834487236834
2012-09-12,0.0033298381267219
2012-09-13,0.0151215815639294
2012-09-14,0.0044243964984193
2012-09-17,-0.0034015950978509
2012-09-18,-0.0008181782275811
2012-09-19,0.0005454918532837
2012-09-20,6.823056817389438e-05
2012-09-21,-0.0057421142900032
2012-09-24,-0.0015093391243115
2012-09-25,-0.0106988961384964
2012-09-26,-0.0056370434881757
2012-09-27,0.0093773905506575
2012-09-28,-0.0046429394069331
2012-10-01,0.0026359953745624
2012-10-02,0.0010385591607889
2012-10-03,0.0040747067348462
2012-10-04,0.0071424556133962
2012-10-05,6.83922858572033e-05
2012-10-08,-0.0034272430701774
2012-10-09,-0.0099366154289294
2012-10-10,-0.0064004544547266
2012-10-11,0.0005582042513421
2012-10-12,-0.0032838542746947
2012-10-15,0.0082936143668975
2012-10-16,0.0100822032119064
2012-10-17,0.0045246096536172
2012-10-18,-0.0026024918357319
2012-10-19,-0.0168048481357255
2012-10-22,0.0001394998066982
2012-10-23,-0.0139735130486034
2012-10-24,-0.0028324186407206
2012-10-25,0.0029030886577868
2012-10-26,-0.0005657159257664
2012-10-31,0.0
2012-11-01,0.010415997374597
2012-11-02,-0.0089314864635344
2012-11-05,0.0020465660519948
2012-11-06,0.0077947135316124
2012-11-07,-0.0229244891390155
2012-11-08,-0.012096979082725
2012-11-09,0.0008690107520277
2012-11-12,0.0007958659552173
2012-11-13,-0.0034775880194807
2012-11-14,-0.0135907448155798
2012-11-15,-0.0016934491130524
2012-11-16,0.0049251997123018
2012-11-19,0.0200370388849882
2012-11-20,0.0004311408302978
2012-11-21,0.0018661684098468
2012-11-23,0.0135330351305046
2012-11-26,-0.0021246682357533
2012-11-27,-0.0051176542727553
2012-11-28,0.0080202342578342
2012-11-29,0.0046546977267722
2012-11-30,0.0002110583640032
2012-12-03,-0.0049365189871002
2012-12-04,-0.001414906146209
2012-12-05,0.0017683470567419
2012-12-06,0.0033864554359557
2012-12-07,0.0030240744273424
2012-12-10,0.0004212128506911
2012-12-11,0.006785386519996
2012-12-12,0.0004878345883405
2012-12-13,-0.0061507821361681
2012-12-14,-0.0037228207141397
2012-12-17,0.011683752096523
2012-12-18,0.0110673526975399
2012-12-19,-0.0074570660705808
2012-12-20,0.0057358359413098
2012-12-21,-0.016185980297069
2012-12-24,-0.0030861158221656
2012-12-26,-0.0042239139930062
2012-12-27,-0.0013413043770403
2012-12-28,-0.0108669615805754
2012-12-31,0.0168535702963448
2013-01-02,0.0253072325302818
2013-01-03,-0.0022619142489159
2013-01-04,0.0043820639085183
2013-01-07,-0.0027364996312892
2013-01-08,-0.0028814383464779
2013-01-09,0.0025388226189675
2013-01-10,0.0079181551047754
2013-01-11,-6.795516932659728e-05
2013-01-14,-0.0006802210887327
2013-01-15,0.0006802210887327
2013-01-16,-0.0001360279599216
2013-01-17,0.0064395880109128
2013-01-18,0.002227259915872
2013-01-22,0.00537890783669
2013-01-23,0.0016079751161445
2013-01-24,0.0002678127406416
2013-01-25,0.0056063440418535
2013-01-28,-0.0011986727020707
2013-01-29,0.0039237659914132
2013-01-30,-0.0039237659914133
2013-01-31,-0.0024686296734874
2013-02-01,0.0102347443038142
2013-02-04,-0.0113041446686025
2013-02-05,0.010047057361337
2013-02-06,0.0007279746716896
2013-02-07,-0.0013239571732254
2013-02-08,0.0055489395305639
2013-02-11,-0.0001976399424893
2013-02-12,0.0016458741196453
2013-02-13,0.0008547169853668
2013-02-14,0.0009197175496727
2013-02-15,-0.0011826064413127
2013-02-19,0.0074666274801022
2013-02-20,-0.0125416377478401
2013-02-21,-0.0060975678431706
2013-02-22,0.0097252014062387
2013-02-25,-0.0192102646860895
2013-02-26,0.0068223410753063
2013-02-27,0.0125196173059043
2013-02-28,-0.0019768262073793
2013-03-01,0.0032925092169281
2013-03-04,0.0053109495180547
2013-03-05,0.0089190080860631
2013-03-06,0.0013601913974636
2013-03-07,0.0018106496178148
2013-03-08,0.0042550748199917
2013-03-11,0.0037884678539687
2013-03-12,-0.0022457172385075
2013-03-13,0.0014121655224659
2013-03-14,0.0053098154924355
2013-03-15,-0.0057588711981112
2013-03-18,-0.0055341235315858
2013-03-19,-0.002325736614084
2013-03-20,0.0069610453205964
2013-03-21,-0.0085793257592879
2013-03-22,0.0080011103464726
2013-03-25,-0.0041861864313256
2013-03-26,0.0079707659619894
2013-03-27,0.0
2013-03-28,0.0030684402174279
2013-04-01,-0.0039651824449908
2013-04-02,0.004922209234326
2013-04-03,-0.0101908369924676
2013-04-04,0.0040503118165106
2013-04-05,-0.0045013061575245
2013-04-08,0.0067444326487546
2013-04-09,0.0034508806903607
2013-04-10,0.0121743826929499
2013-04-11,0.0032719104974942
2013-04-12,-0.0024529046728204
2013-04-15,-0.0234465885739041
2013-04-16,0.0146549101747624
2013-04-17,-0.0147193430598931
2013-04-18,-0.0062732701814938
2013-04-19,0.0086558021147296
2013-04-22,0.0044280672701465
2013-04-23,0.0102565041552003
2013-04-24,0.0006336317918098
2013-04-25,0.0040455135524108
2013-04-26,-0.0017678926858903
2013-04-29,0.00667633348477
2013-04-30,0.0023825306217472
2013-05-01,-0.0088061578901276
2013-05-02,0.0092444844527223
2013-05-03,0.0100897414371264
2013-05-06,0.0025375453495845
2013-05-07,0.0050558546063509
2013-05-08,0.0045406608592606
2013-05-09,-0.0028201321698346
2013-05-10,0.0032486391341189
2013-05-13,0.0007951652062149
2013-05-14,0.0102808491247742
2013-05-15,0.005371972564027
2013-05-16,-0.0047064516937
2013-05-17,0.0096305433714765
2013-05-20,-5.996205573657439e-05
2013-05-21,0.0014367287699826
2013-05-22,-0.0074452792270078
2013-05-23,-0.002896952611858
2013-05-24,-0.0008465316261579
2013-05-28,0.0059709202535344
2013-05-29,-0.0065154780270918
2013-05-30,0.0036852517450562
2013-05-31,-0.0144560637684408
2013-06-03,0.0054912227482056
2013-06-04,-0.0048184566777591
2013-06-05,-0.0140998750847509
2013-06-06,0.0090123539325963
2013-06-07,0.0126402765757029
2013-06-10,0.0
2013-06-11,-0.0103690889444286
2013-06-12,-0.0083116136678804
2013-06-13,0.015094204008596
2013-06-14,-0.0062922962732446
2013-06-17,0.0076919357601069
2013-06-18,0.0078745516876886
2013-06-19,-0.0139132140648325
2013-06-20,-0.0250903864337725
2013-06-21,-0.0020723251112856
2013-06-24,-0.0127165205519552
2013-06-25,0.0095682999883473
2013-06-26,0.0098522464424673
2013-06-27,0.00585271851749
2013-06-28,-0.0041057828259666
2013-07-01,0.0058425329038531
2013-07-02,-0.000929992893879
2013-07-03,0.000434072779537
2013-07-05,0.0107309415603521
2013-07-08,0.0056885658021907
2013-07-09,0.0071715873676995
2013-07-10,0.0003632693020297
2013-07-11,0.0135287513720949
2013-07-12,0.0004179254640164
2013-07-15,0.0038133837056936
2013-07-16,-0.0037536292618262
2013-07-17,0.0025635252612579
2013-07-18,0.0054628613417522
2013-07-19,0.0017749564340242
2013-07-22,0.0019488111570598
2013-07-23,-0.0021261560749871
2013-07-24,-0.0036723082818602
2013-07-25,0.0024299221144476
2013-07-26,0.0010650097926866
2013-07-29,-0.0030796842650668
2013-07-30,0.0
2013-07-31,0.0007115943074703
2013-08-01,0.0114919901537535
2013-08-02,0.0016978036666044
2013-08-05,-0.0014634863110602
2013-08-06,-0.0056986979211558
2013-08-07,-0.003245720417932
2013-08-08,0.0036580982665022
2013-08-09,-0.0028899521295076
2013-08-12,-0.001181945349608
2013-08-13,0.0029522931115145
2013-08-14,-0.0051425861908138
2013-08-15,-0.0140847430883989
2013-08-16,-0.0033111799353285
2013-08-19,-0.006412590268578
2013-08-20,0.0049038847699018
2013-08-21,-0.0061792422603512
2013-08-22,0.0090739236231942
2013-08-23,0.0033665871097505
2013-08-26,-0.003727952885139
2013-08-27,-0.0162150830807276
2013-08-28,0.0035448137676492
2013-08-29,0.0015849461095559
2013-08-30,-0.0031725015019858
2013-09-03,0.0045116861575577
2013-09-04,0.0082389792573794
2013-09-05,0.0012662068534256
2013-09-06,0.0004818468302001
2013-09-09,0.0095305160221005
2013-09-10,0.0073699604577225
2013-09-11,0.0031335869583339
2013-09-12,-0.0026599510905387
2013-09-13,0.0022466893935609
2013-09-16,0.0057708070248944
2013-09-17,0.0044525807626902
2013-09-18,0.0115077154381128
2013-09-19,-0.0016772714204791
2013-09-20,-0.0118785215922296
2013-09-23,-0.0046382502591402
2013-09-24,-0.0023566493352781
2013-09-25,-0.0028945615191714
2013-09-26,0.0038379237820074
2013-09-27,-0.0046072069990981
2013-09-30,-0.0053425816272341
2013-10-01,0.0078850378425006
2013-10-02,-0.0009453130049468
2013-10-03,-0.0092637100428955
2013-10-04,0.0075481282754203
2013-10-07,-0.0086823020924396
2013-10-08,-0.0117149939488739
2013-10-09,0.0007249630335206
2013-10-10,0.0213288368553079
2013-10-11,0.0064225325290797
2013-10-14,0.003985983827588
2013-10-15,-0.0072804777631838
2013-10-16,0.0138692590734807
2013-10-17,0.0066610566196149
2013-10-18,0.0067316969314213
2013-10-21,5.730959621005006e-05
2013-10-22,0.005774635255459
2013-10-23,-0.0048002624406577
2013-10-24,0.003316865503675
2013-10-25,0.0045571316270014
2013-10-28,0.0015900894094799
2013-10-29,0.0053197774447168
2013-10-30,-0.0049793850638994
2013-10-31,-0.0028402655941754
2013-11-01,0.0023864410628936
2013-11-04,0.0035123257396238
2013-11-05,-0.0031718947517484
2013-11-06,0.0050927786073059
2013-11-07,-0.0127238612445834
2013-11-08,0.0134009200081342
2013-11-11,0.0001692791410617
2013-11-12,-0.0020322949079467
2013-11-13,0.0079923773371585
2013-11-14,0.0049769394881403
2013-11-15,0.0043415339450908
2013-11-18,-0.0035051911186586
2013-11-19,-0.0021760331809734
2013-11-20,-0.0031328560370073
2013-11-21,0.008036219496011
2013-11-22,0.0049899964566984
2013-11-25,-0.0009959754838664
2013-11-26,0.0002767030728486
2013-11-27,0.0024322978063884
2013-11-29,-0.0006627367900007
2013-12-02,-0.0026000690790334
2013-12-03,-0.0043299655856362
2013-12-04,-0.0001112956087646
2013-12-05,-0.0044051332292273
2013-12-06,0.0111149303273362
2013-12-09,0.0025390059438117
2013-12-10,-0.0035896429954381
2013-12-11,-0.0112945188877287
2013-12-12,-0.0033066939352408
2013-12-13,-0.000112307838387
2013-12-16,0.0062127678897553
2013-12-17,-0.0031855579625094
2013-12-18,0.016928408301777
2013-12-19,-0.0011563725711971
2013-12-20,0.0003855781060927
2013-12-23,0.0053283722455719
2013-12-24,0.0021889895778297
2013-12-26,0.0050710757904248
2013-12-27,-5.436080963754459e-05
2013-12-30,-0.0001631831711472
2013-12-31,0.0047216993322834
2014-01-02,-0.009629868327046
2014-01-03,-0.0001640129004911
2014-01-06,-0.0029021171870236
2014-01-07,0.0061228877510668
2014-01-08,0.0002180302184217
2014-01-09,0.0006536393957016
2014-01-10,0.0027190184877031
2014-01-13,-0.013394382993537
2014-01-14,0.0108387076196231
2014-01-15,0.0053756570049349
2014-01-16,-0.0013005609938404
2014-01-17,-0.0042384391248839
2014-01-21,0.002936184469195
2014-01-22,0.0006513807078344
2014-01-23,-0.0082269650358558
2014-01-24,-0.0215668278073217
2014-01-27,-0.0049313907606398
2014-01-28,0.0059371341194931
2014-01-29,-0.0096516161153786
2014-01-30,0.0105446577709216
2014-01-31,-0.0058756392188703
2014-02-03,-0.0227624109561059
2014-02-04,0.0069802390594164
2014-02-05,-0.0012551417795379
2014-02-06,0.013100981927253
2014-02-07,0.0123195477897677
2014-02-10,0.0018349241591687
2014-02-11,0.0108843930641745
2014-02-12,0.0004945012924563
2014-02-13,0.0051494973981799
2014-02-14,0.0055037044300469
2014-02-18,0.0011948147561046
2014-02-19,-0.0066438254962307
2014-02-20,0.0058836615608325
2014-02-21,-0.0011413719586445
2014-02-24,0.0055314905900656
2014-02-25,-0.0003786738339705
2014-02-26,5.415221164403405e-05
2014-02-27,0.0052337842274412
2014-02-28,0.0025260606329176
2014-03-03,-0.0070568752325143
2014-03-04,0.0139577428130192
2014-03-05,0.0009058598019917
2014-03-06,0.0022876220130295
2014-03-07,0.0004250442831957
2014-03-10,-0.0005312727674663
2014-03-11,-0.0049548993782601
2014-03-12,0.0002670318698479
2014-03-13,-0.0112765311965792
2014-03-14,-0.0028119692918967
2014-03-17,0.0090029888901515
2014-03-18,0.0071125293102346
2014-03-19,-0.0053430346197567
2014-03-20,0.0058224908874999
2014-03-21,-0.0082899421909543
2014-03-24,-0.004143935612563
2014-03-25,0.0047345270875356
2014-03-26,-0.0072182835623392
2014-03-27,-0.0021106726083782
2014-03-28,0.0049180180953824
2014-03-31,0.0081610601340628
2014-04-01,0.0066088046930128
2014-04-02,0.0033410519486546
2014-04-03,-0.0013244683853621
2014-04-04,-0.0118925807359875
2014-04-07,-0.011113010807849
2014-04-08,0.0041143938541451
2014-04-09,0.0106935123696713
2014-04-10,-0.0212296571403351
2014-04-11,-0.0090493894407534
2014-04-14,0.0078475252314251
2014-04-15,0.0068638636799627
2014-04-16,0.0104232732900119
2014-04-17,0.0013958689255318
2014-04-21,0.0034812123592844
2014-04-22,0.004534220128577
2014-04-23,-0.0023445550554418
2014-04-24,0.0020251812722585
2014-04-25,-0.0082327449120488
2014-04-28,0.0031621625061776
2014-04-29,0.0046445648763188
2014-04-30,0.0029782373884805
2014-05-01,0.0001062248965174
2014-05-02,-0.0014347050623716
2014-05-05,0.0019124560357089
2014-05-06,-0.0087420567565206
2014-05-07,0.0058720400017308
2014-05-08,-0.001065141267661
2014-05-09,0.0014908640741451
2014-05-12,0.0096889524193117
2014-05-13,0.0008953966509186
2014-05-14,-0.0047491469406601
2014-05-15,-0.0088190748489766
2014-05-16,0.0034625639099159
2014-05-19,0.0036625345528009
2014-05-20,-0.0063249428979856
2014-05-21,0.0083891423179927
2014-05-22,0.0024291913804135
2014-05-23,0.0040006883952006
2014-05-27,0.0061277492246281
2014-05-28,-0.0007312582530142
2014-05-29,0.005159569670869
2014-05-30,0.001610168213985
2014-06-02,0.0011411445211815
2014-06-03,-0.0005184902657909
2014-06-04,0.0020207752367304
2014-06-05,0.006500871665655
2014-06-06,0.0047713603087089
2014-06-09,0.0010231070301474
2014-06-10,0.0001022765584774
2014-06-11,-0.0034825802233566
2014-06-12,-0.0071050338184486
2014-06-13,0.0030438881265871
2014-06-16,0.0008237908095477
2014-06-17,0.0027755391568991
2014-06-18,0.0073128899331152
2014-06-19,0.0011203404246319
2014-06-20,-0.0027521208372956
2014-06-23,-0.0003062506147779
2014-06-24,-0.006042355057687
2014-06-25,0.0045096155423069
2014-06-26,-0.0007160728049762
2014-06-27,0.0019424678874069
2014-06-30,-0.0005108346708272
2014-07-01,0.0066709225544473
2014-07-02,0.0010145435407266
2014-07-03,0.0049060677454382
2014-07-07,-0.0034874183398368
2014-07-08,-0.0064507602163805
2014-07-09,0.0044742276320883
2014-07-10,-0.0039648239618942
2014-07-11,0.0013742426112776
2014-07-14,0.0050227419782275
2014-07-15,-0.0018742774489199
2014-07-16,0.0036944852458726
2014-07-17,-0.0114310179768971
2014-07-18,0.010167338522886
2014-07-21,-0.0018732336732847
2014-07-22,0.0043484956268615
2014-07-23,0.0022175316287371
2014-07-24,5.0313408376554216e-05
2014-07-25,-0.0046925569229792
2014-07-28,0.0004045400044576
2014-07-29,-0.0043065606952886
2014-07-30,0.0001523051299094
2014-07-31,-0.0199457965631037
2014-08-01,-0.0030602287607924
2014-08-04,0.0071948310671478
2014-08-05,-0.0097435593989014
2014-08-06,0.0003125016537444
2014-08-07,-0.0054294496643815
2014-08-08,0.011502490727398
2014-08-11,0.0028937470907637
2014-08-12,-0.0013941822989154
2014-08-13,0.0067461572381771
2014-08-14,0.0047107009308367
2014-08-15,-0.0002043184157985
2014-08-18,0.0083444026557711
2014-08-19,0.0052053119644757
2014-08-20,0.0026679373634005
2014-08-21,0.0029115116883607
2014-08-22,-0.0015550809860649
2014-08-25,0.0050576962937214
2014-08-26,0.0006491642961786
2014-08-27,-0.0003994299852845
2014-08-28,-0.0005494673357816
2014-08-29,0.0028439950093005
2014-09-02,-0.0004983858455123
2014-09-03,-0.0005484810298512
2014-09-04,-0.0014473975288912
2014-09-05,0.0044851758636929
2014-09-08,-0.002589019501509
2014-09-09,-0.0063513954206829
2014-09-10,0.0037557317613714
2014-09-11,0.0011489159871027
2014-09-12,-0.0058583556163964
2014-09-15,-0.0007536066019086
2014-09-16,0.0075101741471974
2014-09-17,0.001345882990271
2014-09-18,0.005315894500358
2014-09-19,-0.0055650067305062
2014-09-22,-0.0077529616169014
2014-09-23,-0.0057407722519702
2014-09-24,0.0077974240310394
2014-09-25,-0.0162670991463916
2014-09-26,0.0079139901546076
2014-09-29,-0.0018207602745066
2014-09-30,-0.0026357933796497
2014-10-01,-0.0136445794099558
2014-10-02,0.0001543424922624
2014-10-03,0.0109491978457814
2014-10-06,-0.0011711056950984
2014-10-07,-0.0155567191984766
2014-10-08,0.0173382385663582
2014-10-09,-0.020032483790296
2014-10-10,-0.0114800478808912
2014-10-13,-0.0165633613284164
2014-10-14,0.0015461776195463
2014-10-15,-0.0067891331130906
2014-10-16,-0.0008585372388379
2014-10-17,0.0117415925236104
2014-10-20,0.0096629408332201
2014-10-21,0.0196171661254243
2014-10-22,-0.0071362638561553
2014-10-23,0.0115577895765337
2014-10-24,0.0076656142750548
2014-10-27,-0.0013754250426856
2014-10-28,0.0114049438468231
2014-10-29,-0.0015131801965537
2014-10-30,0.0063901410174316
2014-10-31,0.0113705530403503
2014-11-03,0.0005453268766036
2014-11-04,-0.0034753134377244
2014-11-05,0.0062962901151845
2014-11-06,0.003995159710403
2014-11-07,0.000934844447875
2014-11-10,0.0031424920396511
2014-11-11,0.0009799929926043
2014-11-12,-0.0010779927649643
2014-11-13,0.0011270157869625
2014-11-14,0.0002448549373758
2014-11-17,0.0006362527995617
2014-11-18,0.0057572755622552
2014-11-19,-0.0016067478083489
2014-11-20,0.0017526811092214
2014-11-21,0.0053364064899511
2014-11-24,0.0028023492708348
2014-11-25,-0.0007239612172844
2014-11-26,0.0025557519845063
2014-11-28,-0.0021213123627911
2014-12-01,-0.0069740813044609
2014-12-02,0.0064430493475267
2014-12-03,0.0038556270232549
2014-12-04,-0.0011069462126581
2014-12-05,0.0016359351908886
2014-12-08,-0.0067051185224774
2014-12-09,-0.0006778318697984
2014-12-10,-0.0161612653502579
2014-12-11,0.0050570809327008
2014-12-12,-0.0162934533556646
2014-12-15,-0.0068931586821277
2014-12-16,-0.0080519324468908
2014-12-17,0.0194151189994348
2014-12-18,0.0244279008489196
2014-12-19,-0.0012581395558283
2014-12-22,0.0045894760894775
2014-12-23,0.001348676946752
2014-12-24,9.628548455284292e-05
2014-12-26,0.0032195225336564
2014-12-29,0.0013424049232263
2014-12-30,-0.0053804659848956
2014-12-31,-0.0099725511596993
2015-01-02,-0.0005353218810906
2015-01-05,-0.0182247043913098
2015-01-06,-0.0094636053010431
2015-01-07,0.0123841644627182
2015-01-08,0.0175894219689644
2015-01-09,-0.0080458506505245
2015-01-12,-0.007864410784303
2015-01-13,-0.0028166552925896
2015-01-14,-0.0060555166593352
2015-01-15,-0.0092028073493731
2015-01-16,0.013029015212169
2015-01-20,0.002130312050325
2015-01-21,0.0050353281786086
2015-01-22,0.0147615184151395
2015-01-23,-0.0054978845891959
2015-01-26,0.0023390475538439
2015-01-27,-0.0132782834265244
2015-01-28,-0.0129072784361902
2015-01-29,0.0092010998078397
2015-01-30,-0.0126546553699775
2015-02-02,0.0123080072340807
2015-02-03,0.014357598431818
2015-02-04,-0.0038151124334475
2015-02-05,0.0100444434878492
2015-02-06,-0.0027691715801715
2015-02-09,-0.0044858339942756
2015-02-10,0.0105969913631139
2015-02-11,0.0005800508695519
2015-02-12,0.0095708583746475
2015-02-13,0.0041079619107737
2015-02-17,0.0015718492913825
2015-02-18,9.520403681022816e-05
2015-02-19,-0.0007141423028772
2015-02-20,0.0059826861033013
2015-02-23,-0.0001420228594175
2015-02-24,0.0028367038958204
2015-02-25,-0.0008501449347451
2015-02-26,-0.0011820052638732
2015-02-27,-0.0034120078885146
2015-03-02,0.0062936528681578
2015-03-03,-0.004112460593604
2015-03-04,-0.0042245199126899
2015-03-05,0.001093494059343
2015-03-06,-0.0141643035428305
2015-03-09,0.0041360161355503
2015-03-10,-0.0163549632461929
2015-03-11,-0.0023444170772539
2015-03-12,0.0126338223900269
2015-03-13,-0.0061512036060179
2015-03-16,0.0132720752048698
2015-03-17,-0.0029768836718046
2015-03-18,0.0119498574136527
2015-03-19,-0.004571903851391
2015-03-20,0.0043342862936639
2015-03-23,-0.0019504949383876
2015-03-24,-0.0056348587811885
2015-03-25,-0.014762257583974
2015-03-26,-0.0023842078093592
2015-03-27,0.0022870558594804
2015-03-30,0.0121260186445249
2015-03-31,-0.0087779446448534
2015-04-01,-0.0035425545791513
2015-04-02,0.0035910432838057
2015-04-06,0.0067106215345768
2015-04-07,-0.002649916276626
2015-04-08,0.0033713703247297
2015-04-09,0.0044137386556823
2015-04-10,0.0054423174598343
2015-04-13,-0.0045331930361311
2015-04-14,0.001911267978839
2015-04-15,0.0044769896969102
2015-04-16,-0.0002851595092242
2015-04-17,-0.0115702104218641
2015-04-20,0.0090953673512544
2015-04-21,-0.0011920372980215
2015-04-22,0.0049020813124959
2015-04-23,0.0025130944190238
2015-04-24,0.0023177808309216
2015-04-27,-0.004166426309473
2015-04-28,0.0031737700229195
2015-04-29,-0.0041231076493404
2015-04-30,-0.0100709656751044
2015-05-01,0.0107830352698247
2015-05-04,0.0028433631675065
2015-05-05,-0.0115179676103716
2015-05-06,-0.0041253027122463
2015-05-07,0.0039816888570755
2015-05-08,0.0130801649125774
2015-05-11,-0.004784105551113
2015-05-12,-0.0029958171116046
2015-05-13,0.0001905168811565
2015-05-14,0.0103735974398415
2015-05-15,0.0010832249856105
2015-05-18,0.0031019606997134
2015-05-19,-0.0003285726142088
2015-05-20,-0.0007043455255603
2015-05-21,0.0029081830623212
2015-05-22,-0.0023915906274571
2015-05-26,-0.0108099357149792
2015-05-27,0.009447401532239
2015-05-28,-0.0011289409059975
2015-05-29,-0.0062323492816789
2015-06-01,0.0020345299428383
2015-06-02,-0.000993103951894
2015-06-03,0.0026459926617536
2015-06-04,-0.0084824262808209
2015-06-05,-0.0017146972646251
2015-06-08,-0.0061686198949076
2015-06-09,-0.0001439031965827
2015-06-10,0.0119219344170454
2015-06-11,0.0032183658411521
2015-06-12,-0.0076843674701063
2015-06-15,-0.0042946902571434
2015-06-16,0.005436866635543
2015-06-17,0.0016157989488703
2015-06-18,0.0103456645493661
2015-06-19,-0.0093015200601521
2015-06-22,0.0051100269172874
2015-06-23,0.000707635247965
2015-06-24,-0.0072892513339581
2015-06-25,-0.0030450084842962
2015-06-26,-0.0001905894276484
2015-06-29,-0.0211934003865449
2015-06-30,0.0020911230422734
2015-07-01,0.007983561804533
2015-07-02,-0.0009160939023287
2015-07-06,-0.0028500192690832
2015-07-07,0.0062690229643484
2015-07-08,-0.0169195914419475
2015-07-09,0.001807367435334
2015-07-10,0.012512903433965
2015-07-13,0.0109767838870159
2015-07-14,0.0043286470724698
2015-07-15,-0.0003322749991173
2015-07-16,0.0079922982325428
2015-07-17,0.000847463096525
2015-07-20,0.0005175647063325
2015-07-21,-0.0039590773546466
2015-07-22,-0.0017962043362016
2015-07-23,-0.0056458576058752
2015-07-24,-0.0104261918887688
2015-07-27,-0.005834326602727
2015-07-28,0.0122082097550534
2015-07-29,0.0068555489660371
2015-07-30,0.0002372117489355
2015-07-31,-0.001519070446181
2015-08-03,-0.0033786547413504
2015-08-04,-0.0019561921695385
2015-08-05,0.0032900371616514
2015-08-06,-0.0082214562102052
2015-08-07,-0.0019217356495132
2015-08-10,0.0125205226797806
2015-08-11,-0.0090641262228497
2015-08-12,0.0011973468333049
2015-08-13,-0.0012452442132871
2015-08-14,0.0036356455254305
2015-08-17,0.0055713016860684
2015-08-18,-0.0029008300621226
2015-08-19,-0.0079368735611012
2015-08-20,-0.021102463987507
2015-08-21,-0.0305648448954985
2015-08-24,-0.0430190607732173
2015-08-25,-0.0118375759356201
2015-08-26,0.0376750723203473
2015-08-27,0.0244341895778471
2015-08-28,5.015434330204552e-05
2015-08-31,-0.0081119004977086
2015-09-01,-0.0303022047661354
2015-09-02,0.0188031745479834
2015-09-03,0.0007161826950495
2015-09-04,-0.0152525588864801
2015-09-08,0.0248204961172703
2015-09-09,-0.0134620333170384
2015-09-10,0.005427070554778
2015-09-11,0.004533996729467
2015-09-14,-0.003717437693277
2015-09-15,0.0124219520036546
2015-09-16,0.0086293228867871
2015-09-17,-0.0022504921168103
2015-09-18,-0.0216618564609414
2015-09-21,0.0051543057959865
2015-09-22,-0.0130647296408022
2015-09-23,-0.0015999464112404
2015-09-24,-0.0036223180980444
2015-09-25,-0.0002591719675881
2015-09-28,-0.0254175926159776
2015-09-29,0.0005849074337178
2015-09-30,0.018486423839814
2015-10-01,0.0026057966968957
2015-10-02,0.0148273069060295
2015-10-05,0.0176384027909878
2015-10-06,-0.003432133505839
2015-10-07,0.0081571972374271
2015-10-08,0.008986147060895
2015-10-09,0.0005961897858329
2015-10-12,0.0009432913124797
2015-10-13,-0.0063220672970616
2015-10-14,-0.0048055692921413
2015-10-15,0.0152378848287079
2015-10-16,0.0045362641044849
2015-10-19,0.0004917905119611
2015-10-20,-0.0012792488930573
2015-10-21,-0.0062228296715968
2015-10-22,0.0167525639187605
2015-10-23,0.0109020633532108
2015-10-26,-0.0024607115434295
2015-10-27,-0.0019342070371613
2015-10-28,0.0113103880605104
2015-10-29,-0.0005744416718742
2015-10-30,-0.0043190832432861
2015-11-02,0.0117614989423226
2015-11-03,0.0028951851601861
2015-11-04,-0.0030377818534609
2015-11-05,-0.0009988192150948
2015-11-06,-0.0005235756025601
2015-11-09,-0.0093753268647913
2015-11-10,0.0023041279790732
2015-11-11,-0.0039394336770716
2015-11-12,-0.0140581555257129
2015-11-13,-0.0112918039606612
2015-11-16,0.0150924166120076
2015-11-17,-0.000729737548842
2015-11-18,0.0157414864700229
2015-11-19,-0.0008626950128019
2015-11-20,0.0036375596790128
2015-11-23,-0.0011472358042738
2015-11-24,0.0013383624688403
2015-11-25,-0.0001433051252111
2015-11-27,0.0011458663953237
2015-11-30,-0.004160173924404
2015-12-01,0.0094904508850662
2015-12-02,-0.0102574499238718
2015-12-03,-0.0141017364276534
2015-12-04,0.0193151709493908
2015-12-07,-0.006076957285399
2015-12-08,-0.0067421837146054
2015-12-09,-0.0078100794119386
2015-12-10,0.0025777538668264
2015-12-11,-0.0195713922445069
2015-12-14,0.0050397310916019
2015-12-15,0.0104430871908064
2015-12-16,0.0145259902611953
2015-12-17,-0.0153554722146247
2015-12-18,-0.0239094390792095
2015-12-21,0.008215306163752
2015-12-22,0.0090333158103591
2015-12-23,0.0123072673109855
2015-12-24,-0.001651744845778
2015-12-28,-0.0022876495781282
2015-12-29,0.0106153885969817
2015-12-30,-0.0071129967160004
2015-12-31,-0.0100537577922811
2016-01-04,-0.0140780850079259
2016-01-05,0.0016899270077032
2016-01-06,-0.0126944242357674
2016-01-07,-0.0242840560808666
2016-01-08,-0.0110372645508516
2016-01-11,0.0009895188267248
2016-01-12,0.008035935275933
2016-01-13,-0.02525691400305
2016-01-14,0.0162835349665719
2016-01-15,-0.0216998835633956
2016-01-19,0.0013302473733657
2016-01-20,-0.0128979001202464
2016-01-21,0.0055863525799393
2016-01-22,0.0203076980313579
2016-01-25,-0.0152319681504437
2016-01-26,0.0135509038588184
2016-01-27,-0.0109428948887975
2016-01-28,0.0051956203891779
2016-01-29,0.0240849642697308
2016-02-01,-0.0003614493939301
2016-02-02,-0.0181865321324961
2016-02-03,0.0059770500889592
2016-02-04,0.0015670049933292
2016-02-05,-0.0192339436191549
2016-02-08,-0.0135524414694514
2016-02-09,5.390053706405582e-05
2016-02-10,-0.0008631692180783
2016-02-11,-0.0130934075485598
2016-02-12,0.0204072372840126
2016-02-16,0.0167374267553103
2016-02-17,0.0162027590747905
2016-02-18,-0.0041042660539315
2016-02-19,-0.0004686211064889
2016-02-22,0.014375338238185
2016-02-23,-0.0127100208356243
2016-02-24,0.0045652165522275
2016-02-25,0.0120390217599483
2016-02-26,-0.0023039559647323
2016-02-29,-0.0078734424658433
2016-03-01,0.0232349057551651
2016-03-02,0.004482389657385
2016-03-03,0.0039119302692744
2016-03-04,0.0032482670692009
2016-03-07,0.0007979835169487
2016-03-08,-0.010977841492832
2016-03-09,0.0049274119974548
2016-03-10,0.0008021077540981
2016-03-11,0.0160083026735597
2016-03-14,-0.001283099965603
2016-03-15,-0.0016309679773635
2016-03-16,0.005770518268001
2016-03-17,0.006324057359171
2016-03-18,-0.0012224641214868
2016-03-21,0.0014178869700667
2016-03-22,-0.0005375979969664
2016-03-23,-0.0066213589171056
2016-03-24,-0.0004430467735408
2016-03-28,0.0005906603961285
2016-03-29,0.0092075761741437
2016-03-30,0.0043781222659935
2016-03-31,-0.0024298986034664
2016-04-01,0.0067888626960507
2016-04-04,-0.0032432110714291
2016-04-05,-0.0100380803233054
2016-04-06,0.0108619743757728
2016-04-07,-0.0120380684669549
2016-04-08,0.0026931246825536
2016-04-11,-0.0023499262871009
2016-04-12,0.0092696857599926
2016-04-13,0.0100503447455696
2016-04-14,4.804935924526134e-05
2016-04-15,-0.0011063072931567
2016-04-18,0.007002122987938
2016-04-19,0.0031492529930353
2016-04-20,0.0009524391531007
2016-04-21,-0.0053929300679508
2016-04-22,0.0
2016-04-25,-0.0017242238515329
2016-04-26,0.0014849118217189
2016-04-27,0.0020561268160365
2016-04-28,-0.009117189551687
2016-04-29,-0.0054134943965281
2016-05-02,0.0079170067279039
2016-05-03,-0.0087412602918985
2016-05-04,-0.0055938524656744
2016-05-05,-0.0001950987203105
2016-05-06,0.0036523939189663
2016-05-09,0.0008260157836741
2016-05-10,0.0123571470623683
2016-05-11,-0.0093987772854794
2016-05-12,0.0002905028778884
2016-05-13,-0.0087523805169236
2016-05-16,0.009816885493104
2016-05-17,-0.0093773864672285
2016-05-18,0.0002928424326074
2016-05-19,-0.0034709854349154
2016-05-20,0.0062975068981848
2016-05-23,-0.0013635199140756
2016-05-24,0.012878983047929
2016-05-25,0.0067602016183051
2016-05-26,0.0002866444971781
2016-05-27,0.0042900544911671
2016-05-31,-0.0019044433176034
2016-06-01,0.0020471213925653
2016-06-02,0.0030390800616271
2016-06-03,-0.0029915494147823
2016-06-06,0.0050755857453942
2016-06-07,0.0015601098747064
2016-06-08,0.0032543476959841
2016-06-09,-0.0013664428476379
2016-06-10,-0.0095227272413637
2016-06-13,-0.0077416536866318
2016-06-14,-0.001968853053697
2016-06-15,-0.0013949028973121
2016-06-16,0.0029798884131752
2016-06-17,-0.0089180414494048
2016-06-20,0.0064194143643197
2016-06-21,0.0028345466901189
2016-06-22,-0.0016324790244543
2016-06-23,0.0129384795618291
2016-06-24,-0.0365696685376438
2016-06-27,-0.0180721792973992
2016-06-28,0.0178753062297348
2016-06-29,0.0168842478208309
2016-06-30,0.0135533005090668
2016-07-01,0.0020982480173619
2016-07-05,-0.0072191860885355
2016-07-06,0.0059798775467645
2016-07-07,-0.0006202671162166
2016-07-08,0.0147806716223703
2016-07-11,0.0035207172688849
2016-07-12,0.0072371184784054
2016-07-13,-0.0001395714038491
2016-07-14,0.0055679290418858
2016-07-15,-0.0013427171281419
2016-07-18,0.0026837042929593
2016-07-19,-0.0010171115883743
2016-07-20,0.0041543352723339
2016-07-21,-0.0037843503917657
2016-07-22,0.0044751116129835
2016-07-25,-0.0027196384391192
2016-07-26,0.0004614956469725
2016-07-27,-0.0010616739994665
2016-07-28,0.0011539616552978
2016-07-29,0.0016132702810723
2016-08-01,-0.0008293447316518
2016-08-02,-0.0064279135147553
2016-08-03,0.0029184447567219
2016-08-04,0.0010634134397508
2016-08-05,0.008145603052374
2016-08-08,-0.00059596831554
2016-08-09,0.00059596831554
2016-08-10,-0.0024780577866787
2016-08-11,0.0046299311310669
2016-08-12,-0.0008692877962789
2016-08-15,0.0028796254369327
2016-08-16,-0.0051709970669315
2016-08-17,0.0018792589198994
2016-08-18,0.0022414093410686
2016-08-19,-0.0014632253579312
2016-08-22,-4.573412505607312e-05
2016-08-23,0.0020114404103152
2016-08-24,-0.0051279591258945
2016-08-25,-0.000688826358185
2016-08-26,-0.0018851182451652
2016-08-29,0.0049122437315624
2016-08-30,-0.0016500169196297
2016-08-31,-0.0028480661919428
2016-09-01,4.597606430745329e-05
2016-09-02,0.0044978767765507
2016-09-06,0.0030178517248761
2016-09-07,-9.133537020113622e-05
2016-09-08,-0.0022856108530928
2016-09-09,-0.0242259042326649
2016-09-12,0.0142453765676567
2016-09-13,-0.0144798519733021
2016-09-14,-0.0003752607248949
2016-09-15,0.0099433861719646
2016-09-16,-0.0089117757158042
2016-09-19,0.0001874902533084
2016-09-20,4.683132298528012e-05
2016-09-21,0.0111827142634522
2016-09-22,0.0062817081922799
2016-09-23,-0.0054943333159133
2016-09-26,-0.0081352281655567
2016-09-27,0.0061888091783018
2016-09-28,0.0049512701451568
2016-09-29,-0.009088473714841
2016-09-30,0.0075178338762104
2016-10-03,-0.0024069826018969
2016-10-04,-0.0051108512743136
2016-10-05,0.0044154853752615
2016-10-06,0.0006953658990521
2016-10-07,-0.003435338352725
2016-10-10,0.0051948650402456
2016-10-11,-0.0127100154147988
2016-10-12,0.0013111114791328
2016-10-13,-0.0032809000419824
2016-10-14,0.0005162772650287
2016-10-17,-0.0034782184743058
2016-10-18,0.0062428412512597
2016-10-19,0.0026635780981098
2016-10-20,-0.0018684324057799
2016-10-21,0.0004673998336103
2016-10-24,0.0042437337103484
2016-10-25,-0.0033561828212316
2016-10-26,-0.0020097348359744
2016-10-27,-0.002670387941508
2016-10-28,-0.0029597864996322
2016-10-31,4.709480680828749e-05
2016-11-01,-0.007271769477388
2016-11-02,-0.0060368050886369
2016-11-03,-0.004587634463296
2016-11-04,-0.0011022248571398
2016-11-07,0.0218172793002083
2016-11-08,0.004493789925349
2016-11-09,0.0105462393236107
2016-11-10,0.0024924697063666
2016-11-11,-0.002307657848859
2016-11-14,0.0007851928585295
2016-11-15,0.0077724881842799
2016-11-16,-0.0018801044990033
2016-11-17,0.0051275595309297
2016-11-18,-0.0022400772219399
2016-11-21,0.0075230899417677
2016-11-22,0.0019513447016792
2016-11-23,0.0005438502559692
2016-11-25,0.0037085987146661
2016-11-28,-0.0047059297024315
2016-11-29,0.0019484268841791
2016-11-30,-0.002402044115512
2016-12-01,-0.0036822295776166
2016-12-02,0.0005007870409156
2016-12-05,0.0059907928384908
2016-12-06,0.0031624013392542
2016-12-07,0.0129959666223825
2016-12-08,0.0024457501595268
2016-12-09,0.0060222501686504
2016-12-12,-0.0011484872275314
2016-12-13,0.0066518362715338
2016-12-14,-0.0082885124300907
2016-12-15,0.0041087454067625
2016-12-16,-0.0078345174807461
2016-12-19,0.0021750480279245
2016-12-20,0.0038501369946166
2016-12-21,-0.0027865184962017
2016-12-22,-0.0017289126848319
2016-12-23,0.0014631310002082
2016-12-27,0.0024779761561614
2016-12-28,-0.0082988488960988
2016-12-29,-0.000222786821952
2016-12-30,-0.0036617318546013
2017-01-03,0.0076208970017462
2017-01-04,0.0059315667521487
2017-01-05,-0.0007947721565786
2017-01-06,0.0035714101420465
2017-01-09,-0.0033063709791562
2017-01-10,0.0
2017-01-11,0.0028221174544804
2017-01-12,-0.002513094892667
2017-01-13,0.0022928898901267
2017-01-17,-0.003529688404831
2017-01-18,0.0022075064152105
2017-01-19,-0.0037113829156359
2017-01-20,0.0036673047365514
2017-01-23,-0.0026055418811031
2017-01-24,0.0063912601339696
2017-01-25,0.0086182967225275
2017-01-26,-0.0010460035313087
2017-01-27,-0.0015710263233611
2017-01-30,-0.0062209880628622
2017-01-31,-8.79154100085011e-05
2017-02-01,0.0003954579381317
2017-02-02,0.0006588162274107
2017-02-03,0.0068692360125648
2017-02-06,-0.0017893546657388
2017-02-07,4.372317790355026e-05
2017-02-08,0.001309542491752
2017-02-09,0.005915120656897
2017-02-10,0.0039384111071397
2017-02-13,0.0054278145187526
2017-02-14,0.0039873685575423
2017-02-15,0.0052067943735727
2017-02-16,-0.0008517032645937
2017-02-17,0.0015750843771027
2017-02-21,0.0059375429953654
2017-02-22,-0.0008884096951246
2017-02-23,0.0006769490091659
2017-02-24,0.0012680294472507
2017-02-27,0.0015616553239042
2017-02-28,-0.0027028158992564
2017-03-01,0.0139004760348199
2017-03-02,-0.006317328810846
2017-03-03,0.0006293142321694
2017-03-06,-0.0029823450487956
2017-03-07,-0.0029913304259744
2017-03-08,-0.0018582759113619
2017-03-09,0.0012673866464249
2017-03-10,0.003498062046454
2017-03-13,0.0005047113343205
2017-03-14,-0.0038339398503309
2017-03-15,0.0086162268519961
2017-03-16,-0.001968880798203
2017-03-17,-0.0060987212016737
2017-03-20,-0.0010974864130761
2017-03-21,-0.0129226391082766
2017-03-22,0.0023503912797317
2017-03-23,-0.001067668958816
2017-03-24,-0.0007266587302462
2017-03-27,-0.0010268054951853
2017-03-28,0.0072504782938721
2017-03-29,0.0009344007884925
2017-03-30,0.0031791138885483
2017-03-31,-0.002330309697588
2017-04-03,-0.0017407339005489
2017-04-04,0.0006371738167705
2017-04-05,-0.0029770657654076
2017-04-06,0.0028072140437375
2017-04-07,-0.0010199112454537
2017-04-10,0.0005950584255413
2017-04-11,-0.0011904711564552
2017-04-12,-0.0043914832660768
2017-04-13,-0.006516095822653
2017-04-17,0.0088208707988864
2017-04-18,-0.0029886974828944
2017-04-19,-0.001840289312795
2017-04-20,0.0081061662419882
2017-04-21,-0.0031919675206105
2017-04-24,0.01093788190213
2017-04-25,0.0058017688986924
2017-04-26,-0.0006290351658648
2017-04-27,0.0008386256551509
2017-04-28,-0.0021817759087013
2017-05-01,0.0025169526318786
2017-05-02,0.0003770514119653
2017-05-03,-0.0012153319250617
2017-05-04,0.0011734088389643
2017-05-05,0.0039292884153711
2017-05-08,-0.0001668611739598
2017-05-09,-0.0009183937940459
2017-05-10,0.0017942158240993
2017-05-11,-0.0020448217218897
2017-05-12,-0.0016724192992643
2017-05-15,0.0055083068984998
2017-05-16,-0.000915946683242
2017-05-17,-0.0179033755519231
2017-05-18,0.0040203906326405
2017-05-19,0.0064831130509257
2017-05-22,0.0050646016183066
2017-05-23,0.0022103091810445
2017-05-24,0.002330120283364
2017-05-25,0.004768107829548
2017-05-26,-0.0002067875691177
2017-05-30,-0.0008692151411252
2017-05-31,-0.0002484679612337
2017-06-01,0.0079208258876082
2017-06-02,0.0033228654889601
2017-06-05,-0.0007374331472786
2017-06-06,-0.0032019680877317
2017-06-07,0.0018485306828973
2017-06-08,0.0004923482644446
2017-06-09,-0.0015188948314465
2017-06-12,-0.0002054483698453
2017-06-13,0.0048779684454392
2017-06-14,-0.0012684285469737
2017-06-15,-0.0019261955968753
2017-06-16,-0.0046463144557279
2017-06-19,0.0082906457220633
2017-06-20,-0.0067669344344192
2017-06-21,-0.0002469238618551
2017-06-22,-0.0004528731087584
2017-06-23,0.0011935246151813
2017-06-26,0.0006578200308041
2017-06-27,-0.0080888207730104
2017-06-28,0.0089105974227855
2017-06-29,-0.0088277090820897
2017-06-30,0.0018627634061266
2017-07-03,0.0016941953757414
2017-07-05,0.0023093644883827
2017-07-06,-0.0091865298337697
2017-07-07,0.006464190025662
2017-07-10,0.0010732931559087
2017-07-11,-0.0007429118580426
2017-07-12,0.0074866333923342
2017-07-13,0.001678863970518
2017-07-14,0.00465325709867
2017-07-17,-0.0001221722273224
2017-07-18,0.0005293466284006
2017-07-19,0.0053993912006999
2017-07-20,0.0004452654762783
2017-07-21,-0.0008907293022224
2017-07-24,-0.0002430526935614
2017-07-25,0.002427934334723
2017-07-26,4.039408718685109e-05
2017-07-27,-0.0009299708830424
2017-07-28,-0.0011738006479158
2017-07-31,-0.0005671665497943
2017-08-01,0.0022263282641812
2017-08-02,0.0004850639387654
2017-08-03,-0.001941730863519
2017-08-04,0.001820486935203
2017-08-07,0.0018575011648817
2017-08-08,-0.0024640031174037
2017-08-09,-4.042185981409467e-05
2017-08-10,-0.0142158583605012
2017-08-11,0.0014757755322839
2017-08-14,0.0098643372164041
2017-08-15,-0.0001216865635395
2017-08-16,0.0017428636987663
2017-08-17,-0.0157136719503209
2017-08-18,-0.001564387398651
2017-08-21,0.0007824682031745
2017-08-22,0.0104027172455129
2017-08-23,-0.0035918605262235
2017-08-24,-0.0023334042390436
2017-08-25,0.0023334042390438
2017-08-28,4.0928855422689685e-05
2017-08-29,0.0011442066207465
2017-08-30,0.004726360107737
2017-08-31,0.0059980361639407
2017-09-01,0.0014131625448807
2017-09-05,-0.0072079631824281
2017-09-06,0.0034079729205083
2017-09-07,-0.000121509123686
2017-09-08,-0.001175370640639
2017-09-11,0.0106094495934801
2017-09-12,0.0033649686098124
2017-09-13,0.0004797693782589
2017-09-14,-0.0003198410131337
2017-09-15,-0.0036051709400428
2017-09-18,0.0021246275872453
2017-09-19,0.001000620463238
2017-09-20,0.0003599637585029
2017-09-21,-0.0026829455398431
2017-09-22,0.0002004813332869
2017-09-25,-0.0020467120760038
2017-09-26,0.0006024343345111
2017-09-27,0.0038867727139802
2017-09-28,0.0011990530863811
2017-09-29,0.0035088740527715
2017-10-02,0.0043293150335718
2017-10-03,0.0021378260553165
2017-10-04,0.0011857360751527
2017-10-05,0.0059076221529796
2017-10-06,-0.0011394557373643
2017-10-09,-0.0016524955582182
2017-10-10,0.0026348332265438
2017-10-11,0.0015697717521929
2017-10-12,-0.0014912096319125
2017-10-13,0.0012166549542219
2017-10-16,0.0013326920457795
2017-10-17,0.0007048631214624
2017-10-18,0.0009781099737367
2017-10-19,0.0002736684194568
2017-10-20,0.0051471828218862
2017-10-23,-0.0038969694190213
2017-10-24,0.0017555633745319
2017-10-25,-0.0049624182920528
2017-10-26,0.0012918200248079
2017-10-27,0.0081429409583787
2017-10-30,-0.0037320397514387
2017-10-31,0.0015566996770224
2017-11-01,0.0013212979863173
2017-11-02,0.0003883129120887
2017-11-03,0.0033331394896447
2017-11-06,0.0015464680535225
2017-11-07,-0.0006955969865738
2017-11-08,0.0016994554859494
2017-11-09,-0.0036342907541265
2017-11-10,-0.0003099875604187
2017-11-13,0.000929438285091
2017-11-14,-0.0023252174518338
2017-11-15,-0.0050178393059145
2017-11-16,0.0084650553480102
2017-11-17,-0.0029430388124721
2017-11-20,0.0017049076676969
2017-11-21,0.006521478333189
2017-11-22,-0.0008849657864718
2017-11-24,0.0023070670525534
2017-11-27,-0.0004993348656304
2017-11-28,0.0100936972436717
2017-11-29,-0.0006088651438038
2017-11-30,0.0087168682971437
2017-12-01,-0.0020776191554762
2017-12-04,-0.0012106577450937
2017-12-05,-0.0036031069881391
2017-12-06,0.0001899124055029
2017-12-07,0.0031481207607982
2017-12-08,0.0054382942858344
2017-12-11,0.0030084930440527
2017-12-12,0.0017633095564034
2017-12-13,-0.0001124539553432
2017-12-14,-0.0040945806925572
2017-12-15,0.0031944935073848
2017-12-18,0.0063212133655446
2017-12-19,-0.0038478061930676
2017-12-20,-0.0005242031016257
2017-12-21,0.0020575297958002
2017-12-22,-0.0002615515428001
2017-12-26,-0.0011969603707487
2017-12-27,0.0004864450917694
2017-12-28,0.0020552999273804
2017-12-29,-0.0037776485465138
2018-01-02,0.0071318329788483
2018-01-03,0.0063052365179003
2018-01-04,0.0042059690069378
2018-01-05,0.0066419636880151
2018-01-08,0.0018270183598876
2018-01-09,0.0022608589740006
2018-01-10,-0.0015310520430786
2018-01-11,0.0072695872466731
2018-01-12,0.0064978146562863
2018-01-16,-0.0034241493275315
2018-01-17,0.0094865212300141
2018-01-18,-0.001682222152858
2018-01-19,0.0045393303649158
2018-01-22,0.0080980686006716
2018-01-23,0.0021202385831359
2018-01-24,-0.0003884261136045
2018-01-25,0.0004236517551174
2018-01-26,0.0115113186855953
2018-01-29,-0.0066519657301869
2018-01-30,-0.0103100372959008
2018-01-31,0.0004966970614477
2018-02-01,-0.0011358251214389
2018-02-02,-0.0220103831118666
2018-02-05,-0.0427222795137356
2018-02-06,0.0195106636605779
2018-02-07,-0.0054396237157624
2018-02-08,-0.0382304626370488
2018-02-09,0.0149098174755357
2018-02-12,0.01457772518222
2018-02-13,0.0024843000945013
2018-02-14,0.0134059639964017
2018-02-15,0.0126794020083244
2018-02-16,0.0002929160111389
2018-02-20,-0.0062808658857994
2018-02-21,-0.0049866430757215
2018-02-22,0.0012952397605923
2018-02-23,0.0158136430858693
2018-02-26,0.0115453501029603
2018-02-27,-0.012565122152541
2018-02-28,-0.0101817421036995
2018-03-01,-0.0146474544032504
2018-03-02,0.0051416871290422
2018-03-05,0.0114916775641234
2018-03-06,0.0025317951848754
2018-03-07,-0.0003665509803327
2018-03-08,0.0048274205525346
2018-03-09,0.0172526803267306
2018-03-12,-0.0012558752739862
2018-03-13,-0.0064836615887192
2018-03-14,-0.0051448012325149
2018-03-15,-0.0010902701411566
2018-03-16,-0.0029132860196447
2018-03-19,-0.0136227187239158
2018-03-20,0.0016992541418195
2018-03-21,-0.0019210893881974
2018-03-22,-0.0253148855056825
2018-03-23,-0.0215450548811222
2018-03-26,0.0269914616540063
2018-03-27,-0.0171580908320782
2018-03-28,-0.0029591687796165
2018-03-29,0.012696669273593
2018-04-02,-0.0218209754023813
2018-04-03,0.012735537427426
2018-04-04,0.0106422861516522
2018-04-05,0.0078610270340266
2018-04-06,-0.0225379314760965
2018-04-09,0.0049162749823337
2018-04-10,0.0157752732413406
2018-04-11,-0.0052560447758964
2018-04-12,0.0081934529248047
2018-04-13,-0.0029374081489083
2018-04-16,0.0081881194996437
2018-04-17,0.0106416241909327
2018-04-18,0.0007399911570353
2018-04-19,-0.0055629868968322
2018-04-20,-0.0085155670396375
2018-04-23,-0.0001499607185859
2018-04-24,-0.0135588753215303
2018-04-25,0.002468598040236
2018-04-26,0.0101144111055069
2018-04-27,0.0009383152387381
2018-04-30,-0.0077202551328144
2018-05-01,0.0017752982142209
2018-05-02,-0.0067401470704881
2018-05-03,-0.0022061439922913
2018-05-04,0.0128633507881012
2018-05-07,0.0033775857153485
2018-05-08,0.0
2018-05-09,0.0096193520074343
2018-05-10,0.0093071622676122
2018-05-11,0.0030466633850676
2018-05-14,0.0004763566722254
2018-05-15,-0.0069107936554473
2018-05-16,0.0041962153027579
2018-05-17,-0.0008451280934807
2018-05-18,-0.0025031234696764
2018-05-21,0.0074904283151738
2018-05-22,-0.0027840224319636
2018-05-23,0.0027474055790976
2018-05-24,-0.0020506729982943
2018-05-25,-0.002385518768943
2018-05-29,-0.0115676770110784
2018-05-30,0.0132564631992183
2018-05-31,-0.0061447454778562
2018-06-01,0.0097698048931017
2018-06-04,0.0047401649119575
2018-06-05,0.0007273171485391
2018-06-06,0.0083257957610882
2018-06-07,-0.0001081485297337
2018-06-08,0.0029520049078657
2018-06-11,0.0013291249992136
2018-06-12,0.0012915832391962
2018-06-13,-0.003196033347797
2018-06-14,0.0025145935900984
2018-06-15,-0.0057568829444289
2018-06-18,-0.0020589410069597
2018-06-19,-0.0038401581926364
2018-06-20,0.0017045399875246
2018-06-21,-0.0062885687808555
2018-06-22,0.0018215605524504
2018-06-25,-0.0137063394723877
2018-06-26,0.0022115972772832
2018-06-27,-0.008318746370276
2018-06-28,0.0057012167078234
2018-06-29,0.0014386048230611
2018-07-02,0.0021356807072243
2018-07-03,-0.0035374474642797
2018-07-05,0.0081248642370268
2018-07-06,0.0084226632550794
2018-07-09,0.0089640607328216
2018-07-10,0.0035919579637339
2018-07-11,-0.0073413623987985
2018-07-12,0.0090251402876137
2018-07-13,0.0007871806047899
2018-07-16,-0.0008945664750428
2018-07-17,0.004037106955921
2018-07-18,0.0021013892624929
2018-07-19,-0.0037785578169255
2018-07-20,-0.0011435368899324
2018-07-23,0.0018576111890104
2018-07-24,0.0050194055319292
2018-07-25,0.0084864001934448
2018-07-26,-0.0023619061672846
2018-07-27,-0.0067993139520935
2018-07-30,-0.0052372036750954
2018-07-31,0.0049172503877148
2018-08-01,-0.0016720374025657
2018-08-02,0.0054328737159347
2018-08-03,0.0042756700792247
2018-08-06,0.0036604592010195
2018-08-07,0.0032968776024228
2018-08-08,-0.0004202687152244
2018-08-09,-0.0013670944295027
2018-08-10,-0.0067226679992592
2018-08-13,-0.0037504821950417
2018-08-14,0.0063604023361526
2018-08-15,-0.0074954216870865
2018-08-16,0.0080588545652804
2018-08-17,0.0035142010040534
2018-08-20,0.0021376696150321
2018-08-21,0.0023425576654248
2018-08-22,-0.0005938163953526
2018-08-23,-0.0013287814676808
2018-08-24,0.0060003709276352
2018-08-27,0.0078643339726502
2018-08-28,0.0004830589898629
2018-08-29,0.0053663613236915
2018-08-30,-0.0040566015127422
2018-08-31,3.448017043630606e-05
2018-09-04,-0.0017237817279795
2018-09-05,-0.0026950426934643
2018-09-06,-0.0030145905936211
2018-09-07,-0.0019452470671137
2018-09-10,0.0017370162067597
2018-09-11,0.0032919780210391
2018-09-12,0.0002421686584574
2018-09-13,0.0058970478989633
2018-09-14,0.0001719699211114
2018-09-17,-0.0053083732307847
2018-09-18,0.0054114990283504
2018-09-19,0.0010650459014195
2018-09-20,0.0080711293167347
2018-09-21,-0.0054306071297355
2018-09-24,-0.0033275660804232
2018-09-25,-0.0009281641822477
2018-09-26,-0.0029967303134387
2018-09-27,0.0027903545616681
2018-09-28,0.0001031931997541
2018-10-01,0.0034681457870248
2018-10-02,-0.0005829464933681
2018-10-03,0.0005486341601209
2018-10-04,-0.0078464122186196
2018-10-05,-0.0056127198926684
2018-10-08,0.0
2018-10-09,-0.0014603577813288
2018-10-10,-0.0321753277389242
2018-10-11,-0.0222727042683199
2018-10-12,0.0137928137212235
2018-10-15,-0.0056328605133001
2018-10-16,0.0216302597846635
2018-10-17,0.0001783660876709
2018-10-18,-0.0145464296696009
2018-10-19,-0.000542816979368
2018-10-22,-0.0044987566800969
2018-10-23,-0.0051038149014475
2018-10-24,-0.0307670089878365
2018-10-25,0.0177814894273911
2018-10-26,-0.0177438780143586
2018-10-29,-0.0055556797359309
2018-10-30,0.0147097581148379
2018-10-31,0.0106242303245278
2018-11-01,0.0105856275906905
2018-11-02,-0.0059405933586029
2018-11-05,0.0055017741457435
2018-11-06,0.0063079476191934
2018-11-07,0.021182942264952
2018-11-08,-0.0018165656782744
2018-11-09,-0.0098162583322661
2018-11-12,-0.0188619779104837
2018-11-13,-0.0018728674884961
2018-11-14,-0.0068601505276458
2018-11-15,0.0103825416309593
2018-11-16,0.002597246901833
2018-11-19,-0.0170591788225744
2018-11-20,-0.0186795535748055
2018-11-21,0.0034017265425041
2018-11-23,-0.0067011023676909
2018-11-26,0.0160154153219762
2018-11-27,0.0033588160210941
2018-11-28,0.0227642262094893
2018-11-29,-0.0021874574443871
2018-11-30,0.0060767717711685
2018-12-03,0.0131545063518991
2018-12-04,-0.0329389727260077
2018-12-06,-0.0015182793373332
2018-12-07,-0.0235101620430451
2018-12-10,0.0018952321119764
2018-12-11,0.0002271774231927
2018-12-12,0.0050227133348346
2018-12-13,-0.0003390778254033
2018-12-14,-0.018637364083155
2018-12-17,-0.0198133794487794
2018-12-18,-0.0010970880261797
2018-12-19,-0.0150889909116232
2018-12-20,-0.016411886126272
2018-12-21,-0.026525019477182
2018-12-24,-0.0267782954976724
2018-12-26,0.049289909317996
2018-12-27,0.0076480479963194
2018-12-28,-0.0012908207168937
2018-12-31,0.0087206861146604
2019-01-02,0.0010397701860406
2019-01-03,-0.0241520911394867
2019-01-04,0.0329469694412326
2019-01-07,0.0078537234057482
2019-01-08,0.0093514685566844
2019-01-09,0.0046626040478954
2019-01-10,0.0035213489085509
2019-01-11,0.0003862283308007
2019-01-14,-0.0061196096123801
2019-01-15,0.0113956316025653
2019-01-16,0.0024169150781274
2019-01-17,0.007558078730287
2019-01-18,0.0132222096029315
2019-01-22,-0.0136025911370404
2019-01-23,0.0020902522366409
2019-01-24,0.0005312894201534
2019-01-25,0.008425837326944
2019-01-28,-0.007629258522316
2019-01-29,-0.0013278682247815
2019-01-30,0.0157067692999859
2019-01-31,0.0087441021285107
2019-02-01,0.0004815085008072
2019-02-04,0.0070108177458241
2019-02-05,0.0041830855901887
2019-02-06,-0.0013191262046062
2019-02-07,-0.0095785272660944
2019-02-08,0.0012207935612057
2019-02-11,0.0005544138732615
2019-02-12,0.012777420783778
2019-02-13,0.0032416722801614
2019-02-14,-0.002220673162557
2019-02-15,0.0108383126545955
2019-02-19,0.0017290843444572
2019-02-20,0.0020134388161843
2019-02-21,-0.0035622087717305
2019-02-22,0.0061808488201959
2019-02-25,0.0013603065239562
2019-02-26,-0.0007157028820414
2019-02-27,-0.0004296895897642
2019-02-28,-0.0018642707295814
2019-03-01,0.0062243832972582
2019-03-04,-0.0036441021995717
2019-03-05,-0.0013610005125166
2019-03-06,-0.0060753400330599
2019-03-07,-0.0084005882803378
2019-03-08,-0.0020019964439572
2019-03-11,0.0143971053607163
2019-03-12,0.0037638737702865
2019-03-13,0.0065974104739703
2019-03-14,-0.0006399739801759
2019-03-15,0.0005333400882334
2019-03-18,0.0036192965574422
2019-03-19,0.0002479320276896
2019-03-20,-0.0030144756619753
2019-03-21,0.0112313930514879
2019-03-22,-0.0194339634462737
2019-03-25,-0.0007522666061259
2019-03-26,0.0074264357264633
2019-03-27,-0.0052428076276026
2019-03-28,0.003783278073496
2019-03-29,0.0062857129969998
2019-04-01,0.0117893910058196
2019-04-02,0.0004897329633613
2019-04-03,0.0015723974501072
2019-04-04,0.002649859430471
2019-04-05,0.0048285448514151
2019-04-08,0.0007620937553832
2019-04-09,-0.0051380462649245
2019-04-10,0.0034051838877499
2019-04-11,-0.0002775961504166
2019-04-12,0.0067431561541396
2019-04-15,-0.0006550340323746
2019-04-16,0.0006550340323745
2019-04-17,-0.0024498948974392
2019-04-18,0.0019672355402631
2019-04-22,0.000861638232378
2019-04-23,0.0089514990128489
2019-04-24,-0.0022217844379254
2019-04-25,-0.0006162223571992
2019-04-26,0.0046459820836095
2019-04-29,0.0015665152911773
2019-04-30,0.0005102788065382
2019-05-01,-0.007544857686864
2019-05-02,-0.0021612896914326
2019-05-03,0.0097401913059684
2019-05-06,-0.0041236880195348
2019-05-07,-0.016840741177932
2019-05-08,-0.0013901712259481
2019-05-09,-0.0030303411039887
2019-05-10,0.0050108060057223
2019-05-13,-0.025451390891512
2019-05-14,0.0090030333354504
2019-05-15,0.0058403701425228
2019-05-16,0.0092186371248737
2019-05-17,-0.0064861120838155
2019-05-20,-0.0066339915898948
2019-05-21,0.008975264330872
2019-05-22,-0.0030761895837895
2019-05-23,-0.0122938304952029
2019-05-24,0.0022657522815067
2019-05-28,-0.0093440536222054
2019-05-29,-0.0067333263252214
2019-05-30,0.0027274726482023
2019-05-31,-0.0135669042786087
2019-06-03,-0.0025461300460765
2019-06-04,0.0214744025410572
2019-06-05,0.0086248479348384
2019-06-06,0.0064816219771665
2019-06-07,0.0099573054147005
2019-06-10,0.0045784386293905
2019-06-11,-0.0002422943746959
2019-06-12,-0.0017668048057677
2019-06-13,0.004117769443906
2019-06-14,-0.0011055795772838
2019-06-17,0.0003801577932667
2019-06-18,0.0104165778021976
2019-06-19,0.0022546508773736
2019-06-20,0.0095089620735659
2019-06-21,-0.0063065526140248
2019-06-24,-0.0012251902104004
2019-06-25,-0.0098563589252981
2019-06-26,-0.0009979132649959
2019-06-27,0.0035397008525598
2019-06-28,0.0051326032265202
2019-07-01,0.009037548842095
2019-07-02,0.0026009203077298
2019-07-03,0.0079633342382511
2019-07-05,-0.0011385205318621
2019-07-08,-0.0055099727299849
2019-07-09,0.0012457539736852
2019-07-10,0.0047666519901458
2019-07-11,0.0023414923296165
2019-07-12,0.0044669597477671
2019-07-15,0.0003325776702772
2019-07-16,-0.0032304866243351
2019-07-17,-0.0068282785807129
2019-07-18,0.0036542152410841
2019-07-19,-0.0055703940833716
2019-07-22,0.0024534284233122
2019-07-23,0.0071246263571658
2019-07-24,0.0046885338992122
2019-07-25,-0.004788524830942
2019-07-26,0.006677687088676
2019-07-29,-0.0018228527076208
2019-07-30,-0.0024577057220653
2019-07-31,-0.0110007247581742
2019-08-01,-0.0087460546565951
2019-08-02,-0.0075580016369354
2019-08-05,-0.0305345620512361
2019-08-06,0.0139254918260368
2019-08-07,0.0005905602442628
2019-08-08,0.0194300853990648
2019-08-09,-0.0068348295372255
2019-08-12,-0.0122480365609682
2019-08-13,0.0154320189245163
2019-08-14,-0.0300135085278337
2019-08-15,0.0026382919748107
2019-08-16,0.0146472094027589
2019-08-19,0.0119757118393578
2019-08-20,-0.0076920481599652
2019-08-21,0.0081025465925438
2019-08-22,-0.0003078841215291
2019-08-23,-0.0260231221545539
2019-08-26,0.0109977327824197
2019-08-27,-0.0039313456879202
2019-08-28,0.0070169090777114
2019-08-29,0.0126920441299697
2019-08-30,-0.0004443340260978
2019-09-03,-0.0058643902202904
2019-09-04,0.011286478156974
2019-09-05,0.0127734601885358
2019-09-06,0.0007719149547857
2019-09-09,0.0005032265567412
2019-09-10,-0.0002347938977883
2019-09-11,0.0070858115915256
2019-09-12,0.003457823474384
2019-09-13,-0.0006640732187665
2019-09-16,-0.0030935331973263
2019-09-17,0.0025288152959086
2019-09-18,0.0005979624441213
2019-09-19,-6.649019064353332e-05
2019-09-20,-0.0093433269846503
2019-09-23,-0.0002347309282179
2019-09-24,-0.0078777554950866
2019-09-25,0.005897336435891
2019-09-26,-0.0020853497930069
2019-09-27,-0.0054017893672878
2019-09-30,0.0046270415622825
2019-10-01,-0.0119660379448088
2019-10-02,-0.0178225697573209
2019-10-03,0.0081594140425962
2019-10-04,0.0134413588716813
2019-10-07,-0.0043239927340156
2019-10-08,-0.0156465010294404
2019-10-09,0.0094515718850682
2019-10-10,0.0067407187214313
2019-10-11,0.0103135959721031
2019-10-14,-0.0011143866413178
2019-10-15,0.0098516089938399
2019-10-16,-0.0016073235020462
2019-10-17,0.0029447380856263
2019-10-18,-0.0043867715675741
2019-10-21,0.0067562938206138
2019-10-22,-0.003272057906796
2019-10-23,0.002905360610081
2019-10-24,0.0016326208853381
2019-10-25,0.0040866245681677
2019-10-28,0.0056207180762301
2019-10-29,-0.0002967678740017
2019-10-30,0.0030625633026309
2019-10-31,-0.0026668923721071
2019-11-01,0.0092212840087053
2019-11-04,0.0040096562307791
2019-11-05,-0.0011067590363729
2019-11-06,0.0002279886146757
2019-11-07,0.0035105567662041
2019-11-08,0.0024630871009652
2019-11-11,-0.001911569957013
2019-11-12,0.0021057556661279
2019-11-13,0.0003235919864124
2019-11-14,0.0014547216463183
2019-11-15,0.0072103211439798
2019-11-18,0.0007373414343136
2019-11-19,-0.0002884729262145
2019-11-20,-0.0037257267963938
2019-11-21,-0.0016102026462758
2019-11-22,0.0022214083249144
2019-11-25,0.0077203263796593
2019-11-26,0.0022631023310978
2019-11-27,0.0044476355783991
2019-11-29,-0.0037155710884836
2019-12-02,-0.0085310297984604
2019-12-03,-0.006729131936536
2019-12-04,0.0061513011016621
2019-12-05,0.0017963614766311
2019-12-06,0.0090925866133454
2019-12-09,-0.0031490769065394
2019-12-10,-0.0011157174344709
2019-12-11,0.0028346690886243
2019-12-12,0.008582085375832
2019-12-13,0.0005989516697319
2019-12-16,0.0068465223022965
2019-12-17,0.0002190912535291
2019-12-18,6.254776132376092e-05
2019-12-19,0.0040906162633758
2019-12-20,-0.0005298471481675
2019-12-23,0.0015265684873094
2019-12-24,3.116122791065835e-05
2019-12-26,0.0053091433505416
2019-12-27,-0.0002478076548954
2019-12-30,-0.0055284759156675
2019-12-31,0.0024263514356685
2020-01-02,0.0093084643998289
2020-01-03,-0.0076010483986278
2020-01-06,0.003807793321436
2020-01-07,-0.0028157378196907
2020-01-08,0.0053153843094793
2020-01-09,0.0067577639106305
2020-01-10,-0.0028818539244586
2020-01-13,0.0068538062848609
2020-01-14,-0.0015257860188453
2020-01-15,0.0022573074615838
2020-01-16,0.0082839784942466
2020-01-17,0.0031076970399105
2020-01-21,-0.0019601194788762
2020-01-22,0.0001207549979736
2020-01-23,0.0011462158049533
2020-01-24,-0.0089328585359688
2020-01-27,-0.0161592707859991
2020-01-28,0.0104246537382159
2020-01-29,-0.000826366980095
2020-01-30,0.0032400993602699
2020-01-31,-0.018324781429623
2020-02-03,0.0074010838979718
2020-02-04,0.0151262950114743
2020-02-05,0.0114818396116063
2020-02-06,0.0033592066886776
2020-02-07,-0.0053439099142294
2020-02-10,0.0074375956179296
2020-02-11,0.0017315497884897
2020-02-12,0.0064221056414969
2020-02-13,-0.0010675361685061
2020-02-14,0.0016008319963013
2020-02-18,-0.0025803258874645
2020-02-19,0.0047698413099191
2020-02-20,-0.0041167086031452
2020-02-21,-0.0103516611333441
2020-02-24,-0.0337278413923327
2020-02-25,-0.0307707506031409
2020-02-26,-0.0036849962639194
2020-02-27,-0.045951467536838
2020-02-28,-0.0042103905737418
2020-03-02,0.0423950046601226
2020-03-03,-0.0290503624763481
2020-03-04,0.0411736370118587
2020-03-05,-0.0338067502413782
2020-03-06,-0.01666927563302
2020-03-09,-0.0813125230418674
2020-03-10,0.0504505872938113
2020-03-11,-0.0499767384502889
2020-03-12,-0.1005688605662431
2020-03-13,0.0820280921987331
2020-03-16,-0.1158865374770153
2020-03-17,0.0525849209492369
2020-03-18,-0.0519597510025378
2020-03-19,0.0021227225413289
2020-03-20,-0.0499133730395753
2020-03-23,-0.0259007554583412
2020-03-24,0.0867309943625373
2020-03-25,0.0148592336190372
2020-03-26,0.0567486987697194
2020-03-27,-0.0302382599913111
2020-03-30,0.0319595253458066
2020-03-31,-0.015017586594124
2020-04-01,-0.0460490414887796
2020-04-02,0.0228131825524171
2020-04-03,-0.0145596722536619
2020-04-06,0.0650067374854306
2020-04-07,0.0010189609599744
2020-04-08,0.0330172948385932
2020-04-09,0.0151027383769153
2020-04-13,-0.0091720878167882
2020-04-14,0.029066322582236
2020-04-15,-0.0214770915029214
2020-04-16,0.0048126957803533
2020-04-17,0.0266569616898133
2020-04-20,-0.0177750248160556
2020-04-21,-0.03083376339065
2020-04-22,0.0219518265168923
2020-04-23,-7.173145408748019e-05
2020-04-24,0.0138424583140987
2020-04-27,0.0143154848169943
2020-04-28,-0.0046090266634861
2020-04-29,0.0258416992758649
2020-04-30,-0.0093542817728534
2020-05-01,-0.0268301619925879
2020-05-04,0.0027544291637404
2020-05-05,0.0091969023431318
2020-05-06,-0.0068018018110079
2020-05-07,0.011994593193006
2020-05-08,0.016410799949864
2020-05-11,0.0002051408983954
2020-05-12,-0.0201328914127061
2020-05-13,-0.0178441293009016
2020-05-14,0.0118962698955172
2020-05-15,0.0045864327525579
2020-05-18,0.0300050077334412
2020-05-19,-0.0103242948947329
2020-05-20,0.0168453346761308
2020-05-21,-0.0069278856410621
2020-05-22,0.00189726832778
2020-05-26,0.0122452724269799
2020-05-27,0.0147693971454062
2020-05-28,-0.0018466536446246
2020-05-29,0.0044460086888185
2020-06-01,0.0040335879653973
2020-06-02,0.0082460545315198
2020-06-03,0.0132204751473091
2020-06-04,-0.0026301691177292
2020-06-05,0.025306602492798
2020-06-08,0.0120150099724083
2020-06-09,-0.0074846343424244
2020-06-10,-0.0055956272889505
2020-06-11,-0.0593774079486081
2020-06-12,0.0119045294695507
2020-06-15,0.0092923367137782
2020-06-16,0.0190647985233274
2020-06-17,-0.0041624977750896
2020-06-18,0.0003849452014608
2020-06-19,-0.0101222103506049
2020-06-22,0.0063946878036367
2020-06-23,0.0045931078389241
2020-06-24,-0.0258396940811995
2020-06-25,0.0106634850315159
2020-06-26,-0.0240380964593392
2020-06-29,0.0145906008130825
2020-06-30,0.0127281965214429
2020-07-01,0.0069803920703357
2020-07-02,0.0054918547429179
2020-07-06,0.0153193207441511
2020-07-07,-0.0103673521296334
2020-07-08,0.0076195489888347
2020-07-09,-0.0057091876716751
2020-07-10,0.0101587703685977
2020-07-13,-0.0086966695576544
2020-07-14,0.0128757680954667
2020-07-15,0.0091452877244121
2020-07-16,-0.0032988873886812
2020-07-17,0.002894875756376
2020-07-20,0.0080490994568275
2020-07-21,0.0021252758472971
2020-07-22,0.0056759187149831
2020-07-23,-0.0120034497627368
2020-07-24,-0.0064612134078021
2020-07-27,0.0072659730184517
2020-07-28,-0.0063625899287418
2020-07-29,0.0122237101631192
2020-07-30,-0.0035743049272523
2020-07-31,0.0078711439321145
2020-08-03,0.006928106146781
2020-08-04,0.0038551736353535
2020-08-05,0.0061917465158339
2020-08-06,0.0066622937568773
2020-08-07,0.00071765813857
2020-08-10,0.0029844531601988
2020-08-11,-0.0082889280227747
2020-08-12,0.0138460516982754
2020-08-13,-0.0018094117950114
2020-08-14,2.9717119300824818e-05
2020-09-29,-0.005460909306988
2020-10-01,0.0063994795878114
2020-10-02,-0.0095398177099599
2020-10-05,0.0175776894340879
2020-10-06,-0.0143179818486385
2020-10-07,0.0172569129339136
2020-10-08,0.0088234685161784
2020-10-09,0.0088905130791148
2020-10-12,0.0159595727617591
2020-10-13,-0.0065474721519732
2020-10-14,-0.006303238972997
2020-10-15,-0.0012366240602409
2020-10-16,-0.0006044746150335
2020-10-19,-0.0153201854349761
2020-10-20,0.0039977149140797
2020-10-21,-0.0018947226418669
2020-10-22,0.0054703030910806
2020-10-23,0.0033894308282106
2020-10-26,-0.0186527993787816
2020-10-27,-0.0034533568368228
2020-10-28,-0.0347766890949763
2020-10-29,0.0101121940214581
2020-10-30,-0.0104796009911301
2020-11-02,0.0111460895885366
2020-11-03,0.0175018696044116
2020-11-04,0.0221031400229916
2020-11-05,0.0193150278098574
2020-11-06,-0.0002284025508577
2020-11-09,0.0124873738921005
2020-11-10,-0.001467651996983
2020-11-11,0.0074010969499176
2020-11-12,-0.0097482654784566
2020-11-13,0.0137495373409449
2020-11-16,0.0124052852532224
2020-11-17,-0.0053928204936016
2020-11-18,-0.0121078236707509
2020-11-19,0.0042013338137655
2020-11-20,-0.0068713715900237
2020-11-23,0.0059765464965143
2020-11-24,0.0159852707934559
2020-11-25,-0.0015429483273409
2020-11-27,0.0027811336248563
2020-11-30,-0.0044369627439502
2020-12-01,0.0108780094967867
2020-12-02,0.0021015537921602
2020-12-03,-0.0002726893784081
2020-12-04,0.0085807234213169
2020-12-07,-0.0020570277183633
2020-12-08,0.0029218890348672
2020-12-09,-0.0090093340554227
2020-12-10,-0.0003271493646562
2020-12-11,-0.0011732759734402
2020-12-14,-0.0044872138059499
2020-12-15,0.0134288505622829
2020-12-16,0.0015681226371862
2020-12-17,0.0055763854485796
2020-12-18,-0.0082544711603381
2020-12-21,-0.0035819189593352
2020-12-22,-0.0016868324984086
2020-12-23,0.0008982379475762
2020-12-24,0.0038828474093947
2020-12-28,0.0085541311717181
2020-12-29,-0.0019096114566623
2020-12-30,0.0014257821834272
2020-12-31,0.0050679574352109
2021-01-04,-0.013707503856706
2021-01-05,0.0068637194394418
2021-01-06,0.0059607127864125
2021-01-07,0.014748206878934
2021-01-08,0.0056815440776087
2021-01-11,-0.006763647820054
2021-01-12,0.0002111968248231
2021-01-13,0.0026893591787599
2021-01-14,-0.0035081264856747
2021-01-15,-0.0073193793264113
2021-01-19,0.0078212943693276
2021-01-20,0.0137438119345877
2021-01-21,0.0009112405658674
2021-01-22,-0.0035456950282216
2021-01-25,0.0039360633849463
2021-01-26,-0.0015621500362329
2021-01-27,-0.0247440868321593
2021-01-28,0.0085634297686505
2021-01-29,-0.0202226964732382
2021-02-01,0.0165084909802801
2021-02-02,0.014041184037211
2021-02-03,0.0007860055760849
2021-02-04,0.0113016053429685
2021-02-05,0.003928132782376
2021-02-08,0.007195986710037
2021-02-09,-0.0006660427582991
2021-02-10,-0.0004357475256623
2021-02-11,0.0016137630790994
2021-02-12,0.00492762388112
2021-02-16,-0.0008663767311644
2021-02-17,0.0002294583990713
2021-02-18,-0.0042650864514255
2021-02-19,-0.0017675379341602
2021-02-22,-0.007721449861292
2021-02-23,0.0012136425422739
2021-02-24,0.0109590560642225
2021-02-25,-0.0243908299509816
2021-02-26,-0.0051659407474344
2021-03-01,0.0239510671220349
2021-03-02,-0.0078338236177441
2021-03-03,-0.013334212282538
2021-03-04,-0.0124520182777861
2021-03-05,0.0182294120411314
2021-03-08,-0.0049912003973511
2021-03-09,0.0141765489966974
2021-03-10,0.0062052935375905
2021-03-11,0.0100880994500771
2021-03-12,0.0013458750409823
2021-03-15,0.0059458626469103
2021-03-16,-0.0012621164725121
2021-03-17,0.0034040808005609
2021-03-18,-0.0146565461260689
2021-03-19,-0.0051219123029553
2021-03-22,0.007953256654126
2021-03-23,-0.0079019356615604
2021-03-24,-0.0050964332964272
2021-03-25,0.0056098116544629
2021-03-26,0.0159864890043674
2021-03-29,-0.0005052344367457
2021-03-30,-0.0026564835295431
2021-03-31,0.0040451489712678
2021-04-01,0.0107411852328068
2021-04-05,0.01425108126442
2021-04-06,-0.0005907597654681
2021-04-07,0.0011566272792055
2021-04-08,0.0047355481277492
2021-04-09,0.0072438489360192
2021-04-12,0.0003645218005266
2021-04-13,0.0029593004085995
2021-04-14,-0.003420981242
2021-04-15,0.0106851639617201
2021-04-16,0.003336852424136
2021-04-19,-0.0049251563455943
2021-04-20,-0.0073484775781938
2021-04-21,0.0094176147575743
2021-04-22,-0.0091750850740765
2021-04-23,0.0107840548430684
2021-04-26,0.0020854448563579
2021-04-27,-0.0002155265431764
2021-04-28,-0.0002874410014608
2021-04-29,0.0063525723847207
2021-04-30,-0.0065921940600243
2021-05-03,0.0021544578388955
2021-05-04,-0.0061884466696835
2021-05-05,0.0003127485587299
2021-05-06,0.0079538698118479
2021-05-07,0.0072516343506479
2021-05-10,-0.0099517348420577
2021-05-11,-0.0089648164267485
2021-05-12,-0.0214741612243917
2021-05-13,0.0119409407215824
2021-05-14,0.015238637296052
2021-05-17,-0.0025477662854817
2021-05-18,-0.0086530078715497
2021-05-19,-0.0026252253916853
2021-05-20,0.0107005003682509
2021-05-21,-0.0008190512307528
2021-05-24,0.010142660245798
2021-05-25,-0.0022211905080248
2021-05-26,0.001982580798361
2021-05-27,0.0005248371143394
2021-05-28,0.0017871401816827
2021-06-01,-0.0008812450285228
2021-06-02,0.001571364953169
2021-06-03,-0.0037182681475316
2021-06-04,0.0091043026667068
2021-06-07,-0.0009706641654232
2021-06-08,0.0002131427714453
2021-06-09,-0.0014930266854129
2021-06-10,0.004637614499841
2021-06-11,0.0016511283615731
2021-06-14,0.0022364551356958
2021-06-15,-0.0018358532711675
2021-06-16,-0.0055990073978809
2021-06-17,-0.0003316845189309
2021-06-18,-0.0168484614286166
2021-06-21,0.0142144390786622
2021-06-22,0.0053319558957808
2021-06-23,-0.0012060382755662
2021-06-24,0.0058983300978505
2021-06-25,0.0035457628657765
2021-06-28,0.0020139007430977
2021-06-29,0.0005379304425156
2021-06-30,0.0008413231950273
2021-07-01,0.0055213250356441
2021-07-02,0.0076144754138362
2021-07-06,-0.0018231322201708
2021-07-07,0.0035278257625641
2021-07-08,-0.0081813717742589
2021-07-09,0.0106182050507178
2021-07-12,0.0035755197437581
2021-07-13,-0.0034147884341721
2021-07-14,0.0014911026849908
2021-07-15,-0.0034213749975135
2021-07-16,-0.0078745195006332
2021-07-19,-0.0148780526636577
2021-07-20,0.0142287048178391
2021-07-21,0.0080636989043276
2021-07-22,0.0020919392091566
2021-07-23,0.0102354355255598
2021-07-26,0.0024518414542581
2021-07-27,-0.0045679868775771
2021-07-28,-0.000410150361419
2021-07-29,0.0041388319522584
2021-07-30,-0.0048682568551774
2021-08-02,-0.0021002482810405
2021-08-03,0.008102549274361
2021-08-04,-0.004931060854894
2021-08-05,0.0063128913102674
2021-08-06,0.0016510729648396
2021-08-09,-0.0008138757283817
2021-08-10,0.0012431773269283
2021-08-11,0.0024817965361683
2021-08-12,0.002992468333533
2021-08-13,0.0018181841249573
2021-08-16,0.0023518871523535
2021-08-17,-0.0065768132903881
2021-08-18,-0.0110053325672184
2021-08-19,0.0015471260202363
2021-08-20,0.0079255869140166
2021-08-23,0.0087580547578398
2021-08-24,0.0015861657791226
2021-08-25,0.0020961617618364
2021-08-26,-0.0059206666842455
2021-08-27,0.0089012203664454
2021-08-30,0.0043879402073269
2021-08-31,-0.0014826752766506
2021-09-01,0.0005313280284991
2021-09-02,0.0030718919689984
2021-09-03,-0.0002427882882909
2021-09-07,-0.0035819242678236
2021-09-08,-0.0012189852589251
2021-09-09,-0.004289403379351
2021-09-10,-0.0079158046029616
2021-09-13,0.0025559623450608
2021-09-14,-0.0054111232667169
2021-09-15,0.0083179480288204
2021-09-16,-0.0015864847538577
2021-09-17,-0.0129873855451871
2021-09-20,-0.0168147645560542
2021-09-21,-0.0009450682547066
2021-09-22,0.0097075439403293
2021-09-24,0.0016458558976701
2021-09-27,-0.0028650157490217
2021-09-28,-0.02035766426472
2021-09-29,0.0016817239644042
2021-09-30,-0.0122976512315442
2021-10-01,0.0118141140061632
2021-10-04,-0.0129799141869825
2021-10-05,0.0103512223426876
2021-10-06,0.0041474432560906
2021-10-07,0.008608528312384
2021-10-08,-0.0018254427571049
2021-10-11,-0.007266052148833
2021-10-12,-0.0024645757133769
2021-10-13,0.0035911585106904
2021-10-14,0.0166807426749286
2021-10-15,0.0075869543117504
2021-10-18,0.0029561469310035
2021-10-19,0.0076852614015726
2021-10-20,0.0039200293324759
2021-10-21,0.0026048418167514
2021-10-22,-0.001036717952219
2021-10-25,0.0053484730742988
2021-10-26,0.0008996142644518
2021-10-27,-0.0044400315324887
2021-10-28,0.0096026099853196
2021-10-29,0.0020270780143341
2021-11-01,0.0017187367034474
2021-11-02,0.0040349434239443
2021-11-03,0.0060866720883999
2021-11-04,0.0047014511422903
2021-11-05,0.0034636037212191
2021-11-08,0.0008533567819509
2021-11-09,-0.0033108462216263
2021-11-10,-0.0080774010932413
2021-11-11,0.0003234753455588
2021-11-12,0.0075185095590189
2021-11-15,0.0003423636820513
2021-11-16,0.0039500133996668
2021-11-17,-0.0024321748554379
2021-11-18,0.0033906571651105
2021-11-19,-0.0017898543376422
2021-11-22,-0.0028191447952607
2021-11-23,0.0013251158447456
2021-11-24,0.0026662985058638
2021-11-26,-0.0225556490482397
2021-11-30,-0.0196494074264313
2021-12-01,-0.0111693489986255
2021-12-02,0.0152001911963535
2021-12-03,-0.0087393903697224
2021-12-06,0.0117737297780264
2021-12-07,0.020473797351641
2021-12-08,0.0026444678463242
2021-12-09,-0.0067744345903001
2021-12-10,0.0093694656078313
2021-12-13,-0.0088978255494882
2021-12-14,-0.0069038201752756
2021-12-15,0.0155042311191254
2021-12-16,-0.0088576296858643
2021-12-17,-0.014207029348729
2021-12-20,-0.0106903441405788
2021-12-21,0.0176031439629836
2021-12-22,0.0099490584453941
2021-12-23,0.0062028007667942
2021-12-27,0.0140529469640168
2021-12-28,-0.000817529410382
2021-12-29,0.0012783904192747
2021-12-30,-0.0027683573402238
2021-12-31,-0.0025233679239986
2022-01-03,0.0057732639583171
2022-01-04,-0.0003349950109532
2022-01-05,-0.0193888982303601
2022-01-06,-0.0009398549007887
2022-01-07,-0.0039613471198268
2022-01-10,-0.001245140926146
2022-01-11,0.0090670385517369
2022-01-12,0.0026998943417852
2022-01-13,-0.0138743935189613
2022-01-14,0.0004089371946281
2022-01-18,-0.0178683037138341
2022-01-19,-0.0104378431248547
2022-01-20,-0.0111297754328004
2022-01-21,-0.0198258817220074
2022-01-24,0.0042377437734018
2022-01-25,-0.0122841158387268
2022-01-26,-0.0025119476945792
2022-01-27,-0.0049501955321615
2022-01-28,0.0245320241023345
2022-01-31,0.0178507897735481
2022-02-01,0.0067342001640128
2022-02-02,0.0096672043824068
2022-02-03,-0.0237856223750822
2022-02-04,0.0046911871145822
2022-02-07,-0.0032144373543599
2022-02-08,0.0081941955394972
2022-02-09,0.014530032891025
2022-02-10,-0.0181289861893869
2022-02-11,-0.0199157291232925
2022-02-14,-0.0032746708514206
2022-02-15,0.0159982107168349
2022-02-16,0.0011201972565205
2022-02-17,-0.0215928732166531
2022-02-18,-0.0064961069138482
2022-02-22,-0.0107896475380416
2022-02-23,-0.0178978728701241
2022-02-24,0.014937003586184
2022-02-25,0.02182411504576
2022-02-28,-0.0025618054472031
2022-03-01,-0.0153474441899679
2022-03-02,0.0182290492061456
2022-03-03,-0.0049909059142293
2022-03-04,-0.0081578043956918
2022-03-07,-0.029922431219487
2022-03-08,-0.0076105879108742
2022-03-09,0.0264577071707377
2022-03-10,-0.0045257792609062
2022-03-11,-0.0127965877120403
2022-03-14,-0.0073351596936433
2022-03-15,0.0217521374076852
2022-03-16,0.0219319332717148
2022-03-17,0.0124333171366459
2022-03-18,0.0077914139875613
2022-03-21,-0.0002924353773164
2022-03-22,0.0116334599687074
2022-03-23,-0.0129620652010101
2022-03-24,0.0149618745731804
2022-03-25,0.0048717123409529
2022-03-28,0.0070878597392273
2022-03-29,0.0122949343421032
2022-03-30,-0.0061939357728947
2022-03-31,-0.0155109934691581
2022-04-01,0.0028301043466709
2022-04-04,0.0085300925260053
2022-04-05,-0.0127117781879512
2022-04-06,-0.0100496858887307
2022-04-07,0.0050263150313066
2022-04-08,-0.0026775161462258
2022-04-11,-0.0172400437045893
2022-04-12,-0.0037121114853793
2022-04-13,0.0113884828391237
2022-04-14,-0.0125299312103549
2022-04-18,0.0004110548011065
2022-04-19,0.0160137673002007
2022-04-20,-0.0007418198482218
2022-04-21,-0.0150664833963355
2022-04-22,-0.0278226230912424
2022-04-25,0.0057808391465373
2022-04-26,-0.0293884671208387
2022-04-27,0.002807837300803
2022-04-28,0.0249456981193354
2022-04-29,-0.0376558167278943
2022-05-02,0.0060013996632985
2022-05-03,0.0045735675616204
2022-05-04,0.0299984470237861
2022-05-05,-0.0361898382147171
2022-05-06,-0.0059868111650779
2022-05-09,-0.032541030728462
2022-05-10,0.0023078626978
2022-05-11,-0.0160136690520443
2022-05-12,-0.0010444756685108
2022-05-13,0.02362653009661
2022-05-16,-0.0040658189177654
2022-05-17,0.0203616860077539
2022-05-18,-0.0411466028930117
2022-05-19,-0.0061434534278095
2022-05-20,0.0004364410561866
2022-05-23,0.0185371994866822
2022-05-24,-0.0076630631862073
2022-05-25,0.0087961046011871
2022-05-26,0.0197843760971566
2022-05-27,0.0242526532107174
2022-05-31,-0.0056267842656148
2022-06-01,-0.00812141890925
2022-06-02,0.0188644211933641
2022-06-03,-0.0165476845143269
2022-06-06,0.0030401443137915
2022-06-07,0.0095465099609198
2022-06-08,-0.0109316873186563
2022-06-09,-0.0240702653592132
2022-06-10,-0.0294243329424137
2022-06-13,-0.0387077297869094
2022-06-14,-0.0030178956236066
2022-06-15,0.0141556722256002
2022-06-16,-0.0336561046793043
2022-06-17,-0.0021569913683171
2022-06-21,0.0248619882198448
2022-06-22,-0.0018146207734581
2022-06-23,0.0097548327531278
2022-06-24,0.0312989051455815
2022-06-27,-0.0038270180837005
2022-06-28,-0.0206444920684129
2022-06-29,-0.0008147218221505
2022-06-30,-0.0081574822476567
2022-07-01,0.0105209748060404
2022-07-05,0.0018867962567546
2022-07-06,0.0033716490411699
2022-07-07,0.0148660934901396
2022-07-08,-0.0008229221592758
2022-07-11,-0.0114893288725731
2022-07-12,-0.0088883141426295
2022-07-13,-0.0052655258712118
2022-07-14,-0.0024314384736241
2022-07-15,0.0189248705859493
2022-07-18,-0.0082912103615673
2022-07-19,0.0266606082494919
2022-07-20,0.0063529388038422
2022-07-21,0.0101316949742741
2022-07-22,-0.0093214061948387
2022-07-25,0.0012142034327721
2022-07-26,-0.0119015532566901
2022-07-27,0.0256349663061722
2022-07-28,0.0124643823079694
2022-07-29,0.0144734769366273
2022-08-01,-0.0029656331023178
2022-08-02,-0.0066192039717902
2022-08-03,0.0155381530584594
2022-08-04,-0.00067581951025
2022-08-05,-0.0016915865873167
2022-08-08,-0.001161607446859
2022-08-09,-0.0039789074939703
2022-08-10,0.0207864297654047
2022-08-11,0.0
2022-08-12,0.0167873139199102
2022-08-15,0.0041122990463738
2022-08-16,0.0019568280048181
2022-08-17,-0.0071233285122933
2022-08-18,0.0029021967606395
2022-08-19,-0.0135291401646634
2022-08-22,-0.0210423408082371
2022-08-23,-0.0024221883835108
2022-08-24,0.0031960689006255
2022-08-25,0.0140187998222796
2022-08-26,-0.034435186416051
2022-08-29,-0.0066341621828838
2022-08-30,-0.0110385553401414
2022-08-31,-0.0076381440931859
2022-09-01,0.0031329503705523
2022-09-02,-0.0106004166964315
2022-09-06,-0.0037802866698074
2022-09-07,0.0178054997902064
2022-09-08,0.0065150227727049
2022-09-09,0.0154158078663363
2022-09-12,0.0106903058963532
2022-09-13,-0.0444561741472673
2022-09-14,0.0038085611016787
2022-09-15,-0.0114182374684833
2022-09-16,-0.0117575550039705
2022-09-19,0.0077250136547015
2022-09-20,-0.0115449396466754
2022-09-21,-0.0175977162784959
2022-09-22,-0.0084353112851132
2022-09-23,-0.0168967704796838
2022-09-26,-0.0099419457081466
2022-09-27,-0.0025560147287469
2022-09-28,0.0194852777120522
2022-09-29,-0.0211102318049051
2022-09-30,-0.0155843421309755
2022-10-03,0.0260587368762938
2022-10-04,0.0305162578563102
2022-10-05,-0.0023309545840216
2022-10-06,-0.0103693743539808
2022-10-07,-0.0282903236636261
2022-10-10,-0.0076646230719739
2022-10-11,-0.0063531166796834
2022-10-12,-0.0033039164758034
2022-10-13,0.0260488443730954
2022-10-14,-0.0230524201130119
2022-10-17,0.0253723384384068
2022-10-18,0.0116811342097808
2022-10-19,-0.007111707070068
2022-10-20,-0.0084206907692964
2022-10-21,0.0240108999855409
2022-10-24,0.0121622045927216
2022-10-25,0.0158424299343229
2022-10-26,-0.0075626208742074
2022-10-27,-0.0053542858291678
2022-10-28,0.0235120792682039
2022-10-31,-0.007249487083864
2022-11-01,-0.0043854662275687
2022-11-02,-0.0254164884504605
2022-11-03,-0.0103502434318106
2022-11-04,0.0142905349543939
2022-11-07,0.0095201195455882
2022-11-08,0.005380911362788
2022-11-09,-0.0208172649546978
2022-11-10,0.0534973091836012
2022-11-11,0.0096319636881698
2022-11-14,-0.0085431126490754
2022-11-15,0.0084928754313735
2022-11-16,-0.007657991471811
2022-11-17,-0.0030645516997969
2022-11-18,0.0045301267440892
2022-11-21,-0.0036427210104271
2022-11-22,0.013367258722167
2022-11-23,0.0062818521169953
2022-11-25,-0.0002237386911321
2022-11-28,-0.0160856920693299
2022-11-29,-0.0017190202256002
2022-11-30,0.0310146332570357
2022-12-01,-0.0007361122062505
2022-12-02,-0.0011543830035115
2022-12-05,-0.0181530274967993
2022-12-06,-0.0145197022609778
2022-12-07,-0.0017026469976163
2022-12-08,0.0078034006212687
2022-12-09,-0.0074982403604829
2022-12-12,0.0143143030784205
2022-12-13,0.0075413356532408
2022-12-14,-0.0064140563054247
2022-12-15,-0.0247658223108196
2022-12-16,-0.0164579104059211
2022-12-19,-0.008515818978745
2022-12-20,0.0013674650624644
2022-12-21,0.0148417563141118
2022-12-22,-0.0143688753619368
2022-12-23,0.0057357841664521
2022-12-27,-0.0039513070222152
2022-12-28,-0.012505743674206
2022-12-29,0.0178402277293024
2022-12-30,-0.0026375503873759
2023-01-03,-0.0042187690519227
2023-01-04,0.0076905408618366
2023-01-05,-0.0114790284719451
2023-01-06,0.0226731151674491
2023-01-09,-0.00056705733577
2023-01-10,0.0069883674749136
2023-01-11,0.0125685475766737
2023-01-12,0.0036341713652401
2023-01-13,0.0038719998126806
2023-01-17,-0.0018335770553337
2023-01-18,-0.0159139737992267
2023-01-19,-0.0073064444303142
2023-01-20,0.0184576444171674
2023-01-23,0.0119271729215465
2023-01-24,-0.0010738676321494
2023-01-25,0.0003747271121324
2023-01-26,0.0109304127936525
2023-01-27,0.0022950608748414
2023-01-30,-0.0126262022103928
2023-01-31,0.0145963030912504
2023-02-01,0.0105716940256935
2023-02-02,0.014452053374916
2023-02-03,-0.0106859836329045
2023-02-06,-0.0061301112778001
2023-02-07,0.0129938458600821
2023-02-08,-0.0109949973402892
2023-02-09,-0.008706973100922
2023-02-10,0.0023309475334816
2023-02-13,0.0116706236635361
2023-02-14,-0.0004602757868875
2023-02-15,0.0032421123856011
2023-02-16,-0.0138644794725205
2023-02-17,-0.002501384444215
2023-02-21,-0.0202648799134402
2023-02-22,-0.0013790551427742
2023-02-23,0.0053053054486978
2023-02-24,-0.0107398370789831
2023-02-27,0.0034000513205539
2023-02-28,-0.0037028246246683
2023-03-01,-0.0038432905240252
2023-03-02,0.0077472026406513
2023-03-03,0.015910572248883
2023-03-06,0.0006925006534723
2023-03-07,-0.0154474314742818
2023-03-08,0.0016307895385843
2023-03-09,-0.0186221750357312
2023-03-10,-0.0145345630117057
2023-03-13,-0.0014262668368289
2023-03-14,0.0163949307014743
2023-03-15,-0.006273979111678
2023-03-16,0.0173930375790071
2023-03-17,-0.0155708407498144
2023-03-20,0.0095696954611158
2023-03-21,0.0130450685272902
2023-03-22,-0.017193461403886
2023-03-23,0.0026997471517574
2023-03-24,0.0065405762962363
2023-03-27,0.0018680966845833
2023-03-28,-0.0022471802686452
2023-03-29,0.0144302646079901
2023-03-30,0.0058381783117229
2023-03-31,0.0139962246239759
2023-04-03,0.0038032995781799
2023-04-04,-0.0055635650401381
2023-04-05,-0.0026217009359427
2023-04-06,0.003893285494786
2023-04-10,0.0010258499102318
2023-04-11,0.000268550819828
2023-04-12,-0.0040843165479699
2023-04-13,0.0131952773938128
2023-04-14,-0.0024457527346064
2023-04-17,0.0035818310251139
2023-04-18,0.0006520292826832
2023-04-19,-0.0001689546841105
2023-04-20,-0.0054720596391266
2023-04-21,0.0007766414272094
2023-04-24,0.0010426214027725
2023-04-25,-0.0160011680141709
2023-04-26,-0.0042446173996722
2023-04-27,0.0197124749715883
2023-04-28,0.0084989502311637
2023-05-01,-0.0010102543650607
2023-05-02,-0.0113028695134278
2023-05-03,-0.0068876694992639
2023-05-04,-0.0071081505768249
2023-05-05,0.0183433041656685
2023-05-08,0.0002665116320296
2023-05-09,-0.0043949652399574
2023-05-10,0.0046614797817512
2023-05-11,-0.0017455002398152
2023-05-12,-0.0013111460726521
2023-05-15,0.0034441300531419
2023-05-16,-0.0067050994177695
2023-05-17,0.0120658800649357
2023-05-18,0.0095871115025162
2023-05-19,-0.0014561460225211
2023-05-22,0.0004060458540662
2023-05-23,-0.0112862887093531
2023-05-24,-0.0072711729419161
2023-05-25,0.0086226164596036
2023-05-26,0.0128675268570713
2023-05-30,0.0003808704297322
2023-05-31,-0.0055606424099368
2023-06-01,0.0094561690664441
2023-06-02,0.0143575934812275
2023-06-05,-0.0019181014640489
2023-06-06,0.0021750915933772
2023-06-07,-0.0034637189947503
2023-06-08,0.006030349968389
2023-06-09,0.0017926945996739
2023-06-12,0.0090309609482941
2023-06-13,0.0065712983686025
2023-06-14,0.0011901242269222
2023-06-15,0.0123214485585574
2023-06-16,-0.007119760382108
2023-06-20,-0.0052016881764495
2023-06-21,-0.005136896694487
2023-06-22,0.003603210742693
2023-06-23,-0.0075887277351437
2023-06-26,-0.0040941224738827
2023-06-27,0.0109036497092854
2023-06-28,0.0005042661095765
2023-06-29,0.0039336144560997
2023-06-30,0.011731634842625
2023-07-03,0.001149875021383
2023-07-05,-0.0014883050871457
2023-07-06,-0.0078614824781514
2023-07-07,-0.0025279066989746
2023-07-10,0.0025279066989747
2023-07-11,0.0063483363081534
2023-07-12,0.0080137238625168
2023-07-13,0.0079055517873556
2023-07-14,-0.0006230225390383
2023-07-17,0.0034662025706489
2023-07-18,0.007403116820647
2023-07-19,0.0022212915573065
2023-07-20,-0.0066565951783766
2023-07-21,0.0
2023-07-24,0.0044573420967554
2023-07-25,0.0027263334560185
2023-07-26,0.0001537017913572
2023-07-27,-0.0066520499284261
2023-07-28,0.0097427083869394
2023-07-31,0.0019022320924179
2023-08-01,-0.0028656708129788
2023-08-02,-0.0140084707522254
2023-08-03,-0.0028699721428423
2023-08-04,-0.0045330257784146
2023-08-07,0.0086906553404683
2023-08-08,-0.0043581583971775
2023-08-09,-0.0067076830592388
2023-08-10,0.0003588894044134
2023-08-11,-0.0005832692666972
2023-08-14,0.0055048284199655
2023-08-15,-0.0117172400121628
2023-08-16,-0.0073652217689051
2023-08-17,-0.0076490640767176
2023-08-18,0.0004811958365108
2023-08-21,0.0064852171709036
2023-08-22,-0.0027122888788976
2023-08-23,0.0110761815155133
2023-08-24,-0.0139560043956865
2023-08-25,0.0070250648526638
2023-08-28,0.0063213390295188
2023-08-29,0.0143512952839056
2023-08-30,0.0041103540010763
2023-08-31,-0.0014644620760757
2023-09-01,0.0018634704461354
2023-09-05,-0.0043312978719812
2023-09-06,-0.0067451376778161
2023-09-07,-0.0030749462677503
2023-09-08,0.0015049542106842
2023-09-11,0.0065551051626566
2023-09-12,-0.0055007114369844
2023-09-13,0.0011653100058186
2023-09-14,0.0085854120555252
2023-09-15,-0.0156426055272277
2023-09-18,0.0005862678085058
2023-09-19,-0.002075983848075
2023-09-20,-0.0092358443511525
2023-09-21,-0.0166664771912313
2023-09-22,-0.0022510799334294
2023-09-25,0.0041963720245047
2023-09-26,-0.0148002514791248
2023-09-27,0.0003990537106883
2023-09-28,0.0057807041341903
2023-09-29,-0.0024298563996037
2023-10-02,-0.0003977899326775
2023-10-03,-0.013476470329894
2023-10-04,0.0072555882829349
2023-10-05,-0.0003768516258725
2023-10-06,0.0118028827779387
2023-10-09,0.0063817905591359
2023-10-10,0.0051913408829109
2023-10-11,0.0040879159122369
2023-10-12,-0.0061151105028976
2023-10-13,-0.0049933148572445
2023-10-16,0.0104664913333217
2023-10-17,-4.5913197049638914e-05
2023-10-18,-0.0134146469561727
2023-10-19,-0.0088252320297171
2023-10-20,-0.0123641655898423
2023-10-23,-0.0017347143698367
2023-10-24,0.0075111145612098
2023-10-25,-0.0144561759110546
2023-10-26,-0.0120468874032056
2023-10-27,-0.0045430763647407
2023-10-30,0.0118848839296703
2023-10-31,0.0062606276579255
2023-11-01,0.0106082658144486
2023-11-02,0.0189830311329272
2023-11-03,0.0090820258443754
2023-11-06,0.0022978479156202
2023-11-07,0.0028419955442776
2023-11-08,0.0007321314630716
2023-11-09,-0.0078293198070582
2023-11-10,0.0154843030964144
2023-11-13,-0.0009536397543268
2023-11-14,0.0192149376135878
2023-11-15,0.0021148073588667
2023-11-16,0.001222385298077
2023-11-17,0.001243030384587
2023-11-20,0.0076681247522863
2023-11-21,-0.0021817926592202
2023-11-22,0.0038533997022272
2023-11-24,0.0006151656456207
2023-11-27,-0.0018025831074994
2023-11-28,0.0009896124396357
2023-11-29,-0.000703668547076
2023-11-30,0.0039297282999148
2023-12-01,0.0058984599349508
2023-12-04,-0.0052632354645552
2023-12-05,-0.0001970816221351
2023-12-06,-0.0040379187278644
2023-12-07,0.0076014367088416
2023-12-08,0.0042899386827702
2023-12-11,0.0038820205609058
2023-12-12,0.0045568347107613
2023-12-13,0.01369589962701
2023-12-14,0.0032042334658143
2023-12-15,-0.0056940753497524
2023-12-18,0.0056093096884456
2023-12-19,0.0060624706430893
2023-12-20,-0.0139541794085509
2023-12-21,0.0094372455587657
2023-12-22,0.0020076758121667
2023-12-26,0.0042136373851057
2023-12-27,0.0018064529064549
2023-12-28,0.0003776598313376
2023-12-29,-0.0028991719525495
2024-01-02,-0.0056120736477625
2024-01-03,-0.008200218753116
2024-01-04,-0.0032262780851882
2024-01-05,0.0013687227117205
2024-01-08,0.0141749870305839
2024-01-09,-0.0015182214715403
2024-01-10,0.0056394928069951
2024-01-11,-0.0004407372315755
2024-01-12,0.0006924998916625
2024-01-16,-0.003677981525426
2024-01-17,-0.0055741875449361
2024-01-18,0.0088534942330729
2024-01-19,0.0123891013318604
2024-01-22,0.0021121048272759
2024-01-23,0.0029122370823378
2024-01-24,0.0010925624315369
2024-01-25,0.0054241551788977
2024-01-26,-0.0012712113489856
2024-01-29,0.0078881869366428
2024-01-30,-0.0007737525103342
2024-01-31,-0.0164519142581447
2024-02-01,0.0130032430747263
2024-02-02,0.0104723519236237
2024-02-05,-0.0036478271713354
2024-02-06,0.0028990992604667
2024-02-07,0.008305819554012
2024-02-08,0.0004415833108797
2024-02-09,0.0057627917338097
2024-02-12,-0.0004390453194947
2024-02-13,-0.0138687818389182
2024-02-14,0.0090465952788846
2024-02-15,0.0068760437671022
2024-02-16,-0.0049924218064564
2024-02-20,-0.0055206057201699
2024-02-21,0.0009054231408219
2024-02-22,0.0204842560366507
2024-02-23,0.0006894294879108
2024-02-26,-0.0036692534575609
2024-02-27,0.001856025603427
2024-02-28,-0.001322521947898
2024-02-29,0.0035884984645117
2024-03-01,0.0093444680824013
2024-03-04,-0.0010729900314741
2024-03-05,-0.0100444113894327
2024-03-06,0.0050544537267371
2024-03-07,0.0098774863558246
2024-03-08,-0.0060202929760645
2024-03-11,-0.0008602198798415
2024-03-12,0.0106999257658461
2024-03-13,-0.0015687412440107
2024-03-14,-0.0019787351992332
2024-03-15,-0.0099925217976219
2024-03-18,0.0059255644004162
2024-03-19,0.0055417597145077
2024-03-20,0.0092067906051959
2024-03-21,0.0032992544416057
2024-03-22,-0.0018976059248372
2024-03-25,-0.0027666301033714
2024-03-26,-0.0018487208116597
2024-03-27,0.0083687035822096
2024-03-28,-0.000191114060206
2024-04-01,-0.0017413094278576
2024-04-02,-0.0063784006623978
2024-04-03,0.0010978980906576
2024-04-04,-0.0122811979447206
2024-04-05,0.0103926972273128
2024-04-08,0.0005591824618205
2024-04-09,0.0011560955273918
2024-04-10,-0.0100635858510185
2024-04-11,0.0075185505149699
2024-04-12,-0.0138992252742856
2024-04-15,-0.0126072659321152
2024-04-16,-0.0018254601741845
2024-04-17,-0.0059358214006417
2024-04-18,-0.0020598541449591
2024-04-19,-0.008766665273877
2024-04-22,0.009166993946983
2024-04-23,0.0117967742711436
2024-04-24,-0.0004747299655049
2024-04-25,-0.0038061567197108
2024-04-26,0.0094293152930211
2024-04-29,0.0035352141854628
2024-04-30,-0.0159680609242073
2024-05-01,-0.0032524344116499
2024-05-02,0.0093099652994433
2024-05-03,0.0123191295833303
2024-05-06,0.0102738605270333
2024-05-07,0.0011028380684626
2024-05-08,9.665733795148856e-05
2024-05-09,0.005745331819169
2024-05-10,0.0012872960520189
2024-05-13,0.0001342861323111
2024-05-14,0.0045776594964612
2024-05-15,0.0123069912799785
2024-05-16,-0.0020596279688887
2024-05-17,0.0014365015702952
2024-05-20,0.0011514481474172
2024-05-21,0.0024495269806736
2024-05-22,-0.0028834974288917
2024-05-23,-0.0073310266367182
2024-05-24,0.0065946427895962
2024-05-28,0.0006985983143454
2024-05-29,-0.0070271847679312
2024-05-30,-0.0066558023632013
2024-05-31,0.0090669202532969
2024-06-03,0.0008150207199744
2024-06-04,0.0011172741940039
2024-06-05,0.0118150270544425
2024-06-06,-1.872156590881285e-05
2024-06-07,-0.0012163969596636
2024-06-10,0.0030849976419914
2024-06-11,0.002405421732293
2024-06-12,0.0081794618271372
2024-06-13,0.0020114729065923
2024-06-14,0.0006081975017191
2024-06-17,0.0079274211715892
2024-06-18,0.0025374737586777
2024-06-20,-0.0027202277819783
2024-06-21,-0.0045624768099957
2024-06-24,-0.0032559597055963
2024-06-25,0.0038434848594231
2024-06-26,0.0012473040467964
2024-06-27,0.0015752381681971
2024-06-28,-0.003942869945335
2024-07-01,0.0020559795686297
2024-07-02,0.0067071714634874
2024-07-03,0.0044526723749993
2024-07-05,0.0057499346023595
2024-07-08,0.001153262746924
2024-07-09,0.0009719702134054
2024-07-10,0.0098466519258639
2024-07-11,-0.00865996986307
2024-07-12,0.006287712919899
2024-07-15,0.0027463442535965
2024-07-16,0.0059126336569689
2024-07-17,-0.0141203683180385
2024-07-18,-0.0077145829454094
2024-07-19,-0.0066627270160458
2024-07-22,0.0102571195826869
2024-07-23,-0.0015697793341651
2024-07-24,-0.0229232578215259
2024-07-25,-0.0052239892159594
2024-07-26,0.0111374461180476
2024-07-29,0.0005876006791036
2024-07-30,-0.0050793471875824
2024-07-31,0.0161239162279656
2024-08-01,-0.014262163712746
2024-08-02,-0.0187939188385394
2024-08-05,-0.0295562114864632
2024-08-06,0.0091773260524924
2024-08-07,-0.0067064389437346
2024-08-08,0.0228542054770539
2024-08-09,0.0043999277257457
2024-08-12,0.0005252551924453
2024-08-13,0.016311859783682
2024-08-14,0.003149823485346
2024-08-15,0.0169950066299035
2024-08-16,0.0022395035979679
2024-08-19,0.009515993731818
2024-08-20,-0.0016274080484896
2024-08-21,0.0034306271319162
2024-08-22,-0.0078794586756252
2024-08-23,0.0105693017859652
2024-08-26,-0.0023866838456129
2024-08-27,0.0013721560454702
2024-08-28,-0.0058221903045377
2024-08-29,8.953171475672746e-05
2024-08-30,0.0095007394329253
2024-09-03,-0.0207937073316302
2024-09-04,-0.0020489111776035
2024-09-05,-0.0024351739489822
2024-09-06,-0.0169733521483191
2024-09-09,0.0111340035578982
2024-09-10,0.0043462540822322
2024-09-11,0.0102066768034078
2024-09-12,0.0083880185825045
2024-09-13,0.0052091506870809
2024-09-16,0.0014757829283282
2024-09-17,0.0004085237096515
2024-09-18,-0.0029702599283185
2024-09-19,0.0169204411507317
2024-09-20,-0.004792685833681
2024-09-23,0.0024957530732319
2024-09-24,0.0028572285574197
2024-09-25,-0.0022079491041084
2024-09-26,0.0039568128260835
2024-09-27,-0.0014513709323789
2024-09-30,0.0039992702842677
2024-10-01,-0.0089988433141375
2024-10-02,0.0004219682843773
2024-10-03,-0.0018298524197309
2024-10-04,0.0090462980167999
2024-10-07,-0.0090815554644288
2024-10-08,0.009413104474973
2024-10-09,0.0069025697586391
2024-10-10,-0.0017515586232923
2024-10-11,0.0059703946311481
2024-10-14,0.0081450577196346
2024-10-15,-0.0078000187308598
2024-10-16,0.0043369861093082
2024-10-17,8.58417457111971e-05
2024-10-18,0.0038391931312019
2024-10-21,-0.0016435639908294
2024-10-22,-0.0005312953642281
2024-10-23,-0.0091793828126418
2024-10-24,0.0021603320122126
2024-10-25,-0.0003453607322924
2024-10-28,0.0030866226235923
2024-10-29,0.0016170697000382
2024-10-30,-0.0030298525842253
2024-10-31,-0.0197977908813755
2024-11-01,0.0042116505367727
2024-11-04,-0.0021562536207746
2024-11-05,0.0120192541456443
2024-11-06,0.0245614380462097
2024-11-07,0.0077024060320894
2024-11-08,0.0043223674536198
2024-11-11,0.0009524330364589
2024-11-12,-0.0031112302807517
2024-11-13,0.0004856887278553
2024-11-14,-0.0064509218388801
2024-11-15,-0.0128913255771016
2024-11-18,0.0040889815284696
2024-11-19,0.0036488026509003
2024-11-20,0.0003387740701419
2024-11-21,0.0053539450047312
2024-11-22,0.0030946170222222
2024-11-25,0.0033863431158401
2024-11-26,0.0052079020332436
2024-11-27,-0.0030346627838302
2024-11-29,0.0061928491848251
2024-12-02,0.001790806322498
2024-12-03,0.0004637002034376
2024-12-04,0.0061903350880498
2024-12-05,-0.0016470127648157
2024-12-06,0.001893871047522
2024-12-09,-0.0051629487431873
2024-12-10,-0.0031139338661629
2024-12-11,0.0077009190950897
2024-12-12,-0.0051659309661596
2024-12-13,-0.000198578638197
2024-12-16,0.0042608752402266
2024-12-17,-0.0041285524354204
2024-12-18,-0.0302566376674408
2024-12-19,-0.0003071593026207
2024-12-20,0.0085794517811215
2024-12-23,0.0059704318671821
2024-12-24,0.0110536922688843
2024-12-26,6.658528242378701e-05
2024-12-27,-0.0105823144872536
2024-12-30,-0.0114772507636494
2024-12-31,-0.0036446495858981
2025-01-02,-0.0024600299449544
2025-01-03,0.0124258942342475
2025-01-06,0.0057440475146041
2025-01-07,-0.011368428798641
2025-01-08,0.0014599285435674
2025-01-10,-0.0153851821012612
2025-01-13,0.0015492556723576
2025-01-14,0.0013750458193974
2025-01-15,0.0180265255145474
2025-01-16,-0.0019250180817366
2025-01-17,0.0099898280926383
2025-01-21,0.0091118971322514
2025-01-22,0.0056057074520837
2025-01-23,0.0054432378568486
2025-01-24,-0.002923546640516
2025-01-27,-0.0142463950221211
2025-01-28,0.008555691577218
2025-01-29,-0.004493010193278
2025-01-30,0.0053527584144018
2025-01-31,-0.0053361257854632
2025-02-03,-0.006752312190203
2025-02-04,0.0066858814388869
2025-02-05,0.0040463428446494
2025-02-06,0.0034695900439601
2025-02-07,-0.0091957132920968
2025-02-10,0.006768254750559
2025-02-11,0.0007602664193542
2025-02-12,-0.0032267102294391
2025-02-13,0.0105021949655207
2025-02-14,-4.915126231891812e-05
2025-02-18,0.002931532858393
2025-02-19,0.0023521391767746
2025-02-20,-0.0041690029369718
2025-02-21,-0.0172520677481088
2025-02-24,-0.0045608071591019
2025-02-25,-0.0049855853955938
2025-02-26,0.0005046986109214
2025-02-27,-0.0160906675414261
2025-02-28,0.0154849986346371
2025-03-03,-0.0176751883393956
2025-03-04,-0.0119075257364659
2025-03-05,0.0106905154609463
2025-03-06,-0.0179105740573289
2025-03-07,0.0055892137246351
2025-03-10,-0.0269967399681358
2025-03-11,-0.0083476242544029
2025-03-12,0.0052925109682698
2025-03-13,-0.0134201409839132
2025-03-14,0.0204453507969671
2025-03-17,0.0076817730061309
2025-03-18,-0.0108672717270393
2025-03-19,0.0108319726285186
2025-03-20,-0.002895968288907
2025-03-21,-0.0026738394192555
2025-03-24,0.0177500339541835
2025-03-25,0.0024009699512088
2025-03-26,-0.0120100999126719
2025-03-27,-0.0026592418520149
2025-03-28,-0.0203438693065222
2025-03-31,0.0066903824190193
2025-04-01,0.0028204454330976
2025-04-02,0.0063084712121917
2025-04-03,-0.0505365452163914
2025-04-04,-0.0603265732760082
2025-04-07,-0.0017827667365008
2025-04-08,-0.0157867390863718
2025-04-09,0.0998628025448612
2025-04-10,-0.0448080503743717
2025-04-11,0.0176855026702615
2025-04-14,0.009654693911695
2025-04-15,-0.0028048086018717
2025-04-16,-0.0224787981618062
2025-04-17,0.0014257609576151
2025-04-21,-0.0240905411096313
2025-04-22,0.0256850346936216
2025-04-23,0.0153766343595146
2025-04-24,0.0208304649134713
2025-04-25,0.0071993460608056
2025-04-28,0.0003812307726886
2025-04-29,0.0062796550667411
2025-04-30,0.0003967510937655
2025-05-01,0.0070619476726273
2025-05-02,0.0147351016281458
2025-05-05,-0.0057508540453549
2025-05-06,-0.0083934913435633
2025-05-07,0.0041966874317333
2025-05-08,0.0069436229083764
2025-05-09,-0.0012749615461114
2025-05-12,0.0325130624620671
2025-05-13,0.0065822392404974
2025-05-14,0.0012772154452027
2025-05-15,0.0048724598722339
2025-05-16,0.0063140522204224
2025-05-19,0.0010932483080018
2025-05-20,-0.0033678571569134
2025-05-21,-0.0169943795635726
2025-05-22,0.0003945992615167
2025-05-23,-0.0068491774585169
2025-05-27,0.0205774166457264
2025-05-28,-0.0058022080720109
2025-05-29,0.0039396328472483
2025-05-30,-0.0011191297769231
2025-06-02,0.0056171490582313
2025-06-03,0.0056864297641651
2025-06-04,-0.0002685092163333
2025-06-05,-0.0048445063209598
2025-06-06,0.0102166262352651
2025-06-09,0.0009008492693849
2025-06-10,0.0056537188518663
2025-06-11,-0.0028561537379599
2025-06-12,0.0039664724564183
2025-06-13,-0.0112430915741803
2025-06-16,0.0094692503877365
2025-06-17,-0.008581823000128
2025-06-18,-0.0001506763404068
2025-06-20,-0.0053032263725525
2025-06-23,0.0098290265840359
2025-06-24,0.0109866707733782
2025-06-25,0.0005601216284098
2025-06-26,0.0077933766144878
2025-06-27,0.0049560382927624
2025-06-30,0.0047697980753268
2025-07-01,-0.0003236765254887
2025-07-02,0.0045230473849451
2025-07-03,0.0078505038723208
2025-07-07,-0.00747990535246
2025-07-08,-0.0005478812967819
2025-07-09,0.0059787555627755
2025-07-10,0.0028162878388947
2025-07-11,-0.0035216008393912
2025-07-14,0.0019063989311302
2025-07-15,-0.0042824282681121
2025-07-16,0.0033376520588141
2025-07-17,0.0061010003189439
2025-07-18,-0.0007326435702887
2025-07-21,0.001894380964854
2025-07-22,0.0001430720006943
2025-07-23,0.0084715314057054
2025-07-24,0.0003310042149546
2025-07-25,0.0042154220646665
2025-07-28,-0.0002511273557045
2025-07-29,-0.0026410841631859
2025-07-30,-0.0012601012488224
2025-07-31,-0.0037582825821688
2025-08-01,-0.0165262119595487
2025-08-04,0.0150854293161885
2025-08-05,-0.0050828648353859
2025-08-06,0.0076305087168709
2025-08-07,-0.0008379711399972
2025-08-08,0.0077672931789633
2025-08-11,-0.0019794363383848
2025-08-12,0.0105897543053157
2025-08-13,0.0034172856347253
2025-08-14,9.303100754794766e-05
2026-01-26,0.0050652805902333
2026-01-27,0.0039763343857141
2026-01-28,-0.0001006640625627
2026-01-29,-0.0019863909365824
