date,sentiment,positive,negative,neutral,count,asset_class
2000-02-15,0.6711,0.6816,0.0105,0.3079,1,commodity
2000-02-17,-0.5201,0.0499,0.57,0.38,1,commodity
2000-03-24,-0.3714,0.1075,0.4789,0.4136,1,commodity
2000-04-27,0.2924,0.4277,0.1353,0.437,1,commodity
2000-05-04,0.3613,0.5677,0.2064,0.2259,1,commodity
2000-05-17,-0.3413,0.0349,0.3762,0.5889,1,commodity
2000-05-19,0.4192,0.5284,0.1092,0.3625,1,commodity
2000-05-30,0.1671,0.2321,0.065,0.7029,1,commodity
2000-06-07,-0.544,0.0442,0.5882,0.3677,1,commodity
2000-06-21,0.3303,0.4736,0.1432,0.3832,1,commodity
2000-06-22,0.1455,0.2479,0.1024,0.6497,1,commodity
2000-06-27,0.3422,0.42,0.0778,0.5022,1,commodity
2000-06-28,0.4793,0.5516,0.0723,0.3761,1,commodity
2000-07-08,0.2337,0.2517,0.0181,0.7302,1,commodity
2000-07-11,-0.268,0.1476,0.4156,0.4368,1,commodity
2000-08-24,0.3847,0.408,0.0233,0.5687,1,commodity
2000-09-07,0.1241,0.2726,0.1486,0.5788,1,commodity
2000-09-08,-0.3705,0.0891,0.4595,0.4514,1,commodity
2000-09-14,0.5375,0.6143,0.0768,0.3089,1,commodity
2000-10-10,0.1899,0.3599,0.17,0.4702,1,commodity
2000-10-16,-0.4295,0.0732,0.5027,0.4241,1,commodity
2000-10-17,-0.5892,0.0254,0.6146,0.36,1,commodity
2000-10-23,-0.0684,0.139,0.2074,0.6536,1,commodity
2000-10-26,0.2495,0.4342,0.1847,0.3811,1,commodity
2000-11-01,-0.3019,0.1055,0.4074,0.4871,1,commodity
2000-11-08,0.0138,0.1044,0.0907,0.8049,1,commodity
2000-12-07,-0.5672,0.081,0.6482,0.2708,1,commodity
2000-12-13,-0.259,0.0332,0.2922,0.6745,1,commodity
2000-12-15,0.4269,0.4546,0.0277,0.5177,1,commodity
2001-01-02,-0.3308,0.1585,0.4893,0.3522,1,commodity
2001-01-10,-0.2227,0.1413,0.3639,0.4948,1,commodity
2001-02-02,-0.2265,0.0276,0.2542,0.7182,1,commodity
2001-02-09,-0.3292,0.1116,0.4408,0.4476,1,commodity
2001-02-20,-0.2196,0.0279,0.2475,0.7246,1,commodity
2001-02-22,0.3502,0.4346,0.0845,0.4809,1,commodity
2001-03-05,0.422,0.4893,0.0673,0.4434,1,commodity
2001-03-07,-0.2079,0.0365,0.2444,0.719,1,commodity
2001-03-13,-0.7012,0.0237,0.7249,0.2514,1,commodity
2001-03-20,-0.1818,0.0866,0.2684,0.645,1,commodity
2001-03-29,-0.1494,0.0607,0.21,0.7293,1,commodity
2001-04-10,-0.6956,0.0275,0.7231,0.2495,1,commodity
2001-04-24,0.3868,0.4727,0.086,0.4413,1,commodity
2001-05-03,0.0251,0.2673,0.2422,0.4906,1,commodity
2001-05-17,0.4428,0.5563,0.1134,0.3303,1,commodity
2001-05-18,0.6059,0.6535,0.0476,0.2988,1,commodity
2001-05-30,-0.5761,0.0348,0.6109,0.3542,1,commodity
2001-06-07,-0.4305,0.09,0.5205,0.3895,1,commodity
2001-06-19,-0.1134,0.135,0.2484,0.6166,1,commodity
2001-06-25,0.3372,0.3795,0.0423,0.5782,1,commodity
2001-07-03,0.3731,0.4152,0.0421,0.5427,1,commodity
2001-07-17,0.118,0.4365,0.3185,0.245,1,commodity
2001-09-11,-0.0381,0.2117,0.2498,0.5385,1,commodity
2001-09-20,-0.5072,0.1002,0.6074,0.2924,1,commodity
2001-09-26,0.336,0.5771,0.241,0.1819,1,commodity
2001-10-03,-0.1292,0.2653,0.3945,0.3402,1,commodity
2001-10-17,0.1399,0.20455,0.06465,0.7308,2,commodity
2001-10-23,0.6728,0.7017,0.0289,0.2694,1,commodity
2001-11-02,0.6197,0.633,0.0133,0.3537,1,commodity
2001-11-08,-0.721,0.0221,0.7431,0.2348,1,commodity
2001-11-14,0.3804,0.3942,0.0138,0.592,1,commodity
2001-11-15,-0.8256,0.0312,0.8568,0.1119,1,commodity
2001-11-30,-0.1777,0.0302,0.2079,0.7619,1,commodity
2001-12-10,-0.0734,0.072,0.1454,0.7826,1,commodity
2001-12-18,0.1427,0.1798,0.0371,0.7831,1,commodity
2002-01-03,-0.6321,0.0426,0.6747,0.2827,1,commodity
2002-01-14,0.1774,0.2082,0.0309,0.7609,1,commodity
2002-01-23,-0.5814,0.0206,0.602,0.3774,1,commodity
2002-02-05,-0.6809,0.0192,0.7001,0.2807,1,commodity
2002-02-11,0.8602,0.8791,0.0189,0.1021,1,commodity
2002-02-14,0.5266,0.5804,0.0538,0.3658,1,commodity
2002-02-25,-0.5072,0.1163,0.6236,0.2601,1,commodity
2002-02-28,0.315,0.3503,0.0353,0.6143,1,commodity
2002-03-05,-0.0592,0.2375,0.2967,0.4658,1,commodity
2002-03-12,0.5455,0.6242,0.0786,0.2972,1,commodity
2002-03-14,-0.2945,0.0391,0.3336,0.6273,1,commodity
2002-03-20,0.4958,0.5597,0.0639,0.3764,1,commodity
2002-03-21,0.3833,0.458,0.0748,0.4672,1,commodity
2002-03-22,0.574,0.6227,0.0488,0.3285,1,commodity
2002-03-26,0.2019,0.2625,0.0606,0.6769,1,commodity
2002-04-05,-0.5822,0.0169,0.5991,0.384,1,commodity
2002-04-15,-0.164,0.0273,0.1912,0.7815,1,commodity
2002-04-29,-0.2889,0.1377,0.4266,0.4357,1,commodity
2002-05-03,-0.1054,0.121,0.2264,0.6525,1,commodity
2002-05-09,0.47125,0.50365,0.032350000000000004,0.46405,2,commodity
2002-05-10,0.4284,0.56695,0.13855,0.2945,2,commodity
2002-05-17,-0.3128,0.1455,0.4583,0.3962,1,commodity
2002-05-22,0.35195,0.4102,0.0582,0.5316,2,commodity
2002-05-23,0.1166,0.1611,0.0445,0.7944,1,commodity
2002-05-24,-0.7257,0.0192,0.7449,0.236,1,commodity
2002-05-28,-0.033,0.2178,0.2508,0.5314,1,commodity
2002-05-30,-0.5522,0.034,0.5862,0.3798,1,commodity
2002-06-03,0.3265,0.4518,0.1253,0.42290000000000005,2,commodity
2002-06-10,0.0394,0.0731,0.0337,0.8932,1,commodity
2002-06-11,0.2277,0.2881,0.0605,0.6514,1,commodity
2002-06-12,0.4524,0.4909,0.0385,0.4706,1,commodity
2002-06-13,-0.6937,0.0349,0.7286,0.2365,1,commodity
2002-06-14,0.3634,0.3878,0.0245,0.5877,1,commodity
2002-06-17,-0.1515,0.0852,0.2367,0.6781,1,commodity
2002-06-27,0.1159,0.3497,0.2337,0.4166,1,commodity
2002-06-28,-0.2908,0.0665,0.3573,0.5762,1,commodity
2002-07-05,0.5901,0.6099,0.0199,0.3702,1,commodity
2002-07-08,-0.0699,0.3058,0.3757,0.3185,1,commodity
2002-07-11,-0.2839,0.1296,0.4135,0.4569,1,commodity
2002-07-15,-0.5658,0.0281,0.5939,0.3781,1,commodity
2002-07-19,0.2357,0.3819,0.1463,0.4718,1,commodity
2002-07-22,-0.5335,0.0495,0.583,0.3675,1,commodity
2002-07-31,0.1138,0.2865,0.1727,0.5408,1,commodity
2002-08-01,-0.2963,0.1399,0.4362,0.4239,1,commodity
2002-08-02,0.6746,0.7202,0.0456,0.2343,1,commodity
2002-08-06,0.3021,0.5608,0.2587,0.1805,1,commodity
2002-08-08,-0.565,0.0467,0.6117,0.3416,1,commodity
2002-08-14,-0.3571,0.0988,0.4558,0.4454,1,commodity
2002-08-27,0.1678,0.4146,0.2468,0.3386,1,commodity
2002-09-05,0.2267,0.4125,0.1858,0.4017,1,commodity
2002-09-11,-0.5347,0.031,0.5657,0.4033,1,commodity
2002-09-23,0.1238,0.1606,0.0368,0.8026,1,commodity
2002-09-29,-0.0558,0.0758,0.1316,0.7927,1,commodity
2002-09-30,0.6496,0.7077,0.0581,0.2343,1,commodity
2002-10-11,0.149,0.2309,0.0819,0.6872,1,commodity
2002-10-15,-0.2187,0.0301,0.2488,0.7211,1,commodity
2002-10-19,-0.7623,0.0167,0.779,0.2043,1,commodity
2002-10-30,-0.2248,0.2247,0.4495,0.3258,1,commodity
2002-11-27,0.0448,0.06,0.0152,0.9247,1,commodity
2002-12-02,-0.5243,0.0734,0.5977,0.3288,1,commodity
2002-12-06,0.7591,0.774,0.0149,0.2111,1,commodity
2002-12-12,0.4695,0.5275,0.058,0.4145,1,commodity
2002-12-13,-0.04824999999999999,0.24655,0.29479999999999995,0.45865,2,commodity
2002-12-16,-0.07379999999999999,0.1612,0.23500000000000001,0.60385,2,commodity
2002-12-20,0.0612,0.1629,0.1018,0.7353,1,commodity
2002-12-23,0.6107,0.6486500000000001,0.03795,0.3134,2,commodity
2002-12-26,-0.4601,0.065,0.5252,0.4098,1,commodity
2003-01-06,-0.0375,0.2585,0.296,0.4456,1,commodity
2003-01-14,-0.3595,0.1118,0.4713,0.4169,1,commodity
2003-01-16,0.4859,0.5872,0.1013,0.3115,1,commodity
2003-01-21,0.5827,0.62325,0.04055,0.3362,2,commodity
2003-01-23,0.67,0.6967,0.0267,0.2766,1,commodity
2003-02-04,0.09165,0.1434,0.0518,0.8048,2,commodity
2003-02-05,0.04055,0.2775,0.23695,0.48555000000000004,2,commodity
2003-02-07,0.5699,0.6074,0.0375,0.3552,1,commodity
2003-02-10,-0.3006,0.14103333333333334,0.44166666666666665,0.4173,3,commodity
2003-02-11,-0.14239999999999997,0.1339,0.27635,0.58975,2,commodity
2003-02-12,-0.7402,0.0154,0.7556,0.229,1,commodity
2003-02-14,-0.6388,0.0173,0.6561,0.3266,1,commodity
2003-02-18,-0.58265,0.0224,0.60505,0.37255,2,commodity
2003-02-26,-0.6618,0.0835,0.7453,0.1711,1,commodity
2003-03-18,0.6033,0.63,0.0267,0.3433,1,commodity
2003-03-20,-0.3947,0.0832,0.4779,0.4389,1,commodity
2003-03-21,-0.4316,0.0791,0.5107,0.4102,1,commodity
2003-03-24,0.5329,0.5536,0.0207,0.4258,1,commodity
2003-03-30,0.6643,0.6815,0.0172,0.3013,1,commodity
2003-04-02,-0.5308,0.0183,0.5492,0.4325,1,commodity
2003-04-03,-0.6143000000000001,0.0353,0.6496500000000001,0.315,2,commodity
2003-04-07,-0.2833,0.08755,0.37085,0.5416,2,commodity
2003-04-08,0.4794,0.5102,0.0308,0.459,1,commodity
2003-04-09,0.5555333333333333,0.5884333333333334,0.032933333333333335,0.37860000000000005,3,commodity
2003-04-17,0.0056,0.0845,0.0789,0.8366,1,commodity
2003-04-21,0.1443,0.2429,0.0985,0.6586,1,commodity
2003-04-24,0.3835,0.4922,0.1087,0.399,1,commodity
2003-04-25,0.2323,0.4935,0.2613,0.2452,1,commodity
2003-05-01,0.6527,0.6793,0.0266,0.2942,1,commodity
2003-05-06,0.26254999999999995,0.41545000000000004,0.1529,0.4317,2,commodity
2003-05-09,-0.2344,0.199,0.4334,0.3676,1,commodity
2003-05-12,0.3132,0.4417,0.1286,0.4297,1,commodity
2003-05-14,0.75515,0.78345,0.0283,0.1882,2,commodity
2003-05-16,-0.3364,0.1306,0.4669,0.4025,1,commodity
2003-05-19,0.51335,0.5808,0.0675,0.35165,2,commodity
2003-05-21,0.2561,0.4088,0.1526,0.4386,1,commodity
2003-05-23,0.0512,0.0782,0.027,0.8948,1,commodity
2003-05-27,0.0327,0.2909,0.2581,0.451,1,commodity
2003-05-28,-0.7612,0.0153,0.7766,0.2081,1,commodity
2003-05-30,-0.6345,0.0201,0.6546,0.3253,1,commodity
2003-06-02,-0.6614,0.0396,0.7009,0.2595,1,commodity
2003-06-09,-0.4215,0.0554,0.4769,0.4677,1,commodity
2003-06-11,0.5449999999999999,0.5729500000000001,0.0279,0.39915,2,commodity
2003-06-12,0.1541,0.4008,0.2467,0.3526,1,commodity
2003-06-13,-0.4953,0.0321,0.5274,0.4404,1,commodity
2003-06-16,0.1399,0.3363,0.1965,0.4672,1,commodity
2003-06-18,0.0628,0.0888,0.026,0.8852,1,commodity
2003-06-19,0.1178,0.1354,0.0176,0.847,1,commodity
2003-06-23,0.0899,0.23,0.1401,0.6298,1,commodity
2003-06-25,-0.011399999999999966,0.3388,0.35025,0.311,2,commodity
2003-06-26,0.2302,0.3639,0.1337,0.5024,1,commodity
2003-06-27,-0.015849999999999975,0.30985,0.3257,0.36445,2,commodity
2003-07-02,-0.0195,0.0683,0.0878,0.8439,1,commodity
2003-07-03,0.4801,0.5294,0.0492,0.4214,1,commodity
2003-07-10,-0.3565,0.1114,0.4679,0.4206,1,commodity
2003-07-15,-0.6507,0.017,0.6677,0.3153,1,commodity
2003-07-16,-0.0777,0.1048,0.1825,0.7127,1,commodity
2003-07-23,0.551,0.6583,0.1073,0.2344,1,commodity
2003-07-25,0.6015,0.6478,0.0463,0.3059,1,commodity
2003-07-29,0.2218,0.3537,0.1319,0.5143,1,commodity
2003-07-30,-0.5786,0.0448,0.6234,0.3318,1,commodity
2003-08-01,-0.2856,0.2259,0.5115,0.2627,2,commodity
2003-08-04,0.0309,0.06,0.0291,0.9109,1,commodity
2003-08-05,-0.2415,0.1007,0.3422,0.5571,1,commodity
2003-08-11,0.4502,0.4948,0.0446,0.4605,1,commodity
2003-08-12,-0.5586,0.0252,0.5838,0.3911,1,commodity
2003-08-13,0.30773333333333336,0.3616333333333333,0.053866666666666674,0.5844999999999999,3,commodity
2003-08-14,0.6045,0.6241,0.0196,0.3564,1,commodity
2003-08-15,-0.2989,0.1363,0.4353,0.4284,1,commodity
2003-08-18,-0.0198,0.0584,0.0781,0.8635,1,commodity
2003-08-21,-0.2496,0.184,0.4336,0.3823,1,commodity
2003-08-22,-0.4675,0.0688,0.5363,0.395,1,commodity
2003-08-25,-0.5549,0.0304,0.5853,0.3843,1,commodity
2003-08-27,0.708,0.7461,0.0381,0.2157,1,commodity
2003-08-29,0.5346,0.6924,0.1579,0.1497,1,commodity
2003-09-02,-0.5715,0.0194,0.591,0.3896,1,commodity
2003-09-03,0.523,0.556,0.033,0.4111,1,commodity
2003-09-04,-0.5432,0.0486,0.5918,0.3596,1,commodity
2003-09-05,0.36224999999999996,0.39315,0.03085,0.576,2,commodity
2003-09-08,-0.44105,0.105,0.54605,0.34895,2,commodity
2003-09-09,0.31983333333333336,0.3717,0.05183333333333334,0.5764666666666667,3,commodity
2003-09-15,-0.55615,0.0557,0.6119,0.33240000000000003,2,commodity
2003-09-19,0.6629,0.6974,0.0345,0.2681,1,commodity
2003-09-22,0.54955,0.5889,0.039349999999999996,0.3718,2,commodity
2003-09-25,0.2266,0.2654,0.0389,0.6957,1,commodity
2003-09-28,0.0851,0.1055,0.0203,0.8742,1,commodity
2003-09-30,0.8085,0.8382,0.0297,0.132,1,commodity
2003-10-01,-0.7471,0.0183,0.7654,0.2163,1,commodity
2003-10-02,0.2716,0.4063,0.1347,0.459,1,commodity
2003-10-03,-0.5948,0.0221,0.6169,0.361,1,commodity
2003-10-08,0.5326,0.6087,0.0761,0.3152,1,commodity
2003-10-13,0.4814,0.5431,0.0617,0.3952,1,commodity
2003-10-14,0.0421,0.061,0.0189,0.9201,1,commodity
2003-10-16,0.2543,0.4405,0.1862,0.3732,1,commodity
2003-10-23,-0.28065,0.1333,0.41395,0.4527,2,commodity
2003-10-27,-0.038950000000000005,0.1837,0.22265000000000001,0.59365,2,commodity
2003-10-28,-0.179,0.0314,0.2104,0.7582,1,commodity
2003-10-31,-0.09559999999999996,0.31505,0.41064999999999996,0.2743,2,commodity
2003-11-04,0.5395,0.6021,0.0626,0.3354,1,commodity
2003-11-05,0.1563,0.2506,0.0943,0.6551,1,commodity
2003-11-06,-0.64115,0.02745,0.66855,0.304,2,commodity
2003-11-10,-0.18005,0.134,0.31410000000000005,0.5519000000000001,2,commodity
2003-11-12,0.6195999999999999,0.66435,0.044700000000000004,0.29095,2,commodity
2003-11-17,-0.3064,0.1147,0.4211,0.4642,1,commodity
2003-11-19,-0.5983,0.0375,0.6358,0.3267,1,commodity
2003-11-24,-0.5428,0.0418,0.5846,0.3735,1,commodity
2003-11-28,0.5122,0.5742,0.062,0.3637,1,commodity
2003-12-01,0.3019,0.3426,0.0407,0.6167,1,commodity
2003-12-03,-0.1193,0.1824,0.3016,0.516,1,commodity
2003-12-09,-0.2532,0.1558,0.409,0.4352,1,commodity
2003-12-15,-0.4389,0.0498,0.4887,0.4615,1,commodity
2003-12-16,-0.4807,0.0348,0.5154,0.4498,1,commodity
2003-12-19,-0.38989999999999997,0.09436666666666667,0.4842666666666666,0.42133333333333334,3,commodity
2003-12-23,0.10060000000000002,0.35325,0.25265,0.39415,2,commodity
2003-12-26,0.53305,0.6055999999999999,0.07255,0.3219,2,commodity
2003-12-29,0.1425,0.1766,0.0341,0.7893,1,commodity
2003-12-30,0.28745,0.35765,0.07020000000000001,0.57215,2,commodity
2003-12-31,0.6338,0.6499,0.0161,0.3341,1,commodity
2004-01-08,0.4424,0.4968,0.0545,0.4487,1,commodity
2004-01-09,0.1439,0.2372,0.0932,0.6696,1,commodity
2004-01-13,-0.5215,0.0249,0.5464,0.4286,1,commodity
2004-01-14,-0.31405,0.22190000000000001,0.53595,0.24215,2,commodity
2004-01-15,-0.573,0.02635,0.59935,0.37424999999999997,2,commodity
2004-01-20,0.5625,0.5875,0.025,0.3874,1,commodity
2004-01-21,0.2794,0.4064,0.127,0.4665,1,commodity
2004-01-23,0.5087,0.5299,0.0212,0.4489,1,commodity
2004-01-26,-0.35329999999999995,0.07629999999999999,0.4296,0.49405,2,commodity
2004-01-27,0.0216,0.2911,0.2695,0.4394,1,commodity
2004-01-28,-0.1938,0.1357,0.3295,0.5348,1,commodity
2004-01-29,-0.7266,0.0169,0.7435,0.2396,1,commodity
2004-02-03,0.7166,0.7356,0.019,0.2454,1,commodity
2004-02-05,0.2073,0.4066,0.1994,0.394,1,commodity
2004-02-06,-0.3532,0.1543,0.5075,0.3382,1,commodity
2004-02-11,0.2274,0.42,0.1926,0.38744999999999996,2,commodity
2004-02-12,0.20605,0.3917,0.18564999999999998,0.42264999999999997,2,commodity
2004-02-13,-0.1934,0.15203333333333333,0.3454,0.5026,3,commodity
2004-02-17,0.42635,0.5374,0.11105,0.35155000000000003,2,commodity
2004-02-18,-0.10849999999999999,0.28255,0.39104999999999995,0.3264,2,commodity
2004-02-19,-0.1198,0.1302,0.25,0.6197,1,commodity
2004-02-20,-0.6498,0.0317,0.6815,0.2868,1,commodity
2004-02-23,0.3332,0.441,0.1078,0.4512,1,commodity
2004-02-24,0.4141,0.4563,0.0422,0.5015,1,commodity
2004-02-26,-0.2119,0.1581,0.37,0.4719,1,commodity
2004-03-01,0.20026666666666668,0.26463333333333333,0.0644,0.6709999999999999,3,commodity
2004-03-02,-0.68835,0.017,0.7054,0.27759999999999996,2,commodity
2004-03-09,0.2951,0.41495,0.11989999999999999,0.46515,2,commodity
2004-03-11,0.4987,0.564,0.0653,0.3707,1,commodity
2004-03-12,-0.7848,0.0142,0.799,0.1868,1,commodity
2004-03-17,0.2659,0.39525,0.12940000000000002,0.47535,2,commodity
2004-03-18,0.18664999999999998,0.3509,0.16425,0.48485,2,commodity
2004-03-22,0.5254,0.5466,0.0212,0.4323,1,commodity
2004-03-23,0.4402,0.4869,0.0467,0.4665,1,commodity
2004-03-24,-0.1431,0.18905,0.33215,0.4788,2,commodity
2004-03-30,0.7185,0.7648,0.0463,0.1888,1,commodity
2004-04-01,-0.3264,0.0989,0.4254,0.4757,1,commodity
2004-04-02,0.1733,0.4357,0.26239999999999997,0.3019,2,commodity
2004-04-06,0.4304,0.4967,0.0662,0.4371,1,commodity
2004-04-07,0.0401,0.3041,0.264,0.432,2,commodity
2004-04-08,-0.6258,0.0198,0.6456,0.3346,1,commodity
2004-04-20,-0.7777,0.0161,0.7938,0.1901,1,commodity
2004-04-21,-0.4887,0.0417,0.5305,0.4278,1,commodity
2004-04-23,-0.4332,0.0662,0.4993,0.4345,1,commodity
2004-04-27,-0.2824,0.0849,0.3673,0.5479,1,commodity
2004-05-05,-0.4103,0.0831,0.4934,0.4235,1,commodity
2004-05-07,-0.5261,0.0205,0.5466,0.4328,1,commodity
2004-05-10,-0.5542,0.0284,0.5825,0.3891,1,commodity
2004-05-11,-0.6406,0.023,0.6636,0.3133,1,commodity
2004-05-14,0.0671,0.3146,0.2474,0.438,1,commodity
2004-05-17,0.153,0.3197,0.1667,0.5136,1,commodity
2004-05-19,0.2629,0.3724,0.1094,0.5182,1,commodity
2004-05-20,-0.549,0.028,0.5771,0.3949,1,commodity
2004-05-21,0.5718,0.5935,0.0217,0.3848,1,commodity
2004-05-27,0.1748,0.1969,0.0221,0.7811,1,commodity
2004-05-28,0.1177,0.1417,0.024,0.8342,1,commodity
2004-06-01,-0.5619,0.0341,0.596,0.37,1,commodity
2004-06-07,0.5498,0.5701,0.0202,0.4097,1,commodity
2004-06-09,-0.5438,0.0355,0.5793,0.3852,1,commodity
2004-06-15,-0.5336,0.0358,0.5693,0.3949,1,commodity
2004-06-18,0.5379,0.5577,0.0198,0.4225,1,commodity
2004-06-22,0.6938,0.7099,0.0161,0.274,1,commodity
2004-06-23,0.6363,0.6579,0.0215,0.3206,1,commodity
2004-06-24,-0.10070000000000001,0.22495,0.3257,0.44935,2,commodity
2004-06-28,-0.6539,0.0138,0.6676,0.3186,1,commodity
2004-07-01,0.4303,0.4896,0.0593,0.4512,1,commodity
2004-07-02,0.3828,0.5076,0.1248,0.3676,1,commodity
2004-07-06,0.3396,0.4525,0.1129,0.4345,1,commodity
2004-07-08,-0.5268,0.0251,0.5519,0.4231,1,commodity
2004-07-12,-0.0475,0.2249,0.2725,0.5026,1,commodity
2004-07-13,-0.5233,0.061799999999999994,0.5851500000000001,0.35305,2,commodity
2004-07-14,0.6139,0.6584,0.0445,0.2971,1,commodity
2004-07-15,0.01730000000000001,0.2958,0.27849999999999997,0.42569999999999997,2,commodity
2004-07-19,0.6455,0.6634,0.0179,0.3188,1,commodity
2004-07-20,-0.54225,0.03265,0.5749,0.39244999999999997,2,commodity
2004-07-22,-0.29259999999999997,0.14465,0.43727499999999997,0.41805000000000003,4,commodity
2004-07-27,-0.221275,0.1661,0.38734999999999997,0.44655,4,commodity
2004-07-28,0.09723333333333332,0.2884,0.19113333333333335,0.5205000000000001,3,commodity
2004-07-30,-0.17679999999999998,0.22166666666666665,0.3984666666666667,0.37986666666666663,3,commodity
2004-08-02,-0.6699,0.0491,0.719,0.2319,1,commodity
2004-08-03,-0.5557,0.0263,0.582,0.3916,1,commodity
2004-08-04,0.6484,0.6666,0.0182,0.3152,1,commodity
2004-08-05,-0.5681333333333333,0.029633333333333334,0.5978,0.3726,3,commodity
2004-08-06,0.6391,0.6685,0.0294,0.3022,1,commodity
2004-08-09,-0.21639999999999998,0.1727,0.38905,0.43825000000000003,2,commodity
2004-08-10,-0.51955,0.02695,0.54655,0.4265,2,commodity
2004-08-11,-0.11694999999999997,0.2237,0.3407,0.4356,2,commodity
2004-08-12,-0.5588,0.0247,0.5836,0.3917,1,commodity
2004-08-13,-0.5776,0.0212,0.5988,0.38,1,commodity
2004-08-17,-0.1466,0.1917,0.3383,0.47,1,commodity
2004-08-19,0.4277,0.46925,0.04155,0.489225,4,commodity
2004-08-23,-0.5527666666666667,0.031566666666666666,0.5843666666666666,0.3840666666666666,3,commodity
2004-08-24,-0.5892999999999999,0.024,0.6133,0.3628,2,commodity
2004-08-25,0.4093,0.486675,0.07735,0.43594999999999995,4,commodity
2004-08-27,-0.5255,0.0223,0.5478,0.4299,1,commodity
2004-08-30,0.5381,0.5597,0.0215,0.4188,1,commodity
2004-08-31,0.1612,0.37506666666666666,0.21383333333333332,0.4111,3,commodity
2004-09-01,-0.5657,0.0282,0.5939,0.3779,2,commodity
2004-09-02,-0.2924,0.08436666666666666,0.3767333333333333,0.5388666666666667,3,commodity
2004-09-07,-0.3872,0.06163333333333334,0.4488666666666666,0.4895333333333333,3,commodity
2004-09-08,0.08113333333333331,0.3256,0.2444666666666667,0.4299666666666666,3,commodity
2004-09-09,0.6535,0.6718,0.0183,0.3098,1,commodity
2004-09-10,0.5672,0.5896,0.0224,0.388,1,commodity
2004-09-15,-0.5523,0.0557,0.608,0.3363,1,commodity
2004-09-21,0.4666,0.477,0.0105,0.5125,1,commodity
2004-09-23,0.5711,0.6017,0.0306,0.3677,1,commodity
2004-09-29,0.1133,0.1581,0.0449,0.797,1,commodity
2004-09-30,0.701,0.7376,0.0366,0.2258,1,commodity
2004-10-01,-0.5535,0.0317,0.5852,0.3832,1,commodity
2004-10-03,0.094,0.1313,0.0373,0.8314,1,commodity
2004-10-04,-0.555,0.0232,0.5782,0.3986,1,commodity
2004-10-05,0.5871,0.6169,0.0298,0.3533,2,commodity
2004-10-06,-0.5726,0.0234,0.596,0.3806,2,commodity
2004-10-07,0.2243,0.47109999999999996,0.24675,0.28215,2,commodity
2004-10-08,0.3385,0.4194,0.0809,0.4997,1,commodity
2004-10-11,-0.5412,0.0231,0.5643,0.4126,1,commodity
2004-10-12,-0.5522666666666667,0.0322,0.5844333333333334,0.38339999999999996,3,commodity
2004-10-15,-0.6009,0.0705,0.6715,0.258,1,commodity
2004-10-18,-0.030100000000000016,0.21266666666666667,0.24273333333333336,0.5446333333333333,3,commodity
2004-10-20,0.26611666666666667,0.3263,0.06016666666666665,0.6135166666666668,6,commodity
2004-10-21,-0.306,0.1217,0.4278,0.4505,1,commodity
2004-10-25,0.45447499999999996,0.557375,0.102925,0.3397,4,commodity
2004-10-26,-0.3616,0.049966666666666666,0.4115,0.5385,3,commodity
2004-10-27,-0.5167,0.037,0.5537,0.4093,1,commodity
2004-10-28,0.31389999999999996,0.45410000000000006,0.14024999999999999,0.40559999999999996,2,commodity
2004-10-29,0.7025,0.7255499999999999,0.023100000000000002,0.25135,2,commodity
2004-11-01,-0.5372,0.0543,0.5914,0.3543,1,commodity
2004-11-02,-0.19419999999999998,0.12535000000000002,0.31955,0.55505,2,commodity
2004-11-03,0.4174,0.4702,0.0529,0.4769,1,commodity
2004-11-05,0.5528,0.5856,0.0327,0.38170000000000004,2,commodity
2004-11-08,-0.5166,0.0278,0.5444,0.4278,1,commodity
2004-11-09,0.5654,0.5864,0.021,0.3926,1,commodity
2004-11-10,-0.5326,0.0318,0.5644,0.4038,1,commodity
2004-11-11,0.526,0.54825,0.02225,0.42945,2,commodity
2004-11-12,0.64825,0.6816,0.03335,0.28504999999999997,2,commodity
2004-11-15,-0.5285,0.0306,0.5591,0.4102,1,commodity
2004-11-17,0.2753,0.3394,0.0641,0.5965,1,commodity
2004-11-18,-0.06825,0.24825,0.3165,0.43525,2,commodity
2004-11-19,0.4752,0.5217,0.0465,0.4317,1,commodity
2004-11-22,0.2192,0.273,0.05385,0.67315,2,commodity
2004-11-23,-0.25606666666666666,0.16933333333333334,0.42543333333333333,0.4052,3,commodity
2004-11-24,0.5384500000000001,0.56285,0.024399999999999998,0.41269999999999996,2,commodity
2004-11-29,0.09659999999999998,0.32706,0.23048000000000002,0.44245999999999996,5,commodity
2004-11-30,-0.4237,0.04046666666666667,0.46416666666666667,0.49543333333333334,3,commodity
2004-12-01,0.5546,0.6438,0.0892,0.267,1,commodity
2004-12-02,0.28645,0.31405,0.027549999999999998,0.6584,2,commodity
2004-12-03,0.03631666666666666,0.3545833333333334,0.3183,0.32713333333333333,6,commodity
2004-12-06,-0.5122666666666666,0.06333333333333334,0.5756,0.3611,3,commodity
2004-12-07,-0.7657,0.0182,0.7839,0.19795,2,commodity
2004-12-08,-0.570225,0.024024999999999998,0.5942000000000001,0.381775,4,commodity
2004-12-10,-0.6594500000000001,0.01645,0.6759,0.30765,2,commodity
2004-12-13,0.5778,0.6143,0.0365,0.3492,1,commodity
2004-12-14,-0.50115,0.0716,0.5728,0.3556,2,commodity
2004-12-15,0.5874666666666667,0.6241,0.03663333333333333,0.33923333333333333,3,commodity
2004-12-16,0.2118,0.4167,0.205,0.3783,1,commodity
2004-12-17,0.5546,0.5765,0.022,0.4015,1,commodity
2004-12-22,-0.27296666666666664,0.13893333333333333,0.41193333333333326,0.4491333333333334,3,commodity
2004-12-23,0.20993333333333333,0.3798333333333333,0.16990000000000002,0.45026666666666665,3,commodity
2004-12-27,0.309,0.437925,0.128925,0.4331,4,commodity
2005-01-03,-0.5112,0.05023333333333333,0.5614666666666667,0.38830000000000003,3,commodity
2005-01-06,-0.007749999999999979,0.3468,0.35455,0.29869999999999997,2,commodity
2005-01-07,-0.013500000000000012,0.30125,0.31475,0.384,2,commodity
2005-01-10,0.45799999999999996,0.5130333333333333,0.055066666666666673,0.4318666666666666,3,commodity
2005-01-12,0.3997,0.4683,0.0686,0.463,1,commodity
2005-01-13,-0.6421333333333333,0.026333333333333334,0.6684666666666667,0.30519999999999997,3,commodity
2005-01-14,0.15690000000000004,0.4684,0.3115,0.22015,2,commodity
2005-01-18,0.07967500000000002,0.27775,0.198025,0.5242249999999999,4,commodity
2005-01-19,-0.019620000000000037,0.28434,0.30394,0.41167999999999993,5,commodity
2005-01-20,-0.5690999999999999,0.02245,0.59155,0.38605,2,commodity
2005-01-21,0.0883,0.22565000000000002,0.13735,0.637,2,commodity
2005-01-24,-0.2865,0.026,0.3125,0.6615,1,commodity
2005-01-25,-0.27006,0.10030000000000001,0.37038000000000004,0.52934,5,commodity
2005-01-26,0.5846,0.6086,0.024,0.3673,1,commodity
2005-01-27,-0.55935,0.02595,0.58535,0.3887,2,commodity
2005-02-01,-0.602,0.01925,0.6213,0.35945,2,commodity
2005-02-02,-0.5457000000000001,0.02255,0.5682499999999999,0.4092,2,commodity
2005-02-03,-0.8291,0.0124,0.8415,0.1461,1,commodity
2005-02-04,-0.56525,0.026999999999999996,0.5922499999999999,0.38075000000000003,2,commodity
2005-02-08,-0.18275000000000002,0.034050000000000004,0.21685,0.7491,2,commodity
2005-02-10,0.69,0.70785,0.01785,0.2743,2,commodity
2005-02-14,-0.52405,0.02645,0.5505,0.42305000000000004,2,commodity
2005-02-15,-0.5085,0.0296,0.5382,0.4322,1,commodity
2005-02-17,-0.0972,0.1215,0.2187,0.6598,1,commodity
2005-02-24,0.472,0.4972,0.0251,0.4777,1,commodity
2005-03-03,0.679,0.6968,0.0178,0.2854,1,commodity
2005-03-07,0.5254,0.5495,0.0242,0.4263,1,commodity
2005-03-08,-0.3229,0.0523,0.3752,0.5725,1,commodity
2005-03-10,-0.0654,0.1491,0.2145,0.6364,1,commodity
2005-03-11,-0.1493,0.1783,0.3276,0.4941,1,commodity
2005-03-15,-0.5372,0.0334,0.5706,0.396,1,commodity
2005-03-21,-0.5118,0.0334,0.5452,0.42145,2,commodity
2005-03-22,0.0635,0.0842,0.0207,0.8951,1,commodity
2005-03-24,-0.0152,0.0575,0.0727,0.8698,1,commodity
2005-03-30,0.30029999999999996,0.3417,0.04135,0.61695,2,commodity
2005-04-03,0.0869,0.1255,0.0386,0.8359,1,commodity
2005-04-04,0.21819999999999998,0.40845,0.19025,0.40135,2,commodity
2005-04-12,0.693,0.7093,0.0163,0.2744,1,commodity
2005-04-15,0.1208,0.1587,0.0379,0.8033,1,commodity
2005-04-18,0.0945,0.1408,0.0463,0.8128,1,commodity
2005-05-09,0.07023333333333336,0.227,0.1568,0.6162000000000001,3,commodity
2005-05-10,-0.0584,0.2717,0.3301,0.3983,1,commodity
2005-05-13,-0.1589,0.2473,0.4062,0.3465,1,commodity
2005-05-31,0.0362,0.0546,0.0184,0.927,1,commodity
2005-06-02,-0.0021,0.207,0.2092,0.5838,1,commodity
2005-06-11,0.0043,0.1423,0.138,0.7197,1,commodity
2005-06-16,0.4308,0.45985,0.02905,0.5111,2,commodity
2005-06-17,0.7277,0.7607,0.033,0.2062,1,commodity
2005-06-23,-0.7169,0.0203,0.7372,0.2425,1,commodity
2005-06-24,-0.4812,0.0524,0.5336,0.4141,1,commodity
2005-06-27,0.2127,0.2397,0.027,0.7332,1,commodity
2005-06-28,-0.2194,0.0903,0.3097,0.6001,1,commodity
2005-06-29,0.36215,0.389,0.02685,0.5841,2,commodity
2005-07-01,-0.2456,0.180225,0.425825,0.393925,4,commodity
2005-07-05,-0.53545,0.02815,0.5636,0.4082,2,commodity
2005-07-06,0.14473333333333335,0.4048333333333334,0.2601333333333333,0.33499999999999996,3,commodity
2005-07-11,0.2355,0.3923,0.1568,0.45089999999999997,2,commodity
2005-07-12,0.2048,0.3956,0.1908,0.4136,1,commodity
2005-07-13,-0.5079,0.043,0.5508500000000001,0.4062,2,commodity
2005-07-14,-0.6575,0.02525,0.68275,0.2919,2,commodity
2005-07-18,-0.695,0.021,0.716,0.2631,1,commodity
2005-07-19,-0.45055,0.052000000000000005,0.50255,0.4455,2,commodity
2005-07-20,0.34565,0.44445,0.0988,0.45675,2,commodity
2005-07-21,0.0933,0.2906,0.1973,0.512,1,commodity
2005-07-22,0.004,0.2706,0.2666,0.4629,1,commodity
2005-07-25,-0.048150000000000026,0.31625,0.3644,0.31935,2,commodity
2005-07-26,-0.5179,0.0255,0.5435,0.431,1,commodity
2005-07-27,0.22293333333333334,0.4085666666666667,0.1856,0.4058333333333333,3,commodity
2005-07-28,0.37353333333333333,0.4036666666666667,0.030166666666666665,0.5661333333333333,3,commodity
2005-07-29,-0.3428,0.09865,0.4415,0.45985,2,commodity
2005-08-02,-0.4186,0.0484,0.4669,0.4847,1,commodity
2005-08-03,0.5451,0.5937,0.0486,0.3577,1,commodity
2005-08-05,-0.6163,0.0195,0.6359,0.3446,1,commodity
2005-08-09,0.105775,0.29002500000000003,0.18425,0.5257499999999999,4,commodity
2005-08-10,0.3885,0.5136000000000001,0.125,0.3614,2,commodity
2005-08-11,0.5018666666666667,0.5885666666666667,0.08673333333333333,0.3247,3,commodity
2005-08-12,0.5986,0.6242,0.02555,0.35025,2,commodity
2005-08-15,-0.4927,0.0503,0.543,0.4067,1,commodity
2005-08-16,-0.6344,0.0311,0.6655,0.3033,1,commodity
2005-08-17,-0.41596666666666665,0.0653,0.48126666666666673,0.45346666666666663,3,commodity
2005-08-18,0.4729,0.5059,0.0329,0.4612,1,commodity
2005-08-19,-0.6816,0.0183,0.6999,0.2817,1,commodity
2005-08-22,0.0985,0.139,0.0406,0.8204,1,commodity
2005-08-24,-0.2869,0.09326666666666666,0.3801666666666667,0.5265666666666666,3,commodity
2005-08-25,0.04895000000000002,0.30319999999999997,0.25425,0.4425,2,commodity
2005-08-26,-0.018100000000000005,0.2994,0.3175,0.3831,2,commodity
2005-08-30,-0.6152,0.023,0.6382,0.3388,2,commodity
2005-08-31,0.133,0.2798333333333333,0.14683333333333334,0.5732666666666667,3,commodity
2005-09-01,0.3568,0.471,0.1142,0.4149,1,commodity
2005-09-02,0.2529,0.2925,0.0396,0.6679,1,commodity
2005-09-06,-0.14989999999999998,0.2223,0.37220000000000003,0.40555,2,commodity
2005-09-07,-0.0215,0.2855,0.307,0.4075,1,commodity
2005-09-08,0.3455,0.4638333333333333,0.11833333333333333,0.4178,3,commodity
2005-09-09,0.5253333333333333,0.5575333333333333,0.03216666666666667,0.41030000000000005,3,commodity
2005-09-12,0.4478,0.494,0.0462,0.4599,1,commodity
2005-09-13,-0.5191,0.0425,0.5617,0.3958,1,commodity
2005-09-16,0.3812,0.3966,0.0154,0.5881,1,commodity
2005-09-19,0.6383333333333333,0.6825666666666667,0.04416666666666667,0.2732666666666666,3,commodity
2005-09-20,-0.5103,0.028,0.5383,0.4337,1,commodity
2005-09-21,0.31739999999999996,0.3833333333333333,0.06593333333333333,0.5507333333333334,3,commodity
2005-09-22,0.429,0.4791,0.0501,0.4708,1,commodity
2005-09-26,0.32755,0.359,0.03145,0.6096,2,commodity
2005-09-27,-0.6933,0.0194,0.7128,0.2678,1,commodity
2005-09-29,0.48733333333333334,0.5150666666666667,0.027733333333333332,0.45716666666666667,3,commodity
2005-09-30,-0.5496,0.0384,0.588,0.3736,1,commodity
2005-10-03,-0.56936,0.03652,0.6058999999999999,0.35754,5,commodity
2005-10-05,-0.2778,0.1146,0.3924,0.493,1,commodity
2005-10-06,0.6150666666666668,0.6457333333333333,0.030633333333333335,0.3236666666666666,3,commodity
2005-10-07,0.62335,0.65375,0.030399999999999996,0.31584999999999996,2,commodity
2005-10-10,0.27725,0.33649999999999997,0.059225,0.604275,4,commodity
2005-10-11,-0.008299999999999974,0.33645,0.3448,0.3188,2,commodity
2005-10-12,0.08800000000000002,0.33015,0.24225000000000002,0.4276,2,commodity
2005-10-13,-0.20054999999999998,0.0988,0.29935,0.6018,2,commodity
2005-10-14,-0.34369999999999995,0.09466666666666668,0.4383666666666666,0.4669666666666667,3,commodity
2005-10-17,0.1128,0.1698,0.057,0.7732,1,commodity
2005-10-18,-0.609,0.0601,0.66915,0.2707,2,commodity
2005-10-19,-0.66,0.0213,0.6813,0.2974,1,commodity
2005-10-20,-0.6792,0.0135,0.6927,0.2939,1,commodity
2005-10-21,-0.6647,0.0174,0.682,0.3006,1,commodity
2005-10-24,0.2018,0.3988,0.197,0.4042,1,commodity
2005-10-25,0.030700000000000022,0.23649999999999996,0.20579999999999998,0.5577,3,commodity
2005-10-26,-0.6111,0.0358,0.6469,0.3172,1,commodity
2005-10-27,0.5759,0.6231,0.0472,0.3298,1,commodity
2005-10-28,0.5909500000000001,0.64415,0.0532,0.30274999999999996,2,commodity
2005-10-31,-0.6116,0.0203,0.6319,0.3478,1,commodity
2005-11-01,-0.29256666666666664,0.12716666666666668,0.41973333333333335,0.4530666666666667,3,commodity
2005-11-02,0.41559999999999997,0.5039,0.0883,0.40785000000000005,2,commodity
2005-11-03,-0.3417666666666667,0.0805,0.42229999999999995,0.49720000000000003,3,commodity
2005-11-04,-0.6172,0.0315,0.6487,0.31984999999999997,2,commodity
2005-11-07,0.3734,0.42862,0.05524,0.5161399999999999,5,commodity
2005-11-09,0.7478,0.76525,0.0174,0.21735,2,commodity
2005-11-10,0.2857,0.33767142857142857,0.05195714285714286,0.6103571428571428,7,commodity
2005-11-11,0.5025,0.5301,0.0276,0.4423,1,commodity
2005-11-14,-0.6003499999999999,0.0241,0.62445,0.3514,2,commodity
2005-11-15,-0.5513,0.0249,0.5762,0.3989,1,commodity
2005-11-16,0.4902,0.5299,0.0397,0.4304,1,commodity
2005-11-18,0.5818,0.664,0.0822,0.2538,1,commodity
2005-11-21,0.26256666666666667,0.33,0.06743333333333333,0.6025999999999999,3,commodity
2005-11-22,0.2872,0.39444999999999997,0.10725000000000001,0.4983,2,commodity
2005-11-29,-0.3251,0.07243333333333334,0.39753333333333335,0.5300333333333334,3,commodity
2005-11-30,0.07270000000000001,0.23945,0.16675,0.593825,4,commodity
2005-12-01,0.4261799999999999,0.45644,0.030260000000000002,0.51334,5,commodity
2005-12-02,-0.009799999999999994,0.2987333333333333,0.3085333333333333,0.3927,3,commodity
2005-12-06,0.06985000000000002,0.36555,0.29575,0.3387,2,commodity
2005-12-07,0.2491,0.30535,0.05625,0.6384,2,commodity
2005-12-09,0.6461666666666667,0.6762333333333332,0.030033333333333332,0.2937666666666667,3,commodity
2005-12-12,0.6288,0.6572,0.0284,0.3144,1,commodity
2005-12-13,-0.4148,0.1331,0.5479,0.3189,1,commodity
2005-12-14,0.115,0.1657,0.0506,0.7837,1,commodity
2005-12-15,0.19770000000000001,0.42735,0.22965,0.34295,2,commodity
2005-12-16,-0.5011,0.034,0.535,0.431,1,commodity
2005-12-22,0.5569500000000001,0.6018,0.04485,0.3533,2,commodity
2005-12-23,-0.0108,0.4007,0.4115,0.1877,1,commodity
2005-12-29,0.2592,0.4447,0.1855,0.3698,1,commodity
2005-12-30,0.3515,0.4407,0.0892,0.4701,1,commodity
2006-01-03,0.38359999999999994,0.4865666666666666,0.103,0.41043333333333337,3,commodity
2006-01-04,0.5936,0.62305,0.02945,0.34750000000000003,2,commodity
2006-01-05,0.0145,0.0499,0.0354,0.9148,1,commodity
2006-01-06,0.5185749999999999,0.5728,0.05425,0.372925,4,commodity
2006-01-07,-0.5103,0.0411,0.5514,0.4075,1,commodity
2006-01-09,0.23964,0.42474,0.18512,0.39014000000000004,5,commodity
2006-01-10,-0.09713999999999998,0.20664000000000002,0.30378,0.48958,5,commodity
2006-01-12,-0.6191,0.0263,0.6454,0.3284,1,commodity
2006-01-17,-0.5786,0.03134,0.60994,0.35869999999999996,5,commodity
2006-01-19,0.33593333333333336,0.4244333333333334,0.08849999999999998,0.4870666666666666,3,commodity
2006-01-20,-0.6819,0.0161,0.698,0.2859,2,commodity
2006-01-23,0.17793333333333336,0.3880333333333334,0.21006666666666665,0.4019,3,commodity
2006-01-24,-0.63735,0.0232,0.6605000000000001,0.3163,2,commodity
2006-01-25,0.28775,0.3375,0.04975,0.61275,2,commodity
2006-01-26,-0.26675,0.0766,0.34325,0.5801499999999999,2,commodity
2006-01-30,0.21825,0.2959,0.07765,0.62645,2,commodity
2006-01-31,0.36875,0.4159,0.0471,0.537,2,commodity
2006-02-01,-0.5448999999999999,0.04245,0.58735,0.3702,2,commodity
2006-02-02,0.1163,0.1564,0.0401,0.8035,1,commodity
2006-02-03,-0.35434999999999994,0.1139,0.46824999999999994,0.41779999999999995,2,commodity
2006-02-06,0.25193333333333334,0.27886666666666665,0.026966666666666667,0.6941333333333333,3,commodity
2006-02-07,-0.4398,0.0503,0.4901,0.4597,1,commodity
2006-02-09,0.34035000000000004,0.43885,0.09845,0.46275,2,commodity
2006-02-10,0.12233333333333334,0.39396666666666674,0.27166666666666667,0.33433333333333337,3,commodity
2006-02-13,-0.37196,0.06224,0.43423999999999996,0.5035000000000001,5,commodity
2006-02-15,-0.418375,0.107825,0.5262,0.36595,4,commodity
2006-02-16,0.3748,0.4611,0.0863,0.4526,1,commodity
2006-02-17,-0.3668,0.0413,0.4081,0.5506,1,commodity
2006-02-18,0.4731,0.5018,0.0287,0.4695,1,commodity
2006-02-21,0.45966666666666667,0.4901333333333333,0.03046666666666667,0.47940000000000005,3,commodity
2006-02-22,-0.03862500000000001,0.26015,0.298775,0.44105000000000005,4,commodity
2006-02-23,0.010149999999999992,0.30605000000000004,0.2959,0.39805,2,commodity
2006-02-24,0.36213333333333325,0.4690666666666667,0.10693333333333332,0.424,3,commodity
2006-02-27,-0.7265,0.0171,0.7436,0.2393,1,commodity
2006-02-28,-0.069,0.2605,0.3295,0.41,1,commodity
2006-03-01,0.2922,0.3836333333333333,0.0914,0.525,3,commodity
2006-03-03,-0.5618,0.0335,0.5953,0.3713,1,commodity
2006-03-04,0.366,0.3865,0.0205,0.593,1,commodity
2006-03-08,-0.6655,0.0157,0.6811,0.3032,2,commodity
2006-03-09,0.2602,0.3973,0.1371,0.46565,2,commodity
2006-03-10,-0.4341,0.1138,0.5479,0.3383,1,commodity
2006-03-13,0.2726,0.3637,0.0911,0.5452,1,commodity
2006-03-14,0.21045,0.27065,0.06025,0.66905,2,commodity
2006-03-15,0.5971,0.6157,0.01865,0.3657,2,commodity
2006-03-17,0.7781,0.7899,0.0118,0.1983,1,commodity
2006-03-20,-0.16405,0.09315,0.25725,0.6496,2,commodity
2006-03-21,-0.2199,0.16902500000000004,0.3889,0.4421,4,commodity
2006-03-22,-0.59085,0.0248,0.61565,0.35955000000000004,2,commodity
2006-03-23,-0.08739999999999999,0.10305,0.1904,0.70655,2,commodity
2006-03-28,-0.28256666666666663,0.13246666666666665,0.41500000000000004,0.4525333333333334,6,commodity
2006-03-29,-0.2143,0.0501,0.2644,0.6855,1,commodity
2006-03-30,0.40955,0.4358,0.026199999999999998,0.538,2,commodity
2006-03-31,-0.5732,0.0286,0.6018,0.3695,1,commodity
2006-04-03,0.2479,0.31935,0.07145,0.6092,2,commodity
2006-04-05,0.33453333333333335,0.4364333333333333,0.10186666666666666,0.46166666666666667,3,commodity
2006-04-06,0.25716,0.37094,0.11376000000000001,0.5152599999999999,5,commodity
2006-04-07,-0.0035599999999999963,0.30086,0.30439999999999995,0.39474,5,commodity
2006-04-10,0.3564,0.4531,0.09670000000000001,0.45020000000000004,2,commodity
2006-04-13,0.4989,0.5859,0.087,0.3271,1,commodity
2006-04-16,0.5913,0.6145,0.0232,0.3622,1,commodity
2006-04-18,-0.5761,0.0234,0.5995,0.3772,1,commodity
2006-04-20,-0.3262,0.15080000000000002,0.47700000000000004,0.37220000000000003,3,commodity
2006-04-21,0.6245333333333333,0.6486333333333333,0.0241,0.3272333333333333,3,commodity
2006-04-24,0.0194,0.1898,0.1703,0.6399,1,commodity
2006-04-25,0.50935,0.54615,0.036750000000000005,0.4171,2,commodity
2006-04-26,0.5491,0.5681,0.019,0.4129,1,commodity
2006-04-27,-0.1713,0.2936,0.465,0.2414,1,commodity
2006-04-28,0.390875,0.41612499999999997,0.025224999999999997,0.55865,4,commodity
2006-05-01,-0.4684,0.128,0.5964,0.2756,1,commodity
2006-05-02,0.27295,0.31605,0.04315,0.64085,2,commodity
2006-05-03,-0.04899999999999999,0.25005,0.29905,0.45085,2,commodity
2006-05-04,0.3930666666666667,0.4342333333333333,0.0412,0.5245666666666667,3,commodity
2006-05-05,0.41595000000000004,0.51385,0.09790000000000001,0.38825,4,commodity
2006-05-08,-0.57795,0.03055,0.6084499999999999,0.361,2,commodity
2006-05-09,0.39583999999999997,0.53742,0.1416,0.321,5,commodity
2006-05-10,0.06100000000000001,0.2707,0.2097,0.5196000000000001,4,commodity
2006-05-11,0.8061,0.8155,0.0095,0.175,1,commodity
2006-05-12,-0.5392666666666667,0.052700000000000004,0.5919666666666666,0.3552666666666667,3,commodity
2006-05-17,-0.05356666666666665,0.22973333333333334,0.2833,0.4869666666666666,3,commodity
2006-05-18,-0.7261,0.0151,0.7412,0.2438,1,commodity
2006-05-19,-0.665,0.0221,0.6871,0.2908,1,commodity
2006-05-22,-0.03175,0.33925,0.371,0.28975,2,commodity
2006-05-23,0.7931,0.8208,0.0278,0.1514,1,commodity
2006-05-24,-0.5104,0.0239,0.5342,0.4419,1,commodity
2006-05-25,0.4982,0.5441499999999999,0.046,0.40990000000000004,2,commodity
2006-05-26,0.14435,0.40415,0.25975,0.3361,2,commodity
2006-05-30,-0.08834999999999998,0.2594,0.3477,0.3929,2,commodity
2006-05-31,-0.28545000000000004,0.16515000000000002,0.4506,0.38425,4,commodity
2006-06-01,-0.037199999999999976,0.21369999999999997,0.2509,0.5353666666666667,3,commodity
2006-06-02,-0.262,0.0451,0.3071,0.6478,1,commodity
2006-06-05,0.1795,0.26915,0.08965000000000001,0.6412,2,commodity
2006-06-06,-0.7191,0.0161,0.7351,0.2488,1,commodity
2006-06-07,-0.15839999999999999,0.11115,0.26955,0.6193,2,commodity
2006-06-09,-0.06709999999999999,0.29619999999999996,0.36325,0.3406,2,commodity
2006-06-12,-0.5868,0.0205,0.6074,0.3721,1,commodity
2006-06-13,-0.038650000000000004,0.123275,0.16195,0.7148000000000001,4,commodity
2006-06-14,0.06761999999999999,0.2029,0.13528,0.6618200000000001,5,commodity
2006-06-15,0.1039,0.1429,0.039,0.818,1,commodity
2006-06-17,0.578,0.6083,0.0302,0.3615,1,commodity
2006-06-19,-0.2946,0.1135,0.4081,0.4784,1,commodity
2006-06-21,0.423925,0.503175,0.07925,0.41759999999999997,4,commodity
2006-06-22,-0.3185,0.106,0.4245,0.4695,1,commodity
2006-06-26,-0.553,0.0283,0.5813,0.3904,1,commodity
2006-06-27,0.1399,0.286825,0.14694999999999997,0.566175,4,commodity
2006-06-28,-0.12096666666666667,0.20583333333333334,0.32676666666666665,0.4674,3,commodity
2006-06-29,-0.249,0.1404,0.3894,0.4702,1,commodity
2006-07-05,0.07719999999999999,0.3679333333333334,0.29073333333333334,0.34136666666666665,3,commodity
2006-07-06,-0.5704,0.0206,0.591,0.3884,1,commodity
2006-07-07,-0.4424,0.0527,0.4951,0.4522,1,commodity
2006-07-08,0.7551,0.7701,0.0149,0.215,1,commodity
2006-07-10,0.6969,0.7083,0.0115,0.2802,1,commodity
2006-07-11,0.4514,0.4943,0.0429,0.4628,1,commodity
2006-07-13,0.4850666666666667,0.5319666666666666,0.04686666666666667,0.4211666666666667,3,commodity
2006-07-17,-0.47515,0.04455,0.5197,0.43574999999999997,2,commodity
2006-07-18,-0.5117,0.062,0.5737,0.3643,1,commodity
2006-07-19,0.4915,0.5324,0.0408,0.4268,1,commodity
2006-07-20,-0.23385,0.11745,0.35135,0.5312,2,commodity
2006-07-21,-0.5628,0.0223,0.5851,0.3926,1,commodity
2006-07-24,-0.5808,0.02055,0.6013999999999999,0.37805,2,commodity
2006-07-25,-0.0158,0.4395,0.4554,0.1051,1,commodity
2006-07-27,0.07045,0.21875,0.14830000000000002,0.63295,2,commodity
2006-07-28,0.10844999999999999,0.41824999999999996,0.3098,0.27194999999999997,2,commodity
2006-07-29,0.2928,0.3712,0.0785,0.5503,1,commodity
2006-08-01,-0.2062,0.1713,0.3775,0.4511,1,commodity
2006-08-07,0.2539,0.42164999999999997,0.16774999999999998,0.41064999999999996,2,commodity
2006-08-08,-0.3959,0.10690000000000001,0.502775,0.3903,4,commodity
2006-08-10,-0.17479999999999998,0.23142000000000001,0.40624000000000005,0.36234,5,commodity
2006-08-11,-0.7164,0.0168,0.7332,0.25,1,commodity
2006-08-13,-0.5906,0.0186,0.6092,0.3722,1,commodity
2006-08-14,-0.577,0.0175,0.5945,0.3879,1,commodity
2006-08-15,-0.7152,0.021,0.7362,0.2428,1,commodity
2006-08-16,0.05945,0.30895,0.24945,0.4416,2,commodity
2006-08-17,-0.5569000000000001,0.02526666666666667,0.5821666666666667,0.39253333333333335,3,commodity
2006-08-18,-0.5850500000000001,0.021075,0.6061500000000001,0.372775,4,commodity
2006-08-21,-0.2582,0.11820000000000001,0.3764,0.5054,3,commodity
2006-08-23,-0.34945000000000004,0.0459,0.39535,0.5588,2,commodity
2006-08-25,0.4649,0.4984,0.0335,0.4681,1,commodity
2006-08-31,0.0941,0.107,0.0129,0.8801,1,commodity
2006-09-01,-0.2544666666666667,0.19173333333333334,0.4462333333333333,0.36199999999999993,3,commodity
2006-09-04,0.6032,0.617,0.0139,0.3691,1,commodity
2006-09-05,0.4157,0.5115,0.0958,0.3927,1,commodity
2006-09-07,-0.6756500000000001,0.01675,0.6924,0.29085,2,commodity
2006-09-08,-0.5835333333333333,0.03133333333333333,0.6148666666666667,0.35379999999999995,3,commodity
2006-09-09,-0.7069,0.0331,0.74,0.2269,1,commodity
2006-09-11,-0.3213333333333333,0.11123333333333334,0.43263333333333337,0.45616666666666666,3,commodity
2006-09-13,0.42669999999999997,0.47985,0.053200000000000004,0.46695,2,commodity
2006-09-14,0.4066,0.4146,0.0081,0.5773,1,commodity
2006-09-15,0.010849999999999999,0.11605,0.10519999999999999,0.7787,2,commodity
2006-09-18,0.5287,0.6007,0.072,0.3274,1,commodity
2006-09-19,-0.5732,0.0275,0.6008,0.3717,1,commodity
2006-09-20,0.34504999999999997,0.35940000000000005,0.01435,0.6262,2,commodity
2006-09-22,0.5679333333333333,0.6098333333333333,0.04189999999999999,0.34826666666666667,3,commodity
2006-09-26,-0.5808500000000001,0.02355,0.6044,0.37205,2,commodity
2006-09-27,0.11003333333333333,0.3607,0.2506333333333333,0.38863333333333333,3,commodity
2006-09-28,0.2088,0.2194,0.0106,0.77,1,commodity
2006-09-29,-0.3801,0.0762,0.4563,0.4674,1,commodity
2006-10-03,-0.6507000000000001,0.01995,0.67065,0.30935,2,commodity
2006-10-04,-0.5306,0.0205,0.5511,0.4284,1,commodity
2006-10-05,0.4932,0.5373,0.044,0.4187,1,commodity
2006-10-06,-0.5768,0.0289,0.6057,0.3654,1,commodity
2006-10-09,0.5767666666666666,0.6119666666666667,0.0352,0.35286666666666666,3,commodity
2006-10-10,-0.4863,0.063,0.5493,0.3876,1,commodity
2006-10-11,-0.4396,0.0476,0.4872,0.4653,1,commodity
2006-10-12,0.20201666666666665,0.3061833333333333,0.10421666666666667,0.5896333333333333,6,commodity
2006-10-13,0.5281,0.5819,0.0538,0.3643,1,commodity
2006-10-17,-0.24185,0.1518,0.39365,0.45445,2,commodity
2006-10-18,-0.16374,0.18680000000000002,0.35052000000000005,0.4626799999999999,5,commodity
2006-10-20,-0.41,0.0767,0.4867,0.4366,1,commodity
2006-10-23,-0.5489,0.0191,0.568,0.4129,1,commodity
2006-10-25,-0.053550000000000014,0.2544,0.30795,0.4376,2,commodity
2006-10-27,0.1869,0.3537,0.1668,0.4795,2,commodity
2006-10-30,0.37725,0.4042,0.02695,0.5688,2,commodity
2006-10-31,-0.5784,0.0271,0.6055,0.3674,1,commodity
2006-11-01,0.2282,0.40335,0.1752,0.4215,2,commodity
2006-11-02,0.44110000000000005,0.5550333333333334,0.11396666666666666,0.331,3,commodity
2006-11-03,0.7793,0.7968,0.0175,0.1858,1,commodity
2006-11-06,0.4232,0.4399,0.0167,0.5435,1,commodity
2006-11-07,0.4962,0.5195,0.0233,0.4571,1,commodity
2006-11-09,0.2386,0.4107,0.17204999999999998,0.41725,2,commodity
2006-11-10,-0.5401499999999999,0.039400000000000004,0.5795,0.38115,2,commodity
2006-11-16,-0.2254,0.18814000000000003,0.41352,0.39836,5,commodity
2006-11-17,-0.31675000000000003,0.1547,0.47145000000000004,0.37385,2,commodity
2006-11-20,0.4819,0.5082,0.0264,0.4654,1,commodity
2006-11-22,0.20113333333333336,0.38293333333333335,0.18183333333333337,0.4352333333333333,3,commodity
2006-11-24,-0.217,0.1611,0.3781,0.4608,1,commodity
2006-11-28,-0.6414,0.0161,0.6575,0.3263,1,commodity
2006-11-29,-0.5481,0.0252,0.5733,0.4015,1,commodity
2006-11-30,0.331325,0.44577500000000003,0.114475,0.439725,4,commodity
2006-12-01,0.008033333333333373,0.27103333333333335,0.2629666666666666,0.466,3,commodity
2006-12-04,0.34430000000000005,0.40276666666666666,0.05843333333333334,0.5387666666666667,3,commodity
2006-12-05,-0.4785,0.0314,0.5099,0.4588,1,commodity
2006-12-07,-0.1133,0.2634666666666667,0.37673333333333336,0.35979999999999995,3,commodity
2006-12-08,-0.43655,0.056150000000000005,0.49269999999999997,0.45115,2,commodity
2006-12-12,-0.041800000000000025,0.3138,0.3556333333333333,0.3305666666666667,3,commodity
2006-12-13,0.3345,0.4407,0.1062,0.4532,1,commodity
2006-12-14,-0.194425,0.2022,0.396625,0.401125,4,commodity
2006-12-15,0.0258,0.3668,0.341,0.2922,1,commodity
2006-12-16,-0.4721,0.0626,0.5347,0.4028,1,commodity
2006-12-18,-0.53025,0.0274,0.55765,0.41495,2,commodity
2006-12-20,-0.6981,0.0165,0.7145,0.269,1,commodity
2006-12-21,-0.6436,0.0194,0.6629,0.3177,1,commodity
2006-12-26,-0.1449,0.2061,0.351,0.4428,1,commodity
2006-12-28,0.26990000000000003,0.38939999999999997,0.1195,0.4911,2,commodity
2007-01-01,0.0468,0.0643,0.0174,0.9183,1,commodity
2007-01-02,0.7799,0.7959,0.016,0.188,1,commodity
2007-01-03,-0.5086,0.0287,0.5373,0.434,1,commodity
2007-01-04,-0.5747,0.01765,0.5924,0.38995,2,commodity
2007-01-05,-0.5785,0.01925,0.59775,0.38295,2,commodity
2007-01-08,-0.5489,0.0262,0.575,0.3988,1,commodity
2007-01-09,0.31605,0.3623,0.04625,0.59145,2,commodity
2007-01-10,-0.4491,0.067,0.5161,0.4169,1,commodity
2007-01-11,-0.5516,0.0259,0.5775,0.3966,1,commodity
2007-01-12,0.40025,0.517975,0.117725,0.364275,4,commodity
2007-01-16,0.1223,0.3618,0.2395,0.3987,1,commodity
2007-01-17,0.2964,0.3953,0.0989,0.5058,1,commodity
2007-01-18,-0.5075,0.0194,0.5269,0.4536,1,commodity
2007-01-19,0.7382,0.7606,0.0224,0.217,1,commodity
2007-01-22,0.5058,0.5292,0.0234,0.4474,1,commodity
2007-01-23,0.5714,0.6002,0.0288,0.371,1,commodity
2007-01-24,-0.5983,0.0296,0.6279,0.3424,1,commodity
2007-01-25,0.47400000000000003,0.5020666666666667,0.0281,0.4698,3,commodity
2007-01-26,-0.5397333333333333,0.0291,0.5688666666666666,0.40199999999999997,3,commodity
2007-01-29,-0.02554999999999999,0.29,0.31545,0.39455,2,commodity
2007-01-31,0.471775,0.528275,0.0565,0.41525,4,commodity
2007-02-01,0.5776666666666667,0.6051000000000001,0.027433333333333334,0.3675,3,commodity
2007-02-02,0.3255,0.4639,0.1384,0.3977,1,commodity
2007-02-05,0.5291,0.5517,0.0226,0.4257,1,commodity
2007-02-06,0.5175,0.5486,0.0312,0.4202,1,commodity
2007-02-07,0.4847,0.5107,0.0261,0.4632,1,commodity
2007-02-08,0.4851,0.5155,0.03035,0.45415,2,commodity
2007-02-09,0.5142,0.5665,0.0522,0.3813,1,commodity
2007-02-12,-0.5455,0.0249,0.5703,0.4048,1,commodity
2007-02-14,0.26295,0.39055,0.1276,0.48185,2,commodity
2007-02-20,-0.5494,0.0493,0.5987,0.352,1,commodity
2007-02-22,0.0843,0.3141,0.2299,0.456,1,commodity
2007-02-23,0.5298,0.5599,0.0301,0.41,1,commodity
2007-02-26,0.37455,0.47,0.0955,0.4345,2,commodity
2007-02-27,-0.1777,0.1526,0.3303,0.5172,1,commodity
2007-02-28,-0.28375,0.1603,0.4441,0.3956,2,commodity
2007-03-02,-0.6097,0.05,0.6597,0.2903,1,commodity
2007-03-05,-0.5122,0.0287,0.5409,0.4304,1,commodity
2007-03-09,-0.16464999999999996,0.2469,0.41154999999999997,0.34155,2,commodity
2007-03-12,-0.4228,0.0605,0.4833,0.4561,1,commodity
2007-03-14,-0.8331,0.01,0.8431,0.1469,1,commodity
2007-03-16,0.3419,0.4351,0.0933,0.4716,1,commodity
2007-03-22,0.5254,0.5668,0.0414,0.39185,2,commodity
2007-03-23,0.352,0.4303,0.0783,0.4914,1,commodity
2007-03-25,-0.188,0.08105000000000001,0.26904999999999996,0.64995,2,commodity
2007-03-26,0.7072,0.764,0.0568,0.1792,1,commodity
2007-03-30,0.5377,0.5614,0.0237,0.4149,1,commodity
2007-04-02,-0.01469999999999999,0.2881,0.3028,0.4091,2,commodity
2007-04-03,-0.5686,0.0214,0.5901,0.3885,1,commodity
2007-04-04,0.4607,0.49355000000000004,0.032850000000000004,0.47350000000000003,2,commodity
2007-04-05,-0.2151,0.1747,0.3899,0.4354,1,commodity
2007-04-09,0.1149,0.1456,0.0307,0.8237,1,commodity
2007-04-10,0.031899999999999984,0.29763333333333336,0.26576666666666665,0.43660000000000004,3,commodity
2007-04-11,0.4617,0.5059,0.0442,0.45,1,commodity
2007-04-12,-0.1474,0.1258,0.2732,0.601,2,commodity
2007-04-13,0.4869,0.511,0.0241,0.4649,1,commodity
2007-04-16,0.3193,0.4129,0.0935,0.4936,1,commodity
2007-04-17,0.7221,0.7617,0.0396,0.1987,1,commodity
2007-04-18,-0.1817,0.1895,0.3712,0.4394,1,commodity
2007-04-19,-0.41635,0.15575,0.5721,0.2722,2,commodity
2007-04-20,0.5547,0.5787,0.0241,0.3972,1,commodity
2007-04-23,-0.3093,0.18860000000000002,0.49795,0.31345,2,commodity
2007-04-24,0.3977,0.4745,0.0768,0.4486,1,commodity
2007-04-27,0.3773,0.3999,0.022600000000000002,0.5775,2,commodity
2007-05-01,-0.5642499999999999,0.02485,0.58905,0.3861,2,commodity
2007-05-03,-0.5925,0.0383,0.6308,0.331,1,commodity
2007-05-04,-0.00714999999999999,0.23450000000000001,0.24165,0.5239,2,commodity
2007-05-07,0.6098,0.7191,0.1093,0.1717,1,commodity
2007-05-11,-0.22386666666666666,0.13326666666666667,0.3571666666666667,0.5095999999999999,3,commodity
2007-05-14,-0.40673333333333334,0.054766666666666665,0.46153333333333335,0.4836666666666667,3,commodity
2007-05-16,-0.48285,0.08515,0.5680499999999999,0.3468,2,commodity
2007-05-17,-0.6796666666666668,0.016033333333333333,0.6956666666666668,0.2883,3,commodity
2007-05-21,0.3718,0.4606,0.0889,0.4505,1,commodity
2007-05-22,-0.5551,0.029,0.5841,0.387,1,commodity
2007-05-23,0.3029,0.4595,0.1566,0.38385,2,commodity
2007-05-25,-0.4789,0.1213,0.6002,0.2785,1,commodity
2007-05-28,0.6186,0.647,0.0285,0.3245,1,commodity
2007-05-30,0.4514,0.4639,0.0125,0.5236,1,commodity
2007-06-04,0.526,0.5509,0.0249,0.4243,1,commodity
2007-06-05,-0.5847,0.0233,0.6079,0.3688,1,commodity
2007-06-06,-0.5599,0.0271,0.587,0.386,1,commodity
2007-06-07,0.1075,0.1199,0.0124,0.8678,1,commodity
2007-06-08,-0.38144999999999996,0.18610000000000002,0.56755,0.24630000000000002,2,commodity
2007-06-11,0.4949,0.5151,0.0202,0.4646,1,commodity
2007-06-12,-0.0822,0.3486,0.4308,0.2206,1,commodity
2007-06-13,-0.7874,0.01,0.7974,0.1926,1,commodity
2007-06-14,0.7706,0.7857,0.0152,0.1991,1,commodity
2007-06-15,0.5874,0.606,0.0187,0.3753,1,commodity
2007-06-18,0.5324333333333334,0.5658,0.03336666666666666,0.4008,3,commodity
2007-06-19,0.54165,0.5888,0.04715,0.3641,2,commodity
2007-06-20,-0.6166,0.0175,0.6341,0.3484,1,commodity
2007-06-21,-0.7288,0.0173,0.7461,0.2367,1,commodity
2007-06-22,0.5232,0.5464,0.0233,0.4303,1,commodity
2007-06-25,-0.7386,0.0177,0.7563,0.226,1,commodity
2007-06-26,-0.47262499999999996,0.08395000000000001,0.5566249999999999,0.35945,4,commodity
2007-06-27,-0.5804,0.0281,0.6085,0.3634,1,commodity
2007-06-28,0.6614,0.6773,0.0159,0.3068,1,commodity
2007-07-02,0.3407,0.4269,0.0861,0.487,1,commodity
2007-07-03,-0.5187999999999999,0.03345,0.55225,0.41425,2,commodity
2007-07-05,-0.5182,0.0348,0.553,0.4121,1,commodity
2007-07-07,-0.6357,0.0229,0.6586,0.3184,1,commodity
2007-07-10,0.4,0.50745,0.10744999999999999,0.3851,2,commodity
2007-07-11,-0.5614666666666667,0.027,0.5884666666666666,0.3846,3,commodity
2007-07-12,0.3109,0.4197,0.1088,0.4715,1,commodity
2007-07-13,-0.211025,0.189675,0.40067499999999995,0.40964999999999996,4,commodity
2007-07-18,0.5741,0.5995,0.0254,0.3752,1,commodity
2007-07-19,0.4573,0.49770000000000003,0.040400000000000005,0.4619,2,commodity
2007-07-20,0.5600666666666666,0.5956666666666667,0.0356,0.3687333333333333,3,commodity
2007-07-24,0.5807,0.6063,0.0256,0.3681,1,commodity
2007-07-25,-0.7757499999999999,0.0145,0.79025,0.19519999999999998,2,commodity
2007-07-26,-0.7172000000000001,0.01905,0.7363,0.2446,2,commodity
2007-07-31,0.56465,0.6031,0.038400000000000004,0.35845000000000005,2,commodity
2007-08-01,-0.3809,0.0929,0.4738,0.4333,1,commodity
2007-08-02,0.3177,0.4953,0.1777,0.327,1,commodity
2007-08-03,0.6577,0.6702,0.0125,0.3172,1,commodity
2007-08-13,0.558,0.5722,0.0142,0.4136,1,commodity
2007-08-14,-0.5413,0.0214,0.5627,0.4159,1,commodity
2007-08-15,0.0603,0.1326,0.0723,0.7951,1,commodity
2007-08-16,-0.5734,0.0609,0.6343,0.3048,1,commodity
2007-08-17,-0.1576,0.1301,0.28764999999999996,0.5822499999999999,2,commodity
2007-08-20,-0.6006,0.0213,0.6218,0.3569,1,commodity
2007-08-24,0.38645,0.46325000000000005,0.07680000000000001,0.45999999999999996,2,commodity
2007-08-29,0.5461499999999999,0.5679,0.02175,0.41035,2,commodity
2007-08-30,0.5194,0.6227,0.1033,0.274,1,commodity
2007-09-04,0.47375,0.5375000000000001,0.06375,0.3987,2,commodity
2007-09-06,0.4489,0.4884,0.0395,0.4722,1,commodity
2007-09-07,0.49993333333333334,0.5967333333333332,0.09676666666666667,0.30646666666666667,3,commodity
2007-09-10,0.7482,0.764,0.0158,0.2202,1,commodity
2007-09-12,-0.5437,0.0405,0.5843,0.3752,1,commodity
2007-09-13,-0.5229666666666667,0.03563333333333333,0.5585999999999999,0.4058,3,commodity
2007-09-14,-0.5346,0.0208,0.5554,0.4238,2,commodity
2007-09-17,0.6892,0.7382,0.049,0.2128,1,commodity
2007-09-18,0.4829,0.5262,0.0432,0.4306,1,commodity
2007-09-19,0.5763,0.6243,0.0481,0.3276,1,commodity
2007-09-20,0.280875,0.431275,0.150375,0.418325,4,commodity
2007-09-21,0.5361,0.559,0.0229,0.4182,1,commodity
2007-09-24,-0.0273,0.2642,0.2915,0.4443,1,commodity
2007-09-26,-0.4789,0.0382,0.5172,0.4446,1,commodity
2007-09-27,0.4893,0.5271,0.0378,0.4351,1,commodity
2007-10-01,-0.5395,0.0242,0.5637,0.4121,1,commodity
2007-10-02,-0.6419,0.0215,0.6634,0.31510000000000005,2,commodity
2007-10-03,-0.09080000000000002,0.23045,0.32120000000000004,0.44835,2,commodity
2007-10-04,-0.3472,0.0729,0.4202,0.5069,1,commodity
2007-10-08,-0.4206,0.0675,0.4881,0.4444,1,commodity
2007-10-11,0.1809,0.271,0.0901,0.6389,1,commodity
2007-10-12,-0.08715,0.11955,0.2067,0.6737,2,commodity
2007-10-16,0.5115,0.5301,0.0186,0.4514,1,commodity
2007-10-18,0.0226,0.1063,0.0837,0.81,1,commodity
2007-10-19,-0.2235,0.1594,0.3829,0.4577,1,commodity
2007-10-22,-0.5331,0.0183,0.5514,0.4302,1,commodity
2007-10-23,-0.1968,0.2173,0.4142,0.3685,1,commodity
2007-10-24,0.0736,0.0962,0.0226,0.8812,1,commodity
2007-10-25,-0.499,0.0481,0.5471,0.4048,1,commodity
2007-10-26,0.527,0.56,0.03295,0.40705,2,commodity
2007-10-27,0.7769,0.801,0.024,0.175,1,commodity
2007-10-29,0.5302,0.5543,0.0241,0.4216,1,commodity
2007-10-30,0.2060666666666667,0.4073333333333333,0.20126666666666668,0.39143333333333336,3,commodity
2007-10-31,0.4062,0.4805,0.0744,0.4451,1,commodity
2007-11-01,-0.5687,0.018000000000000002,0.58675,0.39525,2,commodity
2007-11-05,0.1732,0.2606,0.08746666666666665,0.6519666666666667,3,commodity
2007-11-06,0.19604999999999997,0.3906,0.19455,0.41484999999999994,2,commodity
2007-11-07,0.6013,0.6228,0.0216,0.3556,1,commodity
2007-11-08,0.293,0.4977666666666667,0.20473333333333332,0.29746666666666666,3,commodity
2007-11-12,-0.5978,0.02576666666666667,0.6235666666666666,0.3506,3,commodity
2007-11-15,-0.6956,0.015,0.7105,0.2745,1,commodity
2007-11-16,-0.62,0.02395,0.6439999999999999,0.33205,2,commodity
2007-11-20,0.5056,0.5272,0.02155,0.4512,2,commodity
2007-11-22,0.5114,0.5379,0.0265,0.4357,1,commodity
2007-11-27,-0.67765,0.019,0.6966,0.28435,2,commodity
2007-11-28,-0.6025,0.0364,0.639,0.3246,1,commodity
2007-11-30,-0.57992,0.03708,0.617,0.34592,5,commodity
2007-12-03,0.5118,0.5429,0.0311,0.426,1,commodity
2007-12-04,0.7659,0.7974,0.0315,0.1711,1,commodity
2007-12-05,-0.5522,0.0163,0.5685,0.4152,1,commodity
2007-12-06,0.4812,0.5023,0.021,0.4767,1,commodity
2007-12-07,-0.5455,0.05565,0.60115,0.34315,2,commodity
2007-12-10,0.579,0.6581,0.0791,0.2628,1,commodity
2007-12-11,-0.5333,0.0177,0.551,0.4313,1,commodity
2007-12-13,-0.4938,0.0359,0.5297,0.4343,1,commodity
2007-12-24,0.1702,0.3778,0.2077,0.4145,1,commodity
2007-12-25,0.5454,0.6222,0.0768,0.301,1,commodity
2007-12-27,0.2065,0.3946,0.18815,0.41725,2,commodity
2007-12-28,0.0567,0.3888,0.3321,0.2791,1,commodity
2007-12-29,-0.2908,0.1379,0.4287,0.4334,1,commodity
2008-01-07,0.0658,0.0912,0.0254,0.8835,1,commodity
2008-01-08,0.6665,0.682,0.0155,0.3025,1,commodity
2008-01-09,0.46745000000000003,0.5028,0.03535,0.46185,2,commodity
2008-01-11,0.24570000000000003,0.3145,0.06875,0.6167,2,commodity
2008-01-12,0.6199,0.6441,0.0242,0.3318,1,commodity
2008-01-14,0.3905,0.4053,0.0148,0.5799,1,commodity
2008-01-22,-0.273,0.2437,0.5166,0.23969999999999997,2,commodity
2008-01-23,0.0877,0.0992,0.0116,0.8892,1,commodity
2008-01-25,0.1084,0.30615000000000003,0.1977,0.4962,2,commodity
2008-01-28,0.3079,0.3448,0.0369,0.61835,2,commodity
2008-01-29,-0.5178499999999999,0.026000000000000002,0.5438000000000001,0.4302,2,commodity
2008-01-30,-0.5402,0.0218,0.562,0.4162,1,commodity
2008-02-01,0.011899999999999966,0.321,0.30905000000000005,0.36995,2,commodity
2008-02-08,0.5981,0.6185,0.0204,0.361,1,commodity
2008-02-09,0.4423,0.4834,0.0412,0.4754,1,commodity
2008-02-13,0.2546,0.405,0.1504,0.4446,1,commodity
2008-02-15,-0.5545,0.0179,0.5725,0.4096,1,commodity
2008-02-19,0.7184,0.7392,0.0208,0.24,1,commodity
2008-02-21,0.64045,0.65905,0.018549999999999997,0.32245,2,commodity
2008-02-23,0.7578,0.7768,0.019,0.2042,1,commodity
2008-02-25,-0.6295,0.0323,0.6617,0.306,2,commodity
2008-02-26,-0.1696,0.1997,0.3693,0.4309,1,commodity
2008-02-27,0.5654,0.5928,0.0274,0.3797,1,commodity
2008-02-29,0.6623666666666667,0.6829333333333333,0.020566666666666667,0.29653333333333337,3,commodity
2008-03-04,0.5734,0.6011,0.0277,0.3712,1,commodity
2008-03-05,0.4723,0.5546,0.0823,0.36306666666666665,3,commodity
2008-03-06,-0.5307000000000001,0.0203,0.5509666666666666,0.4287,3,commodity
2008-03-10,-0.5309,0.0205,0.5513,0.4282,1,commodity
2008-03-11,0.4569,0.5301,0.0732,0.3967,2,commodity
2008-03-12,0.45640000000000003,0.53105,0.07465,0.3943,2,commodity
2008-03-13,0.3008,0.3828,0.082,0.5352,1,commodity
2008-03-17,0.6624,0.6916,0.0291,0.2793,1,commodity
2008-03-20,-0.7437,0.0198,0.7634,0.2168,1,commodity
2008-03-24,-0.531,0.0203,0.5513,0.4285,1,commodity
2008-03-25,-0.0705,0.2836,0.3541,0.3624,1,commodity
2008-03-26,0.5717,0.5994,0.0277,0.3728,1,commodity
2008-03-27,0.628,0.6709,0.0429,0.2863,1,commodity
2008-03-28,-0.8846,0.0111,0.8957,0.0932,1,commodity
2008-03-31,-0.0987,0.2756,0.3743,0.35003333333333336,3,commodity
2008-04-01,-0.36924999999999997,0.11460000000000001,0.4838,0.40154999999999996,2,commodity
2008-04-03,0.4908,0.5443,0.0535,0.4022,1,commodity
2008-04-04,-0.007500000000000007,0.2551,0.2626,0.48229999999999995,3,commodity
2008-04-07,0.45875,0.53435,0.0756,0.39005,2,commodity
2008-04-09,-0.01836666666666668,0.19173333333333334,0.21013333333333337,0.5981333333333333,3,commodity
2008-04-10,-0.5532,0.0193,0.5725,0.4081,1,commodity
2008-04-16,-0.1025,0.2274,0.3299,0.4427,1,commodity
2008-04-17,-0.09426666666666668,0.2673666666666667,0.3616333333333333,0.37106666666666666,3,commodity
2008-04-18,0.5001,0.5772,0.0772,0.3456,1,commodity
2008-04-21,0.3036,0.4176,0.1139,0.4685,1,commodity
2008-04-22,0.284625,0.4237,0.139075,0.437225,4,commodity
2008-04-24,-0.5588500000000001,0.02545,0.5843,0.39025,2,commodity
2008-04-25,-0.586,0.0252,0.6111,0.3637,1,commodity
2008-04-28,0.4833,0.54845,0.0652,0.38634999999999997,2,commodity
2008-04-30,0.10459999999999998,0.36519999999999997,0.26056666666666667,0.3743,3,commodity
2008-05-02,0.5371,0.5622,0.0251,0.4127,1,commodity
2008-05-05,0.4976,0.5245,0.027,0.4485,1,commodity
2008-05-06,0.062975,0.334725,0.2717,0.39359999999999995,4,commodity
2008-05-07,0.0837,0.1053,0.0216,0.8731,1,commodity
2008-05-08,0.64915,0.67745,0.02825,0.2943,2,commodity
2008-05-09,0.5278,0.5537,0.0259,0.4204,1,commodity
2008-05-12,-0.5617333333333333,0.0289,0.5905666666666667,0.38053333333333333,3,commodity
2008-05-13,-0.26815,0.1569,0.42510000000000003,0.41800000000000004,2,commodity
2008-05-14,-0.781,0.0171,0.7981,0.1847,1,commodity
2008-05-16,0.3457,0.43565,0.0899,0.47450000000000003,2,commodity
2008-05-19,0.3998,0.5157,0.116,0.3683,1,commodity
2008-05-20,0.533,0.5569,0.0239,0.4192,1,commodity
2008-05-21,0.2991,0.4224,0.1233,0.4543,1,commodity
2008-05-27,-0.619,0.0243,0.6433,0.3324,1,commodity
2008-05-28,-0.5212,0.0439,0.5651,0.3911,1,commodity
2008-05-29,-0.27415,0.10175000000000001,0.37595,0.5223,2,commodity
2008-05-30,-0.5613,0.0225,0.5837,0.3938,1,commodity
2008-06-02,0.11019999999999999,0.3396,0.2294,0.43105,2,commodity
2008-06-03,-0.5544,0.0347,0.5891,0.3762,1,commodity
2008-06-04,-0.5696,0.0224,0.592,0.3856,1,commodity
2008-06-05,-0.80325,0.01885,0.8221,0.15910000000000002,2,commodity
2008-06-06,0.38239999999999996,0.47665,0.0942,0.42915,2,commodity
2008-06-08,-0.3047194077819586,0.06740436982363462,0.37212377760559323,0.5604718561470509,25,equity
2008-06-09,0.5038,0.53835,0.0346,0.42705000000000004,2,commodity
2008-06-09,-0.26553363401442764,0.07916334062814713,0.34469697464257476,0.5761396934092045,25,equity
2008-06-10,-0.14784119106829166,0.08872481938451529,0.23656601045280695,0.6747091664373874,25,equity
2008-06-11,0.184,0.38639999999999997,0.20245000000000002,0.41115,2,commodity
2008-06-11,0.04464641083031893,0.19524023853242398,0.15059382770210505,0.6541659224033356,25,equity
2008-06-12,-0.16016440097242593,0.13826229199767112,0.29842669297009705,0.5633110103011131,25,equity
2008-06-13,-0.3197502768754337,0.0775328791640778,0.3972831560395116,0.5251839611456262,25,equity
2008-06-14,-0.21952162448316812,0.1557087768241763,0.3752304013073444,0.46906081825494766,25,equity
2008-06-15,-0.054355938024818896,0.13259088017046453,0.18694681819528342,0.6804623134434223,25,equity
2008-06-16,-0.15482083071023225,0.09072477735579014,0.2455456080660224,0.6637296088039875,25,equity
2008-06-17,-0.06796225666999817,0.20746063232421874,0.2754228889942169,0.5171164916455746,25,equity
2008-06-18,0.5932,0.6095,0.0163,0.3741,1,commodity
2008-06-18,-0.1196447004005313,0.08919657796621322,0.20884127836674451,0.7019621463865042,25,equity
2008-06-19,0.5395,0.5614,0.0219,0.4167,1,commodity
2008-06-19,-0.144333357848227,0.1519743152335286,0.29630767308175565,0.5517180114984512,25,equity
2008-06-20,0.13565000000000002,0.38539999999999996,0.2498,0.36485,2,commodity
2008-06-20,-0.10141905404627323,0.16411106303334236,0.2655301170796156,0.5703588244318962,25,equity
2008-06-21,-0.28374985720962287,0.09217624556273223,0.37592610277235505,0.5318976493179798,25,equity
2008-06-22,-0.32505721878260374,0.0616583850979805,0.38671560388058424,0.5516260161995887,25,equity
2008-06-23,-0.5762,0.025,0.6012,0.3738,1,commodity
2008-06-23,-0.17545508358627557,0.1217746138945222,0.29722969748079775,0.5809956971555948,25,equity
2008-06-24,0.0658,0.3131,0.2473,0.4396,1,commodity
2008-06-24,-0.20447814773768186,0.0920836928859353,0.2965618406236172,0.611354455947876,25,equity
2008-06-25,-0.2163333333333333,0.1848,0.40113333333333334,0.41406666666666664,3,commodity
2008-06-25,-0.08171175975352525,0.11867080725729466,0.2003825670108199,0.680946643203497,25,equity
2008-06-26,-0.12417131427675486,0.16662065148353578,0.29079196576029065,0.5425873747467995,25,equity
2008-06-27,0.15005000000000002,0.27515,0.1252,0.59965,2,commodity
2008-06-27,-0.3059925055876374,0.10275647651404142,0.40874898210167887,0.4884945501387119,25,equity
2008-06-28,-0.202639513053,0.07490331962704659,0.27754283268004654,0.6475538358092308,25,equity
2008-06-29,-0.3363493946939707,0.05589290820062161,0.3922423028945923,0.5518647882342339,25,equity
2008-06-30,-0.2562,0.22375,0.47995,0.29625,2,commodity
2008-06-30,0.0045946666225790975,0.21398860670626163,0.20939394008368253,0.5766174581646919,25,equity
2008-07-01,0.45205,0.487,0.03495,0.47805,2,commodity
2008-07-01,-0.057539324974641204,0.14247376568770656,0.20001309066234776,0.6575131486169994,24,equity
2008-07-02,-0.0831045212363074,0.13905155437017835,0.2221560756064858,0.6387923764680881,25,equity
2008-07-03,-0.29955000000000004,0.08545,0.385,0.52955,2,commodity
2008-07-03,-0.06831460107117891,0.18367101438343525,0.2519856154546142,0.5643433639407158,25,equity
2008-07-04,-0.12226542685180902,0.1433873403072357,0.26565276715904473,0.5909599062800407,25,equity
2008-07-05,-0.07912652347236872,0.14025439091026784,0.21938091438263654,0.6403647069633007,25,equity
2008-07-06,-0.17008994869887828,0.1209726481884718,0.2910625968873501,0.5879647500067949,25,equity
2008-07-07,-0.58475,0.0245,0.6092500000000001,0.36619999999999997,2,commodity
2008-07-07,-0.25908785957843067,0.09738670878112315,0.3564745683595538,0.5461387146264315,25,equity
2008-07-08,-0.05852500000000001,0.256,0.31455,0.429475,4,commodity
2008-07-08,-0.0899495381489396,0.14925455324351788,0.2392040913924575,0.6115413545072079,25,equity
2008-07-09,0.3998,0.5366000000000001,0.1368,0.32656666666666667,3,commodity
2008-07-09,-0.27284156288951633,0.051154040843248365,0.3239956037327647,0.6248503530025482,25,equity
2008-07-10,0.5626,0.582,0.0194,0.3986,1,commodity
2008-07-10,-0.14796681746840476,0.06552670154720545,0.21349351901561023,0.7209797832369804,25,equity
2008-07-11,-0.061240331968292594,0.1783716424057881,0.2396119743740807,0.5820163887304565,24,equity
2008-07-12,-0.21501560386270285,0.07693175230175257,0.29194735616445544,0.6311208824068308,25,equity
2008-07-13,-0.2420915401726961,0.09450840696692467,0.33659994713962077,0.568891638815403,25,equity
2008-07-14,-0.2373259288072586,0.11919819705188274,0.35652412585914134,0.5242776808142662,25,equity
2008-07-15,0.3906,0.4759,0.08523333333333334,0.4388666666666667,3,commodity
2008-07-15,-0.17341559328138828,0.09277143247425557,0.26618702575564385,0.6410415276885033,25,equity
2008-07-16,-0.6598999999999999,0.019549999999999998,0.67945,0.301,2,commodity
2008-07-16,-0.05536720853298902,0.13683549400418996,0.192202702537179,0.6709618146717549,25,equity
2008-07-17,-0.6572,0.03425,0.69145,0.27435,2,commodity
2008-07-17,-0.08590767912877102,0.2106175860778118,0.29652526520658284,0.4928571475514521,24,equity
2008-07-18,-0.22439353518188,0.09896528623998165,0.3233588214218617,0.5776758953928948,25,equity
2008-07-19,-0.294828438796103,0.11505031757056713,0.40987875636667015,0.4750709372013807,25,equity
2008-07-20,-0.24929855350404978,0.13827760640531778,0.38757615990936756,0.47414624482393264,25,equity
2008-07-21,0.542,0.5707,0.0287,0.4005,1,commodity
2008-07-21,-0.23637235254049302,0.10897613011300564,0.34534848265349866,0.5456753966212272,25,equity
2008-07-22,-0.0881386174634099,0.14235098734498025,0.23048960480839015,0.627159390449524,25,equity
2008-07-23,-0.2474666666666667,0.12913333333333332,0.3766,0.49429999999999996,3,commodity
2008-07-23,-0.017236804366111757,0.1859643053263426,0.20320110969245433,0.6108345763385296,25,equity
2008-07-24,-0.11552362501621247,0.15199800707399846,0.2675216320902109,0.5804803565144538,25,equity
2008-07-25,-0.22184318371117115,0.13140736535191536,0.3532505490630865,0.5153420892357826,25,equity
2008-07-26,-0.22059878189116716,0.12479035779833794,0.3453891396895051,0.529820508658886,25,equity
2008-07-27,-0.25220933467149736,0.08634086176753045,0.3385501964390278,0.5751089383661747,25,equity
2008-07-28,-0.21283144310116767,0.07713219702243805,0.2899636401236057,0.6329041537642479,25,equity
2008-07-29,-0.407,0.0855,0.4925,0.422,1,commodity
2008-07-29,-0.268857524394989,0.11055255174636841,0.3794100761413574,0.5100373594462871,25,equity
2008-07-30,-0.1217982006072998,0.1358270887285471,0.2576252893358469,0.6065476250648498,25,equity
2008-07-31,-0.18605,0.129275,0.31535,0.555375,4,commodity
2008-07-31,-0.12208534505528708,0.0902226495090872,0.2123079945643743,0.6974693580220143,24,equity
2008-08-01,-0.0014500000000000068,0.28905,0.29045,0.4205,2,commodity
2008-08-01,-0.16499578375369311,0.08550083793699742,0.25049662169069054,0.6640025368332862,25,equity
2008-08-02,-0.10298985184635967,0.11159732937812805,0.21458718122448772,0.6738154931614796,24,equity
2008-08-03,-0.18792530592530965,0.0893968828767538,0.27732218880206344,0.633280945122242,25,equity
2008-08-04,-0.4903666666666666,0.038733333333333335,0.5290666666666667,0.4322333333333333,3,commodity
2008-08-04,-0.23133699227124452,0.06310675285756588,0.2944437451288104,0.642449495792389,25,equity
2008-08-05,0.005666666666666709,0.32116666666666666,0.31553333333333333,0.3633,3,commodity
2008-08-05,-0.12964381236582995,0.13877480279654264,0.2684186151623726,0.5928066022694111,25,equity
2008-08-06,-0.459,0.0576,0.5166,0.4258,1,commodity
2008-08-06,-0.09470129061490297,0.12063007466495038,0.21533136527985333,0.6640385556221008,25,equity
2008-08-07,-0.513,0.0408,0.5538,0.4054,1,commodity
2008-08-07,-0.17429892513900996,0.10168146722018719,0.27598039235919714,0.6223381400108338,25,equity
2008-08-08,-0.5687,0.0207,0.5894,0.3898,1,commodity
2008-08-08,-0.301883574064954,0.0805508485753779,0.35602331152922073,0.5634258386191445,27,equity
2008-08-09,-0.012383803911507129,0.20987732358276845,0.22226112749427557,0.5678615514934063,25,equity
2008-08-10,-0.156906046718359,0.10973044630140066,0.26663649301975967,0.6236330609023572,25,equity
2008-08-11,-0.4517,0.06585,0.51755,0.41659999999999997,2,commodity
2008-08-11,-0.05105672531013214,0.2037016184525909,0.2726805659849453,0.5236178271522559,27,equity
2008-08-12,-0.40286666666666665,0.14806666666666665,0.5508666666666667,0.3011,3,commodity
2008-08-12,-0.13893213604996077,0.09226906110974818,0.20919378975230155,0.6985741852781582,27,equity
2008-08-13,-0.20402515705624003,0.1126699961271485,0.28871737540561077,0.5986126312612086,27,equity
2008-08-14,-0.13715,0.14395,0.2811,0.5749,2,commodity
2008-08-14,-0.1379448164723403,0.1358992789335273,0.2443552065169787,0.6197455107552168,27,equity
2008-08-15,-0.31445,0.1045,0.41895,0.4766,2,commodity
2008-08-15,-0.13627578037039328,0.12585139737361006,0.24747532589215152,0.6266732973268153,27,equity
2008-08-16,-0.724,0.0461,0.7701,0.1838,1,commodity
2008-08-16,-0.10487753812223673,0.09527772232890129,0.20015526045113802,0.7045670104026794,25,equity
2008-08-17,-0.0463,0.0523,0.0986,0.8491,1,commodity
2008-08-17,0.050468871630728246,0.1977125510573387,0.14724367942661046,0.6550437697768211,25,equity
2008-08-18,-0.17011480237953472,0.0811173237734116,0.22423981846063862,0.6946428625300229,26,equity
2008-08-19,-0.4564,0.0627,0.51915,0.4181,2,commodity
2008-08-19,-0.3340040148773223,0.09025576161068899,0.3978449616731965,0.5118622404379329,27,equity
2008-08-20,0.03770000000000001,0.31880000000000003,0.28109999999999996,0.4001,2,commodity
2008-08-20,-0.10864796342971149,0.13679150422193387,0.21597280098497867,0.6395239687921246,27,equity
2008-08-21,0.6628499999999999,0.6837500000000001,0.020900000000000002,0.29535,2,commodity
2008-08-21,-0.23899291889572533,0.09679403480666655,0.3061239907394289,0.5970449423839213,27,equity
2008-08-22,0.26180000000000003,0.46345000000000003,0.20165000000000002,0.33485,2,commodity
2008-08-22,-0.0915659943987926,0.14710870595552303,0.25241914479876004,0.5836222268163956,27,equity
2008-08-23,-0.16172620948404073,0.11406518131494522,0.27579139079898596,0.6101434263586998,25,equity
2008-08-24,-0.07454058561474085,0.13324913330376148,0.20778971891850234,0.6589611446857453,25,equity
2008-08-25,-0.20802016424744837,0.0833995446940815,0.262430820052641,0.6541696350290702,27,equity
2008-08-26,-0.21307204990853967,0.12723438462725392,0.31263606416542317,0.5601665949015916,27,equity
2008-08-27,-0.17103764583007622,0.1018570560887456,0.2444761834003033,0.6536297337529559,27,equity
2008-08-28,-0.4596,0.0405,0.5001,0.4594,1,commodity
2008-08-28,-0.06977717764806278,0.2087197735502764,0.2692376919390799,0.5220054949210928,27,equity
2008-08-29,-0.4611,0.0703,0.5314,0.3982,1,commodity
2008-08-29,-0.1693221967393936,0.14154593367985002,0.2907051674562806,0.5677488857908599,27,equity
2008-08-30,-0.7893,0.0232,0.8125,0.1643,1,commodity
2008-08-30,-0.18397629402577878,0.154936313778162,0.3389126078039408,0.5061510775238276,25,equity
2008-08-31,-0.0791361290588975,0.15449998181313276,0.23363611087203026,0.6118638985604048,25,equity
2008-09-01,-0.03240868759651979,0.1464399794737498,0.17884866707026958,0.6747113429009914,24,equity
2008-09-02,-0.5023,0.0441,0.5465,0.4094,1,commodity
2008-09-02,-0.14347195747992114,0.19892738086123157,0.3144400790818935,0.48663253053668865,27,equity
2008-09-03,0.13112456603646278,0.25068365628851785,0.1446924235853884,0.600422942403733,27,equity
2008-09-04,-0.1174162906400087,0.1738142356230618,0.2609342299667742,0.5652144893016646,27,equity
2008-09-05,-0.5448,0.0189,0.5638,0.4173,1,commodity
2008-09-05,-0.07719423579810068,0.11860542412598928,0.166173733998164,0.7151838131172326,27,equity
2008-09-06,-0.0619567284360528,0.1655566506460309,0.2275133790820837,0.6069299727678299,25,equity
2008-09-07,-0.11075752161443234,0.11726023346185684,0.22801775507628919,0.6547220176458359,25,equity
2008-09-08,-0.1979420783261467,0.12252024683190717,0.294073436269165,0.5834433622833747,27,equity
2008-09-09,-0.21593425520382545,0.08693351826402876,0.27470851420859493,0.630279292156817,27,equity
2008-09-10,-0.5653,0.034,0.5993,0.3666,1,commodity
2008-09-10,-0.193205060827522,0.08783604308134979,0.25595221501998294,0.6562117434681183,27,equity
2008-09-11,-0.5615666666666667,0.0647,0.6262666666666666,0.3090333333333333,3,commodity
2008-09-11,-0.14771562193078022,0.14865598471159183,0.2687790140497795,0.5825649949263313,27,equity
2008-09-12,0.3261,0.4569,0.1308,0.4122,1,commodity
2008-09-12,-0.3160745470678018,0.08578419094991226,0.3730779687869447,0.5410993910109755,26,equity
2008-09-13,-0.16967488251626492,0.14493884321302175,0.3146137257292867,0.5404474356770516,25,equity
2008-09-14,-0.2752184278354881,0.09065574472746579,0.36587417256295396,0.5434700770843919,25,equity
2008-09-15,0.682,0.7064,0.0244,0.2692,1,commodity
2008-09-15,-0.12902266699726936,0.14040933478596035,0.24060977956100746,0.6041669837967624,27,equity
2008-09-16,-0.18623533408002663,0.15114696403068525,0.30828970551811924,0.5405633251392075,27,equity
2008-09-17,0.4696666666666667,0.5672666666666667,0.09756666666666665,0.3352,3,commodity
2008-09-17,-0.29726923370121044,0.09960884876825192,0.37284474913612903,0.527546398473809,27,equity
2008-09-18,0.5061,0.5536,0.0475,0.3989,1,commodity
2008-09-18,-0.14027479793904568,0.20355473024149737,0.31995175040276524,0.4764935228050803,27,equity
2008-09-19,-0.7712,0.019,0.7902,0.1908,1,commodity
2008-09-19,-0.3171393436665928,0.07411151744977192,0.3670360463015499,0.5588524405948502,27,equity
2008-09-20,-0.29195531625300647,0.06033607520163059,0.35229139145463706,0.5873725385963917,25,equity
2008-09-21,-0.14375319611281157,0.13988143146038057,0.28363462757319213,0.5764839364588261,25,equity
2008-09-22,0.23759999999999998,0.43685,0.19924999999999998,0.3639,2,commodity
2008-09-22,-0.12231053872900716,0.17667107539982704,0.2725519844992046,0.5507769337886709,27,equity
2008-09-23,-0.4922,0.028,0.5202,0.4517,1,commodity
2008-09-23,-0.19654502996881862,0.10022019904024072,0.2692689327127631,0.630510867591621,27,equity
2008-09-24,0.4566,0.4999,0.0434,0.4567,1,commodity
2008-09-24,-0.3198699087793881,0.07567009750615668,0.37040667295221147,0.5539232359574097,27,equity
2008-09-25,0.12383333333333331,0.4340333333333333,0.31023333333333336,0.2557333333333333,3,commodity
2008-09-25,-0.15425563191903963,0.13644275503495226,0.26409097954658445,0.5917530832462028,27,equity
2008-09-26,-0.10307602359077535,0.1447870210581101,0.26397073695657775,0.591203781664734,26,equity
2008-09-27,-0.014652845449745655,0.24180792489399514,0.25646077034374076,0.5017312893954416,24,equity
2008-09-28,-0.17614939998835324,0.16277466759085654,0.3389240675792098,0.4983012489974499,25,equity
2008-09-29,-0.19635000000000002,0.19455,0.39085000000000003,0.41455,2,commodity
2008-09-29,-0.20275641299952682,0.12836592040652478,0.3030334445171627,0.5686006345244177,27,equity
2008-09-30,0.5163,0.545,0.0287,0.4263,1,commodity
2008-09-30,-0.11224535727403896,0.14696230496438567,0.23990025483101718,0.6131004022362375,27,equity
2008-10-01,0.4873,0.5152,0.0279,0.4568,1,commodity
2008-10-01,-0.24417921777522367,0.11884839170122588,0.3389164983653384,0.5422351091745803,27,equity
2008-10-02,-0.1689,0.2125,0.3814,0.4061,1,commodity
2008-10-02,-0.033762942650527865,0.12811910096142026,0.13334500657491108,0.7219601784773233,27,equity
2008-10-03,-0.58735,0.0375,0.6249,0.3376,2,commodity
2008-10-03,-0.13647217793662889,0.10378449824121264,0.21175667617784152,0.6844588246841168,27,equity
2008-10-04,-0.07779003634705037,0.1424986916632794,0.22028872801032975,0.6372125796185857,25,equity
2008-10-05,-0.18550540221212888,0.1055341086678484,0.2910395108799773,0.6034263925981729,24,equity
2008-10-06,0.5487,0.6222,0.0734,0.3044,1,commodity
2008-10-06,-0.20085176607265337,0.14061550549956606,0.32977097527592314,0.5296135312972109,27,equity
2008-10-07,-0.1689836454379355,0.13582341903834433,0.27582928669850204,0.5883472886062313,27,equity
2008-10-08,0.5320333333333334,0.5974666666666667,0.06543333333333333,0.3370666666666667,3,commodity
2008-10-08,-0.10202461170625908,0.12792179681250343,0.20663159370394768,0.6516740387423099,27,equity
2008-10-09,-0.17288378047985914,0.11930174574973407,0.2667077484518154,0.6139905038668184,27,equity
2008-10-10,0.3861,0.4708,0.0846,0.4446,1,commodity
2008-10-10,-0.26704538485850216,0.08987406177377259,0.37928981700264514,0.530873158709034,27,equity
2008-10-11,-0.11043628055602311,0.17187850531190635,0.28231478586792946,0.5458066980540752,25,equity
2008-10-12,-0.10383694667369127,0.154080417342484,0.25791736401617527,0.588002215847373,25,equity
2008-10-13,-0.7212,0.0196,0.7408,0.2396,1,commodity
2008-10-13,0.08554837783100429,0.26649154153631793,0.20212464518679513,0.5175540299136827,27,equity
2008-10-14,-0.040950000000000014,0.13319999999999999,0.17415,0.6926,2,commodity
2008-10-14,-0.1962041329956165,0.09428891618163497,0.26256341954762186,0.6335341627720921,27,equity
2008-10-15,-0.04605000000000001,0.2376,0.2836,0.4788,2,commodity
2008-10-15,-0.06690711747645227,0.15032692776399628,0.19555626746267077,0.6453894193873652,27,equity
2008-10-16,-0.042928892700815645,0.1409056225176211,0.16657895966288117,0.6886439508208037,27,equity
2008-10-17,-0.593,0.0483,0.6413,0.3105,1,commodity
2008-10-17,-0.09795605353288848,0.1939345589644379,0.26924246434917826,0.5368229800667399,27,equity
2008-10-18,-0.6926,0.032,0.7246,0.2434,1,commodity
2008-10-18,-0.18258181035518647,0.15027433827519418,0.33285614863038065,0.516869500875473,25,equity
2008-10-19,-0.13848030544817447,0.1809745428338647,0.3194548482820392,0.49957059279084204,25,equity
2008-10-20,-0.0936544619269945,0.11904176656736268,0.24090733960546828,0.6334785297924092,27,equity
2008-10-21,-0.18716385621004378,0.09672823919183934,0.25256517232496006,0.6341201630567416,26,equity
2008-10-22,-0.7386,0.019,0.7576,0.2234,1,commodity
2008-10-22,-0.2327928706382557,0.12585705144261872,0.36202399615494857,0.5121560032023479,27,equity
2008-10-23,-0.6858,0.03445,0.7202500000000001,0.24530000000000002,2,commodity
2008-10-23,-0.33136966559473674,0.07038056981701542,0.37044282800434475,0.5591766071456936,27,equity
2008-10-24,-0.34017660039101155,0.11577245488873233,0.4278416478723365,0.45638588223428966,27,equity
2008-10-25,0.4393,0.464,0.0247,0.5113,1,commodity
2008-10-25,-0.09881770718842744,0.1588658109679818,0.2576835181564093,0.5834506769478321,25,equity
2008-10-26,0.9434,0.9541,0.0107,0.0352,1,commodity
2008-10-26,-0.27067563105374576,0.07734555527567863,0.34802118632942436,0.574633257612586,50,equity
2008-10-27,0.4096,0.4804,0.0708,0.4488,1,commodity
2008-10-27,-0.11929001880414072,0.12197915197049196,0.22624994000540194,0.6517709064122017,26,equity
2008-10-28,-0.30121418678363565,0.09052544207898555,0.3651692584922508,0.5443053076381997,27,equity
2008-10-29,-0.3297,0.1369,0.4666,0.3965,1,commodity
2008-10-29,-0.15942778265128532,0.1257994691870279,0.25367910369016505,0.6055718354653602,27,equity
2008-10-30,-0.5394,0.0211,0.5605,0.4184,1,commodity
2008-10-30,-0.2653096070703533,0.11927066217804397,0.35617286184098984,0.5029832794439459,27,equity
2008-10-31,-0.21294588560845032,0.11214892238516498,0.29851703021583753,0.5893340666118372,27,equity
2008-11-01,-0.21122481033205986,0.12448699992150068,0.33571181025356056,0.5398011966794729,25,equity
2008-11-02,-0.4527847299724817,0.059098275639116765,0.5118830056115985,0.429018707126379,25,equity
2008-11-03,-0.32728676260125333,0.07524439506950202,0.3783163428559405,0.5464392605223531,27,equity
2008-11-04,0.418,0.5123,0.0943,0.3934,1,commodity
2008-11-04,-0.12288955396533004,0.18613734432558218,0.32943060199461593,0.4844320521965844,27,equity
2008-11-05,-0.7037666666666667,0.015833333333333335,0.7196000000000001,0.26453333333333334,3,commodity
2008-11-05,-0.1500084472093869,0.15221504119976803,0.28842348840915494,0.5538217624489443,27,equity
2008-11-06,0.5153,0.5291,0.0139,0.457,1,commodity
2008-11-06,-0.1267324006225776,0.15667071814448744,0.25434385950780575,0.5813798129313353,27,equity
2008-11-07,0.131,0.3293,0.1983,0.4723,1,commodity
2008-11-07,-0.07261246323110881,0.13846244784803302,0.23671935552358628,0.6181919156370426,27,equity
2008-11-08,-0.16878374762833118,0.09866864457726479,0.26745239220559597,0.6338789480924606,25,equity
2008-11-09,-0.08032447520643472,0.1544346232712269,0.2347590984776616,0.6108062797784806,25,equity
2008-11-10,0.5682,0.5902,0.0219,0.3879,1,commodity
2008-11-10,-0.21666245898466419,0.08761084787161263,0.27608812167109165,0.6298894425361644,27,equity
2008-11-11,-0.22066109231440004,0.09728394013753644,0.29177466208156616,0.5956374022170922,27,equity
2008-11-12,-0.5452,0.0223,0.5675,0.4102,1,commodity
2008-11-12,-0.28425517141155804,0.10376349029441674,0.3616668098541229,0.5345697019555595,27,equity
2008-11-13,-0.2689842092614981,0.08418654434300131,0.3732818647156105,0.5425315949771193,27,equity
2008-11-14,0.7687,0.7895333333333334,0.020833333333333332,0.18966666666666665,3,commodity
2008-11-14,-0.2527974417370699,0.08709305450789355,0.31736457031903753,0.5955794160733701,27,equity
2008-11-15,-0.09240606762468814,0.1791502445563674,0.2715563121810555,0.5492934314906597,25,equity
2008-11-16,-0.16913919884711504,0.09043123815208673,0.2595704369992018,0.6499983224272728,25,equity
2008-11-17,0.3892,0.4472,0.058,0.4948,1,commodity
2008-11-17,-0.2407512392818376,0.07802391703509623,0.3024418229836005,0.6076702448795673,27,equity
2008-11-18,-0.19134615517850184,0.09123497076046008,0.2535695874774234,0.6551954475291524,26,equity
2008-11-19,-0.04573478964997705,0.21113787296331593,0.23319488483551518,0.5556302030600327,27,equity
2008-11-20,-0.0763,0.2662,0.3426,0.3912,1,commodity
2008-11-20,-0.1853772089454221,0.13280916569271572,0.2901641524159156,0.5770266809945396,27,equity
2008-11-21,-0.4628,0.064,0.5267,0.4093,1,commodity
2008-11-21,-0.2773558444604152,0.10424978394226896,0.3544611839582397,0.5412890368595845,27,equity
2008-11-22,0.8404,0.8593,0.0189,0.1218,1,commodity
2008-11-22,-0.07772228803485631,0.15113523341715335,0.2288575214520097,0.6200072576850653,25,equity
2008-11-23,-0.15533017072826624,0.13950315494090318,0.2948333256691694,0.5656635106354951,25,equity
2008-11-24,0.5873,0.6073,0.0201,0.3726,1,commodity
2008-11-24,-0.32870360185343017,0.08846135586113843,0.39018347623308713,0.5213551680782417,27,equity
2008-11-25,-0.2225884526796856,0.07749300936002422,0.27025553611378395,0.6522514564578238,27,equity
2008-11-26,-0.428,0.1794,0.6073,0.2133,1,commodity
2008-11-26,-0.19594809007030675,0.1101211314951932,0.28053588823216663,0.6093429805140942,27,equity
2008-11-27,0.4187,0.4697,0.0511,0.4792,1,commodity
2008-11-27,-0.22087456461042165,0.06827872969210148,0.2891532943025231,0.642567972689867,25,equity
2008-11-28,-0.12518642141725178,0.08494035771047628,0.22421937172032066,0.686811175636755,27,equity
2008-11-29,-0.23281595136970282,0.07524843823164701,0.30806438960134985,0.6166871720552445,25,equity
2008-11-30,-0.12492546692490578,0.13939791046082972,0.2643233773857355,0.5962787149846553,25,equity
2008-12-01,-0.29039528080780985,0.07792798743617756,0.3436195645402837,0.5784524514211414,27,equity
2008-12-02,-0.7915,0.0182,0.8096,0.1722,1,commodity
2008-12-02,-0.15654734784386778,0.10053240862599126,0.22811308980319236,0.6662453193205274,27,equity
2008-12-03,-0.20573451990943514,0.06960271672656139,0.24990390330266318,0.6804933964241409,27,equity
2008-12-04,-0.518,0.0224,0.5404,0.4372,1,commodity
2008-12-04,-0.255738446512423,0.07578894954518631,0.30180047298068624,0.6224105775815877,26,equity
2008-12-05,-0.52485,0.032600000000000004,0.55745,0.40995000000000004,2,commodity
2008-12-05,-0.2669012509020942,0.08686844383676846,0.32582154659071455,0.5783600952099327,27,equity
2008-12-06,-0.3073921905548738,0.07734316096244802,0.3847353515173218,0.5379214915062908,25,equity
2008-12-07,-0.12861712735146283,0.1402063772827387,0.2688235046342015,0.5909701108932495,25,equity
2008-12-08,0.667,0.7234,0.0565,0.2201,1,commodity
2008-12-08,-0.15970172005349056,0.10539774777602266,0.25570687523692065,0.6388953733307532,27,equity
2008-12-09,-0.3530395398739064,0.09064632345156537,0.4563229003625089,0.4530678200871551,27,equity
2008-12-10,0.3422,0.4354,0.09325,0.47135,2,commodity
2008-12-10,-0.31630638242816966,0.0720874327407391,0.36173455590964954,0.566178005037314,27,equity
2008-12-11,0.5043666666666667,0.5362333333333333,0.03186666666666666,0.4318666666666667,3,commodity
2008-12-11,-0.26199274528562516,0.07758525391530108,0.36723725846018546,0.5551774941437715,27,equity
2008-12-12,-0.40142500000000003,0.1035,0.50495,0.39155,4,commodity
2008-12-12,-0.3606718543189484,0.07113064706877426,0.40612472360994484,0.5227446322877157,27,equity
2008-12-13,-0.333448237106204,0.08000163406133652,0.41344987116754056,0.5065484939515591,25,equity
2008-12-14,-0.16012793965637684,0.11271229088306427,0.2728402305394411,0.6144474744796753,25,equity
2008-12-15,0.6276,0.6464,0.0188,0.3348,1,commodity
2008-12-15,-0.14636233057077203,0.07214740622871452,0.20694677383652357,0.7209058227632231,27,equity
2008-12-16,-0.18328292387394093,0.14113701562638636,0.29719401357440134,0.5616689822165372,27,equity
2008-12-17,-0.16884465248111913,0.1374599169694163,0.28081197685794285,0.5816910620299575,27,equity
2008-12-18,0.4183,0.4738,0.0555,0.4707,1,commodity
2008-12-18,-0.2874967310608877,0.07525767391782115,0.33655070127500514,0.5882286736409633,27,equity
2008-12-19,0.024,0.2921,0.2681,0.4399,1,commodity
2008-12-19,-0.3002322460583485,0.0826858500211906,0.35353291089435385,0.5637812509501949,27,equity
2008-12-20,0.2338,0.432,0.1982,0.3698,1,commodity
2008-12-20,-0.09235871236771345,0.09696459639817476,0.1893233087658882,0.7137120991945267,25,equity
2008-12-21,-0.18175817620009183,0.15026248570531606,0.3320206619054079,0.5177168487012387,25,equity
2008-12-22,-0.1295,0.26695,0.39635,0.3367,2,commodity
2008-12-22,-0.3651601405547113,0.08766218583975677,0.42440380787594956,0.48789697086844774,27,equity
2008-12-23,-0.03209799086255875,0.22204146114322876,0.2258468594131949,0.5520746452694939,27,equity
2008-12-24,0.5557,0.5814,0.0257,0.3929,1,commodity
2008-12-24,0.0025119622213421065,0.17475915987513682,0.1638286791352762,0.6546816808310839,27,equity
2008-12-25,-0.05205154873430729,0.12169052831828595,0.17374207705259323,0.7045673879981041,25,equity
2008-12-26,-0.2686463207341804,0.06050518127344383,0.30008853904466126,0.639443320099288,27,equity
2008-12-27,-0.06653490363775443,0.11950580224705239,0.1860407058848068,0.6944535048678517,24,equity
2008-12-28,-0.1504448461532593,0.07386922873556614,0.2243140748888254,0.7018167036771774,25,equity
2008-12-29,0.1651,0.3659,0.2008,0.4333,1,commodity
2008-12-29,-0.27484969906601825,0.0743559706222128,0.32053159561415695,0.6051124218978907,27,equity
2008-12-30,-0.4904,0.0361,0.5265,0.4374,1,commodity
2008-12-30,-0.24852975102166297,0.07586282552282014,0.29422220617411277,0.6299149630600659,27,equity
2008-12-31,-0.3235390596808149,0.06347831428194275,0.3870173739627577,0.549504320208843,26,equity
2009-01-01,0.6917,0.7234,0.0318,0.2448,1,commodity
2009-01-01,-0.07758045680820942,0.15030146677047015,0.22788192357867956,0.6218166060745716,25,equity
2009-01-02,-0.13231152919336006,0.09802200731176597,0.23033353650512603,0.6716444585472345,26,equity
2009-01-03,0.3163,0.4633,0.147,0.3898,1,commodity
2009-01-03,-0.1427026255428791,0.10795771673321725,0.25066034227609635,0.6413819295167923,25,equity
2009-01-04,-0.2542466384917498,0.09561293464154005,0.3498595731332898,0.5545274917781353,25,equity
2009-01-05,-0.64365,0.0235,0.6671499999999999,0.3094,2,commodity
2009-01-05,-0.3455907476421159,0.09347896095222005,0.439069708594336,0.46745133056090427,26,equity
2009-01-06,-0.31702573692354447,0.07455689694660787,0.39158263387015235,0.5338604724607788,26,equity
2009-01-07,-0.5445,0.0228,0.5673,0.4098,1,commodity
2009-01-07,-0.302278145622397,0.09878154047062515,0.40105968609302217,0.5001587726841307,26,equity
2009-01-08,0.4979,0.5232,0.0253,0.4515,1,commodity
2009-01-08,-0.32356982570714676,0.06707189937766928,0.39064172508481604,0.5422863645049242,26,equity
2009-01-09,-0.024138556184390418,0.1380622717193686,0.16220082790375903,0.6997368994813699,26,equity
2009-01-10,-0.07787085641175509,0.14435128286480903,0.22222213927656412,0.6334265786409378,25,equity
2009-01-11,-0.048405348435044286,0.14235006012022494,0.19075540855526923,0.6668945199251175,25,equity
2009-01-12,-0.6563666666666667,0.028800000000000003,0.6852,0.2860333333333333,3,commodity
2009-01-12,-0.11330410275751582,0.11367512902674767,0.2269792317842635,0.6593456342816353,26,equity
2009-01-13,-0.5055,0.1083,0.6138,0.2779,1,commodity
2009-01-13,-0.24220808362588286,0.09865246491076854,0.34086054853665143,0.5604869938240602,26,equity
2009-01-14,-0.5153,0.0229,0.5382,0.4389,1,commodity
2009-01-14,-0.4718964547635271,0.0475122407795145,0.5194086955430416,0.4330790638923645,26,equity
2009-01-15,-0.19970044067416054,0.08957201729600246,0.289272457970163,0.6211555246263742,26,equity
2009-01-16,0.2304,0.3968,0.1664,0.4368,1,commodity
2009-01-16,-0.34883204410569024,0.07648918863672477,0.425321232742415,0.4981895710986394,26,equity
2009-01-17,-0.33469197861850264,0.07685803435742855,0.4115500129759312,0.5115919440984726,25,equity
2009-01-18,0.08648439936339855,0.18818992733955384,0.10170552797615529,0.7101045280694962,25,equity
2009-01-19,-0.21466266567626985,0.09961913088268284,0.31428179655895266,0.5860990657783361,25,equity
2009-01-20,-0.2243904486298561,0.0916530068218708,0.3160434554517269,0.5923035371303559,25,equity
2009-01-21,-0.2454333333333333,0.20896666666666666,0.45436666666666664,0.33663333333333334,3,commodity
2009-01-21,-0.17993659884310687,0.0977874741388055,0.2777240729819124,0.6244884497271135,26,equity
2009-01-22,-0.72315,0.01935,0.74245,0.2382,2,commodity
2009-01-22,-0.21555221202568367,0.08477550809486555,0.3003277201205492,0.6148967659817293,26,equity
2009-01-23,0.5817,0.6047333333333333,0.022966666666666666,0.37233333333333335,3,commodity
2009-01-23,-0.2817475226564476,0.11663858144758986,0.39838610410403746,0.4849753172065203,26,equity
2009-01-24,-0.15599238343536853,0.13622041717171668,0.2922128006070852,0.5715667794644833,25,equity
2009-01-25,-0.1623305494338274,0.13766605131328105,0.29999660074710843,0.5623373430222273,25,equity
2009-01-26,-0.11306473114885963,0.1337443534643031,0.24680908461316273,0.6194465676179299,26,equity
2009-01-27,-0.2835516299550923,0.1210680788812729,0.4046197088363652,0.47431221188834083,26,equity
2009-01-28,-0.08995,0.05285,0.14275,0.8044,2,commodity
2009-01-28,-0.16170625402950323,0.1610963478541145,0.32280260188361776,0.5161010512652305,26,equity
2009-01-29,0.7692,0.8049,0.0357,0.1594,1,commodity
2009-01-29,-0.016633872587520342,0.1491525534970256,0.16578642608454594,0.6850610174811803,26,equity
2009-01-30,-0.19880862240321362,0.09570266320728339,0.294511285610497,0.6097860551224306,26,equity
2009-01-31,-0.2300505993142724,0.11222039222717285,0.34227099154144525,0.5455086293816567,25,equity
2009-02-01,-0.11189083144068718,0.13966016475111245,0.25155099619179966,0.6087888330221176,25,equity
2009-02-02,-0.2659282386661149,0.1042510258177152,0.3701792644838301,0.5255697042179795,26,equity
2009-02-03,-0.1304011377147757,0.13157562281076723,0.261976760525543,0.6064476127234789,26,equity
2009-02-04,0.4963,0.5207,0.0243,0.455,1,commodity
2009-02-04,-0.11782331761116019,0.1287998392318304,0.24662315684299058,0.6245769938597312,26,equity
2009-02-05,0.35109999999999997,0.4458,0.09475,0.45940000000000003,2,commodity
2009-02-05,-0.21994947337617093,0.12188522012617725,0.3418346935023482,0.536280081822322,26,equity
2009-02-06,-0.0509,0.2085,0.2594,0.5321,1,commodity
2009-02-06,-0.12388389360589477,0.14551013027532742,0.2693940238812222,0.5850958440882655,26,equity
2009-02-07,-0.17630199231207372,0.10140226259827614,0.27770425491034983,0.6208934747427702,25,equity
2009-02-08,-0.173904417604208,0.09394986987113953,0.2678542874753475,0.6381958356499672,25,equity
2009-02-09,0.6096,0.6251,0.0155,0.3594,1,commodity
2009-02-09,-0.21434021386532828,0.06761954008386685,0.28195975394919515,0.6504207072922816,26,equity
2009-02-10,0.1521,0.36769999999999997,0.21565,0.41664999999999996,2,commodity
2009-02-10,-0.12983877057782733,0.11346423160284758,0.2433030021806749,0.6432327757088038,26,equity
2009-02-11,-0.76,0.0284,0.7884,0.1832,1,commodity
2009-02-11,-0.2275638132212827,0.1453842271764118,0.37294804039769447,0.4816677412734582,26,equity
2009-02-12,0.6435,0.66185,0.01825,0.31989999999999996,2,commodity
2009-02-12,-0.16895909073690957,0.10070029510041842,0.26965938583732796,0.6296403184533119,26,equity
2009-02-13,-0.15202578393599162,0.11066259601368354,0.26268837994967514,0.626649026114207,26,equity
2009-02-14,-0.14181718930602075,0.11859264682978392,0.26040983613580465,0.620997517183423,25,equity
2009-02-15,0.066388341486454,0.23843393504619598,0.17204559355974197,0.5895204765349626,25,equity
2009-02-16,-0.18243306405328424,0.10087414217004731,0.28330720622333155,0.6158186462422031,25,equity
2009-02-17,-0.26962797992074716,0.08314496303836887,0.35277294295911604,0.56408208494003,26,equity
2009-02-18,0.4325,0.45589999999999997,0.02345,0.5206500000000001,2,commodity
2009-02-18,-0.218338977258939,0.0675029790816972,0.2858419563406362,0.6466550604941753,26,equity
2009-02-19,-0.14745,0.24095,0.38839999999999997,0.37070000000000003,2,commodity
2009-02-19,-0.0124069621356634,0.20992674341855141,0.2223337055542148,0.5677395571882908,26,equity
2009-02-20,-0.19669999999999999,0.15663333333333332,0.35333333333333333,0.4900333333333333,3,commodity
2009-02-20,-0.09944292013763716,0.14909897365812685,0.248541893795764,0.6023591214418784,26,equity
2009-02-21,-0.2472796084281678,0.06734683667309582,0.31462644510126364,0.6180267152376473,24,equity
2009-02-22,-0.07938295237720012,0.10039483021944762,0.17977778259664773,0.7198273724317551,25,equity
2009-02-23,0.339,0.4474,0.1084,0.4442,1,commodity
2009-02-23,-0.20989554884055486,0.14448896559098592,0.3543845144315408,0.5011265211953566,26,equity
2009-02-24,-0.07717014200842151,0.14552491459135825,0.22269505659977978,0.6317800391608706,26,equity
2009-02-25,-0.2334,0.184,0.4174,0.3986,1,commodity
2009-02-25,-0.29409795662818045,0.06388682026702625,0.3579847768952067,0.5781283798412635,26,equity
2009-02-26,-0.52,0.0526,0.5726,0.3748,1,commodity
2009-02-26,-0.10949952201953715,0.1467542918815903,0.25625381390112745,0.5969918823966496,26,equity
2009-02-27,-0.18664999999999998,0.0826,0.26920000000000005,0.6482,2,commodity
2009-02-27,-0.2578757416385298,0.08754683067449011,0.34542257231301987,0.5670305960453473,26,equity
2009-02-28,-0.23977128230035305,0.11519363462924957,0.35496491692960264,0.5298414476215839,25,equity
2009-03-01,-0.12816373717039822,0.10988276433199644,0.23804650150239468,0.6520707470178604,25,equity
2009-03-02,0.2185,0.30210000000000004,0.0836,0.6143,2,commodity
2009-03-02,-0.046734028531668276,0.1665081107415832,0.21324213927325147,0.620249753101514,26,equity
2009-03-03,-0.5690999999999999,0.06495,0.634,0.30105,2,commodity
2009-03-03,-0.1261040412892516,0.08591549714597371,0.2120195384352253,0.7020649637740392,26,equity
2009-03-04,-0.03965000000000002,0.19505,0.23475000000000001,0.5702,2,commodity
2009-03-04,-0.2357931281081759,0.09462759969756007,0.33042072780573595,0.5749516780129992,26,equity
2009-03-05,0.4703,0.5132,0.0429,0.4438,1,commodity
2009-03-05,-0.32597839964840275,0.12979583248782617,0.4557742321362289,0.41442992337621176,26,equity
2009-03-06,0.8263,0.8452,0.0189,0.1359,1,commodity
2009-03-06,-0.2750436093371648,0.11775084771215916,0.392794457049324,0.4894546972444424,26,equity
2009-03-07,-0.25462462060153485,0.12384047843515873,0.37846509903669356,0.49769441366195677,25,equity
2009-03-08,-0.173351997310778,0.08604133084408257,0.25939332815486055,0.6545653410010569,24,equity
2009-03-09,-0.5938,0.0169,0.6107,0.3724,1,commodity
2009-03-09,-0.16119409112546307,0.10058310850021931,0.26177719962568236,0.6376396864652634,26,equity
2009-03-10,-0.15757384423453075,0.1232535528162351,0.28082739705076587,0.5959190488434755,26,equity
2009-03-11,0.24635,0.29335,0.04705,0.6596,2,commodity
2009-03-11,-0.2704995760622506,0.06539717674828492,0.33589675281053555,0.5987060868109648,26,equity
2009-03-12,0.6864,0.7112,0.0248,0.2639,1,commodity
2009-03-12,-0.20686752771815428,0.08035706768098932,0.2872245953991436,0.6324183284663237,26,equity
2009-03-13,-0.3883,0.062,0.4502,0.4878,1,commodity
2009-03-13,-0.15913670560201773,0.11762995795848277,0.2767666635605005,0.6056033725348803,26,equity
2009-03-14,-0.2930396916344762,0.0806900203973055,0.3737297120317817,0.5455802701413631,25,equity
2009-03-15,0.2713,0.3768,0.1055,0.5176,1,commodity
2009-03-15,-0.04856804786061433,0.11767324975888181,0.16624129761949613,0.7160854434946609,25,equity
2009-03-16,-0.2752368819828217,0.13220293415137208,0.4074398161341938,0.46035724677718604,26,equity
2009-03-17,-0.5349,0.0344,0.5693,0.3963,1,commodity
2009-03-17,-0.07371491738236867,0.15303794051019046,0.2267528578925591,0.6202092080448682,26,equity
2009-03-18,-0.17763333333333334,0.265,0.4425666666666666,0.2924333333333333,3,commodity
2009-03-18,-0.27215507117519144,0.05580801302317765,0.32796308419836906,0.6162288989815228,26,equity
2009-03-19,0.2237,0.3961,0.1724,0.4315,1,commodity
2009-03-19,-0.19605696511765322,0.0875243756454438,0.283581340763097,0.628894291507701,24,equity
2009-03-20,-0.2838,0.1534,0.4372,0.4094,1,commodity
2009-03-20,-0.25261314628789056,0.08469689988459532,0.3373100461724859,0.5779930440565715,26,equity
2009-03-21,-0.02686359915882349,0.18517683014273645,0.21204042930155992,0.6027827475965023,25,equity
2009-03-22,-0.19653393932719537,0.07780968607343285,0.27434362540062823,0.6478467006331324,25,equity
2009-03-23,0.062200000000000005,0.28869999999999996,0.2265,0.48485,2,commodity
2009-03-23,-0.2008807982604664,0.09182293705928785,0.29270373531975424,0.6154733205643984,26,equity
2009-03-24,-0.4668,0.0653,0.5321,0.4025,1,commodity
2009-03-24,-0.28976898042198557,0.09146731414903815,0.3812362945710237,0.5272963845099394,26,equity
2009-03-25,-0.36496060889644116,0.07544137720161906,0.44040198609806025,0.48415663766746336,26,equity
2009-03-26,-0.23339466918976262,0.1108748373360588,0.3442695065258214,0.5448556636961607,26,equity
2009-03-27,0.653,0.6723,0.0193,0.3084,1,commodity
2009-03-27,-0.2584860298352746,0.12619910346200833,0.38468513329728293,0.48911576718091965,26,equity
2009-03-28,-0.2593175677210093,0.08286977089941501,0.3421873386204243,0.5749428886175155,25,equity
2009-03-30,-0.5541,0.0926,0.6467,0.2607,1,commodity
2009-03-30,-0.1583861796400295,0.08580525068996045,0.24419143032998994,0.6700033112787284,26,equity
2009-03-31,0.4101,0.482,0.0718,0.4462,1,commodity
2009-03-31,-0.2310190464441593,0.054106047914291806,0.28512509435845107,0.6607688451185822,26,equity
2009-04-01,0.1618,0.1736,0.0119,0.8145,1,commodity
2009-04-01,-0.05907912004309205,0.12688633068822897,0.18596545073132104,0.687148215679022,26,equity
2009-04-02,-0.43185,0.06420000000000001,0.49605,0.43975,2,commodity
2009-04-02,-0.28802101998231733,0.10357787130543819,0.3915988912877555,0.5048232485468571,26,equity
2009-04-03,-0.21322623214039665,0.0651177023179256,0.27834393445832223,0.6565383669848626,26,equity
2009-04-04,-0.14044131938368082,0.10663205035030841,0.24707336973398925,0.646294586956501,25,equity
2009-04-05,-0.04558162294328213,0.13752463944256305,0.18310626238584518,0.6793690884113311,25,equity
2009-04-06,-0.6190500000000001,0.053099999999999994,0.67215,0.2748,2,commodity
2009-04-06,-0.2991635912241271,0.09113659236866695,0.39030018359279406,0.5185632184147835,26,equity
2009-04-07,0.4563,0.4944,0.0381,0.4675,1,commodity
2009-04-07,-0.3000393958690648,0.06614882226746815,0.36618821813653296,0.5676629695181663,26,equity
2009-04-08,0.5053,0.5314,0.0261,0.4425,1,commodity
2009-04-08,-0.07704406532530601,0.1951727420091629,0.2722168073344689,0.532610456387584,26,equity
2009-04-09,-0.6321,0.026250000000000002,0.65835,0.31545,2,commodity
2009-04-09,-0.35494031792936415,0.05552901284625897,0.41046933077562314,0.5340016530110285,26,equity
2009-04-10,-0.0854,0.1238,0.2091,0.6671,1,commodity
2009-04-10,-0.21005067959427834,0.09839707992970943,0.3084477595239878,0.5931551724672317,25,equity
2009-04-11,0.0333,0.0684,0.0351,0.8965,1,commodity
2009-04-11,-0.23151239038755497,0.08120213534372549,0.31271452573128045,0.6060833305430909,24,equity
2009-04-12,-0.1736723132804036,0.09356014799326658,0.2672324612736702,0.6392073866724968,25,equity
2009-04-13,-0.0342,0.2504,0.2846,0.465,1,commodity
2009-04-13,-0.2592241967526766,0.08478674779717739,0.344010944549854,0.5712023156766708,26,equity
2009-04-14,-0.1824604140666242,0.11985243556018059,0.30231284962680477,0.5778347216546535,26,equity
2009-04-15,-0.2716315189161553,0.06709917509355225,0.3387306940097075,0.5941701370936173,26,equity
2009-04-16,-0.333,0.1601,0.4931,0.3468,1,commodity
2009-04-16,-0.32450197089033633,0.061972357583447144,0.38647432847378344,0.5515533032325598,26,equity
2009-04-17,-0.04993909708439158,0.17296704277396202,0.22290613985835359,0.6041268078753581,26,equity
2009-04-18,-0.13482958186417818,0.13462766118347644,0.2694572430476546,0.5959150925278663,25,equity
2009-04-19,-0.1091517711058259,0.13596238270401956,0.24511415380984544,0.6189234600961209,25,equity
2009-04-20,-0.5426,0.0232,0.5659,0.4109,1,commodity
2009-04-20,-0.222214618160461,0.11411365694724597,0.33632827510770696,0.5495580774373733,26,equity
2009-04-21,0.37785,0.39875,0.020900000000000002,0.58035,2,commodity
2009-04-21,-0.17471098416269973,0.08995377329679635,0.2646647574594961,0.6453814598230215,26,equity
2009-04-22,-0.14176800535418665,0.08131406363099813,0.2230820689851848,0.6956038710016471,26,equity
2009-04-23,-0.1009634558756191,0.17366022104397416,0.2746236769195933,0.5517161041498184,26,equity
2009-04-24,0.3305,0.4387,0.1082,0.4531,1,commodity
2009-04-24,-0.09410625585139944,0.14427666666989142,0.23838292252129087,0.6173404094118339,26,equity
2009-04-25,-0.12617121193557979,0.11390665397047997,0.24007786590605973,0.6460154774785042,25,equity
2009-04-26,-0.09133076943301906,0.1654727607189367,0.2568035301519558,0.5777237107977271,24,equity
2009-04-27,-0.583,0.0213,0.6042,0.3745,1,commodity
2009-04-27,-0.0034648894618910095,0.15147887578663918,0.15494376524853018,0.6935773627975812,26,equity
2009-04-28,-0.5832,0.0199,0.6031,0.3771,1,commodity
2009-04-28,-0.27762065541285735,0.0782844928594736,0.35590514827233094,0.5658103653158133,26,equity
2009-04-29,-0.09713271511002229,0.0968627560024078,0.1939954711124301,0.709141765649502,26,equity
2009-04-30,-0.54905,0.02445,0.5735,0.40205,2,commodity
2009-04-30,-0.3622366568216911,0.07561919530137227,0.4378558521230633,0.4865249450533436,26,equity
2009-05-01,-0.5593,0.023,0.5823,0.3947,1,commodity
2009-05-01,-0.05882438419100184,0.1672657894042249,0.22609017359522673,0.6066440338125596,26,equity
2009-05-02,-0.20115627146636447,0.13231827105240276,0.33347454251876724,0.5342071910078326,24,equity
2009-05-03,-0.0886540263518691,0.15669963866472245,0.24535366501659156,0.5979466963559389,25,equity
2009-05-04,0.5625,0.5845499999999999,0.02205,0.39335,2,commodity
2009-05-04,-0.2097157138901261,0.12323289536512815,0.33294860925525427,0.5438184881439576,26,equity
2009-05-05,-0.31160080386325717,0.08812398252149041,0.39972478638474757,0.5121512266878898,26,equity
2009-05-06,0.16069999999999998,0.2966,0.13593333333333332,0.5674666666666667,3,commodity
2009-05-06,-0.18728558353793162,0.11288508765686017,0.3001706711947918,0.5869442407901471,26,equity
2009-05-07,-0.05167537873897415,0.1985566743577902,0.2502320530967644,0.5512112695723772,26,equity
2009-05-08,-0.61995,0.04085,0.6608,0.2983,2,commodity
2009-05-08,-0.16962719182125652,0.11301083647860931,0.28263802829986584,0.6043511213591466,26,equity
2009-05-09,-0.32074119936674833,0.06978605389595031,0.39052725326269866,0.5396866893768311,25,equity
2009-05-10,-0.17224333588033913,0.108134879283607,0.2803782151639462,0.6114869131147862,25,equity
2009-05-11,-0.69065,0.0265,0.71715,0.25625,2,commodity
2009-05-11,-0.08945813732078442,0.14512827756026617,0.2345864148810506,0.6202852895053533,26,equity
2009-05-12,-0.10988697287841485,0.17766400129319385,0.2875509741716087,0.5347850193771032,26,equity
2009-05-13,-0.24802871918878877,0.06267828866839409,0.31070700785718286,0.6266147167636797,26,equity
2009-05-14,0.5362,0.5565,0.0203,0.4232,1,commodity
2009-05-14,-0.29781279555306983,0.08711046560739096,0.38492326116046083,0.527966249662523,26,equity
2009-05-15,-0.13942628131749538,0.11071687650222045,0.25014315781971586,0.6391399732002845,26,equity
2009-05-16,-0.2601461454480887,0.08131064936518669,0.34145679481327534,0.5772325682640076,25,equity
2009-05-17,-0.006875675767660141,0.14416890639811755,0.15104458216577768,0.7047865164279937,25,equity
2009-05-18,-0.6914,0.031,0.7225,0.2465,1,commodity
2009-05-18,-0.20062127376261812,0.10489545081957029,0.3055167245821884,0.5895878293981346,26,equity
2009-05-19,0.5295,0.5597,0.0302,0.4101,1,commodity
2009-05-19,-0.08090253120574814,0.2045139788936537,0.28541651009940183,0.5100695237230796,26,equity
2009-05-20,-0.40204826505998004,0.13019424562270826,0.5322425106826884,0.3375632454856084,26,equity
2009-05-21,0.6011,0.6458999999999999,0.04485,0.3092,2,commodity
2009-05-21,-0.2789409813256218,0.11582909811001557,0.39477007943563736,0.48940083671074647,26,equity
2009-05-22,-0.28897785739256787,0.06717999351139252,0.35615785090396035,0.5766621557279275,26,equity
2009-05-23,0.1551,0.1856,0.0305,0.784,1,commodity
2009-05-23,-0.1742869435250759,0.13212361715734006,0.30641056068241596,0.5614658060669899,25,equity
2009-05-24,0.4724,0.5121,0.0397,0.4482,1,commodity
2009-05-24,-0.14992284160107375,0.10541391730308533,0.2553367589041591,0.6392493087053299,25,equity
2009-05-25,-0.16667064558714628,0.08682368755340576,0.25349433314055203,0.6596819999814033,25,equity
2009-05-26,0.1005,0.1448,0.0443,0.8108,1,commodity
2009-05-26,-0.2386986520857765,0.1294409682472738,0.3681396203330503,0.5024193990259216,26,equity
2009-05-27,-0.18440040165128616,0.13075969081658584,0.315160092467872,0.5540802186498275,26,equity
2009-05-28,0.5263,0.5585,0.0323,0.4092,1,commodity
2009-05-28,0.1023523874151019,0.22748631131477082,0.1251339238996689,0.6473797596991062,26,equity
2009-05-29,0.60315,0.6306499999999999,0.027450000000000002,0.34185,2,commodity
2009-05-29,-0.19461301800150138,0.12840265211147758,0.32301567011297894,0.548581674695015,26,equity
2009-05-30,-0.1389126592129469,0.07738986417651177,0.21630252338945866,0.7063076116144658,25,equity
2009-05-31,-0.5528,0.0195,0.5723,0.4082,1,commodity
2009-05-31,-0.16771966602653265,0.09540239170193672,0.26312205772846936,0.6414755508303642,25,equity
2009-06-01,0.2851666666666666,0.38233333333333336,0.09716666666666667,0.5204666666666666,3,commodity
2009-06-01,-0.14619256316039425,0.12933666126516002,0.2755292244255543,0.5951341149898676,26,equity
2009-06-02,-0.1508,0.2199,0.3707,0.4094,1,commodity
2009-06-02,-0.01740770170894953,0.14663311581198984,0.16404081752093938,0.6893260639447433,26,equity
2009-06-03,-0.16618156589567662,0.13229930780828,0.2984808737039566,0.5692198163270951,25,equity
2009-06-04,-0.2062968691596045,0.07038208627356933,0.27667895543317383,0.6529389616961663,26,equity
2009-06-05,-0.2352,0.2545,0.4897,0.25579999999999997,2,commodity
2009-06-05,-0.09975905272249992,0.160551143451952,0.26031019617445195,0.5791386559319037,26,equity
2009-06-06,-0.25661900591105224,0.08647045686841011,0.34308946277946234,0.5704400870203972,25,equity
2009-06-07,-0.2111471101269126,0.13059683479368686,0.34174394492059945,0.5276592198014259,25,equity
2009-06-08,-0.4529666666666667,0.06366666666666666,0.5166333333333334,0.4197,3,commodity
2009-06-08,-0.2601673944423405,0.11158993019937323,0.37175732464171374,0.5166527441201302,26,equity
2009-06-09,0.5409,0.5598,0.0189,0.4213,1,commodity
2009-06-09,-0.2219694757189315,0.10634139713902886,0.32831087285796035,0.5653477152809501,26,equity
2009-06-10,-0.13632590230554342,0.10454990141666852,0.24087580372221196,0.6545743018102187,26,equity
2009-06-11,-0.5691,0.0308,0.5999,0.3693,1,commodity
2009-06-11,-0.08432652625756767,0.13928277675922102,0.2236093030167887,0.6371079213344134,26,equity
2009-06-12,-0.6222,0.0381,0.6603,0.3017,1,commodity
2009-06-12,-0.05172650584091361,0.15134908309063086,0.20307558893154448,0.6455753181989377,26,equity
2009-06-13,-0.7472,0.0185,0.7657,0.2158,1,commodity
2009-06-13,-0.3213670690357685,0.05175602190196514,0.37312309093773366,0.5751208761334419,25,equity
2009-06-14,-0.23837261546403168,0.054065365493297574,0.29243798095732926,0.6534966504573823,25,equity
2009-06-15,-0.2647146303206682,0.0698585227633325,0.3345731530840007,0.5955683117589126,26,equity
2009-06-16,0.4873,0.5189,0.0316,0.4495,1,commodity
2009-06-16,-0.1396216249021773,0.10693534123353086,0.24655696613570818,0.6465076878666878,26,equity
2009-06-17,0.49060000000000004,0.5302,0.039599999999999996,0.4302,2,commodity
2009-06-17,-0.1023201267951383,0.1183642097390615,0.2206843365341998,0.660951451326792,26,equity
2009-06-18,-0.21309958881913468,0.09009665476444823,0.30319624358358294,0.6067070918014417,26,equity
2009-06-19,-0.12234999999999999,0.27235,0.3947,0.333,2,commodity
2009-06-19,-0.07701614011938755,0.15395493561831805,0.2309710757377056,0.6150739920827059,26,equity
2009-06-20,-0.3238035611435771,0.061220940202474594,0.3850245013460517,0.5537545722723007,25,equity
2009-06-21,-0.36458931647241116,0.07547614928334952,0.44006546575576067,0.48445840552449226,25,equity
2009-06-22,-0.19907128166120786,0.07548304811979716,0.274554329781005,0.6499626296930588,26,equity
2009-06-23,-0.321391152146344,0.06698152322608691,0.3883726753724309,0.5446457968881497,26,equity
2009-06-24,-0.4836,0.062,0.5456,0.3925,1,commodity
2009-06-24,-0.31416797197352236,0.08710059720593002,0.40126856917945236,0.5116308466173135,26,equity
2009-06-25,-0.1722,0.1245,0.2967,0.5789,1,commodity
2009-06-25,-0.08545495096880656,0.12294403083909017,0.20839898180789673,0.668656984773966,26,equity
2009-06-26,-0.08148731717553276,0.1217563385860278,0.20324365576156056,0.6750000093418819,26,equity
2009-06-27,-0.1103944980353117,0.12274249836802482,0.23313699640333652,0.6441205048561096,25,equity
2009-06-28,-0.39983225863426924,0.0415449645742774,0.44137722320854667,0.5170778146386147,25,equity
2009-06-29,0.303,0.45614999999999994,0.15315,0.39070000000000005,2,commodity
2009-06-29,-0.25170574014863145,0.09387292311741756,0.34557866326604897,0.5605484095330422,26,equity
2009-06-30,-0.2990721363144425,0.09352657879487826,0.39259871510932076,0.5138746935587662,26,equity
2009-07-01,-0.1598954672853534,0.10258069054151957,0.26247615782687295,0.6349431419601808,26,equity
2009-07-02,-0.24057251297367307,0.07736276681176744,0.3179352797854405,0.6047019525789298,26,equity
2009-07-03,-0.17102847636366883,0.06284443230833858,0.2338729086720074,0.7032826567689577,24,equity
2009-07-04,-0.09115358155220747,0.12274599023163318,0.21389957178384067,0.6633544266223907,25,equity
2009-07-05,-0.13638245470821858,0.11434663213789463,0.2507290868461132,0.6349242821335792,25,equity
2009-07-06,-0.5789,0.0305,0.6094,0.36,1,commodity
2009-07-06,-0.3104208735390924,0.07418437445392975,0.3846052479930222,0.5412103646936325,26,equity
2009-07-07,0.0587,0.4202,0.3615,0.2183,1,commodity
2009-07-07,-0.29305437859147787,0.05332125272028721,0.3463756313117651,0.6003031184753547,26,equity
2009-07-08,-0.7244,0.0176,0.7421,0.2403,1,commodity
2009-07-08,-0.19979269272432879,0.11298589146910952,0.3127785841934383,0.5742355118004175,26,equity
2009-07-09,-0.3909,0.0973,0.4882,0.4146,1,commodity
2009-07-09,-0.19345952276713574,0.06671158747317699,0.2601711102403127,0.6731173115280958,26,equity
2009-07-10,-0.6623,0.0207,0.683,0.2964,1,commodity
2009-07-10,-0.34075893905873483,0.04933519908585227,0.3900941381445871,0.5605706760229973,26,equity
2009-07-11,-0.09176158610731364,0.11813160408288241,0.20989319019019603,0.6719752070307732,25,equity
2009-07-12,-0.17829610330983997,0.1545600413903594,0.33285614470019936,0.5125838144868612,25,equity
2009-07-13,0.4801,0.5908,0.1107,0.2985,1,commodity
2009-07-13,-0.2282399937797051,0.06800391847411028,0.2962439122538154,0.6357521721376822,26,equity
2009-07-14,-0.18359323282941029,0.12650378055583972,0.31009701338525003,0.5633992122916075,26,equity
2009-07-15,0.6201,0.6388,0.0187,0.3425,1,commodity
2009-07-15,-0.12408375847511567,0.15143204623690018,0.27551580471201587,0.5730521464003966,26,equity
2009-07-16,-0.3494,0.12,0.4694,0.4106,1,commodity
2009-07-16,-0.14609922465080252,0.10825729348625128,0.2543565181370538,0.6373862022390733,26,equity
2009-07-17,-0.15577871194825724,0.11256645662853351,0.26834516857679075,0.6190883729320306,26,equity
2009-07-18,-0.12153887193650008,0.1537592952698469,0.275298167206347,0.5709425483644008,25,equity
2009-07-19,-0.16906768766542277,0.10637736925855279,0.27544505692397553,0.6181775800262889,24,equity
2009-07-20,0.24893333333333334,0.4580333333333333,0.20909999999999998,0.33286666666666664,3,commodity
2009-07-20,-0.24530305326558077,0.10928750274559626,0.354590556011177,0.5361219451117974,26,equity
2009-07-21,-0.5563,0.0653,0.6216,0.3131,1,commodity
2009-07-21,-0.19990097502103218,0.12221867132645386,0.3221196463474861,0.5556616923556879,26,equity
2009-07-22,-0.5622,0.0222,0.5844,0.3934,1,commodity
2009-07-22,-0.28055260695803624,0.0678525183421488,0.348405125300185,0.583742363521686,26,equity
2009-07-23,0.12636666666666665,0.34226666666666666,0.21589999999999998,0.4418666666666667,3,commodity
2009-07-23,-0.17012483707199302,0.10680377393817672,0.27692861101016975,0.6162676080488242,26,equity
2009-07-24,-0.1331171799236192,0.10854772471178037,0.24166490463539958,0.6497873732676873,26,equity
2009-07-25,-0.252206154987216,0.07972982596606017,0.33193598095327614,0.5883341988921166,25,equity
2009-07-26,-0.1601045811548829,0.11646987449377776,0.2765744556486607,0.6069556744396687,25,equity
2009-07-27,0.4523,0.494,0.0417,0.4643,1,commodity
2009-07-27,-0.2548601061034088,0.10078517408468403,0.3556452801880928,0.5435695533569043,26,equity
2009-07-28,-0.5463,0.0514,0.5977,0.3509,1,commodity
2009-07-28,-0.32191295431067163,0.08281786259836875,0.4047308169090404,0.5124513128629098,26,equity
2009-07-29,-0.5825,0.0194,0.6018,0.3788,1,commodity
2009-07-29,-0.4093397224608522,0.091695218705214,0.5010349411660662,0.40726985252247405,26,equity
2009-07-30,0.29943333333333333,0.48066666666666674,0.1812,0.3381,3,commodity
2009-07-30,-0.2597009817209954,0.10132804713570155,0.36102902885669697,0.5376429201032107,26,equity
2009-07-31,-0.15719998058361503,0.13841445586429194,0.29561443644790697,0.5659711012760034,26,equity
2009-08-01,0.8158,0.8324,0.0166,0.151,1,commodity
2009-08-01,-0.35977671887725593,0.1044129841029644,0.46418970298022033,0.43139732383191587,25,equity
2009-08-02,-0.25494416549801824,0.10681389898061752,0.3617580644786358,0.5314280360937118,25,equity
2009-08-03,-0.312990933477592,0.07827655774039718,0.3912674912179892,0.5304559507908729,26,equity
2009-08-04,-0.02815000000000001,0.2794,0.30750000000000005,0.41315,2,commodity
2009-08-04,-0.32375933007838636,0.0874808938242495,0.41124022390263587,0.5012788858551246,26,equity
2009-08-05,-0.5141,0.0199,0.534,0.4461,1,commodity
2009-08-05,-0.22657503051540026,0.11645160464999768,0.34302663516539794,0.5405217614024878,26,equity
2009-08-06,-0.25245,0.15875,0.41125,0.43005000000000004,2,commodity
2009-08-06,-0.160428684634658,0.11326829870589651,0.27369698334055453,0.6130347058463556,26,equity
2009-08-07,0.2198,0.4272,0.2074,0.3654,1,commodity
2009-08-07,-0.27104790082487923,0.11406168191192242,0.3851095827368016,0.5008287372497412,26,equity
2009-08-08,-0.7477,0.0203,0.768,0.2116,1,commodity
2009-08-08,-0.1372740574553609,0.12559293143451214,0.26286698888987303,0.6115400859713555,25,equity
2009-08-09,-0.2401088470220566,0.08690289445221425,0.3270117414742708,0.5860853485763073,25,equity
2009-08-10,-0.32749902338792497,0.07912257818791729,0.40662160157584226,0.5142558363194649,26,equity
2009-08-11,-0.1493,0.1741,0.3233,0.5026,1,commodity
2009-08-11,-0.2188789086201443,0.1679898451368969,0.3868687537570412,0.44514139598378766,26,equity
2009-08-12,-0.2427,0.1384,0.3811,0.4805,1,commodity
2009-08-12,0.053474254512156434,0.23657166972183263,0.1830974152096762,0.5803309111641004,26,equity
2009-08-13,-0.22418183994551116,0.11416548805741164,0.33834732800292283,0.5474871744473393,26,equity
2009-08-14,-0.6547,0.0241,0.6788,0.2972,1,commodity
2009-08-14,-0.15791855494563395,0.13388693196555743,0.2918054869111914,0.5743075741025118,26,equity
2009-08-15,-0.20943126641213894,0.11720733419060707,0.326638600602746,0.5561540755629539,25,equity
2009-08-16,-0.18275096632540225,0.13188336297869682,0.31463432930409907,0.5534823104739189,25,equity
2009-08-17,-0.6447499999999999,0.02025,0.665,0.31475,2,commodity
2009-08-17,-0.20980195242625016,0.08582738328438538,0.29562933571063554,0.6185432877391577,26,equity
2009-08-18,0.5028,0.5455,0.0427,0.4118,1,commodity
2009-08-18,-0.3053512591868639,0.09380249141787107,0.39915375060473496,0.50704376019824,26,equity
2009-08-19,0.12513333333333335,0.34430000000000005,0.21916666666666665,0.43649999999999994,3,commodity
2009-08-19,-0.13431959352097833,0.11125218438414428,0.24557177790512258,0.64317604741798,26,equity
2009-08-20,-0.4838,0.0551,0.53895,0.40595,2,commodity
2009-08-20,-0.15580485589229143,0.08402713345220456,0.23983198934449598,0.6761408850837213,26,equity
2009-08-21,0.4514,0.6295,0.1781,0.1924,1,commodity
2009-08-21,-0.33989290334284306,0.0759786580904172,0.41587156143326026,0.5081497862791786,26,equity
2009-08-22,-0.13270739670842885,0.08238490097224713,0.21509229768067598,0.7025228011608123,25,equity
2009-08-23,-0.0977116310596466,0.12068037237972021,0.21839200343936682,0.6609276321530342,25,equity
2009-08-24,-0.5288,0.0191,0.5479,0.4331,1,commodity
2009-08-24,-0.23660603659943893,0.10192586044565989,0.33853189704509884,0.5595422543298739,26,equity
2009-08-25,-0.15165652671399024,0.12679982808633491,0.27845635480032516,0.5947438154656154,26,equity
2009-08-26,-0.19205,0.1003,0.2923,0.6073999999999999,2,commodity
2009-08-26,-0.18559265486896037,0.11799180597066879,0.3035844608396292,0.5784237322211265,25,equity
2009-08-27,-0.5924,0.02,0.6124,0.3675,1,commodity
2009-08-27,-0.1833855752976468,0.12657996242006236,0.3099655377177092,0.5634545106440783,26,equity
2009-08-28,-0.32516285003377843,0.08095077880156729,0.4061136288353457,0.5129355998853078,26,equity
2009-08-29,-0.24277202069759368,0.1252645931392908,0.3680366138368845,0.5066987928748131,25,equity
2009-08-30,-0.18469091091305018,0.15706776186823845,0.34175867278128863,0.5011735647916794,25,equity
2009-08-31,-0.13049999999999998,0.25795,0.38844999999999996,0.35365,2,commodity
2009-08-31,-0.15114271304068658,0.0993143102297416,0.2504570232704282,0.6502286708698823,26,equity
2009-09-01,0.1122,0.2228,0.1105,0.6667,1,commodity
2009-09-01,-0.1350661191301277,0.1331762383477046,0.2682423574778323,0.598581402705839,26,equity
2009-09-02,-0.15389791863540617,0.1346303728194191,0.2885282914548253,0.5768413343108617,26,equity
2009-09-03,0.5773,0.5945,0.0172,0.3882,1,commodity
2009-09-03,-0.308167731998345,0.15313981319419467,0.4613075451925397,0.3855526354163885,26,equity
2009-09-04,-0.2607344391110998,0.12017932426757537,0.38091376337867516,0.4989069082702582,26,equity
2009-09-05,-0.17519684011737505,0.14930689393077046,0.32450373404814553,0.5261893679077426,24,equity
2009-09-06,-0.029624271467328073,0.21640067659318446,0.24602494806051253,0.5375743713974953,25,equity
2009-09-07,0.19355,0.29455,0.10095,0.6045,2,commodity
2009-09-07,-0.08938507091253996,0.18230148881673813,0.2716865597292781,0.5460119474679231,25,equity
2009-09-08,0.1501,0.3148166666666667,0.16471666666666665,0.5204666666666666,6,commodity
2009-09-08,0.07580471765966369,0.269770033012789,0.19396531535312533,0.5362646553951961,26,equity
2009-09-09,-0.16799601876678374,0.10937868588818954,0.27737470465497327,0.6132466105314401,26,equity
2009-09-10,-0.7642,0.0232,0.7874,0.1895,1,commodity
2009-09-10,-0.1166968230659572,0.1350050252647354,0.2517018483306926,0.6132931232165831,26,equity
2009-09-11,-0.3387,0.142,0.4807,0.3773,1,commodity
2009-09-11,-0.19860859433762157,0.12201825296506286,0.3206268473026844,0.5573548995531522,26,equity
2009-09-12,0.021219135300877195,0.17861204229605696,0.15739290699517974,0.6639950533087055,24,equity
2009-09-13,0.5653,0.6191,0.0537,0.3272,1,commodity
2009-09-13,-0.1685162044983978,0.12047492968849838,0.2889911341868962,0.5905339089222252,24,equity
2009-09-14,-0.05849205140167704,0.17624062586289185,0.2347326772645689,0.5890266815057168,26,equity
2009-09-15,-0.14773009328738504,0.15216573720554943,0.29989583049293445,0.5479384424245876,23,equity
2009-09-16,-0.18126465158107188,0.14251678759375444,0.3237814391748263,0.5337017851953323,26,equity
2009-09-17,0.18006666666666668,0.36833333333333335,0.18823333333333334,0.4434,3,commodity
2009-09-17,-0.11810886967354096,0.13888971937390474,0.2569985890474457,0.6041116986710292,26,equity
2009-09-18,-0.24266567969551453,0.1090091961579254,0.3516748758534399,0.539315923761863,26,equity
2009-09-19,-0.19192096358165145,0.10837991573763164,0.3003008793192831,0.5913191982968287,22,equity
2009-09-20,0.3101,0.3359,0.0258,0.6383,1,commodity
2009-09-20,-0.20650953532237074,0.11478233134940914,0.3212918666717799,0.563925800278135,23,equity
2009-09-21,-0.21873333333333336,0.21603333333333333,0.4348666666666667,0.34909999999999997,3,commodity
2009-09-21,-0.19554744392203596,0.08620091284123751,0.2817483567632735,0.6320507254164952,26,equity
2009-09-22,-0.001230434156381167,0.1620534790966373,0.1632839132530185,0.6746626168202895,26,equity
2009-09-23,-0.3025014015416113,0.11461195965799001,0.41711336119960135,0.46827468648552895,26,equity
2009-09-24,0.5009,0.5234,0.0224,0.4542,1,commodity
2009-09-24,-0.2446072013117373,0.10009632997501355,0.34470353128675085,0.5552001268817828,26,equity
2009-09-25,-0.12547149921122652,0.15061754693921942,0.27608904615044594,0.5732934037939861,26,equity
2009-09-26,-0.14230029030957006,0.07780678434805437,0.2201070746576244,0.7020861330357465,22,equity
2009-09-27,-0.06563865039497614,0.15691977575421334,0.22255842614918947,0.6205217897891998,25,equity
2009-09-28,-0.0664,0.2374,0.3038,0.4587,1,commodity
2009-09-28,-0.14327753374639612,0.1646840592058232,0.30796159295221937,0.5273543362720654,26,equity
2009-09-29,-0.20818457659333944,0.11948516592383385,0.3276697425171733,0.5528450995110549,26,equity
2009-09-30,0.12655,0.3385,0.21195,0.44955,2,commodity
2009-09-30,-0.12251718510658695,0.16450168987592825,0.2870188749825152,0.5484794323834089,26,equity
2009-10-01,-0.1268659973015579,0.13610710737367088,0.2629731046752288,0.6009197753782456,26,equity
2009-10-02,-0.3404084540402087,0.0621152576417304,0.40252371168193907,0.5353610296375476,26,equity
2009-10-03,-0.09019218358055998,0.18983681806518385,0.28002900164574385,0.5301341760593156,24,equity
2009-10-04,-0.1253232030197978,0.1455949565768242,0.27091815959662197,0.5834868697822094,25,equity
2009-10-05,0.49045000000000005,0.5437000000000001,0.0533,0.40295000000000003,2,commodity
2009-10-05,-0.103103344507802,0.20778149312648636,0.31088483763428837,0.48133367042128855,26,equity
2009-10-06,0.5683333333333334,0.6264000000000001,0.058066666666666676,0.31556666666666666,3,commodity
2009-10-06,-0.16973820174686038,0.11329739709169818,0.28303559883855856,0.6036670176455607,26,equity
2009-10-07,0.42946,0.53086,0.10142000000000002,0.3677,5,commodity
2009-10-07,-0.2383868147332508,0.155111864173355,0.3934986789066058,0.4513894524425268,26,equity
2009-10-08,0.7452,0.766,0.0208,0.2132,1,commodity
2009-10-08,-0.174105367113673,0.19023734392025965,0.3643427110339327,0.4454199401384541,26,equity
2009-10-09,-0.6056,0.0227,0.6283,0.3491,1,commodity
2009-10-09,-0.14914448695400587,0.13163518382666203,0.2807796707806679,0.5875851322825139,26,equity
2009-10-10,0.3444,0.4426,0.0981,0.4593,1,commodity
2009-10-10,-0.20821941896186522,0.06887371240494151,0.27709313136680674,0.654033152696987,24,equity
2009-10-11,-0.12415431585162878,0.14148269593715668,0.26563701178878546,0.5928802892565728,25,equity
2009-10-12,-0.11020000000000002,0.25965,0.36989999999999995,0.37045,2,commodity
2009-10-12,-0.1408010030236955,0.13995915013723648,0.28076015316093195,0.5792806960928899,26,equity
2009-10-13,-0.1146,0.2842,0.3988,0.3169,1,commodity
2009-10-13,-0.20865161480525365,0.12635879114700052,0.3350104059522542,0.5386307885727057,26,equity
2009-10-14,-0.3423,0.1148,0.4571,0.4281,1,commodity
2009-10-14,-0.25137323818097895,0.087769966894904,0.33914320507588297,0.5730868285665145,26,equity
2009-10-15,0.03084999999999999,0.30310000000000004,0.27225,0.42464999999999997,2,commodity
2009-10-15,-0.17609955821759427,0.16708725662185595,0.34318681483945024,0.4897259220194358,26,equity
2009-10-16,-0.5549,0.0248,0.5797,0.3955,1,commodity
2009-10-16,-0.16141992406203196,0.11554717247445996,0.27696709653649193,0.6074857263324352,26,equity
2009-10-17,-0.25529952004551887,0.12972640145570039,0.3850259215012193,0.48524765610694887,25,equity
2009-10-18,-0.05642136830836535,0.22619665071368217,0.28261801902204753,0.491185322329402,25,equity
2009-10-19,-0.12655,0.2637,0.39025000000000004,0.34605,2,commodity
2009-10-19,-0.28686197453106826,0.08876886268934378,0.375630837220412,0.5356003004484452,26,equity
2009-10-20,-0.1314793973444746,0.15753649082034826,0.2890158881648229,0.5534476196536651,26,equity
2009-10-21,-0.10800000000000001,0.2474,0.3554,0.3972,2,commodity
2009-10-21,-0.11159458186907265,0.16918289489470995,0.2807774767637826,0.5500396306698139,26,equity
2009-10-22,-0.6146,0.0196,0.6342,0.3462,1,commodity
2009-10-22,-0.18467886018781707,0.12333214243587393,0.308011002623691,0.5686568530419698,26,equity
2009-10-23,-0.26362704403268605,0.11259246313084777,0.3762195071635338,0.5111880461470439,26,equity
2009-10-24,-0.19830499723553657,0.1297227492555976,0.32802774649113414,0.5422495041787624,25,equity
2009-10-25,-0.17818620666025245,0.1425123639708879,0.3206985706311403,0.53678907035869,49,equity
2009-10-26,-0.6194,0.0203,0.6397,0.34,1,commodity
2009-10-26,-0.3145532520989386,0.08251960926617567,0.39707286136511427,0.5204075326999793,26,equity
2009-10-27,-0.14534999999999998,0.21055000000000001,0.3559,0.43355,2,commodity
2009-10-27,-0.143841225725527,0.11163777908167014,0.25547900480719715,0.6328832203379045,26,equity
2009-10-28,-0.5373,0.025150000000000002,0.56255,0.4123,2,commodity
2009-10-28,-0.18214648496359587,0.10302858942976365,0.28517507439335954,0.6117963332396287,26,equity
2009-10-29,0.202,0.3618,0.1598,0.4784,1,commodity
2009-10-29,-0.2230343403867804,0.11331791147732964,0.33635225186411005,0.55032984375094,26,equity
2009-10-30,-0.012699999999999989,0.2635,0.2763,0.46020000000000005,2,commodity
2009-10-30,-0.3046298465476586,0.10094001000890365,0.4055698565565623,0.4934901368732636,26,equity
2009-10-31,-0.2036367254331708,0.10645306207239628,0.3100897875055671,0.5834571500122547,25,equity
2009-11-01,-0.14599872030317784,0.11078849285840989,0.2567872131615877,0.6324242952466012,25,equity
2009-11-02,0.35609999999999997,0.44405,0.08795,0.46804999999999997,2,commodity
2009-11-02,-0.0325867566996469,0.17668713819092283,0.20927389489056972,0.6140389788466004,26,equity
2009-11-03,0.5408200000000001,0.582,0.04118,0.37682000000000004,5,commodity
2009-11-03,-0.23989873888114324,0.09558008639858319,0.33547882527972644,0.568941096846874,26,equity
2009-11-04,-0.11697201975263082,0.13952373226101583,0.25649575201364666,0.6039805162984592,26,equity
2009-11-05,0.5324,0.5519,0.0195,0.4286,1,commodity
2009-11-05,-0.2754928467150491,0.10472516622394323,0.3802180129389923,0.5150568337681202,26,equity
2009-11-06,0.08635999999999999,0.27332,0.18697999999999998,0.5397000000000001,5,commodity
2009-11-06,-0.1740572299951544,0.15865244601781553,0.3327096760129699,0.5086378807631823,26,equity
2009-11-07,-0.0941,0.0488,0.1429,0.8083,1,commodity
2009-11-07,-0.2577938869362697,0.07808027288410813,0.3358741598203778,0.586045580993717,24,equity
2009-11-08,-0.165424747094512,0.1128760378062725,0.27830078490078447,0.6088231837749482,25,equity
2009-11-09,0.4971,0.5636,0.0665,0.3699,1,commodity
2009-11-09,-0.2755358272160475,0.09715251466975762,0.37268834188580513,0.5301591425847548,26,equity
2009-11-10,0.4296,0.4683,0.0387,0.493,1,commodity
2009-11-10,-0.22747039418810835,0.1191586173999195,0.34662901158802784,0.5342123699016296,26,equity
2009-11-11,0.613,0.6282,0.0152,0.3566,1,commodity
2009-11-11,-0.28776742761524826,0.10702680312813474,0.394794230743383,0.4981789704985343,26,equity
2009-11-12,-0.24927541219557708,0.08678588919484845,0.3360613013904255,0.5771528253904902,26,equity
2009-11-13,-0.18663237197324634,0.11916264468947282,0.30579501666271913,0.5750423374657447,26,equity
2009-11-14,-0.14466614231467248,0.1239077415317297,0.2685738838464022,0.6075183710455895,25,equity
2009-11-15,0.5549,0.574,0.0191,0.4069,1,commodity
2009-11-15,-0.2560596281476319,0.11040131494402886,0.3664609430916607,0.523137753456831,25,equity
2009-11-16,-0.20497003086627677,0.07175982693353525,0.276729857799812,0.6515103312065968,26,equity
2009-11-17,0.20659999999999998,0.43374999999999997,0.22724999999999998,0.339,2,commodity
2009-11-17,-0.20183281930020222,0.12829660176514432,0.33012942106534654,0.5415739736591394,26,equity
2009-11-18,0.8026,0.8168,0.0142,0.169,1,commodity
2009-11-18,-0.15017227584925982,0.07803901052102447,0.2282112863702843,0.6937497084817061,26,equity
2009-11-19,0.10625000000000001,0.39640000000000003,0.29014999999999996,0.3135,2,commodity
2009-11-19,-0.2616965610963794,0.06309563723894265,0.324792198335322,0.6121121556139909,26,equity
2009-11-20,0.5061,0.532,0.0259,0.4421,1,commodity
2009-11-20,-0.1764144623795381,0.10737876894955452,0.2837932313290926,0.6088280024436804,26,equity
2009-11-21,0.395,0.4175,0.0225,0.56,1,commodity
2009-11-21,-0.20656580101698638,0.17034624498337508,0.37691204600036143,0.452741714566946,25,equity
2009-11-22,0.5427,0.5741,0.0314,0.3945,1,commodity
2009-11-22,-0.2375974426046014,0.06602594874799252,0.3036233913525939,0.6303506672382355,25,equity
2009-11-23,0.5845,0.6055,0.021,0.3734,1,commodity
2009-11-23,-0.33041955921082544,0.07913577674816434,0.40955533595898974,0.5113088881167082,26,equity
2009-11-24,0.4333,0.50185,0.0685,0.42969999999999997,2,commodity
2009-11-24,-0.2165938250075739,0.08914585279014248,0.3057396777977164,0.6051144657226709,26,equity
2009-11-25,0.42260000000000003,0.4656666666666667,0.04306666666666666,0.49123333333333336,3,commodity
2009-11-25,-0.26720186813662833,0.08552004790936525,0.35272191604599357,0.5617580283433199,26,equity
2009-11-26,0.6158,0.645,0.0292,0.3258,1,commodity
2009-11-26,-0.2701923730969429,0.06063741195946932,0.3308297850564122,0.6085327953100205,25,equity
2009-11-27,-0.44837499999999997,0.03895,0.487325,0.47367500000000007,4,commodity
2009-11-27,-0.18666630428141126,0.1229620180450953,0.30962832232650656,0.5674096532166004,26,equity
2009-11-28,-0.261023168861866,0.09656611528247595,0.35758928414434193,0.5458446088433265,25,equity
2009-11-29,-0.280640834979713,0.05570313405245542,0.3363439690321684,0.607952914237976,25,equity
2009-11-30,-0.12916666666666665,0.23650000000000002,0.36569999999999997,0.39776666666666666,3,commodity
2009-11-30,-0.25847297068685293,0.1328912005186654,0.39136417120551836,0.475744629995181,26,equity
2009-12-01,-0.47456185365668857,0.07143092022922176,0.5459927738859103,0.38257630771169293,26,equity
2009-12-02,0.33059999999999995,0.40086666666666665,0.07023333333333333,0.5288833333333333,6,commodity
2009-12-02,-0.1154264397919178,0.1660065401632052,0.281432979955123,0.5525604838935229,26,equity
2009-12-03,-0.21426482466407692,0.10590173870038527,0.3201665633644622,0.5739317112244092,26,equity
2009-12-04,-0.1931,0.2142,0.4073,0.3785,1,commodity
2009-12-04,-0.25000964692578864,0.08749683967863138,0.33750648660442006,0.574996672427425,26,equity
2009-12-05,-0.224981480948627,0.0807755309715867,0.3057570119202137,0.6134674510359764,25,equity
2009-12-06,-0.1140002866461873,0.18407873801887034,0.29807902466505765,0.5178422211110592,25,equity
2009-12-07,-0.6596,0.0164,0.676,0.3076,1,commodity
2009-12-07,-0.25628559180320454,0.06929523261407247,0.32558082441727704,0.6051239474461629,26,equity
2009-12-08,-0.5414,0.0216,0.563,0.4154,1,commodity
2009-12-08,-0.18601127799886924,0.10298557081617989,0.2889968488150491,0.6080175924759644,26,equity
2009-12-09,-0.06866097109965406,0.1391488962018719,0.20780986730152598,0.6530412318041692,26,equity
2009-12-10,-0.6227,0.0247,0.6475,0.3278,1,commodity
2009-12-10,-0.31647426215931773,0.11040703551127361,0.42688129767059135,0.46271165646612644,26,equity
2009-12-11,-0.08760372549295425,0.10719948756293608,0.19480321305589035,0.6979972920738734,26,equity
2009-12-12,-0.24269456535577774,0.12384297873824834,0.3665375440940261,0.5096194782853126,25,equity
2009-12-13,0.5846,0.6033999999999999,0.018799999999999997,0.37775000000000003,2,commodity
2009-12-13,-0.259411232881248,0.10997347049415111,0.36938470337539914,0.5206418203562498,25,equity
2009-12-14,0.2811,0.36665000000000003,0.0856,0.5478000000000001,2,commodity
2009-12-14,-0.28211414445048344,0.09554127636007391,0.3776554208105573,0.5268033019338663,26,equity
2009-12-15,-0.6103,0.022,0.6323,0.3457,1,commodity
2009-12-15,-0.2989174347872344,0.10537553933234169,0.4042929741195761,0.4903314831451728,26,equity
2009-12-16,0.5759000000000001,0.6093,0.0334,0.3573,2,commodity
2009-12-16,-0.04923110684523216,0.22805985070478457,0.27729095755001676,0.4946492010584244,26,equity
2009-12-17,-0.27796887857123065,0.06742946488352922,0.34539834345475984,0.5871721881513412,26,equity
2009-12-18,-0.16765206762088034,0.12457624102871005,0.2922283086495904,0.5831954564469365,26,equity
2009-12-19,-0.19406396374106408,0.1416260077804327,0.33568997152149677,0.5226840156316758,25,equity
2009-12-20,-0.24202468246036082,0.08222823463936933,0.32425291709973014,0.5935188447218747,25,equity
2009-12-21,-0.14692945319872636,0.13607862434135035,0.2830080775400767,0.5809132935336003,26,equity
2009-12-22,-0.23383333333333334,0.17323333333333335,0.40703333333333336,0.4197,3,commodity
2009-12-22,-0.2229274557903409,0.10744387427201638,0.3303713300623573,0.5621847859941996,26,equity
2009-12-23,-0.5804,0.0216,0.6021,0.3763,1,commodity
2009-12-23,-0.08786180529456872,0.14272884250833437,0.23059064780290311,0.6266805162796607,26,equity
2009-12-24,0.48585,0.5963,0.11044999999999999,0.29325,2,commodity
2009-12-24,-0.08149275350539635,0.15022882640672228,0.2317215799121186,0.618049611027042,24,equity
2009-12-25,-0.19374343227595092,0.1642323746532202,0.3579758069291711,0.4777918414771557,25,equity
2009-12-26,-0.1758027833327651,0.13082575865089893,0.306628541983664,0.5625457039475441,25,equity
2009-12-27,-0.3267392666637898,0.05265193618834019,0.37939120285212996,0.5679568621516228,25,equity
2009-12-28,-0.24553812015801668,0.12050996727954882,0.3660480874375655,0.5134419556707144,26,equity
2009-12-29,-0.2138,0.1769,0.3908,0.4323,1,commodity
2009-12-29,-0.0911545713360493,0.10415862092318443,0.19531319225923374,0.7005281883936662,26,equity
2009-12-30,0.1717,0.3224,0.1507,0.5269,1,commodity
2009-12-30,-0.22599236273135132,0.0972384624183178,0.3232308251496691,0.579530717088626,26,equity
2009-12-31,0.31825000000000003,0.54025,0.22194999999999998,0.23785,2,commodity
2009-12-31,-0.27052261841555053,0.10476969537110283,0.3752923137866534,0.5199379860065304,26,equity
2010-01-01,-0.19880436889827252,0.13719510272145272,0.3359994716197252,0.5268054249882698,25,equity
2010-01-02,0.006686119176447391,0.22992637675255537,0.223240257576108,0.5468333733081817,25,equity
2010-01-03,-0.15157049041241408,0.08349336829036474,0.23506385870277882,0.6814427728950977,25,equity
2010-01-04,-0.2586459412167852,0.12644392714047661,0.3850898683572618,0.4884661896727406,26,equity
2010-01-05,-0.32874746710205305,0.0742655608158272,0.4030130279178803,0.5227214242689885,26,equity
2010-01-06,0.34445000000000003,0.5132,0.16875,0.318,2,commodity
2010-01-06,-0.3275649892882659,0.08866528862227614,0.416230277910542,0.4951044375506731,26,equity
2010-01-07,-0.3097666666666667,0.0727,0.38243333333333335,0.5449,3,commodity
2010-01-07,-0.21514700765076739,0.1434436090147266,0.35859061666549397,0.4979657714183514,26,equity
2010-01-08,-0.6042000000000001,0.02795,0.63215,0.3399,2,commodity
2010-01-08,-0.2731225583702326,0.10392379932678662,0.3770463576970192,0.5190298346659312,26,equity
2010-01-09,-0.2177205752581358,0.15542546357959508,0.3731460388377309,0.4714284923672676,25,equity
2010-01-10,-0.1812775157764554,0.1378796476125717,0.3191571633890271,0.542963169068098,25,equity
2010-01-11,-0.1961527283733281,0.09346507486099234,0.2896178032343204,0.6169171139884454,26,equity
2010-01-12,-0.2731432282150938,0.07757816309682451,0.3507213913119183,0.5717004402898825,26,equity
2010-01-13,0.45120000000000005,0.4872,0.036000000000000004,0.4768,2,commodity
2010-01-13,-0.1019859044597699,0.10751897050067782,0.20950487496044773,0.6829761662162267,26,equity
2010-01-14,0.1096,0.2697,0.1602,0.5701,1,commodity
2010-01-14,-0.1718985681923536,0.1033192972222773,0.2752178654146309,0.6214628491837245,26,equity
2010-01-15,-0.0641495523472818,0.19272836544909155,0.25687791779637337,0.5503937249573377,26,equity
2010-01-16,-0.1724586544906822,0.13069889892011302,0.30315755341079526,0.5661435458064465,25,equity
2010-01-17,-0.2617440236359835,0.09689441159367561,0.3586384352296591,0.5444671492278575,25,equity
2010-01-18,0.5309,0.5572,0.0263,0.4165,1,commodity
2010-01-18,-0.13866597384214402,0.11784137584269047,0.25650734968483446,0.625651251077652,25,equity
2010-01-19,0.5117,0.5351,0.0234,0.4415,1,commodity
2010-01-19,-0.30477966432674575,0.09540189222361033,0.40018155655035603,0.5044165477156639,26,equity
2010-01-20,-0.19316666666666668,0.23093333333333332,0.42406666666666665,0.3450666666666667,3,commodity
2010-01-20,-0.031025716891655557,0.20401134675082105,0.23503706364247662,0.5609515941200348,26,equity
2010-01-21,-0.505775,0.07795,0.58375,0.338275,4,commodity
2010-01-21,-0.14100310582524309,0.1723998118765079,0.313402917701751,0.5141972619323776,26,equity
2010-01-22,-0.1680654030149946,0.19325355615896675,0.36131895917396134,0.44542748710283864,26,equity
2010-01-23,-0.21933946848906294,0.07773344974544505,0.297072918234508,0.6251936424881127,25,equity
2010-01-24,-0.11225848902016879,0.14425037667155266,0.25650886569172143,0.5992407613992691,25,equity
2010-01-25,-0.16988743454791033,0.09665117738768458,0.2665386119355949,0.6368102179123805,26,equity
2010-01-26,0.5904,0.615,0.0245,0.3605,1,commodity
2010-01-26,-0.1360253903011863,0.1159415110730781,0.2519669013742644,0.6320915938569949,26,equity
2010-01-27,0.5536,0.5741,0.0205,0.4054,1,commodity
2010-01-27,-0.11411255089422831,0.07030671408686501,0.18441926498109332,0.7452740249438927,26,equity
2010-01-28,-0.7009,0.0191,0.72,0.2608,1,commodity
2010-01-28,-0.1372467168033696,0.15812269329594877,0.2953694100993184,0.5465078929869028,26,equity
2010-01-29,-0.3059184164381944,0.10822399666246313,0.4141424131006576,0.4776336010545492,26,equity
2010-01-30,-0.18457718465477227,0.12679047144949437,0.31136765610426664,0.5618418763577938,25,equity
2010-01-31,-0.17182703148573636,0.12333151336759329,0.29515854485332965,0.5815099357813597,25,equity
2010-02-01,-0.32762977416412187,0.05447600409388542,0.3821057782580073,0.5634182230211221,26,equity
2010-02-02,-0.1711561852851166,0.15136726315204913,0.32252344843716574,0.5261092893779278,26,equity
2010-02-03,0.15155,0.3424,0.19085,0.46675,2,commodity
2010-02-03,-0.01944785968113977,0.18361108277279597,0.20305894245393574,0.6133299790895902,26,equity
2010-02-04,-0.2574362253340391,0.10349016174530754,0.36092638707934666,0.5355834626377776,26,equity
2010-02-05,-0.11946800576809508,0.13625886398725784,0.2557268697553529,0.6080142720960654,26,equity
2010-02-06,-0.23721395704895257,0.1222001250833273,0.3594140821322799,0.5183857998251915,25,equity
2010-02-07,-0.193083977997303,0.1560510017722845,0.3491349797695875,0.4948140197992325,25,equity
2010-02-08,-0.4047,0.0889,0.4936,0.4175,1,commodity
2010-02-08,-0.1884774178481446,0.1340438904097447,0.32252130825788927,0.543434812902258,26,equity
2010-02-09,-0.28638379598179686,0.09339414845005824,0.37977794443185514,0.5268279033211561,26,equity
2010-02-10,-0.5093000000000001,0.057749999999999996,0.567,0.3752,2,commodity
2010-02-10,-0.1457953079460332,0.13466874939891008,0.2804640573449433,0.5848671935785276,26,equity
2010-02-11,0.043800000000000006,0.3864,0.34255,0.27105,2,commodity
2010-02-11,-0.29958732007071376,0.11494213321174566,0.41452945328245944,0.47052841332669443,26,equity
2010-02-12,-0.08202016120776534,0.16431594768968913,0.24633610889745447,0.5893479296221182,26,equity
2010-02-13,-0.27834046896547077,0.0864577965810895,0.3647982655465603,0.5487439468502998,25,equity
2010-02-14,-0.12604766473174095,0.11800027940422296,0.24404794413596392,0.6379517686367034,25,equity
2010-02-15,0.7327,0.7496,0.0169,0.2335,2,commodity
2010-02-15,-0.16499100483953952,0.06906019907444716,0.23405120391398668,0.6968885865807534,25,equity
2010-02-16,-0.4682,0.0293,0.4975,0.4732,1,commodity
2010-02-16,-0.3248457869944664,0.05594730746144286,0.38079309445590925,0.5632595889843427,26,equity
2010-02-17,-0.2661445446025867,0.07135596950180255,0.33750051410438925,0.591143518113173,26,equity
2010-02-18,-0.16375367432975999,0.14230890264018223,0.3060625769699422,0.5516285221450604,26,equity
2010-02-19,0.6122,0.6286,0.0164,0.355,1,commodity
2010-02-19,-0.204691430589614,0.09959260958175246,0.30428404017136645,0.5961233656853437,26,equity
2010-02-20,0.031772619374096395,0.19542361062020064,0.16365099124610424,0.6409253988415002,25,equity
2010-02-21,-0.123121103271842,0.16098041545599698,0.284101518727839,0.5549180687218904,25,equity
2010-02-22,-0.2201486987133439,0.09631107615020412,0.316459774863548,0.5872291552905853,26,equity
2010-02-23,-0.11175000000000002,0.215,0.3268,0.4582,2,commodity
2010-02-23,-0.22793544280844238,0.12119142532062072,0.34912686812906313,0.529681694192382,26,equity
2010-02-24,-0.35583437846686977,0.08232938831385511,0.4381637667807249,0.4795068480934088,26,equity
2010-02-25,0.2886,0.4802666666666666,0.1917,0.3279666666666667,3,commodity
2010-02-25,-0.16580525742700467,0.08734063947430024,0.2531458969013049,0.6595134579648192,26,equity
2010-02-26,-0.04694229163802587,0.11541812566037361,0.16236041729839948,0.7222214524562542,26,equity
2010-02-27,-0.12262843914330006,0.1504659953713417,0.27309443451464177,0.576439568400383,25,equity
2010-02-28,-0.2051989735662937,0.09419576734304429,0.299394740909338,0.6064094953238964,25,equity
2010-03-01,-0.32915601051914006,0.07789791447038834,0.40705392498952836,0.5150481614355857,26,equity
2010-03-02,0.7647,0.8009,0.0362,0.1629,1,commodity
2010-03-02,-0.17229845747351646,0.09553355014381501,0.26783200761733145,0.6366344385135633,26,equity
2010-03-03,0.0043500000000000205,0.3025,0.29814999999999997,0.3993,2,commodity
2010-03-03,-0.14291428907129627,0.13652284837399536,0.27943713744529164,0.584040017082141,26,equity
2010-03-04,-0.35923443806286043,0.08763570234609339,0.4468701404089538,0.4654941608986029,26,equity
2010-03-05,-0.14379982908184713,0.11543468228326394,0.25923451136511105,0.6253308229721509,26,equity
2010-03-06,-0.26902793806293124,0.09883093679095056,0.3678588748538818,0.5333101841083366,25,equity
2010-03-07,-0.24172272097319364,0.13313114665448667,0.3748538676276803,0.49201497703790664,25,equity
2010-03-08,-0.3457,0.11610000000000001,0.46175,0.42210000000000003,2,commodity
2010-03-08,-0.1715118563017593,0.1354776402362264,0.3069894965379857,0.5575328697092258,26,equity
2010-03-09,-0.39630000000000004,0.0614,0.4577,0.4809333333333334,3,commodity
2010-03-09,-0.11979376402898477,0.14753356468505585,0.26732732871404064,0.5851391082486281,26,equity
2010-03-10,0.6334,0.67,0.0366,0.2934,1,commodity
2010-03-10,-0.25414538798997033,0.1027821941444507,0.35692758213442105,0.5402902270165774,26,equity
2010-03-11,-0.13684999999999997,0.22565,0.36250000000000004,0.41174999999999995,2,commodity
2010-03-11,-0.16914013508134162,0.15451167430728674,0.32365180938862836,0.5218365310619657,26,equity
2010-03-12,-0.2713,0.1309,0.4022,0.4669,1,commodity
2010-03-12,-0.18152722705585453,0.13335367410372084,0.31488090115957534,0.5517654264202485,26,equity
2010-03-13,-0.1901567441225052,0.07801428243517876,0.26817102655768393,0.6538146948814392,25,equity
2010-03-14,-0.2643174484744668,0.06309987589716912,0.3274173243716359,0.609482796266675,25,equity
2010-03-15,0.5806,0.6003,0.0197,0.3799,1,commodity
2010-03-15,-0.12395650581814922,0.1628092981588382,0.2867658039769874,0.5504248887300491,26,equity
2010-03-16,0.6046,0.6302,0.0256,0.3441,1,commodity
2010-03-16,-0.18805573157106453,0.09785599257940283,0.2859117241504674,0.6162322906490701,26,equity
2010-03-17,-0.21488834670386636,0.11989074049947354,0.3347790872033399,0.5453301746971332,26,equity
2010-03-18,-0.057099999999999984,0.25184999999999996,0.309,0.43915,2,commodity
2010-03-18,-0.16419129098693913,0.15443843567314056,0.31862972666007966,0.5269318349086322,26,equity
2010-03-19,-0.5606,0.022,0.5826,0.3954,1,commodity
2010-03-19,-0.24194618715689734,0.06753373740670773,0.30947992456360507,0.6229863457668287,26,equity
2010-03-20,-0.2888794985041022,0.12862828891724348,0.4175077874213457,0.4538639073073864,25,equity
2010-03-21,-0.1309624132886529,0.16298843443393707,0.29395084772258995,0.5430607353150845,25,equity
2010-03-22,0.048,0.3505,0.3025,0.3471,1,commodity
2010-03-22,-0.2532688694862792,0.13112711336893532,0.38439598285521454,0.48447690015802014,26,equity
2010-03-23,0.4982,0.5238,0.0256,0.4506,1,commodity
2010-03-23,-0.2578186927936398,0.061245497745963245,0.31906419053960305,0.6196903159412054,26,equity
2010-03-24,-0.21952102849116692,0.11000624263229278,0.3295272711234597,0.5604664699102824,26,equity
2010-03-25,0.4789,0.5278,0.0489,0.4233,2,commodity
2010-03-25,-0.0687888590260767,0.19093929700410137,0.25972815603017807,0.5493325429180493,26,equity
2010-03-26,-0.0900073590186926,0.12609284471433896,0.21610020373303157,0.657806952125751,26,equity
2010-03-27,-0.19680203806608915,0.10659731224179268,0.30339935030788184,0.5900033321976662,25,equity
2010-03-29,-0.30907010541369134,0.06760810473217414,0.3766782101458655,0.555713694399366,26,equity
2010-03-30,-0.4702333333333333,0.03566666666666666,0.5058666666666667,0.45846666666666663,3,commodity
2010-03-30,-0.3234252375192367,0.06155736558139324,0.3849826031006299,0.5534600380521554,26,equity
2010-03-31,0.4659,0.5141666666666667,0.04826666666666667,0.43756666666666666,3,commodity
2010-03-31,-0.2944825759444099,0.05435458907427696,0.3488371650186869,0.5968082421101056,26,equity
2010-04-01,0.4742,0.5156,0.0415,0.4429,1,commodity
2010-04-01,-0.17603450970580944,0.08230583240779546,0.2583403421136049,0.6593538267681232,26,equity
2010-04-02,-0.0963193292170763,0.1269360550865531,0.2232553843036294,0.6498085664212704,25,equity
2010-04-03,-0.37871228728443385,0.07848680172115564,0.4571990890055895,0.46431409105658533,25,equity
2010-04-04,-0.2509279366955161,0.09361669518053532,0.34454463187605144,0.5618386609852314,25,equity
2010-04-05,-0.11842762471105044,0.05909667987949573,0.17752430459054616,0.7633790121628687,26,equity
2010-04-06,-0.11376519114352189,0.08605997880490926,0.19982516994843116,0.7141148579808382,26,equity
2010-04-07,0.6073,0.6335,0.0262,0.3404,1,commodity
2010-04-07,-0.3135936885284117,0.08306816295505716,0.39666185148346883,0.5202699806541204,26,equity
2010-04-08,-0.4541,0.0372,0.4914,0.4714,1,commodity
2010-04-08,-0.25409909771182215,0.08951663462301859,0.3436157323348408,0.5668676329346803,26,equity
2010-04-09,0.5589,0.6139,0.055,0.3312,1,commodity
2010-04-09,-0.2109135716365507,0.06514162115322855,0.27605519278977925,0.658803181292919,26,equity
2010-04-10,-0.3720245034620166,0.05834620751440525,0.4303707109764218,0.5112830728292466,25,equity
2010-04-11,-0.1874655220285058,0.0836291529238224,0.2710946749523282,0.6452761694788933,25,equity
2010-04-12,0.4122,0.4851,0.0729,0.442,1,commodity
2010-04-12,-0.1528939569655519,0.09783332852216867,0.2507272854877206,0.6514393886407981,26,equity
2010-04-13,-0.44905,0.0562,0.50525,0.43865,2,commodity
2010-04-13,-0.19338195763814908,0.09636237078274672,0.2897443284208958,0.6138932865399581,26,equity
2010-04-14,0.46613333333333334,0.5258999999999999,0.0598,0.4142666666666666,3,commodity
2010-04-14,-0.3184872329808198,0.10504072163110742,0.42352795461192727,0.4714313166645857,26,equity
2010-04-15,0.2242666666666667,0.44016666666666665,0.21586666666666665,0.34393333333333337,3,commodity
2010-04-15,-0.36988759259335124,0.057902368322874494,0.42778996091622573,0.5143076635610598,26,equity
2010-04-16,-0.6088,0.0218,0.6305499999999999,0.34765,2,commodity
2010-04-16,-0.3448187531545185,0.05720301223202394,0.40202176538654244,0.5407752249963008,26,equity
2010-04-17,-0.09666338428854943,0.08100245527923107,0.17766583956778048,0.7413317114114761,25,equity
2010-04-18,-0.020099007077515125,0.23153891116380693,0.25163791824132203,0.5168231630325317,25,equity
2010-04-19,-0.22726811919934475,0.11345641300655328,0.34072453220589805,0.545819058154638,26,equity
2010-04-20,0.5704,0.5885,0.0181,0.3934,1,commodity
2010-04-20,-0.1409501055112252,0.10932786003328286,0.25027796554450804,0.6403941792937425,26,equity
2010-04-21,-0.1454291090082664,0.11557384236500813,0.2610029513732745,0.6234232032528291,26,equity
2010-04-22,-0.33785000000000004,0.0359,0.3738,0.59035,2,commodity
2010-04-22,-0.2165240547977961,0.06804000640001434,0.28456406119781047,0.6473959400676764,26,equity
2010-04-23,-0.07035,0.26405,0.3344,0.4015,2,commodity
2010-04-23,-0.155010376447955,0.19252026761667088,0.34753064406462586,0.45994909365589803,26,equity
2010-04-24,-0.1327616573497653,0.16489061132073402,0.2976522686704993,0.5374571220576763,25,equity
2010-04-25,-0.0478516760468483,0.15213344156742095,0.19998511761426926,0.6478814494609832,25,equity
2010-04-26,0.2243,0.39102499999999996,0.166725,0.4422,4,commodity
2010-04-26,-0.12040876367917427,0.20205636938604024,0.3224651330652145,0.4754784991248296,26,equity
2010-04-27,-0.5762,0.0213,0.5975,0.3813,1,commodity
2010-04-27,-0.14923423217036402,0.12791913625999138,0.27715336843035543,0.5949275000737264,26,equity
2010-04-28,-0.3449779870346762,0.10744926688046409,0.45242725391514027,0.4401234770193696,26,equity
2010-04-29,-0.23602841300173447,0.10198036713812214,0.33800878013985663,0.5600108564473115,26,equity
2010-04-30,-0.07231953740119934,0.19659517612308264,0.268914713524282,0.5344901139346453,26,equity
2010-05-01,-0.18040950546041132,0.1146542950719595,0.2950638005323708,0.5902819015830755,25,equity
2010-05-02,-0.20038485836237668,0.13616997290402652,0.3365548312664032,0.5272752010822296,25,equity
2010-05-03,0.4835,0.5244,0.040900000000000006,0.4347,2,commodity
2010-05-03,-0.09808302574002972,0.1450560362651371,0.24313906200516683,0.6118048991148288,26,equity
2010-05-04,0.2321,0.4129,0.1808,0.4063,1,commodity
2010-05-04,-0.22053862954131687,0.13035923615098,0.35089786569229686,0.5187428952552952,26,equity
2010-05-05,-0.3841057229930392,0.05946067831693934,0.4435664013099785,0.4969729228804891,26,equity
2010-05-06,0.2587333333333333,0.3222,0.06346666666666666,0.6142666666666666,3,commodity
2010-05-06,-0.3155918559417702,0.06389595496539886,0.37948781090716904,0.5566162365273788,26,equity
2010-05-07,0.4142,0.4748,0.0606,0.4646,1,commodity
2010-05-07,-0.04302686650305986,0.18311763264238834,0.2261444991454482,0.5907378727197647,25,equity
2010-05-08,-0.2439489635080099,0.10583721179515124,0.34978617530316114,0.5443766155838966,25,equity
2010-05-09,-0.33098919421434403,0.08864927239716053,0.41963846661150456,0.49171227678656576,25,equity
2010-05-10,-0.0643,0.329,0.3933,0.2777,1,commodity
2010-05-10,-0.14325578697025776,0.14033147936257032,0.2835872663328281,0.5760812533016388,26,equity
2010-05-11,0.6073500000000001,0.6527000000000001,0.0453,0.30200000000000005,2,commodity
2010-05-11,-0.24114280434038776,0.12595200943402374,0.3670948137744115,0.5069531832750027,26,equity
2010-05-12,0.4453,0.5335,0.0882,0.3783,1,commodity
2010-05-12,-0.2764839854163046,0.08488324417087895,0.36136722958718354,0.5537495209047427,26,equity
2010-05-13,-0.11025,0.1265,0.23675,0.6367,2,commodity
2010-05-13,-0.2194148343629562,0.13524862228391263,0.3546634566468688,0.5100879146216007,26,equity
2010-05-14,0.37855,0.39905,0.02055,0.5804,2,commodity
2010-05-14,-0.2242512246593833,0.12313306109549907,0.3473842857548824,0.5294826523615763,26,equity
2010-05-15,0.161,0.2078,0.0468,0.7454,1,commodity
2010-05-15,-0.17531329426914455,0.1027035228163004,0.2780168170854449,0.6192796686291695,25,equity
2010-05-16,0.535,0.5749,0.03985,0.38525,2,commodity
2010-05-16,-0.32230549342930315,0.08907840330153703,0.4113838967308402,0.49953771084547044,25,equity
2010-05-17,-0.09933333333333333,0.23836666666666664,0.3376666666666666,0.42393333333333333,3,commodity
2010-05-17,-0.12821154282070124,0.14218578552110836,0.27039732834180963,0.5874168667225883,26,equity
2010-05-18,-0.24104130529583648,0.11626083966201314,0.3573021449578496,0.5264370186397662,26,equity
2010-05-19,-0.7097,0.02025,0.72995,0.24975,2,commodity
2010-05-19,-0.403742557284064,0.07392981039503446,0.4776723676790985,0.44839782711978143,26,equity
2010-05-20,-0.4745,0.0332,0.5078,0.459,1,commodity
2010-05-20,-0.19832825055345893,0.10348350608434814,0.30181175663780707,0.5947047357375805,26,equity
2010-05-21,-0.08839999999999996,0.26643333333333336,0.3547666666666667,0.37883333333333336,3,commodity
2010-05-21,-0.10620701732113957,0.19819956079411966,0.30440657811525923,0.4973938591205157,26,equity
2010-05-22,-0.06126316174864769,0.13194828249514104,0.19321144424378872,0.6748402813076972,25,equity
2010-05-23,-0.11077700432389975,0.12636703208088876,0.23714403640478848,0.6364889442920685,25,equity
2010-05-24,-0.3551188415059677,0.1088510430059754,0.46396988451194304,0.42717906546134216,26,equity
2010-05-25,-0.2922692563599692,0.1082760369978272,0.4005452933577964,0.49117866581162584,26,equity
2010-05-26,0.397175,0.47707499999999997,0.0799,0.442975,4,commodity
2010-05-26,-0.18623031582683325,0.12299952702596784,0.3092298428528011,0.5677706176558366,26,equity
2010-05-27,-0.2972,0.1351,0.4323,0.4327,1,commodity
2010-05-27,-0.02718206115353566,0.18194161573998058,0.20912367689351624,0.6089346999875628,26,equity
2010-05-28,0.1673,0.35580000000000006,0.18853333333333333,0.4557,3,commodity
2010-05-28,-0.03247005599909104,0.1636838185099455,0.19615387450903654,0.6401622989573158,26,equity
2010-05-29,-0.13018897086381911,0.1015210547670722,0.23171002563089133,0.6667689229547977,25,equity
2010-05-30,-0.20780571836978198,0.11215349081903696,0.3199592091888189,0.5678873095661402,25,equity
2010-05-31,-0.31328412767499686,0.059647087082266806,0.37293121475726365,0.567421688735485,25,equity
2010-06-01,0.543,0.5721,0.029,0.3989,1,commodity
2010-06-01,-0.08578087951844701,0.17937228807176536,0.26515316759021235,0.5554745364934206,26,equity
2010-06-02,-0.41013501226328886,0.06959862921100396,0.4797336414742928,0.45066772917142284,26,equity
2010-06-03,-0.4642,0.0442,0.5084500000000001,0.44735,2,commodity
2010-06-03,-0.197315323094909,0.14728209691552016,0.34459742001042915,0.508120492960398,26,equity
2010-06-04,0.5919,0.6228,0.0309,0.3462,1,commodity
2010-06-04,-0.2856604651404688,0.09476490268627039,0.3804253678267392,0.5248097300242919,26,equity
2010-06-05,-0.09913536339998245,0.15022615283727647,0.2493615162372589,0.6004123273491859,25,equity
2010-06-06,-0.16374934328719973,0.11202391071245074,0.27577325399965047,0.6122028429806232,25,equity
2010-06-07,0.21065,0.2873,0.07669999999999999,0.636,2,commodity
2010-06-07,-0.19494888111232564,0.12992839687145674,0.3248772779837824,0.5451943328460822,26,equity
2010-06-08,-0.26308214796993595,0.08361291466280818,0.34669506263274413,0.5696920263939179,26,equity
2010-06-09,-0.3633,0.1368,0.5001,0.3631,1,commodity
2010-06-09,0.027145036245481327,0.17286443889427644,0.1457194026487951,0.6814161603553937,26,equity
2010-06-10,-0.1483772680736505,0.10980281434380092,0.25818008241745144,0.6320171106893283,26,equity
2010-06-11,0.5675,0.64415,0.07665,0.2792,2,commodity
2010-06-11,-0.13306471135897133,0.11342970360643588,0.2464944149654072,0.6400758732969944,26,equity
2010-06-12,-0.2726667579635978,0.06525325138121843,0.3379200093448162,0.5968267337977886,25,equity
2010-06-13,0.5743,0.5927,0.0185,0.3888,1,commodity
2010-06-13,-0.16210448775440456,0.12550934690982105,0.2876138346642256,0.5868768313527107,25,equity
2010-06-14,-0.013299999999999998,0.23206666666666667,0.24536666666666665,0.5226000000000001,3,commodity
2010-06-14,-0.21793550299480557,0.1188217862509191,0.3367572892457247,0.544420937434412,26,equity
2010-06-15,-0.33087468308468276,0.11605530099656719,0.44692998408124995,0.43701472133398056,26,equity
2010-06-16,-0.1168163362532281,0.11620413984816808,0.23302047610139617,0.6507753810057273,26,equity
2010-06-17,0.13159999999999997,0.39849999999999997,0.2669,0.3346,2,commodity
2010-06-17,-0.0956890661842548,0.18687959667295218,0.28256866285720694,0.530551755729203,26,equity
2010-06-18,0.38797999999999994,0.5341199999999999,0.14614000000000002,0.31978,5,commodity
2010-06-18,-0.3116238507657097,0.09123122964340907,0.40285508040911877,0.5059136950339262,26,equity
2010-06-19,0.3374,0.3482,0.0108,0.6411,1,commodity
2010-06-19,-0.312470319050724,0.11502455863177899,0.427494877682503,0.45748057907116696,25,equity
2010-06-20,-0.18896783962845803,0.24002634931355715,0.4289941889420152,0.3309794591367245,25,equity
2010-06-21,-0.09676666666666667,0.2890333333333333,0.38576666666666665,0.3252333333333333,3,commodity
2010-06-21,-0.15883280852666268,0.1611641474927847,0.3199969560194474,0.518838900141418,26,equity
2010-06-22,-0.1486,0.2276,0.3761,0.3963,1,commodity
2010-06-22,-0.1852681188342663,0.148251928603993,0.3335200474382593,0.5182280156474847,26,equity
2010-06-23,-0.225,0.0703,0.2952,0.6345,1,commodity
2010-06-23,-0.22070635321478432,0.15146764675871685,0.37217399997350115,0.4763583569572522,26,equity
2010-06-24,-0.4585,0.0442,0.5026,0.4532,1,commodity
2010-06-24,-0.39126867545725497,0.06324487861963982,0.45451355407689475,0.48224157425256464,26,equity
2010-06-25,0.5086,0.5327,0.0242,0.4431,1,commodity
2010-06-25,-0.19832703893860945,0.09515983539705093,0.2934868743356604,0.6113532956403035,26,equity
2010-06-26,-0.2882900981232524,0.10293068032711744,0.39122077845036984,0.5058485167473554,25,equity
2010-06-27,-0.2538187090680003,0.09246081598103047,0.34627952504903076,0.5612596644461155,25,equity
2010-06-28,-0.24779100225378686,0.09209582510475929,0.33988682735854614,0.5680173486471176,26,equity
2010-06-29,-0.11777500000000002,0.292025,0.4098,0.298175,4,commodity
2010-06-29,-0.12375900353519963,0.13743834351547635,0.261197347050676,0.6013643072488216,26,equity
2010-06-30,0.2777,0.398,0.1203,0.4816,1,commodity
2010-06-30,-0.26538711635825724,0.12203485851820844,0.3874219748764657,0.49054316560236305,26,equity
2010-07-01,-0.15503333333333333,0.10576666666666668,0.26083333333333336,0.6334,3,commodity
2010-07-01,-0.2688510905091579,0.13652988157879847,0.40538097208795637,0.4580891370200194,26,equity
2010-07-02,-0.7136,0.022949999999999998,0.7364999999999999,0.24054999999999999,2,commodity
2010-07-02,-0.37870163592295003,0.07301602706026572,0.45171766298321575,0.4752663051566252,26,equity
2010-07-03,-0.34739236675202845,0.08030479095876217,0.42769715771079064,0.49199804186820983,25,equity
2010-07-04,-0.32569554351270197,0.13099387168884277,0.45668941520154477,0.41231671735644343,25,equity
2010-07-05,-0.45894712429493667,0.11173979230225087,0.5706869165971875,0.3175732919573784,25,equity
2010-07-06,-0.6052,0.0235,0.6287,0.3478,1,commodity
2010-07-06,-0.3098592802595634,0.11787556792394473,0.4277348481835081,0.4543895942087357,26,equity
2010-07-07,-0.2833807362386814,0.07810490900793901,0.36148564524662036,0.5604094519064977,26,equity
2010-07-08,-0.49674999999999997,0.043550000000000005,0.54025,0.41615,2,commodity
2010-07-08,-0.3447601907671644,0.08965688922370856,0.434417079990873,0.47592604912530917,26,equity
2010-07-09,-0.23435011291160032,0.1722206108701917,0.40657072378179204,0.4212086577541553,26,equity
2010-07-10,-0.436769466586411,0.0761497350409627,0.5129192016273737,0.4109310486912727,25,equity
2010-07-11,-0.41469472996890544,0.059621259793639185,0.47431598976254463,0.4660627429187298,25,equity
2010-07-12,-0.5705537894525781,0.04329494361837323,0.6138487330709512,0.34285631589591503,26,equity
2010-07-13,0.39554999999999996,0.5123,0.11680000000000001,0.3709,2,commodity
2010-07-13,-0.39379865388584057,0.0827245694967489,0.4765232233825894,0.44075220386103264,26,equity
2010-07-14,-0.30805910016911536,0.09389608614863111,0.40195518631774646,0.5041487350200231,26,equity
2010-07-15,0.6357,0.6725,0.0368,0.2907,1,commodity
2010-07-15,-0.2752741963172761,0.13891836406233218,0.41419256037960833,0.44688907308647263,26,equity
2010-07-16,-0.8211,0.0128,0.8339,0.1533,1,commodity
2010-07-16,-0.22814773327599353,0.11758744028898385,0.34573517356497735,0.5366773831729705,26,equity
2010-07-17,-0.4181208850443363,0.05351764626801014,0.47163853131234645,0.474843819886446,25,equity
2010-07-18,-0.3900254066288471,0.05656076617538929,0.4465861728042364,0.4968530660122633,25,equity
2010-07-19,-0.597,0.0317,0.6288,0.3395,1,commodity
2010-07-19,-0.17144531347151803,0.13231348800250578,0.3037588014740238,0.5639277247440497,26,equity
2010-07-20,-0.2354333333333333,0.1869666666666667,0.4224333333333334,0.3905666666666667,3,commodity
2010-07-20,-0.26761549718391436,0.12214689948954262,0.38976239667345697,0.48809070383700043,26,equity
2010-07-21,0.10289999999999996,0.3529,0.25005,0.397,2,commodity
2010-07-21,-0.32151752810638684,0.1101839945723231,0.4317015226787099,0.4581144740088628,26,equity
2010-07-22,-0.3941386645803085,0.09046436036722018,0.48460302494752866,0.42493262285223377,26,equity
2010-07-23,-0.489604503990939,0.059003336928211726,0.5486078409191507,0.3923888270958112,26,equity
2010-07-24,-0.2419655067101121,0.1188208806887269,0.360786387398839,0.5203927278518676,25,equity
2010-07-25,-0.3433391763269901,0.08069678645581008,0.4240359627828002,0.4952672569453716,25,equity
2010-07-26,-0.4718,0.05160000000000001,0.5234,0.42505000000000004,2,commodity
2010-07-26,-0.21552535683776325,0.06725108372763945,0.2827764405654027,0.6499724809366924,26,equity
2010-07-27,-0.5861,0.096,0.682,0.222,1,commodity
2010-07-27,-0.33690763619513464,0.07918133941264106,0.41608897560777575,0.5047296788543463,26,equity
2010-07-28,-0.5106887721026746,0.045865404240500465,0.556554176343175,0.3975804248967996,26,equity
2010-07-29,-0.3600045087603995,0.06204856402025773,0.4220530727806573,0.5158983650975503,26,equity
2010-07-30,-0.16163333333333332,0.2771666666666666,0.4387999999999999,0.284,3,commodity
2010-07-30,-0.46425382044309604,0.04402821643564563,0.5082820368787417,0.44768972870392293,26,equity
2010-07-31,-0.0275,0.2813,0.3088,0.4099,1,commodity
2010-07-31,-0.24487940832972527,0.09862561699002981,0.3435050253197551,0.5578693658113479,25,equity
2010-08-01,-0.46120252199470996,0.06448965907096862,0.5256921810656786,0.40981816105544566,25,equity
2010-08-02,-0.4834679992009814,0.04425766211576187,0.5277256613167433,0.42801668265691173,26,equity
2010-08-03,0.4646,0.5257,0.0611,0.4132,1,commodity
2010-08-03,-0.3926689216437248,0.05613743907843645,0.44880636072216123,0.4950562014172857,26,equity
2010-08-04,0.4069,0.48724999999999996,0.08045000000000001,0.4323,2,commodity
2010-08-04,-0.29175073800321955,0.09549756183360632,0.38724829983682585,0.5172541412309959,26,equity
2010-08-05,0.3515,0.4123,0.0608,0.5269,1,commodity
2010-08-05,-0.4711817843266405,0.04394236772965927,0.5151241520562997,0.4409334814319244,26,equity
2010-08-06,-0.4402841995828427,0.09072505507188347,0.5310092546547261,0.37826568432725394,26,equity
2010-08-07,0.4558,0.5502,0.0943,0.3555,1,commodity
2010-08-07,-0.337338859513402,0.053227381892502305,0.3905662414059043,0.5562063875049352,25,equity
2010-08-08,-0.4495837629586458,0.08825367912650109,0.5378374420851469,0.37390888601541517,25,equity
2010-08-09,-0.2116,0.1738,0.3855,0.4407,1,commodity
2010-08-09,-0.39457786376946247,0.06787630575350843,0.4624541695229709,0.46966952035346854,26,equity
2010-08-10,0.0032500000000000306,0.33465,0.3314,0.33394999999999997,2,commodity
2010-08-10,-0.4716259127196211,0.08451988146855281,0.5561457941881739,0.3593343279969234,26,equity
2010-08-11,0.5595,0.6178,0.0583,0.3239,1,commodity
2010-08-11,-0.2821739742245812,0.1419300313036029,0.42410400552818406,0.4339659595145629,26,equity
2010-08-12,0.1927,0.2196,0.0269,0.7535,1,commodity
2010-08-12,-0.3428274303531417,0.06955926216995487,0.4123866925230966,0.5180540493187996,26,equity
2010-08-13,-0.30608,0.1486,0.45465999999999995,0.39674,5,commodity
2010-08-13,-0.38566800787185246,0.07765791995021012,0.4633259278220626,0.45901615946338725,26,equity
2010-08-14,0.7214,0.7374,0.016,0.2465,1,commodity
2010-08-14,-0.36884292736649515,0.1394165985658765,0.5082595259323717,0.35232387617230415,25,equity
2010-08-15,-0.08220158595591784,0.24582262318581344,0.32802420914173125,0.4261531725525856,25,equity
2010-08-16,-0.7383,0.0299,0.7683,0.2018,1,commodity
2010-08-16,-0.3155893857877415,0.06337197128540048,0.378961357073142,0.5576666606446872,26,equity
2010-08-17,-0.26463929635400957,0.08657252860183899,0.3512118249558486,0.562215648448238,26,equity
2010-08-18,-0.34530404242328727,0.07797307764681485,0.4232771200701021,0.4987497842655732,26,equity
2010-08-19,0.5468000000000001,0.5988333333333333,0.05203333333333333,0.3491666666666667,3,commodity
2010-08-19,-0.32745410021967614,0.10619251963754113,0.43364661985721725,0.46016086953190655,26,equity
2010-08-20,-0.0986,0.2503,0.3489,0.4008,1,commodity
2010-08-20,-0.2958683514107878,0.11776139239708965,0.4136297438078775,0.46860886436815447,26,equity
2010-08-21,-0.2911447211354971,0.08469762589782476,0.37584234703332187,0.5394600284099579,25,equity
2010-08-22,-0.3482030946202576,0.1282928995974362,0.4764959942176938,0.3952111026644707,25,equity
2010-08-23,-0.5623470075213566,0.03747943613248376,0.5998264436538403,0.36269412039277643,26,equity
2010-08-24,0.21843333333333334,0.4652666666666667,0.24683333333333335,0.28786666666666666,3,commodity
2010-08-24,-0.3811485609039664,0.09926600850975284,0.4804145694137193,0.4203194169900738,26,equity
2010-08-25,0.0609,0.1126,0.0517,0.8358,1,commodity
2010-08-25,-0.4422803489813724,0.10232809454632494,0.5446084435276973,0.35306346086928475,26,equity
2010-08-26,-0.34077089527048743,0.05304278494217075,0.39381368021265817,0.5531435296512567,26,equity
2010-08-27,-0.1958,0.18855,0.38435,0.427125,4,commodity
2010-08-27,-0.3155287316857049,0.12050862771530564,0.43603735940101057,0.44345402559981895,26,equity
2010-08-28,-0.25273080546408894,0.09380293805152178,0.34653374351561067,0.5596633073687554,25,equity
2010-08-29,0.1494,0.1709,0.0215,0.8075,1,commodity
2010-08-29,-0.49990556183761214,0.04217856794096834,0.5420841297785804,0.4157373072723402,25,equity
2010-08-30,0.2315,0.2744,0.0428,0.6828,1,commodity
2010-08-30,-0.3848569691539384,0.0994119607628538,0.4842689299167922,0.4163191073502486,26,equity
2010-08-31,0.1328,0.3172,0.1844,0.4985,1,commodity
2010-08-31,-0.33005704573140693,0.10942431736307648,0.43948136309448343,0.45109432018720186,26,equity
2010-09-01,-0.4657,0.0415,0.5073,0.4512,1,commodity
2010-09-01,-0.46428406581282616,0.08575747668743133,0.5500415425002575,0.3642009864747524,25,equity
2010-09-02,0.020449999999999968,0.3727,0.3522,0.2751,2,commodity
2010-09-02,-0.2807153143490163,0.14007224131805393,0.42078755566707027,0.43914020018508804,26,equity
2010-09-03,-0.561,0.0293,0.5903,0.3803,1,commodity
2010-09-03,-0.439810605943203,0.05589126244187355,0.4957018683850765,0.44840686857700346,25,equity
2010-09-04,-0.4346104911916579,0.05408877576701343,0.48869926695867133,0.45721195622657734,24,equity
2010-09-05,-0.4191853868216276,0.09473390486091375,0.5139192916825414,0.3913468199968338,25,equity
2010-09-06,-0.31375988136976957,0.11192334301769734,0.4256832243874669,0.4623934443295002,25,equity
2010-09-07,-0.01924999999999999,0.1942,0.2134,0.5924,2,commodity
2010-09-07,-0.402570452935134,0.07000939813084327,0.4725798510659773,0.45741074116757285,26,equity
2010-09-08,-0.07069999999999999,0.26585000000000003,0.33655,0.3976,2,commodity
2010-09-08,-0.37792518781498075,0.05004895883254134,0.4279741466475221,0.521976885600732,26,equity
2010-09-09,-0.4248288534209132,0.04551394451409578,0.470342797935009,0.4841432550549507,25,equity
2010-09-10,-0.6265,0.0407,0.6672,0.2921,1,commodity
2010-09-10,-0.46420157424962294,0.039504105475946114,0.503705679725569,0.4567902168402305,26,equity
2010-09-11,-0.43112319823354484,0.04526348751038313,0.47638668574392795,0.4783498291671276,25,equity
2010-09-12,-0.3212035086750984,0.11019985225051641,0.4314033609256148,0.4583967900276184,25,equity
2010-09-13,0.21533333333333335,0.3894333333333333,0.17403333333333335,0.4365333333333334,3,commodity
2010-09-13,-0.42753148186378753,0.07835640367836906,0.5058878855421566,0.41575570232593095,26,equity
2010-09-14,0.5832,0.6386,0.0554,0.306,1,commodity
2010-09-14,-0.4169978863702944,0.0628458631869692,0.47984374955726355,0.4573103913750786,26,equity
2010-09-15,-0.48455000000000004,0.04775,0.5323500000000001,0.4199,2,commodity
2010-09-15,-0.23230125037177154,0.15754652578228465,0.3898477761540562,0.4526056994994481,24,equity
2010-09-16,0.4597,0.5161,0.056400000000000006,0.4275,2,commodity
2010-09-16,-0.2898799921744145,0.14071636704298165,0.43059635921739614,0.4286872727366594,26,equity
2010-09-17,0.6541999999999999,0.6777,0.0235,0.29884999999999995,2,commodity
2010-09-17,-0.3540946109793507,0.1021664934232831,0.4562611044026338,0.4415724098395843,26,equity
2010-09-18,-0.3294672034308314,0.05023532535880804,0.37970252878963945,0.5700621538609266,25,equity
2010-09-19,-0.4187042007036507,0.0682900663651526,0.48699426706880333,0.4447156632691622,25,equity
2010-09-20,0.76,0.7678,0.0077,0.2245,1,commodity
2010-09-20,-0.3336003461064628,0.11577062040137556,0.4493709665078383,0.43485841900110245,26,equity
2010-09-21,-0.6068,0.0276,0.6344,0.338,1,commodity
2010-09-21,-0.25016923510254574,0.09500509321403044,0.3451743283165762,0.5598205673293426,26,equity
2010-09-22,-0.4901609320838291,0.07498446783910577,0.5651453999229349,0.35987012976637256,26,equity
2010-09-23,0.8696,0.8866,0.0169,0.0965,1,commodity
2010-09-23,-0.41576301159623724,0.050268206279724836,0.4660312178759621,0.48370057487717044,26,equity
2010-09-24,0.5791,0.6020000000000001,0.022949999999999998,0.37505,2,commodity
2010-09-24,-0.41831292820951116,0.061746562974384196,0.48005949118389535,0.458193941328388,26,equity
2010-09-25,-0.30357345633208754,0.10283392451703549,0.406407380849123,0.49075869008898737,25,equity
2010-09-26,-0.37536559008061887,0.059896999038755894,0.43526258911937477,0.5048404148221016,25,equity
2010-09-27,-0.3614,0.06355,0.42495,0.5115000000000001,2,commodity
2010-09-27,-0.3433538040576073,0.09456403879448771,0.437917842852095,0.4675181091118317,26,equity
2010-09-28,0.666525,0.686125,0.019575,0.2943,4,commodity
2010-09-28,-0.5245442469246112,0.05282779628984057,0.5773720432144518,0.36980017360586387,26,equity
2010-09-29,-0.01539999999999997,0.31605,0.33145,0.35245000000000004,2,commodity
2010-09-29,-0.32251605101359576,0.08976553753018379,0.41228158854377955,0.4979528750364597,26,equity
2010-09-30,-0.5833,0.0343,0.6176,0.348,1,commodity
2010-09-30,-0.47918028799960244,0.055644516474925555,0.5348248044745281,0.409530672746209,26,equity
2010-10-01,0.4854,0.5238,0.0384,0.4377,1,commodity
2010-10-01,-0.327398026541162,0.06093790041855895,0.38833592695972097,0.5507261701501333,26,equity
2010-10-02,-0.283008488843607,0.13567509363189367,0.4186835824755007,0.4456413279531721,25,equity
2010-10-03,-0.37800828337669373,0.08981744289398193,0.46782572627067565,0.4423568297922611,25,equity
2010-10-04,0.1291,0.1846,0.0555,0.7599,1,commodity
2010-10-04,-0.5325401817591717,0.052975924900518015,0.5855161066596898,0.3615079696218555,26,equity
2010-10-05,0.4176,0.4628,0.0452,0.492,1,commodity
2010-10-05,-0.42790409341454505,0.09076196368783712,0.5186660571023822,0.3905719803273678,25,equity
2010-10-06,0.3186,0.4701,0.15155,0.3784,2,commodity
2010-10-06,-0.20904359314590693,0.16710180434613273,0.3761453974920397,0.4567527878456391,26,equity
2010-10-07,-0.04654999999999998,0.28225,0.32880000000000004,0.389,2,commodity
2010-10-07,-0.35248254461643785,0.058384294979847394,0.4108668395962853,0.530748864205984,26,equity
2010-10-08,0.147,0.3953,0.2483,0.3564,1,commodity
2010-10-08,-0.4931838307529688,0.051627728156745434,0.5448115589097142,0.4035607080620069,26,equity
2010-10-09,-0.3983875396102667,0.10372927531599999,0.5021168149262667,0.39415390402078626,25,equity
2010-10-10,0.1924,0.3138,0.1214,0.5648,1,commodity
2010-10-10,-0.37036759044975043,0.07402044989168644,0.44438804034143686,0.4815915004909039,25,equity
2010-10-11,-0.46508282333469164,0.08456327554841454,0.5496460988831061,0.3657906256042994,26,equity
2010-10-12,0.4421,0.4594,0.0174,0.5232,1,commodity
2010-10-12,-0.44871532490763527,0.07171959626989868,0.520434921177534,0.40784547191399795,26,equity
2010-10-13,0.5257,0.5964666666666667,0.07080000000000002,0.3327,3,commodity
2010-10-13,-0.3626232373241622,0.14823064465935415,0.5108538819835163,0.34091547418099183,26,equity
2010-10-14,-0.5781,0.1086,0.6868,0.2046,1,commodity
2010-10-14,-0.33632369823037433,0.06740519207400772,0.403728890304382,0.5288659137172195,26,equity
2010-10-15,-0.04585,0.249225,0.29507500000000003,0.45567500000000005,4,commodity
2010-10-15,-0.37217231220207536,0.10868396545545413,0.4808562776575295,0.41045974366939986,26,equity
2010-10-16,-0.28752771027386187,0.11931123670190573,0.4068389469757676,0.47384982094168665,25,equity
2010-10-17,-0.3015022532641888,0.1544139765948057,0.4559162298589945,0.3896697928011417,25,equity
2010-10-18,-0.32860221069019574,0.08003582855543265,0.4086380392456284,0.5113261291900506,26,equity
2010-10-19,-0.8851,0.015899999999999997,0.901,0.08310000000000001,2,commodity
2010-10-19,-0.4251025322323235,0.08978659870962684,0.5148891309419503,0.3953242708857243,26,equity
2010-10-20,-0.49320328885761017,0.045375546028551,0.5385788348861612,0.4160456295626668,26,equity
2010-10-21,0.2852,0.3171,0.0319,0.651,1,commodity
2010-10-21,-0.27119753509759903,0.13617853197054222,0.4073760670681412,0.45644539680618507,26,equity
2010-10-22,-0.25506666666666666,0.219,0.4740333333333333,0.307,3,commodity
2010-10-22,-0.5029098753674099,0.0754261680233937,0.5783360433908036,0.34623779700352597,26,equity
2010-10-23,-0.4374186788499355,0.07728954829275608,0.5147082271426916,0.4080022216588259,25,equity
2010-10-24,-0.7418,0.0236,0.7654,0.211,1,commodity
2010-10-24,-0.289752449542284,0.08167051494121552,0.37142296448349954,0.5469065093994141,25,equity
2010-10-25,-0.3763,0.0923,0.4686,0.4391,1,commodity
2010-10-25,-0.43379592351042306,0.06756215248830043,0.5013580759987235,0.4310797703667329,26,equity
2010-10-26,-0.30593333333333333,0.1388,0.44473333333333337,0.41640000000000005,3,commodity
2010-10-26,-0.28216030180024415,0.09040183233670317,0.3725621341369473,0.5370360244638644,26,equity
2010-10-27,-0.09200000000000003,0.28104999999999997,0.37305,0.34585,2,commodity
2010-10-27,-0.42760932646118677,0.0780062609925293,0.505615587453716,0.4163781554939655,26,equity
2010-10-28,-0.5035376847506716,0.03884147648484661,0.5423791612355182,0.4187793465904318,26,equity
2010-10-29,-0.21263890423310491,0.09949430787506011,0.312133212108165,0.5883724808406371,26,equity
2010-10-30,-0.1841,0.0938,0.2779,0.6283,1,commodity
2010-10-30,-0.31986603666096924,0.12016176525503397,0.4400278019160032,0.4398104307055473,25,equity
2010-10-31,-0.312410861030221,0.08547191601246595,0.39788277704268693,0.5166453105211258,25,equity
2010-11-01,-0.5848,0.03596666666666667,0.6207666666666667,0.34326666666666666,3,commodity
2010-11-01,-0.35558933965288675,0.06325242396157521,0.41884176361446196,0.517905812137402,26,equity
2010-11-02,0.348,0.4021,0.0541,0.5438,1,commodity
2010-11-02,-0.2423348780363225,0.13831836873522171,0.3806532467715442,0.48102837786651576,26,equity
2010-11-03,-0.14975,0.2006,0.35035,0.44915000000000005,2,commodity
2010-11-03,-0.4028121274895966,0.05295957220145143,0.455771699691048,0.49126871446004283,26,equity
2010-11-04,0.582,0.629,0.047,0.324,1,commodity
2010-11-04,-0.5066841709642456,0.08807169459760189,0.5947558655618475,0.31717246025800705,26,equity
2010-11-05,-0.4048,0.061,0.4659,0.4731,1,commodity
2010-11-05,-0.42107491166545796,0.07240952300624205,0.4934844346717,0.4341060444712639,26,equity
2010-11-06,-0.32093498717993496,0.07249353930354119,0.39342852648347615,0.5340779346227645,25,equity
2010-11-07,-0.48645006097853183,0.06829682029783726,0.5547468812763691,0.3769562928378582,25,equity
2010-11-08,0.8229,0.8362,0.0133,0.1505,1,commodity
2010-11-08,-0.3971878736853026,0.06878559703293902,0.46597347071824163,0.4652409407381828,26,equity
2010-11-09,0.12030000000000002,0.36045,0.24015,0.3994,2,commodity
2010-11-09,-0.3029726915634595,0.11473913634052643,0.417711827903986,0.467549044209031,26,equity
2010-11-10,-0.2959948951163544,0.08529862055841547,0.3812935156747699,0.5334078825723666,26,equity
2010-11-11,-0.2489333333333333,0.18046666666666666,0.4294,0.3901333333333334,3,commodity
2010-11-11,-0.31877940470496047,0.0829245406202972,0.40170394532525766,0.5153715062456635,26,equity
2010-11-12,-0.47859999999999997,0.08013333333333333,0.5587333333333333,0.36113333333333336,3,commodity
2010-11-12,-0.3282835383254748,0.0714957845182373,0.3997793228437121,0.5287248880530779,26,equity
2010-11-13,-0.3664299472421408,0.089747178517282,0.45617712575942276,0.4540756955742836,25,equity
2010-11-14,-0.19749475240707398,0.1482236338034272,0.3457183862105012,0.5060579779744149,25,equity
2010-11-15,-0.15000000000000002,0.229,0.379,0.39204999999999995,2,commodity
2010-11-15,-0.43977600862630284,0.11109717057731289,0.5508731792036158,0.3380296488220875,26,equity
2010-11-16,-0.33269999999999994,0.043500000000000004,0.37623333333333336,0.5802666666666666,3,commodity
2010-11-16,-0.31379812307512533,0.09701896455282202,0.41081708762794733,0.492163939974629,26,equity
2010-11-17,0.026849999999999985,0.29435,0.2675,0.43815000000000004,2,commodity
2010-11-17,-0.39750809523348624,0.06368947910288206,0.4611975743363683,0.4751129551575734,26,equity
2010-11-18,0.27645000000000003,0.3765,0.1,0.5235,2,commodity
2010-11-18,-0.5091453078919306,0.07074975587714177,0.5798950637690723,0.3493551765210353,26,equity
2010-11-19,-0.43355,0.0547,0.48819999999999997,0.4571,2,commodity
2010-11-19,-0.40325441836522746,0.05142100332663036,0.4546754216918579,0.49390356930402607,26,equity
2010-11-20,-0.45939384210854767,0.04136341128498316,0.5007572533935308,0.45787933707237244,25,equity
2010-11-21,-0.2564192030578852,0.12610015697777271,0.3825193600356579,0.4913804855942726,25,equity
2010-11-22,0.268,0.31485,0.0468,0.6383,2,commodity
2010-11-22,-0.44547918840096545,0.07930764262206279,0.5247868310230283,0.3959055140327949,26,equity
2010-11-23,0.53505,0.57765,0.042550000000000004,0.3798,2,commodity
2010-11-23,-0.3449229051430638,0.1026988372636529,0.4476217424067167,0.4496794052135486,26,equity
2010-11-24,-0.40195000000000003,0.0829,0.4848,0.43235,2,commodity
2010-11-24,-0.24932821614381212,0.14548547802349696,0.3948136941673091,0.4597008116543293,26,equity
2010-11-25,-0.37794020043686033,0.1349538998119533,0.5128941002488137,0.3521519848704338,25,equity
2010-11-26,-0.0757,0.3661,0.4418,0.1921,1,commodity
2010-11-26,-0.41360094380350065,0.08256476171887837,0.49616570552237904,0.4212695330094833,26,equity
2010-11-27,-0.4312010032683611,0.06354014031589031,0.4947411435842514,0.44171871811151503,25,equity
2010-11-28,-0.09897675447165966,0.15578704472631216,0.2547637991979718,0.5894491609930992,25,equity
2010-11-29,0.07419999999999999,0.35455000000000003,0.28035,0.36505,2,commodity
2010-11-29,-0.3109680348290847,0.09863525349646807,0.40960328832555276,0.4917614525900437,26,equity
2010-11-30,-0.055325,0.27737500000000004,0.33277500000000004,0.38985000000000003,4,commodity
2010-11-30,-0.39914303785189986,0.10305430381917037,0.5021973416710702,0.39474837052134365,26,equity
2010-12-01,0.5479666666666666,0.5751000000000001,0.027133333333333332,0.39776666666666666,3,commodity
2010-12-01,-0.31262827317158765,0.08698674517038923,0.3996150183419769,0.5133982240580596,26,equity
2010-12-02,0.0937,0.36556666666666665,0.27186666666666665,0.36256666666666665,3,commodity
2010-12-02,-0.22423542441370395,0.0879069368283336,0.31214236124203754,0.5999507015714278,26,equity
2010-12-03,-0.0692,0.055,0.1242,0.8208,1,commodity
2010-12-03,-0.3672292156574818,0.047378144620989375,0.41460736027847117,0.5380145020496386,26,equity
2010-12-04,-0.4407774781808257,0.0654901010915637,0.5062675792723894,0.4282423149049282,25,equity
2010-12-05,-0.27605866234749554,0.08306970153003931,0.3591283638775349,0.5578019359707832,25,equity
2010-12-06,0.44,0.4887,0.0487,0.4625,1,commodity
2010-12-06,-0.3782943400482719,0.05980542581528425,0.43809976586355615,0.5020948063868743,26,equity
2010-12-07,0.5208,0.5444,0.0236,0.432,1,commodity
2010-12-07,-0.3362550092502855,0.09279685363603327,0.4290518628863188,0.4781512798598179,26,equity
2010-12-08,-0.4090893748574532,0.07019043556199624,0.47927981041944945,0.4505297581736858,26,equity
2010-12-09,0.27145,0.50925,0.23785,0.25295,2,commodity
2010-12-09,-0.3608585432028541,0.07807022712838191,0.438928770331236,0.48300100318514383,26,equity
2010-12-10,-0.2687296834215522,0.10991042319685221,0.3786401066184044,0.5114494623243808,25,equity
2010-12-11,-0.28559990927577017,0.11891268581151962,0.4045125950872898,0.47657474368810654,25,equity
2010-12-12,-0.4698433512386858,0.053629437013655475,0.5234727882523412,0.42289778006116835,25,equity
2010-12-13,0.6233,0.6448,0.0215,0.3337,1,commodity
2010-12-13,-0.3693453091769837,0.08353795823999323,0.452883267416977,0.46357876520890456,26,equity
2010-12-14,0.4578,0.5161,0.0583,0.4256,1,commodity
2010-12-14,-0.3148108108613927,0.118636446682593,0.43344725754398566,0.4479162928003531,26,equity
2010-12-15,-0.5709666666666667,0.0378,0.6087666666666667,0.35346666666666665,3,commodity
2010-12-15,-0.4051963457152939,0.09029313205986486,0.4954894777751587,0.41421739149032005,26,equity
2010-12-16,-0.465862999849308,0.12208180785035858,0.5879448076996666,0.2899733833395518,26,equity
2010-12-17,-0.40250954490441543,0.07259448961569713,0.4751040345201126,0.4523014688434509,26,equity
2010-12-18,-0.3630773129019265,0.09309193022393931,0.4561692431258659,0.45073884818702936,24,equity
2010-12-19,-0.34866191271692515,0.0523405696824193,0.40100248239934444,0.5466569504141807,25,equity
2010-12-20,0.723,0.7851,0.062,0.1529,1,commodity
2010-12-20,-0.30868771905079484,0.08857248454856184,0.3972602035993567,0.5141673115297005,26,equity
2010-12-21,-0.4053261253552941,0.06960992987912434,0.47493605523441845,0.4554540077940776,26,equity
2010-12-22,0.07254999999999999,0.2237,0.1512,0.6251,4,commodity
2010-12-22,-0.23857979401229665,0.12030347784121449,0.35888327185351115,0.5208132522037396,26,equity
2010-12-23,-0.2935506254792787,0.06541327985290152,0.35896390533218014,0.5756228159253414,26,equity
2010-12-24,-0.37800656389445064,0.05789685495197773,0.4359034188464284,0.50619973115623,25,equity
2010-12-25,-0.248042762093246,0.13928257919847964,0.38732534129172563,0.47339208036661146,25,equity
2010-12-26,-0.22542347215116024,0.10901900194585323,0.3344424740970135,0.5565385328233242,25,equity
2010-12-27,0.7544,0.7786,0.0242,0.1971,1,commodity
2010-12-27,-0.36073608094683063,0.10097968728783038,0.461715768234661,0.43730454189846146,26,equity
2010-12-28,-0.3605,0.1014,0.4619,0.4367,1,commodity
2010-12-28,-0.2997654323609403,0.1270434153266251,0.4268088476875654,0.44614773995887774,26,equity
2010-12-29,-0.4114759113066472,0.0630724265311773,0.47454833783782446,0.4623792287535392,26,equity
2010-12-30,0.22,0.315,0.095,0.59,1,commodity
2010-12-30,-0.38964278891682624,0.10301997479051352,0.49266276370733975,0.4043172685801983,25,equity
2010-12-31,-0.04385,0.35435,0.3982,0.24755,2,commodity
2010-12-31,-0.46288968461494034,0.05632982159463259,0.5192195062095729,0.42445066950928706,26,equity
2011-01-01,-0.29635088961571454,0.1411879677325487,0.43753885734826325,0.4212731744721532,25,equity
2011-01-02,-0.4336119811236858,0.09537484329193831,0.5289868244156242,0.3756383394449949,25,equity
2011-01-03,-0.17184987961529538,0.16297244205354497,0.33482232166884035,0.502205257375653,26,equity
2011-01-04,0.5423,0.6693,0.127,0.2037,1,commodity
2011-01-04,-0.18599490445250502,0.12415251601487398,0.310147420467379,0.5657000696429839,26,equity
2011-01-05,-0.27871387233384526,0.13924341505536666,0.41795728738921195,0.4427992979494425,26,equity
2011-01-06,-0.19419999999999998,0.08145,0.2757,0.64285,2,commodity
2011-01-06,-0.37114138181249684,0.0621212488398529,0.4332626306523497,0.5046161265613941,26,equity
2011-01-07,0.315,0.3598,0.0448,0.5954,1,commodity
2011-01-07,-0.4491973779737376,0.04646669736561867,0.4956640753393563,0.45786922754576576,26,equity
2011-01-08,-0.31617565963417293,0.07885438822209835,0.39503004785627127,0.5261155499517918,25,equity
2011-01-09,-0.24971929766237735,0.0854457277804613,0.33516502544283866,0.5793892540037632,25,equity
2011-01-10,0.15200000000000002,0.36466666666666664,0.21266666666666664,0.4226666666666667,3,commodity
2011-01-10,-0.413410680476003,0.09862524482349937,0.5120359252995024,0.3893388330649871,26,equity
2011-01-11,0.3564,0.3815,0.0251,0.5934,1,commodity
2011-01-11,-0.4704878573807386,0.11396280077930826,0.5844506581600469,0.3015865402726027,26,equity
2011-01-12,-0.43745,0.06925,0.50675,0.42400000000000004,2,commodity
2011-01-12,-0.3699962218435338,0.09384105232759164,0.4638372741711254,0.44232166486863905,26,equity
2011-01-13,0.0033999999999999864,0.2753,0.2719,0.45285,2,commodity
2011-01-13,-0.34400876908778,0.11170596407296565,0.4557147331607456,0.43257930473639417,26,equity
2011-01-14,-0.29263333333333336,0.21233333333333335,0.5050333333333333,0.28263333333333335,3,commodity
2011-01-14,-0.16758806749175376,0.1688075288413809,0.33639559633313465,0.49479687357178104,26,equity
2011-01-15,-0.3917902123183012,0.0870800095796585,0.4788702218979597,0.4340497715771198,25,equity
2011-01-16,-0.31104780100286006,0.08851125597953796,0.399559056982398,0.5119296836853028,25,equity
2011-01-17,-0.5876,0.0282,0.6158,0.356,1,commodity
2011-01-17,-0.2464051917567849,0.09493892695754766,0.34134411871433257,0.5637169563770295,25,equity
2011-01-18,0.2188,0.3586,0.1398,0.5016,1,commodity
2011-01-18,-0.1627431667338197,0.09819255002702658,0.26093571676084626,0.6408717477550874,26,equity
2011-01-19,0.54465,0.60625,0.0616,0.3322,2,commodity
2011-01-19,-0.3578545867035595,0.13399422931699798,0.4918488160205575,0.3741569612175226,26,equity
2011-01-20,-0.42805,0.12430000000000001,0.5524,0.3233,2,commodity
2011-01-20,-0.3343843107756514,0.1229363687766286,0.45732067955228,0.41974293669829,26,equity
2011-01-21,-0.0825,0.0783,0.1608,0.7609,1,commodity
2011-01-21,-0.4123567371056057,0.05227712351972094,0.46463386062532663,0.4830890071506684,26,equity
2011-01-22,-0.34755157217383387,0.0983306398615241,0.44588221203535794,0.4557871624827385,25,equity
2011-01-23,-0.40239607974886893,0.06595161348581315,0.46834769323468206,0.465700693577528,25,equity
2011-01-24,-0.36930412677331614,0.11058046138630463,0.47988458815962076,0.40953494121248907,26,equity
2011-01-25,-0.22846666666666668,0.19319999999999996,0.42160000000000003,0.38516666666666666,3,commodity
2011-01-25,-0.46888778709734863,0.05201354579856762,0.5209013328959162,0.4270851150011787,26,equity
2011-01-26,-0.4647517064944483,0.054892253094854265,0.5196439595893025,0.4254637925097576,26,equity
2011-01-27,-0.5137666666666667,0.0484,0.5621,0.38949999999999996,3,commodity
2011-01-27,-0.30698043981996864,0.08770072718079273,0.3946811670007614,0.5176181040990812,26,equity
2011-01-28,-0.2803,0.1336,0.41385,0.45255,2,commodity
2011-01-28,-0.3256248012185097,0.05063433164300827,0.37625913286151796,0.5731065181585459,26,equity
2011-01-29,-0.2965285469964147,0.08239184711128474,0.3789203941076994,0.5386877505481243,25,equity
2011-01-30,-0.2816163398325443,0.11987661968916655,0.4014929595217109,0.47863042652606963,25,equity
2011-01-31,-0.28655216194545996,0.11854885214080031,0.40510101408626026,0.4763501233492906,26,equity
2011-02-01,0.8731,0.8929,0.0198,0.0873,1,commodity
2011-02-01,-0.3187791812591828,0.0729199145347453,0.3916990957939281,0.5353810036411653,26,equity
2011-02-02,-0.27251631752229655,0.11543645838705394,0.38795277590935046,0.4966107573933326,26,equity
2011-02-03,0.21043333333333333,0.3728,0.16236666666666666,0.4648333333333334,3,commodity
2011-02-03,-0.5355011169225551,0.041537005705042526,0.5770381226275976,0.38142487664635366,26,equity
2011-02-04,-0.1647,0.10175000000000001,0.26639999999999997,0.63185,2,commodity
2011-02-04,-0.3528976928657637,0.05136634409427643,0.40426403696004015,0.5443696204859477,26,equity
2011-02-05,-0.4253336521610618,0.05747851017862558,0.4828121623396873,0.45970932513475415,25,equity
2011-02-06,-0.3926310598105192,0.08471274942159653,0.4773438092321157,0.43794344559311865,25,equity
2011-02-07,-0.38768391930856383,0.07808957986820203,0.46577349917676586,0.4561369247877827,26,equity
2011-02-08,-0.3755004501973207,0.039456145551342234,0.41495659574866295,0.5455872586999948,26,equity
2011-02-09,-0.4646698177991102,0.07734673038602992,0.5420165481851401,0.380636717811,26,equity
2011-02-10,0.152,0.3374,0.1854,0.4772,1,commodity
2011-02-10,-0.246857173812504,0.12106717700281969,0.3679243508153237,0.5110084679550849,26,equity
2011-02-11,-0.4741,0.0434,0.5175,0.4392,1,commodity
2011-02-11,-0.3372960790561942,0.08166182596379748,0.4189579050199917,0.4993802657207617,26,equity
2011-02-12,-0.17960183618832404,0.11922574876393,0.29882758495225403,0.5819466686680017,25,equity
2011-02-13,-0.47412018090486524,0.0682963141053915,0.5424164950102568,0.3892871901392937,25,equity
2011-02-14,0.0421,0.1061,0.064,0.8299,1,commodity
2011-02-14,-0.4297581121253853,0.08411992703062984,0.5138780391560152,0.4020020335626144,26,equity
2011-02-15,-0.5777901025274053,0.04307478426310878,0.620864886790514,0.33606033514325434,26,equity
2011-02-16,0.4088,0.5542,0.1454,0.3004,2,commodity
2011-02-16,-0.46737654489250136,0.07106238997613008,0.5384389348686315,0.39049866423010826,26,equity
2011-02-17,0.503925,0.54265,0.03875,0.41857500000000003,4,commodity
2011-02-17,-0.47865427339162964,0.08026248478115751,0.5589167581727872,0.3608207610937265,26,equity
2011-02-18,-0.4853523548405904,0.06795621176178639,0.5533085666023768,0.3787352222089584,26,equity
2011-02-19,-0.5860539437830448,0.05117824003100395,0.6372321838140488,0.3115895788371563,25,equity
2011-02-20,-0.48529702361673116,0.03954394120723009,0.5248409648239613,0.4356150832772255,25,equity
2011-02-21,-0.44120657321065665,0.07735260929912328,0.51855918250978,0.4040882030129433,25,equity
2011-02-22,-0.514086299504225,0.03751776797267107,0.5516040674768962,0.4108781707114898,26,equity
2011-02-23,-0.31773037381040364,0.08635625719594267,0.4040866310063463,0.5095571119051713,26,equity
2011-02-24,0.3852,0.405,0.019799999999999998,0.57525,2,commodity
2011-02-24,-0.3658698662184179,0.10077008343516634,0.46663994965358424,0.4325899743976501,26,equity
2011-02-25,-0.5864,0.0379,0.6243,0.3378,1,commodity
2011-02-25,-0.32800351430733615,0.10540128764338218,0.43340480195071834,0.46119390428066254,26,equity
2011-02-26,-0.41015780918300154,0.050381269156932834,0.46053907833993435,0.4890796500444412,25,equity
2011-02-27,-0.47086435414850714,0.05678937934339046,0.5276537334918976,0.4155569015443325,25,equity
2011-02-28,0.6092,0.6322,0.023,0.3448,1,commodity
2011-02-28,-0.36168809381958383,0.07762160030408548,0.4393096941236693,0.48306870145293385,26,equity
2011-03-01,0.471,0.5375,0.0665,0.396,1,commodity
2011-03-01,-0.26594684903438276,0.11716378834814979,0.38311063738253254,0.49972557233503234,26,equity
2011-03-02,0.41163333333333335,0.5046666666666666,0.09303333333333334,0.4022666666666666,3,commodity
2011-03-02,-0.39855268210745776,0.04557457071943925,0.444127252826897,0.5102981727283734,26,equity
2011-03-03,-0.5268333333333334,0.029866666666666666,0.5567,0.4134,3,commodity
2011-03-03,-0.3202867015408209,0.08314665188439764,0.4034333534252185,0.5134200026782659,26,equity
2011-03-04,0.506,0.5537,0.0476,0.3987,1,commodity
2011-03-04,-0.47858105761070663,0.04559554306503672,0.5241766006757433,0.43022785822932536,26,equity
2011-03-05,-0.41388451084494593,0.06594557002186775,0.47983008086681367,0.45422434762120245,25,equity
2011-03-06,-0.25595961201936007,0.11245232563465833,0.3684119376540184,0.5191357344388962,25,equity
2011-03-07,0.1756,0.38415,0.2086,0.40725,2,commodity
2011-03-07,-0.3660128264544675,0.07550976106610435,0.44152258752057183,0.4829676403449132,26,equity
2011-03-08,0.0061,0.4034,0.3972,0.1994,1,commodity
2011-03-08,-0.3304915754840924,0.0972925334667357,0.42778410895082813,0.4749233633852922,26,equity
2011-03-09,0.34854999999999997,0.39295,0.04435,0.5627,2,commodity
2011-03-09,-0.45798095140176326,0.0886393402201625,0.5466202916219257,0.3647403734234663,26,equity
2011-03-10,-0.5688,0.0269,0.59575,0.37735,2,commodity
2011-03-10,-0.46342414889771205,0.07173106274925746,0.5351552116469696,0.3931137271798574,26,equity
2011-03-11,0.5209,0.5797,0.0588,0.3615,1,commodity
2011-03-11,-0.39862742844539195,0.07367404460763702,0.47230147305302894,0.45402447112764305,26,equity
2011-03-12,-0.408935506939888,0.06487742431461811,0.47381293125450613,0.46130963653326035,25,equity
2011-03-13,-0.3055698464810848,0.06702187966555356,0.3725917261466384,0.5603864033520222,25,equity
2011-03-14,0.4565333333333333,0.4998333333333333,0.043333333333333335,0.45680000000000004,3,commodity
2011-03-14,-0.33317692520526737,0.07885870545242842,0.41203563065769583,0.5091056648211983,26,equity
2011-03-15,-0.2499421045470696,0.1587770595215261,0.4087191640685957,0.43250378077993024,26,equity
2011-03-16,-0.5318,0.0289,0.5607,0.4104,1,commodity
2011-03-16,-0.49467075042426584,0.03901071764528751,0.5336814680695534,0.4273078320175409,25,equity
2011-03-17,-0.3287892618144934,0.08662430813106206,0.41541356994555545,0.49796212464571,26,equity
2011-03-18,0.5888,0.6326,0.0438,0.32365,2,commodity
2011-03-18,-0.18920735973649874,0.18844382258920142,0.37765118232570016,0.4339049985775581,26,equity
2011-03-19,-0.4191719572991133,0.07047798626124858,0.48964994356036184,0.4398720827698708,25,equity
2011-03-20,-0.4311363922804594,0.12178182952106,0.5529182218015194,0.32529994800686834,25,equity
2011-03-21,-0.47464821892432296,0.0806648049575205,0.5553130238818434,0.36402217406206405,26,equity
2011-03-22,-0.30772515744543993,0.12091736319976357,0.4286425206452035,0.4504401140774672,26,equity
2011-03-23,0.5096,0.5319,0.0223,0.4458,1,commodity
2011-03-23,-0.45234835993212,0.04760239430918144,0.4999507542413015,0.4524468401303658,26,equity
2011-03-24,-0.5446,0.0324,0.577,0.3907,1,commodity
2011-03-24,-0.468773369749005,0.09460683976514982,0.5633802095141548,0.3420129514370973,26,equity
2011-03-25,-0.008900000000000019,0.2833,0.2922,0.4245,2,commodity
2011-03-25,-0.4936117672074873,0.06663993864248578,0.5602517058499731,0.37310835547172105,26,equity
2011-03-26,-0.5361593790538609,0.07158289281651378,0.6077422718703747,0.3206748299300671,25,equity
2011-03-27,-0.2569770484417677,0.14648984350264072,0.40346689194440843,0.45004326343536377,25,equity
2011-03-28,0.1934,0.3014,0.10794999999999999,0.59065,2,commodity
2011-03-28,-0.5204506103987261,0.03488297832305357,0.5553335887217797,0.40978342023903164,26,equity
2011-03-29,-0.47507480198804003,0.05868371085335429,0.5337585128413943,0.40755777576794994,26,equity
2011-03-30,0.21286666666666668,0.4338333333333333,0.22096666666666664,0.3452,3,commodity
2011-03-30,-0.434022525862719,0.05538406792598275,0.48940659378870177,0.4552093457717162,26,equity
2011-03-31,0.1667,0.402,0.23529999999999998,0.3627,2,commodity
2011-03-31,-0.13024281667402157,0.20981080360853901,0.3400536202825606,0.4501355829147192,26,equity
2011-04-01,0.0033,0.271,0.2677,0.4613,1,commodity
2011-04-01,-0.3413680673290331,0.1295212064511501,0.47088927378018314,0.39958951937464565,26,equity
2011-04-02,-0.5920519262552262,0.052682052105665206,0.6447339783608913,0.30258396834135054,25,equity
2011-04-03,-0.49774861351543476,0.06632431426815072,0.5640729277835855,0.36960275522880187,25,equity
2011-04-04,-0.332725030513337,0.08971524174110247,0.4224402722544395,0.4878444971803289,26,equity
2011-04-05,-0.2758,0.0322,0.3081,0.6597,1,commodity
2011-04-05,-0.40955760405909847,0.09651454154684563,0.506072145605944,0.3974133192948281,26,equity
2011-04-06,0.692,0.7271,0.0351,0.2378,1,commodity
2011-04-06,-0.3071965486026154,0.11510567786172032,0.42230222646433574,0.4625921104676448,26,equity
2011-04-07,-0.0185,0.2789,0.2974,0.4237,1,commodity
2011-04-07,-0.3546324418141292,0.10646802709939387,0.4611004689135231,0.4324315067094106,26,equity
2011-04-08,0.7935,0.8115,0.018,0.1704,1,commodity
2011-04-08,-0.38802722572850495,0.12026644197220986,0.5082936677007148,0.3714398950911485,26,equity
2011-04-09,-0.4432976483181119,0.1254786142334342,0.5687762625515461,0.3057451167702675,25,equity
2011-04-10,-0.5402782485634089,0.06238066427409649,0.6026589128375054,0.334960415661335,25,equity
2011-04-11,-0.46965,0.08885,0.55845,0.3527,2,commodity
2011-04-11,-0.32756582998599,0.0693504076737624,0.39691623765975237,0.5337333406966466,26,equity
2011-04-12,-0.35751532883026194,0.0915624987582008,0.4490778275884627,0.4593596626565661,26,equity
2011-04-13,0.4345333333333334,0.5015333333333333,0.06696666666666667,0.4315,3,commodity
2011-04-13,-0.40316215608268974,0.08806885734200477,0.49123101342469455,0.4207001255452633,25,equity
2011-04-14,-0.3351,0.0362,0.3713,0.5926,1,commodity
2011-04-14,-0.448097183691481,0.0686078671580897,0.5167050508495706,0.41468707901927143,26,equity
2011-04-15,0.28395000000000004,0.3274,0.0435,0.6291,2,commodity
2011-04-15,-0.4205327837083202,0.10349282930390193,0.5240256130122222,0.37248157093731254,26,equity
2011-04-16,-0.5359,0.0295,0.5654,0.4052,1,commodity
2011-04-16,-0.3847827876731753,0.12625811737030745,0.5110409050434828,0.36270097754895686,25,equity
2011-04-17,0.4899,0.5421,0.0522,0.4057,1,commodity
2011-04-17,-0.3810174610465765,0.06645710866898298,0.4474745697155595,0.48606831580400467,25,equity
2011-04-18,-0.5176,0.0464,0.564,0.3896,1,commodity
2011-04-18,-0.43915556672100836,0.122620429055622,0.5617759957766304,0.31560356821864843,26,equity
2011-04-19,-0.5376,0.038,0.5755,0.3865,1,commodity
2011-04-19,-0.3345278403978074,0.09784438142352897,0.4323722218213364,0.4697833858300044,26,equity
2011-04-20,0.31705,0.36475,0.0477,0.58755,2,commodity
2011-04-20,-0.3332857216636722,0.15406069628751048,0.48734641795118266,0.35859289521781296,26,equity
2011-04-21,0.46491999999999994,0.49160000000000004,0.0267,0.4817,5,commodity
2011-04-21,-0.5743836584733799,0.03693166107404977,0.6113153195474297,0.3517530222112934,24,equity
2011-04-22,-0.6319943488761782,0.04891612995415926,0.6809104788303375,0.27017338678240777,25,equity
2011-04-23,-0.3906420535221696,0.06328111678361893,0.4539231703057885,0.48279571563005447,25,equity
2011-04-24,0.3254,0.473,0.1477,0.3793,1,commodity
2011-04-24,-0.5194357894174755,0.06226282881572843,0.5816986182332039,0.3560385468602181,25,equity
2011-04-25,0.1282,0.3481,0.2199,0.432,3,commodity
2011-04-25,-0.5196881526006529,0.0776364983489307,0.5973246509495836,0.3250388509522264,26,equity
2011-04-26,-0.3874,0.0519,0.4393,0.5088,1,commodity
2011-04-26,-0.4764263963756653,0.08540201402054383,0.5618284103962091,0.3527695874038797,26,equity
2011-04-27,0.26118,0.38896,0.1278,0.48322000000000004,5,commodity
2011-04-27,-0.34906501537188545,0.0758535393535505,0.42491855472543594,0.49922790771201847,26,equity
2011-04-28,-0.0794,0.0863,0.1657,0.748,1,commodity
2011-04-28,-0.4880406653335027,0.07609249615698424,0.564133161490487,0.3597743376959159,26,equity
2011-04-29,0.16242,0.32588,0.16340000000000002,0.5106999999999999,5,commodity
2011-04-29,-0.36408356147316784,0.12473895153603874,0.4888225130092066,0.38643853459507227,26,equity
2011-04-30,0.0799,0.2729,0.193,0.5341,1,commodity
2011-04-30,-0.4993208046630025,0.05918300695717335,0.5585038116201758,0.3823131808638573,25,equity
2011-05-01,0.73,0.7386,0.0086,0.2528,1,commodity
2011-05-01,-0.3301685213937981,0.14979484287672482,0.479963364270523,0.3702417860727239,25,equity
2011-05-02,0.0242,0.2914,0.26715,0.44145,2,commodity
2011-05-02,-0.2815350854769349,0.04851543333381415,0.33005051881074904,0.6214340487122536,25,equity
2011-05-03,-0.5178041390071695,0.05581189695602426,0.5736160359631938,0.370572052967663,26,equity
2011-05-04,-0.1906,0.09585,0.28645,0.61765,2,commodity
2011-05-04,-0.1765029069322806,0.11444461761185756,0.2909475245441382,0.5946078556947983,26,equity
2011-05-05,0.25367500000000004,0.39354999999999996,0.13985,0.4666,4,commodity
2011-05-05,-0.4766521891105018,0.07156317845360892,0.5482153675641108,0.38022145301513766,26,equity
2011-05-06,-0.6129,0.0256,0.6384,0.336,1,commodity
2011-05-06,-0.4326569627468976,0.05228659206141646,0.484943554808314,0.4627698509452435,26,equity
2011-05-07,-0.40482135098427535,0.10989528734236956,0.5147166383266449,0.37538806900382043,25,equity
2011-05-08,0.4463,0.477,0.0307,0.4923,1,commodity
2011-05-08,-0.3016612783074379,0.16120056252926587,0.4628618408367038,0.3759375946968794,25,equity
2011-05-09,0.6198,0.6473,0.0275,0.3252,1,commodity
2011-05-09,-0.3831320860279867,0.13277880374628764,0.5159108897742744,0.35131030801970226,26,equity
2011-05-10,0.0033500000000000196,0.23420000000000002,0.23085,0.53495,2,commodity
2011-05-10,-0.5133003102472196,0.05164514994248748,0.564945460189707,0.38340939724674594,26,equity
2011-05-11,-0.5302666666666667,0.04773333333333333,0.578,0.3743,3,commodity
2011-05-11,-0.4425165110196059,0.1150445041175072,0.5575610151371131,0.32739447250675696,26,equity
2011-05-12,0.020850000000000035,0.321,0.3001,0.3789,2,commodity
2011-05-12,-0.5163380847885631,0.07867550237390858,0.5950135871624718,0.32631090684578967,26,equity
2011-05-13,-0.5504201596889359,0.06018239152259552,0.6106025512115314,0.3292150470213248,26,equity
2011-05-14,0.126,0.2025,0.0765,0.721,1,commodity
2011-05-14,-0.5759836962446571,0.03363852962851524,0.6096222258731723,0.3567392387241125,25,equity
2011-05-15,0.2032,0.4736,0.2704,0.256,1,commodity
2011-05-15,-0.5122970002144576,0.04793557912111282,0.5602325793355704,0.3918318431079388,25,equity
2011-05-16,0.07300000000000001,0.31605,0.24305,0.44095,2,commodity
2011-05-16,-0.4091475264599117,0.09507256660323876,0.5042200930631504,0.4007073404410711,26,equity
2011-05-17,-0.5077,0.03,0.5377,0.4323,1,commodity
2011-05-17,-0.35991383204236627,0.08873713410531099,0.44865096614767724,0.4626119022185986,26,equity
2011-05-18,0.24615,0.41035,0.1642,0.4255,2,commodity
2011-05-18,-0.4706907527377972,0.06455855859586826,0.5352493113336655,0.40019212749141914,26,equity
2011-05-19,0.11049999999999999,0.3931,0.2826,0.32425000000000004,2,commodity
2011-05-19,-0.42237222982713807,0.08494730247184634,0.5073195322989844,0.4077331636530849,26,equity
2011-05-20,0.8592,0.8929,0.0337,0.0734,1,commodity
2011-05-20,-0.4971638447246872,0.06814452941314532,0.5653083741378325,0.36654709895642906,26,equity
2011-05-21,-0.4400259668380022,0.09296406283974648,0.5329900296777487,0.37404589921236037,25,equity
2011-05-22,-0.3535547353327274,0.13279710456728935,0.4863518399000168,0.3808510463684797,25,equity
2011-05-23,0.2937,0.4178,0.1241,0.4581,1,commodity
2011-05-23,-0.44763423008127856,0.06273045519796702,0.5103646852792456,0.42690485801834327,26,equity
2011-05-24,-0.5315542278023293,0.051430202554911375,0.5829844303572407,0.3655853620372139,26,equity
2011-05-25,-0.3221139285283593,0.12743806194227475,0.44955199047063404,0.42300993540825754,26,equity
2011-05-26,-0.49624999999999997,0.0374,0.53365,0.42895,2,commodity
2011-05-26,-0.5024517932190344,0.06467710062861443,0.5671288938476489,0.3681940076729426,26,equity
2011-05-27,-0.5851,0.0212,0.6063,0.3726,1,commodity
2011-05-27,-0.44810531116448915,0.09072348339339861,0.5388287945578878,0.3704477079355946,26,equity
2011-05-28,-0.3491876481473446,0.07496982548385858,0.42415747363120315,0.5008727057278156,25,equity
2011-05-29,-0.35866756219416857,0.11971917133778334,0.4783867335319519,0.40189409971237183,25,equity
2011-05-30,-0.54842525113374,0.04927487079054117,0.5977001219242811,0.35302500054240227,25,equity
2011-05-31,-0.3807,0.0904,0.4711,0.4385,1,commodity
2011-05-31,-0.43076619781697023,0.05800678602491434,0.4887729838418846,0.4532202242945249,26,equity
2011-06-01,-0.03136666666666668,0.2346,0.266,0.4993666666666667,3,commodity
2011-06-01,-0.6377945341384754,0.03777655683314571,0.6755710909716212,0.2866523591085122,26,equity
2011-06-02,-0.21034999999999998,0.11015,0.3205,0.56935,2,commodity
2011-06-02,-0.5202924925475739,0.0425310953376958,0.5628235878852698,0.39464531652629375,26,equity
2011-06-03,-0.6234,0.05405,0.6775,0.26844999999999997,2,commodity
2011-06-03,-0.45909129161960804,0.06744393871094172,0.5265352303305497,0.4060208280212604,26,equity
2011-06-04,-0.37621535688638685,0.1044586556404829,0.48067401252686975,0.4148673465847969,25,equity
2011-06-05,0.2842,0.3533,0.0691,0.5777,1,commodity
2011-06-05,-0.21639368288218974,0.15325220119208097,0.36964588407427074,0.47710190698504445,25,equity
2011-06-06,-0.5972,0.0189,0.6162,0.3649,1,commodity
2011-06-06,-0.4932271889769114,0.08049709579119316,0.5737242847681046,0.3457786109871589,26,equity
2011-06-07,-0.0828,0.2690666666666666,0.3518333333333333,0.3791,3,commodity
2011-06-07,-0.338921409422675,0.14736822347801465,0.48628963290068966,0.3663421453764805,26,equity
2011-06-08,0.0153,0.0687,0.0534,0.878,1,commodity
2011-06-08,-0.4066267447689405,0.10037081291039403,0.5069975576793345,0.3926316357146089,26,equity
2011-06-09,0.5129,0.5753,0.0624,0.3624,1,commodity
2011-06-09,-0.4528963783970819,0.09850324708251999,0.5513996254796019,0.3500971388644897,26,equity
2011-06-10,-0.34085,0.1283,0.46914999999999996,0.40254999999999996,2,commodity
2011-06-10,-0.40256348001555753,0.07536786472281584,0.4779313447383734,0.4467007863120391,26,equity
2011-06-11,-0.4679625591263175,0.0979851807281375,0.565947739854455,0.3360670919716358,25,equity
2011-06-12,-0.39658973950892684,0.06840688541531563,0.4649966249242425,0.4665964913368225,25,equity
2011-06-13,-0.5195500000000001,0.03505,0.5547,0.41025,2,commodity
2011-06-13,-0.5424128767962639,0.07205893353630717,0.614471810332571,0.31346925921165025,26,equity
2011-06-14,-0.4411194585263729,0.08951717264090593,0.5306366311672789,0.37984619132028175,26,equity
2011-06-15,-0.33743333977718765,0.07174509161939988,0.40917843139658755,0.5190764757303091,26,equity
2011-06-16,-0.3420991681946012,0.09479899417895538,0.43689816237355655,0.4683028355670663,26,equity
2011-06-17,0.18839999999999998,0.35458,0.16618,0.47922000000000003,5,commodity
2011-06-17,-0.43299725730545247,0.05728347463390002,0.49028073193935245,0.4524357926387053,26,equity
2011-06-18,-0.41187005437910557,0.08958240434527397,0.5014524587243795,0.4089651341736317,25,equity
2011-06-19,0.4436,0.4826,0.039,0.4783,1,commodity
2011-06-19,-0.4681277319788933,0.11953590761870146,0.5876636395975947,0.29280044861137866,25,equity
2011-06-20,-0.4592129563411268,0.05769796443816561,0.5169109207792923,0.42539110593497753,26,equity
2011-06-21,0.4971,0.5418000000000001,0.044700000000000004,0.41355,2,commodity
2011-06-21,-0.37747135339304805,0.0889322987685983,0.46640365216164636,0.4446640551949923,26,equity
2011-06-22,0.5591,0.5809666666666667,0.021866666666666663,0.39713333333333334,3,commodity
2011-06-22,-0.40387896351516245,0.10683793909847736,0.5107169026136398,0.382445168197155,25,equity
2011-06-23,-0.4084793354312961,0.08482120315042826,0.49330053858172435,0.4218782778256215,26,equity
2011-06-24,-0.3967,0.08827499999999999,0.48497499999999993,0.42672499999999997,4,commodity
2011-06-24,-0.2834727535239206,0.1393553870371901,0.4228281405611107,0.43781647372704285,26,equity
2011-06-25,-0.21076368518173694,0.15285884104669095,0.3636225262284279,0.483518630862236,25,equity
2011-06-26,-0.3201938895881176,0.13840327657759188,0.4585971661657095,0.4029995585978031,25,equity
2011-06-27,-0.48872,0.09844,0.5871799999999999,0.31436000000000003,5,commodity
2011-06-27,-0.28248625295236707,0.14365737989115027,0.42614363284351736,0.4301989928174477,26,equity
2011-06-28,0.4888,0.5351,0.0463,0.4186,1,commodity
2011-06-28,-0.40168698282482534,0.09259226499125361,0.49427924781607896,0.4131284854733027,26,equity
2011-06-29,0.2864,0.3039,0.0176,0.6785,1,commodity
2011-06-29,-0.46011425590572447,0.059415230384239785,0.5195294862899643,0.4210552733678084,26,equity
2011-06-30,-0.3156,0.0975,0.4131,0.4893,1,commodity
2011-06-30,-0.30468914876333797,0.11536935011211497,0.42005849887545293,0.46457215985999656,26,equity
2011-07-01,-0.16059999999999997,0.2654666666666667,0.42606666666666665,0.3084,3,commodity
2011-07-01,-0.20678485220728013,0.1515468700000873,0.3583317222073674,0.4901213960435528,26,equity
2011-07-02,-0.5795692592859268,0.04841331355273724,0.6279825728386641,0.3236041101068258,25,equity
2011-07-03,-0.390671721547842,0.051233049370348456,0.44190477091819047,0.5068621888756752,25,equity
2011-07-04,0.066,0.085,0.019,0.896,1,commodity
2011-07-04,-0.14978942766785622,0.10087466537952423,0.25066409304738047,0.6484612432122231,25,equity
2011-07-05,0.4681,0.5045,0.0364,0.459,1,commodity
2011-07-05,-0.5434212640930827,0.04288984784999719,0.5863111119430798,0.37079905288723797,26,equity
2011-07-06,0.49415,0.5677000000000001,0.07355,0.35875,2,commodity
2011-07-06,-0.3772925165338585,0.09116351497001372,0.4684560315038722,0.44038046008119214,26,equity
2011-07-07,-0.4003,0.04185,0.44215000000000004,0.516,2,commodity
2011-07-07,-0.24643065953373916,0.0993219036338712,0.3457525631676103,0.5549255450549713,26,equity
2011-07-08,-0.37503662719749487,0.0700594878468949,0.4450961150443898,0.4848444009056458,26,equity
2011-07-09,0.5068,0.5342,0.0274,0.4384,1,commodity
2011-07-09,-0.5165989074483514,0.052659412138164045,0.5692583195865154,0.378082260787487,25,equity
2011-07-10,-0.24884310629218817,0.09780175756663084,0.346644863858819,0.5555533689260482,25,equity
2011-07-11,-0.6310230033973662,0.030253323260694742,0.6612763266580609,0.3084703370785484,26,equity
2011-07-12,-0.4992,0.0364,0.5356,0.4281,1,commodity
2011-07-12,-0.4756586424863109,0.04756819972625145,0.5232268422125623,0.4292049494643624,26,equity
2011-07-13,0.2630333333333333,0.44270000000000004,0.17973333333333333,0.37756666666666666,3,commodity
2011-07-13,-0.5091582661709533,0.07469402378998123,0.5838522899609345,0.34145368735950726,26,equity
2011-07-14,0.6053999999999999,0.6665,0.06104999999999999,0.2725,2,commodity
2011-07-14,-0.3510760126921993,0.1006167963003883,0.4516928089925876,0.4476903982173938,26,equity
2011-07-15,-0.1315,0.054,0.1855,0.7606,1,commodity
2011-07-15,-0.31368698401806444,0.10942634302549638,0.42311332704356086,0.46746032419972694,26,equity
2011-07-16,-0.37090399261564017,0.10551323100924492,0.4764172236248851,0.4180695491284132,25,equity
2011-07-17,0.2804,0.4528,0.1724,0.3749,1,commodity
2011-07-17,-0.47564967539316666,0.052966118208132684,0.5286157936012993,0.41841808753088117,24,equity
2011-07-18,0.44849999999999995,0.4902333333333333,0.041733333333333324,0.46799999999999997,3,commodity
2011-07-18,-0.5741999514329319,0.038623296619894415,0.6128232480528263,0.3485534522109307,26,equity
2011-07-19,-0.4352,0.07085,0.506,0.42315,2,commodity
2011-07-19,-0.5193444454254439,0.040447215728748306,0.5597916611541922,0.39976112429912275,26,equity
2011-07-20,0.188,0.25715,0.06925,0.6736,2,commodity
2011-07-20,-0.49219815651527965,0.0604662518733396,0.5526644083886192,0.3868693462931193,26,equity
2011-07-21,-0.09265000000000001,0.2425,0.3352,0.4223,2,commodity
2011-07-21,-0.42307526550184077,0.057833399050510846,0.4809086645523516,0.4612579397284068,26,equity
2011-07-22,-0.009349999999999997,0.26355,0.27290000000000003,0.46355,2,commodity
2011-07-22,-0.5879482689600152,0.029062738319715627,0.6170110072797308,0.35392626396452004,26,equity
2011-07-23,-0.47266452804207804,0.06715433865785599,0.539818866699934,0.3930267889797687,25,equity
2011-07-24,-0.20646490264683962,0.10441306859254837,0.310877971239388,0.5847089552879333,25,equity
2011-07-25,0.12106666666666666,0.3631333333333333,0.24203333333333332,0.3948666666666667,3,commodity
2011-07-25,-0.33790264722819513,0.07280278453030266,0.4107054317584978,0.5164917760456984,26,equity
2011-07-26,0.023599999999999993,0.27463333333333334,0.251,0.47436666666666666,3,commodity
2011-07-26,-0.28921149448993116,0.11846078316179606,0.4076722776517272,0.4738669260763205,26,equity
2011-07-27,0.4882,0.5168,0.0286,0.4546,1,commodity
2011-07-27,-0.20574369775847748,0.18020994774997234,0.3859536455084498,0.43383639162549603,26,equity
2011-07-28,0.18553333333333333,0.4197666666666667,0.2342666666666667,0.34593333333333337,3,commodity
2011-07-28,-0.4682467282534792,0.06181675138381811,0.5300634796372973,0.4081197795099937,26,equity
2011-07-29,0.1838,0.35519999999999996,0.1714,0.4734,3,commodity
2011-07-29,-0.23330705931696755,0.17568990749378616,0.4089969668107537,0.41531312752228516,26,equity
2011-07-30,-0.42273902006447317,0.10934329699724912,0.5320823170617223,0.35857438296079636,25,equity
2011-07-31,0.7022999999999999,0.72705,0.02475,0.24825,2,commodity
2011-07-31,-0.3539101038873196,0.0791701502725482,0.4330802541598678,0.48774958580732347,25,equity
2011-08-01,-0.41495000000000004,0.1078,0.52275,0.36945,2,commodity
2011-08-01,-0.4327236220885355,0.11434241763960856,0.547066039728144,0.33859154388595086,26,equity
2011-08-02,0.0773,0.3117666666666667,0.23446666666666668,0.45376666666666665,3,commodity
2011-08-02,-0.4038603531483274,0.13636576244607568,0.5402261155944031,0.3234081170879878,26,equity
2011-08-03,-0.25766666666666665,0.2118,0.46946666666666664,0.3187333333333333,3,commodity
2011-08-03,-0.38005827399543846,0.08253092644736171,0.46258920044280016,0.4548798775157103,26,equity
2011-08-04,0.08400000000000002,0.2836,0.1996,0.5168333333333334,3,commodity
2011-08-04,-0.46353347825173,0.11181051864360388,0.5753439968953339,0.3128454743956144,26,equity
2011-08-05,0.0555375,0.2715125,0.21596250000000003,0.5125124999999999,8,commodity
2011-08-05,-0.6300052066620153,0.03006026019843725,0.6600654668604525,0.30987426774719584,26,equity
2011-08-06,0.6816,0.7039,0.0223,0.2738,1,commodity
2011-08-06,-0.5098043110966682,0.07792050629854202,0.5877248173952103,0.33435468047857286,25,equity
2011-08-07,-0.1317,0.0768,0.2085,0.7147,1,commodity
2011-08-07,-0.41838465698063376,0.11337628219276667,0.5317609391734004,0.3548627732694149,25,equity
2011-08-08,0.06643749999999998,0.2926625,0.2262,0.481125,8,commodity
2011-08-08,-0.4434791235253215,0.07921447619222678,0.5226935997175483,0.3980919203649347,26,equity
2011-08-09,0.167375,0.30735,0.13997500000000002,0.55265,4,commodity
2011-08-09,-0.4342089735616285,0.08195865680821814,0.5161676303698466,0.40187370777130127,26,equity
2011-08-10,0.5409,0.5801,0.0392,0.3807,1,commodity
2011-08-10,-0.5082878639491705,0.04652572401727621,0.5548135879664466,0.39866068672675353,26,equity
2011-08-11,0.35390000000000005,0.39832500000000004,0.04445,0.5572,4,commodity
2011-08-11,-0.40992701021381295,0.06759225734724449,0.47751926756105745,0.45488847319323283,26,equity
2011-08-12,-0.33615,0.1582,0.49435,0.34745000000000004,2,commodity
2011-08-12,-0.33658129514123386,0.08401923436814776,0.4206005295093816,0.4953802366955922,26,equity
2011-08-13,-0.5573337281122803,0.03865519259124994,0.5959889207035303,0.3653558920323849,25,equity
2011-08-14,-0.335456382073462,0.10081683356314898,0.436273215636611,0.46290995463728907,25,equity
2011-08-15,0.4805,0.5172,0.0367,0.4461,1,commodity
2011-08-15,-0.39278354151890826,0.11784646910830186,0.5106300106272101,0.37152351166766423,26,equity
2011-08-16,0.285625,0.41659999999999997,0.130975,0.45245,4,commodity
2011-08-16,-0.4674875378751984,0.08529283894369236,0.5527803768188908,0.36192678287625313,26,equity
2011-08-17,0.22006666666666666,0.43716666666666665,0.2171,0.3457666666666666,3,commodity
2011-08-17,-0.4592701572423371,0.08479034696490718,0.5440605042072443,0.37114913675647515,26,equity
2011-08-18,0.32866666666666666,0.4044666666666667,0.07583333333333334,0.5197333333333333,3,commodity
2011-08-18,-0.27802382008387494,0.1116229652498777,0.38964678533375263,0.4987302446881166,26,equity
2011-08-19,0.79345,0.813,0.0196,0.1674,2,commodity
2011-08-19,-0.47155269362032415,0.11671415850520134,0.5882668521255254,0.2950189828872681,25,equity
2011-08-20,0.34823333333333334,0.4126,0.0643,0.5230666666666667,3,commodity
2011-08-20,-0.438777274005115,0.07387384217232466,0.5126511161774396,0.41347505450248717,25,equity
2011-08-21,0.3437,0.361,0.0173,0.6218,1,commodity
2011-08-21,-0.30443386744707823,0.10768007684499026,0.4121139442920685,0.48020597830414774,25,equity
2011-08-22,0.4939,0.5483,0.05445,0.3972,2,commodity
2011-08-22,-0.27899565583524794,0.06735113872071871,0.3463467945559667,0.5863020626398233,26,equity
2011-08-23,-0.3362,0.14513333333333334,0.4814,0.37346666666666667,3,commodity
2011-08-23,-0.29976004956719965,0.09705547254102734,0.396815522108227,0.506129020681748,26,equity
2011-08-24,-0.5405599999999999,0.03864,0.57918,0.38215999999999994,5,commodity
2011-08-24,-0.28618030142612183,0.11112845932634977,0.39730876075247157,0.4915627757660471,26,equity
2011-08-25,-0.28306,0.05449999999999999,0.33758,0.60798,5,commodity
2011-08-25,-0.37785802208460295,0.09286168812272641,0.47071971020732933,0.4364186063981973,26,equity
2011-08-26,0.073425,0.277775,0.204275,0.5179750000000001,4,commodity
2011-08-26,-0.3642818668785577,0.06748625166857472,0.4317681185471324,0.5007456439332321,26,equity
2011-08-27,-0.4503575334697962,0.07342869512736798,0.5237862285971642,0.40278507441282274,25,equity
2011-08-28,-0.5421693384647369,0.056188864707946776,0.5983582031726837,0.34545294210314753,25,equity
2011-08-29,0.1171875,0.2748125,0.157625,0.5675625,8,commodity
2011-08-29,-0.46742247281452787,0.08288432023702906,0.5503067930515569,0.36680888370252573,26,equity
2011-08-30,0.2795166666666667,0.42458333333333337,0.14504999999999998,0.43041666666666667,6,commodity
2011-08-30,-0.395208121671413,0.10340427438943432,0.49861239606084734,0.39798333323918855,26,equity
2011-08-31,0.7202000000000001,0.7446333333333334,0.024433333333333335,0.2309,3,commodity
2011-08-31,-0.49094087476483905,0.06990985052946669,0.5608507252943057,0.3692394212747996,26,equity
2011-09-01,-0.30346176397198665,0.1328938787158292,0.4363556426878159,0.43075049109756947,26,equity
2011-09-02,0.1506333333333333,0.2805166666666667,0.12991666666666665,0.58955,6,commodity
2011-09-02,-0.43415388275081146,0.05695237437836253,0.491106257129174,0.4519413678118816,26,equity
2011-09-03,0.7844,0.8028,0.0184,0.1787,1,commodity
2011-09-03,-0.20965220727026462,0.15199880313128233,0.36165101040154696,0.4863501895964146,25,equity
2011-09-04,-0.34444532308727505,0.08505899284034968,0.4295043159276247,0.485436679199338,25,equity
2011-09-05,0.0605,0.0834,0.0229,0.8937,1,commodity
2011-09-05,-0.31398610431700946,0.11153850987553597,0.4255246141925454,0.46293686524033545,25,equity
2011-09-06,0.4316,0.46545000000000003,0.03385,0.500725,4,commodity
2011-09-06,-0.4427972758690325,0.12306759037220708,0.5658648662412396,0.311067545428299,26,equity
2011-09-07,-0.11189999999999999,0.12985,0.241775,0.628375,4,commodity
2011-09-07,-0.45073766727000475,0.09605219304704896,0.5467898603170537,0.3571579380390736,26,equity
2011-09-08,0.410725,0.5018,0.09105,0.40715,4,commodity
2011-09-08,-0.37476710393093526,0.13609710853331938,0.5108642124642546,0.3530386859694353,26,equity
2011-09-09,-0.3437684255365569,0.14241675867770726,0.48618518421426415,0.3713980479022631,26,equity
2011-09-10,-0.3542711630091071,0.10226054914295674,0.45653171215206384,0.44120774269104,25,equity
2011-09-11,-0.4578808793053031,0.07856167677789927,0.5364425560832023,0.38499579206109047,25,equity
2011-09-12,-0.04206666666666666,0.2352,0.27726666666666666,0.48756666666666665,3,commodity
2011-09-12,-0.3983520444196004,0.07466196419241336,0.47301400861201376,0.45232403077758276,26,equity
2011-09-13,0.03225,0.29165,0.2594,0.44905,2,commodity
2011-09-13,-0.3919423736202029,0.08644034462766005,0.47838271824786294,0.4351769470824645,26,equity
2011-09-14,-0.5362,0.0212,0.5573,0.4215,1,commodity
2011-09-14,-0.5749122667341278,0.06663983501493931,0.6415521017490671,0.2918080587943013,26,equity
2011-09-15,-0.7294,0.013966666666666669,0.7433666666666667,0.24266666666666667,3,commodity
2011-09-15,-0.35267993832866734,0.11528772549130596,0.4679676638199733,0.41674460964993787,26,equity
2011-09-16,-0.4332,0.0669,0.5002,0.4329,1,commodity
2011-09-16,-0.49111988241426074,0.07722222357271956,0.5683421059869803,0.3544356685418349,26,equity
2011-09-17,-0.45347778268158434,0.07733838856220246,0.5308161712437868,0.39184544526040554,25,equity
2011-09-18,-0.33684295397251846,0.1250503583624959,0.46189331233501435,0.4130563344061375,25,equity
2011-09-19,-0.22736250000000005,0.1918125,0.41915,0.389025,8,commodity
2011-09-19,-0.2982744074140031,0.17048348121058482,0.4687578886245879,0.36075862926932484,26,equity
2011-09-20,-0.46273978265862054,0.06872257199854805,0.5314623546571686,0.3998150732368231,26,equity
2011-09-21,0.534,0.5537,0.0198,0.4265,1,commodity
2011-09-21,-0.4451253037684812,0.1204434736058689,0.5655687773743501,0.31398774325274503,26,equity
2011-09-22,-0.42196,0.06408,0.48604,0.44986,5,commodity
2011-09-22,-0.39327157245805633,0.12071775931578416,0.5139893317738404,0.3652929182952413,26,equity
2011-09-23,-0.5690500000000001,0.048075,0.6171249999999999,0.334825,4,commodity
2011-09-23,-0.3678924020809623,0.0863256576614311,0.4542180597423934,0.45945627643511844,26,equity
2011-09-24,-0.1327620480209589,0.14227413289248944,0.27503618091344834,0.5826896914839744,25,equity
2011-09-25,-0.2224911591038108,0.16441516909748316,0.38690632820129395,0.4486784890294075,25,equity
2011-09-26,-0.38782500000000003,0.061974999999999995,0.449775,0.48827499999999996,4,commodity
2011-09-26,-0.3298113265504631,0.08387573693807308,0.4136870634885362,0.5024372005405334,26,equity
2011-09-27,0.0060599999999999985,0.31978,0.31374,0.36645999999999995,5,commodity
2011-09-27,-0.4149675151834694,0.09205026724017583,0.5070177824236453,0.400931964126917,26,equity
2011-09-28,-0.3491666666666666,0.043433333333333345,0.39263333333333333,0.5639333333333333,3,commodity
2011-09-28,-0.32165564453372586,0.12272739861733638,0.44438304315106225,0.43288955522271305,26,equity
2011-09-29,0.0148,0.0453,0.0305,0.9242,1,commodity
2011-09-29,-0.3990476669098895,0.07434560107783629,0.47339326798772585,0.45226112767480886,26,equity
2011-09-30,0.18355000000000002,0.33795,0.1544,0.5075999999999999,2,commodity
2011-09-30,-0.3016018606722355,0.13839057066406196,0.43999243133629745,0.42161699642355627,26,equity
2011-10-01,-0.42416043594479563,0.08353496715426445,0.50769540309906,0.4087696315348148,25,equity
2011-10-02,-0.489955585077405,0.06621723525226116,0.5561728203296661,0.37760994225740435,25,equity
2011-10-03,0.15546,0.41786,0.2624,0.31976,5,commodity
2011-10-03,-0.1474033373594284,0.1895912339538336,0.336994571313262,0.4734142030775547,25,equity
2011-10-04,0.06333333333333331,0.22573333333333334,0.16240000000000002,0.6118333333333333,3,commodity
2011-10-04,-0.40188147009422,0.10195188994447772,0.5038333600386977,0.3942147312829128,26,equity
2011-10-05,0.09728,0.29104,0.19378,0.5151600000000001,5,commodity
2011-10-05,-0.37182439365782416,0.1116829880584891,0.48350738171631324,0.4048096157180575,26,equity
2011-10-06,0.2364,0.4049,0.1684,0.4267,1,commodity
2011-10-06,-0.35703557518382484,0.11820118960279685,0.4752367647866217,0.40656203941370433,26,equity
2011-10-07,0.2682333333333333,0.3108,0.04255,0.6466500000000001,6,commodity
2011-10-07,-0.2853005687849453,0.116400074858505,0.40170064364345026,0.48189926892518997,26,equity
2011-10-08,-0.7099,0.022,0.7319,0.2461,1,commodity
2011-10-08,-0.4071203649044037,0.10274979759007692,0.5098701624944806,0.3873800466954708,25,equity
2011-10-09,0.46125,0.4765,0.0152,0.5083,2,commodity
2011-10-09,-0.4480839823186398,0.06495840433984995,0.5130423866584897,0.4219992150366306,25,equity
2011-10-10,0.3746444444444444,0.4511666666666667,0.07652222222222221,0.4723111111111111,9,commodity
2011-10-10,-0.6344934258636548,0.048903147972636396,0.6833965738362912,0.26770028531927215,26,equity
2011-10-11,0.19659,0.38885,0.19227,0.41884999999999994,10,commodity
2011-10-11,-0.3563522130179291,0.13152696382111081,0.48787917683903986,0.3805938519250888,26,equity
2011-10-12,0.3852083333333333,0.44269166666666665,0.057475,0.4998416666666666,12,commodity
2011-10-12,-0.41067042448916113,0.10123803459394437,0.5119084590831056,0.3868535007708348,26,equity
2011-10-13,-0.4075666666666667,0.12523333333333334,0.5327999999999999,0.342,6,commodity
2011-10-13,-0.47186338471678585,0.09864961506369022,0.5705129997804761,0.3308373921049329,26,equity
2011-10-14,0.28091999999999995,0.43316,0.15222000000000002,0.41461000000000003,10,commodity
2011-10-14,-0.4746448562050668,0.0767819112381683,0.5514267674432352,0.37179130853082126,26,equity
2011-10-15,0.33864999999999995,0.48365,0.145,0.3714,2,commodity
2011-10-15,-0.3992920276522636,0.10865257982164621,0.5079446074739099,0.3834028100967407,25,equity
2011-10-16,0.4902,0.5105,0.0203,0.4692,1,commodity
2011-10-16,-0.3453002629056573,0.09749906767159701,0.4427993305772543,0.45970159932971,25,equity
2011-10-17,-0.09678333333333333,0.2537,0.35046666666666665,0.3958333333333333,6,commodity
2011-10-17,-0.5709503604672276,0.051188232735372506,0.6221385932026001,0.3266731845931365,26,equity
2011-10-18,-0.21257142857142858,0.11437142857142857,0.3269285714285714,0.5586857142857143,7,commodity
2011-10-18,-0.4085109458448222,0.09135345333757308,0.4998643991823953,0.4087821455815664,26,equity
2011-10-19,-0.17021666666666668,0.17411666666666667,0.3443333333333333,0.48153333333333337,6,commodity
2011-10-19,-0.36637967993290377,0.11509287106589629,0.4814725509988001,0.4034345823411758,26,equity
2011-10-20,-0.3331,0.09539090909090908,0.4285,0.4761181818181818,11,commodity
2011-10-20,-0.3656114108072451,0.07416111793225774,0.4397725287395028,0.4860663623190843,26,equity
2011-10-21,0.5519888888888889,0.5984222222222222,0.04643333333333333,0.35513333333333336,9,commodity
2011-10-21,-0.3360252120675376,0.12440655226461016,0.4604317643321477,0.41516166724837744,26,equity
2011-10-22,0.543525,0.6056499999999999,0.062075,0.33230000000000004,4,commodity
2011-10-22,-0.3453472760878503,0.07707431508228182,0.42242159117013217,0.5005041130632162,25,equity
2011-10-23,-0.3640365523363774,0.1490566428983584,0.5130931952347358,0.33785015212682384,24,equity
2011-10-24,0.3597357142857143,0.39954285714285714,0.03982857142857143,0.56065,14,commodity
2011-10-24,-0.19929274250395024,0.19599163589569238,0.3952843783996426,0.40872397588995785,26,equity
2011-10-25,0.4864,0.5029,0.016499999999999997,0.4805333333333333,3,commodity
2011-10-25,-0.4029651205413617,0.10172080979324304,0.5046859303346047,0.393593269185378,26,equity
2011-10-26,0.43850000000000006,0.5101,0.0716,0.41830000000000006,3,commodity
2011-10-26,-0.38770400181126136,0.0773457414470613,0.46504974325832266,0.4576045082738766,26,equity
2011-10-27,-0.35046666666666665,0.11953333333333334,0.4699666666666667,0.41050000000000003,3,commodity
2011-10-27,-0.23301279551994342,0.199983524158597,0.4329963196785404,0.36702015007344574,26,equity
2011-10-28,0.07006,0.2387,0.16865000000000002,0.59267,10,commodity
2011-10-28,-0.5002626033428197,0.09496717423630449,0.5952297775791242,0.30980304005340886,26,equity
2011-10-29,-0.22405000000000003,0.248,0.47204999999999997,0.27995000000000003,2,commodity
2011-10-29,-0.4703522048518062,0.07166123483330011,0.5420134396851063,0.38632532089948657,25,equity
2011-10-30,-0.3836640117689967,0.10393171954900027,0.487595731317997,0.4084725508093834,25,equity
2011-10-31,-0.24087142857142857,0.1452,0.38608571428571425,0.4687142857142857,7,commodity
2011-10-31,-0.32240016805008054,0.08085663982022268,0.4032568078703032,0.5158865486200039,26,equity
2011-11-01,-0.11261249999999998,0.256275,0.3689,0.3748,8,commodity
2011-11-01,-0.3788659301084968,0.10305268299550964,0.4819186131040064,0.41502870253932017,26,equity
2011-11-02,0.3307,0.40847999999999995,0.07778,0.51372,5,commodity
2011-11-02,-0.3445522876886221,0.11394043610646175,0.4584927237950839,0.4275668485519978,26,equity
2011-11-03,0.1583,0.274925,0.116625,0.60845,4,commodity
2011-11-03,-0.4142933580666207,0.14287975846001735,0.557173116526638,0.2999471211089538,26,equity
2011-11-04,0.09663999999999998,0.34078,0.24416000000000002,0.41508,5,commodity
2011-11-04,-0.3433301453120433,0.09966515155079272,0.44299529686283606,0.45733955681610566,26,equity
2011-11-05,-0.5887333333333333,0.0329,0.6216333333333334,0.3454,3,commodity
2011-11-05,-0.44735909920185807,0.09362958800047635,0.5409886872023344,0.36538172654807566,25,equity
2011-11-06,0.08149999999999999,0.11410000000000001,0.0326,0.85335,2,commodity
2011-11-06,-0.3292511704005301,0.14640083570033313,0.4756520061008632,0.37794716507196424,25,equity
2011-11-07,0.6185666666666667,0.6566333333333333,0.038066666666666665,0.30529999999999996,3,commodity
2011-11-07,-0.3179202791518317,0.14184775905540356,0.4597680382072352,0.39838420098217636,26,equity
2011-11-08,0.2951,0.41161666666666674,0.11651666666666664,0.47186666666666666,6,commodity
2011-11-08,-0.42779265691597873,0.07772903190925717,0.505521688825236,0.4167492756476769,26,equity
2011-11-09,-0.01566666666666668,0.30358333333333337,0.31925,0.37715000000000004,6,commodity
2011-11-09,-0.48382390747204995,0.08856260104892918,0.5723865085209792,0.33905089954630685,26,equity
2011-11-10,-0.7716,0.018,0.7895,0.1925,1,commodity
2011-11-10,-0.4193255199979131,0.050445013464643404,0.4697705334625565,0.47978445070867354,26,equity
2011-11-11,0.18736000000000003,0.27798,0.09062,0.6314,5,commodity
2011-11-11,-0.4887632937886967,0.07058201189367817,0.5593453056823748,0.37007268016728073,26,equity
2011-11-12,0.8693,0.8827,0.0134,0.1039,1,commodity
2011-11-12,-0.40978640522807835,0.11944898180663585,0.5292353870347142,0.3513156399130821,25,equity
2011-11-13,0.6544,0.6766,0.0222,0.3013,1,commodity
2011-11-13,-0.43275949988514184,0.08884452331811189,0.5216040232032537,0.3895514467358589,25,equity
2011-11-14,-0.06290000000000001,0.20692500000000003,0.269825,0.52325,8,commodity
2011-11-14,-0.47887601334458363,0.05506351715526902,0.5339395304998527,0.41099694614800125,26,equity
2011-11-15,0.09297142857142858,0.3174142857142857,0.2244285714285714,0.45817142857142856,7,commodity
2011-11-15,-0.3086267846564834,0.09817512440853395,0.40680190906501734,0.49502296917713606,26,equity
2011-11-16,-0.07805,0.25894999999999996,0.33694999999999997,0.40412499999999996,4,commodity
2011-11-16,-0.5470125919673592,0.06660741658952947,0.6136200085568887,0.31977257189842373,26,equity
2011-11-17,-0.34397777777777777,0.1102111111111111,0.45422222222222225,0.43554444444444446,9,commodity
2011-11-17,-0.46790259327882755,0.07176023187975471,0.5396628251585823,0.38857694457356745,26,equity
2011-11-18,-0.014314285714285724,0.32027142857142854,0.3346,0.3451428571428572,7,commodity
2011-11-18,-0.2434963587170037,0.10432006443779056,0.3478164231547943,0.5478634966107515,26,equity
2011-11-19,0.692,0.7189,0.0268,0.2543,1,commodity
2011-11-19,-0.3774711200967431,0.090018959492445,0.4674900795891881,0.44249095499515534,25,equity
2011-11-20,-0.44421158857643606,0.04923663385212421,0.49344822242856023,0.457315151616931,25,equity
2011-11-21,0.10716666666666667,0.28068333333333334,0.17348333333333332,0.5458500000000001,6,commodity
2011-11-21,-0.5604867988731712,0.06096588592761411,0.6214526848007853,0.31758144361755025,26,equity
2011-11-22,0.108925,0.3541875,0.24522500000000003,0.40057499999999996,8,commodity
2011-11-22,-0.5226439147327955,0.0646954859392001,0.5873394006719956,0.34796511912002015,26,equity
2011-11-23,-0.3352714285714286,0.07184285714285714,0.40708571428571433,0.5210714285714285,7,commodity
2011-11-23,-0.38344773535545057,0.10652896898010603,0.48997670433555657,0.403494318230794,26,equity
2011-11-24,-0.16208333333333333,0.1567333333333333,0.31880000000000003,0.5244666666666666,6,commodity
2011-11-24,-0.46695690117000294,0.054755496132808425,0.5217123973028114,0.4235321090867122,24,equity
2011-11-25,-0.21053333333333335,0.06325555555555556,0.2737888888888889,0.6629666666666666,9,commodity
2011-11-25,-0.4966693435294124,0.05509734866567529,0.5517666921950877,0.3931359632943685,26,equity
2011-11-26,0.2437,0.4021,0.1584,0.4395,1,commodity
2011-11-26,-0.5095112841017544,0.09812109604477882,0.6076323801465332,0.2942465192824602,25,equity
2011-11-27,-0.4944950529560447,0.09703577831387519,0.5915308312699199,0.31143339827656746,25,equity
2011-11-28,0.37577777777777777,0.41279999999999994,0.03704444444444444,0.5501555555555555,9,commodity
2011-11-28,-0.3526657120539592,0.1138721011722317,0.4665378132261909,0.41959008030020273,26,equity
2011-11-29,-0.09279999999999998,0.2108625,0.3036375,0.485475,8,commodity
2011-11-29,-0.47890455895461714,0.05275478837295221,0.5316593473275694,0.41558586648450446,26,equity
2011-11-30,0.33992857142857147,0.3942857142857143,0.05435714285714286,0.5513428571428571,7,commodity
2011-11-30,-0.4380148817211963,0.13826988984902316,0.5762847715702194,0.28544533696885294,26,equity
2011-12-01,0.294675,0.38222500000000004,0.087575,0.5301875,8,commodity
2011-12-01,-0.42595714470371604,0.10162381200979535,0.5275809567135114,0.37079522282314986,26,equity
2011-12-02,0.2251,0.3500375,0.12495,0.5250250000000001,8,commodity
2011-12-02,-0.5049371138000145,0.07091860720314659,0.5758557210031611,0.3532256701101477,26,equity
2011-12-03,-0.658,0.02425,0.6823,0.29345,2,commodity
2011-12-03,-0.31681292321688187,0.07524841026558231,0.39206133348246414,0.5326902459686002,24,equity
2011-12-04,-0.472231855802238,0.08769221786409616,0.5599240736663341,0.35238371305167676,25,equity
2011-12-05,-0.10314999999999999,0.18305,0.2862,0.5307999999999999,2,commodity
2011-12-05,-0.4935955007632191,0.07528978618434988,0.568885286947569,0.35582492199654764,26,equity
2011-12-06,-0.47903333333333337,0.044199999999999996,0.5232333333333333,0.4325666666666666,3,commodity
2011-12-06,-0.3730347277596593,0.12954519502818584,0.5025799227878451,0.3678748740886266,26,equity
2011-12-07,0.4815199999999999,0.5098,0.028300000000000002,0.4619,5,commodity
2011-12-07,-0.43175535158325845,0.11119795862871867,0.5429533102119771,0.34584874387543935,26,equity
2011-12-08,0.31805,0.36082499999999995,0.04275,0.596425,4,commodity
2011-12-08,-0.3597141601718389,0.0954820726138468,0.4551962327856857,0.44932169717951465,26,equity
2011-12-09,-0.3857884924285687,0.10778139807427159,0.4935698905028403,0.3986486964500867,26,equity
2011-12-10,-0.38543234933167697,0.08250435151159763,0.4679367008432746,0.44955896228551867,25,equity
2011-12-11,-0.328,0.1118,0.4398,0.4484,1,commodity
2011-12-11,-0.5041786303821331,0.038687695671493806,0.5428663260536268,0.4184459826598565,24,equity
2011-12-12,-0.2520161578073524,0.1375156041378012,0.38953176194515365,0.4729526409736046,26,equity
2011-12-13,-0.10439999999999999,0.1973,0.301675,0.50105,4,commodity
2011-12-13,-0.3369343333447782,0.13684459435395324,0.4737789276987314,0.3893764791293786,26,equity
2011-12-14,-0.19625000000000004,0.16033333333333333,0.35660000000000003,0.4830666666666667,6,commodity
2011-12-14,-0.5248384742925947,0.07638141215563966,0.6012198864482343,0.3223987045482947,26,equity
2011-12-15,-0.51665,0.0902,0.6069,0.3029,2,commodity
2011-12-15,-0.5930013583185008,0.04535496904729651,0.6383563273657973,0.3162887106434657,26,equity
2011-12-16,-0.03585000000000001,0.14884999999999998,0.1847,0.66645,2,commodity
2011-12-16,-0.34845913244554627,0.12517827262098974,0.473637405066536,0.4011843197334271,26,equity
2011-12-17,0.8325,0.8403,0.0078,0.1519,1,commodity
2011-12-17,-0.4359260008484125,0.059629215002059935,0.49555521585047246,0.4448155650496483,25,equity
2011-12-18,-0.5834624399244785,0.06708408996462822,0.6505465298891068,0.2823693719506264,25,equity
2011-12-19,-0.23228,0.15941999999999998,0.39168000000000003,0.44892000000000004,5,commodity
2011-12-19,-0.5123484278312669,0.04695260098490577,0.5593010288161727,0.393746364575166,26,equity
2011-12-20,0.35226,0.46491999999999994,0.11263999999999999,0.4224399999999999,5,commodity
2011-12-20,-0.42261929741988963,0.06373121284951384,0.48635051026940346,0.44991827469605666,26,equity
2011-12-21,0.015099999999999983,0.3493333333333333,0.3342333333333333,0.3164666666666667,3,commodity
2011-12-21,-0.4153505378904251,0.09138642161941299,0.5067369595098381,0.4018766093426026,26,equity
2011-12-22,-0.058325,0.110375,0.16867500000000002,0.72095,4,commodity
2011-12-22,-0.4224093684281867,0.07817151658953382,0.5005808850177206,0.4212475907630645,26,equity
2011-12-23,0.5028,0.5256000000000001,0.0228,0.45165,2,commodity
2011-12-23,-0.33513976250273675,0.13010042572680575,0.4652401882295425,0.4046593846466679,26,equity
2011-12-24,-0.3787192412930298,0.09880738981164842,0.4775266311046782,0.42366597144682827,25,equity
2011-12-25,-0.310940177552402,0.10140212554484605,0.41234230309724806,0.4862555853277445,25,equity
2011-12-26,-0.30695,0.0478,0.35475,0.5974999999999999,2,commodity
2011-12-26,-0.3246908489987254,0.16888823229819536,0.4935790812969208,0.33753268606960773,25,equity
2011-12-27,-0.269475,0.052,0.321475,0.626525,4,commodity
2011-12-27,-0.48969248596292275,0.051807374585993014,0.5414998605489157,0.4066927617845627,26,equity
2011-12-28,-0.33680000000000004,0.14915,0.485925,0.36492499999999994,4,commodity
2011-12-28,-0.43235607212409377,0.11890815302299765,0.5512642251470914,0.3298276202180065,26,equity
2011-12-29,-0.09393333333333331,0.2769333333333333,0.37083333333333335,0.3522666666666667,3,commodity
2011-12-29,-0.237864540818219,0.1737000888141875,0.41156462963240653,0.41473528255636877,26,equity
2011-12-30,0.1461,0.29805000000000004,0.15195,0.55,4,commodity
2011-12-30,-0.3040171669294628,0.1583502795547247,0.4623674464841875,0.37928226876717347,26,equity
2011-12-31,-0.060750000000000026,0.37839999999999996,0.43915,0.1824,2,commodity
2011-12-31,-0.32883685134351254,0.13714042514562608,0.4659772764891386,0.3968822912871838,25,equity
2012-01-01,-0.3856979516521096,0.090766615383327,0.4764645670354366,0.4327688163518906,25,equity
2012-01-02,0.2056,0.22335,0.017750000000000002,0.7589,2,commodity
2012-01-02,-0.4805037213489413,0.048634597696363926,0.5291383190453053,0.4222270879149437,25,equity
2012-01-03,0.5307666666666666,0.6004333333333334,0.0697,0.3298666666666667,3,commodity
2012-01-03,-0.4681391755405527,0.09726178689071766,0.5654009624312704,0.33733724466023535,26,equity
2012-01-04,0.3398285714285714,0.40517142857142857,0.06532857142857143,0.5295285714285715,7,commodity
2012-01-04,-0.5450159366278408,0.06718892290686759,0.6122048595347084,0.3206062199404606,26,equity
2012-01-05,-0.16256666666666666,0.0487,0.21133333333333335,0.7399666666666667,3,commodity
2012-01-05,-0.5057690891867074,0.06779938277143699,0.5735684719581443,0.3586321582014744,26,equity
2012-01-06,0.11604999999999999,0.35495000000000004,0.2389,0.4061,2,commodity
2012-01-06,-0.49671835660074765,0.09857488011654753,0.5952932367172952,0.3061318717037256,26,equity
2012-01-07,-0.4262653834372759,0.05739211026579141,0.4836574937030673,0.45895040296018125,25,equity
2012-01-08,-0.6563,0.0204,0.6767,0.3029,1,commodity
2012-01-08,-0.27729761650520524,0.17443636863966427,0.45173398514486945,0.3738296459919488,25,equity
2012-01-09,-0.44395452732435214,0.055937077617272735,0.4998916049416249,0.44417130366827434,26,equity
2012-01-10,-0.7325,0.0221,0.7546,0.2233,1,commodity
2012-01-10,-0.5702177374981917,0.03713850078817744,0.6073562382863691,0.35550526006577104,26,equity
2012-01-11,0.5870666666666667,0.6224666666666666,0.035366666666666664,0.3421666666666667,3,commodity
2012-01-11,-0.588345153687092,0.07104202800501998,0.659387181692112,0.26957078091800213,26,equity
2012-01-12,-0.539856645027892,0.09869049629196525,0.6385471413198572,0.26276237051934004,26,equity
2012-01-13,-0.5763,0.0351,0.6113999999999999,0.35355,2,commodity
2012-01-13,-0.33470919731861126,0.14887912736202663,0.48358832468063784,0.36753255350945085,26,equity
2012-01-14,0.0382,0.33,0.2918,0.3782,1,commodity
2012-01-14,-0.5698638314008713,0.05675205454230309,0.6266158859431744,0.31663205690681934,25,equity
2012-01-15,-0.4255923178792,0.09449653930962086,0.5200888571888208,0.38541461423039436,25,equity
2012-01-16,0.15376666666666666,0.19896666666666665,0.04516666666666667,0.7559,3,commodity
2012-01-16,-0.5469497262313961,0.059734703339636326,0.6066844295710325,0.33358087107539175,25,equity
2012-01-17,0.1730333333333333,0.3002666666666667,0.12723333333333334,0.57255,6,commodity
2012-01-17,-0.29325401317328215,0.11801100962866957,0.4112650228019517,0.47072396692461693,26,equity
2012-01-18,0.35662499999999997,0.481375,0.12477500000000001,0.393825,4,commodity
2012-01-18,-0.5444926127003362,0.10935415180686575,0.653846764507202,0.236799082503869,26,equity
2012-01-19,-0.21348333333333333,0.15806666666666666,0.37153333333333327,0.4703833333333334,6,commodity
2012-01-19,-0.41290698386728764,0.0919701075181365,0.5048770913854241,0.40315280646945423,26,equity
2012-01-20,0.22671999999999998,0.42968,0.20293999999999998,0.36738,5,commodity
2012-01-20,-0.45032681449531364,0.06604452692688657,0.5163713414222002,0.4175841292509666,26,equity
2012-01-21,-0.38656327974051236,0.055830582715570926,0.4423938624560833,0.5017755473405123,25,equity
2012-01-22,-0.41237529810518025,0.09897533386945724,0.5113506319746375,0.3896740263700485,25,equity
2012-01-23,0.3016142857142857,0.3578,0.056171428571428574,0.5860285714285715,7,commodity
2012-01-23,-0.27068958026715195,0.1288113772081068,0.39950095747525877,0.47168766893446445,26,equity
2012-01-24,-0.39934696020701754,0.07445306287935147,0.47380002308636904,0.4517469143924805,26,equity
2012-01-25,0.12226,0.20267999999999997,0.08042,0.71692,5,commodity
2012-01-25,-0.4596027518049456,0.08652292381828794,0.5461256756232336,0.3673513944332416,26,equity
2012-01-26,-0.5510909167440752,0.04892744614671056,0.6000183628907857,0.35105419316543984,26,equity
2012-01-27,0.6440666666666667,0.6874666666666666,0.0434,0.26916666666666667,3,commodity
2012-01-27,-0.3921794119434288,0.09769791425563969,0.4898773261990685,0.41242474102630067,26,equity
2012-01-28,0.0734,0.0928,0.0194,0.8878,1,commodity
2012-01-28,-0.4382237816229463,0.09402448389679194,0.5322482655197383,0.3737272471189499,25,equity
2012-01-29,0.455,0.5003,0.0452,0.4545,1,commodity
2012-01-29,-0.3796781423687935,0.13185122955590486,0.5115293719246984,0.35661939449608326,25,equity
2012-01-30,-0.19943333333333332,0.10433333333333333,0.3037666666666667,0.5918666666666667,3,commodity
2012-01-30,-0.437379331041414,0.12030045677406284,0.5576797878154769,0.3220197558403015,26,equity
2012-01-31,0.4171666666666667,0.5007,0.08356666666666668,0.4157,3,commodity
2012-01-31,-0.39074393189870393,0.12657694826618984,0.5173208801648937,0.3561021718554772,26,equity
2012-02-01,0.3272,0.3712333333333333,0.044000000000000004,0.5847666666666668,3,commodity
2012-02-01,-0.4923096436720628,0.08242427020405348,0.5747339138761163,0.3428418070364457,26,equity
2012-02-02,0.6175,0.7335,0.116,0.1505,1,commodity
2012-02-02,-0.458168423268944,0.10400291335267517,0.5621713366216192,0.33382575615094257,26,equity
2012-02-03,-0.5150670167058706,0.05369953560427977,0.5687665523101504,0.37753390492155003,26,equity
2012-02-04,-0.5126811680942773,0.09344234861433506,0.6061235167086124,0.3004341319203377,25,equity
2012-02-05,0.5829,0.6051,0.0223,0.3726,1,commodity
2012-02-05,-0.4777834751829505,0.08865972798317671,0.5664432031661272,0.34489707767963407,25,equity
2012-02-06,0.0807,0.30266666666666664,0.222,0.47533333333333333,3,commodity
2012-02-06,-0.5438992797325437,0.05880604684352875,0.6027053265760725,0.33848863567870396,26,equity
2012-02-07,0.7753,0.7968,0.0215,0.1818,1,commodity
2012-02-07,-0.5994893649108989,0.06541170120353144,0.6649010661144303,0.26968723680134965,26,equity
2012-02-08,0.7028,0.7366,0.0337,0.2297,1,commodity
2012-02-08,-0.3759222462271842,0.10216639330610633,0.4780886395332905,0.4197449804498599,26,equity
2012-02-09,0.49335,0.5209999999999999,0.027700000000000002,0.4513,2,commodity
2012-02-09,-0.5386040057055652,0.07316206922181524,0.6117660749273804,0.31507185746270877,26,equity
2012-02-10,0.07465999999999999,0.30022000000000004,0.22557999999999997,0.47424,5,commodity
2012-02-10,-0.4142674804092027,0.11027218122035265,0.5245396616295553,0.3651881574724729,26,equity
2012-02-11,-0.5047716368734837,0.06348357450217008,0.5682552113756537,0.36826120600104334,25,equity
2012-02-12,-0.3713122284039855,0.11487394254654645,0.48618617095053196,0.3989398877322674,25,equity
2012-02-13,-0.24762499999999998,0.1518,0.39944999999999997,0.44875,4,commodity
2012-02-13,-0.5453786722456033,0.041160690454909436,0.5865393627005128,0.3722999365283893,26,equity
2012-02-14,-0.16125,0.2583,0.4195,0.32220000000000004,2,commodity
2012-02-14,-0.3760090008413849,0.09166147851815018,0.4676704793595351,0.4406680420327645,26,equity
2012-02-15,0.6366,0.6771,0.0406,0.2823,1,commodity
2012-02-15,-0.5056496208999306,0.07317406754009426,0.5788236884400249,0.34800224307064825,26,equity
2012-02-16,0.03522499999999999,0.23232499999999998,0.1971,0.5705499999999999,4,commodity
2012-02-16,-0.5216481683847423,0.08915267347429807,0.6108008418590404,0.3000464831980375,26,equity
2012-02-17,0.48225,0.52005,0.0377,0.44225,2,commodity
2012-02-17,-0.43710851132010037,0.06633084668562962,0.50343935800573,0.4302297910818687,26,equity
2012-02-18,-0.39738744710149165,0.07538944081405091,0.47277688791554257,0.45183367026457816,25,equity
2012-02-19,0.5797,0.5964,0.01675,0.38685,2,commodity
2012-02-19,-0.596209740974009,0.043124233074486255,0.6393339740484953,0.3175417894124985,25,equity
2012-02-20,-0.2641215267743414,0.16774280371242317,0.43186433048676454,0.4003928593560601,25,equity
2012-02-21,0.6766666666666666,0.7068333333333333,0.030166666666666665,0.263,3,commodity
2012-02-21,-0.4770180036027271,0.11186057293357757,0.5888785765363047,0.2992608550076301,26,equity
2012-02-22,0.8329,0.8533,0.0204,0.1263,1,commodity
2012-02-22,-0.44302941783546257,0.07361700292676687,0.5166464207622294,0.4097365883107369,26,equity
2012-02-23,0.5444666666666667,0.5881333333333333,0.043699999999999996,0.3681666666666667,3,commodity
2012-02-23,-0.4526222771964967,0.047960787832450405,0.5005830650289471,0.4514561522608766,26,equity
2012-02-24,-0.3359,0.1105,0.4465,0.443,1,commodity
2012-02-24,-0.47040643299428314,0.10347567502265939,0.5738821080169425,0.3226422184648422,26,equity
2012-02-25,-0.4801421371102333,0.08324734814465046,0.5633894852548837,0.3533631774783135,25,equity
2012-02-26,-0.43160741724073887,0.09388904109597206,0.5254964583367109,0.38061449155211446,25,equity
2012-02-27,0.3974,0.4864,0.089,0.4246,1,commodity
2012-02-27,-0.3382575772702694,0.11787786811160353,0.45613544538187295,0.4259866824230322,26,equity
2012-02-28,-0.08634999999999998,0.2563,0.3426,0.4011,2,commodity
2012-02-28,-0.43282213964714455,0.05590590479998635,0.48872804444713086,0.4553660527588083,26,equity
2012-02-29,-0.49629999999999996,0.046525,0.54285,0.410625,4,commodity
2012-02-29,-0.4897558686968226,0.06720983767165588,0.5569657063684784,0.3758244700729847,26,equity
2012-03-01,-0.08144285714285712,0.3058571428571429,0.3873142857142858,0.30685714285714283,7,commodity
2012-03-01,-0.16083027418702842,0.21647503048181535,0.37730530466884377,0.4062196683883667,25,equity
2012-03-02,-0.22852522854764873,0.169146586352816,0.3976718149004647,0.4331815999287825,26,equity
2012-03-03,-0.22296459428966045,0.13026063431054355,0.353225228600204,0.5165141293406487,25,equity
2012-03-04,0.5369,0.5546,0.0178,0.4276,1,commodity
2012-03-04,-0.233016898073256,0.161072528809309,0.39408942688256504,0.4448380567878485,25,equity
2012-03-05,-0.4145,0.0705,0.4849,0.4446,1,commodity
2012-03-05,-0.4363058044646795,0.08707234292076184,0.5233781473854413,0.38954952000998533,26,equity
2012-03-06,-0.3798,0.0592,0.439,0.5018,1,commodity
2012-03-06,-0.3027493945824412,0.12785260565578938,0.4306020002382306,0.44154537483476675,26,equity
2012-03-07,0.7095,0.7451,0.0356,0.2193,2,commodity
2012-03-07,-0.4339406232779416,0.10769223668970741,0.541632859967649,0.35067490187401956,26,equity
2012-03-08,0.4371,0.4917,0.0547,0.4536,1,commodity
2012-03-08,-0.4347379543961814,0.1003904901086711,0.5351284445048525,0.36448106083732384,26,equity
2012-03-09,-0.017066666666666674,0.2604666666666667,0.2775333333333333,0.462,3,commodity
2012-03-09,-0.5038509738918108,0.06089924530197795,0.5647502191937886,0.3743505379758202,26,equity
2012-03-10,0.3319,0.3501,0.0183,0.6316,1,commodity
2012-03-10,-0.3741740181297064,0.09192159339785576,0.4660956115275621,0.44198278702795507,25,equity
2012-03-11,-0.5627807709760964,0.03497892064973712,0.5977596916258335,0.36726139701902866,25,equity
2012-03-12,0.09853333333333332,0.2006,0.10210000000000001,0.6972999999999999,3,commodity
2012-03-12,-0.35349677968770266,0.11863946513487743,0.4721362448225801,0.4092242828068825,26,equity
2012-03-13,-0.2132,0.0543,0.26754999999999995,0.67815,2,commodity
2012-03-13,-0.32250786730303216,0.11804936797573017,0.4405572352787623,0.4413933913008525,26,equity
2012-03-14,-0.7402,0.0297,0.7699,0.2004,1,commodity
2012-03-14,-0.558058098030205,0.04998409701511264,0.6080421950453176,0.3419737004889892,26,equity
2012-03-15,0.2712,0.33749999999999997,0.06626666666666667,0.5962666666666667,3,commodity
2012-03-15,-0.5837558405473828,0.06500639501385964,0.6487622355612425,0.28623136620108897,26,equity
2012-03-16,0.13296666666666665,0.3941666666666667,0.26120000000000004,0.3446666666666666,3,commodity
2012-03-16,-0.2806362917002004,0.1637186943911589,0.4443549860913593,0.3919263118161605,26,equity
2012-03-17,-0.32072623431682584,0.08020709455013275,0.4009333288669586,0.5188595786690712,25,equity
2012-03-18,-0.4352016976103187,0.09691183101385832,0.5321135286241769,0.37097463354468346,25,equity
2012-03-19,0.0188,0.0565,0.0378,0.9057,1,commodity
2012-03-19,-0.3125487014364738,0.08931020826387864,0.40185890970035243,0.5088308803164042,26,equity
2012-03-20,-0.5651,0.0295,0.5946,0.376,1,commodity
2012-03-20,-0.17108994020292392,0.13783508983369058,0.3089250300366145,0.5532398755447223,26,equity
2012-03-21,-0.3227950785523997,0.14779336245443958,0.4705884410068393,0.38161820345200026,26,equity
2012-03-22,0.032,0.0634,0.0313,0.9053,1,commodity
2012-03-22,-0.5794450845211171,0.0365939183662144,0.6160390028873315,0.3473670898148647,26,equity
2012-03-23,-0.29153333333333337,0.050266666666666675,0.3417666666666667,0.6079333333333333,3,commodity
2012-03-23,-0.38666436574063623,0.11331467971635553,0.49997904545699173,0.38670626956109816,26,equity
2012-03-24,-0.3799619169160724,0.10395089972764254,0.4839128166437149,0.4121362864971161,25,equity
2012-03-25,-0.36622892882674934,0.1229730674251914,0.4892019962519407,0.3878249409794807,25,equity
2012-03-26,0.29543333333333327,0.3648666666666667,0.06946666666666666,0.5656666666666667,3,commodity
2012-03-26,-0.3140533367171884,0.09871809158474207,0.4127714283019304,0.4885104716569185,25,equity
2012-03-27,-0.1993,0.0534,0.2527,0.6939,1,commodity
2012-03-27,-0.27641621966344804,0.1684687056292135,0.44488492529266155,0.3866463558605084,26,equity
2012-03-28,0.0718,0.09815,0.0264,0.8755,2,commodity
2012-03-28,-0.16684486602361387,0.1823534008760292,0.34919826689964306,0.46844832950200027,26,equity
2012-03-29,-0.3440329840120215,0.11169687020950593,0.4557298542215274,0.4325732753540461,26,equity
2012-03-30,0.6249666666666667,0.6476333333333334,0.022699999999999998,0.3296666666666666,3,commodity
2012-03-30,-0.3017246567715819,0.11045996945064801,0.4121846262222299,0.4773554060464868,26,equity
2012-03-31,-0.46905839189887044,0.07822127617895604,0.5472796680778265,0.37449904039502147,25,equity
2012-04-01,-0.3823252262920141,0.06894135117530822,0.45126657746732235,0.479792075753212,25,equity
2012-04-02,0.2628,0.44214285714285717,0.1793428571428571,0.3785,7,commodity
2012-04-02,-0.347487348310936,0.07955247858682504,0.427039826897761,0.49340769906456655,26,equity
2012-04-03,-0.3423062265277482,0.09763631163738094,0.4399425381651291,0.4624211402753225,26,equity
2012-04-04,-0.8105,0.0162,0.8267,0.15710000000000002,2,commodity
2012-04-04,-0.3963038086031492,0.10858947941317008,0.5048932880163193,0.386517223293105,26,equity
2012-04-05,-0.09205000000000002,0.31135,0.40340000000000004,0.28525,2,commodity
2012-04-05,-0.41748739012445396,0.0721880727304289,0.48967546285488284,0.43813646341172546,26,equity
2012-04-06,-0.3488381265848875,0.1052519878745079,0.4540901144593954,0.44065790295600893,25,equity
2012-04-07,-0.3549869330227375,0.087206404581666,0.4421933376044035,0.47060025349259377,25,equity
2012-04-08,-0.29484505392611027,0.1651489870622754,0.4599940409883857,0.37485697329044343,25,equity
2012-04-09,0.20529999999999998,0.23873999999999995,0.03344,0.72782,5,commodity
2012-04-09,-0.34730147964392716,0.09523491364402267,0.44253639328794986,0.4622286853308861,26,equity
2012-04-10,0.20232500000000003,0.310175,0.10785,0.581975,4,commodity
2012-04-10,-0.24578995744769389,0.13757288810582116,0.3833628455535151,0.47906425323050755,26,equity
2012-04-11,0.0132,0.0716,0.0584,0.87,1,commodity
2012-04-11,-0.3392428087409448,0.09234124041735023,0.461321086195332,0.44633765458839914,27,equity
2012-04-12,0.43045,0.4499,0.019450000000000002,0.53065,2,commodity
2012-04-12,-0.4468272195232135,0.08179779633603713,0.5286250158592507,0.38957718414840875,27,equity
2012-04-13,-0.5119636678136885,0.04725596906903844,0.5592196368827269,0.3935244003883921,26,equity
2012-04-14,-0.21629056643694639,0.16115473017096518,0.3774452966079116,0.4613999690115452,25,equity
2012-04-15,0.3849,0.4451,0.0603,0.4946,1,commodity
2012-04-15,-0.3502325539663434,0.14828418575227262,0.498516739718616,0.35319906964898107,25,equity
2012-04-16,-0.7174,0.0345,0.7519,0.2136,1,commodity
2012-04-16,-0.3179019197225571,0.13193825275368162,0.4705068391429053,0.39755490382622793,27,equity
2012-04-17,0.1736,0.22935,0.055725,0.7149,4,commodity
2012-04-17,-0.3327715782418295,0.07982801903039217,0.44311811579074023,0.47705388118381853,27,equity
2012-04-18,-0.5785,0.0471,0.6256,0.3273,1,commodity
2012-04-18,-0.19106966260820626,0.10553775683045387,0.29660741943866015,0.5978548139333725,25,equity
2012-04-19,-0.0464,0.0678,0.1142,0.818,1,commodity
2012-04-19,-0.3426210009473243,0.11053186328948608,0.45382429280823894,0.43564385171873227,28,equity
2012-04-20,-0.07479999999999999,0.0639,0.13865,0.7975,2,commodity
2012-04-20,-0.5117679513059556,0.06564176644986638,0.5774097177558221,0.35694849792008215,26,equity
2012-04-21,-0.5478604644388534,0.07095595701697927,0.6248587291481404,0.30418530849768566,26,equity
2012-04-22,-0.4059238627925515,0.09320230837911367,0.4991261711716652,0.4076715201884508,25,equity
2012-04-23,0.3582,0.36915000000000003,0.0109,0.61995,2,commodity
2012-04-23,-0.22160851613928875,0.09915041740707776,0.32075893354636653,0.5800906484601674,27,equity
2012-04-24,0.2442,0.2886,0.044399999999999995,0.667,2,commodity
2012-04-24,-0.24018649833425879,0.14985127694186356,0.3938342038475509,0.4563145267942122,28,equity
2012-04-25,-0.2897807177267503,0.058397135633043946,0.3680653533597942,0.5735375069617294,32,equity
2012-04-26,0.31645,0.44794999999999996,0.1315,0.42045,2,commodity
2012-04-26,-0.1504154231235385,0.10998424354123493,0.34797708601961214,0.5420386797824214,31,equity
2012-04-27,0.5808,0.6101,0.0294,0.3605,1,commodity
2012-04-27,-0.31717408919557927,0.11648134009788433,0.4799054292934636,0.4036132282803456,30,equity
2012-04-28,0.7437,0.767,0.0233,0.2097,1,commodity
2012-04-28,-0.2505546287819743,0.1423260199651122,0.3928806487470865,0.46479333728551864,25,equity
2012-04-29,-0.420550776720047,0.11469941262155771,0.5352501893416047,0.3500503969192505,25,equity
2012-04-30,0.15386666666666662,0.39030000000000004,0.23646666666666669,0.37323333333333336,3,commodity
2012-04-30,-0.2977537644157807,0.08303151643574237,0.43855194751818977,0.47844986540575823,30,equity
2012-05-01,-0.17267712265784543,0.08286377984657883,0.32066423583775755,0.5964719911764065,30,equity
2012-05-02,-0.6373,0.0236,0.6608,0.3156,1,commodity
2012-05-02,-0.12366005990150221,0.13125568405626453,0.33315103807541374,0.5356226919065503,34,equity
2012-05-03,0.3093,0.32965,0.0203,0.65005,2,commodity
2012-05-03,-0.32747352688476955,0.07658860289716515,0.40406212978193473,0.5193492610264441,29,equity
2012-05-04,-0.5626,0.0314,0.594,0.3746,1,commodity
2012-05-04,-0.23316262844820818,0.12059327238574623,0.3727859008339544,0.5066208180879553,30,equity
2012-05-05,-0.3370709596968911,0.08487858371767733,0.4539865804516055,0.46109779096367176,27,equity
2012-05-06,-0.3623209514726813,0.05419425806030631,0.4165152095329876,0.5292905223770783,26,equity
2012-05-07,-0.24853333333333336,0.11946666666666665,0.3680333333333334,0.5124666666666667,3,commodity
2012-05-07,-0.03983152470833217,0.10805523890027634,0.3104124046342495,0.5815836343138645,39,equity
2012-05-08,-0.41417499999999996,0.1206,0.5347999999999999,0.344575,4,commodity
2012-05-08,-0.024469991671842967,0.15419386461141862,0.2745217510201037,0.5713106985648996,38,equity
2012-05-09,-0.398875,0.0598,0.45867499999999994,0.48155000000000003,4,commodity
2012-05-09,-0.08237751807152395,0.1333244370640152,0.27748251069109475,0.589193061635726,36,equity
2012-05-10,-0.04220000000000001,0.16785,0.21005000000000001,0.62205,2,commodity
2012-05-10,-0.10411515469940644,0.14395249090471438,0.314250502746978,0.5417969996826989,35,equity
2012-05-11,-0.537525,0.028624999999999998,0.56615,0.40524999999999994,4,commodity
2012-05-11,-0.21259393894603926,0.09362760158749045,0.3665404594524487,0.539858965106107,37,equity
2012-05-12,-0.23683637871459642,0.1031829827422726,0.3880159131810069,0.5088011015396694,29,equity
2012-05-13,-0.17732597220952695,0.19161052979528906,0.40247880969712363,0.4059106545614508,26,equity
2012-05-14,-0.3662,0.04245,0.40865,0.5488999999999999,2,commodity
2012-05-14,-0.39109877440296115,0.059862611325457685,0.4656551357284188,0.47448225993104276,32,equity
2012-05-15,-0.6166499999999999,0.0291,0.64575,0.32515,2,commodity
2012-05-15,-0.17341961872188583,0.10520028490531776,0.35210879251609245,0.5426909244929752,36,equity
2012-05-16,-0.3416651094574121,0.06238300082520131,0.44584811028261334,0.49180115831282833,31,equity
2012-05-17,-0.08656,0.20249999999999999,0.2891,0.50842,5,commodity
2012-05-17,-0.4184977367078265,0.057416375896018564,0.5431595671492996,0.39942405370916384,33,equity
2012-05-18,-0.19158403134036223,0.11062213129609039,0.3711166889522421,0.5182611783546837,38,equity
2012-05-19,-0.33830253905201185,0.11564029579179791,0.4861543733053483,0.39820532993571117,26,equity
2012-05-20,-0.4404611938351049,0.0826774612470315,0.5507078858513672,0.366576194694409,26,equity
2012-05-21,0.24157499999999998,0.353925,0.1123,0.5338,4,commodity
2012-05-21,-0.13863341439335664,0.1474438928817125,0.36782436609859853,0.48481997283504297,34,equity
2012-05-22,-0.30849713244101695,0.09427315553397901,0.44164448152338304,0.464050099770869,31,equity
2012-05-23,0.04859999999999999,0.362425,0.313825,0.32375,4,commodity
2012-05-23,-0.2662934752497077,0.06345066819595438,0.3913355720170906,0.545185188651085,35,equity
2012-05-24,-0.20971158038352927,0.09172503833298883,0.3843366187165181,0.5239716820890705,30,equity
2012-05-25,-0.33504000000000006,0.14167999999999997,0.47672,0.38158,5,commodity
2012-05-25,-0.37681180410141746,0.06639161721592149,0.45235675465067227,0.4812516356150309,30,equity
2012-05-26,-0.3418511502773673,0.07246380918003895,0.4173742187166656,0.5101619783810996,27,equity
2012-05-27,-0.42591123058125374,0.08348425560186688,0.5423147169523514,0.374201025762237,26,equity
2012-05-28,-0.21869468807171172,0.14037606467564517,0.3590707527473569,0.5005531786726072,26,equity
2012-05-29,-0.42383333333333334,0.08596666666666668,0.5098666666666666,0.4041666666666666,3,commodity
2012-05-29,-0.3711401352440489,0.0912401560796746,0.5277768430478614,0.3810174710421727,29,equity
2012-05-30,-0.1496,0.1594,0.309,0.5316,1,commodity
2012-05-30,-0.28825363731021686,0.10591629437531033,0.4594432650188605,0.4346404469698667,30,equity
2012-05-31,-0.5892000000000001,0.02476666666666667,0.6139666666666667,0.36123333333333335,3,commodity
2012-05-31,-0.3404628441948909,0.061428870342671874,0.37228546453756284,0.566254409677349,32,equity
2012-06-01,0.49119999999999997,0.5551999999999999,0.064,0.3808,2,commodity
2012-06-01,-0.2695992584629886,0.09878117037949063,0.49454171916505985,0.4066771131292466,31,equity
2012-06-02,-0.06046666666666665,0.2137,0.27413333333333334,0.5121666666666667,3,commodity
2012-06-02,-0.3142816569443921,0.09434499794964132,0.465857689376792,0.43979730448435095,29,equity
2012-06-03,0.8284,0.855,0.0266,0.1184,1,commodity
2012-06-03,-0.27801861042413445,0.12771554336945215,0.4556008204602533,0.41668363527346536,27,equity
2012-06-04,-0.2523,0.04085,0.29315,0.66595,2,commodity
2012-06-04,-0.5095536797585232,0.06224058062902519,0.5469264032446912,0.3908330106713942,28,equity
2012-06-05,-0.09785,0.251,0.3489,0.40012499999999995,4,commodity
2012-06-05,-0.29947958816609216,0.13257910024534378,0.4854658312685788,0.381955077400165,28,equity
2012-06-06,0.4272,0.5036,0.0764,0.4199,1,commodity
2012-06-06,-0.2999430408213889,0.08420783900565677,0.46097668627865857,0.4547832093508013,31,equity
2012-06-07,-0.35424,0.11308,0.4673000000000001,0.41962,5,commodity
2012-06-07,-0.2518313907596198,0.09378893783598236,0.3410536619289355,0.5651876954761419,33,equity
2012-06-08,-0.16633333333333333,0.17683333333333331,0.3432,0.4799333333333333,3,commodity
2012-06-08,-0.28793867863065775,0.11203833353327167,0.4459447540994133,0.44198466052163027,31,equity
2012-06-09,-0.33548807077109816,0.10120595160871744,0.4366940223798156,0.4621000362932682,25,equity
2012-06-10,-0.27982337879400987,0.13482563141762063,0.43932977944239976,0.4258061347655379,26,equity
2012-06-11,0.5362,0.5644,0.0282,0.4073,1,commodity
2012-06-11,-0.2939012138647766,0.09605089651510633,0.42812107589712434,0.4757935462100753,29,equity
2012-06-12,-0.007575000000000026,0.22544999999999998,0.23305,0.541475,4,commodity
2012-06-12,-0.29164276377044157,0.07522003237573542,0.440832796146177,0.4839471579428662,30,equity
2012-06-13,0.0851,0.3468,0.2617,0.39149999999999996,3,commodity
2012-06-13,-0.29986831320185087,0.11119645718459426,0.41167166693816926,0.4771318717023422,29,equity
2012-06-14,0.5432,0.5611,0.0179,0.4211,1,commodity
2012-06-14,-0.30508842015037935,0.10601141671612858,0.42296317019984125,0.4710587441821893,30,equity
2012-06-15,0.003599999999999992,0.27773333333333333,0.2741666666666666,0.44813333333333333,3,commodity
2012-06-15,-0.24527823939717242,0.10650467454854931,0.37577219966000747,0.5177231301154409,28,equity
2012-06-16,-0.09464083083818356,0.09722425853350648,0.22443175603835672,0.6783439856695908,27,equity
2012-06-17,0.0203,0.0585,0.0383,0.9032,1,commodity
2012-06-17,-0.2960935487311582,0.09366177211925387,0.42646532085041206,0.4798395712445179,30,equity
2012-06-18,0.09336666666666667,0.25089999999999996,0.15756666666666666,0.5915666666666667,3,commodity
2012-06-18,-0.30622924478317304,0.08909895610337457,0.44353820088654755,0.4673961806585391,30,equity
2012-06-19,0.513,0.5366,0.0236,0.43983333333333335,3,commodity
2012-06-19,-0.28370842896905435,0.10506127415391905,0.42024556519193895,0.4746931598833923,29,equity
2012-06-20,-0.2916,0.0552,0.3468,0.598,2,commodity
2012-06-20,-0.41252883748258157,0.07466987002268434,0.5397453741719325,0.3856180755724509,30,equity
2012-06-21,-0.23025,0.04805,0.2783,0.6736,2,commodity
2012-06-21,-0.24680620246800006,0.17683339152623107,0.43632848288312004,0.3868381225897206,27,equity
2012-06-22,-0.836,0.0246,0.8606,0.1148,1,commodity
2012-06-22,-0.4175140023337356,0.09235125251217136,0.4865066341562518,0.4210731456305446,29,equity
2012-06-23,-0.3107967895641923,0.10371384475380183,0.4145106343179941,0.4817755210399628,25,equity
2012-06-24,-0.0887,0.2122,0.3008,0.487,1,commodity
2012-06-24,-0.43825028027955154,0.08321370467514946,0.4935524464931626,0.42323386462835166,26,equity
2012-06-25,-0.23148000000000005,0.04716,0.27862000000000003,0.67422,5,commodity
2012-06-25,-0.1416435724463956,0.12720563270331456,0.3043354120462619,0.5684934352471911,29,equity
2012-06-26,0.2606,0.3054,0.04485,0.6496999999999999,2,commodity
2012-06-26,-0.3455813970401369,0.097267280265432,0.46343488420212064,0.43936679880166873,29,equity
2012-06-27,0.1484,0.3575,0.2091,0.4334,1,commodity
2012-06-27,-0.22183266273850905,0.10220549863335841,0.3738822790189263,0.52391222464863,34,equity
2012-06-28,-0.13642,0.1257,0.26212,0.61216,5,commodity
2012-06-28,-0.1828881453093035,0.0820009682408401,0.3772348278358579,0.5407356424731867,35,equity
2012-06-29,0.3009,0.38926666666666665,0.08836666666666666,0.5223666666666666,3,commodity
2012-06-29,-0.38028926404945806,0.07889316987143508,0.5049548477139967,0.41611750322066504,29,equity
2012-06-30,-0.1843610171958804,0.13558748435867685,0.3719913586974144,0.49242115574649403,28,equity
2012-07-01,-0.40996086727827785,0.054660993106663225,0.4646218603849411,0.48071714490652084,25,equity
2012-07-02,-0.1761,0.11165,0.28775,0.6005499999999999,2,commodity
2012-07-02,-0.24900263096317649,0.09241047400633494,0.3307464383028448,0.5768764149705569,30,equity
2012-07-03,0.28306666666666663,0.3543,0.07123333333333333,0.5744666666666667,3,commodity
2012-07-03,-0.2284798501105471,0.08803912151153341,0.44276745647056537,0.4691631270872824,33,equity
2012-07-04,-0.20715,0.11985,0.32695,0.55315,2,commodity
2012-07-04,-0.2937128626372952,0.11799829678323406,0.44593039018976,0.43603285736304065,26,equity
2012-07-05,-0.17815,0.1252,0.30335,0.5715,2,commodity
2012-07-05,-0.29687732271254064,0.07167727414158911,0.42337873478516425,0.5049439855495403,29,equity
2012-07-06,-0.28230000000000005,0.10264999999999999,0.38495,0.5124,2,commodity
2012-07-06,-0.3349941078181564,0.09724285230562092,0.4477402934571107,0.4550168502946695,30,equity
2012-07-07,-0.2993,0.1067,0.406,0.4873,1,commodity
2012-07-07,-0.4629538520425558,0.07792501755058766,0.5408788695931435,0.3811961155384779,25,equity
2012-07-08,-0.3987140155211091,0.08847335312515497,0.48718736864626405,0.4243392723798752,25,equity
2012-07-09,0.2284,0.38517500000000005,0.156775,0.458025,4,commodity
2012-07-09,-0.3084495096270461,0.10462167886109092,0.417702438488137,0.4776758970571682,32,equity
2012-07-10,-0.36555,0.0467,0.41225,0.54105,2,commodity
2012-07-10,-0.4282711331912213,0.04861883074403913,0.5016418157871123,0.449739339981918,27,equity
2012-07-11,-0.2911,0.096,0.3871,0.5169,1,commodity
2012-07-11,-0.289806123722742,0.07248036125525831,0.42892981831133364,0.49858982034027577,30,equity
2012-07-12,-0.15532210412025452,0.09926419970777728,0.337750819957064,0.5629849677172399,31,equity
2012-07-13,-0.04019999999999999,0.23113333333333333,0.2713666666666667,0.4974333333333332,3,commodity
2012-07-13,-0.49351346736550333,0.07529967111934509,0.5491452813419913,0.37555505033263137,28,equity
2012-07-14,-0.2557809971700664,0.11095565315832694,0.3867366503283933,0.5023076820605331,27,equity
2012-07-15,-0.428884057719564,0.07159724217073785,0.522955373964376,0.4054473689292316,27,equity
2012-07-16,-0.2542,0.09425,0.34840000000000004,0.55735,2,commodity
2012-07-16,-0.251781112325586,0.07222706560856279,0.4308052367576782,0.49693829937323053,34,equity
2012-07-17,-0.3268319710005075,0.07592251864315144,0.4354973467865161,0.4885801371314696,28,equity
2012-07-18,-0.51015,0.03475,0.54495,0.4203,2,commodity
2012-07-18,-0.26940576352272183,0.10606330130598508,0.5035003148287069,0.3904676349712536,32,equity
2012-07-19,0.3215,0.4439,0.1224,0.4337,1,commodity
2012-07-19,-0.35473793704270257,0.09146859023453935,0.4977386701343847,0.4107927288876048,28,equity
2012-07-20,0.13465,0.3486,0.214,0.4374,2,commodity
2012-07-20,-0.3582142468611044,0.07123315990556564,0.42553669248095577,0.5032301476800016,28,equity
2012-07-21,-0.2964267209172249,0.08452977691418849,0.3809564978314134,0.5345137279767257,26,equity
2012-07-22,-0.37796153474599126,0.110598867200315,0.48856040194630623,0.4008407364785671,25,equity
2012-07-23,-0.21015,0.1049,0.3151,0.58,2,commodity
2012-07-23,-0.5129425831951733,0.04286969081339027,0.6027837025799921,0.35434659559705434,28,equity
2012-07-24,0.03353333333333334,0.26433333333333336,0.23086666666666666,0.5047999999999999,3,commodity
2012-07-24,-0.3978359016970903,0.0863728177688188,0.4877383490955388,0.4258888157164609,27,equity
2012-07-25,0.19275,0.25975000000000004,0.06695,0.6733,2,commodity
2012-07-25,-0.2848494125936781,0.06617936294597963,0.3651287755396578,0.568724127239758,31,equity
2012-07-26,0.7989,0.815,0.0161,0.1688,1,commodity
2012-07-26,-0.42134818123548196,0.09363374897323806,0.48141986124320274,0.4249463836817906,29,equity
2012-07-27,0.3572,0.4586,0.1014,0.44,1,commodity
2012-07-27,-0.11858585981417585,0.16151883090977318,0.31330839442765274,0.5252098061806626,27,equity
2012-07-28,-0.6909048171713948,0.04999993305653334,0.7409047502279281,0.20909530632197856,25,equity
2012-07-29,-0.3668498764321208,0.06086606380183782,0.5192766545196729,0.41985727688883034,28,equity
2012-07-30,0.2697,0.31405,0.044399999999999995,0.6416,2,commodity
2012-07-30,-0.3560595424579723,0.1329802024577345,0.4890397449157068,0.3779800583475402,28,equity
2012-07-31,0.15785000000000005,0.4506,0.29275,0.2567,2,commodity
2012-07-31,-0.3073744196797721,0.07673540023108943,0.48725981991086154,0.4360985289849342,32,equity
2012-08-01,-0.4147666666666667,0.045000000000000005,0.4597333333333333,0.49523333333333336,3,commodity
2012-08-01,-0.2984651545675051,0.08527274242355938,0.460766929249129,0.45392807257608064,31,equity
2012-08-02,-0.1556,0.24515,0.4008,0.35405,2,commodity
2012-08-02,-0.2633293032503334,0.09065605530142784,0.37275087579314053,0.5365930662720367,29,equity
2012-08-03,0.5947,0.6218,0.027,0.3512,1,commodity
2012-08-03,-0.2171332172736045,0.13029860402307203,0.4178769825869991,0.4517921630163347,31,equity
2012-08-04,-0.24570528785878862,0.09892690948314137,0.39740627141600404,0.5037038563103587,27,equity
2012-08-05,-0.3642589348209315,0.0806715557187282,0.45068221467759073,0.4686462227953919,29,equity
2012-08-06,-0.17059999999999997,0.09395,0.2646,0.6414500000000001,2,commodity
2012-08-06,-0.41254472346943,0.0938802620334358,0.53903188205459,0.3670878503240388,29,equity
2012-08-07,0.21603333333333333,0.3301,0.11406666666666669,0.5558333333333333,3,commodity
2012-08-07,-0.39930683102130893,0.07844137100254495,0.47591153535718717,0.4456471001595259,30,equity
2012-08-08,0.712,0.7367,0.0247,0.2386,1,commodity
2012-08-08,-0.1987043325997168,0.0944071022550906,0.3878211122741622,0.5177395269255485,31,equity
2012-08-09,0.5772,0.6268,0.0496,0.3236,1,commodity
2012-08-09,-0.44180194169596904,0.06984051435573825,0.544281741765993,0.38584204040254866,28,equity
2012-08-10,-0.4486,0.06745000000000001,0.5161,0.41645,2,commodity
2012-08-10,-0.319818927188937,0.08317660309425715,0.45686104752457346,0.4599623499271171,29,equity
2012-08-11,-0.4872158277923098,0.03220139852223488,0.51230184169916,0.4554967597069649,26,equity
2012-08-12,-0.1371,0.11095,0.248,0.64105,2,commodity
2012-08-12,-0.44727043848484754,0.09810056563466787,0.5453710041195154,0.35652843188494443,25,equity
2012-08-13,0.4891,0.50895,0.01985,0.4712,2,commodity
2012-08-13,-0.3396742741086121,0.09302593673712442,0.47415378227430793,0.4328202780948153,28,equity
2012-08-14,-0.22989999999999997,0.07300000000000001,0.3029,0.62405,2,commodity
2012-08-14,-0.31401320381686093,0.09223676096921166,0.44331663145273925,0.46444660009642447,30,equity
2012-08-15,0.49160000000000004,0.5427666666666666,0.051133333333333336,0.40610000000000007,3,commodity
2012-08-15,-0.32137364758636267,0.10269117336507354,0.4449076780942934,0.4524368617619787,28,equity
2012-08-16,0.43445,0.48025,0.0458,0.474,2,commodity
2012-08-16,-0.3153275040181975,0.06363129573042194,0.43334213308195274,0.5030265740126371,30,equity
2012-08-17,0.4816,0.4964,0.0148,0.4888,1,commodity
2012-08-17,-0.4277282701379061,0.04293797042767208,0.4342062405655781,0.5228224610129992,30,equity
2012-08-18,-0.4578450720291585,0.12205430096946657,0.579899372998625,0.29804634349420667,24,equity
2012-08-19,-0.37565293252468107,0.07201703362166882,0.4476699661463499,0.4803129875659943,25,equity
2012-08-20,-0.3918118265317945,0.10697828168627517,0.49043148752841453,0.4025902315239454,29,equity
2012-08-21,-0.10593333333333332,0.1651,0.2710333333333333,0.5638666666666666,3,commodity
2012-08-21,-0.16983869784357292,0.17697465372458102,0.3539240658538682,0.46910128128635037,28,equity
2012-08-22,0.3982,0.53135,0.13315,0.33545,2,commodity
2012-08-22,-0.3068792892100413,0.0808883727505803,0.45498099529395497,0.4641639650404453,30,equity
2012-08-23,0.44166,0.48895999999999995,0.047319999999999994,0.46372,5,commodity
2012-08-23,-0.35490497212302075,0.059383911950577954,0.4512785392460124,0.4893375488355242,29,equity
2012-08-24,0.37595,0.4163,0.04035,0.5434,2,commodity
2012-08-24,-0.18694514595105727,0.11058531373790625,0.3585166665855153,0.5308980354127185,29,equity
2012-08-25,0.549,0.5698,0.0208,0.4094,1,commodity
2012-08-25,-0.3414753232986799,0.09528472624932016,0.44692076383371443,0.45783023956950225,28,equity
2012-08-26,-0.0615,0.0449,0.1064,0.8487,1,commodity
2012-08-26,-0.5334401321766469,0.0508235447252026,0.5816098307480033,0.36756663255049626,26,equity
2012-08-27,0.27136666666666664,0.42863333333333337,0.15726666666666667,0.41406666666666664,3,commodity
2012-08-27,-0.42207020526947797,0.06321211013446251,0.5069600931817183,0.4298277926135946,27,equity
2012-08-28,-0.36539999999999995,0.18775,0.55315,0.25915,2,commodity
2012-08-28,-0.3813801808382626,0.10497733794235521,0.47197233359543267,0.42308737157009263,27,equity
2012-08-29,0.025499999999999995,0.3043,0.27875,0.41695,2,commodity
2012-08-29,-0.4214658009013044,0.08288218519857811,0.5147035416554382,0.402414267213114,27,equity
2012-08-30,-0.2152666666666667,0.20506666666666665,0.42030000000000006,0.37456666666666666,3,commodity
2012-08-30,-0.4341660319099272,0.09263408410852705,0.5131815974999357,0.3941843194608335,27,equity
2012-08-31,0.4688,0.5848,0.116,0.2992,1,commodity
2012-08-31,-0.45688918187322997,0.06055973657261994,0.5471933628902943,0.39224689727745676,27,equity
2012-09-01,-0.28887750102052323,0.1287865501900132,0.40781020505669024,0.46340324145784745,26,equity
2012-09-02,-0.4825400125235319,0.08349141344428063,0.5660314259678125,0.3504771587252617,25,equity
2012-09-03,0.56994,0.62396,0.054000000000000006,0.32204,5,commodity
2012-09-03,-0.4573340474441647,0.05754700411111116,0.514881051555276,0.42757195331156256,25,equity
2012-09-04,0.28682,0.34298,0.05616,0.60088,5,commodity
2012-09-04,-0.36224252429869436,0.06970815412286255,0.4633136413845199,0.46694116959417303,27,equity
2012-09-05,-0.05238,0.24056000000000002,0.29296,0.46646,5,commodity
2012-09-05,-0.29574957365835536,0.07282028149042663,0.4134388206660234,0.5137408989996746,29,equity
2012-09-06,0.3707333333333333,0.45186666666666664,0.08116666666666666,0.46693333333333337,3,commodity
2012-09-06,-0.16645551465467132,0.12608617919554999,0.31986238350539375,0.5540169452593243,29,equity
2012-09-07,0.0809,0.1215,0.0407,0.8378,1,commodity
2012-09-07,-0.44887430842728526,0.06731121843528969,0.5046929342699824,0.42799585750478286,27,equity
2012-09-08,-0.4169819779718915,0.07977068634220848,0.536141553202989,0.38412479097258156,27,equity
2012-09-09,0.7577,0.7677,0.01,0.2223,1,commodity
2012-09-09,-0.45965621307492255,0.07686833046376705,0.5365245435386896,0.3866071301698685,25,equity
2012-09-10,0.16935714285714282,0.2864428571428571,0.1170857142857143,0.5964857142857143,7,commodity
2012-09-10,-0.3197405291721225,0.10357579133974817,0.4233163205118707,0.4731078910139891,26,equity
2012-09-11,0.54245,0.58135,0.038900000000000004,0.3798,2,commodity
2012-09-11,-0.22737515183374768,0.11726696331847099,0.3586775990231864,0.5240554357055695,31,equity
2012-09-12,0.059275,0.2239,0.164625,0.61145,4,commodity
2012-09-12,-0.3590944474509855,0.09331865551943581,0.49145643630375463,0.4152249069660902,30,equity
2012-09-13,0.14875,0.313625,0.164875,0.521475,4,commodity
2012-09-13,-0.39511886980415417,0.048509229784381803,0.4502522375195705,0.5012385259198731,29,equity
2012-09-14,0.334825,0.42922499999999997,0.0944,0.476325,4,commodity
2012-09-14,-0.2509542439899568,0.08148936852555849,0.40886430217068775,0.5096463279549418,29,equity
2012-09-15,-0.5697624517232179,0.03514914646744728,0.6049115981906652,0.3599392569065094,25,equity
2012-09-16,0.10983333333333332,0.23993333333333333,0.1301,0.6299333333333333,3,commodity
2012-09-16,-0.39170006317072187,0.06277941339291059,0.4498063996405556,0.48741419706780176,26,equity
2012-09-17,0.5647,0.6376,0.0729,0.2894,1,commodity
2012-09-17,-0.38170498995376484,0.05003219114483467,0.43173718109859954,0.5182306400633284,28,equity
2012-09-18,-0.5064333333333333,0.029133333333333334,0.5356000000000001,0.4352666666666667,3,commodity
2012-09-18,-0.337421092560225,0.17583690645794073,0.5120209619811287,0.31214213590710255,27,equity
2012-09-19,0.03075,0.19745,0.1667,0.63585,2,commodity
2012-09-19,-0.49631844196970815,0.042359214559197424,0.53592210097335,0.42171868991741424,27,equity
2012-09-20,0.0822,0.1069,0.0247,0.8684,1,commodity
2012-09-20,-0.38036714748551065,0.10163255616162832,0.48199970364713896,0.41636774173149693,26,equity
2012-09-21,-0.5349,0.0339,0.5687,0.3974,1,commodity
2012-09-21,-0.36081192360058423,0.05949511038685839,0.46839703398744265,0.472107863976558,30,equity
2012-09-22,-0.5136315753310918,0.08076243799179793,0.5943940133228898,0.32484355449676516,25,equity
2012-09-23,-0.5274472679555302,0.051237789085056544,0.5786850570405867,0.3700771510431361,25,equity
2012-09-24,-0.4879,0.08625,0.5742,0.3396,2,commodity
2012-09-24,-0.4970255418179127,0.09211837242429073,0.5891439142422035,0.3187377176319177,26,equity
2012-09-25,0.2902,0.41255,0.122325,0.46512499999999996,4,commodity
2012-09-25,-0.21151486999140337,0.15291712769808677,0.36443199768949014,0.4826508638663934,26,equity
2012-09-26,-0.27809471892586773,0.10735119886483466,0.44342448921927385,0.4492242967486382,28,equity
2012-09-27,-0.2686,0.09834999999999999,0.367,0.5346500000000001,2,commodity
2012-09-27,-0.25815062088488505,0.07598368709046265,0.35009637694086493,0.573988892333261,29,equity
2012-09-28,-0.19597700214082445,0.14766177973123612,0.34363878187206054,0.5086994361546304,27,equity
2012-09-29,-0.31823546546078646,0.08816665285625137,0.38833288754780704,0.5235004576616562,26,equity
2012-09-30,0.32415000000000005,0.4528,0.12865,0.41859999999999997,2,commodity
2012-09-30,-0.45065197003672897,0.09013993478881625,0.5615495971332376,0.3483104874566197,26,equity
2012-10-01,-0.32717500000000005,0.183875,0.510975,0.30515000000000003,4,commodity
2012-10-01,-0.48081330985426907,0.0719310343530443,0.5499591590221281,0.37810979903627323,27,equity
2012-10-02,-0.3883902822133686,0.0881756021872695,0.5236873129720666,0.3881370841089104,28,equity
2012-10-03,0.07823333333333332,0.2962333333333333,0.21806666666666666,0.4857,3,commodity
2012-10-03,-0.3791631148196757,0.11817464082000348,0.49733775563967914,0.38448760687158656,26,equity
2012-10-04,0.5498,0.5910000000000001,0.04116666666666667,0.3678333333333333,3,commodity
2012-10-04,-0.4347566929055434,0.07660077277690416,0.5113574656824476,0.4120417525856235,26,equity
2012-10-05,0.08966666666666667,0.37729999999999997,0.2876666666666667,0.33503333333333335,3,commodity
2012-10-05,-0.23585576791203228,0.12727017534292978,0.38475697773772066,0.4879728408496955,29,equity
2012-10-06,-0.40359708523123755,0.10559672913836313,0.5382476605234469,0.35615560446369376,26,equity
2012-10-07,-0.0743,0.2429,0.3172,0.4399,1,commodity
2012-10-07,-0.18376708269119263,0.225978241302073,0.40974532399326563,0.36427644118666647,25,equity
2012-10-08,-0.5144000000000001,0.032966666666666665,0.5473333333333333,0.41973333333333335,3,commodity
2012-10-08,-0.35400062181252456,0.06739645564556121,0.4420113631723715,0.4905921886659094,28,equity
2012-10-09,-0.45652657475035924,0.10344413091213657,0.5599707056624958,0.33658515418378204,26,equity
2012-10-10,0.1996,0.2175,0.0179,0.7646,1,commodity
2012-10-10,-0.28963872536013907,0.11138340630210362,0.4010221316622427,0.4875944738921065,26,equity
2012-10-11,0.16926000000000002,0.32122,0.15194000000000002,0.5268200000000001,5,commodity
2012-10-11,-0.47732404126199307,0.093797298113781,0.571121339375774,0.3350813616481092,27,equity
2012-10-12,-0.10165999999999997,0.19488000000000003,0.29652,0.5086,5,commodity
2012-10-12,-0.40073638853545374,0.06459981174423145,0.46533620027968514,0.4700639838209519,26,equity
2012-10-13,-0.38443808289817893,0.061685105606627,0.4461231885048059,0.49219170248565763,26,equity
2012-10-14,-0.4690495880554502,0.11210602454096079,0.5906671510579494,0.2972268337859557,26,equity
2012-10-15,-0.22870000000000001,0.08700000000000001,0.3157,0.5972500000000001,2,commodity
2012-10-15,-0.228273473178538,0.15399303312341756,0.3822665063019555,0.4637404682401281,26,equity
2012-10-16,-0.5627,0.0199,0.5826,0.3974,1,commodity
2012-10-16,-0.3696950148420142,0.048892176556001817,0.42886576282658745,0.5222420623802713,28,equity
2012-10-17,-0.7819,0.0131,0.795,0.1918,1,commodity
2012-10-17,-0.3828077288475952,0.10627336027286947,0.5130882319776076,0.38063841037718316,28,equity
2012-10-18,0.022939999999999988,0.3221,0.29916,0.37874,5,commodity
2012-10-18,-0.4960216645737489,0.07325003991745137,0.5781865193060151,0.348563451676457,27,equity
2012-10-19,-0.250070084638607,0.09699683758215262,0.3470669222207597,0.5559362600056025,26,equity
2012-10-20,-0.0869,0.0699,0.1568,0.7733,1,commodity
2012-10-20,-0.5430216406658291,0.04713216837495565,0.5901538090407848,0.36271402448415757,25,equity
2012-10-21,-0.15856666666666666,0.17076666666666665,0.32933333333333337,0.49989999999999996,3,commodity
2012-10-21,-0.267848154123586,0.1666620560706808,0.4164332871173437,0.4169046764413898,26,equity
2012-10-22,0.17156666666666667,0.3568166666666666,0.18526666666666666,0.4579166666666667,6,commodity
2012-10-22,-0.4207162605840979,0.08535115647276066,0.5221674170568585,0.39248142528959684,28,equity
2012-10-23,0.012800000000000034,0.34955,0.33675,0.3137,2,commodity
2012-10-23,-0.3372583921515222,0.08890052371086746,0.4371554675865276,0.4739440118819475,29,equity
2012-10-24,-0.04569999999999999,0.24325,0.28895,0.46775,2,commodity
2012-10-24,-0.24693042853756678,0.14068662969608392,0.4197884868050793,0.43952488725738864,28,equity
2012-10-25,-0.3555828465160781,0.10625623898354493,0.46132122835676587,0.43242253357438104,28,equity
2012-10-26,-0.6882666666666667,0.018699999999999998,0.7069666666666666,0.2743333333333334,3,commodity
2012-10-26,-0.4571466186762921,0.07749441588936108,0.5532160345656532,0.36928955586467477,28,equity
2012-10-27,-0.2499,0.1494,0.3993,0.4513,1,commodity
2012-10-27,-0.3610273807123303,0.08443018320947886,0.4454575639218092,0.47011225134134293,25,equity
2012-10-28,-0.39458351258188484,0.08921362806111574,0.4837971406430006,0.42698923364281655,25,equity
2012-10-29,-0.4863,0.0335,0.5198,0.4467,1,commodity
2012-10-29,-0.511751846857369,0.04624962072819471,0.5580014675855637,0.3957489088177681,25,equity
2012-10-30,0.21015,0.4279,0.21775,0.354325,4,commodity
2012-10-30,-0.2915008671581745,0.14005562849342823,0.43155649565160276,0.4283878655731678,25,equity
2012-10-31,0.24180000000000001,0.31723999999999997,0.07542,0.60734,5,commodity
2012-10-31,-0.5087035531894519,0.04699060743531355,0.5556941606247654,0.3973152363816133,26,equity
2012-11-01,-0.1151,0.1166,0.2317,0.6516,1,commodity
2012-11-01,-0.29391707128916794,0.12787149760585564,0.4217885688950236,0.45033993084843343,26,equity
2012-11-02,-0.4565,0.12825,0.58475,0.28700000000000003,2,commodity
2012-11-02,-0.4303075228817761,0.10638299197531663,0.5366905148570927,0.35692650065399134,26,equity
2012-11-03,-0.4793764518201351,0.06816798530519008,0.5475444371253252,0.3842875817418098,25,equity
2012-11-04,-0.5571,0.0278,0.585,0.3872,1,commodity
2012-11-04,-0.5441255378723144,0.040829843506217,0.5849553813785314,0.37421478107571604,25,equity
2012-11-05,0.2776,0.31325000000000003,0.03555,0.6512,2,commodity
2012-11-05,-0.4775203555616515,0.10646568528783543,0.5888453001087463,0.3046889959424734,27,equity
2012-11-06,-0.10686666666666665,0.09386666666666665,0.20073333333333332,0.7054333333333332,3,commodity
2012-11-06,-0.21307617129214385,0.19302429280347294,0.414522686317839,0.39245302539732724,27,equity
2012-11-07,0.16569999999999996,0.3800666666666666,0.21436666666666668,0.4056,3,commodity
2012-11-07,-0.30062145961528375,0.12132529242177095,0.4346610377513404,0.4440136678644589,28,equity
2012-11-08,0.33063333333333333,0.4287666666666667,0.0981,0.4731000000000001,3,commodity
2012-11-08,-0.3557243892349876,0.06581810843915893,0.42154249767414653,0.5126394066386498,26,equity
2012-11-09,0.365475,0.407875,0.0424,0.5497,4,commodity
2012-11-09,-0.2594289820299656,0.14536101839470644,0.42220111153578316,0.43243787589889987,27,equity
2012-11-10,-0.4774454875367192,0.07235751892855534,0.5637606987729669,0.36388178459096415,26,equity
2012-11-11,-0.29803356645454965,0.09545701857325103,0.44553132576854143,0.45901166597174275,27,equity
2012-11-12,0.5290666666666667,0.5569333333333334,0.027866666666666665,0.4151666666666667,3,commodity
2012-11-12,-0.3801815263712062,0.10890607976426299,0.4890876061354692,0.40200630432138074,26,equity
2012-11-13,-0.160825,0.17717500000000003,0.33799999999999997,0.48477499999999996,4,commodity
2012-11-13,-0.5475713362415823,0.05479063881704441,0.6023619750586267,0.3428473850855461,26,equity
2012-11-14,-0.13944654283270239,0.18197627825488646,0.3405361544209222,0.4774875757992268,30,equity
2012-11-15,-0.18669999999999998,0.19066,0.37732,0.4320399999999999,5,commodity
2012-11-15,-0.4806482369447127,0.0715086309711582,0.5898782964872995,0.3386130697642054,28,equity
2012-11-16,-0.33713333333333334,0.08003333333333333,0.41713333333333336,0.5027666666666667,3,commodity
2012-11-16,-0.5068646048506101,0.11193614894593204,0.6188007537965421,0.2692630969815784,27,equity
2012-11-17,-0.31032553136348723,0.09913457676768303,0.4094601081311703,0.4914053165912628,25,equity
2012-11-18,0.2716,0.3506,0.0791,0.5703,1,commodity
2012-11-18,-0.24647036492824553,0.13992486968636514,0.38639523461461067,0.47367989540100097,25,equity
2012-11-19,0.210075,0.4074,0.19732499999999997,0.395275,4,commodity
2012-11-19,-0.48522433581658536,0.07557603449526208,0.5608003703118475,0.3636235986594801,27,equity
2012-11-20,-0.09013333333333333,0.19410000000000002,0.2842,0.5216999999999999,3,commodity
2012-11-20,-0.42217138087701583,0.10068212117680482,0.5057677877681064,0.39355007691894256,28,equity
2012-11-21,0.06303999999999998,0.20216000000000003,0.13913999999999999,0.65872,5,commodity
2012-11-21,-0.4993940795986698,0.07043339569981281,0.5698274752984827,0.3597391239152505,26,equity
2012-11-22,-0.2719213478625394,0.12834590798817003,0.4002672558507094,0.4713868385610672,26,equity
2012-11-23,-0.44448596987597366,0.06681928621536051,0.5113052560913341,0.4218754691106302,27,equity
2012-11-24,-0.47611544688901414,0.08573109804894086,0.5530502486416587,0.36121866996972646,27,equity
2012-11-25,0.1442,0.2983,0.1541,0.5476,1,commodity
2012-11-25,-0.4058326405286789,0.09076024595648051,0.4965928864851594,0.4126468628644943,25,equity
2012-11-26,-0.2910181531700492,0.10081981548716624,0.43535796865721543,0.46378887910743555,30,equity
2012-11-27,0.17203333333333334,0.3855,0.21343333333333334,0.4010666666666667,3,commodity
2012-11-27,-0.23117318868315026,0.12566619974639148,0.3826555174617998,0.49167828264159547,31,equity
2012-11-28,-0.19181227370130605,0.10635945466571842,0.32493724560840376,0.5687032886784652,29,equity
2012-11-29,-0.6244,0.0229,0.6473,0.3299,1,commodity
2012-11-29,-0.3710835995199425,0.12893428502897067,0.48713574169177026,0.38392998059679356,28,equity
2012-11-30,-0.55985,0.02955,0.58935,0.3811,2,commodity
2012-11-30,-0.2434974008720368,0.13719821471002486,0.37842061558206164,0.4843811755286796,28,equity
2012-12-01,-0.805,0.0165,0.8214,0.1621,1,commodity
2012-12-01,-0.42306256894022226,0.07606501519680023,0.4991275841370225,0.42480739794671535,25,equity
2012-12-02,0.3592,0.3849,0.0257,0.5893,1,commodity
2012-12-02,-0.4576167679919073,0.09087689761903424,0.5568205886878647,0.35230250928722895,26,equity
2012-12-03,0.2677,0.2973,0.0296,0.6731,1,commodity
2012-12-03,-0.3958739268460444,0.10338844505271741,0.4992623718987618,0.3973491831150438,28,equity
2012-12-04,-0.65135,0.02525,0.6766000000000001,0.29815,2,commodity
2012-12-04,-0.3548521289119014,0.11204203114741379,0.46689416005931517,0.4210638098280739,27,equity
2012-12-05,-0.6134499999999999,0.033825,0.647275,0.318875,4,commodity
2012-12-05,-0.4698152959919402,0.09849211522564293,0.6030431255032973,0.2984647594706288,28,equity
2012-12-06,-0.14875000000000002,0.11929999999999999,0.268075,0.612575,4,commodity
2012-12-06,-0.4339760807373914,0.07479378066314707,0.5122629648488144,0.4129432717335635,29,equity
2012-12-07,0.10528,0.31978,0.2145,0.4657,5,commodity
2012-12-07,-0.48335832886977326,0.06112477776270221,0.5485201436695125,0.39039212240002774,27,equity
2012-12-08,-0.3527240233309567,0.10769848000258207,0.4604225033335388,0.4318790352344513,25,equity
2012-12-09,0.262,0.3862,0.1242,0.4896,1,commodity
2012-12-09,-0.3039250659197569,0.08142717693001032,0.3853522428497672,0.533220586925745,25,equity
2012-12-10,-0.03222499999999999,0.1534,0.18565,0.660925,4,commodity
2012-12-10,-0.5555056465528806,0.04544536262461662,0.6009510091774971,0.3536036165921742,26,equity
2012-12-11,-0.4309777400854285,0.06004127254599222,0.5225597533721614,0.4173989749269353,27,equity
2012-12-12,0.3013166666666667,0.4010833333333334,0.09973333333333334,0.4991833333333333,6,commodity
2012-12-12,-0.15430653654038906,0.07097788248211145,0.22528441902250051,0.7037377026198166,28,equity
2012-12-13,-0.6467999999999999,0.023333333333333334,0.6701333333333334,0.30656666666666665,3,commodity
2012-12-13,-0.4143353365719892,0.07602097713746704,0.4903563137094562,0.43362269321313274,26,equity
2012-12-14,0.21282500000000001,0.37229999999999996,0.159475,0.46825,4,commodity
2012-12-14,-0.3782650815200474,0.09455430273960035,0.49060827314853667,0.41483741234960375,27,equity
2012-12-15,-0.4499360152333975,0.08877445802092553,0.538710473254323,0.372515073120594,25,equity
2012-12-16,-0.4421209029480815,0.07376153159886599,0.5158824345469475,0.41035602167248725,25,equity
2012-12-17,-0.608,0.0587,0.6667,0.2745,1,commodity
2012-12-17,-0.47056722377713484,0.05935556154984694,0.5299227853269818,0.41072165607832944,26,equity
2012-12-18,0.4905,0.5244,0.0339,0.4417,1,commodity
2012-12-18,-0.3928793631335455,0.09244319644357477,0.4919011310056916,0.41565567674168513,28,equity
2012-12-19,-0.4322333333333333,0.04073333333333333,0.47293333333333337,0.48629999999999995,3,commodity
2012-12-19,-0.4508293274511342,0.06672348369326857,0.5487750333666249,0.3845014854581268,27,equity
2012-12-20,-0.7746999999999999,0.02045,0.7951,0.18445,2,commodity
2012-12-20,-0.24972264258321766,0.0785882264216352,0.38088328279795636,0.5405284836188591,29,equity
2012-12-21,-0.15860000000000002,0.32066666666666666,0.47926666666666673,0.20006666666666664,3,commodity
2012-12-21,-0.36048526574785894,0.05619990854309155,0.4166851742909505,0.5271149184554815,26,equity
2012-12-22,-0.49535665579140187,0.07925372820347548,0.5746103839948773,0.34613589733839034,25,equity
2012-12-23,-0.6554,0.0211,0.6764,0.3025,1,commodity
2012-12-23,-0.432247171500841,0.12559110900530449,0.5578382805061455,0.3165706191211939,26,equity
2012-12-24,0.0586,0.2949,0.2362,0.4689,1,commodity
2012-12-24,-0.4232413734643055,0.13982666644054864,0.552825182761997,0.3073481495002551,28,equity
2012-12-25,0.7322,0.7625,0.0303,0.2071,1,commodity
2012-12-25,-0.4550376795133146,0.053778136306370676,0.5272850465889161,0.4189368172121736,26,equity
2012-12-26,-0.31255,0.0376,0.35014999999999996,0.61225,2,commodity
2012-12-26,-0.3964993547717178,0.10989351636143746,0.5063928711331553,0.38371361322976927,27,equity
2012-12-27,-0.005500000000000005,0.28,0.28545,0.4346,2,commodity
2012-12-27,-0.25157643807569036,0.1412752281932367,0.37185166626892713,0.48687309825972275,27,equity
2012-12-28,0.13936666666666667,0.31088333333333334,0.17153333333333332,0.5175666666666667,6,commodity
2012-12-28,-0.5865229810760529,0.038376990533261386,0.6248999716093143,0.33672303954760235,27,equity
2012-12-29,-0.4541147508034749,0.06767646988321628,0.5115519349724054,0.4207715937473945,28,equity
2012-12-30,-0.4124319476261735,0.08744328755885362,0.49987523518502713,0.4126814674586058,25,equity
2012-12-31,0.518,0.5943,0.07635,0.32935000000000003,2,commodity
2012-12-31,-0.26098921539233677,0.10520707718334321,0.40187560292050756,0.49291731658834836,29,equity
2013-01-01,-0.3295201164111495,0.09384838048368692,0.4233684968948364,0.4827831318974495,25,equity
2013-01-02,-0.027100000000000013,0.20806666666666665,0.23516666666666666,0.5567666666666667,3,commodity
2013-01-02,-0.44875450019527363,0.12299818276531166,0.5751526829605853,0.30184913075577324,27,equity
2013-01-03,-0.044533333333333334,0.17206666666666667,0.2166,0.6113333333333334,3,commodity
2013-01-03,-0.25500513605555253,0.09442738867018904,0.3617682390114559,0.5438043863879783,28,equity
2013-01-04,-0.5767599999999999,0.02312,0.59992,0.377,5,commodity
2013-01-04,-0.5088099350866216,0.0650678098989794,0.5738777449856011,0.36105445865541697,26,equity
2013-01-05,0.5729,0.6336,0.0607,0.3056,1,commodity
2013-01-05,-0.306375282369554,0.12398591581732035,0.4303611981868744,0.44565289437770844,25,equity
2013-01-06,-0.0569,0.0548,0.1117,0.8335,1,commodity
2013-01-06,-0.5658150052651763,0.053794783093035224,0.6196097883582116,0.3265954338759184,25,equity
2013-01-07,-0.4757,0.06805,0.5438000000000001,0.3882,2,commodity
2013-01-07,-0.3889252921436514,0.09329270542173514,0.47443585470824373,0.43223572365513874,28,equity
2013-01-08,0.1172,0.3649,0.2477,0.3874,1,commodity
2013-01-08,-0.4286664816102496,0.07737726669896532,0.506043748309215,0.41657898595763576,27,equity
2013-01-09,0.5451,0.5801,0.035,0.3848,1,commodity
2013-01-09,-0.3172707364757678,0.10703352300396987,0.4419042594797377,0.451062214489494,28,equity
2013-01-10,-0.0579,0.2727,0.3306,0.3967,1,commodity
2013-01-10,-0.33607823312641294,0.09445541592576989,0.43914476016329396,0.4663998219448107,27,equity
2013-01-11,-0.6767666666666666,0.021833333333333333,0.6986333333333333,0.27953333333333336,3,commodity
2013-01-11,-0.24958892918571277,0.13112698557476202,0.3807159147604748,0.4881570896616689,27,equity
2013-01-12,-0.32643230333924295,0.12498966902494431,0.45142197236418724,0.4235883490741253,25,equity
2013-01-13,-0.1825,0.2221,0.4045,0.3734,1,commodity
2013-01-13,-0.31893773056566715,0.12280657537281513,0.4417443059384823,0.4354491248726845,25,equity
2013-01-14,-0.5112,0.0963,0.6075,0.2962,1,commodity
2013-01-14,-0.24745880967831171,0.20735017779855816,0.45389046895835133,0.3387593627632768,27,equity
2013-01-15,-0.278,0.044700000000000004,0.3227,0.6325000000000001,2,commodity
2013-01-15,-0.30608701526091014,0.09558402984563646,0.4016710451065466,0.5027449260112541,29,equity
2013-01-16,0.30589999999999995,0.36029999999999995,0.054400000000000004,0.58525,2,commodity
2013-01-16,-0.2782603842674244,0.12464255132550194,0.41713196785099077,0.45819322206800983,31,equity
2013-01-17,-0.2339,0.24334999999999998,0.47719999999999996,0.27945,2,commodity
2013-01-17,-0.2272760142493461,0.1412204573511013,0.42343218588616166,0.435347361552396,28,equity
2013-01-18,0.13067499999999999,0.2145,0.083825,0.7017,4,commodity
2013-01-18,-0.1691598807840209,0.1637224852666259,0.31134308033636104,0.5248987101827349,28,equity
2013-01-19,-0.2777755530551076,0.12104355414899495,0.3988191072041026,0.4801373378588603,26,equity
2013-01-20,-0.24879074512192836,0.10437882874304286,0.3531695738649712,0.5424515908727279,26,equity
2013-01-21,0.24683333333333335,0.3049,0.057999999999999996,0.6370999999999999,3,commodity
2013-01-21,-0.3252875047363341,0.1064129119552672,0.43170041669160125,0.4618866661190987,25,equity
2013-01-22,0.18774444444444444,0.30775555555555556,0.1200111111111111,0.5722444444444444,9,commodity
2013-01-22,-0.35566136586884306,0.09740450790684138,0.4739265880613987,0.4286689043311136,28,equity
2013-01-23,0.25325,0.31174999999999997,0.05845,0.6297999999999999,2,commodity
2013-01-23,-0.3484914951058812,0.09003179533497012,0.4315508766477478,0.4784173235533567,29,equity
2013-01-24,0.02105,0.058249999999999996,0.037250000000000005,0.90455,2,commodity
2013-01-24,-0.349237907713709,0.09283085009799553,0.4420687578117045,0.4651003908365965,26,equity
2013-01-25,-0.08285000000000003,0.3386,0.4214,0.24,2,commodity
2013-01-25,-0.47863083207406676,0.06711435758580382,0.5457451896598706,0.3871404684793491,26,equity
2013-01-26,-0.0569,0.0781,0.1349,0.787,1,commodity
2013-01-26,-0.3838312169446395,0.12897270131168456,0.5264654567178625,0.34456185515224935,26,equity
2013-01-27,-0.6822,0.0203,0.7024,0.2773,1,commodity
2013-01-27,-0.2822621457385796,0.09654603665460039,0.38426744165243926,0.5191865190024729,27,equity
2013-01-28,-0.13974285714285714,0.17674285714285712,0.3164571428571429,0.5068285714285714,7,commodity
2013-01-28,-0.36560823750706123,0.09526791664958001,0.46334758272806986,0.44138449980744293,28,equity
2013-01-29,0.5819,0.6378,0.0559,0.3063,1,commodity
2013-01-29,-0.2846823551536671,0.09338587177119084,0.4254003697820008,0.4811780338500227,28,equity
2013-01-30,0.5957,0.619,0.0233,0.3577,1,commodity
2013-01-30,-0.2760357318469882,0.10872901769305268,0.3988747495400409,0.4923962317114075,30,equity
2013-01-31,-0.3208333333333333,0.12906666666666666,0.4499,0.4210333333333333,3,commodity
2013-01-31,-0.23458317261950246,0.14502575859214578,0.39388750264021966,0.4610867429918476,28,equity
2013-02-01,0.2735,0.4624333333333334,0.1889666666666667,0.34859999999999997,3,commodity
2013-02-01,-0.31730659590127136,0.09085571971535683,0.4490450742373179,0.4601336735836391,29,equity
2013-02-02,-0.38036393409806946,0.05260273172190556,0.46726281966612887,0.4800959794080028,26,equity
2013-02-03,0.4485,0.4662,0.0177,0.5161,1,commodity
2013-02-03,-0.37467075454655746,0.09129489792768772,0.4390887293973221,0.4696163656184307,26,equity
2013-02-04,-0.136375,0.215975,0.352375,0.43162500000000004,4,commodity
2013-02-04,-0.3955677152038194,0.05876414148280254,0.4543318566866219,0.48690399799782497,26,equity
2013-02-05,-0.34369999999999995,0.13699999999999998,0.4807333333333334,0.3822666666666667,3,commodity
2013-02-05,-0.4437769533206637,0.06187379628849717,0.5056507496091609,0.43247545854403424,26,equity
2013-02-06,0.09374000000000002,0.2193,0.12562,0.65508,5,commodity
2013-02-06,-0.4323414022174592,0.076275428577971,0.5086168307954302,0.41510774474591017,26,equity
2013-02-07,0.21739999999999998,0.2761,0.058699999999999995,0.6652,2,commodity
2013-02-07,-0.2769277257701525,0.12058292150210875,0.39751064727226126,0.4819064267839377,26,equity
2013-02-08,-0.1409,0.08059999999999999,0.22153333333333333,0.6978666666666667,3,commodity
2013-02-08,-0.4053799418660884,0.05747136011576423,0.4628513019818526,0.47967734947227514,26,equity
2013-02-09,-0.45558980062718574,0.06397455684267558,0.5092182036237075,0.4268072386739346,26,equity
2013-02-10,-0.40091208716642396,0.09877331962092566,0.4672161760181189,0.4340104993461416,26,equity
2013-02-11,-0.2087,0.06575,0.27444999999999997,0.6597999999999999,2,commodity
2013-02-11,-0.1399402615649085,0.12379254263206836,0.33439409451955754,0.5418133674148591,31,equity
2013-02-12,-0.2725,0.13255,0.4051,0.46235000000000004,2,commodity
2013-02-12,-0.36830655509763294,0.07032500172930735,0.4340426679380514,0.49563232840100924,27,equity
2013-02-13,-0.052300000000000006,0.08499999999999999,0.13724999999999998,0.7777000000000001,2,commodity
2013-02-13,-0.3650749258768673,0.09881155497322862,0.46388648085009593,0.4373019760331282,26,equity
2013-02-14,-0.102275,0.1896,0.29184999999999994,0.518575,4,commodity
2013-02-14,-0.4096567486664211,0.08649112551410994,0.4997886149212718,0.41372026208263857,27,equity
2013-02-15,-0.10902857142857143,0.2065857142857143,0.3156,0.47781428571428564,7,commodity
2013-02-15,-0.37271328726300484,0.0822893711220887,0.4490396954221306,0.4686709433209013,27,equity
2013-02-16,-0.4355669004097581,0.07200223062187433,0.5075691310316324,0.4204286353290081,25,equity
2013-02-17,-0.38199487671256066,0.07593886993825436,0.457933746650815,0.46612739250063895,25,equity
2013-02-18,0.07749999999999997,0.32326,0.24578000000000003,0.43094,5,commodity
2013-02-18,-0.20003856968134642,0.16729549266397953,0.36733406234532595,0.4653704500198364,25,equity
2013-02-19,-0.15815,0.054925,0.21315,0.7319,4,commodity
2013-02-19,-0.3875315399426553,0.06121397101216846,0.44874551095482373,0.4900405122726052,27,equity
2013-02-20,-0.34096666666666664,0.12106666666666667,0.4620333333333333,0.4169,3,commodity
2013-02-20,-0.2786166723943419,0.08539752340620314,0.3908956772820265,0.5237068041408504,27,equity
2013-02-21,-0.03050000000000001,0.20643333333333333,0.2369666666666667,0.55665,6,commodity
2013-02-21,-0.4254002589857472,0.05242797696829906,0.5079175216683319,0.4396544922164508,28,equity
2013-02-22,-0.6977,0.0199,0.7175,0.2626,1,commodity
2013-02-22,-0.3270022116171626,0.11470042674157482,0.4417026383587374,0.44359694679196066,26,equity
2013-02-23,0.6773,0.7071,0.0298,0.263,1,commodity
2013-02-23,-0.12346931769671264,0.15332862170509717,0.341946087549958,0.5046882548116975,27,equity
2013-02-24,-0.36077947705984115,0.10319324105978012,0.46397271811962126,0.43283403411507604,25,equity
2013-02-25,0.38989999999999997,0.4167666666666667,0.026866666666666667,0.5564,3,commodity
2013-02-25,-0.1666668799992364,0.1688785349520353,0.3355454149512717,0.49557605837113583,26,equity
2013-02-26,0.38125000000000003,0.44385,0.06258333333333334,0.4935666666666667,6,commodity
2013-02-26,-0.4926754295094205,0.04861285926641098,0.5412882887758315,0.4100988544523716,28,equity
2013-02-27,-0.24802857142857143,0.17639999999999997,0.42442857142857143,0.3991571428571429,7,commodity
2013-02-27,-0.4916440292245812,0.07782618289634033,0.5890961380468475,0.3330776750555745,27,equity
2013-02-28,-0.0194,0.2846,0.304,0.41135,2,commodity
2013-02-28,-0.2829814676378612,0.09728265462429436,0.4140863444843778,0.4886309885426804,27,equity
2013-03-01,-0.24726666666666666,0.16876666666666665,0.41609999999999997,0.41513333333333335,3,commodity
2013-03-01,-0.26846344735730027,0.11415763168561238,0.40213589385772747,0.48370647809571693,27,equity
2013-03-02,-0.2864880965094481,0.11432348705349225,0.3987437264200832,0.4869327865264245,28,equity
2013-03-03,-0.3052329871803522,0.10081135593354702,0.40604434311389925,0.49314428627490997,25,equity
2013-03-04,-0.10202000000000004,0.18694,0.28896,0.52412,5,commodity
2013-03-04,-0.34277754939662725,0.10682288611021179,0.44960043550683904,0.4435766807828958,26,equity
2013-03-05,0.23965,0.38005,0.14045,0.47950000000000004,2,commodity
2013-03-05,-0.42336481147934996,0.03913974194675684,0.5087412200927734,0.45211903336594506,30,equity
2013-03-06,-0.020733333333333326,0.20936666666666667,0.23013333333333333,0.5605,3,commodity
2013-03-06,-0.35716288237268373,0.12865734979776397,0.508780946456162,0.36256170125146,28,equity
2013-03-07,-0.021199999999999997,0.2002,0.22145,0.5783499999999999,2,commodity
2013-03-07,-0.366197482068677,0.0767819871825299,0.47101875496549267,0.4521992399905409,28,equity
2013-03-08,-0.1689333333333333,0.16056666666666666,0.3295166666666666,0.5099499999999999,6,commodity
2013-03-08,-0.2603184756179308,0.09859235066098385,0.36235910214098366,0.5390485474549491,29,equity
2013-03-09,-0.32406322019174694,0.09638994438573718,0.4204531645774841,0.48315688483417035,25,equity
2013-03-10,-0.2958548915774182,0.10191995646721787,0.4119155887853768,0.4861644577483336,27,equity
2013-03-11,-0.5067402688802353,0.05277582354444478,0.5440518067103943,0.40317237832663316,28,equity
2013-03-12,0.189975,0.370675,0.18065000000000003,0.44867499999999993,4,commodity
2013-03-12,-0.361680819687468,0.11914290422228752,0.48082372390975553,0.4000333651072449,27,equity
2013-03-13,-0.04072,0.15452,0.19524,0.65024,5,commodity
2013-03-13,-0.3062373707376145,0.08750612737790302,0.4078101647821842,0.504646665421901,27,equity
2013-03-14,-0.07155,0.0673,0.13885,0.7939,2,commodity
2013-03-14,-0.2799151256107367,0.11304883540679629,0.392963961017533,0.4939872009249834,26,equity
2013-03-15,-0.45965,0.041249999999999995,0.5009,0.4578,2,commodity
2013-03-15,-0.39322347659772194,0.0610404034541161,0.4850157319036899,0.45394386067544973,27,equity
2013-03-16,-0.26765373967587947,0.14645258404314518,0.41410632371902467,0.4394410914182663,25,equity
2013-03-17,-0.36277178603296095,0.1022944856936542,0.46506627172661513,0.43263925067507303,26,equity
2013-03-18,0.215675,0.34735,0.13167500000000001,0.521,4,commodity
2013-03-18,-0.21192663394719363,0.16545302231411138,0.4169029895946384,0.41764398678739867,30,equity
2013-03-19,-0.3860425400418264,0.11844183821920995,0.5052362301128882,0.37632192545908466,27,equity
2013-03-20,-0.25394,0.1625,0.41646,0.42103999999999997,5,commodity
2013-03-20,-0.44498848700179505,0.07678813508783396,0.5217766220896289,0.40143523207650733,26,equity
2013-03-21,-0.42228456100560724,0.044731068647599646,0.45464420108177833,0.500624727642962,28,equity
2013-03-22,0.14132499999999998,0.287475,0.14615,0.566325,4,commodity
2013-03-22,-0.31921027045553696,0.11626352534557764,0.43547379580111456,0.4482626774563239,26,equity
2013-03-23,-0.2207716616243124,0.17191368091851472,0.3926853425428271,0.4354009801894426,25,equity
2013-03-24,0.40375000000000005,0.42965000000000003,0.02595,0.5444,2,commodity
2013-03-24,-0.32336677520695545,0.08174378800658243,0.4746462774992522,0.4436456487466182,28,equity
2013-03-25,-0.3927,0.09266666666666666,0.4854333333333334,0.4219,3,commodity
2013-03-25,-0.40483683465908354,0.07882894944542876,0.4836657841045123,0.4375052572084734,26,equity
2013-03-26,-0.2707,0.0773,0.348,0.5748,1,commodity
2013-03-26,-0.2816690452358789,0.12005627745031207,0.42589569305656133,0.45404802042135484,27,equity
2013-03-27,0.45794999999999997,0.5428999999999999,0.08505,0.37205,2,commodity
2013-03-27,-0.41014157809195695,0.07694102197443999,0.4540011185849155,0.46905787116841036,27,equity
2013-03-28,-0.46270000000000006,0.08703333333333334,0.5497,0.36319999999999997,3,commodity
2013-03-28,-0.27118610239194496,0.14684440718729186,0.42810458365331094,0.42505101481631946,27,equity
2013-03-29,-0.3414639147743583,0.12013145990669727,0.46159537468105555,0.41827317520976065,25,equity
2013-03-30,0.4283,0.4815,0.0532,0.4653,1,commodity
2013-03-30,-0.44146698974072934,0.06196589577943087,0.5034328855201602,0.43460123471915724,25,equity
2013-03-31,-0.48428375330087214,0.04847508575049816,0.5534921723847036,0.3980327361733825,27,equity
2013-04-01,0.1835,0.21976666666666667,0.03626666666666667,0.7439666666666667,3,commodity
2013-04-01,-0.2769002162984173,0.143649376489089,0.4181103070732206,0.43824031878262765,28,equity
2013-04-02,-0.21224999999999997,0.18986666666666666,0.4021333333333334,0.4080000000000001,6,commodity
2013-04-02,-0.18591186755304534,0.14029059755007425,0.3730391317697863,0.4866702850535512,30,equity
2013-04-03,-0.4449666666666667,0.0386,0.4835666666666667,0.47786666666666666,3,commodity
2013-04-03,-0.30901412182272625,0.07720122482770911,0.3862153466504354,0.5365834380141817,26,equity
2013-04-04,-0.5864666666666667,0.030966666666666667,0.6174333333333334,0.3516333333333333,3,commodity
2013-04-04,-0.21050393402149278,0.12564142993266383,0.3538420306208233,0.520516541309158,30,equity
2013-04-05,-0.14414999999999997,0.21741666666666667,0.36155,0.42103333333333337,6,commodity
2013-04-05,-0.22828742076398006,0.13857753844984938,0.39918281635668657,0.46223964841983145,28,equity
2013-04-06,-0.2867740633711219,0.14373110212385654,0.4305051654949784,0.4257637361437082,25,equity
2013-04-07,-0.5901554507389665,0.06173110064119101,0.6518865513801575,0.2863823512941599,25,equity
2013-04-08,-0.5735750000000001,0.05385,0.6274249999999999,0.31872500000000004,4,commodity
2013-04-08,-0.13165629065904547,0.1221220893314218,0.344537203519879,0.5333701117915266,34,equity
2013-04-09,-0.13688345911026245,0.10981092052411355,0.2927495520481691,0.5974395289692168,29,equity
2013-04-10,-0.12419999999999998,0.2091,0.3333,0.4576,2,commodity
2013-04-10,-0.0859893610277964,0.16333862533252083,0.26603766377967214,0.5706882319738787,31,equity
2013-04-11,-0.31152520029490194,0.09868064371719958,0.4482858440121015,0.4530001738150914,30,equity
2013-04-12,-0.21184999999999998,0.19367499999999999,0.40549999999999997,0.400825,4,commodity
2013-04-12,0.016194805333931594,0.1513485124154437,0.16628273933957663,0.6823687510990328,31,equity
2013-04-13,-0.35060781456530093,0.09863335993140936,0.4492411744967103,0.45212546721100805,25,equity
2013-04-14,-0.249,0.1142,0.3632,0.5226,1,commodity
2013-04-14,-0.268832150362432,0.11335840720683336,0.38219055756926534,0.5044510321319103,25,equity
2013-04-15,-0.6518727272727273,0.02771818181818182,0.6795818181818182,0.29271818181818177,11,commodity
2013-04-15,-0.2607569864359001,0.11472844218115011,0.35024542861705027,0.5350261261284353,30,equity
2013-04-16,-0.3905727272727273,0.0647909090909091,0.4553727272727272,0.4798363636363637,11,commodity
2013-04-16,-0.277789085393101,0.08047006080622475,0.4470391461993257,0.4724907981167237,30,equity
2013-04-17,-0.3435,0.129125,0.4726,0.3983,4,commodity
2013-04-17,-0.38052421329987274,0.06798016400773216,0.47270067360390117,0.4593191729088624,27,equity
2013-04-18,0.002585714285714334,0.2980571428571429,0.29550000000000004,0.4064571428571429,7,commodity
2013-04-18,-0.2845313115626093,0.12100373530676288,0.41631891783711406,0.46270962069303756,31,equity
2013-04-19,-0.6796666666666668,0.021,0.7007,0.2783333333333333,3,commodity
2013-04-19,-0.427805803465442,0.07900640160705034,0.5068122050724924,0.41418138862802434,26,equity
2013-04-20,0.3553333333333333,0.4742333333333333,0.11890000000000002,0.4069,3,commodity
2013-04-20,-0.3379186722103793,0.09852096938055295,0.4654434877447784,0.43603554792530264,26,equity
2013-04-21,-0.31010090578347443,0.11396070923656225,0.4240616150200367,0.4619776862859726,25,equity
2013-04-22,0.5606333333333333,0.5869666666666666,0.02626666666666667,0.38680000000000003,3,commodity
2013-04-22,-0.22672616700761847,0.17748870984023368,0.4077445064774818,0.41476678368228453,27,equity
2013-04-23,-0.024500000000000004,0.2899428571428571,0.3144857142857143,0.3956,7,commodity
2013-04-23,-0.43805192208632276,0.0511059498982849,0.5104430571697928,0.4384509967951863,27,equity
2013-04-24,0.0756625,0.2961625,0.22049999999999997,0.483325,8,commodity
2013-04-24,-0.2995108701886288,0.10946771838284772,0.4587475540887179,0.43178472685402836,29,equity
2013-04-25,0.32145,0.45831666666666665,0.13681666666666667,0.40488333333333343,6,commodity
2013-04-25,-0.2044951273449262,0.10744881098692614,0.354830604998519,0.5377205894162258,30,equity
2013-04-26,0.20919999999999997,0.2872,0.078,0.6348,2,commodity
2013-04-26,-0.35627146955008304,0.07476810442954301,0.4504395739796261,0.4747923274581631,30,equity
2013-04-27,-0.39166225396096704,0.059021339789032935,0.45068359375,0.49029508486390116,25,equity
2013-04-28,-0.4962361196056008,0.0731717437133193,0.5694078633189201,0.3574203884601593,25,equity
2013-04-29,-0.040449999999999986,0.24164999999999998,0.2821,0.47634999999999994,2,commodity
2013-04-29,-0.41986095582922295,0.033879351727167765,0.4739936408897241,0.4921270116051038,30,equity
2013-04-30,-0.34964999999999996,0.050499999999999996,0.40015,0.5493,2,commodity
2013-04-30,-0.2330659786791894,0.146794573820742,0.4198536559482074,0.433351758396831,29,equity
2013-05-01,-0.2381,0.04675,0.28485,0.6684,2,commodity
2013-05-01,-0.16068041209418857,0.12078432237543166,0.3318718773267631,0.547343809611031,28,equity
2013-05-02,-0.0936,0.0744,0.168,0.7575,1,commodity
2013-05-02,-0.33925532448079704,0.073880257159342,0.4236498673544248,0.5024698706300512,28,equity
2013-05-03,-0.02754000000000002,0.2834,0.31098,0.40566,5,commodity
2013-05-03,-0.2932256969622274,0.0976530639000237,0.4257054275289178,0.4766415055597822,30,equity
2013-05-04,-0.4062638006731868,0.10123546529561281,0.5074992659687996,0.39126526571810244,25,equity
2013-05-05,-0.23224911976747822,0.10888829842393603,0.34113741819141424,0.5499742797338653,25,equity
2013-05-06,-0.1547,0.0788,0.23349999999999999,0.6877,2,commodity
2013-05-06,-0.3931776779957373,0.09735875845417895,0.5181605743809506,0.3844806621228827,29,equity
2013-05-07,0.006374999999999992,0.315075,0.3087,0.376225,4,commodity
2013-05-07,-0.4695869491443038,0.10215598725196387,0.5998577512110825,0.29798627198846256,27,equity
2013-05-08,0.04570000000000002,0.3443666666666667,0.2987,0.3569333333333334,3,commodity
2013-05-08,-0.3319241440731066,0.05902752987626526,0.39183315543085334,0.5491393099327881,27,equity
2013-05-09,0.4167,0.4263,0.0095,0.5642,1,commodity
2013-05-09,-0.21340906205528204,0.11217126698575673,0.37283516775071623,0.5149935765295259,31,equity
2013-05-10,-0.49307500000000004,0.039724999999999996,0.532775,0.427475,4,commodity
2013-05-10,-0.352077817472443,0.0756413486607905,0.4517513089903763,0.4726073476374149,28,equity
2013-05-11,-0.6627,0.0207,0.6834,0.2958,1,commodity
2013-05-11,-0.45942977610975505,0.08567747008055449,0.5451072461903095,0.36921529062092306,25,equity
2013-05-12,-0.22503333333333334,0.11373333333333331,0.33876666666666666,0.5475,3,commodity
2013-05-12,-0.420602497767829,0.10164801719612801,0.5502620534254954,0.3480899331036668,26,equity
2013-05-13,-0.23715,0.07769999999999999,0.314875,0.607425,4,commodity
2013-05-13,-0.328776049712946,0.07547349763338765,0.443442880679667,0.4810836205383142,30,equity
2013-05-14,-0.20040000000000002,0.09663333333333333,0.29706666666666665,0.6063,3,commodity
2013-05-14,-0.07242731903277595,0.1488014613235819,0.22910119414946128,0.6220973402878334,29,equity
2013-05-15,-0.27752,0.05058,0.32808,0.6213599999999999,5,commodity
2013-05-15,-0.3331984034472704,0.10788806242619951,0.4546964658734699,0.4374154668574532,30,equity
2013-05-16,-0.6506,0.0213,0.67195,0.3068,2,commodity
2013-05-16,-0.23100167944163086,0.10345984557121991,0.35816485834618406,0.5384086221516132,30,equity
2013-05-17,-0.36055,0.08505,0.44555,0.4694,2,commodity
2013-05-17,-0.46803682680743247,0.08845715901742761,0.5564939858248601,0.3550488544054903,26,equity
2013-05-18,-0.3693,0.0635,0.4328,0.5036,1,commodity
2013-05-18,-0.16484365647357924,0.1570265476554632,0.3734553893142276,0.4694810264761801,27,equity
2013-05-19,-0.23697394505143166,0.1311886557019674,0.368162600753399,0.5006487507086533,26,equity
2013-05-20,-0.13743333333333332,0.12276666666666668,0.26016666666666666,0.6170666666666667,3,commodity
2013-05-20,-0.2814907509125529,0.08085458565935973,0.36536791721707396,0.5537774991364249,31,equity
2013-05-21,0.07556000000000003,0.35722000000000004,0.28168000000000004,0.36106,5,commodity
2013-05-21,-0.21346145755658227,0.08450976144209985,0.3772808964180369,0.5382093478479694,31,equity
2013-05-22,0.28645,0.43185000000000007,0.145425,0.42272499999999996,4,commodity
2013-05-22,-0.3052838370089233,0.11027615060309569,0.43735665427868564,0.4523671929761767,30,equity
2013-05-23,0.4646,0.5988,0.1341,0.2671,1,commodity
2013-05-23,-0.4857809043206018,0.049394986673675735,0.5655758909942774,0.38502911468877876,29,equity
2013-05-24,-0.5258666666666667,0.09213333333333333,0.618,0.28983333333333333,3,commodity
2013-05-24,-0.4909072712934736,0.06401182594150305,0.5580053041315284,0.37798286546304305,29,equity
2013-05-25,-0.45514686916023495,0.10525515295565128,0.5604020221158862,0.3343428353220224,25,equity
2013-05-26,-0.5285935826972127,0.042889010049402716,0.5714825927466154,0.38562838181853293,25,equity
2013-05-27,0.4947,0.561,0.0664,0.3726,1,commodity
2013-05-27,-0.37955612611025574,0.09345023695379495,0.4730063630640507,0.43354339644312856,25,equity
2013-05-28,-0.651575,0.02515,0.67675,0.29810000000000003,4,commodity
2013-05-28,-0.42859695032303535,0.12189861695741613,0.5478389006137848,0.33026248115599155,30,equity
2013-05-29,-0.0414,0.0517,0.0931,0.8551,1,commodity
2013-05-29,-0.3006884527205024,0.0968391402172856,0.43653384293778796,0.46665825360268354,32,equity
2013-05-30,0.28515999999999997,0.39952,0.11435999999999999,0.4861000000000001,5,commodity
2013-05-30,-0.3637202133971453,0.10370427623117964,0.47242782296165825,0.423867909437418,30,equity
2013-05-31,-0.69975,0.021949999999999997,0.7216499999999999,0.25639999999999996,2,commodity
2013-05-31,-0.29717384805455804,0.06870148037895561,0.38659199510018033,0.5447398691852887,30,equity
2013-06-01,-0.10888111445589198,0.1842062330715082,0.3404429030829558,0.4753878931215516,27,equity
2013-06-02,-0.6856,0.017,0.7026,0.2804,1,commodity
2013-06-02,-0.4174662790665833,0.07321522506727622,0.5069545810569364,0.4198686683453046,26,equity
2013-06-03,-0.017371428571428562,0.1712,0.18855714285714287,0.6402571428571429,7,commodity
2013-06-03,-0.5288086396355468,0.058995242266414255,0.5878038819019611,0.35320086791538274,26,equity
2013-06-04,-0.051774999999999995,0.1986,0.250375,0.551,4,commodity
2013-06-04,-0.5247442853755421,0.05617950039936437,0.5943200820712028,0.3495004253939346,27,equity
2013-06-05,0.1327,0.25456666666666666,0.12186666666666666,0.6235666666666666,3,commodity
2013-06-05,-0.3966986927100354,0.09955470184623091,0.49625339455626627,0.40419190404591737,27,equity
2013-06-06,-0.0964,0.18643333333333334,0.2828333333333333,0.5307666666666666,3,commodity
2013-06-06,-0.32269625163013116,0.10310788675234653,0.4041197633824777,0.4928035988174379,32,equity
2013-06-07,-0.2041333333333333,0.049833333333333334,0.254,0.6962333333333334,3,commodity
2013-06-07,-0.052901914197879464,0.08359136600503998,0.21670618342872588,0.6997024423345443,31,equity
2013-06-08,-0.27436179040723613,0.08999313477719469,0.37571563947014514,0.5342912273492132,28,equity
2013-06-09,-0.5018,0.0395,0.5414,0.4191,1,commodity
2013-06-09,-0.28188244647360766,0.1237191391713344,0.43031312410648054,0.4459677405907557,26,equity
2013-06-10,-0.0222,0.0484,0.0705,0.8811,1,commodity
2013-06-10,-0.23808939575383375,0.0691173129205046,0.3369860190191659,0.5938966723957967,29,equity
2013-06-11,-0.43626666666666664,0.035366666666666664,0.47163333333333335,0.49300000000000005,3,commodity
2013-06-11,-0.058548773293854564,0.12354668265603044,0.2522631030087085,0.6241902134313304,34,equity
2013-06-12,-0.06484999999999999,0.14250000000000002,0.2074,0.6501,2,commodity
2013-06-12,-0.34665404660696614,0.05972166953801081,0.419879164420839,0.520399151814395,29,equity
2013-06-13,-0.22159076632170532,0.09347965487064355,0.35396104619234886,0.5526217977728544,32,equity
2013-06-14,0.05804999999999999,0.40635,0.3483,0.24534999999999998,2,commodity
2013-06-14,-0.13352645462031162,0.14189639313519004,0.35193951442216836,0.5061307578365007,30,equity
2013-06-15,0.6378,0.6638,0.0261,0.3101,1,commodity
2013-06-15,-0.2983006153426491,0.08348461497947574,0.4048929226298172,0.5116224627489081,26,equity
2013-06-16,0.279,0.3103,0.0313,0.6584,1,commodity
2013-06-16,-0.5009903896972537,0.05669464465230703,0.5576850343495607,0.38562031552195547,25,equity
2013-06-17,-0.30905,0.0405,0.34955,0.60995,2,commodity
2013-06-17,-0.37255072265753036,0.08545749572416146,0.4384341443076178,0.47610835251764017,27,equity
2013-06-18,-0.1711,0.223,0.394,0.383,1,commodity
2013-06-18,-0.3186953884354439,0.09094958976707582,0.43337946096114044,0.4756709579106035,29,equity
2013-06-19,-0.57,0.0197,0.5897,0.3905,1,commodity
2013-06-19,-0.4221615806600948,0.05675233871415257,0.4847072527075807,0.4585737394591173,30,equity
2013-06-20,-0.507925,0.038025,0.545925,0.41605000000000003,4,commodity
2013-06-20,-0.42355846317677665,0.07293871255064832,0.5031523481412181,0.4239089411065496,29,equity
2013-06-21,-0.4471166666666666,0.10215,0.5493,0.3485333333333333,6,commodity
2013-06-21,-0.38154115478481565,0.10976005947616484,0.48151549997526616,0.40872443529324876,28,equity
2013-06-22,-0.2864987878873944,0.10587087988853455,0.39236966777592897,0.5017594590783119,25,equity
2013-06-23,-0.4221429588351112,0.06588086370092172,0.5045661302283406,0.4295530125899957,26,equity
2013-06-24,-0.40573999999999993,0.04332,0.44904,0.5075999999999999,5,commodity
2013-06-24,-0.48347846744582057,0.06374041048380044,0.547218877929621,0.38904072244006854,26,equity
2013-06-25,-0.478175,0.0772,0.55535,0.367425,4,commodity
2013-06-25,-0.379653707648126,0.06790977501525329,0.44756348266337925,0.4845267360886702,26,equity
2013-06-26,-0.22796,0.19078,0.4187,0.39052,5,commodity
2013-06-26,-0.2747519816894469,0.07016998750613682,0.40384955540248035,0.5259459633816932,29,equity
2013-06-27,-0.6857500000000001,0.02195,0.7077,0.27035,2,commodity
2013-06-27,-0.31750376150012016,0.0779578030610887,0.39546156456120884,0.526580620270509,26,equity
2013-06-28,-0.5229666666666667,0.03336666666666666,0.5562999999999999,0.4103333333333334,3,commodity
2013-06-28,-0.4182849020988853,0.07845015765892134,0.5010350597578066,0.42055181824057186,27,equity
2013-06-29,0.1191,0.34940000000000004,0.2303,0.42035,2,commodity
2013-06-29,-0.49949671503156423,0.05402164146304131,0.5535183564946056,0.3924600152671337,25,equity
2013-06-30,-0.2812,0.1097,0.3909,0.4994,1,commodity
2013-06-30,-0.39057922795414923,0.11044644735753537,0.5010256753116846,0.38852787792682647,25,equity
2013-07-01,0.24776666666666666,0.41853333333333337,0.17076666666666665,0.4107,3,commodity
2013-07-01,-0.28894894285011913,0.08255449139429577,0.4542965376926907,0.4631144732853462,29,equity
2013-07-02,0.53535,0.5775,0.04215,0.38029999999999997,2,commodity
2013-07-02,-0.391265092051455,0.0850134228683476,0.5039928006340882,0.4109937728387969,28,equity
2013-07-03,0.28059999999999996,0.35205,0.07145,0.5765,2,commodity
2013-07-03,-0.4797380585462959,0.04345897078293341,0.5294155478477478,0.4271254853705565,27,equity
2013-07-04,-0.4446,0.0573,0.5019,0.4409,1,commodity
2013-07-04,-0.2682346883804179,0.08014675816607017,0.35577375423879576,0.564079474162597,26,equity
2013-07-05,-0.22973333333333334,0.08036666666666666,0.3101,0.6095333333333334,3,commodity
2013-07-05,-0.3628582558767111,0.10034211935406481,0.46320037523077595,0.43645750758824525,27,equity
2013-07-06,-0.6808000000000001,0.02225,0.70305,0.27475,2,commodity
2013-07-06,-0.42660163380646937,0.10916158107152353,0.5106747533395313,0.38016366046667105,26,equity
2013-07-07,-0.23722688376357157,0.09298745770448888,0.3794402673939864,0.5275722667265822,27,equity
2013-07-08,-0.1409,0.10103333333333332,0.24196666666666666,0.6570333333333334,3,commodity
2013-07-08,-0.40117350163368076,0.05842642020434141,0.4595999218380222,0.48197366813054454,26,equity
2013-07-09,0.22695,0.27665,0.0497,0.6736,2,commodity
2013-07-09,-0.3619695758763829,0.08976078281153378,0.4572786345499857,0.4529605778373521,29,equity
2013-07-10,0.29366000000000003,0.4114000000000001,0.11774000000000003,0.47085999999999995,5,commodity
2013-07-10,-0.29912937600659206,0.07449838590272703,0.4148183869093191,0.5106207252088935,32,equity
2013-07-11,0.5085,0.5517,0.0432,0.4051,1,commodity
2013-07-11,-0.3048308086642729,0.12456461852549443,0.4650739986183388,0.41036138175853665,28,equity
2013-07-12,-0.04667500000000001,0.28735,0.33405,0.378575,4,commodity
2013-07-12,-0.13408551282934075,0.11212090611714741,0.23548917756717783,0.6523899281980663,29,equity
2013-07-13,-0.3689224733001104,0.07525947284670892,0.475385649850523,0.44935488437392096,27,equity
2013-07-14,-0.4627,0.0315,0.4942,0.4743,1,commodity
2013-07-14,-0.3567964047193527,0.08082731753587723,0.43762372225522994,0.48154896587133406,25,equity
2013-07-15,-0.22724178193879538,0.09272780318018692,0.3162523437396719,0.5910198611730132,29,equity
2013-07-16,-0.5805,0.0457,0.6262,0.3281,1,commodity
2013-07-16,-0.2531133730356116,0.08650752977724188,0.44601465281285346,0.46750906551815574,32,equity
2013-07-17,-0.6434500000000001,0.02985,0.67325,0.2969,2,commodity
2013-07-17,-0.2669276851358433,0.11507781674376417,0.40415388897638166,0.4807682906446918,31,equity
2013-07-18,-0.3448666666666667,0.15833333333333333,0.5032,0.3384666666666667,3,commodity
2013-07-18,-0.4052210186387743,0.09634161450665805,0.5114626331454323,0.39219576313322585,31,equity
2013-07-19,0.2272,0.382425,0.155225,0.46235000000000004,4,commodity
2013-07-19,-0.3194427783268371,0.12146864934558314,0.44091142767242025,0.4376199174938457,28,equity
2013-07-20,-0.3188854242814912,0.10479464717292124,0.4597763677507087,0.4354289772808552,27,equity
2013-07-21,-0.4151409281417727,0.09901418704539537,0.5141551151871682,0.3868307067453861,25,equity
2013-07-22,0.20617999999999997,0.42266000000000004,0.2165,0.36088000000000003,5,commodity
2013-07-22,-0.2305627569511001,0.1419092220366001,0.429454121844843,0.42863665741575613,28,equity
2013-07-23,0.22163333333333332,0.3519333333333334,0.13026666666666667,0.5177333333333333,3,commodity
2013-07-23,-0.3888154527456082,0.07325417071349662,0.50512824414876,0.421617585169858,29,equity
2013-07-24,-0.3998,0.11857999999999999,0.51838,0.363,5,commodity
2013-07-24,-0.38818199211935206,0.08841465748598179,0.5298333162720005,0.3817520278563102,30,equity
2013-07-25,0.483,0.5538,0.0708,0.3754,1,commodity
2013-07-25,-0.36342866475890423,0.09949278390407562,0.46053179349056605,0.4399754205500258,29,equity
2013-07-26,0.08844999999999997,0.4084,0.32,0.2716,2,commodity
2013-07-26,-0.38392012535234293,0.0599555592029183,0.44876827714785383,0.491239136201364,27,equity
2013-07-27,0.38465,0.44615,0.0615,0.49229999999999996,2,commodity
2013-07-27,-0.5187504803933204,0.05573091898432799,0.5713813993776483,0.3728876762496573,28,equity
2013-07-28,-0.49066778268665073,0.053330414742231366,0.5439981974288821,0.4026713897287846,25,equity
2013-07-29,0.35603333333333337,0.5001,0.14413333333333334,0.3557666666666666,3,commodity
2013-07-29,-0.31666198173591803,0.05772425998259208,0.3971896899943722,0.5451205296023138,29,equity
2013-07-30,-0.14984999999999998,0.15915,0.30895,0.5319,2,commodity
2013-07-30,-0.2562165358565748,0.09214615766471251,0.4086345685212873,0.49925052870344366,32,equity
2013-07-31,0.2798,0.3671333333333333,0.08736666666666666,0.5455,3,commodity
2013-07-31,-0.13372811060319656,0.11349755529710091,0.31854754090029747,0.5679236569749192,32,equity
2013-08-01,-0.229225,0.09792500000000001,0.32712499999999994,0.5749500000000001,4,commodity
2013-08-01,-0.31223899425985635,0.1751035919804816,0.4876981417958935,0.33719826160150546,27,equity
2013-08-02,-0.05235,0.15745,0.20985,0.6327,2,commodity
2013-08-02,-0.4113757993547053,0.1075953348119711,0.5206366514080557,0.3717680318283624,29,equity
2013-08-03,-0.3801409873008176,0.0556199419297002,0.4618387070082956,0.48254134778512847,27,equity
2013-08-04,-0.27034837022423747,0.10847458083182573,0.3788229510560632,0.5127024666219949,25,equity
2013-08-05,-0.45250220275798747,0.09467186799311432,0.5585878638545501,0.3467402783005402,29,equity
2013-08-06,-0.3612666666666667,0.14796666666666666,0.5093,0.34273333333333333,3,commodity
2013-08-06,-0.37804169790451897,0.07827492819392476,0.4834407640294782,0.43828429984429784,29,equity
2013-08-07,-0.12940000000000002,0.06895,0.19835,0.7327,2,commodity
2013-08-07,-0.24491333055677822,0.14072962781763634,0.4211554583744146,0.4381149190757424,32,equity
2013-08-08,0.0944,0.3012,0.20682499999999998,0.491975,4,commodity
2013-08-08,-0.27142219643222876,0.11398171285899548,0.38595908170501736,0.5000592166760872,29,equity
2013-08-09,-0.27371189207763513,0.1387275371525822,0.43207736026470006,0.4291950998850938,29,equity
2013-08-10,-0.5696,0.0374,0.6071,0.3555,1,commodity
2013-08-10,-0.48526218827813866,0.06611648555845022,0.5513786738365889,0.38250483348965647,25,equity
2013-08-11,-0.24389621280133725,0.14104342330247163,0.3849396361038089,0.47401694163680075,25,equity
2013-08-12,0.24330000000000004,0.4625000000000001,0.21919999999999998,0.31833333333333336,3,commodity
2013-08-12,-0.24299969596846824,0.1616506241708994,0.3960646058536534,0.44224904747413735,28,equity
2013-08-13,0.02018333333333333,0.18965,0.16949999999999998,0.6408333333333333,6,commodity
2013-08-13,-0.3229379684033413,0.10200948703553409,0.4071248747937141,0.4908979090634854,31,equity
2013-08-14,0.0562,0.2144,0.15825,0.62735,2,commodity
2013-08-14,-0.27607056658797224,0.10009584252998747,0.4268250298076149,0.47307913655813394,29,equity
2013-08-15,-0.46042492974041793,0.05406765894978135,0.5378925886901992,0.40803975832738254,27,equity
2013-08-16,0.21702500000000002,0.277675,0.06065000000000001,0.661675,4,commodity
2013-08-16,-0.45382722037342876,0.04765423387289047,0.5014814542463193,0.4508643052898921,26,equity
2013-08-17,0.4461,0.5025,0.0565,0.441,1,commodity
2013-08-17,-0.4245323513347942,0.053277575912383884,0.4778099272471781,0.46891249171816385,26,equity
2013-08-18,-0.4947512336447835,0.04947080206125975,0.5442220357060432,0.4063071645796299,25,equity
2013-08-19,0.2619,0.3161,0.0542,0.6297,1,commodity
2013-08-19,-0.487177151838613,0.05831799508682613,0.5542779055461287,0.3874730769272508,29,equity
2013-08-20,-0.40103656182495445,0.10544371210898344,0.5064802739339379,0.3880760089422648,26,equity
2013-08-21,-0.007350000000000023,0.3026,0.3099,0.3875,2,commodity
2013-08-21,-0.3833114755910304,0.09276593340905727,0.4789885201111988,0.4282455542407654,27,equity
2013-08-22,0.2501333333333334,0.3323333333333333,0.0822,0.5855,3,commodity
2013-08-22,-0.548802899679652,0.06327413174289244,0.6120770314225444,0.3246488349029311,27,equity
2013-08-23,0.14783333333333334,0.42850000000000005,0.2806666666666667,0.29083333333333333,3,commodity
2013-08-23,-0.34942140190452337,0.0807696820259575,0.47421043876919056,0.44501988434214745,31,equity
2013-08-24,0.7535,0.7735,0.02,0.2065,1,commodity
2013-08-24,-0.34271545071154835,0.11749185606837273,0.46020730677992105,0.42230083405971525,25,equity
2013-08-25,-0.45924924351274965,0.08389448933303356,0.5431437328457832,0.37296177245676515,25,equity
2013-08-26,0.33375,0.406175,0.07242499999999999,0.521425,4,commodity
2013-08-26,-0.4407584321236721,0.07137012450645368,0.5121285566301258,0.41650131344795227,27,equity
2013-08-27,0.44499999999999995,0.49685,0.0519,0.45125,2,commodity
2013-08-27,-0.2549514526785817,0.07783392764814198,0.35008538032672365,0.5721119400751777,32,equity
2013-08-28,-0.05695,0.3138,0.37070000000000003,0.3155,2,commodity
2013-08-28,-0.16491878316748357,0.18753959657544536,0.34025123688578607,0.47220915639400485,28,equity
2013-08-29,-0.05186666666666668,0.21716666666666665,0.26899999999999996,0.5137999999999999,3,commodity
2013-08-29,-0.29748741952432645,0.10461715383622153,0.4093114699122721,0.48607137088837293,29,equity
2013-08-30,-0.10445,0.18662499999999999,0.29105,0.5223500000000001,4,commodity
2013-08-30,-0.31698927781874764,0.0903090334470416,0.4139293457485479,0.49576162231379545,29,equity
2013-08-31,0.5384,0.6857,0.1473,0.167,1,commodity
2013-08-31,-0.30964181830670967,0.10461807294677082,0.44387142971501903,0.45151050668725606,26,equity
2013-09-01,0.3337,0.3786,0.0449,0.5764,1,commodity
2013-09-01,-0.2438974590972066,0.20761151399463415,0.45150897309184074,0.3408795045316219,25,equity
2013-09-02,-0.4422,0.0748,0.517,0.4082,2,commodity
2013-09-02,-0.3056681014224887,0.09169172272086143,0.39735982414335014,0.5109484446048737,25,equity
2013-09-03,0.13368000000000002,0.22768000000000002,0.09401999999999999,0.67832,5,commodity
2013-09-03,-0.2463534675679549,0.11647520598782986,0.3648953402224514,0.518629459877809,27,equity
2013-09-04,-0.3740666666666666,0.12113333333333332,0.49520000000000003,0.3836666666666666,6,commodity
2013-09-04,-0.10663621700927615,0.14380927760799725,0.2966954946172734,0.5594618964592616,30,equity
2013-09-05,-0.31570000000000004,0.117,0.4327,0.45030000000000003,2,commodity
2013-09-05,-0.3079785197201371,0.10458190329770248,0.4171304230178396,0.4783210106809934,30,equity
2013-09-06,-0.08216666666666665,0.27876666666666666,0.36093333333333333,0.3602666666666667,3,commodity
2013-09-06,-0.2908025752665268,0.07465488254610035,0.3864056059607753,0.5389395086301698,27,equity
2013-09-07,-0.34280662845820187,0.08879118263721467,0.43159781109541656,0.4796109865605831,25,equity
2013-09-08,-0.5147,0.0466,0.5613,0.3921,1,commodity
2013-09-08,-0.42875062654949725,0.046872310799413494,0.4757015087774822,0.4774261860443013,28,equity
2013-09-09,-0.33526222930023714,0.06375504062244934,0.3990172699226865,0.5372276872928653,28,equity
2013-09-10,-0.8261,0.0122,0.8383,0.1495,1,commodity
2013-09-10,-0.2633493692695133,0.12233345868294278,0.37699250537181095,0.5006740343830277,31,equity
2013-09-11,-0.008550000000000002,0.29745,0.306,0.3966,2,commodity
2013-09-11,-0.1368929938809077,0.16975870510141053,0.29304169898231824,0.5371996065954368,30,equity
2013-09-12,0.17955,0.2912,0.11165,0.5972,2,commodity
2013-09-12,-0.19136495099779632,0.11025942895147535,0.3273910466159383,0.5623495286062912,27,equity
2013-09-13,-0.5750333333333334,0.05963333333333334,0.63465,0.3057166666666667,6,commodity
2013-09-13,-0.32831452523618937,0.13140706486327033,0.45603771913171776,0.41258747488068,31,equity
2013-09-14,-0.40040939137677733,0.11972224744781851,0.5040316388245958,0.37624611691557447,26,equity
2013-09-15,-0.17332323808603814,0.15115827637083,0.36923707001242373,0.47960464326871766,27,equity
2013-09-16,-0.7026,0.0146,0.7172,0.2682,1,commodity
2013-09-16,-0.2336370708451739,0.08467971806174943,0.3409346460497805,0.5743856360880392,28,equity
2013-09-17,-0.0635,0.2565,0.31994999999999996,0.4235,2,commodity
2013-09-17,-0.36003388643677037,0.06382305042867858,0.472416936865449,0.4637600203116735,30,equity
2013-09-18,0.041650000000000006,0.3258,0.284175,0.39,4,commodity
2013-09-18,-0.3348669905756201,0.07726804992609791,0.4388528976445751,0.48387904311610125,28,equity
2013-09-19,0.6619,0.6775,0.0157,0.3068,1,commodity
2013-09-19,-0.3798857445201506,0.08354485763911407,0.4634306021592647,0.4530245397001399,26,equity
2013-09-20,-0.2496531915804919,0.06270598756675334,0.35887388502959816,0.5784201193504473,34,equity
2013-09-21,-0.33949999999999997,0.08676666666666666,0.42629999999999996,0.48690000000000005,3,commodity
2013-09-21,-0.4493536386566094,0.07321703114618476,0.5111399005720249,0.41564306681316626,26,equity
2013-09-22,-0.38177725438028576,0.07446398977190256,0.4562412441521883,0.4692947679758072,25,equity
2013-09-23,-0.3893,0.1291,0.5184,0.35255,2,commodity
2013-09-23,-0.5266758722539705,0.06739466734087238,0.5940705395948428,0.3385347889449734,26,equity
2013-09-24,-0.4638,0.09608571428571429,0.5598857142857143,0.34405714285714284,7,commodity
2013-09-24,-0.3994824566627187,0.10263525115006736,0.5422891363842146,0.35507561945063726,28,equity
2013-09-25,-0.3936191753995317,0.06446436966339061,0.46817664851119806,0.46732449948428,29,equity
2013-09-26,0.053724999999999995,0.25534999999999997,0.20165000000000002,0.5429999999999999,4,commodity
2013-09-26,-0.32450400796686785,0.07181318081812611,0.4090240853367181,0.5191972087035919,29,equity
2013-09-27,0.1928,0.29306666666666664,0.1003,0.6066333333333334,3,commodity
2013-09-27,-0.20808977621222538,0.11002081947401167,0.32076059568623705,0.5692185874164104,30,equity
2013-09-28,-0.2443800114840269,0.12830032460391522,0.3726803360879421,0.49901934519410135,25,equity
2013-09-29,-0.39155093995464535,0.057620212718271294,0.46712115267291665,0.4752586360057959,26,equity
2013-09-30,-0.48350000000000004,0.06659999999999999,0.5501333333333333,0.3832333333333333,3,commodity
2013-09-30,-0.34783592426611315,0.11340163320440937,0.4522375574705226,0.4343608096010155,27,equity
2013-10-01,-0.09209999999999996,0.31279999999999997,0.40490000000000004,0.2822,2,commodity
2013-10-01,-0.21192615450008048,0.09223553500379678,0.3082728006149884,0.5994916672441695,27,equity
2013-10-02,-0.36005,0.1478,0.50785,0.34440000000000004,2,commodity
2013-10-02,-0.4978016937974961,0.06158362535843925,0.538346609478516,0.4001342812319917,31,equity
2013-10-03,0.0735,0.1023,0.0287,0.869,1,commodity
2013-10-03,-0.45642556883304247,0.06344757965260318,0.5153124341999314,0.4212400004831808,28,equity
2013-10-04,-0.3421,0.0979,0.44,0.4621,1,commodity
2013-10-04,-0.39096280415675466,0.08884131541794964,0.4884112624318472,0.42274742720595426,28,equity
2013-10-05,-0.41235638885543896,0.09127977149818953,0.5319823141997824,0.37673791559155173,26,equity
2013-10-06,0.5612,0.5773,0.0161,0.4067,1,commodity
2013-10-06,-0.2748771108314395,0.139753580391407,0.4146306912228465,0.4456157092005014,25,equity
2013-10-07,0.19496666666666665,0.32313333333333333,0.12816666666666665,0.5487666666666667,3,commodity
2013-10-07,-0.21097587943683777,0.12140593164893133,0.3465032396571977,0.5320908201123987,28,equity
2013-10-08,0.5337000000000001,0.56345,0.029699999999999997,0.4068,2,commodity
2013-10-08,-0.17007804066548746,0.10961837372357647,0.32836974772239724,0.5620118855079015,30,equity
2013-10-09,-0.09970000000000001,0.30939999999999995,0.40915,0.28150000000000003,2,commodity
2013-10-09,-0.26351264307046574,0.1388210911460753,0.4150373056451125,0.44614160876348613,28,equity
2013-10-10,-0.36677499999999996,0.108525,0.47529999999999994,0.41615,4,commodity
2013-10-10,-0.3336206557022752,0.11289757932087889,0.4685589757638949,0.4185804810899275,27,equity
2013-10-11,-0.6158,0.0168,0.6326,0.3506,1,commodity
2013-10-11,-0.31486641263499854,0.13366316240330536,0.49023624170497065,0.376100596605738,30,equity
2013-10-12,-0.3159554995506429,0.13629395516159443,0.4468186854814681,0.41688736490905287,26,equity
2013-10-13,-0.1201,0.0544,0.1745,0.7711,1,commodity
2013-10-13,-0.32566054791212085,0.09544877920299769,0.4211093271151185,0.4834418888390064,25,equity
2013-10-14,0.29005000000000003,0.51425,0.22425,0.2615,2,commodity
2013-10-14,-0.11837603185262,0.15686751304513644,0.33766497346918495,0.5054675116230335,28,equity
2013-10-15,-0.6009,0.0289,0.62985,0.3413,2,commodity
2013-10-15,-0.10665644419565797,0.10745143108442426,0.27987454194674893,0.6126407006204129,30,equity
2013-10-16,0.31506666666666666,0.4323333333333334,0.11726666666666667,0.45039999999999997,3,commodity
2013-10-16,-0.36652842191965496,0.058124734168803247,0.4335790820143841,0.5082961845066812,27,equity
2013-10-17,0.4052,0.4976,0.0924,0.41,1,commodity
2013-10-17,-0.30631909281965986,0.08435881852332887,0.453488256170575,0.4621529312472919,29,equity
2013-10-18,-0.2388,0.0629,0.3018,0.6353,2,commodity
2013-10-18,-0.44221317026267454,0.06538199686780571,0.5207618337971469,0.41385616784493123,30,equity
2013-10-19,-0.5279131635278463,0.04967918142676354,0.5775923449546099,0.37272845923900605,25,equity
2013-10-20,-0.45333635788410903,0.12353078924119472,0.5768671471253037,0.2996020691096783,25,equity
2013-10-21,0.339225,0.42810000000000004,0.08885,0.48305,4,commodity
2013-10-21,-0.365915562105996,0.06636719707639947,0.45866985595658905,0.4749306936792789,31,equity
2013-10-22,-0.1598,0.0482,0.208,0.7438,1,commodity
2013-10-22,-0.3496558362256203,0.09520143811830452,0.4948929886296391,0.40994127928891355,28,equity
2013-10-23,-0.56775,0.03665,0.6043499999999999,0.359,2,commodity
2013-10-23,-0.3366640430890024,0.08141693738149479,0.49319660547049715,0.42538645877782255,32,equity
2013-10-24,0.4066,0.4921,0.0855,0.4224,1,commodity
2013-10-24,-0.32495550438890175,0.07359137754681809,0.40318481297020253,0.5232582869426957,29,equity
2013-10-25,0.42969999999999997,0.4784333333333333,0.04876666666666667,0.47280000000000005,3,commodity
2013-10-25,-0.32733689689634693,0.08803157807441862,0.4384149035421942,0.47355351074986823,28,equity
2013-10-26,-0.0718,0.3442,0.416,0.2398,1,commodity
2013-10-26,-0.3432348479858384,0.09156508981637083,0.46638070703297857,0.4420542038312325,26,equity
2013-10-27,-0.2464052434857075,0.14856087387410494,0.40708919428288937,0.4443499259685095,26,equity
2013-10-28,0.16011999999999998,0.32178,0.16166,0.51658,5,commodity
2013-10-28,-0.34709233699759534,0.04798756787900267,0.4194902497041842,0.5325221867201657,29,equity
2013-10-29,-0.0108,0.2298,0.2406,0.5296,1,commodity
2013-10-29,-0.3784958118641483,0.11132762150253568,0.4880341476523983,0.4006025188543966,28,equity
2013-10-30,-0.2537,0.18735000000000002,0.44105,0.37150000000000005,2,commodity
2013-10-30,-0.2673274058549055,0.12549528969130638,0.44453648864966017,0.4299337387398399,29,equity
2013-10-31,-0.6889,0.022,0.7109,0.2671,1,commodity
2013-10-31,-0.30884168602796613,0.05654945644708695,0.38796151284542346,0.5554890227395075,27,equity
2013-11-01,-0.19909999999999997,0.0904,0.2894666666666667,0.6200666666666667,3,commodity
2013-11-01,-0.09439884871619217,0.12112373381830527,0.24569834011025501,0.633177915939779,33,equity
2013-11-02,-0.1953309788921705,0.11711567453294992,0.333062038040505,0.5498222801192448,26,equity
2013-11-03,-0.0308,0.0569,0.0877,0.8554,1,commodity
2013-11-03,-0.20996106920746657,0.08648943192626421,0.31674665497988463,0.5967639143833747,26,equity
2013-11-04,-0.6451,0.02,0.6652,0.3148,1,commodity
2013-11-04,-0.36236698603085243,0.06337686946359464,0.48186260549444704,0.4547292716950178,32,equity
2013-11-05,0.004666666666666652,0.29286666666666666,0.28819999999999996,0.419,3,commodity
2013-11-05,-0.27795629515863696,0.10604912036503183,0.39981920862711706,0.49413166760370647,29,equity
2013-11-06,0.44855,0.54865,0.1001,0.3513,2,commodity
2013-11-06,-0.36788217366284903,0.055104638687064576,0.4703674575112039,0.47456015714954947,31,equity
2013-11-07,-0.2264833333333333,0.12949999999999998,0.3559833333333333,0.5145,6,commodity
2013-11-07,-0.21253754691470947,0.0968106999532985,0.3506589611537222,0.5525303515323571,28,equity
2013-11-08,0.0527,0.0742,0.0215,0.9043,1,commodity
2013-11-08,-0.3345901246244869,0.08321128980671205,0.43488851120539246,0.48193246107812854,31,equity
2013-11-09,-0.5062106914818287,0.11541854161769152,0.6216292330995202,0.2629522258043289,25,equity
2013-11-10,-0.5332,0.0496,0.5828,0.3676,1,commodity
2013-11-10,-0.2832766994833946,0.142816771985963,0.4260934714693576,0.43108976337437827,24,equity
2013-11-11,0.04254999999999998,0.3444,0.30175,0.35385,2,commodity
2013-11-11,-0.3925296671401996,0.1180229798102608,0.5105526469504604,0.37142436750806296,26,equity
2013-11-12,-0.4908,0.0497,0.5406,0.4097,1,commodity
2013-11-12,-0.26434571767891446,0.0833998128456374,0.3541921971912185,0.5623746470371882,30,equity
2013-11-13,0.1061,0.3641,0.258,0.37785,2,commodity
2013-11-13,-0.09238696468129304,0.1359137808617317,0.2930158970581763,0.5710703146295114,33,equity
2013-11-14,0.41900000000000004,0.5003333333333333,0.08133333333333333,0.4183333333333333,3,commodity
2013-11-14,-0.17326070413674627,0.07935539489324604,0.34404467045856374,0.5765999449193477,35,equity
2013-11-15,0.47719999999999996,0.50935,0.03215,0.4585,2,commodity
2013-11-15,-0.3524234517689409,0.09909870680832657,0.44090146892209503,0.4600343155706751,29,equity
2013-11-16,-0.3523319261845488,0.13611664929928688,0.5065485754838357,0.3573347726378303,26,equity
2013-11-17,-0.2135245657712221,0.17195990718901158,0.3854844729602337,0.442555608600378,25,equity
2013-11-18,-0.2940282094336115,0.09175570820597931,0.4596089176395908,0.44863537630811334,32,equity
2013-11-19,-0.158925,0.227225,0.38612500000000005,0.386675,4,commodity
2013-11-19,-0.3414448414155827,0.04164897700250868,0.42548048508475805,0.5328705397753785,30,equity
2013-11-20,-0.0008500000000000001,0.1784,0.1792,0.64235,2,commodity
2013-11-20,-0.17428551256936042,0.1161773722874932,0.30357225985685365,0.5801878702421672,32,equity
2013-11-21,-0.21076666666666669,0.20756666666666665,0.4183333333333333,0.37410000000000004,3,commodity
2013-11-21,-0.22768262017537508,0.11455987694979676,0.3646424971251718,0.5208298829380543,31,equity
2013-11-22,-0.681,0.0316,0.7126,0.2558,1,commodity
2013-11-22,-0.13000946523265114,0.16018626781074063,0.3110278759005346,0.5287858647704125,28,equity
2013-11-23,-0.45417527822625864,0.08385903236242356,0.540886162440534,0.3752548093017605,27,equity
2013-11-24,0.3366,0.3631,0.0266,0.6103,1,commodity
2013-11-24,-0.403800042380499,0.057484766449779276,0.5045919516874211,0.43792328884771897,28,equity
2013-11-25,0.19465,0.49155,0.29685,0.21165,2,commodity
2013-11-25,-0.5652037629558193,0.04678879262458893,0.6401764265481503,0.3130347838916125,31,equity
2013-11-26,-0.12286666666666668,0.07533333333333332,0.19819999999999996,0.7265,3,commodity
2013-11-26,-0.23978609632244036,0.09721044281125069,0.3856094423594974,0.5171801156103611,31,equity
2013-11-27,-0.4871999999999999,0.042866666666666664,0.5299999999999999,0.4271333333333333,3,commodity
2013-11-27,-0.4240818740550677,0.07695812486608823,0.5279333322544892,0.39514187670946127,30,equity
2013-11-28,-0.34890659802329954,0.050126039575913856,0.4731705686336961,0.47670340116784493,29,equity
2013-11-29,-0.4195827289771002,0.09214678650292066,0.5117295154800209,0.3961237114495956,26,equity
2013-11-30,-0.47548345565795896,0.057241037935018536,0.5327244935929776,0.4100344780087471,25,equity
2013-12-01,-0.17402736756542214,0.18867893240738795,0.38339518886169904,0.4279258691072464,27,equity
2013-12-02,-0.5151333333333333,0.0916,0.6067333333333333,0.3016666666666667,3,commodity
2013-12-02,-0.37132773279821685,0.05234640236559414,0.4255386512928432,0.5221149463716053,31,equity
2013-12-03,-0.6059,0.018,0.624,0.358,1,commodity
2013-12-03,-0.38239008747146414,0.06186538898243623,0.46622312351272394,0.47188207760277917,34,equity
2013-12-04,0.32606666666666667,0.46349999999999997,0.13743333333333332,0.3991,3,commodity
2013-12-04,-0.13342321311628655,0.10692044018271069,0.32437698663233056,0.568702559861872,36,equity
2013-12-05,0.0513,0.3949,0.3436,0.2615,1,commodity
2013-12-05,-0.23551697123344054,0.10826817166246475,0.3688726428959053,0.5228591774962842,32,equity
2013-12-06,-0.4213,0.0791,0.5004,0.4204,1,commodity
2013-12-06,-0.246475388400308,0.07691627854751101,0.368239942809888,0.5548782714851971,29,equity
2013-12-07,-0.3392593824400946,0.07473926163989085,0.44630234778368916,0.47895839147324915,27,equity
2013-12-08,0.3698,0.4053,0.0355,0.5592,1,commodity
2013-12-08,-0.26974351171621913,0.10940944118310626,0.41141449136086383,0.4791376016907967,26,equity
2013-12-09,-0.2846727626048693,0.09069098781678177,0.4472185891313285,0.462090423652743,31,equity
2013-12-10,0.6492,0.6714,0.0222,0.3064,1,commodity
2013-12-10,-0.004198344349792656,0.14894824729372966,0.26247714719907783,0.588574619813342,36,equity
2013-12-11,0.228,0.2414,0.0134,0.7452,1,commodity
2013-12-11,-0.1284208394175768,0.09565569707070078,0.33453082220256325,0.5697849122251782,35,equity
2013-12-12,-0.09284999999999999,0.29205,0.38495,0.32305,2,commodity
2013-12-12,-0.40475861648421346,0.05414903594129559,0.4979179972530953,0.44793296855585335,29,equity
2013-12-13,-0.7573,0.0194,0.7768,0.2038,1,commodity
2013-12-13,-0.3375431763092056,0.07841554297995754,0.4786930942891631,0.44289135498926047,32,equity
2013-12-14,0.7547,0.7921,0.0375,0.1704,1,commodity
2013-12-14,-0.15569720142866883,0.12270214896835387,0.33932792182559407,0.5380056541354528,28,equity
2013-12-15,-0.255202601081544,0.11274379245345963,0.40796018663845185,0.47929601866006855,29,equity
2013-12-16,0.09990000000000003,0.40726666666666667,0.30739999999999995,0.28530000000000005,3,commodity
2013-12-16,-0.25507782813669183,0.09628640729957261,0.4569236104362644,0.44678998002316805,32,equity
2013-12-17,-0.38611999999999996,0.06864,0.4547800000000001,0.47662000000000004,5,commodity
2013-12-17,-0.31899143400087404,0.1314304224114727,0.4688959304864208,0.39967363492592617,27,equity
2013-12-18,-0.181,0.09275,0.27375,0.63345,2,commodity
2013-12-18,-0.26913351949419706,0.07689759600955631,0.3260278896973018,0.597074523035557,31,equity
2013-12-19,-0.5377000000000001,0.035225,0.5729500000000001,0.391875,4,commodity
2013-12-19,-0.2459772515544558,0.08852110291688758,0.3697777662360493,0.5417011276422178,34,equity
2013-12-20,-0.48387500000000006,0.071375,0.55525,0.373375,4,commodity
2013-12-20,-0.2573698030271313,0.08865423458566268,0.4438210073097637,0.46746415526126367,33,equity
2013-12-21,-0.20284761554549136,0.09462360623876252,0.3749212217842539,0.530455170300603,30,equity
2013-12-22,-0.290533754821508,0.17258137137056498,0.49611882989577677,0.3312997933526834,27,equity
2013-12-23,0.0909,0.20085,0.10995,0.6892,2,commodity
2013-12-23,-0.4300788260448082,0.0694678613628293,0.5526949632697064,0.37783717315155885,29,equity
2013-12-24,0.5901,0.6253,0.0352,0.3395,1,commodity
2013-12-24,-0.2468316107010649,0.07509587743758193,0.38162426233219526,0.5432476053802717,31,equity
2013-12-25,-0.39985217388971495,0.08458044128406507,0.45958261517378,0.4558754027164899,26,equity
2013-12-26,0.23775000000000002,0.3942,0.15644999999999998,0.4494,2,commodity
2013-12-26,-0.27051535284305606,0.0945879207469523,0.4617099402566751,0.44366880501111344,30,equity
2013-12-27,-0.5868500000000001,0.0242,0.61105,0.3647,2,commodity
2013-12-27,-0.280309849209361,0.07985744576743155,0.44592184043133803,0.47419040396945045,33,equity
2013-12-28,-0.3740679872957093,0.09676617792386699,0.5041637948492059,0.399070035746804,27,equity
2013-12-29,0.2871,0.3832,0.0961,0.5207,1,commodity
2013-12-29,-0.4412200151756406,0.1029642191156745,0.5441842342913151,0.35285155303776267,25,equity
2013-12-30,-0.6076,0.0172,0.6248,0.358,1,commodity
2013-12-30,-0.36599082953579,0.07082402514474045,0.4361696933902079,0.4929740141774378,31,equity
2013-12-31,-0.5643,0.0192,0.5836,0.3972,1,commodity
2013-12-31,0.01643188587377468,0.13549526146550972,0.25162726448062395,0.6129052528664469,36,equity
2014-01-01,-0.01597750310793974,0.12821362283938761,0.2798062774624788,0.5919497894148033,33,equity
2014-01-02,-0.1122,0.2409,0.35309999999999997,0.40595000000000003,2,commodity
2014-01-02,-0.15287409770087235,0.09403958158898684,0.36385256817874806,0.5421078473606871,36,equity
2014-01-03,-0.33615622568957765,0.10135634215921163,0.4570677402625824,0.44157592062909024,29,equity
2014-01-04,-0.12943337387926876,0.09558906075544657,0.31872957749185815,0.585681362052049,28,equity
2014-01-05,0.3888,0.4111,0.0223,0.5666,1,commodity
2014-01-05,-0.32017920796477367,0.09519893147077943,0.4707067108641246,0.43409435127888407,28,equity
2014-01-06,-0.5255,0.0259,0.5514,0.4226,1,commodity
2014-01-06,-0.3364645971506353,0.06849286296651247,0.44993810527843814,0.4815690279997164,31,equity
2014-01-07,-0.4751,0.0337,0.5088,0.4574,1,commodity
2014-01-07,-0.4235063574266434,0.0676035233668983,0.545673214126875,0.386689931966861,30,equity
2014-01-08,-0.4726,0.0387,0.5112,0.4501,1,commodity
2014-01-08,-0.15624315808367203,0.13759584945593686,0.4208860663631383,0.4414592593093129,34,equity
2014-01-09,-0.09373333333333338,0.21193333333333333,0.30566666666666664,0.4824,3,commodity
2014-01-09,-0.12897573483682967,0.09124687397016866,0.3234847709691605,0.5852683563192148,37,equity
2014-01-10,-0.26800941927970356,0.06476591401456883,0.4195571514760906,0.5156769457134334,33,equity
2014-01-11,-0.4476919613487445,0.06875694364882433,0.5522450588437227,0.37899800130438344,26,equity
2014-01-12,0.4494,0.485,0.0356,0.4795,1,commodity
2014-01-12,-0.3590586085143857,0.0742092220897858,0.46582936906571004,0.4599614090415148,26,equity
2014-01-13,0.3092,0.34985,0.0407,0.60945,2,commodity
2014-01-13,-0.47806945961559255,0.05872647239847315,0.5642848209029546,0.3769887073194539,27,equity
2014-01-14,-0.0006032694786361323,0.19725745521485805,0.27637215326492276,0.5263989654766662,35,equity
2014-01-15,-0.5658,0.0205,0.5863,0.3932,1,commodity
2014-01-15,-0.1506248317237286,0.06582515649782385,0.33369410586861126,0.6005101426050944,34,equity
2014-01-16,0.5586,0.5921,0.0335,0.3744,1,commodity
2014-01-16,-0.1928373699322343,0.09263086966131673,0.36850460322991463,0.5388645275885409,33,equity
2014-01-17,0.50142,0.5295799999999999,0.02818,0.44223999999999997,5,commodity
2014-01-17,-0.08028533121131753,0.08119163340349732,0.28693222777270955,0.6318761264960233,38,equity
2014-01-18,-0.48923720101656826,0.03888198690574903,0.560938418691548,0.4001795898177303,26,equity
2014-01-19,-0.3466614304110408,0.1170339136198163,0.4636953440308571,0.41927074432373046,25,equity
2014-01-20,-0.1610008932098173,0.14226140850094648,0.3260392247876869,0.5316993654576632,26,equity
2014-01-21,-0.38615,0.03505,0.42125,0.5437000000000001,2,commodity
2014-01-21,-0.30345907079661566,0.12886696952184842,0.44340991128620605,0.4277231205288441,31,equity
2014-01-22,-0.32501483784294444,0.06978020953034099,0.40801346842591696,0.5222063210143856,38,equity
2014-01-23,0.1529,0.1744,0.0214,0.8042,1,commodity
2014-01-23,-0.23384503674136622,0.07817599727575844,0.421218331314422,0.5006867524909008,37,equity
2014-01-24,0.6997,0.7208,0.0211,0.2581,1,commodity
2014-01-24,-0.0808593284303695,0.069682269227691,0.2969190976580605,0.633423635815084,40,equity
2014-01-25,-0.25861095553093383,0.058972719946455573,0.42076754644513126,0.5201952211145432,31,equity
2014-01-26,-0.2515667295737458,0.12058575349221272,0.44359534020881564,0.435818899613406,28,equity
2014-01-27,-0.5711,0.03465,0.60575,0.3596,2,commodity
2014-01-27,-0.16629559693997323,0.08637887724634745,0.3131483872297989,0.6004509884164385,46,equity
2014-01-28,-0.20989435179906232,0.07465461294395583,0.2881146790287324,0.6372592819571494,35,equity
2014-01-29,0.13152499999999998,0.236775,0.10525,0.6578999999999999,4,commodity
2014-01-29,-0.2385842020932484,0.08106054671088586,0.400793397452783,0.5181730838450225,37,equity
2014-01-30,0.2596,0.2848,0.0253,0.6899,1,commodity
2014-01-30,-0.13502280679034945,0.059890283330514715,0.3445824778759662,0.5955884632072886,49,equity
2014-01-31,-0.5862,0.0189,0.6051,0.376,1,commodity
2014-01-31,-0.16490008105838466,0.09209698960702453,0.37263873733207586,0.5352920442935494,36,equity
2014-02-01,-0.32191562229220216,0.0984363694668844,0.4252692331383969,0.47632888291519265,29,equity
2014-02-02,-0.28405945420419015,0.1301756241386456,0.4731286267299325,0.3966957401787081,31,equity
2014-02-03,0.005099999999999993,0.18974999999999997,0.18462499999999998,0.625625,4,commodity
2014-02-03,-0.4546474954130082,0.04782115170429465,0.5358654213108514,0.4163134283968593,31,equity
2014-02-04,-0.602,0.0192,0.6212,0.3596,1,commodity
2014-02-04,-0.10616359645579425,0.12363698507162432,0.30282558152741856,0.5735374369968971,36,equity
2014-02-05,0.455,0.5353,0.0804,0.3843,1,commodity
2014-02-05,-0.11663325522538368,0.12685776725138834,0.3358495590621378,0.5372682871905768,41,equity
2014-02-06,0.46330000000000005,0.51735,0.05405,0.4285,2,commodity
2014-02-06,0.016265073727557856,0.11503638509691369,0.2586100868795599,0.6263127119060681,49,equity
2014-02-07,0.36805,0.39599999999999996,0.02785,0.5761499999999999,2,commodity
2014-02-07,-0.12968742416319815,0.09673733417548844,0.3757652988792271,0.5275243928899637,37,equity
2014-02-08,-0.2641522299617529,0.0932449414998293,0.46153050479491553,0.4452245517805219,30,equity
2014-02-09,-0.3277343523119246,0.11005203587826222,0.4642960656095416,0.4256519032889797,31,equity
2014-02-10,-0.14701440207118668,0.10959792610675823,0.3335415964706278,0.5568604751738105,41,equity
2014-02-11,-0.16642171447525422,0.08195591553087746,0.31183953476803644,0.6062045469071184,42,equity
2014-02-12,0.2176,0.4581,0.2405,0.3014,1,commodity
2014-02-12,-0.2271272542953491,0.08519134233460615,0.4149264913667974,0.4998558513424114,38,equity
2014-02-13,0.1126,0.316,0.2034,0.4806,1,commodity
2014-02-13,-0.14210984499139545,0.12414913845265453,0.3256317107167772,0.5502191503860733,44,equity
2014-02-14,0.0401,0.1478,0.1077,0.7445,1,commodity
2014-02-14,-0.2367435397691451,0.06366083396130648,0.36839411732019517,0.5679194071674959,39,equity
2014-02-15,-0.37099157807108546,0.10204597399596657,0.4778839806384806,0.42007003947826366,28,equity
2014-02-16,-0.345352092107137,0.14385176072076516,0.49437051949456884,0.36177772419982485,27,equity
2014-02-17,0.52745,0.57705,0.049600000000000005,0.3734,2,commodity
2014-02-17,-0.31286491251193427,0.08810025005612303,0.42879163315629265,0.4830787038176375,34,equity
2014-02-18,0.1004,0.3669666666666667,0.26653333333333334,0.3665333333333333,3,commodity
2014-02-18,-0.33408321715512446,0.0786069543749094,0.4521073143871767,0.46922859165370473,35,equity
2014-02-19,0.35356666666666675,0.4687666666666666,0.11520000000000001,0.4160333333333333,3,commodity
2014-02-19,-0.20322714978617273,0.1304674941466043,0.38867095972225074,0.4808352200726145,38,equity
2014-02-20,-0.5056666666666667,0.05301666666666666,0.5586666666666668,0.38831666666666664,6,commodity
2014-02-20,-0.17354246819733005,0.09349467265684354,0.3689897724331209,0.5375155573118674,38,equity
2014-02-21,0.4954,0.5661,0.07066666666666667,0.36316666666666664,3,commodity
2014-02-21,-0.1416221625728905,0.10848411606550216,0.34992127863839273,0.5415446047838778,40,equity
2014-02-22,-0.32515956592029993,0.10561855718962573,0.4630521971839997,0.4312921937571631,27,equity
2014-02-23,-0.22131144955222806,0.07789466156611839,0.35469944445167984,0.5673725501249235,30,equity
2014-02-24,-0.34003333333333335,0.18359999999999999,0.5235666666666666,0.29286666666666666,3,commodity
2014-02-24,-0.1298622630459007,0.10068900872663326,0.2836161366373989,0.6157489198658929,37,equity
2014-02-25,0.4682,0.5587,0.0905,0.3509,1,commodity
2014-02-25,-0.1727231654123256,0.09587526990061529,0.3315615932076777,0.5725894546908767,38,equity
2014-02-26,-0.11934999999999998,0.20995,0.32930000000000004,0.46085,2,commodity
2014-02-26,-0.17411187262431932,0.11578397746556081,0.31854969624372625,0.5656406728474376,39,equity
2014-02-27,0.4962,0.5257,0.0295,0.4448,1,commodity
2014-02-27,-0.13646167444285096,0.07892285568703239,0.3109162374469565,0.6101609163836735,41,equity
2014-02-28,-0.30389770487809464,0.06720445598519983,0.4030116846728183,0.5297600461372307,42,equity
2014-03-01,-0.12874358240495126,0.22269135530317824,0.37742160437479616,0.3998870425571998,30,equity
2014-03-02,-0.39600754841742536,0.0882575796578725,0.45809616255805646,0.4535772940331312,29,equity
2014-03-03,0.45949999999999996,0.5319333333333334,0.0724,0.39566666666666667,3,commodity
2014-03-03,-0.2625709898706419,0.11939106902224678,0.41489348746431726,0.4656583044614111,35,equity
2014-03-04,-0.09432390043688255,0.11201695218682287,0.2826115843310225,0.6053714679116156,41,equity
2014-03-05,-0.4023,0.0824,0.48475,0.43285,2,commodity
2014-03-05,-0.13201311551998884,0.14997720765798456,0.319970878733529,0.5300241404614514,36,equity
2014-03-06,0.63035,0.6536500000000001,0.0232,0.32315,2,commodity
2014-03-06,-0.02734417522740033,0.14657495032482676,0.2394969033300049,0.6139503659493394,45,equity
2014-03-07,-0.6438,0.0163,0.6601,0.3236,1,commodity
2014-03-07,-0.11566292197587409,0.09826645261562439,0.3255832207453446,0.5761246857327904,39,equity
2014-03-08,-0.3971108164062258,0.06437109820730985,0.47688191461353563,0.4587157361023128,32,equity
2014-03-09,-0.2176091589178752,0.10242912280062834,0.3687530965333184,0.5288177744227427,27,equity
2014-03-10,0.3341,0.4336,0.0995,0.4669,1,commodity
2014-03-10,-0.22949503774933697,0.07335920959093221,0.3192030278280741,0.6074377635804619,41,equity
2014-03-11,-0.09344237439989422,0.07736726863387351,0.24099922636710105,0.681591842620323,48,equity
2014-03-12,0.11180000000000001,0.2093,0.0975,0.6932,2,commodity
2014-03-12,-0.04602115010297961,0.09861511252969503,0.2738984848548969,0.6275086191462146,45,equity
2014-03-13,0.1935,0.330275,0.136825,0.5329,4,commodity
2014-03-13,0.024138877090467855,0.13960499734756274,0.2117789407699154,0.6486160537394193,39,equity
2014-03-14,0.7127,0.7295,0.01675,0.25375000000000003,2,commodity
2014-03-14,-0.19574822859975852,0.10860030709795261,0.36794064096086904,0.523459048264905,38,equity
2014-03-15,-0.5046925707815481,0.06126996654671218,0.5739411087568317,0.36475320572086745,28,equity
2014-03-16,0.286,0.4595,0.1735,0.367,1,commodity
2014-03-16,-0.5030929509176149,0.04483810144110962,0.5554569782846503,0.3997419545518027,27,equity
2014-03-17,-0.22301003714284728,0.08541051904324976,0.37363198475752557,0.5409575028249195,35,equity
2014-03-18,-0.5458,0.0227,0.5685,0.4089,1,commodity
2014-03-18,-0.12837459166898177,0.09925583296059033,0.2804996553988029,0.6202445132644513,39,equity
2014-03-19,-0.13665089469153432,0.09473035103157164,0.331026245723106,0.5742434091359376,40,equity
2014-03-20,-0.31520000000000004,0.03075,0.3459,0.6233500000000001,2,commodity
2014-03-20,-0.1917038885764375,0.11977942624355893,0.35072385536053696,0.5294967175275087,37,equity
2014-03-21,0.8829,0.8936,0.0107,0.0957,1,commodity
2014-03-21,-0.24814224989432843,0.11220283318613655,0.39381383308046497,0.4939833286693319,32,equity
2014-03-22,-0.4001377266879266,0.0890908897238282,0.5136247702579085,0.39724587353662805,26,equity
2014-03-23,-0.61265,0.0244,0.6371,0.3385,2,commodity
2014-03-23,-0.27488653229262966,0.11957250589218277,0.3944590381848124,0.4859684556722641,26,equity
2014-03-24,-0.44437499999999996,0.052974999999999994,0.49732499999999996,0.44970000000000004,4,commodity
2014-03-24,-0.2973211237952113,0.07421453100123575,0.3703142262250185,0.5555069712953908,28,equity
2014-03-25,0.5733,0.6083,0.0349,0.3568,1,commodity
2014-03-25,-0.0503734198326343,0.1194676234388822,0.3072620959030954,0.5732965971827507,38,equity
2014-03-26,-0.1966,0.23575000000000002,0.43235,0.3319,2,commodity
2014-03-26,-0.2167705670074943,0.095978021154728,0.38658094110339875,0.5174704461373827,34,equity
2014-03-27,-0.4574333333333333,0.0909,0.5482999999999999,0.3607666666666667,3,commodity
2014-03-27,-0.2526408977087716,0.17569812821160102,0.44644592247209675,0.37785594241166937,29,equity
2014-03-28,-0.29845,0.1519,0.45030000000000003,0.39785000000000004,2,commodity
2014-03-28,-0.157954360454157,0.11193125302460977,0.33706061347876676,0.5510081332055852,32,equity
2014-03-29,-0.21601400340420418,0.08193413379274564,0.3350308958176395,0.5830349758169774,29,equity
2014-03-30,0.25655,0.2938,0.0372,0.669,2,commodity
2014-03-30,-0.31451831581620154,0.05726340302714595,0.40045579291742156,0.5422808249239568,27,equity
2014-03-31,-0.4359,0.0718,0.5077,0.4205,1,commodity
2014-03-31,-0.1333008805158837,0.17417996674262246,0.33229119208609237,0.49352883866634867,29,equity
2014-04-01,-0.1774666666666667,0.22313333333333332,0.4006,0.3763666666666667,3,commodity
2014-04-01,-0.3164425953594276,0.10741993018686773,0.4927739541177239,0.39983468105707853,35,equity
2014-04-02,0.3446166666666666,0.4863833333333334,0.14175000000000001,0.37188333333333334,6,commodity
2014-04-02,-0.32286923390687444,0.08217291388451121,0.4775827727913856,0.4402130652740598,32,equity
2014-04-03,0.4292,0.492,0.0627,0.4453,1,commodity
2014-04-03,-0.21878878697366452,0.13142011684272437,0.3899026538163889,0.47870848705340174,32,equity
2014-04-04,0.3123,0.460125,0.147775,0.3921,4,commodity
2014-04-04,-0.2942887897174699,0.08782391820613827,0.4494441364950367,0.46276050645623884,35,equity
2014-04-05,-0.1752201769724488,0.13316952736377716,0.36362303766955933,0.5032074448386828,30,equity
2014-04-06,-0.3388,0.0296,0.3684,0.6020000000000001,2,commodity
2014-04-06,-0.3676049053675567,0.10651198128338618,0.47236304049709665,0.4211249820343577,26,equity
2014-04-07,-0.2247,0.1698,0.3945,0.4357,1,commodity
2014-04-07,-0.37860550657433845,0.07321084250389567,0.4869228006911374,0.4398663638349502,31,equity
2014-04-08,0.3313333333333333,0.47550000000000003,0.14416666666666667,0.38033333333333336,3,commodity
2014-04-08,-0.20995559799246052,0.11994893135853549,0.3222074705274666,0.557814184294904,34,equity
2014-04-09,0.1673,0.4179333333333333,0.2506,0.33143333333333336,3,commodity
2014-04-09,-0.26259214101824263,0.10541193040074974,0.42779027831554417,0.4667978023953479,29,equity
2014-04-10,0.1197,0.3599,0.24020000000000002,0.39985,2,commodity
2014-04-10,-0.26457909733105234,0.09572943940451917,0.3141055955591009,0.5901355532442821,34,equity
2014-04-11,-0.3082442750705827,0.12961814780485245,0.4368527454560803,0.43349683557594976,31,equity
2014-04-12,-0.3596624722592,0.10135873375221023,0.4553390631542674,0.443266494362482,28,equity
2014-04-13,-0.4704526102095842,0.06752343588570754,0.5584390090582547,0.37403755319339255,27,equity
2014-04-14,-0.12903333333333336,0.21820000000000003,0.34726666666666667,0.43450000000000005,3,commodity
2014-04-14,-0.08639016579268499,0.13667990787350573,0.2947044486661907,0.5686468869410455,32,equity
2014-04-15,-0.19977499999999998,0.248425,0.44819999999999993,0.3034,4,commodity
2014-04-15,-0.2701079350777467,0.12126910306811332,0.40208037147919334,0.4766505315373341,30,equity
2014-04-16,0.05652499999999999,0.28247500000000003,0.2259,0.4916,4,commodity
2014-04-16,-0.2777631646711718,0.07205521669622625,0.42200626015527687,0.5059385238258224,33,equity
2014-04-17,-0.1834,0.23465000000000003,0.41805000000000003,0.3473,2,commodity
2014-04-17,-0.20188343331642225,0.09708412663164465,0.35950998419049107,0.5434058921129415,33,equity
2014-04-18,-0.17473497260003176,0.17709933256081958,0.40914911997566616,0.4137515444280925,27,equity
2014-04-19,-0.3852440021559596,0.15046619422733784,0.5357101963832974,0.3138236066699028,25,equity
2014-04-20,-0.12925,0.08375,0.21295,0.7033,2,commodity
2014-04-20,-0.3774419863526065,0.06901061235224971,0.4803256756279331,0.45066371277203926,26,equity
2014-04-21,-0.41550000000000004,0.15195,0.5675,0.28055,2,commodity
2014-04-21,-0.3476623775538418,0.08487187828099535,0.48237296551225645,0.4327551524514152,31,equity
2014-04-22,-0.0046499999999999875,0.309625,0.31427499999999997,0.37607499999999994,4,commodity
2014-04-22,-0.28196504446254933,0.11116670857435641,0.416472929507494,0.4723309486468925,34,equity
2014-04-23,0.5378999999999999,0.6339333333333333,0.09606666666666668,0.27,3,commodity
2014-04-23,-0.2423258837649768,0.09664830007652442,0.358131759599077,0.5452502369483312,33,equity
2014-04-24,0.1708,0.4023285714285714,0.23152857142857144,0.3661285714285714,7,commodity
2014-04-24,-0.17788396793135577,0.13333038374973194,0.41918578025251624,0.4475124127481665,35,equity
2014-04-25,-0.38709450065428386,0.08282564215152524,0.5108045178058092,0.4063698380636051,32,equity
2014-04-26,-0.42434740960597994,0.08097042959183455,0.5053178391978145,0.41371173426508906,25,equity
2014-04-27,0.31695,0.3666,0.0497,0.5837,2,commodity
2014-04-27,-0.5765037185698748,0.08697898995131254,0.6634827085211873,0.2495382983982563,25,equity
2014-04-28,0.049100000000000005,0.274125,0.22502499999999998,0.5009250000000001,4,commodity
2014-04-28,-0.1991520948843044,0.10190295829448631,0.359681523767026,0.5384449252109317,34,equity
2014-04-29,-0.3673,0.0787,0.446,0.4753,1,commodity
2014-04-29,-0.2257760240393088,0.09606608372269308,0.4014538724678842,0.5024506347017254,34,equity
2014-04-30,-0.543425,0.032575,0.576,0.39142499999999997,4,commodity
2014-04-30,-0.22728578573653802,0.12979564658530496,0.423031432321843,0.44714350716419077,34,equity
2014-05-01,-0.6073999999999999,0.043725,0.651125,0.30517500000000003,4,commodity
2014-05-01,-0.28345474432619827,0.07142608878290352,0.39785659068485935,0.530717323015764,33,equity
2014-05-02,-0.15364587908242555,0.1124807142367696,0.307320710966254,0.5801397438443759,34,equity
2014-05-03,-0.3466148082490724,0.07392563810113531,0.45504044635020774,0.47103391536955647,26,equity
2014-05-04,-0.0011,0.0311,0.0322,0.9367,1,commodity
2014-05-04,-0.46033999692648647,0.0877773242816329,0.5481173212081194,0.36410534508526327,25,equity
2014-05-05,0.154725,0.3908250000000001,0.23612499999999997,0.373025,4,commodity
2014-05-05,-0.24311415553919727,0.08069672772961278,0.36722056068816494,0.5520827048526655,31,equity
2014-05-06,-0.11272500000000002,0.20527499999999999,0.317975,0.47672499999999995,4,commodity
2014-05-06,-0.20206361616750557,0.08763274006214407,0.316304689562983,0.5960347862847978,36,equity
2014-05-07,-0.17041666666666666,0.19144999999999998,0.36190000000000005,0.44661666666666666,6,commodity
2014-05-07,-0.26410856435721647,0.11006631295468185,0.4203454655471925,0.46964704743801944,34,equity
2014-05-08,-0.27815,0.195575,0.47372499999999995,0.330675,4,commodity
2014-05-08,-0.23435669556465,0.07304724148125388,0.34915081204590387,0.5778019388476388,32,equity
2014-05-09,-0.21112904729127882,0.12339752479131734,0.3271322863683105,0.5494987528715815,35,equity
2014-05-10,-0.3567035944809516,0.08850646035842322,0.4707470918764119,0.4407464554916929,27,equity
2014-05-11,-0.3886,0.1032,0.4918,0.405,1,commodity
2014-05-11,-0.21680919937073037,0.11941903947780912,0.3362282388485395,0.5443527270824864,26,equity
2014-05-12,0.24901999999999996,0.41192,0.16292,0.42516,5,commodity
2014-05-12,-0.1355770508454153,0.10683336562979402,0.35460132556611845,0.5385653090016409,33,equity
2014-05-13,-0.5194,0.0508,0.5702,0.3789,1,commodity
2014-05-13,-0.3731039288566448,0.0696790087451227,0.4654454376017675,0.46493805708736186,32,equity
2014-05-14,0.37375,0.4531,0.0793,0.4676,2,commodity
2014-05-14,-0.3197237323453514,0.0563252422455244,0.4165123892250221,0.5271379761048933,41,equity
2014-05-15,-0.21219999999999997,0.1306,0.34276666666666666,0.5266333333333334,3,commodity
2014-05-15,-0.18037994598533424,0.12946699263687644,0.39061836719363924,0.4799146365506308,35,equity
2014-05-16,0.07166666666666666,0.3256333333333333,0.254,0.4203666666666666,3,commodity
2014-05-16,-0.3754946214724013,0.06327423139129366,0.47833456714940925,0.4583912055837257,35,equity
2014-05-17,-0.3377172870883452,0.10330714878998697,0.39795300730690364,0.49873985305002755,28,equity
2014-05-18,0.7986,0.8101,0.0114,0.1785,1,commodity
2014-05-18,-0.36838461262456007,0.12692112811308887,0.4952093121662204,0.37786955858979904,28,equity
2014-05-19,-0.5622,0.0503,0.6125,0.3371,1,commodity
2014-05-19,-0.3335226089393953,0.08151773359638173,0.44092784253577705,0.4775544329918921,32,equity
2014-05-20,-0.3022,0.08195,0.3841,0.534,2,commodity
2014-05-20,-0.2019727930924104,0.15727320992658214,0.405842777212541,0.43688400814417866,31,equity
2014-05-21,-0.00573999999999999,0.30578000000000005,0.31152,0.38267999999999996,5,commodity
2014-05-21,-0.25831488455287177,0.12614234157069587,0.3752947261235677,0.4985629288423806,32,equity
2014-05-22,-0.07695,0.24485,0.32184999999999997,0.4333,2,commodity
2014-05-22,-0.356314867288371,0.0823121716529131,0.5040937056079506,0.4135941367089748,30,equity
2014-05-23,-0.49958,0.06824,0.56788,0.3639,5,commodity
2014-05-23,-0.29399407515131654,0.12146633022783264,0.43393459892753633,0.4445990742694947,31,equity
2014-05-24,-0.31157865319401024,0.12038649838417768,0.43196515157818793,0.44764835089445115,25,equity
2014-05-25,-0.42093996010055496,0.0936236223581114,0.5499028681729522,0.35650922325572804,28,equity
2014-05-26,0.5354333333333333,0.5771333333333333,0.041733333333333324,0.3811333333333333,3,commodity
2014-05-26,-0.1447981600822122,0.18370249850192555,0.32850065858413774,0.48779684360380526,27,equity
2014-05-27,-0.5873,0.0246,0.6118,0.3636,1,commodity
2014-05-27,-0.4106803498736229,0.1183489610850811,0.49520517302766953,0.3864458670112593,29,equity
2014-05-28,-0.507,0.06326000000000001,0.57028,0.36646,5,commodity
2014-05-28,-0.19503081465745967,0.08581951558763781,0.3431236635784308,0.5710234828129411,30,equity
2014-05-29,-0.18936666666666666,0.1701,0.35946666666666666,0.4704333333333333,3,commodity
2014-05-29,-0.35883521580167793,0.05698851922809175,0.45989343199946664,0.48311804541403597,33,equity
2014-05-30,-0.6842,0.031433333333333334,0.7156333333333333,0.2529333333333333,3,commodity
2014-05-30,-0.3798364131563288,0.060415373484220575,0.4641253160523141,0.4754298975209103,34,equity
2014-05-31,-0.2817662660777569,0.11855085775256156,0.4003171238303185,0.48113201454281807,25,equity
2014-06-01,0.33890000000000003,0.38439999999999996,0.0455,0.5701,2,commodity
2014-06-01,-0.35094256319122824,0.10939756557030174,0.4842555133769145,0.4063469179364351,26,equity
2014-06-02,-0.31739999999999996,0.1562,0.4736000000000001,0.3702,5,commodity
2014-06-02,-0.27670967217703024,0.09157999506785024,0.3936606349868159,0.5147593730697708,31,equity
2014-06-03,0.23030000000000003,0.4201333333333333,0.18983333333333333,0.3900333333333333,3,commodity
2014-06-03,-0.2640355426802238,0.12345948743770521,0.43475503011792893,0.441785496972998,30,equity
2014-06-04,-0.17270000000000002,0.1802,0.35295,0.4668,2,commodity
2014-06-04,-0.2235031955918297,0.13997024696157315,0.4280421925534028,0.43198755978653214,32,equity
2014-06-05,0.41506666666666664,0.5640333333333333,0.14893333333333333,0.287,3,commodity
2014-06-05,-0.2811167817482661,0.130222188004132,0.3808010387179153,0.48897676563468473,29,equity
2014-06-06,-0.0194,0.2488,0.26825,0.48295,2,commodity
2014-06-06,-0.26025492009792256,0.09030952966191312,0.3938791556421886,0.5157818915361867,34,equity
2014-06-07,-0.2370927441413204,0.12331505097531609,0.3780596469684883,0.49862531381845476,27,equity
2014-06-08,0.21495,0.2612,0.0463,0.6925,2,commodity
2014-06-08,-0.3252302731237241,0.09211329806462995,0.4248007140454969,0.4830859729221889,28,equity
2014-06-09,0.34365,0.44615000000000005,0.10250000000000001,0.45135000000000003,2,commodity
2014-06-09,-0.22282193210552903,0.1047506405210648,0.36387000852402973,0.5314049835747633,39,equity
2014-06-10,0.22429999999999997,0.4033,0.17900000000000002,0.4177,3,commodity
2014-06-10,-0.3052243865360232,0.09951310423104204,0.43944337312000636,0.4610729274013463,34,equity
2014-06-11,0.188125,0.35335,0.1652,0.481475,4,commodity
2014-06-11,-0.2477670211060301,0.07678217524914618,0.4231315492963528,0.5001451026407234,34,equity
2014-06-12,0.07142000000000001,0.29884,0.22746,0.4737,5,commodity
2014-06-12,-0.16612975570816133,0.09246249385716186,0.3877783606764343,0.5197869201915132,36,equity
2014-06-13,0.5305666666666667,0.5919333333333333,0.06136666666666666,0.3467,3,commodity
2014-06-13,-0.1537741871107121,0.14033928536127013,0.2697534724719822,0.5899405848443507,30,equity
2014-06-14,-0.3716734019950707,0.10163704627329245,0.4733104482683632,0.4250525011370076,25,equity
2014-06-15,-0.0078,0.0304,0.0382,0.9313,1,commodity
2014-06-15,-0.15386984934834416,0.2063865368562164,0.36520823805641245,0.42836818539434013,27,equity
2014-06-16,0.006066666666666665,0.28343333333333337,0.2773666666666667,0.4391666666666667,3,commodity
2014-06-16,-0.3142610998911659,0.10508736208975315,0.4707017953142524,0.42421084489325683,30,equity
2014-06-17,-0.1502,0.15919999999999998,0.30942499999999995,0.53135,4,commodity
2014-06-17,-0.22580043514417486,0.10073984372382984,0.35127152886800467,0.5479886240321212,32,equity
2014-06-18,0.035375000000000004,0.20600000000000002,0.1706,0.6234,4,commodity
2014-06-18,-0.3344882672339212,0.08284286744450219,0.4708530096784234,0.44627286021690815,32,equity
2014-06-19,0.34806,0.45772,0.10968,0.43258,5,commodity
2014-06-19,-0.33635349724725366,0.11335899832796666,0.43780604396231715,0.4488349522419514,31,equity
2014-06-20,0.6386499999999999,0.6805,0.04195,0.27754999999999996,2,commodity
2014-06-20,-0.09427159471260384,0.15094060421711766,0.34015594892972145,0.5089347050022334,32,equity
2014-06-21,-0.43453591920573403,0.07133070058706734,0.5058666197928013,0.42280268365586243,27,equity
2014-06-22,-0.2534423081783721,0.170691635356213,0.45342625122689284,0.37588211180498965,26,equity
2014-06-23,-0.13175,0.22437500000000002,0.356125,0.4195,4,commodity
2014-06-23,-0.2119458646945896,0.08893021621747363,0.3426728551056116,0.5683969294880667,31,equity
2014-06-24,-0.08529999999999999,0.23299999999999998,0.318275,0.44875,4,commodity
2014-06-24,-0.2570676535693463,0.1261498190886341,0.4191362226579804,0.45471395589597524,32,equity
2014-06-25,-0.23458333333333328,0.19205000000000003,0.42665,0.3813166666666667,6,commodity
2014-06-25,-0.06998336722701788,0.17044384004872654,0.25895946534026054,0.5705321738854532,31,equity
2014-06-26,-0.42523333333333335,0.09616666666666666,0.5214,0.38243333333333335,3,commodity
2014-06-26,-0.06581341403292552,0.1642615566459154,0.30450400293690544,0.5312344447883868,31,equity
2014-06-27,0.4281333333333333,0.5177666666666667,0.08963333333333334,0.3926,3,commodity
2014-06-27,-0.27324874008062383,0.10607994068774484,0.3956996485103042,0.4982526679952298,31,equity
2014-06-28,-0.21232345691541474,0.17218560656479426,0.4422447777659233,0.3856053424280669,28,equity
2014-06-29,-0.12320000000000002,0.15209999999999999,0.27526666666666666,0.5726333333333334,3,commodity
2014-06-29,-0.3140199096658482,0.14590274213025203,0.45992265179610026,0.39417460410354227,26,equity
2014-06-30,0.026250000000000023,0.322,0.29575,0.38225,2,commodity
2014-06-30,-0.29135697631648294,0.14658780823703166,0.4379447845535146,0.41546740914108576,27,equity
2014-07-01,0.36846666666666666,0.5301,0.1616,0.30833333333333335,3,commodity
2014-07-01,-0.17371262258271378,0.12051349777951836,0.3664961203622321,0.5129903883775075,30,equity
2014-07-02,-0.22163333333333335,0.22313333333333332,0.4447666666666667,0.3320666666666667,3,commodity
2014-07-02,-0.27651236573217375,0.12379026732954287,0.46594456854558763,0.4102651651463201,31,equity
2014-07-03,-0.3361,0.11793333333333333,0.4540499999999999,0.4280166666666667,6,commodity
2014-07-03,-0.23479777336155377,0.07815079425076643,0.3310385676123202,0.5908106475432714,30,equity
2014-07-04,-0.4002147790789604,0.07002163022756576,0.47023640930652616,0.4597419533878565,25,equity
2014-07-05,-0.14101750753819942,0.2616695116832852,0.40268701922148464,0.3356434732675552,25,equity
2014-07-06,-0.1045,0.2751,0.3795,0.3454,1,commodity
2014-07-06,-0.22823090519132436,0.1682627736432133,0.4002047899456488,0.43149539282034943,27,equity
2014-07-07,-0.5178666666666666,0.03426666666666667,0.5521666666666666,0.4135333333333333,3,commodity
2014-07-07,-0.2936445152811706,0.1030235381655395,0.4133680534467101,0.4836084114611149,30,equity
2014-07-08,-0.28755000000000003,0.1562,0.44375000000000003,0.4001,2,commodity
2014-07-08,-0.28007679912152234,0.0633736645228928,0.4288692136444151,0.5077258716435171,32,equity
2014-07-09,0.20179999999999998,0.38187499999999996,0.18007499999999999,0.43805000000000005,4,commodity
2014-07-09,-0.36671635305280137,0.11154564662064825,0.4791262853877353,0.40932806709355546,28,equity
2014-07-10,0.26892499999999997,0.4276,0.158675,0.41369999999999996,4,commodity
2014-07-10,-0.3437827050742603,0.12604873364442779,0.46742176129933327,0.40652949201772287,31,equity
2014-07-11,0.3899,0.5252,0.1353,0.33955,2,commodity
2014-07-11,-0.16560697267254193,0.11596959856197689,0.30401899547694305,0.5800114136374358,33,equity
2014-07-12,-0.43025579567998645,0.08655232824385166,0.5168081239238381,0.39663954243063926,25,equity
2014-07-13,-0.49203694134128345,0.05293017394884614,0.5370863460593603,0.4099834897706805,26,equity
2014-07-14,-0.31479999999999997,0.20115,0.51595,0.28290000000000004,2,commodity
2014-07-14,-0.22239414157017187,0.11956815641088522,0.37268288621635115,0.5077783553319818,34,equity
2014-07-15,-0.36123999999999995,0.15056,0.5118,0.33759999999999996,5,commodity
2014-07-15,-0.2144488656939882,0.1347486290954279,0.3468277978197192,0.5184235772616935,33,equity
2014-07-16,0.4483,0.5055,0.0572,0.4372,1,commodity
2014-07-16,-0.33614488702600204,0.09339142558276654,0.4148429792754352,0.4917655934343736,30,equity
2014-07-17,-0.01454999999999998,0.2476,0.262125,0.490275,4,commodity
2014-07-17,-0.2191152790973584,0.14192229035045162,0.3688799936902342,0.48913711266445387,33,equity
2014-07-18,-0.5421,0.0359,0.578,0.3861,1,commodity
2014-07-18,-0.33794379782209794,0.07096096251184741,0.4263580936672787,0.502680937736233,30,equity
2014-07-19,-0.4616850557454206,0.09791674359363539,0.5357314289686856,0.3663888608184126,27,equity
2014-07-20,-0.0051,0.0301,0.0351,0.9348,1,commodity
2014-07-20,-0.37158310368235764,0.07776442347466944,0.517340630605303,0.40492943683574945,29,equity
2014-07-21,0.16596666666666668,0.3847666666666667,0.21883333333333335,0.39633333333333337,3,commodity
2014-07-21,-0.3726510668902217,0.053559778949932045,0.45158189847173275,0.4948583206299104,38,equity
2014-07-22,-0.144375,0.2434,0.38777500000000004,0.368825,4,commodity
2014-07-22,-0.26204844867630916,0.11797927091489821,0.46021595488532496,0.42180477545980144,34,equity
2014-07-23,0.09736666666666667,0.3179666666666667,0.2206,0.46143333333333336,3,commodity
2014-07-23,-0.31308376307032176,0.0761591173418694,0.3860012137455245,0.5378674508813356,36,equity
2014-07-24,-0.0754,0.2441,0.3195,0.4363,1,commodity
2014-07-24,-0.37276246070921426,0.0679087606685857,0.45067788804446657,0.48144668828348325,30,equity
2014-07-25,0.21143333333333328,0.42440000000000005,0.21303333333333332,0.3626,3,commodity
2014-07-25,-0.19624899033588522,0.1368461776921416,0.39719810920449744,0.465896883602528,34,equity
2014-07-26,-0.3567521067687525,0.13490563913062215,0.5135346689762977,0.351559698734719,26,equity
2014-07-27,-0.47003069879515813,0.07697896008938551,0.5694711973460821,0.35354984851066884,26,equity
2014-07-28,0.29125,0.46565,0.1744,0.35995,2,commodity
2014-07-28,-0.35588910131325324,0.07108888655180733,0.4651079878650606,0.46383646425604824,30,equity
2014-07-29,-0.041000000000000016,0.2834,0.3243666666666667,0.39223333333333327,3,commodity
2014-07-29,-0.3462565975354825,0.08510005319139788,0.43413950786973754,0.48073187046391624,35,equity
2014-07-30,-0.7114,0.0175,0.7289,0.2536,1,commodity
2014-07-30,-0.06096720652223418,0.10377819205114716,0.32612697752074976,0.5700421979913586,38,equity
2014-07-31,-0.19143333333333334,0.14186666666666667,0.3333333333333333,0.5248,3,commodity
2014-07-31,-0.19159204884199676,0.11237203624018947,0.3679803012984024,0.519620631432211,37,equity
2014-08-01,-0.0658,0.2581,0.3239,0.41795,2,commodity
2014-08-01,-0.37851897919342986,0.07843324307325696,0.48275936512382966,0.438771668503327,28,equity
2014-08-02,-0.3296277445182204,0.1302418025955558,0.4598695471137762,0.40988864317536355,25,equity
2014-08-03,-0.0057,0.0305,0.0362,0.9334,1,commodity
2014-08-03,-0.4732932009547949,0.062411963045597076,0.5357051640003919,0.4018828672170639,25,equity
2014-08-04,0.19033333333333338,0.38633333333333336,0.19599999999999998,0.41769999999999996,3,commodity
2014-08-04,-0.35913752029116813,0.08272953419926864,0.4540049855249195,0.46323099597569173,29,equity
2014-08-05,0.1076,0.3309,0.22335,0.44575,2,commodity
2014-08-05,-0.33704475903447184,0.0828160880152136,0.46897870419254256,0.4481694947704673,28,equity
2014-08-06,0.02125000000000002,0.3173,0.296,0.38675000000000004,2,commodity
2014-08-06,-0.3363836053897937,0.07228217955452926,0.47615972433826237,0.45161870487711653,33,equity
2014-08-07,-0.12152000000000003,0.21664,0.33815999999999996,0.44518,5,commodity
2014-08-07,-0.2446445721604701,0.16088491106855457,0.42617431081523155,0.4129407838326076,29,equity
2014-08-08,-0.24573333333333336,0.16683333333333336,0.4125666666666667,0.42060000000000003,3,commodity
2014-08-08,-0.34606976796526995,0.06506218834913202,0.4580426706001162,0.47689514643911807,28,equity
2014-08-09,-0.3011313778329779,0.13554238821400535,0.4365404327136499,0.4279171972848751,27,equity
2014-08-10,-0.0229,0.0286,0.0515,0.92,1,commodity
2014-08-10,-0.4127243848687181,0.08915037423228989,0.5375901437163926,0.3732210276768758,26,equity
2014-08-11,-0.24569999999999997,0.14515,0.39082500000000003,0.46405,4,commodity
2014-08-11,-0.40937185810596816,0.07678302266315691,0.5021620236262679,0.4210192415203367,28,equity
2014-08-12,-0.06455,0.29410000000000003,0.3587,0.3472,2,commodity
2014-08-12,-0.055574825541252884,0.1955530725263059,0.2787912314008922,0.5256557023902734,30,equity
2014-08-13,0.262,0.4339,0.1719,0.3942,1,commodity
2014-08-13,-0.18362595604913576,0.15150463584571014,0.36521630618056017,0.48327906083422045,28,equity
2014-08-14,-0.19000000000000003,0.20783333333333331,0.3978333333333333,0.3942666666666667,3,commodity
2014-08-14,-0.39476265991980836,0.08306220104272168,0.49989486096253,0.41704294038514295,30,equity
2014-08-15,-0.33903333333333335,0.12429999999999998,0.46336666666666665,0.4123333333333334,3,commodity
2014-08-15,-0.23581937645276385,0.0687608227923964,0.42787716894212996,0.5033923158112801,33,equity
2014-08-16,-0.3116337649372335,0.0959593911107916,0.4246700791249482,0.4793705199853732,26,equity
2014-08-17,0.0591,0.20604999999999998,0.14705,0.6469,2,commodity
2014-08-17,-0.306617945074462,0.1546138390325583,0.46123178410702026,0.38415438825121295,26,equity
2014-08-18,-0.46930000000000005,0.0745,0.5438,0.3817,2,commodity
2014-08-18,-0.26118390482833675,0.1379254852553894,0.4601197349113123,0.4019547825630369,29,equity
2014-08-19,0.2717,0.4432333333333333,0.17153333333333334,0.3852333333333333,3,commodity
2014-08-19,-0.2981066687025851,0.08658170055213475,0.4406754660289134,0.47274283044472815,31,equity
2014-08-20,-0.5588,0.030866666666666667,0.5897,0.3794666666666667,3,commodity
2014-08-20,-0.4007523488573473,0.07696903222696534,0.48933517418776096,0.4336957999760735,29,equity
2014-08-21,-0.330375,0.1073,0.43765,0.45505,4,commodity
2014-08-21,-0.28755624519641754,0.1071890531518945,0.4087786316816454,0.48406935310032634,27,equity
2014-08-22,0.45209999999999995,0.50415,0.052,0.44384999999999997,2,commodity
2014-08-22,-0.3582014902872965,0.10696527106268332,0.48776676134997976,0.40529921793658286,32,equity
2014-08-23,-0.36126813183245915,0.09755411571051395,0.5227686761144017,0.37967720684462364,28,equity
2014-08-24,-0.35011720902185356,0.09698142023863536,0.44926291497477466,0.45375565287896563,28,equity
2014-08-25,-0.38935,0.0849,0.47425,0.44085,2,commodity
2014-08-25,-0.22404572955965998,0.1098564656547481,0.3932021952144081,0.4969413361866628,31,equity
2014-08-26,0.20389999999999997,0.3955714285714286,0.19167142857142855,0.4127714285714286,7,commodity
2014-08-26,-0.23074844904919153,0.1427043995638378,0.3993122236130293,0.4580146324983798,32,equity
2014-08-27,0.3642,0.4525,0.0883,0.4592,1,commodity
2014-08-27,-0.36390309844955804,0.11054437357957164,0.43269413869579637,0.45679481096863744,30,equity
2014-08-28,0.3838333333333333,0.4689666666666667,0.08513333333333334,0.44586666666666663,3,commodity
2014-08-28,-0.1763067867349614,0.09519502190018402,0.35874592628220425,0.5460296378889504,34,equity
2014-08-29,-0.35756666666666675,0.09960000000000001,0.4572,0.44316666666666665,3,commodity
2014-08-29,-0.1323487903117202,0.153621310046874,0.3734857253585942,0.4728929563872516,32,equity
2014-08-30,-0.15902744992010553,0.15916448474469885,0.4225781415613561,0.41825736659662477,29,equity
2014-08-31,0.5399,0.5721,0.0321,0.3958,1,commodity
2014-08-31,-0.5104878357052803,0.052758291102945803,0.563246126808226,0.3839955696463585,25,equity
2014-09-01,-0.29896365880381176,0.10537801358710837,0.38844907979832755,0.5061729027513001,27,equity
2014-09-02,-0.5081,0.0613,0.5694,0.3693,1,commodity
2014-09-02,-0.2074343057118853,0.11158909366528194,0.3891600660438339,0.4992508437678218,30,equity
2014-09-03,-0.0363,0.2639,0.3002,0.4359,1,commodity
2014-09-03,-0.0782186711173166,0.15258542383507345,0.30322833737663246,0.5441862468597564,33,equity
2014-09-04,-0.10214999999999999,0.25834999999999997,0.3605,0.38115,2,commodity
2014-09-04,-0.06464110787098898,0.11948698696559845,0.301595741895411,0.5789172583743929,34,equity
2014-09-05,-0.012299999999999978,0.29135,0.30369999999999997,0.405,2,commodity
2014-09-05,-0.11164776829400577,0.11855429655172534,0.27499395673762306,0.6064247143977397,37,equity
2014-09-06,-0.10476075016255633,0.15277519830858166,0.3161571605923501,0.5310676359909051,33,equity
2014-09-07,0.5379,0.6209,0.0829,0.2962,1,commodity
2014-09-07,-0.2265225050917378,0.09813382728232278,0.36598225829998654,0.5358839308365627,27,equity
2014-09-08,0.04035,0.29375,0.2534,0.45285,2,commodity
2014-09-08,-0.25927268080259674,0.10361558567592874,0.3900195164785255,0.5063648910643532,32,equity
2014-09-09,-0.2529,0.1408,0.3938,0.46540000000000004,2,commodity
2014-09-09,-0.3210755867954986,0.06502095977576641,0.45909309829540296,0.475920436248697,29,equity
2014-09-10,0.3507,0.49105,0.14035,0.36860000000000004,2,commodity
2014-09-10,-0.14293379428420336,0.14697315745464254,0.35133598399691046,0.5017553747676072,31,equity
2014-09-11,-0.06440389394796255,0.1506650531578696,0.32206288649977155,0.5273326724424506,33,equity
2014-09-12,-0.4373,0.05405,0.49129999999999996,0.45465,2,commodity
2014-09-12,-0.27434117549439274,0.13562431001762548,0.3941688188453515,0.4702068669150273,30,equity
2014-09-13,-0.04051681574950261,0.20779115735978954,0.32001154453786357,0.4721972971377628,28,equity
2014-09-14,-0.31531626166334514,0.10321430227934168,0.4152921024042253,0.48149359338214764,26,equity
2014-09-15,-0.1872,0.21080000000000002,0.39799999999999996,0.3912,3,commodity
2014-09-15,-0.1962798437249276,0.08932737392379393,0.34866528216485054,0.5620073506409122,31,equity
2014-09-16,0.41015,0.4677,0.0576,0.47475,2,commodity
2014-09-16,-0.03096456656035255,0.1546910178779679,0.28661146679126165,0.5587269278076642,34,equity
2014-09-17,-0.26920000000000005,0.11370000000000001,0.38289999999999996,0.5033333333333333,3,commodity
2014-09-17,-0.14035747740987467,0.13848262273103873,0.361693041317384,0.4997949169554255,34,equity
2014-09-18,-0.410975,0.091225,0.5022,0.406575,4,commodity
2014-09-18,-0.19136773360481388,0.09865158533677458,0.3507956347310621,0.550500139187041,38,equity
2014-09-19,-0.24423884280310434,0.10878337015482513,0.374607061442778,0.5165792716655767,33,equity
2014-09-20,-0.3347512101754546,0.14999723568558693,0.48474844586104154,0.3652543228119612,25,equity
2014-09-21,-0.5914,0.0161,0.6076,0.3763,1,commodity
2014-09-21,-0.24895802598446606,0.1561886664479971,0.40514669243246315,0.43866462498903275,25,equity
2014-09-22,-0.2883,0.1815,0.4698,0.34876666666666667,3,commodity
2014-09-22,-0.16493883722092834,0.15660599111525283,0.367954505755536,0.4754717741421153,31,equity
2014-09-23,-0.15268330450192097,0.13804196608861288,0.30796527059053375,0.5540260930220285,30,equity
2014-09-24,0.029766666666666663,0.2966,0.26686666666666664,0.4365333333333334,3,commodity
2014-09-24,-0.11919386285188897,0.18102813884513133,0.3345530361797789,0.48441881248252144,29,equity
2014-09-25,-0.05988,0.22139999999999999,0.2813,0.49728000000000006,5,commodity
2014-09-25,-0.22553352981394892,0.12229697205848766,0.3807971685391032,0.4969058662321081,33,equity
2014-09-26,0.02124999999999999,0.31935,0.29805,0.3826,2,commodity
2014-09-26,-0.17047258768990156,0.13269235151092854,0.337932681136314,0.5294072173958825,31,equity
2014-09-27,-0.1991722072314205,0.1958725367824414,0.4563161725852905,0.3477398584187031,28,equity
2014-09-28,-0.4059525548887474,0.09807065697980148,0.5375972859426229,0.36433206494207737,27,equity
2014-09-29,0.1231,0.4225,0.2994,0.2781,1,commodity
2014-09-29,-0.3790269779035161,0.0955251753750828,0.4755102177947279,0.42893234744379594,31,equity
2014-09-30,-0.16754169174406458,0.09964301987584022,0.31763471161990475,0.5827222828575794,34,equity
2014-10-01,0.15386666666666668,0.3408333333333333,0.18703333333333336,0.47213333333333335,3,commodity
2014-10-01,-0.24901656604063124,0.10095427693378542,0.38510632684538443,0.5139071434438228,31,equity
2014-10-02,0.4965,0.5476,0.0511,0.4013,1,commodity
2014-10-02,-0.27774533364379944,0.10661183412192446,0.4935389859475422,0.3998794850210349,33,equity
2014-10-03,-0.5922499999999999,0.0228,0.61505,0.36214999999999997,2,commodity
2014-10-03,-0.3942395827052408,0.07081934350677606,0.47077616759132723,0.4583699998809346,29,equity
2014-10-04,-0.34752483958963837,0.07157252900222581,0.4277402257347213,0.5006872491879123,28,equity
2014-10-05,-0.19284550310466436,0.12001839302280651,0.38602103898461376,0.4939248539230653,28,equity
2014-10-06,0.0674,0.2886,0.2212,0.4902,1,commodity
2014-10-06,-0.2821588883277593,0.08871196131024398,0.4001102435773971,0.5112080976628895,33,equity
2014-10-07,0.06340000000000001,0.2925333333333333,0.22913333333333333,0.47833333333333333,3,commodity
2014-10-07,-0.20942853329950764,0.1046424783482667,0.32356778584132273,0.5718219932740735,31,equity
2014-10-08,0.4606,0.5112,0.0506,0.4381,1,commodity
2014-10-08,-0.25843495375487735,0.10429277387239477,0.42543360998021335,0.4702736132986405,34,equity
2014-10-09,0.35375,0.45594999999999997,0.10220000000000001,0.44182499999999997,4,commodity
2014-10-09,-0.1852573482799259,0.10987475716909675,0.3484714993884166,0.541653734383258,33,equity
2014-10-10,-0.41389999999999993,0.10253333333333332,0.5164666666666666,0.38103333333333333,3,commodity
2014-10-10,-0.38357966763850665,0.06854221701754197,0.43825091691411316,0.49320685842248696,31,equity
2014-10-11,-0.30858772543915186,0.07527587948137751,0.39229437415129864,0.5324297489821911,26,equity
2014-10-12,-0.3243,0.1062,0.4305,0.4633,1,commodity
2014-10-12,-0.3641774572444735,0.11872650867148682,0.5263965585085528,0.3548769338202697,27,equity
2014-10-13,0.36960000000000004,0.5189999999999999,0.14934999999999998,0.33165,2,commodity
2014-10-13,-0.16513024293237155,0.10149511991801762,0.311135040269744,0.587369833953919,31,equity
2014-10-14,0.2569333333333334,0.4290333333333333,0.1721,0.3988666666666667,3,commodity
2014-10-14,-0.3329195505107939,0.07823505633200208,0.46330794017612936,0.4584570133949319,30,equity
2014-10-15,-0.13752543934002104,0.13697165213328683,0.28133875813997455,0.5816895896879335,36,equity
2014-10-16,-0.06420000000000001,0.25325,0.3175,0.4292,2,commodity
2014-10-16,-0.20463874250302713,0.1683788002230453,0.41945087605940573,0.41214001535330763,33,equity
2014-10-17,-0.0954995857823321,0.16241140004907337,0.338962414402834,0.49862618589401253,35,equity
2014-10-18,-0.2613390412965306,0.10189845523100208,0.3911078668979031,0.5069936953937566,27,equity
2014-10-19,-0.29428093213356205,0.14446212400882333,0.44616157466090384,0.4093392589467543,27,equity
2014-10-20,0.48635,0.5711999999999999,0.08485000000000001,0.344,2,commodity
2014-10-20,-0.11896224111829484,0.1673150078705379,0.34129153470311846,0.49133631467563765,35,equity
2014-10-21,0.46875999999999995,0.50912,0.04034,0.45052000000000003,5,commodity
2014-10-21,-0.11033211942770903,0.14272509507528122,0.32853368509122555,0.5287706401444534,34,equity
2014-10-22,-0.0862002752763219,0.1601454798555933,0.3003926301319152,0.5395243829693646,32,equity
2014-10-23,-0.26,0.1936,0.4537,0.3527,1,commodity
2014-10-23,-0.30935107138399565,0.09638945585616998,0.3940033843830228,0.5095500146950993,35,equity
2014-10-24,0.6071,0.6891,0.082,0.2289,1,commodity
2014-10-24,-0.1568818076711562,0.0937089471059541,0.36855742144377696,0.5377058535690109,36,equity
2014-10-25,-0.5399,0.0498,0.5897,0.3606,1,commodity
2014-10-25,-0.38552461705859065,0.10705930967904903,0.5092728156265286,0.38366786703688127,27,equity
2014-10-26,-0.3618464955316098,0.11627104314940946,0.47301383497731553,0.4106780790068485,27,equity
2014-10-27,-0.32580000000000003,0.04745,0.37324999999999997,0.57935,2,commodity
2014-10-27,-0.30087521821460167,0.07906238308815168,0.41885298591813797,0.5020846295847864,39,equity
2014-10-28,-0.1624,0.1945,0.3569,0.4486,1,commodity
2014-10-28,-0.2526738744064289,0.09451681938855087,0.3880553996773327,0.5174571849195396,34,equity
2014-10-29,-0.4998,0.0422,0.542,0.4158,1,commodity
2014-10-29,-0.06640696055672386,0.1328129528643507,0.25770779220895335,0.6094489557910147,33,equity
2014-10-30,-0.46795,0.037925,0.5058750000000001,0.456225,4,commodity
2014-10-30,-0.17158713683777435,0.12694590113991322,0.2951183320953346,0.5779651741604594,34,equity
2014-10-31,-0.226725,0.17795,0.404725,0.417325,4,commodity
2014-10-31,-0.10050093557156861,0.15521275912802066,0.3265362753447506,0.5182509644156502,31,equity
2014-11-01,-0.4488215035266898,0.10019430024894299,0.540426914886744,0.3593787874513202,27,equity
2014-11-02,-0.20755015692189335,0.17106952787376942,0.4450268276528056,0.38390365278880506,28,equity
2014-11-03,-0.5068750000000001,0.045325000000000004,0.552225,0.40245,4,commodity
2014-11-03,-0.20260225691188014,0.11491010413296296,0.32860630043878253,0.5564835930999481,33,equity
2014-11-04,-0.21844999999999998,0.1893,0.40775,0.40295000000000003,2,commodity
2014-11-04,-0.30007906827457687,0.09604071689725799,0.3688521381130113,0.5351071348273578,34,equity
2014-11-05,-0.1326,0.0824,0.2151,0.7025,1,commodity
2014-11-05,-0.27339504801946024,0.12808479589607036,0.4268055582012449,0.4450810769753797,35,equity
2014-11-06,0.1769,0.24615,0.06924999999999999,0.6845,2,commodity
2014-11-06,-0.1600324903439073,0.11492054390249884,0.33470009306993553,0.5504381879265694,34,equity
2014-11-07,-0.25021103829126207,0.1847919112369418,0.4164094011411071,0.3987987034243922,31,equity
2014-11-08,-0.23697239275162035,0.15024168993561313,0.3872140826872335,0.46254423142482454,26,equity
2014-11-09,-0.24149966303259135,0.19231721844524144,0.4338168814778328,0.37386590480804444,25,equity
2014-11-10,-0.48185,0.0513,0.53315,0.41555,4,commodity
2014-11-10,-0.12793689878248685,0.1286320526777087,0.31701760010884417,0.5543503544878315,37,equity
2014-11-11,0.258925,0.34735000000000005,0.08845,0.5642,4,commodity
2014-11-11,-0.1431573380041548,0.11455685077288322,0.3210799030627523,0.564391825229781,35,equity
2014-11-12,-0.4844,0.0311,0.5155,0.4535,1,commodity
2014-11-12,-0.23723666706630162,0.08883619120057139,0.39613857255258733,0.5150252299138478,35,equity
2014-11-13,0.3715,0.47109999999999996,0.09960000000000001,0.42935,2,commodity
2014-11-13,-0.16475968085983222,0.10988655780211969,0.3411080033678342,0.5490348492799436,34,equity
2014-11-14,-0.28955000000000003,0.16065000000000002,0.45025,0.38915,2,commodity
2014-11-14,-0.29632492758165446,0.0798310135643809,0.40039787662990634,0.5197711080331957,31,equity
2014-11-15,-0.29928201228603724,0.11849072015445147,0.4216727324404887,0.4598365434802004,28,equity
2014-11-16,-0.3409898045260597,0.06750485727108187,0.43837614327862306,0.49411900952237625,27,equity
2014-11-17,-0.2985,0.14322500000000002,0.44172500000000003,0.41505000000000003,4,commodity
2014-11-17,-0.18988663364855782,0.10373461704577008,0.32547680624988345,0.5707885728238358,36,equity
2014-11-18,-0.18327962059383432,0.10120422109432761,0.3417419062042909,0.5570538713494615,31,equity
2014-11-19,-0.13583333333333333,0.18451666666666666,0.3203333333333333,0.49510000000000004,6,commodity
2014-11-19,-0.21132717899017864,0.08082044824564621,0.3356559605691582,0.5835513766722547,36,equity
2014-11-20,-0.448225,0.118625,0.566825,0.314525,4,commodity
2014-11-20,-0.2684012389796184,0.07920093771179809,0.4211286472796517,0.49969982751283576,34,equity
2014-11-21,-0.0095,0.1435,0.153,0.7035,1,commodity
2014-11-21,-0.38903697989578206,0.06690160488529552,0.45800955252301306,0.4750888489306934,31,equity
2014-11-22,-0.38899297150432,0.09083201790946936,0.49374998941378934,0.41541799603615487,28,equity
2014-11-23,-0.3504242464139506,0.11948087454062921,0.463190306139765,0.4173288076608269,27,equity
2014-11-24,0.0162,0.2616,0.2454,0.493,1,commodity
2014-11-24,-0.4191808883701052,0.08482223159340875,0.5140316913920854,0.40111036040048514,28,equity
2014-11-25,0.0003999999999999837,0.2943,0.2939,0.4118,2,commodity
2014-11-25,-0.2696974144082982,0.0860783613550011,0.40654765076329935,0.5074052478643134,32,equity
2014-11-26,-0.6161,0.037,0.65315,0.3098,2,commodity
2014-11-26,-0.31426058644144794,0.07400245933840052,0.4571349207798485,0.4688313690377399,32,equity
2014-11-27,-0.6093,0.02495,0.6343000000000001,0.3407,2,commodity
2014-11-27,-0.16804509978257118,0.09155953497146921,0.33624392046832613,0.5721251162216067,28,equity
2014-11-28,-0.018924999999999997,0.215,0.233925,0.551125,4,commodity
2014-11-28,-0.27929868988337053,0.16033202269216698,0.4589565190271505,0.3807114632076794,31,equity
2014-11-29,-0.3985843650566844,0.12202772193659957,0.520612086993284,0.3573601942222852,26,equity
2014-11-30,-0.1173,0.1474,0.2647,0.58785,2,commodity
2014-11-30,-0.4532509932535772,0.10347694108405939,0.5498087035684058,0.34671435330578915,26,equity
2014-12-01,0.14939999999999998,0.38305,0.23365,0.38325,2,commodity
2014-12-01,-0.3443421688564843,0.0904548479232096,0.44829379097324223,0.4612191100389727,31,equity
2014-12-02,-0.3119076149608009,0.09716447158856317,0.44993146154936403,0.45290407006349415,32,equity
2014-12-03,-0.37082946012226803,0.0796344767301794,0.4375187755621249,0.4828467444931307,31,equity
2014-12-04,0.06795,0.36429999999999996,0.29635,0.33930000000000005,2,commodity
2014-12-04,-0.3287418527475288,0.08534735750479083,0.45419888767167443,0.46045374298672526,31,equity
2014-12-05,-0.5731999999999999,0.02785,0.601,0.37115,2,commodity
2014-12-05,-0.378467813885808,0.06314884867444634,0.45162332922692094,0.48519449615379173,30,equity
2014-12-06,-0.40498909655958415,0.13657797656953335,0.5415670731291174,0.321854959949851,25,equity
2014-12-07,-0.0193,0.0283,0.0476,0.9241,1,commodity
2014-12-07,-0.44398277969314504,0.09238875524785656,0.5363715349410015,0.3712396969159062,26,equity
2014-12-08,-0.19840000000000002,0.09355,0.29195,0.6145499999999999,2,commodity
2014-12-08,-0.35906180883499406,0.10236513788889974,0.5197656564013131,0.37783694928259615,31,equity
2014-12-09,0.22793333333333332,0.25993333333333335,0.032,0.7080333333333333,3,commodity
2014-12-09,-0.44797902049014965,0.11286587694933016,0.5305715641061465,0.3565958871866266,30,equity
2014-12-10,0.6578999999999999,0.6940999999999999,0.03625,0.26965,2,commodity
2014-12-10,-0.18731089459409317,0.101118876631287,0.3361903772859863,0.5626907496669076,33,equity
2014-12-11,0.3995,0.45185,0.05235,0.49585,2,commodity
2014-12-11,-0.20520185741995062,0.16985931607415633,0.41984688777982127,0.4103295130261353,28,equity
2014-12-12,-0.55,0.0214,0.5714,0.4072,1,commodity
2014-12-12,-0.3418065565305629,0.09135358674185616,0.4331601432724191,0.47548627560692175,28,equity
2014-12-13,-0.27408074475311,0.1305805919640537,0.3760578884413016,0.49332703914827314,29,equity
2014-12-14,-0.1721564589455227,0.19390789303630593,0.3804110186484953,0.4256810895880063,30,equity
2014-12-15,-0.42960000000000004,0.09300000000000001,0.5225666666666666,0.3844666666666667,3,commodity
2014-12-15,-0.19785662990934919,0.12734131305529311,0.3442827914494908,0.5283758961160977,33,equity
2014-12-16,-0.21842499999999998,0.189825,0.40825,0.40195,4,commodity
2014-12-16,-0.132039833990857,0.12115574673973024,0.3521080807305873,0.5267361711792647,40,equity
2014-12-17,-0.0388,0.25895,0.2978,0.44325000000000003,2,commodity
2014-12-17,-0.33486005807774405,0.08812953189462423,0.426703875686654,0.48513801550865177,35,equity
2014-12-18,0.25651999999999997,0.40208000000000005,0.14552,0.4524,5,commodity
2014-12-18,-0.3665988234088728,0.06306245431394288,0.408624914086452,0.5283126358046677,33,equity
2014-12-19,0.276575,0.4088,0.13225,0.45895,4,commodity
2014-12-19,-0.2882547061338524,0.1123846581089,0.3950860309094191,0.49252930182367566,30,equity
2014-12-20,-0.35730705778732896,0.12181242787837983,0.4666928189990421,0.41149474924206736,30,equity
2014-12-21,-0.42226509284233604,0.0912093180624975,0.5383299664603891,0.37046072030619337,27,equity
2014-12-22,-0.25933333333333336,0.13473333333333334,0.3940666666666666,0.47120000000000006,3,commodity
2014-12-22,-0.1143701331677381,0.16806550712441093,0.29744501529214906,0.5345207465300337,32,equity
2014-12-23,0.6575,0.7043,0.0468,0.249,1,commodity
2014-12-23,-0.3307206068496406,0.07684884319230914,0.42705611670861643,0.49606171008745825,30,equity
2014-12-24,-0.43735,0.08205,0.51935,0.39859999999999995,2,commodity
2014-12-24,-0.2584013208578615,0.11515841546172606,0.45520973631958755,0.4296612615173354,34,equity
2014-12-25,0.2096,0.3919,0.1823,0.4258,1,commodity
2014-12-25,-0.5387967283250442,0.06526011112846176,0.5848844256604027,0.3498554575268565,29,equity
2014-12-26,0.396,0.4856,0.0897,0.4247,1,commodity
2014-12-26,-0.34119256833825384,0.11720201113075018,0.5152042568883588,0.36759373603665063,31,equity
2014-12-27,-0.3433921022569904,0.06451948158528942,0.4128731223038183,0.5226073910960785,26,equity
2014-12-28,-0.2653036994684984,0.13865159065872432,0.5192919567938894,0.34205645821293196,30,equity
2014-12-29,-0.1709,0.09015,0.26105,0.6488,2,commodity
2014-12-29,-0.42789450686957153,0.09257155633478294,0.5261446346329259,0.38128380374370935,28,equity
2014-12-30,0.36335,0.46455,0.1012,0.4343,2,commodity
2014-12-30,-0.41662058855814155,0.06526360257843446,0.5244807428607139,0.41025565658406965,29,equity
2014-12-31,-0.6142,0.0176,0.6318,0.3507,1,commodity
2014-12-31,-0.2962218425126939,0.1376427757758005,0.4511715148402185,0.4111857076497941,29,equity
2015-01-01,0.7749,0.7908,0.0159,0.1933,1,commodity
2015-01-01,-0.28617142788051414,0.14340899402247026,0.4603034988260613,0.3962875010978717,26,equity
2015-01-02,-0.11460000000000001,0.215,0.32965,0.4554,2,commodity
2015-01-02,-0.33735251759727797,0.0958228770531714,0.458652061317116,0.4455250620643298,30,equity
2015-01-03,-0.2536,0.1683,0.4219,0.4098,1,commodity
2015-01-03,-0.2832422842745802,0.11221331598077501,0.4242984573982124,0.46352394572964734,28,equity
2015-01-04,0.6217,0.7185,0.0968,0.1847,1,commodity
2015-01-04,-0.3565622499222005,0.10076427369757936,0.48225985695311313,0.4169388328641653,27,equity
2015-01-05,0.0944,0.34600000000000003,0.2516,0.4023666666666666,3,commodity
2015-01-05,-0.19171343029338647,0.12891160986506764,0.3260985695702188,0.5449898219616974,34,equity
2015-01-06,0.11877499999999999,0.35055000000000003,0.23175,0.417725,4,commodity
2015-01-06,-0.2691001025057127,0.09299175739408501,0.4085821824804429,0.49839380149014534,31,equity
2015-01-07,0.3193,0.4853,0.166,0.3487,1,commodity
2015-01-07,-0.1893406991772819,0.12098003988689744,0.37474573906417935,0.5042742214854807,32,equity
2015-01-08,-0.3835,0.03963333333333333,0.42310000000000003,0.5372666666666667,3,commodity
2015-01-08,-0.12105199937182481,0.15616862276708707,0.32507062213891186,0.5187607514560223,32,equity
2015-01-09,0.5663333333333334,0.6437666666666667,0.0775,0.27873333333333333,3,commodity
2015-01-09,-0.3276226654744961,0.07830273207096439,0.4341011551212181,0.48753550288081166,33,equity
2015-01-10,-0.33739543577145253,0.08263701695363436,0.46165388129651547,0.4557448367242302,28,equity
2015-01-11,-0.32845056824924856,0.09190417483277047,0.434004743082019,0.4740910855955803,26,equity
2015-01-12,-0.14861443274536304,0.08238533921795231,0.32460262910617244,0.5930120286158154,35,equity
2015-01-13,0.3581666666666667,0.5240333333333332,0.16586666666666666,0.31006666666666666,3,commodity
2015-01-13,-0.1043660609152168,0.08012734683251216,0.2895156299699512,0.6303570249825715,36,equity
2015-01-14,-0.36656666666666665,0.041299999999999996,0.40786666666666666,0.5508000000000001,3,commodity
2015-01-14,-0.10223805530376731,0.10405702004339545,0.3399625753471628,0.5560054050751031,40,equity
2015-01-15,0.43315000000000003,0.50805,0.0749,0.417,2,commodity
2015-01-15,-0.3119477295308402,0.12036212069112244,0.3737916684037808,0.5058159079312377,33,equity
2015-01-16,-0.18278212485756065,0.1306354849877603,0.338952903962968,0.5304116175411379,34,equity
2015-01-17,-0.34066956411274496,0.09430475154243133,0.444715056395917,0.46098018699111765,27,equity
2015-01-18,-0.4398724533971686,0.1083110383267586,0.5175604148008502,0.37409008382948544,26,equity
2015-01-19,-0.3388547068654498,0.08441803191204866,0.4922494054441651,0.42336589591503143,30,equity
2015-01-20,0.1901,0.218,0.0279,0.754,1,commodity
2015-01-20,-0.13973619844117446,0.13364320864763699,0.3053004597203904,0.5610563380286882,38,equity
2015-01-21,0.35426,0.38676,0.03252000000000001,0.58074,5,commodity
2015-01-21,-0.09035520376712083,0.10465982822492353,0.2787174710164346,0.616647089480627,41,equity
2015-01-22,-0.3118,0.0466,0.3584,0.595,2,commodity
2015-01-22,-0.3017330302500299,0.09548376550440278,0.42913108146871837,0.4753565780060632,35,equity
2015-01-23,0.009633333333333336,0.15783333333333335,0.1482,0.6939666666666667,3,commodity
2015-01-23,-0.24214675814439024,0.12259137839679088,0.3436048032078478,0.533803812522855,36,equity
2015-01-24,-0.21233652591181867,0.05826972543715667,0.33838317442589844,0.6033983832628298,39,equity
2015-01-25,0.4321,0.506,0.0739,0.4201,1,commodity
2015-01-25,-0.38571559436373853,0.07790707940191907,0.47094326200095166,0.4511496580492924,34,equity
2015-01-26,-0.18564115699423211,0.12568071755553994,0.3258504459783435,0.5484688347808662,42,equity
2015-01-27,-0.17209999999999998,0.1534,0.3255,0.52105,2,commodity
2015-01-27,-0.07780792606939872,0.11335490311806401,0.23982616252079605,0.6468355934530498,60,equity
2015-01-28,-0.06710106237838666,0.1384233674903711,0.23758665209097996,0.6240122048139572,45,equity
2015-01-29,-0.2693889701754463,0.0616150343114016,0.3318938004052152,0.6064911606077636,49,equity
2015-01-30,-0.22612919717232388,0.0785625676831756,0.3344404828042174,0.5869713143614622,39,equity
2015-01-31,-0.23490903631259996,0.08747738724301259,0.3628097568889459,0.5497128507147233,30,equity
2015-02-01,-0.38975874087415063,0.08304218869083203,0.47280092956498265,0.44415689180963314,26,equity
2015-02-02,0.017100000000000004,0.28086666666666665,0.26376666666666665,0.4553333333333333,3,commodity
2015-02-02,-0.1401770339416113,0.11692630262454837,0.3134179707125011,0.5696557293319847,41,equity
2015-02-03,-0.29273333333333335,0.10073333333333334,0.3934666666666667,0.5057999999999999,3,commodity
2015-02-03,-0.19547134945327654,0.14086186471294898,0.3294332141662255,0.5296792779220985,39,equity
2015-02-04,0.27235,0.33345,0.0611,0.60555,2,commodity
2015-02-04,-0.20535723494055372,0.09559495521605843,0.3770216346010566,0.5273834103122353,36,equity
2015-02-05,0.0672,0.0998,0.0325,0.8677,1,commodity
2015-02-05,-0.009002373909157648,0.12083632340361462,0.23802593135532546,0.6411377549704086,47,equity
2015-02-06,-0.769,0.0156,0.7845,0.1999,1,commodity
2015-02-06,-0.17460218516401949,0.0745959920663048,0.31904135904850606,0.606362655002285,44,equity
2015-02-07,-0.2552487325178925,0.07976832155534067,0.43082642907323315,0.48943650754960255,32,equity
2015-02-08,-0.18889002993964946,0.13216821603065937,0.3627341080392743,0.5050976893218426,29,equity
2015-02-09,-0.1758877074193582,0.10056575239729137,0.3472809598166495,0.5522032768197358,40,equity
2015-02-10,-0.46509999999999996,0.0638,0.52885,0.4074,2,commodity
2015-02-10,-0.1412531451209998,0.12370259228157693,0.32114548099232026,0.5551519285409879,39,equity
2015-02-11,-0.16126666666666667,0.17136666666666667,0.33263333333333334,0.49596666666666667,3,commodity
2015-02-11,-0.06048418575236026,0.23007500445579782,0.34570330785521686,0.42419228605926035,34,equity
2015-02-12,-0.20959999999999998,0.11575,0.3254,0.55885,2,commodity
2015-02-12,-0.1292654116846621,0.0930619265743616,0.3188523382590237,0.5881084598993713,44,equity
2015-02-13,-0.09877582165483724,0.08829494681632653,0.28589122301661835,0.6258138360513205,44,equity
2015-02-14,-0.3614391393453844,0.0701955617435517,0.4680637333470006,0.4617407224543633,31,equity
2015-02-15,-0.3716122970797121,0.08432316938241323,0.477202133128792,0.43847469528466465,30,equity
2015-02-16,-0.2975802818658948,0.14709326101069647,0.4503268762099246,0.4025798710991939,30,equity
2015-02-17,-0.4512,0.0843,0.5355,0.3803,1,commodity
2015-02-17,-0.21184899373172147,0.12136424592960822,0.40763166071396134,0.47105672969002477,38,equity
2015-02-18,-0.57595,0.02205,0.59795,0.38005,2,commodity
2015-02-18,-0.328599082987091,0.045058396966272105,0.402295317791201,0.5526462882378617,37,equity
2015-02-19,0.30374999999999996,0.3648,0.06105000000000001,0.5742,2,commodity
2015-02-19,-0.1714475263373875,0.08485228462296228,0.3198193761777411,0.5953065991375392,46,equity
2015-02-20,-0.35760000000000003,0.074475,0.432075,0.493425,4,commodity
2015-02-20,-0.1193423915929547,0.1822019918631853,0.3466468224805303,0.47117558546327964,41,equity
2015-02-21,-0.3463877086138417,0.08865049266609652,0.4623313047282141,0.44898372039301643,29,equity
2015-02-22,-0.43578140660231,0.0756233035940677,0.5347453351963778,0.389693861995358,32,equity
2015-02-23,-0.2883,0.1767,0.465,0.3583,2,commodity
2015-02-23,-0.03827280044775042,0.17680843080373274,0.2863256756959276,0.5368936779267259,36,equity
2015-02-24,-0.3488,0.105,0.4538,0.4413,1,commodity
2015-02-24,-0.04268731746101065,0.14190491520299725,0.27813433792716574,0.5799607416250204,38,equity
2015-02-25,0.6355333333333334,0.6599666666666666,0.024433333333333335,0.31556666666666666,3,commodity
2015-02-25,-0.1270985612065842,0.10319114476038764,0.26347095596697184,0.6333379020278032,48,equity
2015-02-26,0.40215,0.46585,0.0637,0.47050000000000003,2,commodity
2015-02-26,-0.17157589445982294,0.07297365517201632,0.3201299844144479,0.6069180988960939,46,equity
2015-02-27,-0.17766666666666667,0.12040000000000001,0.2981,0.5815333333333333,3,commodity
2015-02-27,-0.09408104207068683,0.116203240252247,0.3080316507439865,0.5757914150388617,38,equity
2015-02-28,-0.24359999999999998,0.12125,0.36485,0.5139,2,commodity
2015-02-28,-0.2481197963757861,0.10873001975181602,0.3497982032243763,0.5414717829121697,31,equity
2015-03-01,0.7648,0.8123,0.0475,0.1403,1,commodity
2015-03-01,-0.21366860923230652,0.1129841410939892,0.37627608365962906,0.5107064441482226,30,equity
2015-03-02,-0.43662500000000004,0.064975,0.501575,0.433425,4,commodity
2015-03-02,-0.1850799592313243,0.09933788807435733,0.29722028633007186,0.6034662150217265,41,equity
2015-03-03,-0.0905500994985041,0.12235751831609952,0.2907865651830247,0.5868295927216348,38,equity
2015-03-04,0.25705,0.28585,0.0288,0.68535,2,commodity
2015-03-04,-0.008530176313966513,0.12760967581702962,0.2783659390875179,0.5940026472405247,46,equity
2015-03-05,-0.6332,0.0215,0.6547499999999999,0.32375,2,commodity
2015-03-05,-0.1444813136962198,0.10806196428728956,0.2666385160787475,0.625323327339476,42,equity
2015-03-06,0.2007,0.3603,0.1596,0.4801,1,commodity
2015-03-06,-0.12047823133234015,0.08343062432474913,0.306298217359217,0.6102498812447202,47,equity
2015-03-07,-0.9028,0.0107,0.9135,0.0758,1,commodity
2015-03-07,-0.2133908693317324,0.16421137555555573,0.4218736734587167,0.413914947559791,28,equity
2015-03-08,-0.2412477110017357,0.13466857094211238,0.37526271051527665,0.49006872544437646,28,equity
2015-03-09,0.47795,0.527,0.04905,0.42395,2,commodity
2015-03-09,-0.13436603100827854,0.08440117400447313,0.3236498137084038,0.5919055391485276,46,equity
2015-03-10,-0.1092,0.0806,0.1898,0.7296,1,commodity
2015-03-10,-0.24656815110454333,0.0903154652020894,0.34977736630663275,0.559907168743511,48,equity
2015-03-11,-0.07548131702040632,0.09870320574492217,0.24192285609866182,0.6593406018428506,60,equity
2015-03-12,-0.15334536556420808,0.10436154885399848,0.257109042077781,0.6385081361779508,47,equity
2015-03-13,0.6338,0.6716,0.0378,0.2906,1,commodity
2015-03-13,-0.21071441824050513,0.07842716677238543,0.29512393795406705,0.6264292886721737,51,equity
2015-03-14,0.6296,0.6681,0.0385,0.2934,1,commodity
2015-03-14,-0.2893291029683714,0.12805347126216762,0.4573718599448246,0.41457466669753196,28,equity
2015-03-15,-0.24715672519856266,0.10658319048317415,0.3537399156817368,0.5396768792665431,28,equity
2015-03-16,-0.1809272244235001,0.08681211489093739,0.34798568077785214,0.5652266005946369,41,equity
2015-03-17,-0.0485,0.0412,0.0897,0.8691,1,commodity
2015-03-17,-0.10014877213610542,0.14865545861572027,0.2533864529740479,0.5979803085214562,45,equity
2015-03-18,-0.10038301444512847,0.1389255802143289,0.26961675792476353,0.5914780709554953,49,equity
2015-03-19,0.395175,0.53515,0.13997500000000002,0.32487499999999997,4,commodity
2015-03-19,0.0341968915382365,0.17020409815828752,0.20718645190306992,0.6226094576176607,53,equity
2015-03-20,0.8569,0.8729,0.016,0.1111,1,commodity
2015-03-20,-0.20026696335017682,0.12212133944958449,0.29756830279976126,0.5803103529822826,50,equity
2015-03-21,-0.3090358017829247,0.10295770758623257,0.39903725936915724,0.49803628915641457,32,equity
2015-03-22,-0.09976400873214006,0.17500171698257327,0.31509786857185623,0.5099004218961511,28,equity
2015-03-23,0.0773,0.23465,0.1573,0.60805,2,commodity
2015-03-23,-0.2466194706469774,0.09687997487791486,0.3853859320113788,0.5176800451983471,37,equity
2015-03-24,0.7569,0.7995,0.0426,0.1579,1,commodity
2015-03-24,-0.2031822012837757,0.10184508521219388,0.3957008159077343,0.5024541004961904,34,equity
2015-03-25,0.33969999999999995,0.4092,0.06946666666666666,0.5213666666666666,3,commodity
2015-03-25,-0.1679445441594294,0.11560509866561208,0.28815821425361293,0.5962081220916338,35,equity
2015-03-26,-0.08045,0.14305,0.2235,0.63345,2,commodity
2015-03-26,-0.15723819437870246,0.10813447624563494,0.28167494335161014,0.6101451268097894,44,equity
2015-03-27,-0.09973333333333334,0.2447,0.3443666666666667,0.4109333333333333,3,commodity
2015-03-27,-0.18165976440494555,0.16589636138410255,0.35210318461257745,0.48200046041301065,34,equity
2015-03-28,-0.2053873631387683,0.14342502200270868,0.42018024228433415,0.4363947435793068,28,equity
2015-03-29,-0.22568482533919085,0.1193332145331484,0.40581197926627866,0.4748548011770754,33,equity
2015-03-30,-0.280675,0.0971,0.37777499999999997,0.52515,4,commodity
2015-03-30,-0.32799494725431383,0.10613221981089847,0.4141553721934174,0.4797380510988907,39,equity
2015-03-31,-0.3723666666666667,0.10243333333333333,0.4748333333333334,0.4227,3,commodity
2015-03-31,-0.17923895661670716,0.08152439682576804,0.3009433534424752,0.6175572608843446,40,equity
2015-04-01,-0.015971088679288994,0.14858382635383774,0.18524284606760943,0.6661905590986897,58,equity
2015-04-02,0.1571,0.4116,0.2545,0.3339,1,commodity
2015-04-02,-0.2748683412175212,0.0786648401574542,0.3998720702638643,0.5214630868881941,36,equity
2015-04-03,0.038,0.1733,0.1353,0.6914,1,commodity
2015-04-03,-0.08193733578613027,0.17609553653770127,0.3059672473238315,0.5179372192816809,32,equity
2015-04-04,-0.33628202444251093,0.10073689891052033,0.457583209067317,0.44167988703293454,28,equity
2015-04-05,-0.2522,0.2298,0.4821,0.2881,1,commodity
2015-04-05,-0.2726312771867961,0.1744004981746631,0.4511210610757449,0.37447843546101023,28,equity
2015-04-06,0.5716,0.5832,0.0117,0.4051,1,commodity
2015-04-06,-0.2663406801122192,0.06328523311136584,0.4236417026972692,0.5131256951085831,38,equity
2015-04-07,-0.5487,0.0287,0.5774,0.3939,1,commodity
2015-04-07,-0.15005617407768182,0.11198127447245151,0.33155060644487017,0.556441805915613,38,equity
2015-04-08,-0.17829999999999996,0.2033,0.38155,0.41515,2,commodity
2015-04-08,-0.29300643528094794,0.1170124573694034,0.36373101386247253,0.5192565291067868,33,equity
2015-04-09,-0.27254999999999996,0.18,0.4526,0.3674,2,commodity
2015-04-09,0.06296748782778563,0.16489630983073428,0.24833969156816602,0.586763992689226,46,equity
2015-04-10,0.25675,0.28325,0.026499999999999996,0.6901999999999999,2,commodity
2015-04-10,0.023129311849525627,0.1057814856743876,0.23544579084613854,0.658794004077924,47,equity
2015-04-11,-0.011503925651600924,0.1760228965728689,0.2841330722244698,0.5398440314354919,32,equity
2015-04-12,-0.3266503150803261,0.09431701106167045,0.48093973993510003,0.4247432624913495,29,equity
2015-04-13,-0.53095,0.02525,0.5562,0.4185,2,commodity
2015-04-13,-0.04296284035498446,0.1170879827321253,0.22744173217801886,0.6554702912281183,44,equity
2015-04-14,-0.70965,0.016050000000000002,0.7257,0.2583,2,commodity
2015-04-14,-0.1872635428660056,0.15662638003181886,0.42661051113311865,0.41676311502561847,34,equity
2015-04-15,0.26765,0.3286,0.06095,0.6104499999999999,2,commodity
2015-04-15,-0.02337351805891206,0.145301194378879,0.26145032219388864,0.5931997035073071,41,equity
2015-04-16,0.03306220518109346,0.16453939453246338,0.2460581417323223,0.5894024680370377,42,equity
2015-04-17,0.32435,0.44165,0.1173,0.44105,2,commodity
2015-04-17,-0.09306480554025622,0.08062933526640492,0.2435066408066611,0.6758461631419402,56,equity
2015-04-18,0.4857,0.5322,0.0465,0.4213,1,commodity
2015-04-18,-0.2651203805475072,0.12579904898526995,0.4228770052903529,0.45132394834901346,33,equity
2015-04-19,-0.2593147157303788,0.06899882451203224,0.3922189456478164,0.5387822330368531,37,equity
2015-04-20,-0.066375,0.1585,0.22494999999999998,0.61655,4,commodity
2015-04-20,-0.14173196289787693,0.0971868900641178,0.292652186295328,0.6101192591469736,48,equity
2015-04-21,0.4178,0.4388,0.021,0.5401,1,commodity
2015-04-21,-0.16263939197212457,0.1188057177949535,0.3366385880279476,0.5445556981858352,46,equity
2015-04-22,-0.7347,0.0205,0.7552,0.2243,1,commodity
2015-04-22,-0.13180501652165966,0.07503375545748563,0.2237029229225415,0.7012633231136033,53,equity
2015-04-23,-0.0009118778839436379,0.1338476293139837,0.20733950719792735,0.6588310441886837,55,equity
2015-04-24,-0.05123333333333332,0.3048666666666667,0.3560999999999999,0.3390666666666667,3,commodity
2015-04-24,-0.08113922361400393,0.11268742594255342,0.28044887177877953,0.6068637065420548,45,equity
2015-04-25,-0.24404544113536963,0.11154945633407025,0.390480191587087,0.4979703471757033,34,equity
2015-04-26,-0.17715125678849944,0.11479620805292418,0.3284080709020296,0.5567957190130696,33,equity
2015-04-27,-0.22833333333333328,0.18389999999999998,0.4122333333333334,0.40386666666666665,3,commodity
2015-04-27,0.010492515716249819,0.12927890595805938,0.1903372099139407,0.680351097059543,61,equity
2015-04-28,0.09575000000000002,0.37170000000000003,0.276,0.3523,2,commodity
2015-04-28,-0.14671764273085983,0.12078761469046105,0.2347759470764933,0.644401955362024,58,equity
2015-04-29,-0.43535,0.08835000000000001,0.5237,0.38795,2,commodity
2015-04-29,-0.07734019778064852,0.11812782432125614,0.2668573078161904,0.61508629748172,56,equity
2015-04-30,-0.6841,0.0556,0.7396,0.2048,1,commodity
2015-04-30,-0.051644958420327056,0.117913426686938,0.2534641543380343,0.6286031844088664,52,equity
2015-05-01,-0.6157,0.0394,0.6551,0.3055,1,commodity
2015-05-01,-0.1988496591039002,0.10572024119001898,0.35375171847573733,0.5405507656596601,44,equity
2015-05-02,-0.1177083049915317,0.1074619966350082,0.34653141273765103,0.5460065934989188,36,equity
2015-05-03,-0.15934428702415,0.15451023706962022,0.3284351692550605,0.5170223298726543,31,equity
2015-05-04,0.04983333333333334,0.33013333333333333,0.28026666666666666,0.3896,3,commodity
2015-05-04,-0.07891998432479624,0.13530440477316463,0.3273104356095888,0.5373386473828969,43,equity
2015-05-05,-0.5508,0.02,0.5707,0.4093,1,commodity
2015-05-05,-0.06833173430533904,0.12645444087023444,0.25653523177934706,0.6169725963512682,53,equity
2015-05-06,0.5821000000000001,0.6134999999999999,0.0314,0.35509999999999997,2,commodity
2015-05-06,-0.034729305829550146,0.12740458009555003,0.1840666984251002,0.6885443503647111,64,equity
2015-05-07,-0.40515,0.0544,0.4595,0.48610000000000003,2,commodity
2015-05-07,0.035070755878090845,0.13124760036623176,0.17724773056409027,0.6914793519302261,79,equity
2015-05-08,0.1608,0.3574,0.1966,0.446,1,commodity
2015-05-08,-0.1441819834242933,0.12817427577938023,0.24484279766521205,0.6269829287225236,52,equity
2015-05-09,0.4981,0.5279,0.0297,0.4424,1,commodity
2015-05-09,-0.18691050889553396,0.15648164284470328,0.38123921056376664,0.4622791504811715,34,equity
2015-05-10,-0.17733719246957236,0.1424529444362749,0.33935778396467076,0.5181892662302536,34,equity
2015-05-11,-0.21766820149291308,0.09751087809850773,0.3444269962580875,0.5580621226554116,48,equity
2015-05-12,0.29009999999999997,0.31805,0.02795,0.65395,2,commodity
2015-05-12,0.009009624857961076,0.1023782887730215,0.22560259248648903,0.6720548291844981,56,equity
2015-05-13,0.13513999999999998,0.32226,0.1871,0.49063999999999997,5,commodity
2015-05-13,-0.0401985880043561,0.11586161748793992,0.23341838731047784,0.6506654532860626,55,equity
2015-05-14,-0.0452,0.0565,0.1018,0.8417,1,commodity
2015-05-14,-0.19563024759354977,0.0998592493206609,0.36268252017002467,0.5374582336281621,43,equity
2015-05-15,-0.6817,0.0354,0.7171,0.2475,1,commodity
2015-05-15,-0.16658112195380298,0.11213956257986969,0.259193898819387,0.6287022546077414,56,equity
2015-05-16,-0.2405074773141183,0.13801674611889758,0.42143984843301585,0.4405121556809172,32,equity
2015-05-17,-0.09646710704837529,0.16228796115922078,0.35020935392188174,0.4875026781601565,35,equity
2015-05-18,0.356,0.45045,0.09445,0.45515,2,commodity
2015-05-18,-0.11322224313618243,0.09876765227928758,0.27939589541547,0.6218364522027968,50,equity
2015-05-19,-0.1012814265573254,0.10334267353553038,0.23492410009285578,0.6617793836135131,65,equity
2015-05-20,0.4172,0.47165,0.0545,0.47385,2,commodity
2015-05-20,0.014326459703698195,0.12143320345576808,0.23050294628371543,0.6480385369760325,79,equity
2015-05-21,-0.08298926058523842,0.10731508608617181,0.20354850251556603,0.6891104430811746,77,equity
2015-05-22,-0.5908,0.0182,0.609,0.3728,1,commodity
2015-05-22,0.013664085648245495,0.11873444951215728,0.19942118353604296,0.6817787949523476,61,equity
2015-05-23,-0.7308,0.0201,0.7509,0.229,1,commodity
2015-05-23,-0.12381086385835494,0.1459230468871338,0.3187767678883459,0.5353287484441485,35,equity
2015-05-24,-0.17164563338128905,0.11332981950067209,0.3379815134880218,0.5486886674346345,33,equity
2015-05-25,-0.10980404063194991,0.09346495344170504,0.2719889940736549,0.634546054586768,35,equity
2015-05-26,0.33505,0.47409999999999997,0.1391,0.38685,2,commodity
2015-05-26,-0.23236007404017683,0.07246677866256704,0.3632660683890184,0.5642083291268233,51,equity
2015-05-27,-0.5486,0.0214,0.57,0.4086,1,commodity
2015-05-27,-0.0766106789991958,0.13090642652311363,0.26136710552230946,0.607695216222899,64,equity
2015-05-28,0.4428,0.4915,0.0488,0.4597,1,commodity
2015-05-28,0.03127684550728119,0.12712458809369379,0.2242720283006983,0.648589100951382,70,equity
2015-05-29,-0.0739828994383319,0.09786760956708057,0.24441012439002785,0.6577607299275697,52,equity
2015-05-30,-0.12863148478116537,0.1144520983774517,0.35071871829375223,0.5348562086442032,37,equity
2015-05-31,-0.0763,0.2301,0.3063,0.4636,1,commodity
2015-05-31,-0.3563302350529935,0.06721752348705196,0.4887133835400455,0.44406909032445396,32,equity
2015-06-01,-0.1837333333333333,0.18213333333333337,0.36590000000000006,0.45193333333333335,3,commodity
2015-06-01,-0.024195837871248904,0.08701356547119526,0.24917709565013646,0.6638093365861819,65,equity
2015-06-02,-0.0325,0.3001,0.3325,0.3674,1,commodity
2015-06-02,0.10683761273018187,0.17866016104900173,0.19625958535585689,0.6250802497146307,54,equity
2015-06-03,0.2096,0.3934,0.1838,0.4228,1,commodity
2015-06-03,0.049402347180789175,0.11446921606384443,0.18250474767093403,0.703026037196544,66,equity
2015-06-04,-0.7544,0.0294,0.7839,0.1867,1,commodity
2015-06-04,-0.036481325337574595,0.12884507214703728,0.2546200482782627,0.6165190075344983,63,equity
2015-06-05,-0.11059999999999998,0.26185,0.37245,0.36569999999999997,2,commodity
2015-06-05,0.03200970504779655,0.13666973221789186,0.24868695024701834,0.6146433163709365,52,equity
2015-06-06,-0.06762047156807965,0.21442401083209553,0.3505757324001752,0.43493776267580686,32,equity
2015-06-07,-0.18824835022369335,0.12570195443799784,0.3487847874203118,0.5255132597474189,29,equity
2015-06-08,0.18534999999999996,0.38215,0.19674999999999998,0.42115,2,commodity
2015-06-08,-0.009537016042187565,0.12202351345805848,0.18490479179532798,0.6930716949603597,61,equity
2015-06-09,0.09045,0.27907499999999996,0.18865,0.53225,4,commodity
2015-06-09,0.019355903759678567,0.10540168893856129,0.17696007089316845,0.717620380613953,56,equity
2015-06-10,-0.12152619316431766,0.13608669563927328,0.29941288880359096,0.5645581100319441,52,equity
2015-06-11,-0.5493,0.0234,0.5727,0.404,1,commodity
2015-06-11,-0.059931850924988574,0.09847946363054216,0.20952964788886408,0.691940888573726,60,equity
2015-06-12,0.3647,0.3826,0.0179,0.5994,1,commodity
2015-06-12,-0.020877524061232798,0.13796753554910424,0.24685705961033705,0.6151354105961323,50,equity
2015-06-13,-0.2189737198277794,0.12953237610490156,0.38789919938095685,0.48256844500323826,29,equity
2015-06-14,-0.1806450249852879,0.1257544379964471,0.37635660583887787,0.4978889461330005,35,equity
2015-06-15,0.3042,0.42010000000000003,0.11585,0.464,2,commodity
2015-06-15,-0.07643042996616467,0.0914936127073091,0.3218218687604303,0.5866845175604457,46,equity
2015-06-16,-0.16585,0.11130000000000001,0.27715,0.6116,2,commodity
2015-06-16,0.07331066992597449,0.1365230619016069,0.20303091049415098,0.660427513949297,54,equity
2015-06-17,0.2331,0.3618,0.1288,0.5094,1,commodity
2015-06-17,-0.07946996183234686,0.09607122216738907,0.2531058898820889,0.6508228838782684,51,equity
2015-06-18,0.053000000000000005,0.30925,0.25625,0.4345,2,commodity
2015-06-18,-0.06266147673870127,0.14928346565725903,0.2521082757292936,0.5985749300609032,60,equity
2015-06-19,-0.012649999999999995,0.23555,0.2482,0.5163,2,commodity
2015-06-19,-0.07202642163592908,0.12002540469142021,0.26168145595697895,0.6182931349191952,54,equity
2015-06-20,-0.08386528505346715,0.1535343230848129,0.26991242865110054,0.5765276057101213,39,equity
2015-06-21,-0.29650157712388314,0.08712598075577989,0.45486193287966303,0.4580745878051966,32,equity
2015-06-22,-0.2605,0.1414,0.4019,0.4566,1,commodity
2015-06-22,-0.03740698218722091,0.11236608455003352,0.21696429480742987,0.6706169839004675,57,equity
2015-06-23,-0.10869999999999999,0.24875,0.35745000000000005,0.39380000000000004,2,commodity
2015-06-23,-0.09618527406249884,0.09890645080459891,0.2832602433856163,0.6177777437694648,54,equity
2015-06-24,-0.04665,0.29045,0.33715,0.37245,2,commodity
2015-06-24,0.026911413987027476,0.11330232599074952,0.20462684950372204,0.6821020803553983,64,equity
2015-06-25,-0.36,0.17225,0.53225,0.2955,2,commodity
2015-06-25,-0.024375518976827146,0.09074478303676005,0.2182062395135872,0.6910489744665101,64,equity
2015-06-26,-0.024034162449798026,0.1021070672458449,0.22541006086447413,0.6724828687449554,77,equity
2015-06-27,0.7017,0.724,0.0222,0.2538,1,commodity
2015-06-27,-0.16205929419774975,0.13397433736775483,0.36486974267661565,0.5011559125309188,36,equity
2015-06-28,-0.12635651913078672,0.08694607867571441,0.25697077962468295,0.6560604183849964,44,equity
2015-06-29,0.33285,0.432425,0.099575,0.468,4,commodity
2015-06-29,-0.05116210720258952,0.11872311665117742,0.20716389052043357,0.6741129913755257,75,equity
2015-06-30,-0.42615,0.08445,0.5106,0.40495,2,commodity
2015-06-30,-0.06446297725042509,0.1035878379460304,0.24468307326097163,0.6517613438983116,62,equity
2015-07-01,-0.7331,0.0154,0.7485,0.2361,1,commodity
2015-07-01,0.009309704735643914,0.1555989737369377,0.19268409658750071,0.6517169271866823,58,equity
2015-07-02,0.10397499999999998,0.29600000000000004,0.19199999999999998,0.5120250000000001,4,commodity
2015-07-02,-0.03030998878461537,0.09802459454581335,0.2424404656833699,0.6595545490748521,51,equity
2015-07-03,-0.16851923783902079,0.11305493248272688,0.30993417032174764,0.5770108990814536,40,equity
2015-07-04,-0.2798378385723151,0.11910950780377305,0.4242507946519502,0.4566052135331877,29,equity
2015-07-05,-0.2345730120519797,0.08603481727456434,0.32043603445474916,0.5935547869083209,39,equity
2015-07-06,0.5473,0.5921,0.0448,0.363,1,commodity
2015-07-06,-0.17182629222734408,0.0701230624898365,0.26134783956566543,0.668529101500457,66,equity
2015-07-07,0.3877,0.4561,0.0685,0.4754,1,commodity
2015-07-07,-0.19813089068279816,0.0660506118891331,0.3019353487257774,0.6319986582370906,65,equity
2015-07-08,-0.548,0.0321,0.5801,0.3878,1,commodity
2015-07-08,-0.13365522551320055,0.06557110744701589,0.22150750943080466,0.7129096170740967,85,equity
2015-07-09,-0.5044,0.0337,0.5382,0.4281,1,commodity
2015-07-09,-0.07628342133042003,0.08856289477868094,0.22301298277576762,0.6884122179164774,84,equity
2015-07-10,0.013260606061263268,0.09883170910888765,0.13614941630063648,0.7650188720994686,83,equity
2015-07-11,-0.09715622747626075,0.14703684237076248,0.27275689963425725,0.580227533104572,47,equity
2015-07-12,-0.2693478881674579,0.10852290624358825,0.4266307944110462,0.46484630517278397,35,equity
2015-07-13,-0.53875,0.033699999999999994,0.57245,0.39385000000000003,2,commodity
2015-07-13,-0.13411874022552933,0.09533735542971154,0.2100082695682844,0.6946398861356404,69,equity
2015-07-14,0.05912082720683968,0.1515958099478613,0.17383295375551436,0.6746147137206534,69,equity
2015-07-15,0.8346,0.8596,0.025,0.1154,1,commodity
2015-07-15,0.18674672845637597,0.1277459947664968,0.13790494812830267,0.7343263319385321,88,equity
2015-07-16,-0.3607,0.08074999999999999,0.44145,0.4778,4,commodity
2015-07-16,0.09186729054870929,0.13755329226058996,0.11930645625733517,0.7431516129594636,88,equity
2015-07-17,-0.62035,0.067,0.68735,0.24564999999999998,2,commodity
2015-07-17,-0.0432607836833274,0.10231387087354096,0.21998451371179792,0.6777016153753095,71,equity
2015-07-18,0.04818505128532648,0.1779283730455807,0.26781760747454,0.5542825862518378,35,equity
2015-07-19,-0.7264,0.0173,0.7436,0.2391,1,commodity
2015-07-19,-0.10469777482652919,0.07678578219229872,0.3166218548911683,0.6066349121053168,47,equity
2015-07-20,-0.6282833333333334,0.0488,0.6770999999999999,0.2741,6,commodity
2015-07-20,0.09692322109041905,0.135669430621053,0.16984052771245214,0.6944673145101828,88,equity
2015-07-21,-0.20009999999999997,0.15423333333333333,0.3543,0.4914666666666667,3,commodity
2015-07-21,0.00860462903766785,0.11666026471338646,0.18312656590827678,0.7002131661187078,86,equity
2015-07-22,-0.36446,0.20266,0.5671200000000001,0.23024,5,commodity
2015-07-22,-0.013003398815045758,0.09235019104457681,0.16850001843105117,0.7391855045439941,84,equity
2015-07-23,0.11698571428571428,0.26092857142857145,0.14395714285714287,0.5951142857142857,7,commodity
2015-07-23,-0.05050354618758319,0.10181608494344568,0.20981486922626694,0.6883809487849829,84,equity
2015-07-24,-0.6872,0.02915,0.7164,0.25445,2,commodity
2015-07-24,0.016441856278295374,0.13816255070850866,0.17250425607404887,0.6892920977097668,73,equity
2015-07-25,-0.12645995545757982,0.10982240134404928,0.2950067470455315,0.5951952423540557,41,equity
2015-07-26,-0.0840324620358646,0.1297079833038151,0.25817377867301305,0.6121460158526898,36,equity
2015-07-27,0.595,0.6147,0.0198,0.3655,1,commodity
2015-07-27,-0.06534119682829789,0.09561009697646203,0.18729674835021448,0.7170931551248738,99,equity
2015-07-28,-0.32706666666666667,0.05723333333333333,0.3843666666666667,0.5584,3,commodity
2015-07-28,-0.027190905707192653,0.09155368771586493,0.18310989954550652,0.7253670237100853,98,equity
2015-07-29,-0.310125,0.0548,0.3649,0.580275,4,commodity
2015-07-29,0.0049512107779582405,0.09931333564187601,0.22615752716276838,0.6745176423216003,87,equity
2015-07-30,-0.7605,0.0161,0.7766,0.2073,1,commodity
2015-07-30,-0.07440079042442595,0.1018787312769459,0.22987644477829494,0.668229437352105,65,equity
2015-07-31,-0.11515000000000003,0.28625,0.40135,0.3124,2,commodity
2015-07-31,-0.11843927227518122,0.1352898081271643,0.26742908040234553,0.5972632534711488,56,equity
2015-08-01,-0.13001343718278102,0.10008578173567852,0.350286398405639,0.5496278223899694,39,equity
2015-08-02,-0.6594,0.0237,0.6831,0.2932,1,commodity
2015-08-02,-0.12592647420182115,0.10386601417156911,0.32183534551624743,0.5742748355780329,42,equity
2015-08-03,-0.30089999999999995,0.15463333333333332,0.45549999999999996,0.38986666666666664,3,commodity
2015-08-03,-0.1404718503728296,0.0819465227565595,0.25774551598653195,0.6603079639311348,70,equity
2015-08-04,-0.018407513862867642,0.14055019209969355,0.17998238128723648,0.6794284678117021,77,equity
2015-08-05,-0.3905,0.11036666666666665,0.5008666666666667,0.38870000000000005,3,commodity
2015-08-05,0.010865030995501507,0.1157660326103827,0.23562600161488123,0.6485816526444335,76,equity
2015-08-06,-0.03930312477777522,0.10359392952362458,0.18571512659055642,0.7107270903716604,83,equity
2015-08-07,-0.2735,0.1396,0.4131333333333333,0.4472333333333333,3,commodity
2015-08-07,0.0741461394264086,0.14659806138196504,0.21733030033393486,0.6360716385861507,74,equity
2015-08-08,-0.27670685390536154,0.13119167187623682,0.4602096368927095,0.4086264712077876,36,equity
2015-08-09,-0.7382,0.0151,0.7533,0.2316,1,commodity
2015-08-09,-0.10427580491908287,0.12159110041550901,0.334803747439855,0.5436051582227412,38,equity
2015-08-10,-0.024024655502047392,0.09266137706786395,0.17853853256991134,0.7288125900711864,80,equity
2015-08-11,0.5202666666666667,0.6180333333333333,0.09776666666666668,0.2842,3,commodity
2015-08-11,-0.06142485415006265,0.10658229287941423,0.21790436925169906,0.6755272270294114,72,equity
2015-08-12,-0.10035,0.27045,0.3709,0.35865,2,commodity
2015-08-12,-0.12887821809828282,0.08952258986383677,0.25498955796211964,0.6554628559459001,80,equity
2015-08-13,-0.5593,0.033549999999999996,0.5929,0.37355,2,commodity
2015-08-13,0.07536197553923768,0.11871646091041879,0.17881837426007,0.7024651621584264,72,equity
2015-08-14,0.02852191254455749,0.11012626871772824,0.20371394521426664,0.6861871804705222,73,equity
2015-08-15,-0.14016876054111962,0.12162213008124859,0.3269037111351887,0.551397236590202,39,equity
2015-08-16,-0.3547709409782832,0.06331664507745793,0.4319572830254381,0.5047260696675742,33,equity
2015-08-17,-0.055725,0.169225,0.22494999999999998,0.6058,4,commodity
2015-08-17,-0.05086500870646799,0.0915368332932977,0.23221213611741276,0.6762510307536406,68,equity
2015-08-18,0.45375,0.5274,0.07365,0.39890000000000003,2,commodity
2015-08-18,0.041062401681025144,0.1273449280133535,0.14666758380359274,0.725975993277184,87,equity
2015-08-19,-0.2882,0.1456,0.4338,0.4207,1,commodity
2015-08-19,-0.014557821687974126,0.09573476698012143,0.18679039086589774,0.7174638501648064,91,equity
2015-08-20,0.39666,0.50048,0.10384,0.39570000000000005,5,commodity
2015-08-20,-0.0047511996677335406,0.09298544064050122,0.17997847704292863,0.7270666957398761,98,equity
2015-08-21,0.6203200000000001,0.66332,0.042980000000000004,0.2937,5,commodity
2015-08-21,-0.04437078162992838,0.09252684392145602,0.1584601255513844,0.7489895914846565,128,equity
2015-08-22,-0.016094890868824256,0.12438639052223703,0.24792281985259976,0.6276907876335658,65,equity
2015-08-23,0.08724752105158202,0.1294517894147002,0.20722875815903652,0.663278635719601,49,equity
2015-08-24,-0.09224999999999997,0.23715,0.3294,0.43335,2,commodity
2015-08-24,-0.09796320085994221,0.09000190122086894,0.1687644960202051,0.7412032973974945,165,equity
2015-08-25,-0.6897,0.0134,0.7031,0.2835,1,commodity
2015-08-25,0.018989087639623058,0.0949741671852603,0.13071302072210786,0.7743201644893954,136,equity
2015-08-26,-0.6032500000000001,0.0398,0.6430499999999999,0.3171,2,commodity
2015-08-26,0.02932201404956815,0.11662576302939708,0.15785329852937843,0.7255389577597379,111,equity
2015-08-27,-0.14788,0.13645999999999997,0.2843,0.5792400000000001,5,commodity
2015-08-27,0.01924542496903818,0.11344959548389426,0.19527355826995813,0.6912258279287083,98,equity
2015-08-28,-0.3917,0.14715,0.53885,0.31405,2,commodity
2015-08-28,-0.04222253568606452,0.11899303603759034,0.21918807172365487,0.6618313959756865,80,equity
2015-08-29,-0.21139657009668802,0.09548016153386933,0.33960439120502545,0.5648941750643736,47,equity
2015-08-30,-0.19338680563032629,0.09395496258046479,0.3492192682107911,0.5568757636673748,40,equity
2015-08-31,0.7615,0.7898,0.0283,0.1819,1,commodity
2015-08-31,-0.011480949937864082,0.10989112085719092,0.162418582422962,0.7276786697766808,86,equity
2015-09-01,-0.08255,0.21334999999999998,0.2959,0.49075,2,commodity
2015-09-01,-0.016207333177328115,0.12981059385370464,0.13882001036436606,0.7313902267093458,96,equity
2015-09-02,-0.309625,0.151725,0.46135,0.38695,4,commodity
2015-09-02,0.020575384341212366,0.10429541608186499,0.18367487045033004,0.7119759501170728,93,equity
2015-09-03,-0.203725,0.14585,0.34955,0.5045999999999999,4,commodity
2015-09-03,-0.04729530406879384,0.1081105621412893,0.23349386621008317,0.6583955733187994,75,equity
2015-09-04,0.10199999999999998,0.4253,0.3233,0.25135,2,commodity
2015-09-04,0.02219350805524323,0.11792801047861576,0.14702783575670586,0.7350330396319429,90,equity
2015-09-05,0.6704,0.741,0.0706,0.1884,1,commodity
2015-09-05,-0.048596187242575827,0.15943653485903309,0.27171049987938667,0.568852972789771,36,equity
2015-09-06,-0.0046,0.0301,0.0347,0.9352,1,commodity
2015-09-06,-0.1000275341139663,0.11704304585055937,0.28100153234547803,0.6019554208282913,42,equity
2015-09-07,-0.17842973642279494,0.07832925322207998,0.31795473432572596,0.6037160092817342,47,equity
2015-09-08,-0.08600032082474544,0.08623794539013975,0.19880142410962207,0.7149501046256015,95,equity
2015-09-09,0.10371999999999999,0.37927999999999995,0.27558,0.34516,5,commodity
2015-09-09,-0.04089355357128729,0.11287524504257929,0.1722687986138666,0.7148559583418289,103,equity
2015-09-10,-0.024508031660457442,0.11138439834445715,0.21863509667158126,0.6699938440914949,75,equity
2015-09-11,-0.46109999999999995,0.0648,0.52595,0.4092,2,commodity
2015-09-11,0.020784255725563923,0.1282644661318385,0.1921914463613308,0.6795665611226237,89,equity
2015-09-12,-0.645,0.0228,0.6678,0.3094,1,commodity
2015-09-12,-0.1180253397162224,0.1041818799347032,0.27692814988348374,0.6188899682975092,43,equity
2015-09-13,-0.0138,0.0281,0.0419,0.93,1,commodity
2015-09-13,-0.07977864979839988,0.13064023562769095,0.3069322187594241,0.5624275425705645,45,equity
2015-09-14,0.08869999999999997,0.333275,0.24459999999999998,0.42214999999999997,4,commodity
2015-09-14,-0.02425985201328061,0.09615507452338935,0.21174367653666995,0.6921012490738183,80,equity
2015-09-15,-0.3386,0.0811,0.4197,0.4992,1,commodity
2015-09-15,0.01327246440902844,0.10446684558370282,0.20535591963621283,0.6901552561338131,91,equity
2015-09-16,0.1270874661157917,0.14373834452347364,0.1654217117410153,0.6908920277624858,96,equity
2015-09-17,-0.36345,0.11355,0.47695,0.40954999999999997,2,commodity
2015-09-17,-0.062311542649584654,0.10087696784068557,0.2008838046079173,0.6982627613239428,85,equity
2015-09-18,0.4209,0.4908,0.07,0.4392,1,commodity
2015-09-18,0.04866779464781283,0.10059806739253131,0.22227821795019795,0.6771374140018469,73,equity
2015-09-19,-0.21338202330312558,0.10782710697927644,0.34984627313954486,0.5423266228348016,35,equity
2015-09-20,-0.0051,0.0303,0.0354,0.9343,1,commodity
2015-09-20,-0.24966173960962582,0.08375396143841116,0.37042096420593174,0.5458250656551437,38,equity
2015-09-21,-0.13173333333333334,0.08796666666666665,0.2198,0.6922333333333334,3,commodity
2015-09-21,-0.05190223998681475,0.12489399881871084,0.22740521316449994,0.6477007950255886,78,equity
2015-09-22,0.3965,0.4606,0.0641,0.4753,1,commodity
2015-09-22,-0.08900351390070343,0.11587581363542901,0.2279520548088597,0.6561591414584742,77,equity
2015-09-23,-0.05810000000000004,0.3194,0.3775,0.3031,2,commodity
2015-09-23,0.07015534332456334,0.15320103151074482,0.1842328310433243,0.6625661368206144,70,equity
2015-09-24,0.44171999999999995,0.47794,0.036199999999999996,0.48588000000000003,5,commodity
2015-09-24,-0.08767737427348471,0.07553282132143357,0.21869453294431584,0.7058087922313128,83,equity
2015-09-25,-0.027446979940449104,0.13247333024775804,0.22966359377029674,0.6378630764128557,67,equity
2015-09-26,-0.17975802704440222,0.08728780380520555,0.32153249751627444,0.5911796948704454,45,equity
2015-09-27,0.2242,0.4011,0.1769,0.422,1,commodity
2015-09-27,-0.09112910887494005,0.13736345446973364,0.2694789269810373,0.5931348838047548,44,equity
2015-09-28,-0.0664,0.0541,0.1205,0.8253,1,commodity
2015-09-28,-0.056236789523818345,0.12479513729216307,0.1614440147280693,0.7137388723833219,91,equity
2015-09-29,-0.21865,0.156,0.37465,0.46929999999999994,2,commodity
2015-09-29,0.07341671384082334,0.1462078658308743,0.16699724955102654,0.6867826884512495,82,equity
2015-09-30,-0.42535,0.047875,0.4732,0.47895000000000004,4,commodity
2015-09-30,-0.12391660447659236,0.09016321196875403,0.21509838787391783,0.6947383998513221,70,equity
2015-10-01,-0.0106,0.2343,0.245,0.5207,1,commodity
2015-10-01,-0.012227319026477146,0.11799022154393908,0.1708824756353513,0.7111143178276039,77,equity
2015-10-02,-0.4236,0.0958,0.5194,0.3848,1,commodity
2015-10-02,-0.05291592267519805,0.10688942682667729,0.19883905736704385,0.6942265746596824,89,equity
2015-10-03,-0.17658989902780287,0.10184320119395852,0.37995254466620587,0.5181764765431484,36,equity
2015-10-04,-0.25074405115584775,0.09982481534997138,0.3465542323594777,0.5536209527675698,41,equity
2015-10-05,-0.003620000000000001,0.23041999999999999,0.23402000000000003,0.5355800000000001,5,commodity
2015-10-05,0.08874068985132776,0.1340530233414091,0.1542548866815707,0.7116708136289678,94,equity
2015-10-06,0.2904,0.33315,0.042749999999999996,0.6241,2,commodity
2015-10-06,0.045829776807092146,0.12108918300783263,0.1457181562007405,0.7331551613967867,80,equity
2015-10-07,0.5775,0.6541,0.0766,0.2692,1,commodity
2015-10-07,0.05902166496032907,0.13211695036361207,0.18171899674348918,0.6861640518943674,97,equity
2015-10-08,-0.1950333333333333,0.1485,0.34355,0.5079666666666667,6,commodity
2015-10-08,-0.07653531590965632,0.09622787171550866,0.20487008417688912,0.6989135396343538,87,equity
2015-10-09,0.5934,0.6142000000000001,0.02085,0.3649,2,commodity
2015-10-09,0.06072455697939215,0.139004286302771,0.1943505626567122,0.6666034837141633,72,equity
2015-10-10,-0.08609248477302492,0.12889446407854557,0.2730669488515705,0.5980385801315308,40,equity
2015-10-11,-0.1526021698740311,0.10841603689997766,0.33530362344067544,0.5562386744866769,48,equity
2015-10-12,0.637025,0.70655,0.069525,0.22397499999999998,4,commodity
2015-10-12,0.02604651287301228,0.12135000161531861,0.16738810412692173,0.7112289239600464,91,equity
2015-10-13,0.1208,0.1442,0.0233,0.8325,1,commodity
2015-10-13,-0.06087908313334591,0.08862864668050198,0.17625116415728223,0.7351100874747893,99,equity
2015-10-14,0.423,0.5296,0.1066,0.3639,1,commodity
2015-10-14,0.06272651002487663,0.12337228429956097,0.16305393753999045,0.7135227567734462,98,equity
2015-10-15,0.207275,0.39415,0.186875,0.41894999999999993,4,commodity
2015-10-15,-0.00869868240529753,0.09976437352387153,0.1834141428856908,0.7168106151893734,92,equity
2015-10-16,-0.60015,0.04235,0.6425,0.31515000000000004,2,commodity
2015-10-16,0.05205464937317219,0.1258563708861983,0.1700384303737856,0.7040672216279599,79,equity
2015-10-17,-0.7103,0.0278,0.7381,0.2342,1,commodity
2015-10-17,-0.15937229529139474,0.10052307366361707,0.31227829578428007,0.5871742475316292,41,equity
2015-10-18,-0.2067353926394589,0.0991293660297808,0.3499745147668007,0.5508961180790168,41,equity
2015-10-19,-0.39564999999999995,0.07585,0.47145,0.4527,4,commodity
2015-10-19,-0.1345347762274851,0.1146385175862872,0.25730622064304065,0.6280674553934213,82,equity
2015-10-20,-0.06249167163511882,0.09023454801623638,0.19781237349750905,0.711922310587993,65,equity
2015-10-21,0.0992,0.1261,0.0268,0.8471,1,commodity
2015-10-21,0.06546290975951899,0.12201990674195502,0.15460178864910268,0.723378307538728,96,equity
2015-10-22,-0.5903,0.0233,0.6136,0.3631,2,commodity
2015-10-22,-0.06619003582546601,0.09236596235169135,0.1830702838914431,0.7245841595253013,98,equity
2015-10-23,-0.351675,0.1452,0.496875,0.35787499999999994,4,commodity
2015-10-23,0.030949228184585717,0.11816763710007838,0.17713593468868857,0.704737666303964,97,equity
2015-10-24,-0.06236363469579815,0.09280885644584894,0.19970849114164707,0.7074826531761884,50,equity
2015-10-25,-0.5484,0.0247,0.5732,0.4021,1,commodity
2015-10-25,-0.1719402634187912,0.11437630543112755,0.2766394855165854,0.6090050465765718,48,equity
2015-10-26,-0.6013,0.0524,0.6536,0.294,1,commodity
2015-10-26,-0.06147430950940036,0.10963336587200564,0.2356602394839701,0.6546807548482066,78,equity
2015-10-27,0.12115000000000001,0.25805,0.1369,0.6050500000000001,2,commodity
2015-10-27,-0.013012936533165652,0.10820897178451733,0.16893427945170358,0.7228464417273236,97,equity
2015-10-28,-0.22824,0.21912000000000004,0.44732000000000005,0.33356,5,commodity
2015-10-28,-0.04285620949681669,0.10761131939407262,0.19433538603374642,0.6980890091129003,84,equity
2015-10-29,-0.5484749999999999,0.044175,0.592625,0.36319999999999997,4,commodity
2015-10-29,0.02815603029760857,0.12692062479136298,0.15457971077282415,0.718522924375742,86,equity
2015-10-30,-0.343,0.0652,0.4082,0.5266,1,commodity
2015-10-30,-0.1577343658523715,0.0953048366965807,0.24089862283880725,0.6637385690182015,69,equity
2015-10-31,-0.23793651667051016,0.06258657842315733,0.3258730950936675,0.6114903282061219,40,equity
2015-11-01,-0.4937,0.1176,0.6113,0.2711,1,commodity
2015-11-01,-0.2008914430850261,0.09385829845352753,0.32104703883585095,0.58509466724138,37,equity
2015-11-02,-0.5673,0.0425,0.6098,0.3477,1,commodity
2015-11-02,0.03378339419088194,0.14368047345942492,0.16888409225555595,0.6874743956989281,77,equity
2015-11-03,-0.5568333333333334,0.04763333333333334,0.6044666666666667,0.3478666666666667,3,commodity
2015-11-03,0.055551273919469436,0.11637501641253108,0.16401426880885112,0.7196107172294668,95,equity
2015-11-04,0.04979999999999999,0.2722333333333333,0.22246666666666667,0.5053,3,commodity
2015-11-04,0.05580485400421146,0.10519757974956054,0.15671415431677763,0.7380882665115808,112,equity
2015-11-05,-0.4345,0.09005,0.52455,0.38539999999999996,2,commodity
2015-11-05,0.08510742240876758,0.12119019631196612,0.11803455961748424,0.7607663163556052,112,equity
2015-11-06,-0.8437,0.0106,0.8543,0.135,1,commodity
2015-11-06,0.049889542090579865,0.11239626568555831,0.15187772359497845,0.7357260143143683,100,equity
2015-11-07,-0.572,0.0281,0.6001,0.3718,1,commodity
2015-11-07,0.07548601448622658,0.08318020055776656,0.2231434398028833,0.6936912810508884,67,equity
2015-11-08,0.08717986717606926,0.08430055532257619,0.22453103297409313,0.69116840969617,58,equity
2015-11-09,0.04551666666666668,0.2680166666666667,0.2225,0.5095,6,commodity
2015-11-09,0.08279799328893424,0.10185338433913954,0.17000584976580166,0.7281040712362582,109,equity
2015-11-10,0.03605,0.16605,0.13005,0.7039,2,commodity
2015-11-10,-0.009819210166484117,0.09469683613572666,0.20353306757880651,0.7017275450259763,94,equity
2015-11-11,0.048513570854376735,0.1262200894559302,0.18606139665033394,0.6877185092711957,82,equity
2015-11-12,-0.6183000000000001,0.0324,0.65065,0.3169,2,commodity
2015-11-12,-0.01339682572769621,0.10425918331781092,0.16100496737884049,0.7347462665714944,96,equity
2015-11-13,-0.35159999999999997,0.1442,0.4958,0.35995,2,commodity
2015-11-13,-0.025280034601636393,0.11132474126086332,0.1733745433043602,0.7152890872570664,86,equity
2015-11-14,-0.3158133285243893,0.10491659874789842,0.37686242727228775,0.5182209680193494,40,equity
2015-11-15,-0.24384732857120034,0.04863541395008563,0.3299007425212861,0.6215038398778439,50,equity
2015-11-16,0.003250000000000003,0.30245,0.2992,0.3984,2,commodity
2015-11-16,-0.058565997251061826,0.07001922667271952,0.18191934157084017,0.7480614322604501,85,equity
2015-11-17,-0.5918,0.0169,0.6087,0.3743,1,commodity
2015-11-17,0.020973248879976095,0.13230422535388076,0.16272884881433017,0.7049669246131434,94,equity
2015-11-18,0.22585000000000002,0.32755,0.10170000000000001,0.5708,4,commodity
2015-11-18,-0.012571838967114692,0.09974793923437594,0.16245877820149066,0.7377832804220915,100,equity
2015-11-19,0.13762500000000003,0.38309999999999994,0.24547499999999997,0.3714,4,commodity
2015-11-19,0.009838046701930883,0.08628486041094713,0.15608990313991056,0.7576252350938029,123,equity
2015-11-20,-0.6611,0.022199999999999998,0.6833,0.2945,2,commodity
2015-11-20,-0.0046767776927995434,0.11674070847847244,0.18598794071672656,0.6972827163778923,88,equity
2015-11-21,-0.09126490034076364,0.12702644545376993,0.26047739230616146,0.6124729054514751,43,equity
2015-11-22,-0.15291861933899478,0.12178335119870513,0.3155019705376999,0.5627146796064321,43,equity
2015-11-23,-0.7139,0.0171,0.731,0.2519,1,commodity
2015-11-23,-0.06739127136232811,0.09412532075293614,0.19585479436245526,0.7100311215617013,89,equity
2015-11-24,-0.4337,0.0613,0.495,0.4437,1,commodity
2015-11-24,-0.08294507972420681,0.08261979088275916,0.18978748965458503,0.7275927176443595,84,equity
2015-11-25,0.006343689094219775,0.06918976966895256,0.15205620715701126,0.7787413659718219,79,equity
2015-11-26,-0.3565,0.0949,0.4514,0.4537,1,commodity
2015-11-26,-0.2077438508192158,0.09204219041602767,0.3600316934091566,0.5479478554064813,46,equity
2015-11-27,-0.27804999999999996,0.1532,0.43125,0.41555,2,commodity
2015-11-27,-0.08689047087519948,0.11321545317831139,0.2224239796090664,0.6643883462709685,72,equity
2015-11-28,-0.08439634716127146,0.13234278434483293,0.30538594001674274,0.5623138295234518,47,equity
2015-11-29,-0.15425235693023673,0.09452927650697529,0.3202905620086406,0.5852158714793623,56,equity
2015-11-30,-0.037299999999999965,0.3383,0.37556666666666666,0.28609999999999997,3,commodity
2015-11-30,-0.0036878729350864918,0.10538594608468026,0.1570854469267435,0.7375634851324003,86,equity
2015-12-01,-0.013168771895471908,0.09167397216100384,0.1842945959083276,0.7240067417684162,81,equity
2015-12-02,-0.30435,0.1368,0.4412,0.42205000000000004,2,commodity
2015-12-02,-0.015327680668400396,0.10259402906623753,0.14778231579524398,0.7495832502420502,99,equity
2015-12-03,0.020896133626283713,0.08630269835557508,0.13988471598979557,0.7738125856859344,119,equity
2015-12-04,0.40375,0.50945,0.10569999999999999,0.38485,2,commodity
2015-12-04,0.24955894391892386,0.20071671340250902,0.15215062662644224,0.6471445691844537,84,equity
2015-12-05,-0.1370099592083225,0.11663090614317094,0.23944478692012092,0.6439243120498517,51,equity
2015-12-06,-0.15610783288936533,0.10328750383676517,0.26267390815470193,0.6340147720319884,42,equity
2015-12-07,-0.2482,0.0389,0.2871,0.674,1,commodity
2015-12-07,0.05375632703228865,0.13124232076366008,0.13730821595359363,0.7314741523986981,81,equity
2015-12-08,-0.7084,0.0183,0.7267,0.255,1,commodity
2015-12-08,0.029094188133144277,0.11248023805801789,0.15572216103598477,0.731806858362975,108,equity
2015-12-09,-0.08325538686795726,0.0895958809684962,0.17461974609732303,0.7357626333178386,92,equity
2015-12-10,-0.6352,0.0364,0.6716,0.292,1,commodity
2015-12-10,-0.10444990733611233,0.10495760071146137,0.229403978635809,0.6656148985929349,85,equity
2015-12-11,-0.27163333333333334,0.09643333333333333,0.36803333333333327,0.5355333333333334,3,commodity
2015-12-11,-0.012216306291609292,0.0801725003642163,0.15623404475106373,0.7636529797475253,84,equity
2015-12-12,0.5571,0.5877,0.0306,0.3816,1,commodity
2015-12-12,-0.18626116345499424,0.08258803126501275,0.2624406840817091,0.6549500078593797,47,equity
2015-12-13,-0.13764481925076366,0.09911323772690127,0.27653968963072617,0.6243674854812573,49,equity
2015-12-14,-0.3212,0.11080000000000001,0.432,0.45720000000000005,2,commodity
2015-12-14,-0.11052640307886526,0.06181237665480003,0.2352800297336653,0.702957597534731,80,equity
2015-12-15,0.0907382886130591,0.12281969115518186,0.1861538515217146,0.6910672762155229,98,equity
2015-12-16,0.07675,0.283725,0.206975,0.509325,4,commodity
2015-12-16,0.031244912178215577,0.11617612661699826,0.15795084060700695,0.7258823792318874,107,equity
2015-12-17,-0.4328666666666667,0.03546666666666667,0.46836666666666665,0.4961666666666667,3,commodity
2015-12-17,-0.027882908710483146,0.10242963132769113,0.1638313924971907,0.7337143840340318,122,equity
2015-12-18,0.228,0.41825,0.19024999999999997,0.39144999999999996,2,commodity
2015-12-18,-0.06184012573141803,0.09139478037129892,0.2037980639974538,0.7048387360099115,95,equity
2015-12-19,-0.13947031173479432,0.10315728320181371,0.2783234282699414,0.6185401219585911,48,equity
2015-12-20,-0.1658600943973219,0.10088173813497026,0.28122516586562546,0.6179301349680733,54,equity
2015-12-21,0.5940749999999999,0.6338,0.03975,0.32642499999999997,4,commodity
2015-12-21,-0.08150857662895793,0.09772862966515516,0.23928062734674463,0.6629775853874653,76,equity
2015-12-22,-0.6433,0.0199,0.6632,0.317,1,commodity
2015-12-22,-0.015523990698044119,0.11384692089374249,0.18005552697640198,0.706084732333437,78,equity
2015-12-23,-0.4673,0.0485,0.5158,0.4356,1,commodity
2015-12-23,-0.018779397239153964,0.08871477367776709,0.21011981194256207,0.7011525936161096,78,equity
2015-12-24,-0.13364050134109953,0.06009052037571868,0.3062372717168182,0.6336305480704955,48,equity
2015-12-25,-0.07552607014049824,0.09928114537777084,0.26820195236037436,0.632516904982297,38,equity
2015-12-26,-0.042820991567940246,0.18269215679841072,0.31960095324439974,0.49778006763974336,41,equity
2015-12-27,-0.8019,0.0119,0.8139,0.1742,1,commodity
2015-12-27,-0.10650161983643969,0.12942621732668746,0.32175561494090493,0.5487903894372285,36,equity
2015-12-28,-0.13152480867854005,0.09879186349790545,0.2583216721764455,0.6428864690676332,60,equity
2015-12-29,0.2617,0.4244,0.1627,0.4129,1,commodity
2015-12-29,0.0027650795483897435,0.12823809895664454,0.2184988814772203,0.6532630235162273,58,equity
2015-12-30,-0.10820000000000002,0.24445,0.35265,0.4028,2,commodity
2015-12-30,-0.10030202325644992,0.1060827663205564,0.2531073702221676,0.6408259914079981,62,equity
2015-12-31,-0.3678,0.07075000000000001,0.43855,0.4907,2,commodity
2015-12-31,-0.15848291230265582,0.08700808303353806,0.24747829692349546,0.6655294995189659,63,equity
2016-01-01,0.1526,0.1763,0.0237,0.8,1,commodity
2016-01-01,-0.02370815213544246,0.15667746604730687,0.23236254125967237,0.6109856340052227,39,equity
2016-01-02,-0.24624712907271729,0.11809638478947537,0.3666177995764784,0.5153143824858325,35,equity
2016-01-03,-0.14340262176265772,0.08909299141727388,0.36297288590720433,0.5480250332057476,44,equity
2016-01-04,0.52405,0.57065,0.046599999999999996,0.38275,2,commodity
2016-01-04,-0.07772742216250784,0.10229063985758535,0.24661400796603916,0.6510412983362739,74,equity
2016-01-05,-0.21133621140674222,0.0868519582542358,0.31856316966097803,0.5945692441889551,64,equity
2016-01-06,0.442,0.6037333333333333,0.16176666666666667,0.23453333333333334,3,commodity
2016-01-06,-0.034723337917217934,0.11026805199632078,0.21505935107858729,0.67467259526137,103,equity
2016-01-07,0.5105500000000001,0.5800750000000001,0.06955,0.35040000000000004,4,commodity
2016-01-07,0.05288960524023804,0.1410537202862436,0.14164493696381375,0.7173150411121649,146,equity
2016-01-08,-0.1251,0.27580000000000005,0.40090000000000003,0.3233,4,commodity
2016-01-08,0.013115527240966244,0.09997346787771275,0.22350736592410286,0.6764502013981685,87,equity
2016-01-09,-0.00136426402761911,0.13581540060400343,0.22552966463162252,0.6386757644694299,48,equity
2016-01-10,0.033871344041352475,0.14391603670058153,0.1876013593258957,0.6684992749708395,60,equity
2016-01-11,-0.571,0.0232,0.5942,0.3826,1,commodity
2016-01-11,-0.10353562641962542,0.08746498122434695,0.2077313768747416,0.7048256201275757,91,equity
2016-01-12,0.1304,0.2667,0.13625,0.59705,2,commodity
2016-01-12,-0.04583703477244514,0.07707913906895557,0.17517034050806737,0.7477505210729626,96,equity
2016-01-13,-0.2841666666666667,0.2371,0.5212666666666667,0.24163333333333334,3,commodity
2016-01-13,-0.07557616068160249,0.09610219571682668,0.19551645163652445,0.7083908770327058,105,equity
2016-01-14,-0.29202500000000003,0.11307500000000001,0.4051,0.48182499999999995,4,commodity
2016-01-14,-0.05420694293004685,0.11212835519041481,0.23974334409747317,0.6481282994596438,87,equity
2016-01-15,-0.2718,0.05029999999999999,0.32203333333333334,0.6276333333333333,3,commodity
2016-01-15,-0.11298372654824909,0.0860822870713902,0.20143988749351316,0.7125228718813207,111,equity
2016-01-16,0.7942,0.8097,0.0155,0.1748,1,commodity
2016-01-16,-0.1459690582384739,0.09358061413729893,0.2361717311993022,0.6702182420084581,68,equity
2016-01-17,0.03165856130881745,0.12684913577703813,0.22032087749852378,0.6527996858107773,66,equity
2016-01-18,-0.05171986340033295,0.09558955373291086,0.18275398235063514,0.7216564640278078,92,equity
2016-01-19,-0.4418,0.0712,0.513,0.4158,1,commodity
2016-01-19,-0.062445181802979546,0.09780020441475605,0.14771760843995782,0.7544980621125017,126,equity
2016-01-20,0.14575,0.42125,0.2755,0.30325,2,commodity
2016-01-20,-0.025715578897139067,0.08905704615013674,0.1498682500472758,0.7610809533311056,160,equity
2016-01-21,-0.2823,0.07086,0.35318000000000005,0.5759399999999999,5,commodity
2016-01-21,-0.07324120241268342,0.10015535370442046,0.14946546368012908,0.7503623759397189,119,equity
2016-01-22,-0.05779999999999999,0.25905,0.31684999999999997,0.42410000000000003,2,commodity
2016-01-22,-0.033093501504754465,0.11828985473547468,0.19417699260386553,0.6875513324214654,110,equity
2016-01-23,0.2712,0.2814,0.0102,0.7084,1,commodity
2016-01-23,-0.04478303524778314,0.12712668452993647,0.21035355539415798,0.6625197597186859,73,equity
2016-01-24,0.0777,0.0935,0.0158,0.8906,1,commodity
2016-01-24,-0.06341525020851538,0.1114221590177371,0.23079125538009862,0.6578019688707132,65,equity
2016-01-25,0.25739999999999996,0.330525,0.073125,0.596325,4,commodity
2016-01-25,-0.007363689948034651,0.12204785713699366,0.15950226873451287,0.718480800763387,97,equity
2016-01-26,0.3991,0.4522,0.0531,0.4947,1,commodity
2016-01-26,-0.02962810866287776,0.09132999119758606,0.20407333795570193,0.7046252422043257,105,equity
2016-01-27,0.2819333333333333,0.4919,0.20996666666666663,0.29813333333333336,3,commodity
2016-01-27,-0.0805331842513339,0.08805131744014695,0.21018838518662647,0.7017214618250004,103,equity
2016-01-28,-0.18024,0.15141999999999997,0.3316,0.5169600000000001,5,commodity
2016-01-28,-0.06666415891570174,0.094929405917347,0.19266945769019156,0.712410067325458,112,equity
2016-01-29,0.4548,0.5,0.04515,0.45489999999999997,2,commodity
2016-01-29,-0.058472276325360104,0.10414114638065898,0.19076397215656854,0.7050948836836185,91,equity
2016-01-30,-0.24010176020300594,0.1078201598277123,0.2917529545134768,0.6004268855945818,58,equity
2016-01-31,-0.07656717223892609,0.10372405848180254,0.23984623072072864,0.6564797076309721,60,equity
2016-02-01,-0.03630397168533211,0.13044447790120522,0.18985419671297418,0.6796898345477964,87,equity
2016-02-02,0.6778,0.7379,0.0601,0.202,2,commodity
2016-02-02,0.04990046781296283,0.12879580904949453,0.14629634123653174,0.7249178508734704,100,equity
2016-02-03,0.4172666666666667,0.4945333333333333,0.07726666666666666,0.42819999999999997,3,commodity
2016-02-03,-0.019371487793870257,0.12281015258699655,0.18555564038086683,0.6915742087876796,100,equity
2016-02-04,0.1,0.341025,0.241025,0.41797500000000004,4,commodity
2016-02-04,-0.019348669021414407,0.12028831156679702,0.1706829483301469,0.7090287415037951,124,equity
2016-02-05,0.46565,0.56135,0.09565,0.34299999999999997,2,commodity
2016-02-05,-0.1264501038416001,0.0772909176197919,0.19555556691593745,0.7271898807008158,110,equity
2016-02-06,-0.049929323004917675,0.10800234517197718,0.1912171227223494,0.700780531055819,55,equity
2016-02-07,-0.09184375924540142,0.10752924570441244,0.23742623075626548,0.6550445221273168,62,equity
2016-02-08,-0.009049999999999975,0.28015,0.28914999999999996,0.43069999999999997,2,commodity
2016-02-08,-0.01571981487359107,0.12330817394904792,0.19470498882263898,0.6819868380199372,100,equity
2016-02-09,-0.8332,0.0099,0.8431,0.147,1,commodity
2016-02-09,-0.046697061987441536,0.1215715441838555,0.1856616496495579,0.6927668073327645,115,equity
2016-02-10,0.0014166666666666772,0.3119166666666667,0.3105166666666666,0.37756666666666666,6,commodity
2016-02-10,-0.05557957186186543,0.10142749339365043,0.1861324498709005,0.7124246717833556,130,equity
2016-02-11,0.635775,0.6740999999999999,0.03835,0.287525,4,commodity
2016-02-11,0.03881290833618778,0.1042278683594213,0.16240265233092582,0.7333617878831352,130,equity
2016-02-12,-0.2636,0.1707,0.43426666666666663,0.395,3,commodity
2016-02-12,0.006808942085291667,0.11484557400950615,0.14566352268051702,0.7394909008134063,119,equity
2016-02-13,-0.08448869449259447,0.10912066803460142,0.2534843625271959,0.6374128223402159,56,equity
2016-02-14,-0.08102354231959692,0.10306072623186091,0.2154731574403467,0.6814661171038947,54,equity
2016-02-15,-0.5328666666666666,0.04303333333333333,0.5759,0.38106666666666666,3,commodity
2016-02-15,-0.03837230880289512,0.12551428251543034,0.1934645574200204,0.6810889542517017,59,equity
2016-02-16,-0.70845,0.035750000000000004,0.7442500000000001,0.21999999999999997,2,commodity
2016-02-16,0.0306083257097475,0.12032830952418347,0.13710516899962116,0.7425572598368896,108,equity
2016-02-17,-0.044233333333333326,0.24816666666666665,0.29236666666666666,0.4594666666666667,3,commodity
2016-02-17,0.054691529110001934,0.14409355694842677,0.12215283429003773,0.733769733828162,124,equity
2016-02-18,-0.21830000000000002,0.22923333333333332,0.44749999999999995,0.3232333333333333,3,commodity
2016-02-18,-0.054675848334630336,0.09160665204090376,0.18311000037553407,0.725291680047661,120,equity
2016-02-19,0.1637,0.39896666666666664,0.23526666666666665,0.36580000000000007,3,commodity
2016-02-19,-0.09090969021825851,0.10308081348542171,0.21459809864038906,0.682283116279335,79,equity
2016-02-20,-0.14328752366094674,0.09290841507235612,0.29462186465922885,0.6124882415119144,54,equity
2016-02-21,-0.23440611632355354,0.11108623644994929,0.32859660809265173,0.5603384351641574,47,equity
2016-02-22,0.026840408130836747,0.1342818575279618,0.19071190394257959,0.6750176019753245,88,equity
2016-02-23,0.7051666666666666,0.7275333333333333,0.022366666666666663,0.2501,3,commodity
2016-02-23,-0.11411155281654176,0.11551150523897478,0.2156936462908107,0.6688183773889261,85,equity
2016-02-24,0.1761,0.378,0.2019,0.4201,1,commodity
2016-02-24,-0.030029710155708142,0.14647287117984406,0.1932607208704359,0.6603012960565298,86,equity
2016-02-25,-0.6541,0.0297,0.6838,0.2865,1,commodity
2016-02-25,-0.003854245248248921,0.11882205459931607,0.18329125311859298,0.6978679993659536,107,equity
2016-02-26,-0.7517,0.0127,0.7644,0.2229,1,commodity
2016-02-26,-0.04655764760819015,0.09901937668321996,0.18526375898528769,0.7156964534502858,98,equity
2016-02-27,0.11986516309264782,0.17494288544982137,0.18544736521431646,0.6395740378025386,56,equity
2016-02-28,-0.17268822832454422,0.10976965216351826,0.2900070608159313,0.600190496532155,61,equity
2016-02-29,0.35595,0.5298,0.17385,0.29635,4,commodity
2016-02-29,-0.05407504780516885,0.11202547429339296,0.198959142788217,0.6890153827149977,87,equity
2016-03-01,0.304175,0.46865,0.164475,0.36685,4,commodity
2016-03-01,0.01973260010851889,0.09430108690383485,0.15789705822388736,0.7478120576614629,98,equity
2016-03-02,-0.2147,0.18723333333333333,0.4019,0.4108666666666667,3,commodity
2016-03-02,0.021752309056838802,0.1123807047349824,0.1614902138599618,0.7261381726824425,110,equity
2016-03-03,0.25671666666666665,0.3969,0.1402,0.46295000000000003,6,commodity
2016-03-03,0.001021420101688389,0.10593432961430935,0.18605219522690666,0.7080134747596457,112,equity
2016-03-04,-0.4372,0.0922,0.5294,0.3783,1,commodity
2016-03-04,-0.008391405802456038,0.11204754968862979,0.17430062215775252,0.7136601593681923,120,equity
2016-03-05,-0.0845669458150367,0.09221741459717353,0.2244560270788769,0.6833432271947463,60,equity
2016-03-06,-0.08617398091061039,0.1638336183154024,0.2614430158926795,0.5747233687217036,48,equity
2016-03-07,-0.04097500000000001,0.293975,0.33495,0.37105,4,commodity
2016-03-07,-0.04221097242842641,0.11625177830849824,0.19692152266674923,0.6868442432847071,114,equity
2016-03-08,-0.18124999999999997,0.18910000000000002,0.37039999999999995,0.4405,2,commodity
2016-03-08,-0.061047904018001316,0.09682319993047574,0.14925692484399944,0.7539347996742868,134,equity
2016-03-09,-0.09849999999999999,0.26963333333333334,0.36813333333333337,0.3622666666666667,3,commodity
2016-03-09,-0.03450773311201299,0.12414916802677187,0.17109848529720068,0.7047820460870126,101,equity
2016-03-10,-0.1759559574290392,0.07513492729119867,0.2593728124310812,0.6654802129713884,83,equity
2016-03-11,-0.6879,0.0167,0.7046,0.2787,1,commodity
2016-03-11,-0.14917974553597108,0.1195255442388942,0.22625922235913493,0.6542714134702523,89,equity
2016-03-12,-0.0572073545178771,0.1331894581887126,0.2223368127065897,0.6445137265342474,50,equity
2016-03-13,0.09531487395272453,0.1601581520617738,0.2029155003312715,0.63690782681187,54,equity
2016-03-14,-0.5427,0.0296,0.5723,0.3981,1,commodity
2016-03-14,-0.05211560639347985,0.09960624266124592,0.18854258076204283,0.711826786662179,82,equity
2016-03-15,-0.5348999999999999,0.04085,0.57575,0.38339999999999996,2,commodity
2016-03-15,-0.08601853255394888,0.06673386273464596,0.1822972228748017,0.7509804053570347,87,equity
2016-03-16,-0.5477,0.0217,0.5694,0.4089,1,commodity
2016-03-16,-0.07626619735887517,0.08255936649519464,0.17128817254972198,0.7461785453443943,115,equity
2016-03-17,0.35109999999999997,0.4835666666666667,0.13246666666666665,0.38386666666666674,3,commodity
2016-03-17,0.054516655728572276,0.12423826377566266,0.13255981942920422,0.743218176450429,123,equity
2016-03-18,-0.09561629902704256,0.09472674891223078,0.23789413489579508,0.6673573755835709,92,equity
2016-03-19,-0.10671348180554661,0.12619367165308373,0.25217578090961074,0.6215913299614307,51,equity
2016-03-20,-0.05394058491854735,0.1227958364433275,0.20928547796564842,0.6678998140642103,53,equity
2016-03-21,0.050780151225873926,0.09414000017749324,0.1501392303949183,0.7557413892900613,97,equity
2016-03-22,0.255,0.3506,0.09563333333333333,0.5537666666666666,3,commodity
2016-03-22,0.010265419527383175,0.11618830354025556,0.17371525689422831,0.7100879656995758,118,equity
2016-03-23,-0.6002333333333333,0.02153333333333333,0.6217666666666667,0.3567,3,commodity
2016-03-23,-0.030807693962013372,0.08512112047876183,0.14955137083175266,0.7652823947941451,133,equity
2016-03-24,-0.6657,0.0868,0.7525,0.1607,1,commodity
2016-03-24,-0.08178505676979267,0.08955748296391082,0.18650087306703683,0.723969423023087,108,equity
2016-03-25,-0.0322,0.0578,0.0899,0.8523,1,commodity
2016-03-25,-0.15506912516016633,0.09433106198954967,0.2625259936013289,0.6431268190270469,62,equity
2016-03-26,0.1009,0.3411,0.2402,0.4188,1,commodity
2016-03-26,-0.339364200661083,0.07835523301135335,0.3920472114502142,0.5295975625750918,36,equity
2016-03-27,0.07626470588235294,0.12376470588235294,0.08705882352941176,0.7892941176470588,17,equity
2016-03-28,0.4676,0.6077,0.1401,0.2522,1,commodity
2016-03-28,0.0074519989852200805,0.09160772016678344,0.14691026663610882,0.7614895875576996,132,equity
2016-03-29,-0.03561088729605396,0.11240942141883975,0.16046924488510642,0.7271213333063515,141,equity
2016-03-30,0.16335,0.2947,0.13135000000000002,0.5740000000000001,2,commodity
2016-03-30,-0.052922643242727704,0.0971603524155574,0.16053855121384064,0.7423010957375462,153,equity
2016-03-31,0.5416,0.5653,0.0236,0.4111,1,commodity
2016-03-31,0.06884107841643138,0.10942404329196312,0.1070009881313457,0.7835691543957868,172,equity
2016-04-01,-0.4906,0.0502,0.5409,0.4089,1,commodity
2016-04-01,-0.04529122615157584,0.10069245359881056,0.1540882549137851,0.7452258275751196,153,equity
2016-04-02,-0.1614265826788976,0.11585819279902468,0.24787293337265912,0.6362820298481537,76,equity
2016-04-03,-0.0012,0.0338,0.0349,0.9313,1,commodity
2016-04-03,-0.10668666676773744,0.10267035373859107,0.22102025580044615,0.6763240977402996,68,equity
2016-04-04,-0.5406,0.0998,0.6404,0.2598,1,commodity
2016-04-04,0.0038227328073472595,0.08935496307405255,0.12842848026670534,0.7821915544066058,160,equity
2016-04-05,-0.09545000000000001,0.26835,0.36385,0.3678,2,commodity
2016-04-05,-0.022745523604125586,0.09588703088279839,0.15493993703725953,0.7491663228988447,149,equity
2016-04-06,0.2863,0.4298,0.1435,0.4267,1,commodity
2016-04-06,-0.019855124658860013,0.08756236596153727,0.143803697516949,0.7686408317115799,145,equity
2016-04-07,0.17648571428571427,0.3751142857142857,0.19862857142857143,0.42625714285714283,7,commodity
2016-04-07,0.06675491794224055,0.10241860806004807,0.11420016810522889,0.7833623587451641,159,equity
2016-04-08,0.020093797867970182,0.09861563890952393,0.14457620345766112,0.7568148688921993,149,equity
2016-04-09,-0.03402723091430308,0.11441214995674398,0.2100148194675383,0.6756256609945966,57,equity
2016-04-10,-0.1873,0.1592,0.3464,0.4944,1,commodity
2016-04-10,-0.034293872513763514,0.0880635523081203,0.1548536273535294,0.7570954806646216,79,equity
2016-04-11,0.0375838857797615,0.10793200674510933,0.10996835217922066,0.7821285443655672,173,equity
2016-04-12,0.33949999999999997,0.5535,0.214,0.2325,2,commodity
2016-04-12,0.04724152287213328,0.09062923359158248,0.11793926351448022,0.7914252902676601,161,equity
2016-04-13,-0.4164333333333334,0.10866666666666668,0.5251,0.3661999999999999,3,commodity
2016-04-13,-0.0032136423603022525,0.09909284331476367,0.15327080999939022,0.7476255361619835,185,equity
2016-04-14,-0.0941,0.2908,0.3849,0.3243,3,commodity
2016-04-14,-0.04056431890053575,0.09677081645809506,0.16124960904284133,0.74199931140244,152,equity
2016-04-15,-0.010692566159301958,0.09136705102827751,0.1348243970617933,0.773827419746597,159,equity
2016-04-16,-0.14728404606796364,0.10111543537755224,0.2398383049749276,0.6590697880622219,85,equity
2016-04-17,-0.1258475516465861,0.0925400445061021,0.20430968917594397,0.7031502661663432,86,equity
2016-04-18,0.2631,0.3721,0.1091,0.5188,1,commodity
2016-04-18,-0.017672998883257865,0.09126489321763316,0.14077215136015028,0.7679629557930208,216,equity
2016-04-19,0.0736,0.2793,0.20570000000000002,0.51495,2,commodity
2016-04-19,0.02929523165203183,0.11249157233947449,0.12981874505902738,0.7576896810442045,183,equity
2016-04-20,0.3368,0.4436,0.1068,0.4495,1,commodity
2016-04-20,-0.004922914094181469,0.09803297435207874,0.13119244758604517,0.7707584464058922,186,equity
2016-04-21,0.577,0.6012500000000001,0.02425,0.3745,2,commodity
2016-04-21,0.0003635592740561226,0.09209592703504713,0.12364225787088108,0.7842782972340402,182,equity
2016-04-22,0.3516000000000001,0.5532666666666667,0.2017,0.24503333333333333,3,commodity
2016-04-22,0.054022815479831655,0.10842494800367528,0.13663460005631115,0.7549144774725683,154,equity
2016-04-23,-0.09239009051637989,0.08746835492828062,0.2232198740160891,0.6893403398764985,70,equity
2016-04-24,0.0294,0.3743,0.3449,0.2808,1,commodity
2016-04-24,-0.06772001488968071,0.11503397987887044,0.272037818297963,0.6129282037885313,68,equity
2016-04-25,0.3941333333333333,0.5023,0.1082,0.38953333333333334,3,commodity
2016-04-25,-0.015774418706635776,0.10070177752503627,0.1585121117246298,0.7408072365861333,142,equity
2016-04-26,-0.10065000000000002,0.28265,0.38334999999999997,0.334,2,commodity
2016-04-26,0.0063039623272738154,0.09989172112707581,0.13824847308551627,0.7618669495559166,140,equity
2016-04-27,0.15876666666666667,0.33983333333333327,0.18113333333333334,0.47903333333333337,3,commodity
2016-04-27,-0.05201601736064343,0.09866884112997967,0.15326779966709367,0.7480633598329389,170,equity
2016-04-28,0.2335,0.29645,0.06295,0.6406,2,commodity
2016-04-28,0.03794526703378165,0.10971479473635554,0.1218129342959805,0.7684832572000366,182,equity
2016-04-29,0.563875,0.643875,0.080025,0.2761,4,commodity
2016-04-29,-0.021692388907255535,0.09325823917420523,0.16697790080873354,0.7397259799027531,132,equity
2016-04-30,0.6214,0.6509,0.0294,0.3197,1,commodity
2016-04-30,-0.2654491223334095,0.08641471948873784,0.3157095561078617,0.5978900118273284,70,equity
2016-05-01,-0.14492116712899433,0.11639358736077945,0.2460941195691389,0.6375281624789275,63,equity
2016-05-02,0.14627999999999997,0.29344000000000003,0.14716,0.55942,5,commodity
2016-05-02,-0.038810846624961974,0.11744601886053668,0.17193062435074688,0.710616263004905,141,equity
2016-05-03,-0.4687,0.0277,0.4964,0.4758,1,commodity
2016-05-03,0.010735895867510278,0.1269810743014182,0.15740137678101535,0.7156092842546377,121,equity
2016-05-04,-0.2119,0.1591,0.371,0.4699,1,commodity
2016-05-04,-0.05809254055004319,0.09787978166326881,0.19462298887997864,0.7075038966014982,150,equity
2016-05-05,-0.12353999999999998,0.21869999999999998,0.34224,0.4391,5,commodity
2016-05-05,-0.07142510398066206,0.09414288793643937,0.18135013477424428,0.7245248333095972,112,equity
2016-05-06,-0.2766,0.18810000000000002,0.46465999999999996,0.34724000000000005,5,commodity
2016-05-06,0.05349614658610778,0.1347201064202834,0.15610143731165307,0.7091784560666965,111,equity
2016-05-07,-0.3683,0.1148,0.483,0.4022,1,commodity
2016-05-07,-0.15724747872579906,0.1007023632537763,0.25928035045415165,0.6400003408963901,59,equity
2016-05-08,-0.1546007543532054,0.11514095751212704,0.29648393408755463,0.5883306688401434,45,equity
2016-05-09,0.08326666666666667,0.34476666666666667,0.26153333333333334,0.39366666666666666,3,commodity
2016-05-09,0.00349372025126952,0.09679628751100154,0.13486046199657414,0.7683257073353517,114,equity
2016-05-10,0.2519,0.4139,0.162,0.4241,1,commodity
2016-05-10,-0.0123857861801769,0.08404587953734612,0.14310880857466585,0.7728453128592244,140,equity
2016-05-11,0.266,0.29,0.023966666666666664,0.6860333333333332,3,commodity
2016-05-11,-0.019350115304346435,0.09856679979915973,0.15045691510350617,0.7509910988635488,135,equity
2016-05-12,-0.22560000000000002,0.20095999999999997,0.42650000000000005,0.37255999999999995,5,commodity
2016-05-12,-0.10300723347919494,0.06611320112731593,0.1911496653757416,0.7427602104844956,130,equity
2016-05-13,-0.5834333333333334,0.0742,0.6576333333333334,0.26816666666666666,3,commodity
2016-05-13,-0.03607365458255807,0.10268735280150876,0.18991478889667188,0.7074650855760614,119,equity
2016-05-14,-0.09045968313195533,0.08396472178267375,0.21605666297914522,0.6999947484914334,62,equity
2016-05-15,-0.13368747176748255,0.10330664789206956,0.2727875979204217,0.6238840086188004,46,equity
2016-05-16,0.2009,0.44026666666666675,0.23933333333333337,0.3204,3,commodity
2016-05-16,-0.03423210901408033,0.09282734088373908,0.15324278323115273,0.7539223003109748,132,equity
2016-05-17,-0.07987500000000002,0.2112,0.291075,0.49767500000000003,4,commodity
2016-05-17,0.042017247159308976,0.09909042351072034,0.10189400968474469,0.7990096148504388,168,equity
2016-05-18,-0.644,0.0221,0.66605,0.31184999999999996,2,commodity
2016-05-18,-0.051938405944051386,0.09374586722771214,0.14601779589903627,0.7602363382173195,176,equity
2016-05-19,-0.13649302017749884,0.07870627942986978,0.19893263294070196,0.7223867272063453,117,equity
2016-05-20,0.015208104395020648,0.10831186309859558,0.16384880374861996,0.7278123043386249,111,equity
2016-05-21,-0.10138340883517968,0.09879118039349424,0.2465069421698504,0.6547165843051146,68,equity
2016-05-22,-0.16010964247468445,0.09418619185371531,0.31435138988395533,0.5915513070477381,45,equity
2016-05-23,-0.1235,0.2126,0.3362,0.4512,1,commodity
2016-05-23,0.012650007241459222,0.09711179183474032,0.1445990727288743,0.7582721858734297,118,equity
2016-05-24,0.06437160309095297,0.14234252199398414,0.14809753180625695,0.7096002673158242,124,equity
2016-05-25,0.039,0.0604,0.0214,0.9183,1,commodity
2016-05-25,0.04869765931228581,0.11071373438273652,0.11654795912842172,0.7727383086551792,138,equity
2016-05-26,0.0827,0.38033333333333336,0.2976333333333333,0.322,3,commodity
2016-05-26,-0.019225164610094634,0.08806922629702811,0.12199793700641354,0.7899186523588415,141,equity
2016-05-27,-0.7708,0.0178,0.7887,0.1935,1,commodity
2016-05-27,-0.061494654492738235,0.09812293137521262,0.20031282396318892,0.701588053971056,126,equity
2016-05-28,-0.15744877578686728,0.12675618154490204,0.2674172380335237,0.6057914900390203,57,equity
2016-05-29,-0.1283807686380297,0.09630268042931953,0.29081178240068256,0.6129022046282887,60,equity
2016-05-30,-0.54345,0.07835,0.62175,0.29985,2,commodity
2016-05-30,0.009918765744900237,0.12370270140753373,0.20814446197842298,0.6682054698228053,76,equity
2016-05-31,-0.08023866441589017,0.08090733461348867,0.18435047664131912,0.7347571167663406,134,equity
2016-06-01,-0.1028,0.18536666666666665,0.2881666666666666,0.5265333333333334,3,commodity
2016-06-01,0.022827164297496934,0.11479945542598548,0.16421649402703928,0.7209768040486868,138,equity
2016-06-02,0.10396666666666665,0.36506666666666665,0.26106666666666667,0.3738666666666666,3,commodity
2016-06-02,-0.08216551964551431,0.0953638229421066,0.16067787199938557,0.7439803621084156,136,equity
2016-06-03,-0.008036667983245135,0.10763595780181258,0.13598991901814042,0.7563966831002469,133,equity
2016-06-04,-0.08799470703166819,0.12071180292531368,0.22257425189246574,0.6566978189589515,62,equity
2016-06-05,-0.18485565722151748,0.08853842894353395,0.2944091805046741,0.6170523884431371,53,equity
2016-06-06,0.2947,0.43855,0.1439,0.41755,2,commodity
2016-06-06,-0.0606363617288073,0.09663682963544573,0.17625319136425302,0.7271099800006107,135,equity
2016-06-07,-0.03153999999999997,0.26402000000000003,0.2956,0.44038000000000005,5,commodity
2016-06-07,-0.031999063723106715,0.09530437349267964,0.10954367390217691,0.7951756224510587,169,equity
2016-06-08,0.1725,0.3709,0.1983,0.4308,1,commodity
2016-06-08,-0.02661999154009989,0.0949231547015586,0.15368528909880133,0.7514129863809261,140,equity
2016-06-09,-0.0991,0.0512,0.1503,0.7985,1,commodity
2016-06-09,-0.008043986265969949,0.09410040727698467,0.14408030903591237,0.7617981580677377,142,equity
2016-06-10,0.24789999999999998,0.33063333333333333,0.0827,0.5866333333333333,3,commodity
2016-06-10,-0.07297872096334355,0.09647460483432421,0.18243237985172187,0.7211065295322522,148,equity
2016-06-11,0.005823932194176031,0.14676521024953074,0.2653099347717726,0.5878950080133196,67,equity
2016-06-12,-0.18227810805313702,0.09882513511936283,0.2427851876169443,0.6583618957735599,72,equity
2016-06-13,0.4179333333333333,0.5184666666666667,0.10053333333333332,0.3809666666666667,3,commodity
2016-06-13,0.03395661310004071,0.11351290402468295,0.15399557663892796,0.7324915166505214,112,equity
2016-06-14,-0.36164999999999997,0.07285,0.4345,0.4927,2,commodity
2016-06-14,-0.06812845126713987,0.08655721129094429,0.1921316085040301,0.7212931620779339,111,equity
2016-06-15,0.13219999999999998,0.3075,0.17529999999999998,0.5172333333333333,3,commodity
2016-06-15,-0.09246627274406809,0.10327210110218399,0.16836051670339489,0.7283530952561114,140,equity
2016-06-16,0.23754999999999998,0.3611,0.12355,0.51535,2,commodity
2016-06-16,-0.030578147940623114,0.09998202766538537,0.14113939638522927,0.7588980570282643,154,equity
2016-06-17,-0.6629,0.0177,0.6806,0.3017,1,commodity
2016-06-17,-0.0535222915235978,0.09743959644750047,0.1548064739583594,0.7477602973836622,157,equity
2016-06-18,-0.10341229805229869,0.10935555407976451,0.21489250966630977,0.6756971381994552,73,equity
2016-06-19,-0.0069,0.0315,0.0384,0.9301,1,commodity
2016-06-19,0.0024535135093102065,0.12969484205864942,0.17716132854933925,0.6931284479861076,65,equity
2016-06-20,0.24476666666666666,0.3156666666666667,0.0709,0.6134333333333334,3,commodity
2016-06-20,-0.10217983821827595,0.07648048225843061,0.19427134409875382,0.7292324269019713,127,equity
2016-06-21,-0.4726000000000001,0.05393333333333333,0.5265333333333334,0.4195,3,commodity
2016-06-21,-0.01810389042119251,0.08488470976868352,0.16559912650566547,0.7494898478565247,152,equity
2016-06-22,-0.4787,0.0545,0.5332,0.4123,2,commodity
2016-06-22,-0.03205233375475724,0.09451668546516069,0.1392397675192376,0.7662503489447492,147,equity
2016-06-23,-0.41380000000000006,0.0753,0.4891,0.43565,2,commodity
2016-06-23,-0.04189406845823481,0.09074458581627703,0.14983865427451185,0.7594229328981887,162,equity
2016-06-24,0.229125,0.30605,0.07692500000000001,0.61705,4,commodity
2016-06-24,-0.00964815707005495,0.08907041728917148,0.0931672547111326,0.817765261508284,341,equity
2016-06-25,-0.0706,0.1003,0.1709,0.7288,1,commodity
2016-06-25,-0.06411968551777829,0.11631070115221571,0.16584856848817583,0.7177902273787091,99,equity
2016-06-26,-0.09700835390774531,0.08672129968842493,0.19830090359617025,0.7150152943521738,80,equity
2016-06-27,0.4041,0.4602,0.05605,0.48375,2,commodity
2016-06-27,-0.01794517511331677,0.07962156191616779,0.15227053449783898,0.7680825872688165,158,equity
2016-06-28,0.4181,0.4352,0.0171,0.5477,1,commodity
2016-06-28,-0.020803451280012136,0.09963248509219191,0.13314014689851986,0.7542900250514498,190,equity
2016-06-29,-0.1849,0.0832,0.2681,0.6487,1,commodity
2016-06-29,-0.05421385639135776,0.07931760994094413,0.13215939426022982,0.7774429468729331,222,equity
2016-06-30,-0.2153,0.2089,0.4241,0.367,1,commodity
2016-06-30,-0.02016538197406352,0.07372489177583741,0.11649912330742308,0.7931969154910707,226,equity
2016-07-01,0.0256,0.3578,0.3322,0.31,1,commodity
2016-07-01,-0.06996828766347331,0.09358433811734482,0.15408691149510387,0.7442446980277923,210,equity
2016-07-02,0.13505263157894737,0.1006140350877193,0.07124561403508772,0.8281052631578948,57,equity
2016-07-03,-0.2146,0.0451,0.25975,0.6951499999999999,2,commodity
2016-07-03,0.15240714285714285,0.10516666666666666,0.0320952380952381,0.8627857142857144,42,equity
2016-07-04,0.63585,0.67635,0.04055,0.28305,2,commodity
2016-07-04,0.048331578947368406,0.09543859649122806,0.07845614035087718,0.8261052631578948,57,equity
2016-07-05,0.8288,0.8451,0.0163,0.1386,1,commodity
2016-07-05,0.07478888888888888,0.09117094017094018,0.07912820512820512,0.8297008547008546,117,equity
2016-07-06,0.4795857142857143,0.5609714285714286,0.08138571428571428,0.35765714285714284,7,commodity
2016-07-06,0.0456176,0.08645599999999999,0.063608,0.8498800000000001,125,equity
2016-07-07,0.2754,0.4356,0.1602,0.4042,1,commodity
2016-07-07,0.04033566878980893,0.10648407643312104,0.08256687898089173,0.810955414012739,157,equity
2016-07-08,-0.17279999999999998,0.2334,0.40615,0.36045,2,commodity
2016-07-08,0.001956521739130438,0.06792753623188405,0.0767608695652174,0.8553115942028987,138,equity
2016-07-09,-0.01837307692307692,0.061865384615384614,0.06113461538461539,0.8769807692307693,52,equity
2016-07-10,0.16451249999999998,0.124875,0.07039583333333332,0.8047083333333335,48,equity
2016-07-11,0.2122666666666667,0.32966666666666666,0.1174,0.5529666666666667,3,commodity
2016-07-11,0.06458188976377954,0.09252755905511811,0.0724251968503937,0.8350944881889765,127,equity
2016-07-12,0.006749101796407193,0.07876047904191616,0.09829341317365269,0.822940119760479,167,equity
2016-07-13,0.3166,0.42723999999999995,0.11062000000000001,0.46213999999999994,5,commodity
2016-07-13,0.04496521739130435,0.08734057971014493,0.0633913043478261,0.8492536231884058,138,equity
2016-07-14,0.11889999999999999,0.38116666666666665,0.26233333333333336,0.35650000000000004,3,commodity
2016-07-14,0.08621875,0.08993181818181818,0.07361363636363637,0.8364545454545452,176,equity
2016-07-15,-0.48655000000000004,0.036500000000000005,0.523025,0.44047499999999995,4,commodity
2016-07-15,0.017673825503355698,0.09971812080536913,0.10065771812080537,0.7996241610738254,149,equity
2016-07-16,0.00747368421052631,0.07631578947368423,0.11439473684210527,0.8092368421052631,38,equity
2016-07-17,-0.0179,0.0294,0.0473,0.9233,1,commodity
2016-07-17,0.10567441860465115,0.1073953488372093,0.056348837209302324,0.8363023255813953,43,equity
2016-07-18,-0.226825,0.22005000000000002,0.44687499999999997,0.33305,4,commodity
2016-07-18,0.02154761904761904,0.1074973544973545,0.08591005291005292,0.8065873015873015,189,equity
2016-07-19,0.5548,0.6393,0.0845,0.2763,1,commodity
2016-07-19,0.09262634408602151,0.12094623655913976,0.08831720430107524,0.7907150537634409,186,equity
2016-07-20,-0.44244000000000006,0.09898,0.54144,0.35953999999999997,5,commodity
2016-07-20,0.08898518518518521,0.0843015873015873,0.07018518518518518,0.8454867724867726,189,equity
2016-07-21,-0.6385,0.0338,0.6722,0.294,1,commodity
2016-07-21,0.06342081447963802,0.11924434389140266,0.08033936651583712,0.8003936651583711,221,equity
2016-07-22,0.009533333333333326,0.28167777777777775,0.27216666666666667,0.4461666666666666,9,commodity
2016-07-22,0.021571212121212116,0.09582323232323234,0.10227777777777776,0.8018939393939394,198,equity
2016-07-23,0.039940384615384614,0.08340384615384615,0.07115384615384615,0.8454423076923075,52,equity
2016-07-24,0.10658571428571428,0.10944897959183672,0.08775510204081631,0.8027959183673469,49,equity
2016-07-25,-0.20415,0.17052499999999998,0.374625,0.45482500000000003,4,commodity
2016-07-25,0.100259,0.087335,0.07200999999999999,0.8406450000000001,200,equity
2016-07-26,0.076275,0.3375125,0.2612375,0.40125,8,commodity
2016-07-26,0.09632735849056605,0.10536792452830189,0.06651886792452828,0.8281037735849057,212,equity
2016-07-27,0.22366363636363637,0.41483636363636367,0.19115454545454547,0.39399999999999996,11,commodity
2016-07-27,0.04206714285714285,0.10131428571428573,0.08235238095238095,0.8163666666666669,210,equity
2016-07-28,0.40665555555555555,0.4919222222222222,0.08526666666666667,0.4227888888888888,9,commodity
2016-07-28,0.06658181818181817,0.0658939393939394,0.055474747474747475,0.8786010101010102,198,equity
2016-07-29,0.5711999999999999,0.61566,0.04448,0.33988000000000007,5,commodity
2016-07-29,0.09671777777777778,0.10937777777777777,0.06943703703703703,0.8212148148148148,135,equity
2016-07-30,0.16770000000000002,0.4043,0.23665,0.359,2,commodity
2016-07-30,0.055177500000000004,0.10727500000000001,0.08405,0.8086500000000001,40,equity
2016-07-31,-0.1186,0.035,0.1537,0.8113,1,commodity
2016-07-31,0.05235238095238094,0.11102380952380952,0.06507142857142857,0.8239523809523808,42,equity
2016-08-01,0.4579666666666667,0.5113666666666666,0.05336666666666667,0.4352666666666667,3,commodity
2016-08-01,0.007148780487804876,0.08000813008130082,0.06713008130081302,0.8528373983739838,123,equity
2016-08-02,0.3845,0.4628375,0.0783,0.45885000000000004,8,commodity
2016-08-02,0.07673636363636363,0.11650349650349648,0.09250349650349651,0.791,143,equity
2016-08-03,-0.27563333333333334,0.15073333333333336,0.42638333333333334,0.4228666666666667,6,commodity
2016-08-03,0.13766986301369866,0.1075958904109589,0.07626712328767121,0.8161301369863013,146,equity
2016-08-04,0.46543999999999996,0.5320600000000001,0.06662,0.40136000000000005,5,commodity
2016-08-04,0.057051612903225815,0.08317419354838712,0.06446451612903226,0.8523483870967742,155,equity
2016-08-05,-0.33,0.15861666666666666,0.4886333333333333,0.35275000000000006,6,commodity
2016-08-05,0.056216935483870974,0.09658870967741935,0.0655967741935484,0.8378064516129032,124,equity
2016-08-06,0.1053,0.3296,0.2242,0.4462,1,commodity
2016-08-06,0.029040625000000007,0.0961875,0.103875,0.7999062499999999,32,equity
2016-08-07,0.0752421052631579,0.09847368421052631,0.059,0.8424736842105264,38,equity
2016-08-08,-0.70435,0.0201,0.724475,0.255425,4,commodity
2016-08-08,0.0160438596491228,0.1011578947368421,0.09153508771929825,0.807359649122807,114,equity
2016-08-09,0.17891666666666664,0.3589166666666666,0.1799833333333333,0.4610666666666667,6,commodity
2016-08-09,0.1093978260869565,0.08826811594202899,0.0457536231884058,0.8659782608695654,138,equity
2016-08-10,0.5314249999999999,0.56345,0.032,0.40454999999999997,4,commodity
2016-08-10,0.03480382165605094,0.08608280254777069,0.06254777070063694,0.8514140127388535,157,equity
2016-08-11,-0.49297142857142856,0.053157142857142854,0.5461428571428572,0.4007,7,commodity
2016-08-11,0.1031512987012987,0.1087922077922078,0.06068831168831169,0.8305194805194805,154,equity
2016-08-12,-0.2761125,0.18314999999999998,0.45923749999999997,0.3576375,8,commodity
2016-08-12,0.11872335766423357,0.12619708029197083,0.07310948905109488,0.8006788321167883,137,equity
2016-08-13,0.020097222222222204,0.07372222222222222,0.09975,0.8265277777777778,36,equity
2016-08-14,0.4584,0.4998,0.0415,0.4587,1,commodity
2016-08-14,0.08849836065573771,0.07844262295081968,0.06595081967213115,0.8555737704918034,61,equity
2016-08-15,0.11495,0.3248333333333333,0.20988333333333334,0.46526666666666666,6,commodity
2016-08-15,0.04924129032258065,0.07999354838709678,0.060838709677419354,0.8591741935483873,155,equity
2016-08-16,0.31989,0.41829,0.09841,0.48331,10,commodity
2016-08-16,0.028429142857142858,0.08938285714285714,0.07263428571428572,0.8379885714285715,175,equity
2016-08-17,-0.256275,0.11763749999999999,0.3739125,0.5084625,8,commodity
2016-08-17,0.049135849056603786,0.09599371069182389,0.07149056603773585,0.832503144654088,159,equity
2016-08-18,0.126275,0.32247500000000007,0.19617500000000002,0.48142499999999994,4,commodity
2016-08-18,0.014462580645161295,0.07163870967741935,0.06975483870967741,0.8586000000000001,155,equity
2016-08-19,-0.12229999999999999,0.21719,0.33952,0.44328,10,commodity
2016-08-19,0.11120333333333332,0.10185333333333332,0.06769333333333333,0.8304466666666669,150,equity
2016-08-20,0.19703636363636362,0.09225454545454545,0.04447272727272727,0.8632727272727271,55,equity
2016-08-21,0.06809019607843138,0.10988235294117647,0.06907843137254903,0.8209803921568628,51,equity
2016-08-22,-0.5579000000000001,0.03523333333333333,0.5931666666666667,0.3715833333333333,6,commodity
2016-08-22,0.12468561151079138,0.11774820143884893,0.068863309352518,0.81336690647482,139,equity
2016-08-23,-0.14524285714285715,0.2367857142857143,0.38202857142857144,0.38115714285714286,7,commodity
2016-08-23,0.057131012658227835,0.0974746835443038,0.07587974683544303,0.8266139240506328,158,equity
2016-08-24,-0.579675,0.026,0.605675,0.368375,4,commodity
2016-08-24,0.10990177777777782,0.10296444444444444,0.07915999999999998,0.817888888888889,225,equity
2016-08-25,-0.03910000000000002,0.2513,0.2904,0.4583,6,commodity
2016-08-25,0.06992812500000001,0.09505208333333337,0.09066666666666667,0.8142760416666667,192,equity
2016-08-26,-0.06504999999999998,0.27505714285714283,0.3400857142857143,0.3848357142857143,14,commodity
2016-08-26,0.07674894514767934,0.09928270042194093,0.06700843881856541,0.8336962025316458,237,equity
2016-08-27,0.09210266666666665,0.09177333333333332,0.07278666666666668,0.8354533333333333,75,equity
2016-08-28,-0.4068,0.0431,0.4499,0.507,1,commodity
2016-08-28,0.141634375,0.08371875000000001,0.037234375,0.879015625,64,equity
2016-08-29,-0.10136,0.24143999999999996,0.34278,0.41578,5,commodity
2016-08-29,0.08958344370860924,0.09193377483443708,0.06699337748344371,0.8410927152317881,151,equity
2016-08-30,-0.16528333333333334,0.19080833333333336,0.3561083333333334,0.4530833333333333,12,commodity
2016-08-30,0.05736770833333333,0.10085937500000001,0.07355729166666668,0.8255416666666667,192,equity
2016-08-31,-0.42645000000000005,0.058725,0.485175,0.4561125,8,commodity
2016-08-31,0.06728803827751197,0.10133014354066984,0.06980382775119616,0.8288516746411482,209,equity
2016-09-01,-0.00015714285714285174,0.26207142857142857,0.26224285714285717,0.4756714285714286,7,commodity
2016-09-01,0.03435917602996255,0.09623220973782773,0.07667041198501873,0.8270936329588016,267,equity
2016-09-02,0.25582000000000005,0.43417000000000006,0.17834,0.38754,10,commodity
2016-09-02,0.004650279329608937,0.09034078212290503,0.11307821229050279,0.7965642458100559,179,equity
2016-09-03,0.1292896551724138,0.11372413793103447,0.09303448275862071,0.793206896551724,58,equity
2016-09-04,0.05384545454545455,0.08190909090909092,0.07420454545454545,0.8438636363636363,44,equity
2016-09-05,0.07810000000000002,0.3408333333333333,0.2627333333333333,0.39653333333333335,3,commodity
2016-09-05,0.12092833333333333,0.07546666666666667,0.02993333333333333,0.8945666666666666,60,equity
2016-09-06,0.30911999999999995,0.46304,0.15389999999999998,0.38301999999999997,5,commodity
2016-09-06,0.036368452380952376,0.09565476190476191,0.07442857142857143,0.829922619047619,168,equity
2016-09-07,-0.30732499999999996,0.16195,0.46927499999999994,0.36885,4,commodity
2016-09-07,0.04517314285714286,0.09350857142857143,0.06057142857142857,0.8459257142857142,175,equity
2016-09-08,-0.3026666666666666,0.1950333333333333,0.4977,0.3072333333333333,3,commodity
2016-09-08,0.03474693877551021,0.08834183673469388,0.06953061224489795,0.8421377551020408,196,equity
2016-09-09,-0.12534,0.2319,0.35726,0.41082,5,commodity
2016-09-09,-0.05385902439024391,0.07365365853658536,0.09635609756097561,0.8300000000000001,205,equity
2016-09-10,-0.07620666666666664,0.08642222222222223,0.09724444444444444,0.8163333333333334,45,equity
2016-09-11,0.022346153846153835,0.09132692307692308,0.07923076923076922,0.8293846153846154,52,equity
2016-09-12,-0.3133714285714286,0.14251428571428573,0.45588571428571434,0.4016285714285714,7,commodity
2016-09-12,0.07435090909090909,0.08639393939393938,0.07222424242424241,0.8413939393939395,165,equity
2016-09-13,-0.56395,0.03415,0.5981166666666666,0.36776666666666663,6,commodity
2016-09-13,-0.021698148148148143,0.0911543209876543,0.10148765432098766,0.8073703703703703,162,equity
2016-09-14,-0.2343666666666667,0.11380000000000001,0.3481666666666667,0.5380333333333334,3,commodity
2016-09-14,0.09691288343558283,0.10123312883435581,0.058447852760736205,0.8402944785276075,163,equity
2016-09-15,-0.19495714285714286,0.20124285714285714,0.3961571428571428,0.4026428571428572,7,commodity
2016-09-15,0.12954968944099382,0.11570807453416147,0.051465838509316776,0.832832298136646,161,equity
2016-09-16,-0.5550624999999999,0.039224999999999996,0.5942999999999999,0.36645,8,commodity
2016-09-16,0.001900000000000001,0.11106382978723406,0.09520744680851065,0.7937287234042554,188,equity
2016-09-17,0.22394912280701754,0.11261403508771929,0.05952631578947368,0.8278596491228071,57,equity
2016-09-18,0.08171250000000001,0.09665625,0.037875,0.86546875,32,equity
2016-09-19,0.29568000000000005,0.4078399999999999,0.11212,0.48002,5,commodity
2016-09-19,0.01784330708661417,0.08677952755905513,0.0674251968503937,0.8458188976377954,127,equity
2016-09-20,0.25716666666666665,0.39189999999999997,0.13473333333333334,0.47336666666666666,3,commodity
2016-09-20,0.012075621890547268,0.08944776119402985,0.08619900497512438,0.8243432835820896,201,equity
2016-09-21,0.3476166666666667,0.43756666666666666,0.08993333333333332,0.4725,6,commodity
2016-09-21,0.04993782608695652,0.09362608695652175,0.06749565217391305,0.8388913043478261,230,equity
2016-09-22,0.3451888888888889,0.4300333333333333,0.08483333333333334,0.48513333333333325,9,commodity
2016-09-22,0.03540000000000001,0.10450292397660817,0.08681871345029239,0.8086608187134503,171,equity
2016-09-23,-0.48328571428571426,0.09521428571428571,0.5784857142857144,0.32631428571428567,7,commodity
2016-09-23,0.03456524822695036,0.09565248226950356,0.0858723404255319,0.8184893617021277,141,equity
2016-09-24,0.16348979591836738,0.0896530612244898,0.049489795918367344,0.8608367346938777,49,equity
2016-09-25,0.02424651162790697,0.06146511627906976,0.06211627906976744,0.8763255813953489,43,equity
2016-09-26,-0.01780000000000001,0.25945,0.277225,0.463325,4,commodity
2016-09-26,0.0846925,0.10558749999999999,0.05461875000000001,0.8398,160,equity
2016-09-27,-0.5652,0.028999999999999998,0.5942,0.3768,3,commodity
2016-09-27,0.035340697674418595,0.07184883720930232,0.0833139534883721,0.8448546511627907,172,equity
2016-09-28,-0.5262142857142857,0.043628571428571426,0.5698714285714285,0.38648571428571427,7,commodity
2016-09-28,0.01905748502994012,0.10466467065868261,0.08191616766467066,0.8134131736526946,167,equity
2016-09-29,-0.031180000000000006,0.28713,0.31832,0.39457,10,commodity
2016-09-29,-0.005935256410256402,0.06436538461538462,0.06388461538461539,0.8717307692307691,156,equity
2016-09-30,-0.4155454545454545,0.10619999999999999,0.5217545454545455,0.37205454545454547,11,commodity
2016-09-30,0.012791095890410945,0.08636986301369864,0.08529452054794522,0.8283150684931508,146,equity
2016-10-01,-0.5859,0.0535,0.6393,0.3072,1,commodity
2016-10-01,-0.016026923076923074,0.06869230769230769,0.07401923076923077,0.8572692307692308,52,equity
2016-10-02,-0.0132,0.0869,0.1001,0.813,1,commodity
2016-10-02,0.12150625000000001,0.10153124999999999,0.0485,0.8500312500000001,32,equity
2016-10-03,-0.5032599999999999,0.0459,0.54918,0.40492,5,commodity
2016-10-03,0.08888682170542635,0.09934108527131784,0.05417829457364342,0.84646511627907,129,equity
2016-10-04,-0.6075285714285714,0.03635714285714285,0.6438857142857142,0.31974285714285716,7,commodity
2016-10-04,0.05515448275862069,0.08231034482758622,0.06971724137931035,0.8479862068965517,145,equity
2016-10-05,-0.2576307692307692,0.19483846153846154,0.45249230769230775,0.35266153846153847,13,commodity
2016-10-05,0.07728253012048193,0.10918072289156626,0.05724096385542169,0.8335542168674699,166,equity
2016-10-06,-0.33513333333333334,0.11086666666666666,0.4460166666666667,0.44311666666666666,6,commodity
2016-10-06,0.06465523255813953,0.11051744186046512,0.05463372093023255,0.8348546511627907,172,equity
2016-10-07,-0.11532500000000001,0.26915833333333333,0.3845,0.34635,12,commodity
2016-10-07,-0.013143089430894305,0.09249593495934959,0.08820325203252033,0.8192520325203252,123,equity
2016-10-08,0.245,0.3416,0.0966,0.5618,1,commodity
2016-10-08,0.04954615384615386,0.0971923076923077,0.06540384615384615,0.8374038461538462,52,equity
2016-10-09,0.11103666666666667,0.09979999999999999,0.06003333333333334,0.8402,30,equity
2016-10-10,0.05776000000000001,0.33408,0.27632,0.38958000000000004,5,commodity
2016-10-10,0.055483185840707966,0.10077876106194691,0.07201769911504424,0.8272035398230088,113,equity
2016-10-11,-0.6120333333333333,0.029200000000000004,0.6412666666666667,0.32953333333333334,3,commodity
2016-10-11,-0.036588034188034184,0.08287179487179486,0.07588034188034189,0.8412393162393161,117,equity
2016-10-12,-0.15710000000000002,0.1988875,0.35597500000000004,0.44513749999999996,8,commodity
2016-10-12,0.007016379310344834,0.11087931034482759,0.08874999999999998,0.8003965517241378,116,equity
2016-10-13,0.15123750000000002,0.3129125,0.161675,0.5254,8,commodity
2016-10-13,0.06688507462686569,0.10529850746268657,0.09426865671641792,0.8004104477611939,134,equity
2016-10-14,-0.2136,0.19014999999999999,0.40375000000000005,0.4061,4,commodity
2016-10-14,0.0743246153846154,0.11392307692307692,0.06526153846153847,0.8208153846153847,130,equity
2016-10-15,0.08821739130434782,0.0932608695652174,0.06939130434782609,0.8373478260869566,46,equity
2016-10-16,0.06228478260869566,0.09852173913043479,0.05928260869565218,0.842195652173913,46,equity
2016-10-17,0.2583,0.40616666666666673,0.1479,0.44593333333333335,6,commodity
2016-10-17,0.0369,0.09519230769230767,0.0735673076923077,0.8311826923076924,104,equity
2016-10-18,0.30769090909090907,0.4418909090909091,0.13421818181818182,0.42390000000000005,11,commodity
2016-10-18,0.041238636363636366,0.07912878787878788,0.04923484848484849,0.8716212121212119,132,equity
2016-10-19,0.40164,0.47572000000000003,0.07404000000000001,0.45026,5,commodity
2016-10-19,-0.0022487179487179457,0.07737820512820513,0.08858333333333333,0.834025641025641,156,equity
2016-10-20,-0.01512,0.25338,0.26853999999999995,0.47808,5,commodity
2016-10-20,0.04503618421052632,0.08082236842105263,0.06494078947368422,0.8542565789473683,152,equity
2016-10-21,0.2612999999999999,0.40786666666666666,0.14656666666666668,0.4455666666666666,9,commodity
2016-10-21,0.15425727272727272,0.11967272727272725,0.052445454545454545,0.8279181818181818,110,equity
2016-10-22,0.28105102040816327,0.14263265306122447,0.032530612244897956,0.8248571428571428,49,equity
2016-10-23,0.10556046511627908,0.089,0.05830232558139535,0.8527209302325581,43,equity
2016-10-24,0.06612857142857145,0.3302142857142857,0.2641,0.40569999999999995,7,commodity
2016-10-24,0.05380162601626016,0.10378048780487806,0.06949593495934958,0.826788617886179,123,equity
2016-10-25,0.40149999999999997,0.50726,0.10573999999999999,0.38702000000000003,5,commodity
2016-10-25,0.07173660130718953,0.08804575163398692,0.05609803921568628,0.8558496732026143,153,equity
2016-10-26,-0.16290000000000002,0.13163333333333332,0.2945333333333333,0.5738666666666666,3,commodity
2016-10-26,0.08541512605042018,0.09066386554621848,0.06378151260504203,0.8455714285714288,119,equity
2016-10-27,0.41204999999999997,0.5165833333333333,0.10453333333333333,0.3788833333333334,6,commodity
2016-10-27,0.06745449101796408,0.10505988023952097,0.07277245508982036,0.822191616766467,167,equity
2016-10-28,0.08886249999999998,0.33933749999999996,0.250475,0.41017500000000007,8,commodity
2016-10-28,0.013885156249999999,0.09409375,0.07069531250000001,0.8351953125,128,equity
2016-10-29,0.5325,0.5566,0.0241,0.4193,1,commodity
2016-10-29,0.24252500000000002,0.14584999999999998,0.06185,0.792325,40,equity
2016-10-30,0.19014358974358972,0.13343589743589743,0.05335897435897436,0.8131794871794872,39,equity
2016-10-31,-0.273725,0.152925,0.4266,0.42047500000000004,4,commodity
2016-10-31,0.003950602409638552,0.09651807228915661,0.09157831325301204,0.8118915662650602,83,equity
2016-11-01,0.4073,0.539525,0.132225,0.32825,4,commodity
2016-11-01,0.06945072463768115,0.10899275362318842,0.06328260869565218,0.8277246376811594,138,equity
2016-11-02,0.24515454545454549,0.44099090909090904,0.19585454545454545,0.36319090909090906,11,commodity
2016-11-02,0.13763076923076925,0.11257051282051282,0.07408974358974359,0.8133525641025642,156,equity
2016-11-03,-0.31211666666666665,0.0775,0.3895666666666666,0.5329333333333334,6,commodity
2016-11-03,0.09774733727810651,0.11321301775147927,0.07356213017751481,0.8132426035502958,169,equity
2016-11-04,0.6287499999999999,0.65895,0.03025,0.31079999999999997,4,commodity
2016-11-04,0.05953495934959349,0.08626829268292684,0.07758536585365855,0.8361707317073173,123,equity
2016-11-05,0.6713,0.6877,0.0164,0.2959,1,commodity
2016-11-05,0.20903333333333335,0.08886666666666666,0.039400000000000004,0.8717555555555555,45,equity
2016-11-06,0.1244,0.08468085106382979,0.04317021276595744,0.8721914893617022,47,equity
2016-11-07,-0.68826,0.02486,0.71312,0.26204,5,commodity
2016-11-07,0.11118709677419356,0.0958467741935484,0.05299193548387096,0.8511451612903226,124,equity
2016-11-08,-0.2585875,0.190975,0.4495625,0.359475,8,commodity
2016-11-08,0.17113857142857142,0.1267357142857143,0.0860357142857143,0.7872071428571429,140,equity
2016-11-09,0.07746153846153844,0.3578,0.28033846153846154,0.3618461538461538,13,commodity
2016-11-09,0.10381925465838511,0.11794409937888202,0.06926708074534162,0.8127950310559007,322,equity
2016-11-10,-0.24392222222222223,0.17022222222222222,0.4141444444444444,0.41558888888888884,9,commodity
2016-11-10,0.06633241758241759,0.10466483516483516,0.08910439560439559,0.8062472527472528,182,equity
2016-11-11,-0.69435,0.01915,0.7134999999999999,0.26736666666666664,6,commodity
2016-11-11,0.07989275362318841,0.10164492753623187,0.07083333333333333,0.8275434782608695,138,equity
2016-11-12,0.018525806451612885,0.0969516129032258,0.06369354838709677,0.8393387096774193,62,equity
2016-11-13,0.029563829787234038,0.055170212765957446,0.04793617021276596,0.8969148936170211,47,equity
2016-11-14,-0.27603333333333335,0.1779833333333333,0.4540666666666666,0.36795000000000005,6,commodity
2016-11-14,-0.010129931972789104,0.07185034013605443,0.0857482993197279,0.8423877551020408,147,equity
2016-11-15,0.3729125,0.4684375,0.0955375,0.4360375,8,commodity
2016-11-15,0.05360693877551021,0.10053061224489794,0.08933469387755102,0.810138775510204,245,equity
2016-11-16,-0.14027142857142857,0.21794285714285716,0.35824285714285714,0.42384285714285713,7,commodity
2016-11-16,0.0725264,0.106228,0.076068,0.8177079999999999,250,equity
2016-11-17,-0.6029833333333333,0.021383333333333334,0.6243666666666666,0.35423333333333334,6,commodity
2016-11-17,0.0994543973941368,0.10915960912052118,0.06890553745928339,0.8219381107491858,307,equity
2016-11-18,-0.70858,0.01948,0.7280800000000001,0.25244,5,commodity
2016-11-18,0.09115771144278609,0.1052537313432836,0.07027860696517413,0.824487562189055,201,equity
2016-11-19,0.062222500000000014,0.07678750000000001,0.048675,0.8745499999999999,80,equity
2016-11-20,0.0035357142857142822,0.048428571428571425,0.06633333333333333,0.8852142857142857,42,equity
2016-11-21,0.4411,0.5449,0.1038,0.35126666666666667,3,commodity
2016-11-21,0.05108785046728972,0.07631775700934582,0.05488317757009344,0.868822429906542,214,equity
2016-11-22,-0.15544999999999998,0.253625,0.40907499999999997,0.3373,4,commodity
2016-11-22,0.1010486631016043,0.09896791443850268,0.06806417112299464,0.8329732620320857,187,equity
2016-11-23,-0.16179000000000002,0.20513000000000003,0.36692,0.42794,10,commodity
2016-11-23,0.021545323741007212,0.07597122302158274,0.07851079136690647,0.8455395683453237,139,equity
2016-11-24,-0.643,0.0163,0.6593,0.3244,1,commodity
2016-11-24,0.11071999999999999,0.08912727272727274,0.06169090909090909,0.8492181818181819,55,equity
2016-11-25,-0.51,0.025466666666666665,0.5354666666666666,0.4391,3,commodity
2016-11-25,0.06349076923076923,0.07729230769230769,0.07644615384615383,0.8462923076923077,65,equity
2016-11-26,0.07583265306122448,0.08885714285714286,0.07291836734693878,0.8381836734693878,49,equity
2016-11-27,0.1602,0.182,0.0218,0.7962,1,commodity
2016-11-27,-0.0035529411764705756,0.07220588235294118,0.081,0.8467941176470587,34,equity
2016-11-28,0.07757999999999998,0.34513999999999995,0.26755999999999996,0.3873,5,commodity
2016-11-28,0.054072268907563024,0.07070588235294119,0.08212605042016806,0.8471848739495796,119,equity
2016-11-29,-0.5437666666666666,0.04376666666666667,0.5875333333333334,0.3687,3,commodity
2016-11-29,0.1180769230769231,0.11516483516483517,0.05945054945054944,0.8253736263736263,91,equity
2016-11-30,-0.52534,0.07138,0.59672,0.3319,5,commodity
2016-11-30,-0.01371842105263158,0.07082894736842105,0.07372368421052632,0.8554342105263159,76,equity
2016-12-01,-0.47068333333333334,0.04291666666666666,0.5136166666666666,0.44343333333333335,6,commodity
2016-12-01,0.05681812080536914,0.08534899328859062,0.07729530201342281,0.8373489932885905,149,equity
2016-12-02,-0.024650000000000002,0.26319,0.28784,0.44897,10,commodity
2016-12-02,0.08259907407407409,0.11234259259259259,0.05620370370370371,0.8314351851851851,108,equity
2016-12-03,0.1258438596491228,0.09649122807017543,0.06778947368421052,0.8356842105263157,57,equity
2016-12-04,0.10618387096774196,0.0919516129032258,0.0592741935483871,0.8488064516129031,62,equity
2016-12-05,-0.4574428571428572,0.04718571428571429,0.5046285714285714,0.44817142857142855,7,commodity
2016-12-05,0.0735248,0.12064800000000002,0.08906399999999999,0.7902960000000001,125,equity
2016-12-06,-0.3923,0.18292499999999998,0.575225,0.24177500000000002,4,commodity
2016-12-06,0.08258301886792453,0.09213207547169813,0.07961635220125786,0.8282641509433963,159,equity
2016-12-07,0.40199999999999997,0.46646666666666664,0.06443333333333333,0.4691,6,commodity
2016-12-07,0.07986000000000003,0.10768000000000001,0.07067999999999999,0.82164,25,equity
2016-12-08,-0.40555555555555556,0.053644444444444446,0.459211111111111,0.4871333333333334,9,commodity
2016-12-09,-0.4869692307692308,0.0659923076923077,0.5529692307692307,0.38102307692307696,13,commodity
2016-12-11,0.2095,0.3117,0.1021,0.5862,1,commodity
2016-12-12,0.20098571428571427,0.4203857142857143,0.21942857142857145,0.3601857142857143,7,commodity
2016-12-13,-0.6106333333333334,0.023566666666666666,0.6342333333333333,0.34220000000000006,3,commodity
2016-12-14,-0.1280142857142857,0.17644285714285715,0.3044142857142857,0.5191285714285714,7,commodity
2016-12-15,-0.6041166666666666,0.04175000000000001,0.6458666666666666,0.3123833333333334,6,commodity
2016-12-16,-0.01888000000000002,0.30857999999999997,0.32746,0.36398,5,commodity
2016-12-16,0.034369902912621375,0.11753398058252429,0.08820388349514562,0.7942718446601942,103,equity
2016-12-17,-0.1348,0.1246,0.2593,0.6161,1,commodity
2016-12-17,0.07630833333333334,0.09106666666666667,0.05628333333333334,0.8526666666666666,60,equity
2016-12-18,-0.13145,0.0829,0.21435,0.7028,2,commodity
2016-12-18,0.06188965517241379,0.09210344827586207,0.06024137931034483,0.8477241379310346,29,equity
2016-12-19,-0.015483333333333321,0.30778333333333335,0.32325,0.36896666666666667,6,commodity
2016-12-19,0.038149122807017564,0.10057894736842106,0.09308771929824561,0.8062982456140352,114,equity
2016-12-20,-0.46198333333333336,0.037483333333333334,0.49945,0.46304999999999996,6,commodity
2016-12-20,0.14941428571428572,0.11489523809523809,0.052095238095238104,0.8330095238095239,105,equity
2016-12-21,0.04530000000000001,0.31245000000000006,0.26718333333333333,0.4203666666666666,6,commodity
2016-12-21,0.08893741007194246,0.1,0.07357553956834532,0.8264388489208632,139,equity
2016-12-22,-0.3970833333333333,0.10431666666666667,0.5014,0.39430000000000004,6,commodity
2016-12-22,0.06872727272727273,0.11195104895104896,0.08465734265734266,0.8033776223776222,143,equity
2016-12-23,0.18223333333333333,0.38843333333333335,0.20614999999999997,0.4054166666666667,6,commodity
2016-12-23,0.1385,0.10360000000000001,0.051009090909090914,0.8453999999999998,110,equity
2016-12-24,0.1662914285714286,0.151,0.059657142857142846,0.7893428571428572,35,equity
2016-12-25,0.1278490909090909,0.09029090909090907,0.08,0.8296545454545454,55,equity
2016-12-26,0.07513255813953491,0.09544186046511628,0.08990697674418605,0.8146744186046512,43,equity
2016-12-27,0.22607999999999998,0.39706,0.17098,0.43196,5,commodity
2016-12-27,0.1207375,0.09819791666666666,0.06992708333333333,0.8318541666666666,96,equity
2016-12-28,0.40295,0.530775,0.127825,0.34145000000000003,4,commodity
2016-12-28,-0.007423611111111107,0.09352777777777779,0.093625,0.8128333333333333,72,equity
2016-12-29,0.32362,0.49535999999999997,0.17174,0.3329,5,commodity
2016-12-29,-0.0457859375,0.0645703125,0.095046875,0.8403671875,128,equity
2016-12-30,-0.5317,0.0806,0.6123,0.3071333333333333,3,commodity
2016-12-30,0.08111499999999999,0.10578000000000001,0.07425,0.81994,100,equity
2016-12-31,0.17385681818181817,0.12393181818181818,0.06143181818181819,0.8146136363636365,44,equity
2017-01-01,0.1216583333333333,0.10703333333333334,0.05076666666666666,0.8422,60,equity
2017-01-02,0.0642,0.0827,0.0186,0.8987,1,commodity
2017-01-02,0.1336848101265823,0.11402531645569622,0.056202531645569626,0.829759493670886,79,equity
2017-01-03,0.11006250000000001,0.3324375,0.222375,0.4452125,8,commodity
2017-01-03,0.016968749999999998,0.10073437500000001,0.091953125,0.8073046875000001,128,equity
2017-01-04,0.3058777777777778,0.40776666666666667,0.1019,0.49034444444444447,9,commodity
2017-01-04,0.09100068965517243,0.08417241379310343,0.0568,0.8590206896551725,145,equity
2017-01-05,0.13465000000000002,0.3581833333333333,0.22348333333333334,0.41835,6,commodity
2017-01-05,0.07239090909090909,0.10513333333333331,0.07096969696969696,0.823909090909091,165,equity
2017-01-06,-0.29265714285714284,0.17045714285714283,0.46311428571428576,0.3664142857142857,7,commodity
2017-01-06,0.09738051948051948,0.09375974025974028,0.061590909090909085,0.84462987012987,154,equity
2017-01-07,0.10672241379310343,0.11263793103448277,0.08320689655172414,0.8041379310344827,58,equity
2017-01-08,0.11449402985074626,0.1332686567164179,0.07222388059701493,0.7944626865671639,67,equity
2017-01-09,0.07205,0.3417666666666667,0.2697,0.3885166666666667,6,commodity
2017-01-09,0.11179851851851855,0.0995851851851852,0.06731111111111111,0.8330888888888889,135,equity
2017-01-10,0.11729999999999997,0.36779999999999996,0.2504857142857143,0.38175714285714285,7,commodity
2017-01-10,0.07375142857142858,0.0947642857142857,0.06891428571428572,0.83635,140,equity
2017-01-11,0.2942111111111111,0.44474444444444444,0.15049999999999997,0.40475555555555554,9,commodity
2017-01-11,0.028117714285714288,0.09020000000000002,0.07893142857142857,0.8308571428571428,175,equity
2017-01-12,0.22778571428571429,0.35259999999999997,0.12482857142857143,0.5226285714285714,7,commodity
2017-01-12,0.06718975903614459,0.09501204819277108,0.0513433734939759,0.8536686746987951,166,equity
2017-01-13,-0.03342,0.25505999999999995,0.2885,0.45644,10,commodity
2017-01-13,0.07120629921259844,0.10167716535433072,0.05288188976377952,0.8454251968503937,127,equity
2017-01-14,-0.6493,0.0281,0.6774,0.2945,1,commodity
2017-01-14,0.26775,0.18435714285714289,0.04028571428571429,0.7753214285714284,28,equity
2017-01-15,0.008937254901960788,0.06576470588235295,0.07384313725490196,0.8603725490196078,51,equity
2017-01-16,0.5189,0.5941,0.0752,0.3308,1,commodity
2017-01-16,0.08722539682539683,0.09301587301587301,0.04100000000000001,0.8660000000000001,63,equity
2017-01-17,0.46228181818181824,0.5357090909090908,0.07343636363636363,0.3908545454545455,11,commodity
2017-01-17,0.0642282258064516,0.0983790322580645,0.07186290322580645,0.8297096774193548,124,equity
2017-01-18,-0.078,0.269075,0.34706249999999994,0.3838625,8,commodity
2017-01-18,0.07256028368794326,0.08886524822695036,0.07525531914893617,0.8358794326241136,141,equity
2017-01-19,-0.5116333333333334,0.06191111111111111,0.5735555555555556,0.3645333333333334,9,commodity
2017-01-19,0.03221666666666668,0.099275,0.056375,0.8443833333333334,120,equity
2017-01-20,0.4155166666666667,0.46308333333333335,0.04758333333333333,0.48934999999999995,6,commodity
2017-01-20,0.1110647619047619,0.1135047619047619,0.05819999999999999,0.8283047619047619,105,equity
2017-01-21,-0.04957631578947369,0.07542105263157894,0.08944736842105264,0.835157894736842,38,equity
2017-01-22,0.1442653846153846,0.1522692307692308,0.07161538461538462,0.7761153846153847,26,equity
2017-01-23,0.22253999999999996,0.36878,0.14623999999999998,0.48498,5,commodity
2017-01-23,0.11285760869565217,0.10118478260869566,0.05581521739130434,0.8430108695652174,92,equity
2017-01-24,-0.26866,0.13266,0.40132,0.46602,5,commodity
2017-01-24,0.06907203389830509,0.07661016949152544,0.0423135593220339,0.8810847457627118,118,equity
2017-01-25,-0.45563333333333333,0.056600000000000004,0.5122333333333333,0.43113333333333337,6,commodity
2017-01-25,0.0728316129032258,0.09752903225806452,0.05154193548387097,0.850909677419355,155,equity
2017-01-26,-0.5499,0.047099999999999996,0.59702,0.35584000000000005,5,commodity
2017-01-26,0.097876,0.102096,0.059664,0.8382000000000001,125,equity
2017-01-27,-0.5357428571428572,0.05455714285714286,0.5902857142857142,0.3551571428571429,7,commodity
2017-01-27,0.09965431034482759,0.09274137931034485,0.07314655172413792,0.8341293103448277,116,equity
2017-01-28,0.03768414634146342,0.10268292682926829,0.07159756097560975,0.8257195121951219,82,equity
2017-01-29,0.16093333333333334,0.2094666666666667,0.048533333333333324,0.7421000000000001,3,commodity
2017-01-29,0.11776538461538462,0.11974358974358974,0.06883333333333333,0.8114102564102563,78,equity
2017-01-30,0.46013333333333334,0.5381666666666666,0.07801666666666666,0.3838166666666667,6,commodity
2017-01-30,0.11521052631578947,0.10873157894736843,0.05643684210526315,0.8348421052631579,190,equity
2017-01-31,0.5241888888888889,0.5718888888888889,0.04772222222222222,0.38040000000000007,9,commodity
2017-01-31,0.027698360655737712,0.09134098360655739,0.09369508196721311,0.8149803278688525,305,equity
2017-02-01,-0.17823750000000002,0.1995375,0.3778,0.422675,8,commodity
2017-02-01,0.03462868852459017,0.09254918032786885,0.07363524590163933,0.8338114754098362,244,equity
2017-02-02,0.4277333333333333,0.5079666666666667,0.08025,0.41175,6,commodity
2017-02-02,0.054905294117647066,0.0839705882352941,0.06723529411764707,0.8488235294117646,170,equity
2017-02-03,0.4231428571428571,0.5489571428571428,0.1258142857142857,0.32521428571428573,7,commodity
2017-02-03,0.03785594405594405,0.07113986013986012,0.04788111888111888,0.880993006993007,143,equity
2017-02-04,0.7895,0.8109,0.0214,0.1678,1,commodity
2017-02-04,0.03501929824561404,0.09943859649122809,0.06719298245614035,0.8333508771929825,57,equity
2017-02-05,-0.0177,0.0285,0.0462,0.9252,1,commodity
2017-02-05,0.1055714285714286,0.07871428571428572,0.06430612244897958,0.8569387755102041,49,equity
2017-02-06,0.5212666666666667,0.6037,0.08246666666666667,0.3138,6,commodity
2017-02-06,0.06679496402877698,0.10314388489208633,0.07707194244604315,0.8197913669064747,139,equity
2017-02-07,0.39430000000000004,0.45608000000000004,0.0618,0.4821,5,commodity
2017-02-07,0.102905,0.09099375000000001,0.048675,0.86034375,160,equity
2017-02-08,0.45225000000000004,0.561225,0.108975,0.329825,4,commodity
2017-02-08,0.1323187050359712,0.08612230215827338,0.06966187050359712,0.8442374100719424,139,equity
2017-02-09,-0.22081999999999996,0.13892,0.35972,0.50132,5,commodity
2017-02-09,0.07474065420560748,0.11492990654205607,0.05994392523364486,0.8251261682242992,214,equity
2017-02-10,-0.14156,0.23458,0.37611999999999995,0.3893,10,commodity
2017-02-10,0.10614363636363637,0.10307878787878785,0.05762424242424242,0.8393151515151513,165,equity
2017-02-11,0.07893913043478261,0.08071014492753623,0.05444927536231883,0.8648550724637681,69,equity
2017-02-12,0.1488625,0.10327083333333335,0.03975,0.8569583333333334,48,equity
2017-02-13,-0.59638,0.037419999999999995,0.63378,0.32880000000000004,5,commodity
2017-02-13,0.10561180555555554,0.11453472222222223,0.06663888888888889,0.8188402777777779,144,equity
2017-02-14,-0.14669,0.24089,0.38754,0.37156,10,commodity
2017-02-14,0.09331764705882353,0.0921336898395722,0.07586096256684492,0.8320053475935828,187,equity
2017-02-15,-0.08061666666666667,0.26221666666666665,0.3428,0.395,6,commodity
2017-02-15,0.13436466666666666,0.11034666666666666,0.06261333333333333,0.8270733333333333,150,equity
2017-02-16,0.41141818181818174,0.5212090909090908,0.10980909090909091,0.369,11,commodity
2017-02-16,0.10169679487179487,0.126275641025641,0.07441025641025642,0.7993205128205125,156,equity
2017-02-17,-0.20576,0.20492,0.41068,0.38438000000000005,5,commodity
2017-02-17,0.0912013698630137,0.10638356164383561,0.07015753424657534,0.8234178082191781,146,equity
2017-02-18,0.13803584905660377,0.08462264150943397,0.048132075471698114,0.8672075471698114,53,equity
2017-02-19,0.10502068965517243,0.09201724137931035,0.07175862068965519,0.8362068965517241,58,equity
2017-02-20,0.16279038461538461,0.11425000000000002,0.059865384615384626,0.825903846153846,52,equity
2017-02-21,-0.3365714285714286,0.1329857142857143,0.4695428571428572,0.3974428571428571,7,commodity
2017-02-21,0.07675245901639344,0.09857377049180327,0.07123497267759563,0.8301748633879781,183,equity
2017-02-22,0.12080000000000002,0.3556333333333333,0.23483333333333334,0.40955,6,commodity
2017-02-22,0.09138743169398908,0.09001092896174864,0.0619945355191257,0.8480000000000001,183,equity
2017-02-23,0.22778333333333337,0.4371333333333333,0.20938333333333334,0.35348333333333337,6,commodity
2017-02-23,0.10972857142857143,0.08917316017316017,0.06313419913419913,0.8476883116883117,231,equity
2017-02-24,0.48957999999999996,0.59554,0.10600000000000001,0.2984,5,commodity
2017-02-24,0.10087085714285712,0.09400571428571429,0.06404,0.8419828571428571,175,equity
2017-02-25,-0.039828,0.06232,0.06949999999999999,0.86824,50,equity
2017-02-26,0.1318,0.20809999999999998,0.07625,0.7157,2,commodity
2017-02-26,0.07479400000000001,0.12128,0.08838000000000001,0.7903,50,equity
2017-02-27,0.39271428571428574,0.4364142857142857,0.0437,0.5199142857142858,7,commodity
2017-02-27,0.06530107526881722,0.1001505376344086,0.07945698924731182,0.8203602150537637,186,equity
2017-02-28,-0.28663,0.12954000000000002,0.41617999999999994,0.45431,10,commodity
2017-02-28,0.07498482142857144,0.08998214285714286,0.07200892857142858,0.8379866071428571,224,equity
2017-03-01,-0.35408999999999996,0.11424000000000001,0.46832,0.41744000000000003,10,commodity
2017-03-01,0.08628560311284045,0.10647470817120622,0.06450194552529182,0.8290311284046694,257,equity
2017-03-02,-0.40299999999999997,0.10123333333333334,0.5042111111111112,0.3945444444444444,9,commodity
2017-03-02,0.05752755905511811,0.07492913385826773,0.07849212598425197,0.8465984251968504,254,equity
2017-03-03,-0.3065333333333333,0.13878888888888888,0.44532222222222223,0.4159,9,commodity
2017-03-03,0.048696373056994834,0.09930569948186528,0.08758031088082903,0.8131036269430052,193,equity
2017-03-04,0.06150735294117647,0.05942647058823529,0.07198529411764705,0.8686176470588236,68,equity
2017-03-05,0.044187671232876716,0.08295890410958903,0.07883561643835617,0.8381643835616439,73,equity
2017-03-06,-0.13125,0.20598333333333332,0.33723333333333333,0.4567833333333334,6,commodity
2017-03-06,0.06551714285714286,0.07977857142857142,0.08146428571428571,0.8387571428571429,140,equity
2017-03-07,-0.46530000000000005,0.10388571428571429,0.5691857142857143,0.32694285714285715,7,commodity
2017-03-07,0.1146048128342246,0.08179144385026736,0.05219786096256684,0.8660160427807486,187,equity
2017-03-08,-0.5713999999999999,0.05504285714285715,0.6264857142857144,0.3184571428571429,7,commodity
2017-03-08,0.08954240506329114,0.09765822784810127,0.04888607594936709,0.8534556962025317,158,equity
2017-03-09,-0.3249222222222222,0.14432222222222224,0.46927777777777774,0.38639999999999997,9,commodity
2017-03-09,0.07684539877300614,0.09175460122699387,0.04797546012269939,0.8602822085889569,163,equity
2017-03-10,-0.4944888888888889,0.053200000000000004,0.5477222222222223,0.39905555555555555,9,commodity
2017-03-10,0.04836309523809524,0.07944642857142858,0.06807142857142857,0.8524940476190476,168,equity
2017-03-11,0.7781,0.795,0.0168,0.1882,1,commodity
2017-03-11,0.10442,0.09399999999999999,0.07812307692307693,0.8278461538461539,65,equity
2017-03-12,-0.464,0.1123,0.5763,0.3114,1,commodity
2017-03-12,0.12625967741935482,0.09617741935483871,0.05224193548387097,0.8515967741935484,62,equity
2017-03-13,0.11622500000000001,0.339025,0.222775,0.43820000000000003,4,commodity
2017-03-13,0.109834,0.08709999999999998,0.059539999999999996,0.8533733333333331,150,equity
2017-03-14,-0.3675,0.06822857142857143,0.4357142857142858,0.49605714285714286,7,commodity
2017-03-14,0.05279013157894737,0.07932894736842107,0.06494736842105263,0.8556842105263157,152,equity
2017-03-15,-0.09566,0.23512,0.33081,0.43407,10,commodity
2017-03-15,0.08943831775700935,0.09890654205607476,0.06527102803738317,0.8358084112149533,214,equity
2017-03-16,0.40732222222222225,0.5021444444444445,0.09481111111111112,0.40303333333333335,9,commodity
2017-03-16,0.13134886363636367,0.09643181818181819,0.057312499999999995,0.8462386363636363,176,equity
2017-03-17,0.55458,0.6221,0.06754,0.31036,5,commodity
2017-03-17,0.08127448275862069,0.10133103448275861,0.06626896551724137,0.8323793103448276,145,equity
2017-03-18,0.1005056603773585,0.10877358490566037,0.07626415094339623,0.8149056603773585,53,equity
2017-03-19,0.19952926829268292,0.10258536585365854,0.041146341463414636,0.8563414634146341,41,equity
2017-03-20,0.21046666666666666,0.3532166666666667,0.14273333333333335,0.5040666666666667,6,commodity
2017-03-20,0.08186758620689656,0.09203448275862071,0.08006896551724138,0.8278965517241379,145,equity
2017-03-21,0.16260000000000002,0.33908000000000005,0.17650000000000002,0.48444000000000004,5,commodity
2017-03-21,0.007060740740740741,0.07206666666666667,0.09884444444444444,0.8290814814814814,135,equity
2017-03-22,0.5124,0.6053000000000001,0.0929,0.3018,3,commodity
2017-03-22,0.02163760683760685,0.07494017094017094,0.06134188034188035,0.8636923076923078,117,equity
2017-03-23,-0.40909999999999996,0.0786,0.4877285714285714,0.4336714285714286,7,commodity
2017-03-23,0.03414507042253521,0.07726056338028169,0.069443661971831,0.8532957746478873,142,equity
2017-03-24,0.16643749999999996,0.40036249999999995,0.2339125,0.3657125,8,commodity
2017-03-24,0.08752875816993466,0.09861437908496733,0.07483660130718954,0.826562091503268,153,equity
2017-03-25,-0.712,0.0185,0.7305,0.2511,1,commodity
2017-03-25,0.18910263157894736,0.15060526315789471,0.04457894736842106,0.804842105263158,38,equity
2017-03-26,0.10322857142857142,0.08188095238095239,0.05426190476190476,0.8638095238095238,42,equity
2017-03-27,0.2440166666666667,0.43873333333333336,0.1947,0.3665833333333334,6,commodity
2017-03-27,0.10621148648648648,0.09188513513513513,0.04486486486486487,0.8632364864864865,148,equity
2017-03-28,-0.4353571428571429,0.07765714285714284,0.513042857142857,0.4093142857142857,7,commodity
2017-03-28,0.1515237410071943,0.09835971223021582,0.05223741007194245,0.849388489208633,139,equity
2017-03-29,-0.19604,0.09794,0.29396000000000005,0.60812,5,commodity
2017-03-29,0.01374421768707483,0.08514965986394558,0.09587074829931973,0.819,147,equity
2017-03-30,-0.5926600000000001,0.03278,0.62544,0.34178,5,commodity
2017-03-30,0.15313071428571426,0.1106642857142857,0.06762857142857143,0.8217428571428571,140,equity
2017-03-31,-0.08981249999999999,0.23176249999999998,0.32161249999999997,0.44662499999999994,8,commodity
2017-03-31,0.06830222222222222,0.09825185185185183,0.05692592592592593,0.8448296296296296,135,equity
2017-04-01,0.12814375,0.10171875,0.05996875000000001,0.8383437499999999,64,equity
2017-04-02,0.1386590909090909,0.08487878787878789,0.05389393939393938,0.8612424242424244,66,equity
2017-04-03,0.4197333333333333,0.519,0.09930000000000001,0.38171666666666665,6,commodity
2017-04-03,0.09076976744186045,0.07846511627906977,0.05421705426356589,0.8672945736434109,129,equity
2017-04-04,0.35760000000000003,0.3988999999999999,0.041325,0.55975,4,commodity
2017-04-04,0.08282635135135137,0.09628378378378379,0.10179729729729729,0.8019189189189188,148,equity
2017-04-05,-0.33709999999999996,0.1424857142857143,0.4795857142857143,0.37794285714285714,7,commodity
2017-04-05,0.09085161290322583,0.09969354838709676,0.0590268817204301,0.841263440860215,186,equity
2017-04-06,0.26166000000000006,0.4016,0.13994,0.45841999999999994,5,commodity
2017-04-06,0.025812209302325584,0.07981395348837209,0.08385465116279071,0.8363081395348837,172,equity
2017-04-07,0.30998000000000003,0.44655000000000006,0.13656,0.41689,10,commodity
2017-04-07,-0.04523860759493671,0.06671518987341774,0.09693037974683544,0.8363607594936707,158,equity
2017-04-08,0.12426923076923077,0.08110256410256411,0.05069230769230769,0.8682051282051282,39,equity
2017-04-09,0.17373703703703705,0.09520370370370371,0.041944444444444444,0.8628703703703704,54,equity
2017-04-10,-0.5352857142857143,0.04895714285714286,0.5842428571428571,0.36681428571428576,7,commodity
2017-04-10,0.05379022556390977,0.0853233082706767,0.06052631578947368,0.8541654135338345,133,equity
2017-04-11,0.35457777777777777,0.46368888888888893,0.1090888888888889,0.4272,9,commodity
2017-04-11,0.002802525252525252,0.08938888888888889,0.09138383838383839,0.8192424242424243,198,equity
2017-04-12,0.2708222222222222,0.40225555555555553,0.13142222222222222,0.4663333333333333,9,commodity
2017-04-12,0.08905227272727272,0.08677272727272728,0.05393939393939395,0.8593106060606059,132,equity
2017-04-13,0.40468000000000004,0.50962,0.10491999999999999,0.38544,5,commodity
2017-04-13,0.014372049689440999,0.08993788819875777,0.06931677018633539,0.8407391304347827,161,equity
2017-04-14,0.15905068493150684,0.10583561643835615,0.0579041095890411,0.8362191780821917,73,equity
2017-04-15,0.014671794871794878,0.13453846153846152,0.10882051282051283,0.7566153846153847,39,equity
2017-04-16,0.1658527777777778,0.14941666666666664,0.061638888888888896,0.7888888888888889,36,equity
2017-04-17,0.3756625,0.4836875,0.10803750000000001,0.40831249999999997,8,commodity
2017-04-17,0.09856576576576577,0.10031531531531533,0.07008108108108108,0.8295945945945944,111,equity
2017-04-18,-0.10905000000000001,0.2343,0.34337,0.42234,10,commodity
2017-04-18,0.17641044776119405,0.1441865671641791,0.04471641791044776,0.8110597014925373,134,equity
2017-04-19,-0.3885285714285714,0.1228142857142857,0.511357142857143,0.3658,7,commodity
2017-04-19,0.06250066225165565,0.08864238410596026,0.08027152317880794,0.8310529801324503,151,equity
2017-04-20,0.5084666666666667,0.5451,0.03663333333333333,0.4182666666666666,3,commodity
2017-04-20,0.08094805194805195,0.08728571428571429,0.06029220779220779,0.8524285714285716,154,equity
2017-04-21,0.027671428571428576,0.3183142857142857,0.29062857142857146,0.3910857142857142,7,commodity
2017-04-21,0.05089548387096775,0.10065161290322583,0.06419354838709677,0.8351612903225808,155,equity
2017-04-22,-0.02109767441860465,0.06190697674418604,0.06141860465116279,0.8766511627906977,43,equity
2017-04-23,0.13530652173913044,0.10013043478260869,0.04797826086956521,0.8519347826086957,46,equity
2017-04-24,-0.4853428571428572,0.06375714285714286,0.5491285714285715,0.3871142857142857,7,commodity
2017-04-24,0.08235801526717557,0.1035648854961832,0.06054198473282442,0.8358931297709924,131,equity
2017-04-25,-0.4790142857142857,0.10998571428571427,0.5889999999999999,0.301,7,commodity
2017-04-25,0.04308704663212435,0.0809740932642487,0.06805181347150259,0.8509740932642487,193,equity
2017-04-26,-0.052125000000000005,0.291275,0.34340000000000004,0.3653,4,commodity
2017-04-26,0.04742350000000001,0.08269499999999999,0.07231,0.8450200000000001,200,equity
2017-04-27,0.23543333333333333,0.3555,0.12005555555555555,0.5244555555555555,9,commodity
2017-04-27,0.11166875000000002,0.08810416666666666,0.041588541666666666,0.8703229166666665,192,equity
2017-04-28,0.20858000000000004,0.33751000000000003,0.12894,0.5334999999999999,10,commodity
2017-04-28,0.0601767441860465,0.09053488372093023,0.056263565891472876,0.8531627906976743,129,equity
2017-04-29,0.8868,0.8974,0.0105,0.0921,1,commodity
2017-04-29,0.04043725490196078,0.10609803921568628,0.07029411764705881,0.823627450980392,51,equity
2017-04-30,0.028907843137254904,0.0788627450980392,0.08052941176470586,0.8406078431372548,51,equity
2017-05-01,-0.5554857142857142,0.038085714285714285,0.5935714285714286,0.3683428571428572,7,commodity
2017-05-01,-0.030983653846153852,0.06626923076923077,0.11677403846153846,0.8169663461538461,208,equity
2017-05-02,0.248975,0.424925,0.17595,0.399125,4,commodity
2017-05-02,0.016294957983193283,0.09165126050420169,0.10642436974789916,0.8019201680672269,238,equity
2017-05-03,-0.10943999999999998,0.22056,0.32999999999999996,0.44943999999999995,10,commodity
2017-05-03,0.029093750000000005,0.09064903846153846,0.08198557692307692,0.8274086538461538,208,equity
2017-05-04,-0.16296363636363634,0.24930000000000002,0.41223636363636357,0.33847272727272726,11,commodity
2017-05-04,0.09255529411764708,0.10655294117647057,0.06571176470588234,0.8277352941176471,170,equity
2017-05-05,-0.39932222222222225,0.16412222222222222,0.5634555555555556,0.27242222222222223,9,commodity
2017-05-05,0.026494488188976373,0.09917322834645668,0.07540157480314962,0.8254330708661417,127,equity
2017-05-06,0.0751804347826087,0.0745,0.05715217391304349,0.8683260869565217,46,equity
2017-05-07,0.11995901639344263,0.0988032786885246,0.04339344262295082,0.8578196721311477,61,equity
2017-05-08,0.1316375,0.3733375,0.2416875,0.385,8,commodity
2017-05-08,0.10976736842105264,0.08882105263157894,0.04556842105263158,0.8656210526315791,95,equity
2017-05-09,-0.35935000000000006,0.10493333333333332,0.46426666666666666,0.4308166666666666,6,commodity
2017-05-09,0.0723859649122807,0.10005263157894735,0.06449707602339182,0.835450292397661,171,equity
2017-05-10,0.26206666666666667,0.4890333333333334,0.22699999999999998,0.28395,6,commodity
2017-05-10,0.06979018691588784,0.09861682242990653,0.0766121495327103,0.8247757009345793,214,equity
2017-05-11,0.34941999999999995,0.49118000000000006,0.14172,0.3671,5,commodity
2017-05-11,0.12072515723270442,0.10476100628930818,0.05461006289308176,0.8406100628930818,159,equity
2017-05-12,0.35609999999999997,0.4247,0.06861249999999999,0.5066875000000001,8,commodity
2017-05-12,0.05094013605442177,0.06521768707482994,0.048843537414965985,0.8859183673469389,147,equity
2017-05-13,0.06546666666666666,0.0918125,0.07558333333333334,0.8326041666666667,48,equity
2017-05-14,0.086636,0.08688000000000001,0.045880000000000004,0.86728,50,equity
2017-05-15,0.442975,0.5377375,0.094775,0.36748749999999997,8,commodity
2017-05-15,0.09513030303030307,0.09725252525252523,0.07135353535353535,0.8314040404040404,99,equity
2017-05-16,0.34064444444444447,0.47088888888888886,0.13024444444444447,0.39884444444444445,9,commodity
2017-05-16,0.06901666666666667,0.09376000000000001,0.06755333333333334,0.8386533333333331,150,equity
2017-05-17,0.35790999999999995,0.44184999999999997,0.08393999999999999,0.47422000000000003,10,commodity
2017-05-17,0.014467410714285709,0.08664285714285715,0.08247767857142854,0.8308883928571428,224,equity
2017-05-18,0.19563333333333333,0.40895,0.21333333333333335,0.3777166666666667,6,commodity
2017-05-18,0.0017245989304812822,0.0740855614973262,0.0808663101604278,0.8450267379679144,187,equity
2017-05-19,0.353475,0.45995,0.10650000000000001,0.43357500000000004,4,commodity
2017-05-19,0.07990559999999998,0.104136,0.06902400000000002,0.826816,125,equity
2017-05-20,0.04396981132075472,0.0649056603773585,0.053207547169811326,0.8818867924528301,53,equity
2017-05-21,0.12766818181818182,0.08495454545454545,0.03900000000000001,0.8760454545454546,44,equity
2017-05-22,-0.04362857142857142,0.2192428571428571,0.2629,0.5178285714285714,7,commodity
2017-05-22,0.08680625,0.10491071428571429,0.08368750000000001,0.811375,112,equity
2017-05-23,-0.2099,0.19636666666666666,0.40628333333333333,0.3973499999999999,6,commodity
2017-05-23,0.035804123711340195,0.06529896907216494,0.0456701030927835,0.8890103092783505,97,equity
2017-05-24,-0.15987500000000002,0.21876249999999997,0.3786,0.40263750000000004,8,commodity
2017-05-24,0.06811476510067115,0.10473154362416108,0.05799328859060403,0.837281879194631,149,equity
2017-05-25,0.142,0.3821666666666666,0.24016666666666664,0.3776333333333333,6,commodity
2017-05-25,0.13273421052631582,0.09569078947368422,0.047190789473684214,0.8571381578947367,152,equity
2017-05-26,0.28766363636363634,0.44711818181818186,0.15946363636363634,0.3934090909090909,11,commodity
2017-05-26,0.04817657657657658,0.10992792792792794,0.07637837837837838,0.8137117117117117,111,equity
2017-05-27,0.13742,0.06633333333333333,0.04873333333333334,0.8848333333333334,30,equity
2017-05-28,0.07466857142857145,0.04765714285714285,0.027314285714285715,0.9250285714285715,35,equity
2017-05-29,-0.0347,0.18059999999999998,0.2153,0.6041,2,commodity
2017-05-29,0.04934864864864865,0.06264864864864865,0.07894594594594595,0.8584324324324324,37,equity
2017-05-30,-0.2801111111111111,0.16714444444444446,0.44725555555555563,0.38559999999999994,9,commodity
2017-05-30,0.07165428571428573,0.09390476190476192,0.05623809523809524,0.8498476190476192,105,equity
2017-05-31,0.030071428571428558,0.26180000000000003,0.2317142857142857,0.5065000000000001,7,commodity
2017-05-31,0.07747142857142857,0.08969285714285716,0.06807857142857145,0.8422357142857142,140,equity
2017-06-01,-0.33893636363636365,0.10177272727272726,0.44070909090909094,0.4575272727272727,11,commodity
2017-06-01,0.047700000000000006,0.0755472972972973,0.061148648648648656,0.8633108108108108,148,equity
2017-06-02,0.2572833333333333,0.45398333333333324,0.19671666666666668,0.34928333333333333,6,commodity
2017-06-02,0.05153388429752068,0.09975206611570248,0.07808264462809918,0.8221404958677687,121,equity
2017-06-03,0.149992,0.10067999999999999,0.062139999999999994,0.83718,50,equity
2017-06-04,-0.05752857142857143,0.08114285714285716,0.09030952380952381,0.8285238095238096,42,equity
2017-06-05,0.36164444444444444,0.46844444444444444,0.10676666666666665,0.42481111111111114,9,commodity
2017-06-05,0.019936094674556214,0.08879881656804733,0.06592899408284024,0.8452662721893491,169,equity
2017-06-06,0.5081333333333333,0.6002333333333334,0.09211666666666667,0.30765000000000003,6,commodity
2017-06-06,0.034683233532934135,0.0935688622754491,0.09017964071856287,0.816263473053892,167,equity
2017-06-07,-0.3701,0.099925,0.47002499999999997,0.43,4,commodity
2017-06-07,0.15115142857142858,0.13611428571428572,0.05584,0.8080400000000001,175,equity
2017-06-08,-0.39737692307692307,0.08174615384615384,0.47912307692307693,0.43913076923076927,13,commodity
2017-06-08,0.11477463414634147,0.09505365853658537,0.05416585365853658,0.8507658536585365,205,equity
2017-06-09,-0.69722,0.0229,0.72012,0.25692,5,commodity
2017-06-09,0.003967473118279568,0.09463978494623655,0.10055913978494624,0.8047983870967743,372,equity
2017-06-10,0.11814352941176472,0.09150588235294119,0.050835294117647055,0.857635294117647,85,equity
2017-06-11,-0.4515,0.0474,0.4989,0.4536,1,commodity
2017-06-11,0.09007222222222222,0.0927962962962963,0.05512962962962963,0.8521296296296297,54,equity
2017-06-12,-0.51295,0.037649999999999996,0.5506,0.4117333333333333,6,commodity
2017-06-12,0.044237078651685406,0.08491573033707864,0.06160674157303372,0.8534438202247192,178,equity
2017-06-13,-0.47526666666666667,0.05971666666666667,0.535,0.40526666666666666,6,commodity
2017-06-13,0.053837297297297304,0.11197837837837839,0.060205405405405414,0.8278162162162163,185,equity
2017-06-14,0.1335,0.36268,0.22918,0.40817999999999993,5,commodity
2017-06-14,0.07250370370370371,0.10783950617283952,0.055,0.8371728395061729,162,equity
2017-06-15,-0.4205727272727273,0.08150909090909092,0.502109090909091,0.4164,11,commodity
2017-06-15,0.04549074074074074,0.08367283950617284,0.07075925925925927,0.8455617283950617,162,equity
2017-06-16,0.12691818181818182,0.3321636363636364,0.20523636363636363,0.4626090909090909,11,commodity
2017-06-16,0.06934101123595506,0.09287078651685393,0.054719101123595515,0.852432584269663,178,equity
2017-06-17,0.06279821428571429,0.075125,0.03825,0.8866428571428572,56,equity
2017-06-18,-0.0056,0.0311,0.0367,0.9322,1,commodity
2017-06-18,0.10816250000000001,0.10225,0.05764583333333334,0.8400416666666666,48,equity
2017-06-19,-0.58738,0.03498,0.6223599999999999,0.34268,5,commodity
2017-06-19,0.05355658914728683,0.10034883720930231,0.06506976744186045,0.8345736434108527,129,equity
2017-06-20,-0.5666333333333333,0.03886666666666667,0.6055166666666666,0.35565,6,commodity
2017-06-20,0.08340546448087431,0.0959071038251366,0.062032786885245904,0.8420819672131148,183,equity
2017-06-21,0.2827,0.474325,0.1917,0.334,4,commodity
2017-06-21,0.06677130044843049,0.08392376681614351,0.05547982062780269,0.8605874439461884,223,equity
2017-06-22,0.3340714285714285,0.4570857142857143,0.12302857142857145,0.41991428571428574,7,commodity
2017-06-22,0.0366685,0.09192000000000002,0.07674999999999998,0.8313200000000001,200,equity
2017-06-23,0.18809999999999996,0.3752166666666667,0.18710000000000002,0.4377166666666667,6,commodity
2017-06-23,0.03785259740259741,0.0872922077922078,0.06875974025974026,0.8439350649350648,154,equity
2017-06-24,0.1562333333333333,0.0812,0.04993333333333332,0.8688666666666668,60,equity
2017-06-25,0.038389999999999994,0.06564,0.09,0.8443400000000001,50,equity
2017-06-26,-0.2837,0.12739999999999999,0.4111,0.46153333333333335,3,commodity
2017-06-26,0.05394481132075472,0.09511320754716981,0.06348584905660377,0.8414150943396229,212,equity
2017-06-27,0.3118285714285714,0.4648857142857143,0.1530857142857143,0.3820142857142857,7,commodity
2017-06-27,0.07718820512820512,0.08985128205128205,0.07006153846153848,0.8401025641025642,195,equity
2017-06-28,0.5084249999999999,0.564425,0.055975,0.379625,4,commodity
2017-06-28,0.03510255102040817,0.07713775510204081,0.054984693877551026,0.8678826530612246,196,equity
2017-06-29,-0.36974999999999997,0.12401666666666666,0.49374999999999997,0.38228333333333336,6,commodity
2017-06-29,0.008705014749262541,0.0785840707964602,0.08575811209439527,0.8356666666666667,339,equity
2017-06-30,-0.36855000000000004,0.10223,0.47079000000000004,0.42698,10,commodity
2017-06-30,0.11350344827586208,0.10078620689655172,0.06610344827586208,0.8331103448275863,145,equity
2017-07-01,-0.7412,0.0136,0.7548,0.2316,1,commodity
2017-07-01,0.14232244897959184,0.11893877551020411,0.04053061224489796,0.8405714285714286,49,equity
2017-07-02,0.11836976744186047,0.1019767441860465,0.07567441860465117,0.8223023255813954,43,equity
2017-07-03,-0.4863999999999999,0.05558333333333334,0.5419666666666667,0.4024666666666666,6,commodity
2017-07-03,0.03713888888888888,0.08477777777777779,0.08411111111111111,0.8311574074074074,108,equity
2017-07-04,0.41774999999999995,0.5176499999999999,0.09985,0.3825,2,commodity
2017-07-04,0.12292962962962964,0.08553703703703704,0.05809259259259259,0.8563333333333334,54,equity
2017-07-05,0.10893333333333333,0.3209666666666667,0.21204444444444442,0.46697777777777777,9,commodity
2017-07-05,0.02087462686567164,0.06705970149253732,0.06123134328358209,0.8717164179104477,134,equity
2017-07-06,0.23874000000000004,0.4015700000000001,0.16282999999999997,0.43558,10,commodity
2017-07-06,0.07207519379844962,0.09836434108527133,0.05855813953488372,0.843077519379845,129,equity
2017-07-07,-0.6041,0.03257142857142857,0.6366714285714286,0.3307571428571428,7,commodity
2017-07-07,0.08323488372093024,0.08403100775193799,0.06714728682170541,0.848829457364341,129,equity
2017-07-08,-0.4855,0.0748,0.5603,0.3649,1,commodity
2017-07-08,0.13865789473684212,0.04678947368421053,0.031947368421052634,0.9212105263157895,38,equity
2017-07-09,0.08932432432432431,0.07470270270270271,0.06121621621621622,0.864162162162162,37,equity
2017-07-10,0.11047142857142855,0.3563,0.24582857142857145,0.3978571428571428,7,commodity
2017-07-10,0.05087542372881356,0.07491525423728813,0.0780593220338983,0.8469830508474575,118,equity
2017-07-11,0.14337500000000003,0.39525,0.25187499999999996,0.3529,4,commodity
2017-07-11,0.043494000000000005,0.10102666666666667,0.06580666666666667,0.83318,150,equity
2017-07-12,0.47185000000000005,0.5392,0.0674,0.39339999999999997,4,commodity
2017-07-12,0.10037604790419163,0.10680239520958083,0.04934131736526945,0.8438742514970059,167,equity
2017-07-13,0.1238,0.35805,0.23422500000000002,0.40775,4,commodity
2017-07-13,0.05938936170212767,0.09624468085106383,0.07126595744680851,0.8324734042553191,188,equity
2017-07-14,0.4714333333333333,0.5850166666666666,0.11355,0.30141666666666667,6,commodity
2017-07-14,0.08748333333333334,0.10010344827586207,0.06524712643678161,0.8346551724137928,174,equity
2017-07-15,0.16875084745762714,0.09942372881355932,0.05088135593220339,0.8496779661016949,59,equity
2017-07-16,-0.7875,0.0144,0.8018,0.1838,1,commodity
2017-07-16,0.10304576271186441,0.11061016949152543,0.07705084745762712,0.8123559322033898,59,equity
2017-07-17,0.48008749999999994,0.5573875,0.07730000000000001,0.36528750000000004,8,commodity
2017-07-17,0.030283552631578937,0.08422368421052631,0.06917763157894737,0.8465986842105263,152,equity
2017-07-18,0.2463888888888889,0.4146888888888889,0.1683111111111111,0.41697777777777784,9,commodity
2017-07-18,0.060794708994708985,0.09537037037037038,0.07194708994708995,0.8326666666666667,189,equity
2017-07-19,0.17164285714285718,0.37659999999999993,0.20495714285714284,0.4184285714285715,7,commodity
2017-07-19,0.05270696202531645,0.08131645569620252,0.05940506329113924,0.8592911392405064,158,equity
2017-07-20,-0.14565555555555557,0.2264222222222222,0.37209999999999993,0.40146666666666664,9,commodity
2017-07-20,0.06441428571428572,0.08359788359788362,0.057005291005291,0.8594074074074074,189,equity
2017-07-21,0.4920999999999999,0.6081428571428571,0.11602857142857144,0.27585714285714286,7,commodity
2017-07-21,0.03092758620689655,0.0777310344827586,0.08033793103448274,0.8419379310344829,145,equity
2017-07-22,0.003662000000000003,0.0667,0.07502,0.8582599999999999,50,equity
2017-07-23,0.2315,0.2579,0.0264,0.7158,1,commodity
2017-07-23,0.1753098360655738,0.09729508196721312,0.045983606557377044,0.8567704918032786,61,equity
2017-07-24,-0.4212666666666667,0.07605,0.4973166666666667,0.42663333333333336,6,commodity
2017-07-24,0.05881646341463415,0.07462195121951219,0.060292682926829266,0.8651036585365852,164,equity
2017-07-25,-0.14499999999999996,0.18512,0.33014,0.48475999999999997,5,commodity
2017-07-25,0.06495191489361701,0.09886382978723403,0.07236170212765959,0.8287744680851064,235,equity
2017-07-26,-0.01159166666666666,0.25684166666666663,0.26844166666666663,0.4747166666666667,12,commodity
2017-07-26,0.0895305418719212,0.0937783251231527,0.06159113300492613,0.8446206896551726,203,equity
2017-07-27,0.4047625,0.5283249999999999,0.1235875,0.34809999999999997,8,commodity
2017-07-27,0.08058936170212767,0.10747163120567374,0.0761595744680851,0.8163581560283688,282,equity
2017-07-28,0.15756,0.3936933333333333,0.23612666666666668,0.3701866666666666,15,commodity
2017-07-28,0.07194067796610171,0.10131073446327683,0.06412429378531073,0.8345593220338983,177,equity
2017-07-29,0.5093,0.5473,0.0381,0.4146,1,commodity
2017-07-29,0.030964444444444447,0.11180000000000001,0.08042222222222221,0.8078444444444444,45,equity
2017-07-30,0.06484399999999998,0.09372,0.03418,0.87208,50,equity
2017-07-31,-0.08277142857142858,0.2144,0.29715714285714284,0.48847142857142856,7,commodity
2017-07-31,0.02418846153846154,0.09169230769230768,0.05834615384615384,0.8499846153846153,130,equity
2017-08-01,0.19535000000000002,0.387375,0.1920333333333333,0.420575,12,commodity
2017-08-01,0.04445028571428571,0.08769142857142857,0.061880000000000004,0.8504342857142857,175,equity
2017-08-02,-0.16356363636363636,0.1958909090909091,0.35942727272727276,0.4446545454545454,11,commodity
2017-08-02,0.09232744186046511,0.10419534883720931,0.05236744186046512,0.8434558139534885,215,equity
2017-08-03,-0.43652857142857143,0.0935,0.5300214285714285,0.37649285714285713,14,commodity
2017-08-03,0.04664871794871795,0.10495299145299147,0.09046581196581197,0.8045641025641025,234,equity
2017-08-04,-0.34406250000000005,0.1112375,0.4553125,0.43345,8,commodity
2017-08-04,-0.07637881355932202,0.07958050847457626,0.13691525423728815,0.7834618644067799,236,equity
2017-08-05,0.12224637681159418,0.11344927536231883,0.06101449275362319,0.825536231884058,69,equity
2017-08-06,-0.0058,0.0339,0.0397,0.9264,1,commodity
2017-08-06,0.035607692307692305,0.08229230769230769,0.05732307692307692,0.8603538461538461,65,equity
2017-08-07,0.07547142857142856,0.32204285714285713,0.24657142857142858,0.4314,7,commodity
2017-08-07,0.04978194444444444,0.0787638888888889,0.06339583333333335,0.8577986111111111,144,equity
2017-08-08,-0.18660000000000002,0.194925,0.381525,0.4235375,8,commodity
2017-08-08,0.06591951219512196,0.08386341463414634,0.06365365853658536,0.852458536585366,205,equity
2017-08-09,0.5115399999999999,0.56036,0.04883,0.3908,10,commodity
2017-08-09,0.035191139240506326,0.09153797468354431,0.07705696202531648,0.8314240506329115,158,equity
2017-08-10,0.28804166666666664,0.45038333333333336,0.16233333333333333,0.38727500000000004,12,commodity
2017-08-10,0.0036051724137931146,0.08981724137931034,0.0864344827586207,0.8237724137931034,290,equity
2017-08-11,0.44643333333333335,0.5464333333333333,0.09999999999999999,0.35358888888888884,9,commodity
2017-08-11,0.019826262626262626,0.08335353535353536,0.07435858585858586,0.8422676767676768,198,equity
2017-08-12,-0.1611,0.0477,0.2087,0.7436,1,commodity
2017-08-12,0.056808771929824566,0.08071929824561404,0.0645438596491228,0.8548070175438597,57,equity
2017-08-13,0.5474,0.5876,0.0402,0.3721,1,commodity
2017-08-13,-0.009990740740740738,0.07718518518518519,0.05553703703703704,0.8672777777777777,54,equity
2017-08-14,-0.421975,0.05147500000000001,0.473425,0.47514999999999996,4,commodity
2017-08-14,0.07481829268292682,0.09520731707317072,0.07396341463414635,0.8307987804878048,164,equity
2017-08-15,-0.3964444444444444,0.14983333333333335,0.5462555555555555,0.3039,9,commodity
2017-08-15,0.023518787878787854,0.06895151515151514,0.08027878787878787,0.8507575757575757,165,equity
2017-08-16,0.033021428571428556,0.27472142857142856,0.24169285714285715,0.4835857142857143,14,commodity
2017-08-16,0.052771724137931034,0.09698620689655171,0.08030344827586207,0.8227172413793106,145,equity
2017-08-17,0.4173166666666666,0.5188416666666666,0.10153333333333335,0.37958333333333333,12,commodity
2017-08-17,0.016685093167701868,0.07363354037267081,0.07368944099378881,0.8526645962732919,161,equity
2017-08-18,-0.26808,0.17242000000000002,0.44048,0.3871,10,commodity
2017-08-18,-0.020994244604316547,0.0786474820143885,0.0885179856115108,0.8328417266187049,139,equity
2017-08-19,0.08295,0.104734375,0.0631875,0.8320312500000001,64,equity
2017-08-20,-0.0041,0.0345,0.0386,0.9269,1,commodity
2017-08-20,0.11843846153846152,0.113,0.039538461538461536,0.8474871794871794,39,equity
2017-08-21,0.025342857142857136,0.26834285714285716,0.24302857142857143,0.4886285714285714,7,commodity
2017-08-21,0.015807894736842104,0.09378947368421053,0.08112280701754386,0.8251228070175438,114,equity
2017-08-22,-0.22876363636363636,0.1781727272727273,0.4069181818181818,0.4149090909090909,11,commodity
2017-08-22,0.06642539682539683,0.08488095238095238,0.06938888888888887,0.8457301587301588,126,equity
2017-08-23,-0.0018285714285714333,0.31634285714285715,0.31815714285714286,0.3655285714285714,7,commodity
2017-08-23,0.07866054421768708,0.08072789115646259,0.05758503401360544,0.8616666666666667,147,equity
2017-08-24,-0.42273333333333335,0.09678333333333333,0.5195333333333334,0.3836833333333333,6,commodity
2017-08-24,0.013178231292517011,0.09226530612244899,0.09127210884353743,0.8164761904761908,147,equity
2017-08-25,0.13916250000000002,0.3409125,0.20175,0.45735,8,commodity
2017-08-25,0.006642608695652174,0.09482608695652173,0.07797391304347827,0.8271913043478262,115,equity
2017-08-26,-0.0335,0.1566,0.1901,0.6533,1,commodity
2017-08-26,0.07818214285714287,0.07907142857142857,0.04775,0.8731785714285714,56,equity
2017-08-27,0.1858470588235294,0.14939215686274512,0.06780392156862745,0.7828235294117647,51,equity
2017-08-28,0.33253000000000005,0.43442,0.10190000000000002,0.46368,10,commodity
2017-08-28,0.06587448979591838,0.11341836734693879,0.07985714285714286,0.8067142857142856,98,equity
2017-08-29,0.38832727272727274,0.4803181818181818,0.09199999999999998,0.4276909090909091,11,commodity
2017-08-29,0.010589682539682541,0.09133333333333332,0.0696984126984127,0.8389523809523809,126,equity
2017-08-30,-0.3250944444444444,0.14216666666666666,0.46723888888888887,0.39059999999999995,18,commodity
2017-08-30,0.12712500000000002,0.09303703703703704,0.04260185185185185,0.8643518518518518,108,equity
2017-08-31,-0.007916666666666664,0.32968333333333333,0.33758333333333335,0.3327333333333333,12,commodity
2017-08-31,0.10173088235294117,0.09978676470588235,0.06425,0.8359852941176472,136,equity
2017-09-01,0.17287999999999998,0.36373,0.19085,0.4454000000000001,10,commodity
2017-09-01,0.045172656249999985,0.087421875,0.0830859375,0.8294921875000001,128,equity
2017-09-02,0.11433965517241379,0.1114655172413793,0.06067241379310345,0.8278275862068966,58,equity
2017-09-03,0.2514,0.2889,0.0375,0.6736,1,commodity
2017-09-03,0.09146315789473686,0.10839473684210525,0.050328947368421056,0.8412631578947368,76,equity
2017-09-04,0.34154444444444443,0.4223,0.08078888888888888,0.4969222222222222,9,commodity
2017-09-04,0.0479709090909091,0.11921818181818182,0.09621818181818181,0.7845272727272727,55,equity
2017-09-05,0.379175,0.507525,0.1283625,0.3641,8,commodity
2017-09-05,0.03475371900826446,0.08898347107438016,0.07128099173553719,0.8397107438016528,121,equity
2017-09-06,0.11318888888888885,0.37251111111111107,0.25932222222222223,0.36814444444444444,9,commodity
2017-09-06,0.04792460317460318,0.08492857142857144,0.06057142857142857,0.8545,126,equity
2017-09-07,0.3270888888888889,0.46940000000000004,0.14232222222222224,0.3882777777777778,9,commodity
2017-09-07,0.049041984732824444,0.10403816793893131,0.07638931297709922,0.8195877862595421,131,equity
2017-09-08,0.4457583333333333,0.5342666666666667,0.08850833333333334,0.3772166666666667,12,commodity
2017-09-08,0.05102043795620439,0.08462043795620439,0.09624817518248176,0.8191459854014598,137,equity
2017-09-09,0.0956875,0.10145833333333332,0.06627083333333333,0.8322916666666668,48,equity
2017-09-10,0.07344,0.08869999999999999,0.07132,0.83998,50,equity
2017-09-11,-0.4461666666666667,0.10815555555555555,0.5543111111111112,0.3375444444444444,9,commodity
2017-09-11,0.07855042735042736,0.10911111111111109,0.07613675213675213,0.8147521367521369,117,equity
2017-09-12,-0.38976666666666665,0.08858888888888888,0.4783555555555556,0.4330444444444444,9,commodity
2017-09-12,0.046292248062015505,0.09175968992248063,0.07171317829457365,0.8365116279069766,129,equity
2017-09-13,-0.1548875,0.27836249999999996,0.43322499999999997,0.2884125,8,commodity
2017-09-13,-0.005451388888888896,0.09819444444444445,0.10488888888888888,0.796923611111111,144,equity
2017-09-14,-0.20686999999999997,0.21204,0.4189,0.36906,10,commodity
2017-09-14,0.05000169491525424,0.11207909604519775,0.08377966101694916,0.8041638418079096,177,equity
2017-09-15,-0.49325714285714284,0.058871428571428575,0.5521142857142857,0.3890285714285714,7,commodity
2017-09-15,0.005868156424581006,0.08135195530726255,0.08191061452513966,0.8367430167597766,179,equity
2017-09-16,-0.8232,0.0166,0.8399,0.1435,1,commodity
2017-09-16,0.09662499999999999,0.10028846153846153,0.067,0.8327307692307693,52,equity
2017-09-17,0.5332,0.5629,0.0297,0.4074,1,commodity
2017-09-17,0.026451020408163255,0.056938775510204084,0.047612244897959184,0.8954285714285714,49,equity
2017-09-18,-0.49225555555555556,0.04717777777777778,0.5394111111111111,0.4133888888888889,9,commodity
2017-09-18,0.02930397350993378,0.0686225165562914,0.06567549668874172,0.8656953642384105,151,equity
2017-09-19,-0.06456666666666665,0.2154,0.2799833333333333,0.5046166666666666,6,commodity
2017-09-19,0.02744615384615384,0.08456043956043956,0.0797032967032967,0.8357252747252746,182,equity
2017-09-20,0.04683333333333334,0.28768333333333335,0.24087499999999998,0.47144166666666676,12,commodity
2017-09-20,0.0505289156626506,0.10254216867469879,0.07307831325301205,0.8244156626506023,166,equity
2017-09-21,-0.5698500000000001,0.08098333333333334,0.6508416666666667,0.26819166666666666,12,commodity
2017-09-21,-0.0023115853658536517,0.09276829268292681,0.10703658536585367,0.8001585365853658,164,equity
2017-09-22,-0.009225000000000014,0.25855,0.26778750000000007,0.47368750000000004,8,commodity
2017-09-22,0.03999802631578947,0.08620394736842103,0.07126315789473685,0.8425328947368421,152,equity
2017-09-23,-0.6187,0.0265,0.6451,0.3284,1,commodity
2017-09-23,0.11997454545454546,0.09274545454545455,0.04169090909090909,0.8655636363636363,55,equity
2017-09-24,0.06425510204081632,0.0920408163265306,0.08091836734693877,0.8270612244897958,49,equity
2017-09-25,-0.17074000000000003,0.23607,0.40680000000000005,0.35713,10,commodity
2017-09-25,0.020555797101449284,0.05872463768115943,0.064,0.8772898550724638,138,equity
2017-09-26,-0.09012727272727271,0.2269909090909091,0.3171272727272727,0.45586363636363636,11,commodity
2017-09-26,0.03516894409937888,0.10037267080745339,0.060136645962732924,0.8395031055900621,161,equity
2017-09-27,-0.3780111111111111,0.1248888888888889,0.5028999999999999,0.37222222222222223,9,commodity
2017-09-27,0.04922340425531915,0.09279255319148937,0.07462234042553192,0.8325691489361702,188,equity
2017-09-28,0.08983333333333333,0.24860000000000002,0.1587333333333333,0.5926777777777779,9,commodity
2017-09-28,0.015875882352941177,0.08616470588235293,0.07774117647058823,0.8361058823529414,170,equity
2017-09-29,-0.19884999999999997,0.18262499999999998,0.3814875,0.43590000000000007,8,commodity
2017-09-29,0.06555263157894738,0.08234868421052631,0.06355921052631579,0.8540986842105261,152,equity
2017-09-30,0.13425740740740744,0.11775925925925926,0.05,0.8321851851851852,54,equity
2017-10-01,0.13108600000000004,0.10123999999999998,0.08214,0.81658,50,equity
2017-10-02,-0.5958,0.05828,0.6541,0.28765999999999997,5,commodity
2017-10-02,0.025063483146067413,0.0876741573033708,0.07192134831460674,0.8403876404494381,178,equity
2017-10-03,-0.58496,0.0453,0.63026,0.32442000000000004,5,commodity
2017-10-03,0.05657295597484277,0.09227044025157233,0.07828301886792452,0.8294654088050314,159,equity
2017-10-04,0.3187,0.4299125,0.1111625,0.4589,8,commodity
2017-10-04,-0.0022145569620253156,0.08604430379746834,0.08573417721518987,0.8282088607594935,158,equity
2017-10-05,-0.036000000000000004,0.24554,0.28153,0.47296999999999995,10,commodity
2017-10-05,0.013586999999999995,0.07349499999999999,0.08347500000000001,0.8430150000000001,200,equity
2017-10-06,-0.3009181818181818,0.17634545454545456,0.47728181818181814,0.3463727272727273,11,commodity
2017-10-06,0.05818193548387097,0.09818709677419356,0.07358709677419356,0.8282193548387097,155,equity
2017-10-07,0.3632,0.3826,0.0194,0.598,2,commodity
2017-10-07,0.0048392857142857204,0.07575,0.051875,0.8723749999999999,56,equity
2017-10-08,0.11900909090909088,0.08423636363636364,0.08914545454545456,0.8266363636363637,55,equity
2017-10-09,0.30238333333333334,0.44730000000000003,0.1449,0.40778333333333333,6,commodity
2017-10-09,0.07536136363636364,0.08159090909090909,0.06252272727272727,0.8558863636363636,132,equity
2017-10-10,0.37598750000000003,0.47416250000000004,0.0982125,0.4276375,8,commodity
2017-10-10,0.08044742857142857,0.09787428571428572,0.07472000000000001,0.8274342857142857,175,equity
2017-10-11,-0.27632727272727275,0.10451818181818183,0.3808363636363637,0.5146181818181819,11,commodity
2017-10-11,0.0020767857142857194,0.08171874999999999,0.08057142857142859,0.8376919642857141,224,equity
2017-10-12,0.3974875,0.5009375,0.10345,0.395625,8,commodity
2017-10-12,0.062195373665480426,0.09545195729537366,0.07586832740213524,0.8286903914590746,281,equity
2017-10-13,0.1360142857142857,0.35795714285714286,0.2219357142857143,0.4201142857142858,14,commodity
2017-10-13,0.000474803149606302,0.08309448818897638,0.08390944881889763,0.8329881889763777,254,equity
2017-10-14,0.7614,0.795,0.0335,0.1715,1,commodity
2017-10-14,-0.06402857142857143,0.03922448979591837,0.06981632653061223,0.8909591836734695,49,equity
2017-10-15,0.5073,0.5355,0.0282,0.4362,1,commodity
2017-10-15,0.07780169491525424,0.09808474576271188,0.07083050847457628,0.8310847457627117,59,equity
2017-10-16,-0.019533333333333354,0.2599444444444445,0.27947777777777777,0.46057777777777775,9,commodity
2017-10-16,0.049428248587570625,0.08442937853107343,0.07006779661016949,0.8454802259887007,177,equity
2017-10-17,-0.3139823529411765,0.1443705882352941,0.4583411764705882,0.3972764705882353,17,commodity
2017-10-17,0.05506733333333333,0.09722666666666668,0.06894,0.8338199999999999,150,equity
2017-10-18,-0.09819444444444445,0.2192111111111111,0.3173888888888889,0.4633999999999999,18,commodity
2017-10-18,0.026743617021276592,0.09872340425531913,0.0846436170212766,0.8166170212765957,188,equity
2017-10-19,0.2838111111111111,0.4119444444444444,0.1281222222222222,0.45993333333333336,9,commodity
2017-10-19,0.01905111111111111,0.08569444444444445,0.08626111111111112,0.8280722222222222,180,equity
2017-10-20,-0.39817,0.11198000000000001,0.5101699999999999,0.37783,10,commodity
2017-10-20,0.08851518987341772,0.09448734177215189,0.0644493670886076,0.8410506329113924,158,equity
2017-10-21,-0.20335,0.0716,0.27494999999999997,0.6535,2,commodity
2017-10-21,0.07479558823529411,0.08126470588235293,0.055720588235294126,0.8630147058823529,68,equity
2017-10-22,-0.4745,0.0379,0.5124,0.4497,1,commodity
2017-10-22,0.0834925,0.0936,0.061424999999999993,0.8449249999999999,40,equity
2017-10-23,-0.42564,0.12416,0.54982,0.32602,5,commodity
2017-10-23,0.032714965986394555,0.07575510204081633,0.06937414965986395,0.8549183673469387,147,equity
2017-10-24,-0.1402818181818182,0.20869090909090912,0.34897272727272727,0.4423272727272728,11,commodity
2017-10-24,0.03397903930131004,0.07741484716157206,0.062126637554585154,0.860467248908297,229,equity
2017-10-25,0.029341666666666665,0.3099083333333334,0.280575,0.4095083333333333,12,commodity
2017-10-25,0.016279475982532748,0.08775109170305678,0.08365502183406112,0.8285938864628821,229,equity
2017-10-26,-0.36114999999999997,0.13497142857142858,0.4961142857142858,0.3689,14,commodity
2017-10-26,-0.05300982142857142,0.06825,0.09187946428571428,0.8399017857142858,224,equity
2017-10-27,-0.10913636363636367,0.22749090909090908,0.3366272727272727,0.4359,11,commodity
2017-10-27,0.036906437768240374,0.11755793991416308,0.09722746781115878,0.785214592274678,233,equity
2017-10-28,0.32039999999999996,0.35529999999999995,0.0349,0.6098,2,commodity
2017-10-28,0.05578314606741574,0.09097752808988765,0.08967415730337079,0.819314606741573,89,equity
2017-10-29,0.1403425925925926,0.11764814814814814,0.05707407407407407,0.8252592592592592,54,equity
2017-10-30,0.12005,0.36846666666666666,0.24841666666666665,0.3830833333333334,6,commodity
2017-10-30,-0.01125116279069768,0.06605116279069767,0.0933813953488372,0.8405953488372092,215,equity
2017-10-31,-0.4272181818181819,0.10587272727272729,0.5331,0.36100909090909095,11,commodity
2017-10-31,0.010620000000000003,0.09748695652173915,0.08874347826086958,0.8138043478260868,230,equity
2017-11-01,0.20561764705882354,0.3837294117647058,0.17808235294117644,0.43818823529411766,17,commodity
2017-11-01,0.02108954545454545,0.08008181818181818,0.07616818181818182,0.843759090909091,220,equity
2017-11-02,-0.02553636363636366,0.26248181818181815,0.2880181818181818,0.4494818181818182,11,commodity
2017-11-02,0.01936986899563319,0.08524017467248908,0.0811528384279476,0.8335807860262009,229,equity
2017-11-03,-0.2519727272727273,0.16147272727272724,0.41346363636363637,0.42507272727272727,11,commodity
2017-11-03,0.03376852791878173,0.08472588832487311,0.08468527918781726,0.8305736040609136,197,equity
2017-11-04,0.11854705882352941,0.08162745098039216,0.05211764705882354,0.8663137254901961,51,equity
2017-11-05,0.08491600000000002,0.10994,0.06144,0.82866,50,equity
2017-11-06,0.05545,0.35883750000000003,0.3034125,0.33776249999999997,8,commodity
2017-11-06,0.06838594594594594,0.08715675675675677,0.05116216216216217,0.8616810810810809,185,equity
2017-11-07,-0.46354999999999996,0.04841666666666666,0.5119666666666667,0.4396,6,commodity
2017-11-07,0.027564497041420114,0.07665680473372781,0.08292307692307692,0.8404319526627219,169,equity
2017-11-08,0.22719999999999999,0.3981285714285714,0.1709285714285714,0.4309428571428571,7,commodity
2017-11-08,0.048439759036144586,0.11014859437751003,0.09766265060240963,0.7921967871485943,249,equity
2017-11-09,-0.1812866666666667,0.23225333333333334,0.41354,0.3542066666666666,15,commodity
2017-11-09,-0.02044605263157895,0.09221929824561403,0.09825000000000002,0.8095131578947369,228,equity
2017-11-10,-0.23341250000000002,0.15073124999999998,0.38415625,0.46511875,16,commodity
2017-11-10,0.05722010582010581,0.10571428571428572,0.08812698412698412,0.8061587301587301,189,equity
2017-11-11,-0.0011830508474576266,0.05605084745762712,0.07054237288135595,0.8734237288135592,59,equity
2017-11-12,0.24614999999999998,0.2783,0.03215,0.68955,2,commodity
2017-11-12,-0.03742222222222222,0.048666666666666664,0.07773333333333333,0.8736666666666666,45,equity
2017-11-13,-0.0338,0.23228333333333331,0.2660666666666666,0.5016166666666667,6,commodity
2017-11-13,0.023916489361702126,0.09218617021276596,0.0901968085106383,0.8176382978723404,188,equity
2017-11-14,-0.33963529411764704,0.0936,0.43322352941176473,0.4731823529411765,17,commodity
2017-11-14,-0.04802707182320442,0.07953591160220995,0.10393370165745855,0.816546961325967,181,equity
2017-11-15,-0.16053333333333336,0.19106666666666666,0.35161111111111115,0.4573444444444444,9,commodity
2017-11-15,0.035582894736842105,0.08449999999999999,0.07290131578947368,0.8425789473684211,152,equity
2017-11-16,0.06673333333333331,0.27842222222222224,0.21167777777777777,0.5099,9,commodity
2017-11-16,0.0830847222222222,0.09868055555555556,0.06843055555555555,0.8329097222222224,144,equity
2017-11-17,0.10475625,0.32565625,0.220875,0.45345,16,commodity
2017-11-17,0.13834565217391304,0.11479891304347825,0.06655978260869566,0.8186467391304347,184,equity
2017-11-18,0.6377,0.6593,0.0215,0.3192,1,commodity
2017-11-18,0.047572413793103445,0.07967241379310346,0.06649999999999999,0.8538103448275862,58,equity
2017-11-19,-0.28495,0.04825,0.3332,0.61855,2,commodity
2017-11-19,-0.002452173913043475,0.08852173913043479,0.05882608695652175,0.8526739130434783,46,equity
2017-11-20,-0.12794,0.18311,0.31105,0.50584,10,commodity
2017-11-20,0.07341714285714286,0.1001,0.08238571428571428,0.8175142857142859,140,equity
2017-11-21,0.11947999999999999,0.30188,0.18241000000000002,0.51573,10,commodity
2017-11-21,0.06989710982658959,0.11001156069364162,0.0784393063583815,0.8115664739884392,173,equity
2017-11-22,0.2594,0.39657777777777775,0.1371888888888889,0.4662666666666666,18,commodity
2017-11-22,0.05877621951219511,0.09080487804878049,0.06873170731707318,0.8404573170731707,164,equity
2017-11-23,-0.10687272727272727,0.2446454545454545,0.3514909090909091,0.4038454545454545,11,commodity
2017-11-23,-0.050108108108108104,0.08118918918918917,0.09132432432432433,0.8275,74,equity
2017-11-24,-0.26293,0.14705,0.41001000000000004,0.44291,10,commodity
2017-11-24,0.016059223300970864,0.10386407766990291,0.085,0.8110776699029126,103,equity
2017-11-25,0.0133,0.0426,0.0292,0.9282,1,commodity
2017-11-25,0.036604878048780494,0.07054878048780489,0.09279268292682925,0.8366707317073169,82,equity
2017-11-26,-0.177,0.259,0.436,0.30505000000000004,2,commodity
2017-11-26,0.00048378378378378077,0.09432432432432433,0.06278378378378378,0.8428783783783783,74,equity
2017-11-27,0.28959,0.40040999999999993,0.11082,0.48876,10,commodity
2017-11-27,0.007539884393063588,0.08083236994219653,0.08150867052023121,0.8377167630057805,173,equity
2017-11-28,-0.0701375,0.2478875,0.318025,0.43408749999999996,8,commodity
2017-11-28,0.05829214659685864,0.08686387434554975,0.06942408376963351,0.8437015706806282,191,equity
2017-11-29,-0.1366,0.1565625,0.293175,0.5502875,8,commodity
2017-11-29,0.017423278688524602,0.10261639344262294,0.09705573770491804,0.8003475409836065,305,equity
2017-11-30,-0.36528888888888894,0.06332222222222222,0.4286222222222222,0.5080888888888889,9,commodity
2017-11-30,0.0038765853658536613,0.09591219512195122,0.07970731707317072,0.8243951219512194,205,equity
2017-12-01,-0.029784615384615357,0.27716153846153846,0.3069384615384615,0.4159,13,commodity
2017-12-01,0.0022421052631578977,0.08166396761133603,0.08924291497975709,0.8291012145748988,247,equity
2017-12-02,0.10119750000000001,0.09028749999999999,0.05363749999999999,0.856075,80,equity
2017-12-03,0.03787252747252747,0.08964835164835167,0.06512087912087912,0.8452417582417583,91,equity
2017-12-04,-0.29161428571428566,0.12142857142857143,0.4130857142857143,0.4654857142857143,7,commodity
2017-12-04,0.02759659090909091,0.09278787878787878,0.0864280303030303,0.8207613636363638,264,equity
2017-12-05,0.07863749999999999,0.2768125,0.1982,0.5249874999999999,8,commodity
2017-12-05,0.023987128712871283,0.1117871287128713,0.07711386138613861,0.8110792079207919,202,equity
2017-12-06,0.12483999999999999,0.27542,0.15062,0.57394,5,commodity
2017-12-06,0.021390131578947372,0.08436842105263156,0.07414473684210526,0.8415065789473684,152,equity
2017-12-07,-0.1627375,0.181975,0.3447125,0.47329999999999994,8,commodity
2017-12-07,0.10211726190476192,0.09407738095238097,0.06685714285714286,0.8390595238095238,168,equity
2017-12-08,-0.23976000000000003,0.13802,0.37778,0.4842000000000001,5,commodity
2017-12-08,0.018314965986394555,0.07209523809523809,0.06623809523809523,0.8616734693877552,147,equity
2017-12-09,0.04248125,0.07940625,0.089890625,0.8306874999999999,64,equity
2017-12-10,0.0615590909090909,0.07204545454545454,0.05872727272727273,0.8692272727272726,66,equity
2017-12-11,-0.13970000000000005,0.1738375,0.3135125,0.5126375000000001,8,commodity
2017-12-11,0.0696274336283186,0.08108849557522124,0.052415929203539824,0.8664867256637168,113,equity
2017-12-12,-0.24365,0.17426999999999998,0.41791999999999996,0.40779000000000004,10,commodity
2017-12-12,0.024911585365853656,0.08400609756097561,0.06640243902439023,0.8495975609756099,164,equity
2017-12-13,0.193125,0.357225,0.1641,0.478725,4,commodity
2017-12-13,-0.016713333333333337,0.08375,0.08735833333333334,0.8288500000000002,120,equity
2017-12-14,0.4164999999999999,0.5259400000000001,0.10944000000000001,0.36463999999999996,5,commodity
2017-12-14,0.07794245283018869,0.086188679245283,0.06611320754716982,0.8476792452830189,106,equity
2017-12-15,0.08201428571428572,0.27092857142857146,0.18887142857142855,0.5402,7,commodity
2017-12-15,0.15059615384615382,0.07388461538461538,0.03646153846153846,0.8896538461538461,26,equity
2017-12-16,0.12734444444444443,0.10507407407407408,0.03303703703703704,0.8618888888888889,27,equity
2017-12-17,0.05936212121212121,0.09310606060606061,0.05207575757575758,0.854878787878788,66,equity
2017-12-18,-0.017483333333333333,0.28724999999999995,0.30473333333333336,0.4079833333333333,6,commodity
2017-12-18,0.04118951048951049,0.0925944055944056,0.08044055944055944,0.826937062937063,143,equity
2017-12-19,0.4213,0.5669,0.1457,0.2874,2,commodity
2017-12-19,0.061526086956521744,0.1086159420289855,0.06686231884057971,0.8245217391304348,138,equity
2017-12-20,0.030099999999999995,0.30866,0.27858000000000005,0.41276,5,commodity
2017-12-20,0.04938734939759036,0.09762650602409641,0.06969277108433734,0.8327048192771084,166,equity
2017-12-21,0.24230000000000002,0.4497499999999999,0.20744999999999997,0.34275,4,commodity
2017-12-21,0.07234245810055864,0.08773743016759777,0.055122905027932954,0.8571396648044692,179,equity
2017-12-22,0.09686000000000002,0.33578,0.23891999999999997,0.42526,5,commodity
2017-12-22,0.015634337349397582,0.07093373493975903,0.08105421686746987,0.8479879518072291,166,equity
2017-12-23,0.060684615384615385,0.08361538461538462,0.07423076923076923,0.8421153846153846,52,equity
2017-12-24,0.05215666666666666,0.10769999999999999,0.04593333333333334,0.8463999999999999,30,equity
2017-12-25,0.10871111111111112,0.0863888888888889,0.06758333333333334,0.8460555555555556,36,equity
2017-12-26,0.3593,0.5098,0.1505,0.3397,2,commodity
2017-12-26,0.04587979797979798,0.07355555555555555,0.09134343434343434,0.8351111111111111,99,equity
2017-12-27,0.3703,0.4588571428571429,0.08854285714285713,0.45262857142857144,7,commodity
2017-12-27,0.14079750000000002,0.09617499999999998,0.058487500000000005,0.845375,80,equity
2017-12-28,0.351225,0.48625,0.13505,0.37870000000000004,8,commodity
2017-12-28,0.09366974789915967,0.10655462184873951,0.09066386554621848,0.8027983193277312,119,equity
2017-12-29,0.2106,0.2328,0.0222,0.745,1,commodity
2017-12-29,0.08398392857142858,0.08325,0.06193749999999999,0.8548214285714285,112,equity
2017-12-30,0.7894,0.8099,0.0205,0.1695,1,commodity
2017-12-30,0.06440232558139536,0.05174418604651163,0.06011627906976744,0.8880930232558139,43,equity
2017-12-31,0.10182884615384614,0.09657692307692309,0.06576923076923077,0.8376538461538462,52,equity
2018-01-01,0.0435,0.0782,0.0347,0.8871,1,commodity
2018-01-01,0.05595200000000002,0.08929999999999999,0.08054,0.83012,50,equity
2018-01-02,0.4805999999999999,0.5497714285714285,0.06915714285714285,0.3810857142857143,7,commodity
2018-01-02,0.15735984848484846,0.10253787878787879,0.03704545454545455,0.860469696969697,132,equity
2018-01-03,0.5137,0.5737,0.06,0.3662,1,commodity
2018-01-03,0.006900490196078439,0.07306372549019609,0.07247549019607843,0.8544558823529411,204,equity
2018-01-04,-0.5770000000000001,0.04756666666666667,0.6245666666666666,0.32783333333333337,3,commodity
2018-01-04,0.04673257142857144,0.09238285714285716,0.07089142857142858,0.8367371428571427,175,equity
2018-01-05,-0.2539142857142857,0.1794,0.4333285714285714,0.38725714285714286,7,commodity
2018-01-05,0.13733194444444444,0.09944444444444445,0.042020833333333334,0.8585555555555554,144,equity
2018-01-06,-0.5947,0.0345,0.6292,0.3364,1,commodity
2018-01-06,0.0954159090909091,0.09814772727272728,0.06260227272727271,0.8392386363636365,88,equity
2018-01-07,0.011672857142857143,0.053142857142857144,0.059957142857142855,0.8868714285714286,70,equity
2018-01-08,-0.6106,0.05115,0.66175,0.28709999999999997,2,commodity
2018-01-08,0.08717088607594936,0.09380379746835445,0.05611392405063291,0.8501012658227848,158,equity
2018-01-09,0.0703,0.1926,0.12229999999999999,0.6851499999999999,2,commodity
2018-01-09,0.013955624999999996,0.08549999999999999,0.07243125000000002,0.8420750000000001,160,equity
2018-01-10,-0.30314,0.07892,0.38206,0.53904,5,commodity
2018-01-10,0.03802717391304347,0.089375,0.08166847826086956,0.8289456521739131,184,equity
2018-01-11,0.24736666666666665,0.36003333333333337,0.11268333333333332,0.5272833333333333,6,commodity
2018-01-11,0.07287700534759359,0.07974331550802138,0.052705882352941186,0.8675347593582887,187,equity
2018-01-12,0.208475,0.3751,0.16662500000000002,0.4582625,8,commodity
2018-01-12,0.04486453488372093,0.09130232558139534,0.07044186046511627,0.8382325581395348,172,equity
2018-01-13,-0.5392,0.0441,0.5833,0.3726,1,commodity
2018-01-13,0.08800645161290321,0.07316129032258063,0.054338709677419356,0.8724516129032259,62,equity
2018-01-14,0.10948076923076923,0.1038076923076923,0.05996153846153846,0.8362692307692309,52,equity
2018-01-15,0.22306666666666666,0.4157,0.19266666666666668,0.3916666666666666,3,commodity
2018-01-15,0.05272921348314607,0.10294382022471911,0.08050561797752809,0.8165955056179778,89,equity
2018-01-16,0.26488333333333336,0.3674166666666667,0.10256666666666665,0.5300333333333332,6,commodity
2018-01-16,-0.016450877192982463,0.08017543859649122,0.10542105263157896,0.8144327485380115,171,equity
2018-01-17,-0.12865,0.24006000000000002,0.36872,0.39123,10,commodity
2018-01-17,0.014119540229885054,0.08988505747126437,0.07591379310344827,0.8342241379310344,174,equity
2018-01-18,-0.09011666666666672,0.2672333333333333,0.35736666666666667,0.37538333333333335,6,commodity
2018-01-18,0.03139411764705882,0.08337254901960786,0.07309150326797385,0.8435424836601308,153,equity
2018-01-19,0.055224999999999996,0.290625,0.235425,0.47395,4,commodity
2018-01-19,0.04698653846153847,0.0838846153846154,0.08110897435897435,0.8350064102564104,156,equity
2018-01-20,-0.01827121212121212,0.08713636363636362,0.10606060606060606,0.8068030303030304,66,equity
2018-01-21,0.48210000000000003,0.61035,0.1283,0.26134999999999997,2,commodity
2018-01-21,0.016016417910447767,0.09165671641791044,0.0652089552238806,0.8431492537313433,67,equity
2018-01-22,-0.12833333333333333,0.16206666666666666,0.29038333333333327,0.5475666666666666,6,commodity
2018-01-22,0.05173218390804598,0.08017241379310346,0.05675287356321839,0.8630632183908046,174,equity
2018-01-23,0.06608333333333333,0.29441666666666666,0.2283333333333333,0.4772666666666667,6,commodity
2018-01-23,0.04438598130841121,0.08487383177570096,0.07642056074766355,0.8386822429906542,214,equity
2018-01-24,0.37483999999999995,0.50936,0.13454,0.35614,5,commodity
2018-01-24,0.07096559633027522,0.11226146788990825,0.08608256880733944,0.8016605504587156,218,equity
2018-01-25,0.18614999999999998,0.31587,0.12975,0.55438,10,commodity
2018-01-25,0.053070564516129036,0.09053629032258065,0.07547177419354838,0.8339959677419353,248,equity
2018-01-26,-0.07161999999999999,0.16248,0.23408,0.60344,5,commodity
2018-01-26,0.07444472573839662,0.10233755274261604,0.07152742616033755,0.82610970464135,237,equity
2018-01-27,0.09138372093023253,0.1052093023255814,0.04893023255813954,0.8458488372093023,86,equity
2018-01-28,0.169746511627907,0.11440697674418605,0.05984883720930233,0.8257441860465116,86,equity
2018-01-29,-0.4969666666666666,0.06066666666666667,0.5576333333333333,0.3817333333333333,3,commodity
2018-01-29,0.03235918367346939,0.09243367346938776,0.07410204081632653,0.8334642857142857,196,equity
2018-01-30,-0.21675,0.09535,0.31215000000000004,0.5925499999999999,2,commodity
2018-01-30,0.04828159722222222,0.08684374999999997,0.08630902777777778,0.8268368055555555,288,equity
2018-01-31,0.025000000000000005,0.26545,0.2404666666666667,0.4940833333333334,6,commodity
2018-01-31,0.05002500000000001,0.08596232876712329,0.07833561643835615,0.8357191780821918,292,equity
2018-02-01,0.30257500000000004,0.33035000000000003,0.0278,0.64185,4,commodity
2018-02-01,0.03372649253731344,0.09442537313432833,0.08822014925373134,0.8173694029850747,268,equity
2018-02-02,-0.33887999999999996,0.08068,0.41958,0.49973999999999996,5,commodity
2018-02-02,-0.007436408977556117,0.10206982543640898,0.10481546134663342,0.7931172069825438,401,equity
2018-02-03,0.028107913669064753,0.09506474820143884,0.07299280575539568,0.8319280575539568,139,equity
2018-02-04,0.015705063291139243,0.07921518987341772,0.06783544303797469,0.8529620253164557,79,equity
2018-02-05,-0.04614999999999999,0.23958333333333334,0.28575,0.4746333333333333,6,commodity
2018-02-05,-0.030070302013422808,0.08976677852348994,0.09774328859060402,0.8124848993288593,596,equity
2018-02-06,-0.1960125,0.19385,0.3898625,0.4163,8,commodity
2018-02-06,0.006905074626865676,0.09476417910447761,0.08595074626865672,0.8192880597014923,670,equity
2018-02-07,-0.236375,0.075575,0.311975,0.612475,4,commodity
2018-02-07,0.05256452702702704,0.09158783783783783,0.07727027027027027,0.8311317567567567,296,equity
2018-02-08,0.1300333333333333,0.3118333333333333,0.1818,0.5063,3,commodity
2018-02-08,-0.03596692708333333,0.08334114583333335,0.0923359375,0.8243203124999999,384,equity
2018-02-09,0.02093333333333333,0.19406666666666664,0.17315,0.6327833333333334,6,commodity
2018-02-09,0.05757200000000002,0.09699466666666667,0.08037333333333332,0.8226266666666668,375,equity
2018-02-10,0.04683813559322035,0.08266949152542372,0.08164406779661017,0.8356694915254237,118,equity
2018-02-11,0.39305,0.5045000000000001,0.11155,0.38395,2,commodity
2018-02-11,0.03242043010752688,0.0911505376344086,0.07005376344086021,0.8387956989247312,93,equity
2018-02-12,-0.10511428571428574,0.2589428571428571,0.3640285714285714,0.37705714285714287,7,commodity
2018-02-12,0.05719810426540285,0.09715639810426539,0.07330805687203792,0.8295402843601897,211,equity
2018-02-13,-0.7078,0.0166,0.7244,0.2589,1,commodity
2018-02-13,0.033377578475336324,0.0899103139013453,0.08490134529147982,0.8252062780269056,223,equity
2018-02-14,0.28595714285714285,0.411,0.12505714285714284,0.46395714285714285,7,commodity
2018-02-14,0.04523970037453183,0.08814232209737828,0.07615355805243447,0.8357041198501877,267,equity
2018-02-15,0.06562,0.25316,0.18752,0.5593199999999999,5,commodity
2018-02-15,0.04163248945147679,0.09043037974683542,0.06874261603375528,0.8408396624472574,237,equity
2018-02-16,0.33084,0.41014,0.07931999999999999,0.51052,5,commodity
2018-02-16,0.01077874396135266,0.08014492753623188,0.08652173913043479,0.83331884057971,207,equity
2018-02-17,0.10815000000000001,0.1008,0.0460625,0.8530875,80,equity
2018-02-18,-0.002061194029850748,0.06589552238805971,0.08286567164179105,0.8512537313432834,67,equity
2018-02-19,-0.16071666666666665,0.20475,0.3654833333333333,0.4297333333333333,6,commodity
2018-02-19,0.07627162162162163,0.07697297297297297,0.06402702702702702,0.859,74,equity
2018-02-20,-0.23851111111111115,0.1690666666666667,0.4075555555555555,0.42336666666666667,9,commodity
2018-02-20,0.05846823529411765,0.09148235294117647,0.06142941176470589,0.8471117647058822,170,equity
2018-02-21,-0.48297500000000004,0.10625,0.5892249999999999,0.304525,4,commodity
2018-02-21,-0.03164120879120878,0.06699999999999999,0.09362087912087913,0.8393846153846154,182,equity
2018-02-22,0.1016,0.25314000000000003,0.15154,0.59532,5,commodity
2018-02-22,0.03709028340080972,0.07503643724696357,0.06251417004048583,0.8624655870445342,247,equity
2018-02-23,-0.706,0.02445,0.73045,0.24509999999999998,2,commodity
2018-02-23,0.003320000000000001,0.06992,0.07337500000000001,0.8566749999999999,200,equity
2018-02-24,0.0996378787878788,0.08303030303030304,0.058333333333333334,0.8586363636363636,66,equity
2018-02-25,0.07367999999999998,0.06718461538461538,0.05887692307692308,0.8739384615384616,65,equity
2018-02-26,0.4315,0.4823,0.0508,0.4669,1,commodity
2018-02-26,0.04490439560439561,0.08737362637362638,0.06854945054945054,0.8440659340659339,182,equity
2018-02-27,-0.0507,0.13299999999999998,0.1837,0.6833,3,commodity
2018-02-27,0.03861682242990656,0.09036448598130842,0.06441588785046728,0.8452149532710279,214,equity
2018-02-28,-0.21809999999999996,0.15473333333333333,0.37283333333333335,0.47241666666666665,6,commodity
2018-02-28,0.02586801619433198,0.0807085020242915,0.07759109311740892,0.8417004048582997,247,equity
2018-03-01,-0.28800000000000003,0.14916666666666667,0.4371666666666667,0.4137,3,commodity
2018-03-01,-0.021371999999999995,0.07724333333333333,0.08990999999999999,0.8328366666666669,300,equity
2018-03-02,0.1068,0.4145666666666667,0.3077666666666667,0.2776666666666667,3,commodity
2018-03-02,0.005780505415162458,0.08633935018050543,0.08055234657039712,0.8331083032490973,277,equity
2018-03-03,0.042975,0.09357142857142857,0.05232142857142857,0.8540476190476192,84,equity
2018-03-04,0.0783,0.094,0.0156,0.8904,1,commodity
2018-03-04,0.041534939759036146,0.11534939759036145,0.08546987951807228,0.7991445783132529,83,equity
2018-03-05,-0.1746,0.18832,0.36292,0.44880000000000003,5,commodity
2018-03-05,0.08844212962962965,0.09749999999999999,0.07174537037037036,0.8307685185185185,216,equity
2018-03-06,-0.23365000000000002,0.034050000000000004,0.26775,0.6981999999999999,2,commodity
2018-03-06,0.04456318181818183,0.0791409090909091,0.07049090909090909,0.8504045454545454,220,equity
2018-03-07,-0.27375000000000005,0.179775,0.45354999999999995,0.36665000000000003,4,commodity
2018-03-07,0.03068740157480316,0.09322047244094488,0.0815787401574803,0.825228346456693,254,equity
2018-03-08,-0.1245142857142857,0.17837142857142857,0.30288571428571426,0.5187571428571428,7,commodity
2018-03-08,0.023046698113207552,0.08901415094339622,0.08602830188679245,0.8249528301886792,212,equity
2018-03-09,-0.27532500000000004,0.134575,0.40989999999999993,0.455525,4,commodity
2018-03-09,-0.004871617161716169,0.08085808580858087,0.092016501650165,0.8271188118811883,303,equity
2018-03-10,0.042114049586776864,0.1090413223140496,0.06701652892561985,0.8239834710743802,121,equity
2018-03-11,-0.5183,0.0251,0.5434,0.4315,1,commodity
2018-03-11,0.08529696969696968,0.06863636363636362,0.06390909090909092,0.8674545454545454,33,equity
2018-03-12,-0.1433375,0.2381125,0.38145,0.3804375,8,commodity
2018-03-12,-0.0030142857142856994,0.08357142857142857,0.09373809523809525,0.822704761904762,210,equity
2018-03-13,-0.13498333333333334,0.18531666666666666,0.3202833333333333,0.4944,6,commodity
2018-03-13,0.04419954751131222,0.09252036199095022,0.08280090497737556,0.8246923076923075,221,equity
2018-03-14,-0.029449999999999976,0.27905,0.30855,0.41235,2,commodity
2018-03-14,-0.032212254901960787,0.09330392156862745,0.09425980392156863,0.8124362745098039,204,equity
2018-03-15,-0.02043333333333334,0.23486666666666667,0.2553,0.5098666666666667,3,commodity
2018-03-15,0.04774458874458875,0.08033333333333334,0.07523809523809524,0.8444285714285714,231,equity
2018-03-16,0.032199999999999965,0.36434,0.33216,0.30348,5,commodity
2018-03-16,0.015090666666666665,0.08166000000000001,0.07505333333333333,0.8432400000000001,150,equity
2018-03-17,0.050682812499999993,0.087046875,0.069921875,0.843046875,64,equity
2018-03-18,0.08884603174603176,0.09231746031746033,0.047619047619047616,0.860047619047619,63,equity
2018-03-19,-0.09512000000000001,0.20511999999999997,0.30026,0.4946,5,commodity
2018-03-19,0.018328571428571427,0.0824729064039409,0.06983743842364533,0.8476847290640392,203,equity
2018-03-20,-0.06525,0.192325,0.257575,0.5501,8,commodity
2018-03-20,0.01672844444444444,0.0892666666666667,0.07827111111111111,0.83248,225,equity
2018-03-21,0.28714000000000006,0.39966,0.11254,0.48782000000000003,5,commodity
2018-03-21,0.022339607843137255,0.08291764705882355,0.07643921568627451,0.8406431372549019,255,equity
2018-03-22,-0.306775,0.162725,0.4695,0.36777499999999996,4,commodity
2018-03-22,-0.015182336182336187,0.08074928774928776,0.0874843304843305,0.8317663817663817,351,equity
2018-03-23,0.3573,0.5778,0.22044999999999998,0.20174999999999998,2,commodity
2018-03-23,-0.013282352941176474,0.08173529411764706,0.09213398692810457,0.8261339869281045,306,equity
2018-03-24,-0.1838,0.0657,0.2495,0.6848,1,commodity
2018-03-24,0.06384915254237289,0.0924322033898305,0.08270338983050846,0.8248389830508474,118,equity
2018-03-25,0.025283333333333328,0.081,0.07230208333333332,0.84671875,96,equity
2018-03-26,-0.07008333333333334,0.17801666666666668,0.24808333333333335,0.5739000000000001,6,commodity
2018-03-26,-0.02523132530120482,0.08135742971887551,0.09657429718875502,0.8220763052208833,249,equity
2018-03-27,0.03320000000000001,0.37905,0.345825,0.275125,4,commodity
2018-03-27,0.01611938461538462,0.08565846153846154,0.08215692307692307,0.8321661538461539,325,equity
2018-03-28,-0.044983333333333354,0.18451666666666663,0.2295,0.5859500000000001,6,commodity
2018-03-28,0.023730094043887148,0.08503134796238244,0.0728526645768025,0.8421253918495297,319,equity
2018-03-29,-0.49610000000000004,0.0391,0.5352,0.42566666666666664,3,commodity
2018-03-29,0.047338028169014085,0.09763849765258216,0.08170892018779342,0.8206760563380281,213,equity
2018-03-30,0.04309130434782609,0.08873913043478261,0.09545652173913044,0.815771739130435,92,equity
2018-03-31,-0.001705263157894736,0.09903508771929825,0.08547368421052631,0.8154912280701755,57,equity
2018-04-01,-0.04930930232558138,0.06469767441860465,0.10733720930232558,0.8279418604651163,86,equity
2018-04-02,0.313475,0.42505,0.111525,0.463425,4,commodity
2018-04-02,-0.0030014925373134335,0.10225,0.09324626865671641,0.8044999999999998,268,equity
2018-04-03,-0.3971,0.1189,0.51605,0.36505,2,commodity
2018-04-03,0.04910212014134276,0.09631095406360424,0.09113780918727915,0.8125618374558303,283,equity
2018-04-04,0.06582000000000002,0.28724,0.22146,0.4913,5,commodity
2018-04-04,-0.031330412371134014,0.08436855670103093,0.10320876288659796,0.812430412371134,388,equity
2018-04-05,-0.03737500000000002,0.24558750000000001,0.28295,0.47145000000000004,8,commodity
2018-04-05,0.015299256505576205,0.09116728624535315,0.08527881040892193,0.8235390334572492,269,equity
2018-04-06,0.205625,0.3318,0.1261875,0.542,8,commodity
2018-04-06,-0.018299013157894728,0.07873684210526315,0.09539473684210524,0.8258651315789474,304,equity
2018-04-07,0.029978350515463905,0.09512371134020618,0.06871134020618556,0.8361340206185568,97,equity
2018-04-08,0.3934,0.10966666666666665,0.03833333333333334,0.852,3,equity
2018-04-09,0.12871666666666667,0.2519166666666666,0.12318333333333335,0.6248999999999999,6,commodity
2018-04-09,0.04789521531100479,0.09879904306220096,0.07372248803827752,0.8274784688995215,209,equity
2018-04-10,0.20635714285714285,0.37001428571428574,0.16364285714285715,0.4663285714285715,7,commodity
2018-04-10,0.010384666666666667,0.09911666666666669,0.09084666666666666,0.8100299999999998,300,equity
2018-04-11,0.06417999999999999,0.3049,0.24072,0.45438,5,commodity
2018-04-11,0.02257165775401071,0.10093582887700533,0.07910695187165775,0.8199732620320856,187,equity
2018-04-12,-0.34195,0.0802,0.42210000000000003,0.49775,2,commodity
2018-04-12,0.028240000000000005,0.0709,0.06554117647058824,0.8635647058823528,170,equity
2018-04-13,0.2842,0.4379,0.153675,0.408425,4,commodity
2018-04-13,0.04601133004926108,0.08509852216748767,0.05931034482758621,0.8556009852216748,203,equity
2018-04-14,0.02937962962962963,0.08368518518518518,0.07264814814814814,0.8436574074074075,108,equity
2018-04-15,0.14805925925925928,0.0875679012345679,0.03741975308641975,0.8750123456790124,81,equity
2018-04-16,0.147325,0.272625,0.1253,0.602125,4,commodity
2018-04-16,0.011793854748603352,0.07819553072625698,0.05737988826815643,0.8643966480446927,179,equity
2018-04-17,-0.03174999999999999,0.23502500000000004,0.26675,0.49824999999999997,4,commodity
2018-04-17,0.05070087336244541,0.09086899563318776,0.06875109170305677,0.8403755458515284,229,equity
2018-04-18,0.10567647058823527,0.27084117647058825,0.16517647058823529,0.564,17,commodity
2018-04-18,0.056931249999999996,0.09148076923076924,0.07893749999999998,0.8296009615384616,208,equity
2018-04-19,0.014442857142857137,0.25680000000000003,0.24232857142857142,0.5009,7,commodity
2018-04-19,0.0030417085427135743,0.08471859296482409,0.09312562814070352,0.8221859296482411,199,equity
2018-04-20,-0.19196666666666667,0.20618888888888887,0.39812222222222227,0.3956666666666667,9,commodity
2018-04-20,-0.004735121951219518,0.08584878048780487,0.07170731707317074,0.8424536585365854,205,equity
2018-04-21,0.01563283582089553,0.07237313432835821,0.08086567164179105,0.8467462686567165,67,equity
2018-04-22,0.07840169491525424,0.09618644067796611,0.08572881355932203,0.8181186440677966,59,equity
2018-04-23,-0.1863166666666666,0.19988333333333333,0.3861666666666666,0.41391666666666665,6,commodity
2018-04-23,0.02747212121212121,0.06982424242424244,0.06310303030303031,0.8670787878787878,165,equity
2018-04-24,0.208325,0.34045,0.1321,0.5275,4,commodity
2018-04-24,0.0676240566037736,0.09306603773584905,0.06792924528301886,0.8390188679245283,212,equity
2018-04-25,-0.15156666666666666,0.2396666666666667,0.3913,0.3690333333333333,3,commodity
2018-04-25,0.020880000000000003,0.09343461538461538,0.07942307692307693,0.8271461538461539,260,equity
2018-04-26,-0.17915,0.1759666666666667,0.3551166666666667,0.4688833333333333,6,commodity
2018-04-26,0.053361952861952874,0.11050505050505054,0.06710774410774412,0.8223737373737372,297,equity
2018-04-27,0.139725,0.327375,0.18765,0.48497500000000004,4,commodity
2018-04-27,0.057635245901639355,0.0908401639344262,0.06767213114754099,0.8414959016393443,244,equity
2018-04-28,0.16622717391304348,0.1135108695652174,0.056065217391304344,0.8304239130434783,92,equity
2018-04-29,0.07609069767441859,0.08736046511627907,0.06840697674418605,0.844186046511628,86,equity
2018-04-30,0.44489999999999996,0.45920000000000005,0.0143,0.5266,2,commodity
2018-04-30,0.06761692307692309,0.09652307692307692,0.06876923076923076,0.834697435897436,195,equity
2018-05-01,-0.2621166666666667,0.08048333333333334,0.3425833333333333,0.5769333333333333,6,commodity
2018-05-01,0.040459745762711864,0.09696186440677966,0.08381355932203388,0.8192161016949152,236,equity
2018-05-02,-0.38444999999999996,0.08195000000000001,0.46636666666666665,0.45170000000000005,6,commodity
2018-05-02,0.024779344262295076,0.09011147540983608,0.08651147540983606,0.8233868852459014,305,equity
2018-05-03,0.029640000000000007,0.23818,0.20856,0.5532800000000001,5,commodity
2018-05-03,-0.0038560402684563603,0.08802684563758394,0.09122483221476509,0.8207416107382549,298,equity
2018-05-04,-0.33690000000000003,0.10166,0.43856,0.45978,5,commodity
2018-05-04,0.059094244604316545,0.09972302158273383,0.07797482014388492,0.8222985611510792,278,equity
2018-05-05,0.030066037735849052,0.09895283018867926,0.0649433962264151,0.8361037735849057,106,equity
2018-05-06,0.05109285714285714,0.07181428571428572,0.05141428571428572,0.8767571428571429,70,equity
2018-05-07,0.15647999999999998,0.41346,0.257,0.32954,5,commodity
2018-05-07,0.04585656108597285,0.09089140271493211,0.06731674208144797,0.8417918552036199,221,equity
2018-05-08,0.05845,0.28712499999999996,0.2286875,0.48419999999999996,8,commodity
2018-05-08,0.022244791666666673,0.09023263888888888,0.07783333333333335,0.8319270833333332,288,equity
2018-05-09,-0.3320666666666667,0.09128333333333334,0.42336666666666667,0.48538333333333333,6,commodity
2018-05-09,0.02398050541516246,0.08218772563176895,0.07211191335740072,0.8456678700361009,277,equity
2018-05-10,0.3718333333333333,0.4808333333333333,0.10899999999999999,0.4101666666666666,3,commodity
2018-05-10,0.10861633986928103,0.1134967320261438,0.06549019607843139,0.8210098039215686,306,equity
2018-05-11,0.10283333333333333,0.2124,0.10955000000000002,0.6780833333333334,6,commodity
2018-05-11,0.0827467248908297,0.09792139737991266,0.06443231441048035,0.8376288209606987,229,equity
2018-05-12,0.04370851063829788,0.10235106382978724,0.08251063829787235,0.8150851063829788,94,equity
2018-05-13,-0.1341,0.0483,0.1824,0.7692,1,commodity
2018-05-13,0.08239062500000001,0.10672916666666667,0.07298958333333333,0.8203020833333333,96,equity
2018-05-14,-0.081675,0.21263750000000003,0.2943125,0.49305,8,commodity
2018-05-14,0.04491266968325793,0.09353846153846154,0.07337556561085973,0.833081447963801,221,equity
2018-05-15,0.16263333333333332,0.2859333333333333,0.12328333333333331,0.5908166666666667,6,commodity
2018-05-15,0.03831884816753927,0.08804188481675394,0.0686020942408377,0.8433664921465969,191,equity
2018-05-16,0.061472222222222234,0.08975925925925926,0.07226296296296296,0.8379777777777776,270,equity
2018-05-17,0.03215000000000001,0.3829,0.35075,0.26635,2,commodity
2018-05-17,0.06551906779661015,0.10556355932203391,0.07123305084745761,0.8231864406779661,236,equity
2018-05-18,-0.2639625,0.1209125,0.38485,0.4942375,8,commodity
2018-05-18,0.07320990990990991,0.09827927927927926,0.07898198198198197,0.8227297297297298,222,equity
2018-05-19,-0.6597,0.0254,0.6851,0.2895,1,commodity
2018-05-19,0.027446478873239442,0.11338028169014086,0.06042253521126761,0.8261830985915493,71,equity
2018-05-20,0.07727142857142856,0.11708163265306122,0.07444897959183673,0.8083979591836734,98,equity
2018-05-21,0.026883333333333325,0.22525000000000003,0.19836666666666666,0.57635,6,commodity
2018-05-21,0.019033877551020414,0.0870938775510204,0.07634285714285714,0.8365999999999999,245,equity
2018-05-22,0.049600000000000005,0.1968,0.14723333333333333,0.6559666666666667,3,commodity
2018-05-22,0.07320357142857145,0.09769642857142856,0.0718357142857143,0.8304785714285715,280,equity
2018-05-23,0.07981666666666669,0.29085000000000005,0.2110666666666667,0.4981,6,commodity
2018-05-23,-0.012467391304347816,0.0832111801242236,0.09817701863354038,0.818614906832298,322,equity
2018-05-24,-0.0789666666666667,0.21393333333333334,0.29286666666666666,0.4931666666666666,3,commodity
2018-05-24,0.029868581081081085,0.09655067567567567,0.07731081081081081,0.8261418918918919,296,equity
2018-05-25,0.08725000000000001,0.33558333333333334,0.2483166666666667,0.41611666666666663,6,commodity
2018-05-25,0.0608844660194175,0.08971844660194173,0.07447087378640777,0.8358106796116505,206,equity
2018-05-26,-0.6228,0.0229,0.6458,0.3313,1,commodity
2018-05-26,0.08825000000000001,0.0943813559322034,0.07217796610169491,0.833457627118644,118,equity
2018-05-27,0.14317525773195877,0.0940618556701031,0.04091752577319588,0.865,97,equity
2018-05-28,-0.6702,0.0187,0.68885,0.29245,2,commodity
2018-05-28,-0.005259793814432985,0.08843298969072165,0.09482474226804122,0.8167628865979382,97,equity
2018-05-29,-0.18056666666666668,0.1378,0.31836666666666663,0.5438666666666666,3,commodity
2018-05-29,0.036600881057268726,0.099568281938326,0.08704405286343612,0.8133964757709252,227,equity
2018-05-30,0.31677500000000003,0.3425,0.0257,0.631775,4,commodity
2018-05-30,0.040960066006600654,0.10171947194719472,0.07320792079207922,0.8250759075907592,303,equity
2018-05-31,-0.004325000000000023,0.233225,0.23754999999999998,0.5292749999999999,4,commodity
2018-05-31,-0.017978928571428566,0.08317142857142856,0.08825714285714285,0.828575,280,equity
2018-06-01,-0.4140714285714286,0.11570000000000001,0.5297428571428572,0.3545714285714286,7,commodity
2018-06-01,0.08358847583643124,0.11023048327137547,0.08394423791821559,0.8058364312267657,269,equity
2018-06-02,0.05892990654205607,0.10007476635514019,0.07331775700934579,0.8266261682242994,107,equity
2018-06-03,0.050059000000000006,0.09859,0.06559999999999999,0.8358100000000002,100,equity
2018-06-04,-0.44514,0.08471999999999999,0.5299,0.38536,5,commodity
2018-06-04,0.09113532110091743,0.09335321100917432,0.06310550458715597,0.84351376146789,218,equity
2018-06-05,-0.16606666666666667,0.1383,0.30443333333333333,0.5572666666666667,3,commodity
2018-06-05,0.0677858299595142,0.1092591093117409,0.06763967611336033,0.8231052631578948,247,equity
2018-06-06,-0.218125,0.21382500000000002,0.43195,0.35425,4,commodity
2018-06-06,0.09246997319034853,0.11543967828418232,0.07415817694369974,0.8104182305630027,373,equity
2018-06-07,0.33630000000000004,0.4035,0.0672,0.5293,3,commodity
2018-06-07,0.04337718750000001,0.08154062500000002,0.07266874999999999,0.8457875000000001,320,equity
2018-06-08,0.08613333333333334,0.29229999999999995,0.2061666666666667,0.5015333333333333,6,commodity
2018-06-08,0.04770516717325228,0.10188449848024317,0.08006079027355623,0.8180425531914897,329,equity
2018-06-09,0.09277323943661972,0.10417605633802819,0.05338028169014085,0.8424366197183097,142,equity
2018-06-10,-0.1227,0.2272,0.3499,0.423,1,commodity
2018-06-10,0.21939237288135593,0.1046864406779661,0.046593220338983055,0.8486779661016949,118,equity
2018-06-11,-0.04823333333333334,0.1561,0.20436666666666667,0.6395333333333334,3,commodity
2018-06-11,0.07303837638376384,0.09207749077490775,0.06782287822878229,0.8401143911439114,271,equity
2018-06-12,-0.42575,0.0343,0.4601,0.5055499999999999,2,commodity
2018-06-12,0.09270179104477613,0.1038358208955224,0.06503283582089553,0.8311462686567164,335,equity
2018-06-13,-0.010149999999999998,0.16208333333333333,0.17225000000000001,0.6656500000000001,6,commodity
2018-06-13,0.11435912806539507,0.10656130790190736,0.06007356948228883,0.8333787465940055,367,equity
2018-06-14,0.023724999999999982,0.305775,0.282025,0.412175,8,commodity
2018-06-14,0.10078000000000002,0.11549791666666671,0.07491249999999999,0.80960625,480,equity
2018-06-15,0.2559666666666667,0.3773166666666666,0.12135,0.5013,6,commodity
2018-06-15,-0.010599342105263159,0.09094956140350877,0.08571052631578949,0.8233618421052632,456,equity
2018-06-16,-0.0924,0.15226666666666666,0.2447,0.6030333333333333,3,commodity
2018-06-16,0.03361875,0.08738281249999999,0.072796875,0.8397656250000001,128,equity
2018-06-17,0.06892611464968153,0.10434394904458598,0.07718471337579617,0.8184649681528661,157,equity
2018-06-18,-0.49219999999999997,0.08016666666666668,0.5724,0.3474,3,commodity
2018-06-18,0.04440024330900245,0.09910948905109492,0.08302189781021897,0.8178564476885642,411,equity
2018-06-19,-0.45816,0.07198,0.5301400000000001,0.39790000000000003,5,commodity
2018-06-19,0.04351345381526104,0.10107831325301203,0.07730722891566265,0.8216124497991967,498,equity
2018-06-20,-0.05037499999999999,0.148175,0.19854999999999998,0.65325,4,commodity
2018-06-20,0.0408229213483146,0.09727865168539324,0.07507415730337078,0.827647191011236,445,equity
2018-06-21,-0.46136,0.10655999999999999,0.56794,0.3255,5,commodity
2018-06-21,0.0069766519823788505,0.08744493392070483,0.0942797356828194,0.8182533039647576,454,equity
2018-06-22,-0.11054,0.23544,0.34598,0.41856,5,commodity
2018-06-22,0.0027299999999999902,0.08313750000000003,0.0954325,0.8214500000000001,400,equity
2018-06-23,0.2225,0.48793333333333333,0.2654,0.24670000000000003,3,commodity
2018-06-23,0.017215972222222202,0.07042361111111112,0.07530555555555556,0.8542777777777777,144,equity
2018-06-24,0.1172,0.1323,0.0151,0.8526,1,commodity
2018-06-24,0.06893949579831933,0.0901344537815126,0.06980672268907563,0.8400420168067227,119,equity
2018-06-25,0.06602500000000003,0.32589999999999997,0.259875,0.41425,4,commodity
2018-06-25,-0.003951121076233185,0.09037892376681615,0.0869103139013453,0.8227017937219732,446,equity
2018-06-26,-0.144075,0.253875,0.39792500000000003,0.3482,4,commodity
2018-06-26,0.038721449275362314,0.10659130434782611,0.07609565217391305,0.8173072463768116,345,equity
2018-06-27,-0.3145,0.06836666666666667,0.3828666666666667,0.5487666666666666,3,commodity
2018-06-27,-0.010600000000000002,0.09399238578680204,0.09048477157360407,0.8155203045685279,394,equity
2018-06-28,-0.4344799999999999,0.08002,0.5145199999999999,0.40548,5,commodity
2018-06-28,0.01723132530120484,0.09285542168674699,0.08948795180722892,0.8176807228915661,332,equity
2018-06-29,-0.002942857142857152,0.2289857142857143,0.23192857142857143,0.5391,7,commodity
2018-06-29,-0.014171530249110324,0.09111743772241991,0.0823950177935943,0.8264946619217081,281,equity
2018-06-30,-0.7591,0.0227,0.7818,0.1954,1,commodity
2018-06-30,0.05064608695652174,0.08753043478260869,0.05800869565217392,0.8544782608695651,115,equity
2018-07-01,0.0006,0.0602,0.0596,0.8802,1,commodity
2018-07-01,0.04988181818181819,0.09556565656565659,0.0764040404040404,0.828040404040404,99,equity
2018-07-02,-0.523575,0.044875,0.568425,0.3867,4,commodity
2018-07-02,0.05611666666666666,0.10195934959349591,0.08486991869918699,0.813178861788618,246,equity
2018-07-03,-0.28354999999999997,0.183575,0.4671,0.349275,4,commodity
2018-07-03,-0.032595876288659814,0.08496563573883162,0.09871821305841927,0.8163333333333336,291,equity
2018-07-04,-0.215325,0.12835,0.34365,0.528025,4,commodity
2018-07-04,0.12865190839694657,0.129587786259542,0.08258778625954198,0.7878320610687022,131,equity
2018-07-05,-0.020071428571428573,0.20568571428571428,0.2258,0.5685142857142857,7,commodity
2018-07-05,0.003607003891050586,0.08429571984435798,0.09169260700389104,0.8239999999999997,257,equity
2018-07-06,-0.11226,0.19136,0.3036,0.5050600000000001,5,commodity
2018-07-06,-0.003643462897526489,0.09108480565371026,0.09896113074204947,0.8099575971731447,283,equity
2018-07-07,0.08128487394957981,0.10147899159663866,0.0717310924369748,0.8267394957983194,119,equity
2018-07-08,0.1694,0.1858,0.0164,0.7978,1,commodity
2018-07-08,0.1268343137254902,0.10895098039215684,0.05957843137254902,0.8314411764705882,102,equity
2018-07-09,-0.0839,0.157,0.2409,0.6021,1,commodity
2018-07-09,0.035804511278195485,0.09667669172932332,0.07601503759398495,0.8272932330827069,266,equity
2018-07-10,0.099,0.28665,0.18765,0.5257000000000001,2,commodity
2018-07-10,0.08204810495626823,0.1002915451895044,0.0721137026239067,0.827603498542274,343,equity
2018-07-11,-0.47666000000000003,0.054200000000000005,0.5308400000000001,0.41498000000000007,5,commodity
2018-07-11,0.007434965034965036,0.08860139860139858,0.08434615384615383,0.8270244755244753,286,equity
2018-07-12,-0.17093750000000002,0.124025,0.29495,0.581025,8,commodity
2018-07-12,0.026587499999999997,0.10433445945945946,0.08283445945945946,0.812810810810811,296,equity
2018-07-13,-0.5669,0.0244,0.59125,0.3844,2,commodity
2018-07-13,0.08137470817120622,0.10627626459143968,0.06688715953307392,0.8268015564202337,257,equity
2018-07-14,0.0925,0.10383783783783786,0.07721621621621623,0.8189369369369368,111,equity
2018-07-15,0.15926403508771933,0.11016666666666668,0.05098245614035088,0.8388771929824562,114,equity
2018-07-16,-0.1388,0.08650000000000001,0.22529999999999997,0.6881833333333334,6,commodity
2018-07-16,0.07590899653979238,0.10501038062283735,0.06991695501730104,0.8250726643598615,289,equity
2018-07-17,-0.13695,0.1378,0.2747,0.58755,2,commodity
2018-07-17,0.10412402402402401,0.09828528528528527,0.05985585585585585,0.8418738738738738,333,equity
2018-07-18,-0.3219666666666667,0.13376666666666667,0.4557,0.41050000000000003,3,commodity
2018-07-18,0.13928947368421055,0.12171804511278196,0.07046240601503759,0.8078082706766918,266,equity
2018-07-19,0.030749999999999993,0.30585,0.275125,0.419025,4,commodity
2018-07-19,0.057684740259740255,0.0955779220779221,0.0865487012987013,0.8178636363636362,308,equity
2018-07-20,-0.3928,0.039575,0.4324,0.5280499999999999,4,commodity
2018-07-20,0.088110101010101,0.11326936026936028,0.07836363636363637,0.8084006734006735,297,equity
2018-07-21,0.14439292929292927,0.09813131313131311,0.07165656565656565,0.8301919191919191,99,equity
2018-07-22,0.08258545454545453,0.12057272727272729,0.08543636363636363,0.7940272727272726,110,equity
2018-07-23,0.13396666666666665,0.40576666666666666,0.2718333333333333,0.3224,3,commodity
2018-07-23,0.05582081784386618,0.09823048327137546,0.058014869888475845,0.8437695167286244,269,equity
2018-07-24,-0.2708888888888889,0.10442222222222222,0.3753222222222222,0.520288888888889,9,commodity
2018-07-24,0.03832395543175488,0.09674651810584958,0.0725041782729805,0.8307437325905291,359,equity
2018-07-25,-0.24367999999999998,0.15431999999999998,0.39799999999999996,0.44769999999999993,5,commodity
2018-07-25,0.05064809437386569,0.09756805807622508,0.08144283121597096,0.8209800362976407,551,equity
2018-07-26,-0.3565499999999999,0.13706666666666667,0.49363333333333337,0.36928333333333335,6,commodity
2018-07-26,0.032485645161290315,0.09833064516129032,0.07795161290322583,0.823727419354839,620,equity
2018-07-27,-0.26406,0.13576,0.39984000000000003,0.4644399999999999,5,commodity
2018-07-27,0.06437453798767966,0.10877823408624229,0.08344969199178648,0.8077638603696098,487,equity
2018-07-28,0.0700632911392405,0.110126582278481,0.08365189873417721,0.8062088607594937,158,equity
2018-07-29,0.12898017241379311,0.10993965517241379,0.06776724137931034,0.8223189655172415,116,equity
2018-07-30,-0.123725,0.1606,0.2843,0.555125,4,commodity
2018-07-30,-0.00515075757575757,0.09191666666666669,0.08711616161616159,0.8209621212121212,396,equity
2018-07-31,0.4289666666666667,0.4919666666666667,0.06303333333333333,0.445,3,commodity
2018-07-31,0.08287372654155499,0.11890884718498662,0.06694906166219838,0.8141447721179625,373,equity
2018-08-01,-0.5844,0.0425,0.6269,0.3306,1,commodity
2018-08-01,0.06046099290780141,0.10469030732860521,0.08455082742316786,0.8107683215130027,423,equity
2018-08-02,-0.46256,0.10635999999999998,0.56896,0.32464,5,commodity
2018-08-02,0.10044943052391798,0.1129635535307517,0.06311617312072892,0.8239020501138951,439,equity
2018-08-03,0.30894444444444447,0.43456666666666666,0.12561111111111112,0.4398222222222222,9,commodity
2018-08-03,0.08429771986970684,0.09802605863192183,0.05983061889250814,0.8421530944625407,307,equity
2018-08-04,0.05885333333333334,0.07640666666666665,0.059873333333333334,0.8637466666666666,150,equity
2018-08-05,0.03705555555555555,0.08572649572649572,0.05685470085470087,0.8574358974358974,117,equity
2018-08-06,-0.0005750000000000095,0.21595,0.2165375,0.5674874999999999,8,commodity
2018-08-06,0.10699003115264798,0.10154205607476635,0.06206542056074766,0.836411214953271,321,equity
2018-08-07,0.002066666666666661,0.2299,0.22783333333333333,0.5423333333333333,3,commodity
2018-08-07,0.04362473118279568,0.08783154121863798,0.07059498207885302,0.8415591397849463,558,equity
2018-08-08,0.13471666666666668,0.3308333333333333,0.19614999999999996,0.47300000000000003,6,commodity
2018-08-08,0.07925344418052258,0.09058669833729215,0.07082185273159146,0.8386009501187649,421,equity
2018-08-09,0.03495714285714285,0.29272857142857145,0.25775714285714285,0.44954285714285713,7,commodity
2018-08-09,0.07062475728155342,0.10904126213592236,0.06884466019417475,0.822116504854369,412,equity
2018-08-10,-0.1635333333333333,0.1641,0.32763333333333333,0.5082333333333334,3,commodity
2018-08-10,0.09093709677419354,0.11470645161290322,0.06705483870967742,0.818232258064516,310,equity
2018-08-11,0.033004878048780495,0.09002439024390244,0.06552845528455285,0.8444959349593495,123,equity
2018-08-12,0.05839677419354838,0.09851612903225808,0.08226612903225806,0.8192016129032259,124,equity
2018-08-13,-0.13296249999999998,0.23045000000000002,0.3634125,0.40615,8,commodity
2018-08-13,0.010480204778156999,0.08963139931740612,0.07319453924914676,0.837160409556314,293,equity
2018-08-14,0.05449999999999999,0.28894000000000003,0.23445999999999997,0.47664,5,commodity
2018-08-14,0.03132314540059348,0.0903620178041543,0.07343620178041543,0.8361869436201782,337,equity
2018-08-15,-0.46776666666666666,0.022633333333333335,0.4904,0.4869666666666667,3,commodity
2018-08-15,0.051836697247706426,0.09541055045871559,0.08879816513761468,0.8157935779816514,436,equity
2018-08-16,0.3013,0.36119999999999997,0.0599,0.57885,2,commodity
2018-08-16,0.06980604026845637,0.11002460850111856,0.08008053691275167,0.8098926174496646,447,equity
2018-08-17,-0.4321,0.0792,0.5113,0.4095,1,commodity
2018-08-17,0.08484566929133858,0.10446456692913385,0.06946719160104986,0.8260708661417322,381,equity
2018-08-18,-0.02747599999999999,0.09550666666666664,0.09895333333333334,0.8055066666666668,150,equity
2018-08-19,0.05680287769784173,0.0713884892086331,0.08393525179856114,0.8446618705035972,139,equity
2018-08-20,0.13106666666666664,0.36178333333333335,0.23073333333333335,0.40748333333333336,6,commodity
2018-08-20,0.08923288590604025,0.10761409395973155,0.07081879194630872,0.8215503355704697,298,equity
2018-08-21,-0.0858857142857143,0.18004285714285714,0.2659142857142857,0.5540714285714285,7,commodity
2018-08-21,0.04326491228070176,0.1012140350877193,0.07332280701754386,0.8254736842105264,285,equity
2018-08-22,-0.166025,0.23744999999999997,0.403475,0.359075,4,commodity
2018-08-22,0.07392190476190477,0.10524126984126983,0.06762539682539682,0.8271238095238095,315,equity
2018-08-23,-0.16081999999999996,0.19774000000000003,0.35856,0.44367999999999996,5,commodity
2018-08-23,0.12638949044585987,0.12211464968152869,0.0732515923566879,0.8046210191082803,314,equity
2018-08-24,0.15458888888888886,0.3694888888888889,0.21491111111111114,0.4155888888888889,9,commodity
2018-08-24,0.0818223404255319,0.10270478723404254,0.06674202127659574,0.8305531914893617,376,equity
2018-08-25,0.04882094594594595,0.08849324324324326,0.07617567567567568,0.835337837837838,148,equity
2018-08-26,0.16417441860465115,0.1252558139534884,0.06115503875968992,0.8135658914728682,129,equity
2018-08-27,0.4444,0.49219999999999997,0.047799999999999995,0.46005,2,commodity
2018-08-27,0.10206810551558752,0.11070983213429257,0.06507913669064748,0.8242182254196643,417,equity
2018-08-28,0.02336,0.19304,0.16964,0.63728,5,commodity
2018-08-28,0.07197958477508651,0.09442906574394463,0.060044982698961955,0.8455259515570935,289,equity
2018-08-29,-0.1581,0.1535,0.3115666666666667,0.535,3,commodity
2018-08-29,0.0884234096692112,0.11308142493638677,0.07060050890585243,0.8163053435114505,393,equity
2018-08-30,-0.2616,0.12252857142857145,0.38412857142857143,0.49332857142857145,7,commodity
2018-08-30,0.0832575757575758,0.11747222222222221,0.07487626262626264,0.8076414141414141,396,equity
2018-08-31,-0.350625,0.10217500000000002,0.452775,0.445075,4,commodity
2018-08-31,0.10945436893203885,0.11658899676375403,0.06591909385113269,0.8174822006472494,309,equity
2018-09-01,-0.5732,0.049,0.6222,0.3288,1,commodity
2018-09-01,0.06676456692913386,0.09792913385826772,0.0691259842519685,0.8329370078740157,127,equity
2018-09-02,-0.018673381294964025,0.08388489208633093,0.09779136690647482,0.8183525179856116,139,equity
2018-09-03,-0.37115000000000004,0.18875,0.5599166666666667,0.25135,6,commodity
2018-09-03,0.10183939393939394,0.09320606060606063,0.0590060606060606,0.8477696969696968,165,equity
2018-09-04,-0.26716249999999997,0.1782625,0.4454625,0.37627499999999997,8,commodity
2018-09-04,0.05599431818181819,0.09344602272727273,0.06751136363636365,0.8390369318181818,352,equity
2018-09-05,-0.20914999999999997,0.2247333333333333,0.43388333333333334,0.3414,6,commodity
2018-09-05,0.02752199592668024,0.10316904276985744,0.0834663951120163,0.8133482688391037,491,equity
2018-09-06,0.32685,0.400125,0.07327499999999999,0.5266,4,commodity
2018-09-06,0.025183632734530947,0.1005129740518962,0.08102395209580837,0.8184890219560875,501,equity
2018-09-07,-0.37211666666666665,0.12323333333333335,0.4953166666666667,0.38143333333333335,6,commodity
2018-09-07,0.04434156626506024,0.08990963855421685,0.06857228915662651,0.8415060240963859,498,equity
2018-09-08,0.006415384615384609,0.06907692307692309,0.07178846153846155,0.8591282051282051,156,equity
2018-09-09,0.1476780701754386,0.11021929824561404,0.04124561403508772,0.8485701754385964,114,equity
2018-09-10,-0.3492,0.1101875,0.459375,0.430425,8,commodity
2018-09-10,0.05018674242424243,0.08910984848484849,0.06740151515151517,0.8434583333333331,264,equity
2018-09-11,-0.1238,0.2655,0.38925,0.34525,2,commodity
2018-09-11,0.06470416666666666,0.08157692307692307,0.0607179487179487,0.8577019230769233,312,equity
2018-09-12,0.2445,0.2807,0.03615,0.6831,2,commodity
2018-09-12,0.05616032482598608,0.10189559164733179,0.07159164733178654,0.8265058004640372,431,equity
2018-09-13,0.07841543778801843,0.10716359447004609,0.07288248847926267,0.8199654377880183,434,equity
2018-09-14,-0.18474999999999997,0.14163333333333333,0.32639999999999997,0.5319666666666666,6,commodity
2018-09-14,0.12232700534759357,0.11496524064171124,0.05563101604278075,0.8294010695187164,374,equity
2018-09-15,0.15440188679245284,0.11557861635220128,0.052930817610062894,0.831490566037736,159,equity
2018-09-16,0.1331925925925926,0.11056296296296297,0.055748148148148144,0.8336814814814817,135,equity
2018-09-17,0.0935375,0.2878125,0.194275,0.517925,8,commodity
2018-09-17,0.0523539295392954,0.10301355013550136,0.08359620596205962,0.8133848238482385,369,equity
2018-09-18,-0.2329,0.08537499999999999,0.318275,0.5963499999999999,4,commodity
2018-09-18,0.04021861575178999,0.10162052505966589,0.0895489260143198,0.8088305489260142,419,equity
2018-09-19,0.29984999999999995,0.42157500000000003,0.12172500000000001,0.45671249999999997,8,commodity
2018-09-19,0.05349417293233083,0.1054736842105263,0.0783984962406015,0.8161221804511276,532,equity
2018-09-20,0.18159999999999998,0.32747499999999996,0.14589999999999997,0.52665,4,commodity
2018-09-20,0.07825000000000001,0.10186888888888887,0.07656888888888887,0.8215777777777779,450,equity
2018-09-21,0.36911428571428573,0.5049142857142856,0.1358,0.3592857142857143,7,commodity
2018-09-21,0.06157727272727274,0.10744034090909092,0.07878977272727274,0.8137585227272727,352,equity
2018-09-22,0.07893333333333334,0.07790476190476191,0.07004166666666667,0.8520714285714287,168,equity
2018-09-23,0.05960000000000001,0.2416,0.18196666666666664,0.5764333333333332,3,commodity
2018-09-23,0.07908955223880598,0.10827611940298507,0.05680597014925373,0.8348955223880595,134,equity
2018-09-24,-0.41474,0.1303,0.5450200000000001,0.32467999999999997,5,commodity
2018-09-24,0.08912218430034131,0.10969624573378839,0.06991126279863481,0.8204027303754265,293,equity
2018-09-25,-0.02509999999999998,0.24093333333333336,0.2661,0.49300000000000005,3,commodity
2018-09-25,0.12481019108280256,0.1094968152866242,0.05784394904458598,0.83265923566879,314,equity
2018-09-26,-0.25434999999999997,0.04435,0.29865,0.6570499999999999,2,commodity
2018-09-26,0.09953716012084596,0.11173413897280969,0.07117824773413899,0.8170876132930512,331,equity
2018-09-27,0.004812500000000004,0.20432500000000003,0.19951249999999998,0.5961625,8,commodity
2018-09-27,0.06221469979296068,0.11656107660455488,0.0771159420289855,0.8063146997929608,483,equity
2018-09-28,0.04425714285714287,0.27545714285714284,0.23122857142857142,0.49334285714285714,7,commodity
2018-09-28,0.07928419864559821,0.10522347629796842,0.07792099322799097,0.8168442437923251,443,equity
2018-09-29,0.0721723076923077,0.10208205128205128,0.07211794871794872,0.8257794871794871,195,equity
2018-09-30,0.09227102272727272,0.08829545454545454,0.07420454545454545,0.8374829545454545,176,equity
2018-10-01,-0.5214799999999999,0.0493,0.57074,0.37996,5,commodity
2018-10-01,0.08615447941888618,0.0983680387409201,0.06457142857142857,0.8370411622276028,413,equity
2018-10-02,0.5014,0.5765,0.0751,0.3485,1,commodity
2018-10-02,0.0634720812182741,0.08797969543147209,0.071502538071066,0.840517766497462,394,equity
2018-10-03,0.19238000000000002,0.40465999999999996,0.21230000000000002,0.38302,5,commodity
2018-10-03,0.07178299120234603,0.10001173020527859,0.0744457478005865,0.8255571847507333,341,equity
2018-10-04,-0.0631,0.23664285714285715,0.2997142857142857,0.4636571428571429,7,commodity
2018-10-04,0.020691626794258386,0.0874976076555024,0.09574641148325358,0.8167679425837322,418,equity
2018-10-05,-0.28924000000000005,0.09181999999999998,0.3811,0.52706,5,commodity
2018-10-05,0.07382786885245901,0.10173302107728335,0.06546838407494145,0.8328149882903981,427,equity
2018-10-06,0.0969939393939394,0.10387878787878789,0.08312878787878787,0.813,132,equity
2018-10-07,0.12370462962962965,0.09862962962962964,0.059814814814814814,0.8415555555555556,108,equity
2018-10-08,-0.4849,0.0344,0.519325,0.446225,4,commodity
2018-10-08,0.09464932885906038,0.1148724832214765,0.07243288590604027,0.8126946308724833,298,equity
2018-10-09,-0.2009285714285714,0.1703285714285714,0.3712571428571429,0.4583714285714286,7,commodity
2018-10-09,0.07529362318840581,0.09464057971014492,0.07528695652173913,0.8300869565217389,345,equity
2018-10-10,-0.02343750000000002,0.2230125,0.24645,0.5305375,8,commodity
2018-10-10,0.047039594843462255,0.09890976058931863,0.07819705340699816,0.8228950276243092,543,equity
2018-10-11,0.12774000000000002,0.34282,0.21508,0.44214000000000003,5,commodity
2018-10-11,-0.019092621359223298,0.08913980582524271,0.09102912621359226,0.8198310679611654,515,equity
2018-10-12,0.0028090909090909074,0.2824,0.2795909090909091,0.4380181818181818,11,commodity
2018-10-12,0.08578250652741513,0.10865535248041776,0.059044386422976505,0.8323002610966058,383,equity
2018-10-13,0.04771666666666668,0.10232758620689655,0.079316091954023,0.8183735632183907,174,equity
2018-10-14,0.031084666666666674,0.07141333333333333,0.057113333333333335,0.8714866666666667,150,equity
2018-10-15,0.23662,0.37822,0.14157999999999998,0.48016,5,commodity
2018-10-15,0.10267992125984254,0.08908661417322834,0.06804724409448819,0.8428661417322836,254,equity
2018-10-16,0.4494,0.52815,0.0787,0.3931,2,commodity
2018-10-16,0.06537411347517731,0.08648936170212766,0.07023049645390071,0.843276595744681,282,equity
2018-10-17,-0.03222222222222223,0.2308222222222222,0.26303333333333334,0.5061555555555556,9,commodity
2018-10-17,0.06260819112627987,0.08676791808873718,0.06931399317406144,0.8439215017064847,293,equity
2018-10-18,0.20985,0.31089999999999995,0.10105,0.58805,2,commodity
2018-10-18,0.06467090301003343,0.10446822742474918,0.07614715719063546,0.8193846153846152,299,equity
2018-10-19,0.005571428571428584,0.2752,0.2695857142857143,0.4552,7,commodity
2018-10-19,-0.002451515151515153,0.07733670033670034,0.0861851851851852,0.8364680134680134,297,equity
2018-10-20,0.11096176470588237,0.09730882352941178,0.051375000000000004,0.8513455882352943,136,equity
2018-10-21,0.05081985294117647,0.08416176470588235,0.062308823529411764,0.8535367647058822,136,equity
2018-10-22,0.27266,0.32276,0.05008,0.6271800000000001,5,commodity
2018-10-22,0.043267400881057266,0.08188986784140968,0.0636431718061674,0.8544493392070486,227,equity
2018-10-23,0.20378000000000002,0.37851999999999997,0.17468,0.4468,5,commodity
2018-10-23,0.04536724137931036,0.09679022988505748,0.07889655172413793,0.8243103448275864,348,equity
2018-10-24,-0.08803333333333334,0.22276666666666667,0.3108,0.4664333333333333,3,commodity
2018-10-24,0.06215557768924305,0.10870916334661354,0.0815776892430279,0.8097091633466134,502,equity
2018-10-25,0.27695000000000003,0.42605,0.14909999999999998,0.42485,6,commodity
2018-10-25,0.04474554865424431,0.1147929606625259,0.0838281573498965,0.8013850931677019,483,equity
2018-10-26,0.12161000000000002,0.38718,0.26555999999999996,0.34728000000000003,10,commodity
2018-10-26,0.04505978835978836,0.10581216931216927,0.08210317460317461,0.8120978835978834,378,equity
2018-10-27,0.5342,0.5499333333333333,0.015766666666666665,0.4343000000000001,3,commodity
2018-10-27,0.08907440476190477,0.12095238095238098,0.06213690476190476,0.8168928571428573,168,equity
2018-10-28,-0.0465,0.2995,0.3459,0.3546,1,commodity
2018-10-28,0.06905047619047619,0.10307619047619047,0.07977142857142856,0.8171714285714285,105,equity
2018-10-29,0.377875,0.500675,0.12282499999999999,0.37649999999999995,4,commodity
2018-10-29,0.03826111111111111,0.08849999999999998,0.07783838383838383,0.8336767676767677,198,equity
2018-10-30,-0.158175,0.20409999999999998,0.3623,0.43365,4,commodity
2018-10-30,0.022626923076923083,0.08301282051282052,0.0847371794871795,0.8322788461538463,312,equity
2018-10-31,0.09344285714285715,0.23031428571428572,0.1369,0.6327999999999999,7,commodity
2018-10-31,0.0412984496124031,0.09448449612403102,0.0932906976744186,0.8122209302325581,258,equity
2018-11-01,0.2127125,0.3366875,0.123975,0.5393249999999999,8,commodity
2018-11-01,0.0911540816326531,0.11284013605442175,0.07059523809523809,0.8165748299319727,294,equity
2018-11-02,-0.043037500000000006,0.229125,0.27213750000000003,0.4987125,8,commodity
2018-11-02,0.06046611570247935,0.12128512396694215,0.07542148760330578,0.803289256198347,242,equity
2018-11-03,0.11912264150943398,0.12210377358490565,0.05227358490566038,0.8256509433962265,106,equity
2018-11-04,0.09794761904761906,0.09698809523809523,0.040940476190476194,0.8620833333333332,84,equity
2018-11-05,0.17031666666666667,0.3181333333333333,0.14786666666666667,0.5339833333333334,6,commodity
2018-11-05,0.093824064171123,0.09316042780748662,0.06687165775401069,0.8399679144385027,187,equity
2018-11-06,-0.10976000000000001,0.19490000000000002,0.30462,0.5005000000000001,5,commodity
2018-11-06,0.09759438202247189,0.1073988764044944,0.06473033707865168,0.8278820224719101,178,equity
2018-11-07,0.70785,0.71675,0.0089,0.2744,2,commodity
2018-11-07,0.18216132812500002,0.12175390625000002,0.053683593749999994,0.8245546875,256,equity
2018-11-08,-0.27252,0.08218,0.35472000000000004,0.56312,5,commodity
2018-11-08,0.11115000000000003,0.11006722689075629,0.07160084033613445,0.8183403361344537,238,equity
2018-11-09,-0.439975,0.046849999999999996,0.48685,0.466325,4,commodity
2018-11-09,0.07796186770428015,0.09807003891050582,0.07361867704280155,0.8283112840466926,257,equity
2018-11-10,-0.6028,0.0852,0.6881,0.2267,1,commodity
2018-11-10,0.08103781512605042,0.1098235294117647,0.06335294117647058,0.8268403361344537,119,equity
2018-11-11,0.03979090909090909,0.09227272727272728,0.08148051948051949,0.8261948051948053,77,equity
2018-11-12,0.15333750000000002,0.31086250000000004,0.15752499999999997,0.531625,8,commodity
2018-11-12,0.058875949367088606,0.08647679324894515,0.07081856540084387,0.8427130801687763,237,equity
2018-11-13,-0.2521428571428571,0.2016,0.45375714285714286,0.3446714285714286,7,commodity
2018-11-13,0.06301632653061223,0.10251428571428574,0.08170204081632651,0.8157632653061225,245,equity
2018-11-14,0.0192777777777778,0.2469111111111111,0.22762222222222223,0.5254777777777777,9,commodity
2018-11-14,0.05574094827586208,0.09136637931034484,0.07799568965517241,0.8306465517241379,232,equity
2018-11-15,0.32271111111111117,0.4085555555555556,0.08582222222222222,0.5056111111111111,9,commodity
2018-11-15,-0.014634642857142862,0.09265357142857142,0.08924642857142859,0.8181142857142857,280,equity
2018-11-16,0.14843333333333333,0.32945,0.1810166666666667,0.4895333333333333,6,commodity
2018-11-16,0.06558853211009175,0.11795412844036697,0.07572935779816514,0.8063073394495414,218,equity
2018-11-17,0.0794701612903226,0.11566935483870965,0.05835483870967743,0.8259596774193548,124,equity
2018-11-18,0.2322,0.3889,0.1567,0.4545,1,commodity
2018-11-18,0.011377319587628868,0.07824742268041238,0.08951546391752577,0.8322164948453608,97,equity
2018-11-19,0.1051,0.31108749999999996,0.20596250000000002,0.48296249999999996,8,commodity
2018-11-19,0.012507692307692308,0.08008119658119657,0.07636752136752137,0.8435427350427351,234,equity
2018-11-20,-0.16891999999999996,0.26174000000000003,0.4307,0.30758,5,commodity
2018-11-20,0.06721546052631577,0.10044736842105265,0.07134539473684211,0.8282138157894736,304,equity
2018-11-21,0.07082499999999999,0.33221249999999997,0.26141250000000005,0.4063625,8,commodity
2018-11-21,0.0666640350877193,0.09353070175438596,0.06283771929824561,0.8436403508771931,228,equity
2018-11-22,-0.06466666666666665,0.246,0.31070000000000003,0.44333333333333336,3,commodity
2018-11-22,0.12406,0.13883571428571426,0.060250000000000005,0.8009285714285714,140,equity
2018-11-23,0.40364999999999995,0.43100000000000005,0.027299999999999998,0.54175,2,commodity
2018-11-23,0.061817857142857126,0.07002380952380953,0.05269047619047619,0.8773095238095239,168,equity
2018-11-24,0.09111956521739131,0.08404347826086957,0.05976811594202899,0.8562101449275363,138,equity
2018-11-25,0.09682323232323232,0.097010101010101,0.062040404040404035,0.840929292929293,99,equity
2018-11-26,0.12635,0.256,0.129675,0.61435,4,commodity
2018-11-26,0.15013472222222224,0.11975694444444443,0.06040972222222222,0.8198194444444444,144,equity
2018-11-27,0.10574444444444442,0.28851111111111105,0.18275555555555556,0.5287333333333333,9,commodity
2018-11-27,0.11871597633136097,0.10206508875739646,0.05816568047337277,0.8397692307692307,169,equity
2018-11-28,-0.27731,0.06207,0.33938,0.5985400000000001,10,commodity
2018-11-28,0.09762801724137934,0.10988793103448274,0.0660646551724138,0.8240517241379309,232,equity
2018-11-29,0.022220000000000014,0.26960999999999996,0.24739,0.483,10,commodity
2018-11-29,0.08774748603351958,0.09837988826815643,0.0676201117318436,0.8340167597765362,179,equity
2018-11-30,-0.029139999999999992,0.16426000000000002,0.19338000000000002,0.64234,5,commodity
2018-11-30,0.034701604278074866,0.08827272727272727,0.07893048128342246,0.8327860962566844,187,equity
2018-12-01,-0.7523,0.0209,0.7732,0.2059,1,commodity
2018-12-01,0.09399727272727276,0.12343636363636366,0.08411818181818181,0.7924272727272728,110,equity
2018-12-02,0.09553649635036496,0.1188029197080292,0.06965693430656936,0.8115547445255475,137,equity
2018-12-03,0.13116,0.26572,0.13458,0.5997600000000001,5,commodity
2018-12-03,0.06159834024896265,0.0871908713692946,0.07064315352697095,0.8421701244813279,241,equity
2018-12-04,0.3527666666666667,0.4330333333333334,0.08026666666666667,0.4867000000000001,3,commodity
2018-12-04,0.03157837837837838,0.08909266409266409,0.07601930501930503,0.834888030888031,259,equity
2018-12-05,0.4821142857142857,0.5166857142857142,0.034557142857142856,0.4487714285714287,7,commodity
2018-12-05,0.07116024590163934,0.09486475409836065,0.0653483606557377,0.839782786885246,244,equity
2018-12-06,-0.09819999999999997,0.231325,0.32950000000000007,0.439175,4,commodity
2018-12-06,-0.005132573289902278,0.0996482084690554,0.09033876221498371,0.8099934853420196,307,equity
2018-12-07,0.04922499999999999,0.266875,0.21764999999999998,0.515525,4,commodity
2018-12-07,0.07004807017543861,0.10250526315789474,0.07996140350877193,0.8175438596491226,285,equity
2018-12-08,0.6062,0.6242,0.0181,0.3577,1,commodity
2018-12-08,0.06724117647058823,0.089875,0.05163235294117647,0.8585,136,equity
2018-12-09,-0.0182,0.0291,0.0473,0.9235,1,commodity
2018-12-09,0.039832673267326736,0.0946039603960396,0.07313861386138615,0.8322772277227721,101,equity
2018-12-10,-0.12722000000000003,0.18083999999999997,0.30806,0.5111,5,commodity
2018-12-10,0.0059180327868852516,0.09565027322404371,0.08846994535519129,0.815896174863388,183,equity
2018-12-11,0.24155000000000001,0.44065,0.19915,0.3602,2,commodity
2018-12-11,0.0941528384279476,0.10432751091703056,0.06844978165938866,0.8272008733624453,229,equity
2018-12-12,0.43747499999999995,0.48385,0.0464,0.46977500000000005,4,commodity
2018-12-12,0.06354041095890411,0.1073664383561644,0.08496917808219179,0.8076609589041096,292,equity
2018-12-13,-0.36915,0.0751,0.444225,0.4807,4,commodity
2018-12-13,0.08962991452991452,0.0940940170940171,0.06509401709401709,0.8408205128205128,234,equity
2018-12-14,-0.1976,0.14294,0.34054,0.5165,5,commodity
2018-12-14,0.036177777777777774,0.09058666666666666,0.08505777777777777,0.8243599999999999,225,equity
2018-12-15,0.0451101851851852,0.08639814814814814,0.09412962962962963,0.8194814814814815,108,equity
2018-12-16,0.06020270270270271,0.10941891891891892,0.057648648648648645,0.8329324324324324,74,equity
2018-12-17,-0.03263333333333335,0.22513333333333332,0.25773333333333337,0.5171333333333333,3,commodity
2018-12-17,0.053644041450777204,0.10069430051813472,0.0798860103626943,0.8193937823834199,193,equity
2018-12-18,-0.3086,0.1248,0.4334,0.4418,1,commodity
2018-12-18,0.06215388349514565,0.0865776699029126,0.057839805825242716,0.8555679611650486,206,equity
2018-12-19,-0.04014999999999999,0.20639999999999997,0.24655000000000002,0.5471,2,commodity
2018-12-19,0.013558394160583936,0.09710583941605838,0.07189416058394162,0.8309817518248174,274,equity
2018-12-20,0.078125,0.256775,0.17865,0.5646,4,commodity
2018-12-20,0.076296,0.10570545454545456,0.06819636363636362,0.826130909090909,275,equity
2018-12-21,0.1383,0.3647,0.2265,0.4088,1,commodity
2018-12-21,0.027263582089552246,0.10367761194029851,0.07801791044776119,0.8183044776119404,335,equity
2018-12-22,0.08227710280373833,0.11133177570093458,0.06781308411214954,0.8208504672897196,214,equity
2018-12-23,0.10305984848484848,0.0928030303030303,0.05968181818181818,0.8475075757575757,132,equity
2018-12-24,-0.0414,0.2592,0.3006,0.4402,1,commodity
2018-12-24,0.09859196141479101,0.13826688102893891,0.07509324758842444,0.786636655948553,311,equity
2018-12-25,0.6168,0.6425000000000001,0.0257,0.33185,2,commodity
2018-12-25,0.10682850241545895,0.15581642512077298,0.08260869565217392,0.7616038647342994,207,equity
2018-12-26,0.3044,0.4517333333333333,0.14730000000000001,0.40099999999999997,3,commodity
2018-12-26,0.051843986254295545,0.08133333333333333,0.057546391752577315,0.8611134020618558,291,equity
2018-12-27,0.02321707317073171,0.09095121951219513,0.07873170731707317,0.8303240418118467,287,equity
2018-12-28,0.7534,0.776,0.0226,0.2015,1,commodity
2018-12-28,0.07703737864077671,0.10850485436893202,0.07565533980582524,0.8158737864077671,206,equity
2018-12-29,0.1016386554621849,0.09349579831932772,0.08373949579831932,0.8227394957983194,119,equity
2018-12-30,0.04220560747663551,0.08062616822429905,0.07757943925233644,0.8417476635514016,107,equity
2018-12-31,0.05344294478527607,0.10987116564417179,0.06280368098159508,0.8273251533742331,163,equity
2019-01-01,0.4805,0.5037,0.0232,0.4732,1,commodity
2019-01-01,0.21260447761194032,0.17825373134328354,0.06778358208955224,0.7539701492537314,134,equity
2019-01-02,0.304575,0.38439999999999996,0.07985,0.53575,4,commodity
2019-01-02,0.04643257918552037,0.10536651583710407,0.08069230769230769,0.8139049773755656,221,equity
2019-01-03,-0.03492499999999998,0.2476,0.282575,0.469825,4,commodity
2019-01-03,0.05395570469798658,0.086755033557047,0.0632986577181208,0.8499530201342282,298,equity
2019-01-04,-0.23186666666666667,0.06273333333333334,0.29460000000000003,0.6426333333333334,3,commodity
2019-01-04,0.06253566433566432,0.1043916083916084,0.06226223776223777,0.8333356643356644,286,equity
2019-01-05,0.11784811320754716,0.09333018867924531,0.08110377358490566,0.8255660377358492,106,equity
2019-01-06,0.08844827586206895,0.09120689655172413,0.06692241379310344,0.8418879310344827,116,equity
2019-01-07,0.5602,0.5758,0.0156,0.4086,1,commodity
2019-01-07,-0.0021473988439306394,0.07913294797687861,0.08174566473988439,0.8391156069364164,173,equity
2019-01-08,0.12458670212765957,0.10835638297872344,0.07069148936170212,0.8209468085106381,188,equity
2019-01-09,0.32134999999999997,0.46605,0.1447,0.3892,2,commodity
2019-01-09,0.06379715302491103,0.11123131672597866,0.07185053380782917,0.8169252669039145,281,equity
2019-01-10,0.0618625,0.08690999999999999,0.076075,0.8370249999999999,200,equity
2019-01-11,0.7178,0.7531,0.0353,0.2116,1,commodity
2019-01-11,0.10676084656084654,0.10183068783068783,0.05923809523809525,0.8389100529100527,189,equity
2019-01-12,0.14966666666666667,0.11325641025641027,0.0688803418803419,0.8178547008547008,117,equity
2019-01-13,0.12805447154471547,0.10577235772357725,0.06177235772357723,0.8324552845528455,123,equity
2019-01-14,0.1098464480874317,0.09628415300546447,0.0681584699453552,0.8355573770491804,183,equity
2019-01-15,0.6112,0.627,0.0158,0.3572,1,commodity
2019-01-15,0.08481295546558706,0.09822267206477732,0.06922267206477732,0.8325425101214574,247,equity
2019-01-16,0.10740443349753695,0.10829064039408866,0.06187684729064039,0.8298374384236453,203,equity
2019-01-17,0.09164417670682731,0.10893975903614457,0.06756224899598394,0.8234819277108434,249,equity
2019-01-18,0.05952019867549668,0.10080132450331127,0.07145033112582781,0.8277582781456954,302,equity
2019-01-19,0.0556047619047619,0.09991666666666668,0.07965476190476191,0.8204404761904762,168,equity
2019-01-20,0.10039379310344829,0.11500689655172412,0.08560000000000002,0.7993862068965517,145,equity
2019-01-21,0.3082,0.429,0.1208,0.4502,1,commodity
2019-01-21,-0.00853821138211382,0.09195934959349593,0.0986910569105691,0.8093495934959348,123,equity
2019-01-22,0.09746526946107785,0.10397005988023952,0.05786826347305388,0.8381736526946107,167,equity
2019-01-23,0.618,0.6489,0.0309,0.3202,1,commodity
2019-01-23,0.15195282051282052,0.10263589743589742,0.05286153846153846,0.8444923076923077,195,equity
2019-01-24,-0.6001,0.0774,0.6775,0.245,1,commodity
2019-01-24,0.08405882352941177,0.09828151260504205,0.08152941176470588,0.8201974789915966,238,equity
2019-01-25,0.3941,0.4521,0.058,0.49,1,commodity
2019-01-25,0.09059900497512438,0.09472636815920397,0.060064676616915426,0.8451791044776119,201,equity
2019-01-26,0.13859519230769232,0.12005769230769231,0.06710576923076923,0.8128461538461539,104,equity
2019-01-27,0.1975719512195122,0.10103658536585367,0.055804878048780496,0.843158536585366,82,equity
2019-01-28,0.5214,0.5645,0.0431,0.3924,1,commodity
2019-01-28,0.10257010309278351,0.1095103092783505,0.05744845360824742,0.8330515463917525,194,equity
2019-01-29,0.0316030172413793,0.09417241379310345,0.078125,0.8277241379310344,232,equity
2019-01-30,0.7813,0.8203,0.039,0.1407,1,commodity
2019-01-30,0.0453785123966942,0.09816528925619834,0.08781818181818181,0.8140165289256199,242,equity
2019-01-31,-0.25160000000000005,0.040150000000000005,0.2918,0.66805,2,commodity
2019-01-31,0.17222581699346404,0.12390522875816995,0.06413071895424835,0.8119607843137256,306,equity
2019-02-01,0.07,0.1081,0.0381,0.8539,1,commodity
2019-02-01,0.10962474226804125,0.11231958762886597,0.06617525773195876,0.8214845360824742,194,equity
2019-02-02,0.05208601398601398,0.08454545454545453,0.06611888111888112,0.8493636363636364,143,equity
2019-02-03,0.08198021978021978,0.1074945054945055,0.04975824175824176,0.8427362637362636,91,equity
2019-02-04,0.11701803278688525,0.12075956284153007,0.07434426229508197,0.8048852459016395,183,equity
2019-02-05,0.08119934640522875,0.08890196078431375,0.07030718954248366,0.840830065359477,153,equity
2019-02-06,0.08525410958904109,0.08667808219178083,0.06372602739726027,0.8495890410958905,146,equity
2019-02-07,0.09408476821192054,0.11768211920529803,0.07582119205298012,0.806476821192053,151,equity
2019-02-08,0.03375421052631579,0.09843157894736841,0.08259473684210526,0.8189736842105264,190,equity
2019-02-09,0.1907215909090909,0.11542045454545456,0.048522727272727266,0.8360795454545454,88,equity
2019-02-10,0.10842613636363635,0.08295454545454546,0.06589772727272727,0.8511704545454545,88,equity
2019-02-11,0.07939000000000003,0.08091333333333335,0.07614,0.8429599999999999,150,equity
2019-02-12,0.12118430232558143,0.09011046511627907,0.0654767441860465,0.8444127906976745,172,equity
2019-02-13,0.11978275862068966,0.10534975369458127,0.08087684729064039,0.8137389162561578,203,equity
2019-02-14,0.10944666666666666,0.10607111111111112,0.06825333333333333,0.8256933333333334,225,equity
2019-02-15,0.11283206521739132,0.1083586956521739,0.06561956521739132,0.8260326086956524,184,equity
2019-02-16,0.06066595744680851,0.15280851063829787,0.060638297872340416,0.7865744680851062,47,equity
2019-02-17,0.16302333333333333,0.11505555555555556,0.0673,0.8176444444444444,90,equity
2019-02-18,0.09110645161290323,0.11957258064516128,0.06724193548387097,0.8131612903225808,124,equity
2019-02-19,0.18210215827338128,0.13325899280575537,0.05914388489208632,0.8076187050359712,139,equity
2019-02-20,0.1590415204678363,0.10447953216374269,0.05051461988304092,0.8450175438596492,171,equity
2019-02-21,0.08482857142857145,0.11121428571428571,0.06180219780219781,0.826978021978022,182,equity
2019-02-22,0.0801439024390244,0.09116260162601625,0.061821138211382104,0.8470040650406504,246,equity
2019-02-23,0.11699119496855347,0.13886792452830188,0.06108805031446542,0.8000440251572327,159,equity
2019-02-24,0.15347125,0.12600000000000003,0.054112499999999994,0.8198624999999999,80,equity
2019-02-25,0.11470058139534886,0.11137790697674418,0.06386627906976744,0.824767441860465,172,equity
2019-02-26,0.07481005291005291,0.10245502645502644,0.06553439153439153,0.8320105820105822,189,equity
2019-02-27,0.06977641509433964,0.11109905660377357,0.05952358490566038,0.829377358490566,212,equity
2019-02-28,0.13388076923076925,0.12173076923076925,0.05600769230769231,0.8222461538461538,130,equity
2019-03-01,0.05065138121546963,0.09688950276243095,0.07083425414364641,0.8323149171270718,181,equity
2019-03-02,0.1029821052631579,0.11544210526315792,0.06810526315789474,0.8164631578947369,95,equity
2019-03-03,-0.006466666666666665,0.08758024691358024,0.08887654320987654,0.8235555555555555,81,equity
2019-03-04,0.07994275862068967,0.09353793103448275,0.07011034482758621,0.8363379310344828,145,equity
2019-03-05,0.08511564245810059,0.09127374301675976,0.06610614525139666,0.8426424581005588,179,equity
2019-03-06,0.07404606060606062,0.09235151515151516,0.06509696969696968,0.8425575757575757,165,equity
2019-03-07,0.043782258064516126,0.10458602150537635,0.08555376344086021,0.8098494623655914,186,equity
2019-03-08,0.058016,0.09721142857142857,0.07628571428571429,0.8264914285714287,175,equity
2019-03-09,0.03507553191489362,0.11661702127659575,0.08308510638297872,0.8003191489361703,94,equity
2019-03-10,0.09460454545454546,0.08779545454545455,0.07020454545454546,0.8419659090909092,88,equity
2019-03-11,0.024612068965517243,0.09808045977011495,0.07714367816091953,0.8247873563218393,174,equity
2019-03-12,0.04543979057591624,0.08944502617801046,0.07990052356020942,0.8306492146596859,191,equity
2019-03-13,0.057885786802030464,0.08872081218274111,0.06412690355329949,0.8471675126903553,197,equity
2019-03-14,0.0653314814814815,0.08462962962962964,0.0704074074074074,0.8449629629629629,162,equity
2019-03-15,0.1742877300613497,0.12101226993865032,0.059288343558282205,0.8197116564417178,163,equity
2019-03-16,0.0691673076923077,0.08254807692307693,0.05828846153846154,0.8591634615384615,104,equity
2019-03-17,0.05104430379746836,0.06662025316455696,0.05879746835443037,0.8745569620253163,79,equity
2019-03-18,0.09370256410256413,0.11882051282051283,0.06285897435897435,0.8183141025641026,156,equity
2019-03-19,0.09933971631205675,0.1078368794326241,0.06493617021276596,0.8272056737588652,141,equity
2019-03-20,0.06120427807486631,0.10221390374331552,0.07466844919786098,0.8231176470588235,187,equity
2019-03-21,0.08845312500000002,0.11499553571428571,0.06248214285714286,0.8225223214285714,224,equity
2019-03-22,0.09993376623376624,0.11527705627705627,0.07084415584415585,0.8138787878787879,231,equity
2019-03-23,0.05007999999999999,0.07434000000000002,0.07453,0.8511199999999998,100,equity
2019-03-24,0.09692336448598132,0.08850467289719625,0.06989719626168224,0.8415887850467291,107,equity
2019-03-25,0.07213834586466165,0.08576691729323309,0.0858796992481203,0.8283308270676693,133,equity
2019-03-26,0.10598344370860929,0.11244370860927151,0.07612582781456954,0.811476821192053,151,equity
2019-03-27,0.1059181818181818,0.09533333333333333,0.06121212121212121,0.8434469696969696,132,equity
2019-03-28,0.14128780487804876,0.10601829268292683,0.062115853658536585,0.8318719512195123,164,equity
2019-03-29,0.12949938650306747,0.10433742331288344,0.07269325153374233,0.8229447852760737,163,equity
2019-03-30,0.19121744186046513,0.10133720930232558,0.04727906976744186,0.8513372093023256,86,equity
2019-03-31,0.0684263888888889,0.07112500000000001,0.07052777777777779,0.8582638888888889,72,equity
2019-04-01,0.0683898648648649,0.0929054054054054,0.06012162162162162,0.8469932432432433,148,equity
2019-04-02,0.09725961538461539,0.11739903846153846,0.07071153846153846,0.811875,208,equity
2019-04-03,0.11510050761421318,0.09600507614213198,0.055619289340101526,0.8483908629441624,197,equity
2019-04-04,0.08755802469135802,0.09277777777777776,0.06027572016460905,0.8469547325102879,243,equity
2019-04-05,0.11199722222222219,0.09711666666666666,0.0627611111111111,0.8401333333333333,180,equity
2019-04-06,0.032473404255319145,0.07159574468085106,0.0693936170212766,0.8589893617021276,94,equity
2019-04-07,0.19359238095238096,0.14106666666666667,0.07408571428571428,0.7848285714285715,105,equity
2019-04-08,0.12907748344370865,0.0992185430463576,0.058576158940397346,0.8421788079470197,151,equity
2019-04-09,0.09637103825136616,0.10415846994535521,0.0763224043715847,0.8195191256830602,183,equity
2019-04-10,0.09061623931623931,0.1012136752136752,0.05387179487179487,0.8449102564102564,234,equity
2019-04-11,0.11501193181818183,0.10028977272727273,0.06743181818181818,0.8322784090909091,176,equity
2019-04-12,0.17174055944055944,0.14773076923076922,0.04822377622377623,0.8040489510489509,286,equity
2019-04-13,0.16838439716312056,0.12829078014184397,0.04448936170212767,0.8272340425531916,141,equity
2019-04-14,0.06341240875912409,0.0923941605839416,0.06813868613138686,0.8394963503649636,137,equity
2019-04-15,0.07273970588235294,0.09949019607843138,0.07597058823529411,0.8245392156862744,204,equity
2019-04-16,0.153603125,0.11459375000000001,0.06052734374999999,0.8248828125000002,256,equity
2019-04-17,0.06161981981981982,0.08661261261261262,0.06397747747747747,0.8493963963963963,222,equity
2019-04-18,0.09775714285714288,0.08207142857142857,0.0590625,0.8588839285714286,224,equity
2019-04-19,0.0659779411764706,0.11581617647058823,0.0726985294117647,0.8115147058823529,136,equity
2019-04-20,0.07820842105263157,0.09495789473684212,0.05108421052631579,0.8539473684210527,95,equity
2019-04-21,0.03474266666666667,0.08561333333333333,0.07529333333333334,0.8391333333333334,75,equity
2019-04-22,0.09975124999999999,0.09143124999999999,0.06645000000000001,0.8421437499999997,160,equity
2019-04-23,0.11206837944664032,0.09964031620553361,0.052932806324110654,0.847403162055336,253,equity
2019-04-24,0.0747751937984496,0.09867441860465116,0.061038759689922485,0.8402558139534884,258,equity
2019-04-25,0.12664018691588785,0.13234267912772588,0.06236760124610591,0.8052772585669781,321,equity
2019-04-26,0.14173108108108107,0.11940878378378378,0.050929054054054054,0.8296689189189189,296,equity
2019-04-27,0.08561257485029941,0.10892814371257484,0.06447305389221557,0.8265808383233532,167,equity
2019-04-28,0.20387939393939397,0.09967272727272729,0.045478787878787875,0.8548121212121212,165,equity
2019-04-29,0.18455278969957084,0.1239570815450644,0.050051502145922744,0.825991416309013,233,equity
2019-04-30,0.09792720848056534,0.11043816254416963,0.06163604240282686,0.8279151943462898,283,equity
2019-05-01,0.0626372093023256,0.09540310077519379,0.056519379844961234,0.8481007751937985,258,equity
2019-05-02,0.09718489932885908,0.10643624161073825,0.058597315436241595,0.8349630872483222,298,equity
2019-05-03,0.08317590361445783,0.11194377510040161,0.061983935742971875,0.8260803212851406,249,equity
2019-05-04,0.11817862595419848,0.09776335877862595,0.06591603053435115,0.8362977099236641,131,equity
2019-05-05,0.08329879518072288,0.0945421686746988,0.0807710843373494,0.824644578313253,166,equity
2019-05-06,0.06700925925925928,0.10568827160493828,0.06410493827160493,0.8302006172839503,324,equity
2019-05-07,0.07803174603174605,0.11434126984126984,0.06813492063492065,0.8175357142857143,252,equity
2019-05-08,0.07020037313432835,0.09467537313432835,0.06684328358208955,0.8384888059701494,268,equity
2019-05-09,0.0929519108280255,0.10507643312101908,0.05985668789808918,0.8350764331210193,314,equity
2019-05-10,0.08339196141479098,0.09671061093247589,0.07263022508038586,0.8306784565916399,311,equity
2019-05-11,0.10376666666666667,0.10083333333333332,0.07720370370370372,0.821962962962963,108,equity
2019-05-12,0.029011764705882355,0.11721568627450982,0.07630392156862746,0.8064803921568627,102,equity
2019-05-13,0.06187490196078432,0.09523921568627451,0.07123137254901961,0.8335372549019608,255,equity
2019-05-14,0.10569105263157898,0.10773157894736843,0.07539473684210526,0.8168684210526314,190,equity
2019-05-15,0.10085526315789473,0.0962017543859649,0.06384649122807017,0.8399473684210528,228,equity
2019-05-16,0.15092291666666666,0.10575,0.06776562500000001,0.8264947916666666,192,equity
2019-05-17,0.10063480662983428,0.11031491712707181,0.0735524861878453,0.8161491712707183,181,equity
2019-05-18,0.06099898989898988,0.12325252525252525,0.08027272727272727,0.7964545454545455,99,equity
2019-05-19,0.06791,0.07027142857142858,0.065,0.8647428571428571,70,equity
2019-05-20,0.04175,0.08886021505376343,0.07473655913978494,0.8364086021505377,186,equity
2019-05-21,0.07429809523809522,0.08981904761904762,0.07380952380952381,0.8363619047619049,105,equity
2019-05-22,0.1194575471698113,0.08184905660377359,0.06968867924528302,0.8485094339622641,106,equity
2019-05-23,0.06324391891891891,0.08788513513513514,0.08283783783783782,0.8292837837837838,148,equity
2019-05-24,0.03481650485436895,0.07716504854368933,0.07370873786407765,0.8491747572815534,103,equity
2019-05-25,0.1561878787878788,0.08831818181818181,0.05051515151515151,0.8611666666666665,66,equity
2019-05-26,0.07705128205128207,0.06415384615384614,0.08056410256410257,0.8553076923076923,39,equity
2019-05-27,0.12089599999999999,0.07118666666666668,0.050146666666666666,0.8787200000000002,75,equity
2019-05-28,0.08978526315789476,0.09702105263157895,0.08005263157894738,0.8228947368421052,95,equity
2019-05-29,0.08588260869565216,0.09490579710144928,0.07259420289855072,0.8324927536231883,138,equity
2019-05-30,-0.007707284768211922,0.09048344370860928,0.08595364238410595,0.8235430463576158,151,equity
2019-05-31,0.04700765957446809,0.09793617021276596,0.07767659574468085,0.8243829787234044,235,equity
2019-06-01,0.06716124031007752,0.09993798449612402,0.07503100775193798,0.8250232558139536,129,equity
2019-06-02,0.06814500000000001,0.10032,0.07629,0.82337,100,equity
2019-06-03,0.04442176470588234,0.10234117647058821,0.07628235294117647,0.8213941176470588,170,equity
2019-06-04,0.03484145077720206,0.08447668393782383,0.08426943005181349,0.8312487046632123,193,equity
2019-06-05,0.05305086956521737,0.08314782608695653,0.06712173913043477,0.8497304347826087,230,equity
2019-06-06,0.04754262295081966,0.10116803278688526,0.08572131147540983,0.8130778688524591,244,equity
2019-06-07,0.09810889830508475,0.10452118644067797,0.07536864406779659,0.8200762711864406,236,equity
2019-06-08,0.08536598639455781,0.1181700680272109,0.07953741496598639,0.802312925170068,147,equity
2019-06-09,0.07911809523809524,0.11711428571428573,0.08062857142857142,0.8021999999999999,105,equity
2019-06-10,0.045791351351351345,0.08709729729729729,0.0788,0.8340810810810809,185,equity
2019-06-11,0.1290131868131868,0.09815934065934068,0.05735164835164835,0.8445109890109889,182,equity
2019-06-12,0.061445493562231765,0.09128326180257512,0.07904291845493562,0.829656652360515,233,equity
2019-06-13,0.09528,0.10313529411764706,0.0777529411764706,0.8191058823529411,170,equity
2019-06-14,0.05632046783625731,0.08137426900584795,0.06829239766081872,0.8503625730994152,171,equity
2019-06-15,0.00718673469387755,0.07612244897959183,0.07503061224489796,0.8488673469387754,98,equity
2019-06-16,0.1155120879120879,0.0941868131868132,0.06254945054945055,0.8432747252747252,91,equity
2019-06-17,0.08915062500000001,0.10339374999999999,0.05326249999999999,0.8434062499999999,160,equity
2019-06-18,0.1877845410628019,0.13922222222222222,0.05961835748792271,0.8011497584541063,207,equity
2019-06-19,0.0914312883435583,0.09565644171779142,0.06634969325153374,0.8380122699386502,163,equity
2019-06-20,0.0718225296442688,0.10366798418972333,0.08187747035573123,0.8144584980237156,253,equity
2019-06-21,0.05534837209302325,0.0919813953488372,0.06749302325581395,0.8405348837209303,215,equity
2019-06-22,0.024565137614678892,0.07410091743119265,0.07196330275229357,0.8539174311926605,109,equity
2019-06-23,0.06805857142857143,0.07925714285714286,0.06384285714285713,0.8568714285714286,70,equity
2019-06-24,0.0673108843537415,0.10174149659863946,0.07693197278911564,0.8213265306122448,147,equity
2019-06-25,0.06361158536585367,0.11209146341463413,0.10058536585365856,0.7873231707317073,164,equity
2019-06-26,0.1119600985221675,0.098128078817734,0.06659113300492611,0.8352610837438423,203,equity
2019-06-27,0.15330617283950618,0.10684567901234568,0.05259876543209877,0.8405370370370371,162,equity
2019-06-28,0.08346857142857142,0.11551428571428571,0.07259428571428572,0.81188,175,equity
2019-06-29,0.04914214876033057,0.11238016528925619,0.08640495867768595,0.8011900826446281,121,equity
2019-06-30,0.09911832061068701,0.09206870229007633,0.06420610687022901,0.8437175572519084,131,equity
2019-07-01,0.1237985221674877,0.1143399014778325,0.05504433497536945,0.8305960591133005,203,equity
2019-07-02,0.11652995169082124,0.10642028985507244,0.06458937198067632,0.8289855072463768,207,equity
2019-07-03,0.06744897959183672,0.10997448979591837,0.0698622448979592,0.8201530612244898,196,equity
2019-07-04,0.16128363636363635,0.10964545454545457,0.060990909090909096,0.8293363636363635,110,equity
2019-07-05,0.11316384615384617,0.11180769230769229,0.07693076923076923,0.8111846153846152,130,equity
2019-07-06,0.11988999999999998,0.08853333333333332,0.057,0.8545000000000001,60,equity
2019-07-07,0.14946703296703295,0.12682417582417582,0.0668021978021978,0.8063736263736265,91,equity
2019-07-08,0.043238571428571446,0.10362142857142856,0.08064285714285714,0.8157142857142857,140,equity
2019-07-09,0.10059447513812154,0.12322651933701659,0.0740939226519337,0.8027071823204422,181,equity
2019-07-10,0.11283529411764706,0.10291596638655463,0.062172268907563034,0.8349285714285714,238,equity
2019-07-11,0.08172432432432433,0.10179459459459458,0.058329729729729725,0.8398918918918918,185,equity
2019-07-12,0.12057458563535911,0.1262707182320442,0.06493370165745857,0.8087513812154695,181,equity
2019-07-13,-0.011057142857142864,0.07052747252747252,0.06730769230769232,0.8621868131868132,91,equity
2019-07-14,0.05875545454545456,0.0789909090909091,0.05114545454545454,0.8698545454545454,110,equity
2019-07-15,0.07954339622641508,0.09071698113207548,0.07405031446540881,0.8352704402515723,159,equity
2019-07-16,0.07502582781456953,0.08839072847682118,0.07370860927152317,0.8379139072847681,151,equity
2019-07-17,0.14193166666666668,0.11170833333333334,0.05617500000000001,0.8321083333333334,240,equity
2019-07-18,0.14015576036866356,0.11052995391705069,0.06336405529953916,0.8261105990783408,217,equity
2019-07-19,0.10390052083333334,0.10546875,0.06394791666666666,0.8306041666666665,192,equity
2019-07-20,0.014797260273972603,0.08701369863013698,0.08826027397260273,0.8247260273972602,73,equity
2019-07-21,0.14625066666666664,0.08830666666666666,0.07058666666666666,0.8412,75,equity
2019-07-22,0.0806108280254777,0.09329936305732484,0.06849044585987261,0.8381910828025478,157,equity
2019-07-23,0.08544913793103447,0.08538793103448275,0.06484913793103449,0.8497715517241378,232,equity
2019-07-24,0.07155762711864405,0.09703728813559322,0.07753898305084747,0.8254169491525424,295,equity
2019-07-25,0.10921854304635764,0.11873841059602652,0.07111258278145695,0.8101523178807946,302,equity
2019-07-26,0.17218601694915256,0.11246610169491526,0.06612711864406778,0.8214152542372881,236,equity
2019-07-27,0.1331453781512605,0.1095966386554622,0.06515126050420167,0.8252268907563025,119,equity
2019-07-28,0.15338350515463917,0.12388659793814435,0.0762680412371134,0.7998556701030928,97,equity
2019-07-29,0.14992613065326632,0.10180904522613066,0.06876884422110552,0.8294221105527637,199,equity
2019-07-30,0.09019307692307693,0.09966153846153847,0.07216923076923076,0.8281692307692308,260,equity
2019-07-31,0.10760639730639733,0.11373063973063975,0.07096969696969697,0.8152996632996631,297,equity
2019-08-01,0.11904479495268139,0.1180315457413249,0.06567507886435332,0.816309148264984,317,equity
2019-08-02,0.08275535168195716,0.11606422018348625,0.0764434250764526,0.8074954128440367,327,equity
2019-08-03,0.12825857142857142,0.11425714285714286,0.06475000000000002,0.8209500000000002,140,equity
2019-08-04,0.07242336448598131,0.09678504672897197,0.06746728971962618,0.8357476635514017,107,equity
2019-08-05,0.024821038251366136,0.10045901639344262,0.08524590163934428,0.8143224043715844,366,equity
2019-08-06,0.04964573170731706,0.1072469512195122,0.06867682926829269,0.8240579268292685,328,equity
2019-08-07,0.08398048048048048,0.10755855855855853,0.06394294294294295,0.8284924924924925,333,equity
2019-08-08,0.07384236453201973,0.11429556650246304,0.08226847290640395,0.8034187192118227,406,equity
2019-08-09,0.11772992957746475,0.10223239436619717,0.0628450704225352,0.8349084507042253,284,equity
2019-08-10,0.06929867549668875,0.0866158940397351,0.07606622516556291,0.837317880794702,151,equity
2019-08-11,0.0958186274509804,0.12998039215686275,0.07498039215686274,0.7949901960784314,102,equity
2019-08-12,0.08210590909090912,0.08429545454545453,0.07142272727272726,0.8442863636363637,220,equity
2019-08-13,0.08275897435897435,0.08988141025641025,0.07212179487179488,0.8379871794871795,312,equity
2019-08-14,0.04624846743295021,0.10041762452107279,0.08118390804597704,0.8183735632183908,522,equity
2019-08-15,-0.007950925925925929,0.0832685185185185,0.09273842592592592,0.8239976851851852,432,equity
2019-08-16,0.04755714285714286,0.09656493506493503,0.07612662337662336,0.8273084415584416,308,equity
2019-08-17,0.08485025641025641,0.09114358974358974,0.08681025641025643,0.8220615384615386,195,equity
2019-08-18,0.11001272727272728,0.10826666666666668,0.06193333333333334,0.829787878787879,165,equity
2019-08-19,0.08788666666666667,0.10940370370370371,0.07393703703703702,0.8167,270,equity
2019-08-20,0.0019857707509881623,0.08229249011857707,0.08395256916996048,0.8337509881422925,253,equity
2019-08-21,0.11827264957264957,0.10910256410256411,0.06073504273504274,0.8301595441595441,351,equity
2019-08-22,0.06223393939393939,0.09195151515151516,0.06274242424242424,0.8453121212121212,330,equity
2019-08-23,0.05016054158607352,0.09937330754352032,0.08274661508704063,0.8178781431334622,517,equity
2019-08-24,0.017009359605911333,0.10364532019704435,0.07723152709359607,0.8190985221674876,203,equity
2019-08-25,0.0002567307692307666,0.08686057692307694,0.07861538461538461,0.8345048076923077,208,equity
2019-08-26,0.03733485342019545,0.0950912052117264,0.076,0.8289087947882735,307,equity
2019-08-27,0.06553195488721804,0.10884962406015038,0.07279699248120301,0.8183308270676691,266,equity
2019-08-28,0.0786326359832636,0.11209205020920501,0.0815397489539749,0.8063849372384937,239,equity
2019-08-29,0.0437981617647059,0.10652205882352941,0.07045220588235293,0.8230183823529411,272,equity
2019-08-30,0.07951929824561405,0.10102456140350877,0.07871929824561405,0.8202456140350881,285,equity
2019-08-31,0.12012406015037592,0.10151879699248122,0.0503984962406015,0.8480827067669174,133,equity
2019-09-01,-0.013694505494505503,0.08503296703296703,0.06585714285714286,0.8491428571428571,91,equity
2019-09-02,-0.026330701754385972,0.1048859649122807,0.06992105263157895,0.8251842105263156,114,equity
2019-09-03,0.013747852760736196,0.07179754601226995,0.06941717791411042,0.8587914110429448,163,equity
2019-09-04,0.09030752212389381,0.11592920353982303,0.06149557522123893,0.8225707964601771,226,equity
2019-09-05,0.09603185483870967,0.10104032258064516,0.0724274193548387,0.8265362903225806,248,equity
2019-09-06,0.11979017857142855,0.11623214285714285,0.07820089285714286,0.8055982142857143,224,equity
2019-09-07,0.12616638655462184,0.09574789915966385,0.05347899159663866,0.8507731092436975,119,equity
2019-09-08,0.046267816091953996,0.06964367816091953,0.06503448275862068,0.8653103448275862,87,equity
2019-09-09,0.06602955665024628,0.09418226600985222,0.0706206896551724,0.8351773399014778,203,equity
2019-09-10,0.13542467532467534,0.11223376623376624,0.05978354978354978,0.8280086580086582,231,equity
2019-09-11,0.102834375,0.09585546875,0.053828125000000004,0.8503164062500002,256,equity
2019-09-12,0.049977178423236505,0.09944813278008298,0.07787966804979253,0.8226846473029044,241,equity
2019-09-13,0.09663443396226415,0.09529245283018868,0.05957547169811322,0.8451556603773585,212,equity
2019-09-14,0.02573271028037383,0.08388785046728973,0.0651588785046729,0.8509999999999999,107,equity
2019-09-15,0.006265909090909097,0.10407954545454544,0.08093181818181817,0.8149886363636363,88,equity
2019-09-16,0.1265642105263158,0.11266315789473684,0.05822631578947369,0.8291368421052632,190,equity
2019-09-17,0.1210864734299517,0.10258454106280195,0.06730434782608695,0.83012077294686,207,equity
2019-09-18,0.05737040358744396,0.09934529147982063,0.07569955156950672,0.8249775784753366,223,equity
2019-09-19,0.05530058823529412,0.1008705882352941,0.09015294117647059,0.8089882352941178,170,equity
2019-09-20,0.03557456896551724,0.10507758620689656,0.0777801724137931,0.8171637931034482,232,equity
2019-09-21,0.08971454545454546,0.08943636363636365,0.07733636363636363,0.8332363636363634,110,equity
2019-09-22,0.1313090909090909,0.1004659090909091,0.06504545454545455,0.8344999999999999,88,equity
2019-09-23,-0.04498214285714286,0.08837499999999998,0.08868452380952381,0.8228809523809526,168,equity
2019-09-24,0.02730368852459016,0.0884672131147541,0.07847540983606559,0.833045081967213,244,equity
2019-09-25,0.04323564814814814,0.10113425925925926,0.07264814814814816,0.8262222222222222,216,equity
2019-09-26,0.06233856502242152,0.1003452914798206,0.07104035874439461,0.8286322869955158,223,equity
2019-09-27,-0.00522641509433963,0.0967877358490566,0.08257075471698114,0.820627358490566,212,equity
2019-09-28,0.08544395604395606,0.10032967032967034,0.06550549450549452,0.834131868131868,91,equity
2019-09-29,0.16317179487179487,0.10750000000000003,0.036884615384615384,0.855628205128205,78,equity
2019-09-30,-0.036500000000000005,0.08002649006622517,0.08231125827814569,0.8377218543046357,151,equity
2019-10-01,0.08529054054054054,0.11842792792792792,0.05773873873873874,0.8238378378378378,222,equity
2019-10-02,0.004408118081180823,0.09463468634686346,0.08639483394833948,0.8189667896678967,271,equity
2019-10-03,0.0775760956175299,0.1021195219123506,0.06828685258964144,0.8295816733067729,251,equity
2019-10-04,0.07120167597765363,0.11275977653631286,0.0721340782122905,0.8151396648044692,179,equity
2019-10-05,0.11616333333333337,0.09511111111111112,0.06109999999999999,0.8437666666666666,90,equity
2019-10-06,0.0745054054054054,0.10128378378378379,0.06882432432432432,0.8298513513513514,74,equity
2019-10-07,0.09740000000000001,0.1039779411764706,0.0666764705882353,0.8293235294117646,136,equity
2019-10-08,0.13682029702970297,0.11291089108910891,0.07099009900990098,0.8160940594059406,202,equity
2019-10-09,0.0348806603773585,0.09494811320754719,0.07675943396226415,0.8283066037735849,212,equity
2019-10-10,0.08507038834951454,0.0912766990291262,0.07033495145631068,0.8384223300970872,206,equity
2019-10-11,0.02447649572649574,0.10342307692307691,0.08025213675213674,0.8163376068376069,234,equity
2019-10-12,0.11573106796116506,0.09085436893203884,0.05421359223300971,0.8549514563106795,103,equity
2019-10-13,0.16943690476190476,0.1162142857142857,0.05928571428571429,0.8244761904761905,84,equity
2019-10-14,0.06813205128205127,0.09347435897435898,0.07539743589743589,0.8311538461538464,156,equity
2019-10-15,0.0592825396825397,0.10759259259259257,0.06902116402116402,0.8233862433862434,189,equity
2019-10-16,0.06104000000000001,0.09846666666666667,0.08365238095238095,0.8178809523809526,210,equity
2019-10-17,0.029733333333333334,0.08966666666666667,0.08037142857142857,0.8299619047619048,210,equity
2019-10-18,0.10503250000000001,0.109625,0.06906499999999999,0.82134,200,equity
2019-10-19,0.1369,0.10931623931623931,0.07397435897435899,0.8167094017094018,117,equity
2019-10-20,0.08150582524271846,0.09760194174757282,0.05023300970873787,0.8521650485436891,103,equity
2019-10-21,0.16469175824175825,0.1156043956043956,0.052417582417582424,0.8319890109890111,182,equity
2019-10-22,0.08221198156682027,0.10725806451612904,0.07622119815668202,0.816520737327189,217,equity
2019-10-23,0.16227966101694916,0.10606779661016949,0.060599999999999994,0.8333220338983051,295,equity
2019-10-24,0.11911269349845201,0.13519504643962846,0.06508049535603716,0.7997306501547989,323,equity
2019-10-25,0.12779407114624505,0.10803952569169961,0.048114624505928856,0.8438260869565218,253,equity
2019-10-26,0.09722016806722687,0.10467226890756302,0.05878991596638656,0.8365210084033613,119,equity
2019-10-27,0.1330904761904762,0.09659523809523811,0.07203174603174603,0.831404761904762,126,equity
2019-10-28,0.08112893617021277,0.08994468085106383,0.06273617021276597,0.847323404255319,235,equity
2019-10-29,0.11826296296296297,0.11151028806584362,0.07263374485596708,0.8158559670781895,243,equity
2019-10-30,0.1301175257731959,0.09556701030927833,0.06729896907216494,0.8371340206185567,291,equity
2019-10-31,0.04993139013452916,0.08673094170403586,0.07214798206278027,0.8411255605381165,223,equity
2019-11-01,0.15229775280898875,0.1306816479400749,0.06120224719101124,0.8080898876404496,267,equity
2019-11-02,0.1629875,0.10725833333333336,0.065675,0.8270583333333335,120,equity
2019-11-03,0.12481159420289856,0.11960144927536234,0.0727463768115942,0.8076666666666666,138,equity
2019-11-04,0.10426666666666667,0.1154421052631579,0.06424912280701754,0.8203017543859648,285,equity
2019-11-05,0.027746062992125987,0.09456299212598428,0.08273031496062992,0.8226968503937007,508,equity
2019-11-06,0.0802656862745098,0.09746470588235293,0.07004901960784314,0.8324941176470588,510,equity
2019-11-07,0.07488806682577565,0.1031861575178998,0.06840811455847257,0.8283985680190931,419,equity
2019-11-08,0.11018841698841703,0.1013088803088803,0.07266023166023164,0.8260386100386101,259,equity
2019-11-09,0.057647500000000004,0.07286250000000001,0.06634374999999999,0.8608187500000002,160,equity
2019-11-10,0.05910000000000001,0.09790076335877863,0.08492366412213742,0.8171526717557253,131,equity
2019-11-11,0.1346862068965517,0.10227586206896552,0.06984729064039409,0.8278472906403941,203,equity
2019-11-12,0.11882053231939163,0.10206083650190113,0.06816730038022814,0.8297604562737643,263,equity
2019-11-13,0.17077951807228917,0.12181927710843372,0.06625301204819277,0.8119196787148595,249,equity
2019-11-14,0.08255841924398628,0.09523024054982819,0.06761855670103092,0.8371477663230241,291,equity
2019-11-15,0.11166542372881355,0.11055593220338981,0.0720813559322034,0.8173322033898306,295,equity
2019-11-16,0.14579862068965516,0.11128275862068965,0.062289655172413805,0.8264068965517238,145,equity
2019-11-17,0.16126394557823132,0.10187074829931972,0.061224489795918366,0.8369251700680271,147,equity
2019-11-18,0.09672307692307693,0.09608205128205129,0.07534358974358975,0.8285743589743589,195,equity
2019-11-19,0.10296456140350876,0.11016491228070176,0.07574385964912281,0.8140807017543861,285,equity
2019-11-20,0.08539009287925696,0.09854489164086688,0.07254798761609907,0.8288978328173375,323,equity
2019-11-21,0.06957096774193548,0.08720430107526883,0.06573835125448028,0.8470430107526883,279,equity
2019-11-22,0.07087807228915662,0.08273975903614457,0.06739277108433736,0.8498746987951808,415,equity
2019-11-23,0.11853509615384614,0.0999903846153846,0.06113461538461539,0.8388557692307693,208,equity
2019-11-24,0.10108384615384614,0.09396153846153847,0.060038461538461534,0.8460000000000001,130,equity
2019-11-25,0.14514564315352693,0.11142323651452286,0.059186721991701254,0.8293858921161827,241,equity
2019-11-26,0.16976780303030306,0.10504924242424242,0.05139015151515152,0.8435568181818183,264,equity
2019-11-27,0.1388169741697417,0.11539114391143912,0.05502214022140222,0.8295867158671588,271,equity
2019-11-28,0.21482156862745097,0.11347712418300655,0.055594771241830064,0.8309281045751632,153,equity
2019-11-29,0.17157647058823527,0.11056862745098041,0.062019607843137245,0.8274183006535948,153,equity
2019-11-30,0.07510408163265307,0.09641836734693879,0.07431632653061224,0.8292551020408163,98,equity
2019-12-01,0.16644888888888887,0.09731851851851853,0.06597037037037036,0.8367111111111111,135,equity
2019-12-02,0.04395000000000001,0.08178749999999999,0.06562083333333334,0.8526000000000001,240,equity
2019-12-03,0.0733399209486166,0.0927075098814229,0.06967588932806325,0.8376086956521741,253,equity
2019-12-04,0.11699500000000003,0.10681538461538463,0.07153461538461538,0.8216576923076924,260,equity
2019-12-05,0.1063416356877323,0.10192193308550183,0.0751375464684015,0.8229256505576208,269,equity
2019-12-06,0.18913580246913578,0.10969958847736624,0.07078189300411523,0.8195061728395061,243,equity
2019-12-07,0.16954134615384617,0.11378846153846153,0.05348076923076924,0.83275,104,equity
2019-12-08,0.05724554455445545,0.09926732673267327,0.07359405940594059,0.8271584158415841,101,equity
2019-12-09,0.09965635359116021,0.08865193370165747,0.05366850828729282,0.8576685082872928,181,equity
2019-12-10,0.1045635135135135,0.09634234234234235,0.05918018018018017,0.844490990990991,222,equity
2019-12-11,0.14298480392156862,0.09932352941176473,0.06551960784313725,0.8351715686274508,204,equity
2019-12-12,0.15982239382239385,0.1062741312741313,0.053374517374517365,0.8403745173745175,259,equity
2019-12-13,0.06767431906614788,0.08963813229571985,0.06659143968871596,0.8437665369649805,257,equity
2019-12-14,0.11472307692307693,0.10370000000000001,0.06683076923076924,0.8294692307692308,130,equity
2019-12-15,0.22817042253521125,0.11157746478873239,0.03771830985915492,0.8507183098591549,71,equity
2019-12-16,0.1230638095238095,0.09567142857142857,0.06554285714285715,0.8388190476190476,210,equity
2019-12-17,0.13957217391304347,0.10716521739130436,0.06226521739130436,0.8305652173913042,230,equity
2019-12-18,0.10076883720930231,0.09646046511627905,0.0774186046511628,0.826125581395349,215,equity
2019-12-19,0.13190311111111114,0.10026666666666667,0.06549777777777778,0.83424,225,equity
2019-12-20,0.10560294117647058,0.0958235294117647,0.07357843137254903,0.8305833333333335,204,equity
2019-12-21,0.06671504424778761,0.0992212389380531,0.07492920353982299,0.8258761061946904,113,equity
2019-12-22,0.20962708333333327,0.11020833333333335,0.06904166666666667,0.82078125,96,equity
2019-12-23,0.11311220238095238,0.14256845238095237,0.04398214285714285,0.8134196428571427,336,equity
2019-12-24,0.1587115789473684,0.1243947368421053,0.0717578947368421,0.8038526315789473,190,equity
2019-12-25,0.21138691588785047,0.09815887850467289,0.05336448598130842,0.8484766355140188,107,equity
2019-12-26,0.21005467980295564,0.12325615763546802,0.05845320197044335,0.81828078817734,203,equity
2019-12-27,0.1565777777777778,0.12532275132275134,0.06104232804232804,0.8136243386243388,189,equity
2019-12-28,0.12980697674418606,0.09760465116279071,0.058666666666666666,0.8437209302325581,129,equity
2019-12-29,0.15584499999999998,0.11270833333333333,0.07289166666666667,0.8144083333333333,120,equity
2019-12-30,0.1210139303482587,0.11577611940298507,0.07645771144278607,0.8077761194029851,201,equity
2019-12-31,0.1419378378378378,0.11150900900900902,0.07055855855855855,0.81790990990991,222,equity
2020-01-01,0.19391292517006806,0.14007482993197276,0.05738095238095239,0.8025034013605443,147,equity
2020-01-02,0.05881578947368421,0.10985855263157894,0.07680263157894736,0.8133125,304,equity
2020-01-03,0.020943229166666664,0.1047578125,0.08747395833333334,0.8077786458333333,384,equity
2020-01-04,0.046728,0.10413333333333334,0.09145333333333332,0.8043866666666666,150,equity
2020-01-05,0.06883734177215191,0.09913291139240507,0.08520253164556962,0.8156582278481013,158,equity
2020-01-06,0.06239237668161437,0.10434529147982062,0.07553363228699553,0.8201255605381165,223,equity
2020-01-07,0.029896296296296292,0.09375084175084175,0.08577777777777777,0.8204478114478115,297,equity
2020-01-08,-0.0040736947791164685,0.09098795180722892,0.0891566265060241,0.8198674698795181,498,equity
2020-01-09,0.070244801980198,0.10299257425742576,0.0781361386138614,0.8188490099009902,404,equity
2020-01-10,0.14432389078498298,0.10913993174061433,0.06529692832764505,0.8255699658703072,293,equity
2020-01-11,0.010192631578947373,0.07910526315789472,0.06281052631578947,0.8580526315789474,190,equity
2020-01-12,0.17640507246376813,0.1123768115942029,0.06353623188405796,0.8241304347826086,138,equity
2020-01-13,0.12229209039548025,0.10426271186440679,0.06391242937853107,0.831824858757062,354,equity
2020-01-14,0.11197458033573139,0.09800000000000002,0.06562350119904077,0.8363717026378896,417,equity
2020-01-15,0.0787,0.09679032258064516,0.06973655913978495,0.833478494623656,372,equity
2020-01-16,0.10119291553133515,0.10137602179836513,0.07217711171662125,0.8264386920980926,367,equity
2020-01-17,0.11912936893203883,0.10488106796116504,0.07758737864077671,0.8175412621359224,412,equity
2020-01-18,0.16033195020746888,0.1076929460580913,0.06831120331950208,0.8240124481327803,241,equity
2020-01-19,0.1736125714285714,0.09526857142857141,0.057714285714285704,0.8470514285714287,175,equity
2020-01-20,0.09128811475409834,0.08674180327868851,0.07156147540983607,0.8417213114754101,244,equity
2020-01-21,0.038259090909090916,0.09373923444976079,0.08848803827751196,0.8177679425837322,418,equity
2020-01-22,0.09445678496868476,0.1029498956158664,0.06777661795407099,0.829275574112735,479,equity
2020-01-23,0.10020795180722894,0.10383132530120481,0.061496385542168665,0.8346650602409641,415,equity
2020-01-24,0.013463090909090912,0.09459818181818183,0.09793636363636364,0.8074800000000003,550,equity
2020-01-25,0.009662548262548249,0.08773745173745173,0.0887104247104247,0.8235521235521234,259,equity
2020-01-26,0.014370954356846469,0.09440663900414939,0.07643568464730292,0.829161825726141,241,equity
2020-01-27,-0.0054103030303030274,0.08905252525252526,0.0881919191919192,0.8227717171717172,495,equity
2020-01-28,0.013553546910755145,0.0832608695652174,0.08625171624713958,0.8305011441647596,437,equity
2020-01-29,0.00608754208754207,0.08628114478114479,0.07743602693602694,0.8362811447811451,594,equity
2020-01-30,0.018192455858748006,0.0928426966292135,0.0784109149277689,0.8287431781701445,623,equity
2020-01-31,0.05584182444061961,0.10569191049913942,0.07195697074010327,0.8223614457831325,581,equity
2020-02-01,0.07179612903225809,0.12844516129032257,0.07375806451612904,0.7978032258064518,310,equity
2020-02-02,0.06687021943573668,0.1046896551724138,0.08113166144200627,0.8141598746081506,319,equity
2020-02-03,0.07166054628224584,0.10022306525037936,0.07176783004552352,0.8280015174506828,659,equity
2020-02-04,0.08651429582448684,0.11359023354564755,0.0691514508138712,0.817256900212314,1413,equity
2020-02-05,0.05315944299390775,0.09502436901653613,0.08320713664055703,0.8217658833768496,1149,equity
2020-02-06,0.09896316916488226,0.08961241970021415,0.06457815845824409,0.8458083511777301,934,equity
2020-02-07,0.06952657004830917,0.0982644927536232,0.06969927536231885,0.8320362318840578,828,equity
2020-02-08,0.0815079908675799,0.0947351598173516,0.07089497716894978,0.8343356164383562,438,equity
2020-02-09,0.13768164383561646,0.11592876712328772,0.07170958904109588,0.8123616438356166,365,equity
2020-02-10,0.11228969780219782,0.1074917582417582,0.05901510989010989,0.8334890109890111,728,equity
2020-02-11,0.09764898550724636,0.10137101449275364,0.06257101449275361,0.8360657004830921,1035,equity
2020-02-12,0.08956739961759079,0.10170841300191202,0.06469980879541108,0.8336013384321225,1046,equity
2020-02-13,0.05866059907834099,0.10544930875576039,0.07377304147465437,0.8207753456221198,868,equity
2020-02-14,0.09984681318681318,0.10872087912087912,0.06469780219780218,0.8265791208791208,910,equity
2020-02-15,0.11989589041095888,0.09924383561643836,0.05597534246575342,0.8447780821917809,365,equity
2020-02-16,0.09701365079365079,0.09782222222222223,0.05622222222222222,0.8459841269841271,315,equity
2020-02-17,0.06057698924731181,0.0969806451612903,0.0742494623655914,0.8287612903225805,465,equity
2020-02-18,0.08401705263157894,0.09575894736842104,0.06514631578947368,0.8390999999999996,950,equity
2020-02-19,0.09577829002514669,0.10015004191114835,0.05995808885163455,0.8398885163453478,1193,equity
2020-02-20,0.05708772609819122,0.09116731266149875,0.06816085271317827,0.8406808785529716,1548,equity
2020-02-21,0.08407080237741456,0.10280832095096581,0.07667310549777118,0.8205193164933134,1346,equity
2020-02-22,0.08850571428571427,0.1052971428571429,0.07052761904761906,0.8241828571428572,525,equity
2020-02-23,0.05736683291770574,0.10129426433915216,0.07368079800498754,0.8249950124688279,401,equity
2020-02-24,0.020538772338772347,0.09028438228438228,0.07724087024087023,0.8324739704739706,1287,equity
2020-02-25,0.01734363188167627,0.08669186524239936,0.07252506162695155,0.840783894823336,1217,equity
2020-02-26,0.012319719350073862,0.0874135893648449,0.07513737075332348,0.8374527326440177,1354,equity
2020-02-27,0.02170761904761905,0.09042285714285715,0.07751380952380954,0.8320538095238093,2100,equity
2020-02-28,0.01087020295202953,0.09262361623616237,0.07560747232472322,0.8317698339483397,2168,equity
2020-02-29,-0.011545022026431715,0.08603083700440527,0.08728898678414097,0.8266696035242286,1135,equity
2020-03-01,-0.026772746553552502,0.07671792152704138,0.08182184517497354,0.8414665959703077,943,equity
2020-03-02,-0.04781360095865787,0.07801737567405631,0.09746255242660277,0.8245152786099461,1669,equity
2020-03-03,-0.018815740162398502,0.09721673953778888,0.0973735165521549,0.8054097439100563,1601,equity
2020-03-04,0.018894014732965005,0.09032136279926335,0.07668968692449356,0.8329990791896864,1086,equity
2020-03-05,-0.009643583118001727,0.08549784668389321,0.0785055986218777,0.8359956933677861,1161,equity
2020-03-06,0.041732072498029966,0.09284948778565803,0.07103546099290779,0.8361182033096929,1269,equity
2020-03-07,0.00368941326530612,0.08669387755102043,0.07956122448979593,0.833733418367347,784,equity
2020-03-08,-0.029786942675159234,0.07654777070063692,0.08615923566878979,0.83731050955414,628,equity
2020-03-09,0.0018806036395916516,0.09459565024411895,0.08135330670217487,0.8240523746116284,2253,equity
2020-03-10,0.011404822695035463,0.09401347517730495,0.08522907801418438,0.8207652482269504,1410,equity
2020-03-11,-0.0015668845315904142,0.07969208424110384,0.07624328249818443,0.8440566448801742,1377,equity
2020-03-12,0.009371864951768501,0.08805852090032157,0.08102572347266881,0.8309189710610934,3110,equity
2020-03-13,-0.01481378655526016,0.08557614887960502,0.08621116597037601,0.8282199012533233,2633,equity
2020-03-14,-0.033878238341968896,0.07914655810510732,0.08388971132494451,0.8369600296076978,1351,equity
2020-03-15,-0.05015934219734078,0.07697830650804756,0.09068299510146954,0.8323477956613017,1429,equity
2020-03-16,0.03519423312883437,0.09429110429447848,0.07113220858895702,0.8345760736196317,3260,equity
2020-03-17,-0.014389079013588312,0.08206794162053348,0.0828314041268244,0.8350951182687469,1987,equity
2020-03-18,0.00884362276692978,0.08843705857914418,0.0784740340673037,0.8330947237224763,2407,equity
2020-03-19,-0.0035360638297872297,0.08849680851063829,0.08625478723404253,0.8252478723404255,1880,equity
2020-03-20,-0.019164006427423667,0.08129673272629884,0.08864970540974823,0.8300514193893942,1867,equity
2020-03-21,-0.0334052631578947,0.08393505039193726,0.09359798432250839,0.8224647256438969,893,equity
2020-03-22,-0.03701153846153842,0.08413354700854701,0.08703098290598288,0.8288173076923075,936,equity
2020-03-23,-0.026357392389270123,0.08045227698066128,0.08711665626949468,0.8324266999376169,1603,equity
2020-03-24,-0.043317262265293775,0.0844827377347062,0.09000484554815268,0.8255112053301028,1651,equity
2020-03-25,-0.02909073405535499,0.0942575210589651,0.09213598074608906,0.8136077015643801,1662,equity
2020-03-26,-0.025904204035874435,0.08528363228699554,0.08779035874439461,0.8269288116591929,1784,equity
2020-03-27,-0.010520542920029345,0.08531474688187818,0.08079823917828319,0.8338796771826852,1363,equity
2020-03-28,-0.04717773279352227,0.08197975708502027,0.09387719298245616,0.8241390013495279,741,equity
2020-03-29,-0.023574603174603168,0.08492929292929294,0.09689321789321788,0.8181688311688308,693,equity
2020-03-30,-0.02626030303030302,0.09127676767676765,0.08780000000000004,0.8209222222222222,990,equity
2020-03-31,-0.01814533205004811,0.08247160731472572,0.08482098171318575,0.8327237728585178,1039,equity
2020-04-01,-0.005364936440677958,0.0919343220338983,0.08278283898305087,0.8253008474576274,944,equity
2020-04-02,-0.03712928416485899,0.08663665943600866,0.09578850325379608,0.8175694143167028,922,equity
2020-04-03,-0.08600041666666669,0.07366833333333334,0.10365916666666668,0.8226583333333332,1200,equity
2020-04-04,-0.019270657276995305,0.08217605633802819,0.07818544600938968,0.8396431924882629,426,equity
2020-04-05,0.006058682634730541,0.08018962075848306,0.06830738522954093,0.8515189620758484,501,equity
2020-04-06,-0.005001763485477174,0.07956431535269712,0.08572406639004149,0.834728215767635,964,equity
2020-04-07,0.011090264550264552,0.08709947089947088,0.08380952380952379,0.82909417989418,945,equity
2020-04-08,-0.031190917968749992,0.09259179687500002,0.10717089843750002,0.8002324218749999,1024,equity
2020-04-09,-0.014627088402270878,0.08925385239253852,0.08735523114355229,0.8234014598540144,1233,equity
2020-04-10,-0.045017729729729734,0.07848648648648648,0.08760648648648649,0.833917837837838,925,equity
2020-04-11,-0.012321884984025559,0.08797284345047923,0.08381309904153354,0.8282300319488819,626,equity
2020-04-12,-0.00035222929936306094,0.07664012738853505,0.06643471337579618,0.8569251592356686,628,equity
2020-04-13,0.02274490566037735,0.08866037735849058,0.07144654088050315,0.8398893081761007,795,equity
2020-04-14,-0.009243568840579712,0.08849275362318844,0.08088858695652172,0.8306150362318838,1104,equity
2020-04-15,0.028807923771313932,0.09909729187562691,0.07222768304914745,0.8286780341023068,997,equity
2020-04-16,0.0017647357723577259,0.0820680894308943,0.07326117886178864,0.8446717479674793,984,equity
2020-04-17,-0.0015685609532538939,0.08796700274977087,0.07663611365719525,0.8353913840513291,1091,equity
2020-04-18,0.015408731466227355,0.08950906095551896,0.08454036243822075,0.8259341021416804,607,equity
2020-04-19,0.05897316666666666,0.07931166666666667,0.06175333333333335,0.8589333333333335,600,equity
2020-04-20,-0.008397783251231526,0.08870443349753696,0.08567816091954027,0.8256206896551717,1218,equity
2020-04-21,0.015554695222405279,0.09989621087314665,0.08149176276771006,0.8186120263591434,1214,equity
2020-04-22,0.04330283446712018,0.09762358276643991,0.07802947845804989,0.8243571428571429,882,equity
2020-04-23,0.040439616613418536,0.09497763578274764,0.08105111821086262,0.8239872204472841,939,equity
2020-04-24,0.018910238095238105,0.09576309523809526,0.08269285714285712,0.8215380952380955,840,equity
2020-04-25,0.04520488322717622,0.10316772823779193,0.08306581740976646,0.8137685774946922,471,equity
2020-04-26,0.048341573033707855,0.09401348314606742,0.0735303370786517,0.832467415730337,445,equity
2020-04-27,0.06720180305131762,0.09414008321775312,0.0767115117891817,0.8291511789181694,721,equity
2020-04-28,0.04738369565217392,0.08602415458937199,0.07007487922705315,0.8439106280193237,828,equity
2020-04-29,0.09743694670280037,0.10794037940379403,0.06693405600722675,0.8251300813008132,1107,equity
2020-04-30,0.05521541850220264,0.1033722466960352,0.06572356828193832,0.8308975770925109,908,equity
2020-05-01,0.061363304514889555,0.10599711815561959,0.07375888568683955,0.8202305475504325,1041,equity
2020-05-02,-0.005634354485776805,0.031173960612691464,0.021672319474835892,0.947157002188184,1828,equity
2020-05-03,0.053316272965879256,0.10300787401574804,0.06634645669291338,0.8306430446194226,381,equity
2020-05-04,0.0602748275862069,0.08229827586206898,0.06987586206896551,0.8478310344827589,580,equity
2020-05-05,0.07508710144927537,0.09150869565217393,0.06252463768115943,0.8459579710144928,690,equity
2020-05-06,0.04853445161290324,0.0974141935483871,0.0779083870967742,0.8246645161290326,775,equity
2020-05-07,0.07900139049826188,0.08852723059096178,0.07370220162224797,0.8377578215527234,863,equity
2020-05-08,0.052396711327649226,0.0939780755176614,0.07899634591961024,0.8270255785627284,821,equity
2020-05-09,0.03160413793103448,0.07637701149425288,0.06460229885057472,0.8590206896551723,435,equity
2020-05-10,0.014481137724550895,0.0750748502994012,0.07719161676646707,0.8477245508982035,334,equity
2020-05-11,0.09208516579406634,0.0953368237347295,0.06577312390924957,0.8388778359511345,573,equity
2020-05-12,0.07004775725593668,0.0914221635883905,0.07074406332453825,0.8378456464379948,758,equity
2020-05-13,0.055677053824362596,0.09790793201133145,0.0786699716713881,0.8234150141643058,706,equity
2020-05-14,0.06400109739369,0.08833058984910837,0.06485733882030177,0.8468203017832646,729,equity
2020-05-15,0.08176630094043887,0.1029451410658307,0.07527115987460814,0.821796238244514,638,equity
2020-05-16,0.060539522546419075,0.1013448275862069,0.07555437665782494,0.8231326259946947,377,equity
2020-05-17,0.048068404907975475,0.09011656441717794,0.06891717791411042,0.8409723926380368,326,equity
2020-05-18,0.07634068571428572,0.10136342857142859,0.07462285714285714,0.8240091428571429,875,equity
2020-05-19,0.08332367724867724,0.093228835978836,0.06050793650793649,0.8462579365079365,756,equity
2020-05-20,0.07162872200263505,0.09436627140974967,0.06866930171277996,0.8369565217391305,759,equity
2020-05-21,0.07734277777777779,0.09489166666666665,0.07630000000000003,0.828802777777778,720,equity
2020-05-22,0.039091572123176675,0.08754619124797405,0.07662074554294977,0.8358249594813615,617,equity
2020-05-23,0.08607319034852547,0.08958713136729221,0.07166487935656837,0.8387345844504022,373,equity
2020-05-24,0.06214161073825503,0.08937248322147652,0.07540939597315437,0.8352382550335571,298,equity
2020-05-25,0.03150393442622951,0.09294426229508196,0.07568524590163936,0.8313606557377048,305,equity
2020-05-26,0.07217541478129712,0.0949924585218703,0.06963951734539969,0.835348416289593,663,equity
2020-05-27,0.10942487113402066,0.10522809278350514,0.0672409793814433,0.8275438144329896,776,equity
2020-05-28,0.10713868421052632,0.10598552631578949,0.06087105263157895,0.8331473684210526,760,equity
2020-05-29,0.08717798561151081,0.10437553956834535,0.07523165467625899,0.820395683453237,695,equity
2020-05-30,0.026203430079155685,0.09648548812664909,0.0804221635883905,0.8230791556728232,379,equity
2020-05-31,0.018511306532663318,0.08974120603015075,0.08446231155778892,0.8257914572864321,398,equity
2020-06-01,0.034648652694610774,0.0899880239520958,0.08309580838323354,0.8269251497005989,668,equity
2020-06-02,0.05002163323782234,0.09016905444126075,0.06766045845272206,0.8421690544412608,698,equity
2020-06-03,0.07878044164037858,0.09310094637223973,0.06203627760252365,0.844864353312303,634,equity
2020-06-04,0.0562864686468647,0.09828217821782177,0.055858085808580864,0.8458630363036301,606,equity
2020-06-05,0.08804759825327504,0.12097379912663754,0.06145087336244541,0.8175731441048035,916,equity
2020-06-06,0.08098121546961327,0.11371823204419887,0.07324861878453039,0.8130193370165744,362,equity
2020-06-07,0.044220615384615386,0.09103692307692307,0.05936923076923077,0.8496030769230769,325,equity
2020-06-08,0.0876725370531822,0.10884394071490851,0.0545937227550131,0.8365518744551004,1147,equity
2020-06-09,0.0455959663865546,0.0932966386554622,0.06856806722689075,0.8381394957983197,1190,equity
2020-06-10,0.0707125907990315,0.10099677158999192,0.05298547215496368,0.8460161420500402,1239,equity
2020-06-11,0.05888625565610857,0.10110576923076926,0.06754468325791856,0.8313535067873302,1768,equity
2020-06-12,0.049339833080424896,0.1003270106221548,0.0663361153262519,0.8333323216995443,1318,equity
2020-06-13,0.061509601181683915,0.09697784342688333,0.063301329394387,0.839728212703102,677,equity
2020-06-14,0.051240067340067336,0.09106228956228958,0.058452861952861944,0.850469696969697,594,equity
2020-06-15,0.039609127789046676,0.08741176470588237,0.07501825557809332,0.837570993914807,986,equity
2020-06-16,0.057752024291497984,0.10057085020242913,0.07038461538461538,0.8290293522267209,988,equity
2020-06-17,0.021903987068965524,0.08830711206896552,0.08728987068965517,0.8244170258620689,928,equity
2020-06-18,-0.017172902494331063,0.08699773242630388,0.11226757369614511,0.8007335600907031,882,equity
2020-06-19,0.04578182844243792,0.10166027088036114,0.08134311512415353,0.8170158013544018,886,equity
2020-06-20,0.06670626118067978,0.09168157423971378,0.0624293381037567,0.845885509838998,559,equity
2020-06-21,0.046767934782608704,0.08004619565217391,0.0653804347826087,0.8545733695652175,368,equity
2020-06-22,0.10487969465648858,0.09793435114503819,0.06351297709923664,0.838545038167939,655,equity
2020-06-23,0.0877974930362117,0.0875933147632312,0.06457520891364901,0.8478356545961004,718,equity
2020-06-24,0.054997537619699034,0.10296032831737352,0.06448837209302326,0.8325554035567719,731,equity
2020-06-25,0.08337288629737609,0.09473760932944604,0.06965014577259475,0.8356064139941695,686,equity
2020-06-26,0.060511052631578965,0.10634342105263157,0.08240394736842105,0.8112499999999999,760,equity
2020-06-27,0.057438337801608584,0.09152278820375334,0.06803753351206435,0.8404369973190348,373,equity
2020-06-28,0.09725361111111111,0.10932222222222222,0.04908888888888888,0.8415916666666665,360,equity
2020-06-29,0.08568496621621624,0.09701351351351353,0.06358277027027028,0.8394087837837837,592,equity
2020-06-30,0.10800777777777777,0.10684126984126985,0.0558825396825397,0.8372634920634919,630,equity
2020-07-01,0.10891710144927538,0.09626376811594205,0.0665521739130435,0.8371811594202898,690,equity
2020-07-02,0.1078409387222947,0.1024941329856584,0.07599478487614077,0.821490221642764,767,equity
2020-07-03,0.12400422163588393,0.1109419525065963,0.06153298153034302,0.8275250659630604,379,equity
2020-07-04,0.07802996389891695,0.08701805054151626,0.0541696750902527,0.8588267148014438,277,equity
2020-07-05,0.0874043918918919,0.09483445945945945,0.055570945945945936,0.8495743243243243,296,equity
2020-07-06,0.12533744680851067,0.11135035460992909,0.05145390070921985,0.8371716312056736,705,equity
2020-07-07,0.09302397660818715,0.09298245614035089,0.058596491228070174,0.8484342105263157,684,equity
2020-07-08,0.10603632653061221,0.09294557823129251,0.06492925170068027,0.8421238095238094,735,equity
2020-07-09,0.10549544270833332,0.1003046875,0.06720833333333336,0.8324960937500002,768,equity
2020-07-10,0.1106840562719813,0.10569988276670576,0.06110199296600237,0.8332063305978897,853,equity
2020-07-11,0.10675111111111107,0.09546464646464647,0.054993939393939394,0.8495373737373737,495,equity
2020-07-12,0.18033561643835613,0.11488219178082193,0.06187671232876712,0.8232630136986301,365,equity
2020-07-13,0.14232923553719004,0.11987913223140498,0.0623801652892562,0.8177396694214877,968,equity
2020-07-14,0.0657177556818182,0.09741335227272727,0.05978409090909091,0.8428153409090909,704,equity
2020-07-15,0.0950733333333333,0.10443974358974355,0.06223205128205127,0.8333141025641028,780,equity
2020-07-16,0.11070580075662041,0.09720176544766705,0.0769142496847415,0.8258852459016394,793,equity
2020-07-17,0.10881142857142864,0.10618796992481204,0.06640601503759398,0.827393984962406,665,equity
2020-07-18,0.04854479166666668,0.09886458333333337,0.06472395833333333,0.8364088541666668,384,equity
2020-07-19,0.10642537764350453,0.1112809667673716,0.06122356495468278,0.8274954682779456,331,equity
2020-07-20,0.10785204582651393,0.09801309328968903,0.05541571194762683,0.846558101472995,611,equity
2020-07-21,0.11972239884393067,0.10813583815028899,0.06634537572254336,0.8255086705202311,692,equity
2020-07-22,0.11780506329113928,0.10435724331926863,0.04856962025316456,0.8470759493670887,711,equity
2020-07-23,0.05615734072022162,0.0904210526315789,0.07642243767313019,0.8331620498614957,722,equity
2020-07-24,0.11538696774193549,0.12086064516129033,0.06977935483870967,0.8093651612903227,775,equity
2020-07-25,0.1354798387096774,0.1303064516129032,0.05201881720430107,0.8176827956989248,372,equity
2020-07-26,0.18797404844290652,0.11314532871972317,0.05259861591695502,0.8342802768166089,289,equity
2020-07-27,0.11563709401709399,0.11054017094017093,0.06694700854700854,0.8225316239316242,585,equity
2020-07-28,0.1467627358490566,0.10119654088050316,0.06709119496855344,0.8317185534591194,636,equity
2020-07-29,0.0962957386363636,0.10440056818181818,0.07194602272727271,0.8236363636363637,704,equity
2020-07-30,0.07525995500562432,0.1032350956130484,0.07286951631046118,0.8238976377952758,889,equity
2020-07-31,0.1060620730270907,0.10434864546525321,0.0673922261484099,0.8282673733804474,849,equity
2020-08-01,0.13923985507246378,0.09605555555555555,0.05950483091787439,0.8444541062801932,414,equity
2020-08-02,0.1664795081967213,0.10306284153005466,0.06066939890710382,0.8362622950819673,366,equity
2020-08-03,0.1652891549295775,0.10619295774647886,0.05591267605633804,0.8378816901408453,710,equity
2020-08-04,0.11917441340782121,0.09773184357541899,0.05899776536312848,0.8432703910614524,895,equity
2020-08-05,0.15493274021352324,0.10682918149466192,0.06178291814946619,0.831399762752076,843,equity
2020-08-06,0.13973083235638922,0.1065533411488863,0.06303516998827666,0.8304021101992964,853,equity
2020-08-07,0.11422831753554503,0.10787914691943126,0.07066232227488153,0.8214466824644554,844,equity
2020-08-08,0.11089841269841269,0.10370068027210884,0.06396145124716554,0.8323106575963718,441,equity
2020-08-09,0.12103687150837991,0.1095,0.05770670391061453,0.8328016759776535,358,equity
2020-08-10,0.16581955128205136,0.10313942307692309,0.057721153846153846,0.8391538461538463,624,equity
2020-08-11,0.09980606767794635,0.10525437572928822,0.06889381563593931,0.825850641773629,857,equity
2020-08-12,0.10756150289017338,0.11533179190751448,0.06612947976878611,0.8185456647398844,865,equity
2020-08-13,0.11359808153477216,0.10476019184652278,0.07282014388489208,0.8224184652278177,834,equity
2020-08-14,0.10090483425414362,0.10522513812154694,0.06875966850828728,0.8259958563535911,724,equity
2020-08-15,0.031548125,0.092525,0.10083125,0.8066374999999999,160,equity
2020-09-29,-0.1417894810438156,0.04865780472755432,0.19044728577136993,0.7608948945999146,1,equity
2020-10-01,0.7625,0.7919,0.0295,0.1786,10,equity
2020-10-02,0.3768185185185183,0.4423898148148146,0.0655592592592593,0.49206296296296276,108,equity
2020-10-03,-0.07400000000000001,0.09056666666666666,0.16453333333333334,0.7449666666666667,9,equity
2020-10-05,-0.34396466165413525,0.16332631578947374,0.507290977443609,0.32934661654135317,133,equity
2020-10-06,0.028945544554455506,0.20413762376237618,0.17520544554455453,0.6206569306930694,202,equity
2020-10-07,-0.1445050632911393,0.13408607594936706,0.278620253164557,0.5872936708860759,79,equity
2020-10-08,0.044861995249406185,0.27040095011876447,0.2255247030878858,0.5040057007125885,421,equity
2020-10-09,0.24785210157618293,0.3360178633975474,0.08816436077057813,0.5758070928196171,1142,equity
2020-10-10,-0.43153565088756984,0.06248380177514782,0.4941056952662764,0.44341020710059076,1352,equity
2020-10-11,-0.535574461839526,0.02264637964774953,0.5583197651663442,0.41903375733855036,1022,equity
2020-10-12,-0.16686901960784328,0.11801882352941184,0.2849741176470585,0.5970070588235292,255,equity
2020-10-13,-0.12090337078651685,0.11122247191011239,0.23216067415730335,0.6566168539325842,89,equity
2020-10-14,-0.16605909090909107,0.05461136363636363,0.2206653409090905,0.7247252840909097,352,equity
2020-10-15,-0.29676839999999993,0.08960200000000008,0.3864228000000001,0.5239867999999995,250,equity
2020-10-16,-0.16451734317343167,0.1473405904059042,0.31190332103321033,0.5407907749077486,271,equity
2020-10-17,-0.20379022556390947,0.051702255639097666,0.25549586466165364,0.6928041353383464,266,equity
2020-10-18,-0.23373815789473693,0.09221052631578948,0.32594736842105265,0.5818421052631578,76,equity
2020-10-19,-0.27534999999999993,0.0726,0.3479571428571428,0.5794428571428573,14,equity
2020-10-20,-0.07397319587628867,0.08928865979381441,0.16328144329896901,0.7475103092783504,97,equity
2020-10-21,-0.08265730337078653,0.09913595505617975,0.1818157303370786,0.719103370786517,89,equity
2020-10-22,0.02332702702702703,0.16470810810810807,0.14147297297297295,0.6938216216216215,37,equity
2020-10-23,-0.12073999999999999,0.08345999999999999,0.2042,0.7122499999999998,10,equity
2020-10-24,0.18309130434782608,0.36335869565217394,0.18026739130434777,0.4563260869565216,92,equity
2020-10-25,0.10871052631578948,0.2409815789473684,0.1322710526315789,0.6267315789473685,76,equity
2020-10-26,-0.24958163265306135,0.14870816326530617,0.39829047619047636,0.453025850340136,147,equity
2020-10-27,0.19089466666666666,0.4002213333333333,0.2093386666666667,0.3904386666666667,75,equity
2020-10-28,-0.17118193832599107,0.08966343612334808,0.2608096916299559,0.6495132158590309,227,equity
2020-10-29,-0.3250695817490491,0.09737072243346016,0.42240076045627367,0.4802125475285166,263,equity
2020-10-30,-0.48320967741935483,0.05138790322580645,0.5345814516129033,0.4140903225806451,124,equity
2020-10-31,-0.06334864864864866,0.10333648648648647,0.16668378378378385,0.7299891891891895,74,equity
2020-11-01,-0.07829418604651163,0.07086627906976745,0.14922906976744188,0.7799046511627906,86,equity
2020-11-02,-0.0457,0.13998,0.18570000000000003,0.67434,5,equity
2020-11-03,-0.28987391304347826,0.06005652173913043,0.3499347826086957,0.5900086956521737,23,equity
2020-11-04,-0.0709,0.102575,0.17355,0.7238749999999999,4,equity
2020-11-05,-0.20759999999999995,0.07632,0.28398,0.6396999999999999,5,equity
2020-11-06,-0.254675,0.070925,0.325625,0.6034499999999999,4,equity
2020-11-07,0.23415,0.28254999999999997,0.04835,0.6691,2,equity
2020-11-08,0.13429999999999997,0.21759999999999993,0.08329999999999996,0.6991000000000004,105,equity
2020-11-09,-0.086121875,0.14889687499999998,0.23503125,0.616071875,32,equity
2020-11-10,-0.2459850574712642,0.051265517241379274,0.29725057471264366,0.6515724137931035,87,equity
2020-11-11,0.27623491124260346,0.34458106508875747,0.06834142011834322,0.5871017751479294,169,equity
2020-11-12,0.1924434065934067,0.28064835164835156,0.08821373626373628,0.6311769230769232,182,equity
2020-11-13,-0.04810617977528089,0.15055393258426972,0.19865842696629207,0.6508061797752808,178,equity
2020-11-14,0.0039015037593984935,0.1828112781954889,0.17893182957393497,0.6382155388471175,399,equity
2020-11-15,0.08153297137216163,0.16931974333662403,0.08778736426456112,0.7428873642645628,1013,equity
2020-11-16,0.07099722719141298,0.21900948121645775,0.14800760286225406,0.6329820214669051,1118,equity
2020-11-17,0.10184631811487505,0.2196122974963179,0.11777812960235645,0.6626089101620011,1358,equity
2020-11-18,0.10962541666666668,0.2884447916666661,0.17878583333333337,0.5327525000000006,480,equity
2020-11-19,0.0021410958904109815,0.18433219178082189,0.18218219178082196,0.633454109589041,146,equity
2020-11-20,0.06584520547945202,0.18458082191780834,0.11870958904109583,0.6967123287671235,146,equity
2020-11-21,-0.07641632653061224,0.07328775510204083,0.1497061224489796,0.7770163265306124,49,equity
2020-11-22,-0.2133035294117648,0.061469411764705884,0.27477647058823534,0.6637917647058823,85,equity
2020-11-23,-0.04176774193548387,0.11875483870967743,0.16051612903225804,0.720758064516129,31,equity
2020-11-24,0.101371875,0.238159375,0.13679375,0.625059375,32,equity
2020-11-25,-0.12996369426751592,0.15964267515923575,0.289651592356688,0.5507121019108282,157,equity
2020-11-26,-0.14701333333333336,0.11664833333333331,0.2636833333333333,0.6196333333333334,60,equity
2020-11-27,-0.3516662337662337,0.07177142857142857,0.4234428571428571,0.504781818181818,77,equity
2020-11-28,-0.06619512195121952,0.16557073170731706,0.23176829268292679,0.6027317073170732,41,equity
2020-11-29,-0.14832032520325203,0.07132967479674797,0.21965040650406495,0.7090410569105688,246,equity
2020-11-30,-0.008693103448275855,0.12668534482758623,0.13536120689655173,0.7379655172413797,116,equity
2020-12-01,0.010958181818181813,0.13898545454545455,0.12798727272727276,0.7330127272727271,55,equity
2020-12-02,-0.38045277777777775,0.038802777777777776,0.4192444444444445,0.5419583333333333,36,equity
2020-12-03,0.1294932203389829,0.2061061016949154,0.07661389830508464,0.7173061016949152,295,equity
2020-12-04,-0.045707831325301186,0.12555662650602403,0.17126445783132524,0.7031632530120482,166,equity
2020-12-05,0.269113873873872,0.28366662162162337,0.014557342342342407,0.7016819819819741,2220,equity
2020-12-06,0.2585527918781711,0.27444060913705376,0.015888759970993357,0.7095801305293671,1379,equity
2020-12-07,0.3222776892430279,0.35625179282868547,0.03397330677290837,0.609724701195219,251,equity
2020-12-08,0.35358302752293563,0.4070674311926604,0.053477064220183494,0.5393912844036698,218,equity
2020-12-09,0.0713819209039548,0.2656186440677965,0.1942344632768362,0.5401242937853108,177,equity
2020-12-10,-0.18159012345679018,0.12861481481481474,0.31020493827160495,0.5611234567901234,81,equity
2020-12-11,-0.0807263636363637,0.10831090909090914,0.1890372727272726,0.7027345454545453,110,equity
2020-12-12,0.241975,0.27392500000000003,0.03195,0.6940500000000001,8,equity
2020-12-13,0.029273469387755095,0.11008979591836737,0.08081632653061226,0.8090816326530611,49,equity
2020-12-14,0.08299565217391305,0.12537391304347825,0.04237826086956521,0.8322260869565218,23,equity
2020-12-15,0.18650990566037737,0.45890707547169846,0.2723438679245281,0.2687372641509433,212,equity
2020-12-16,-0.2749675675675676,0.19654729729729734,0.47151351351351345,0.33191621621621625,74,equity
2020-12-17,-0.7534252336448601,0.04407757009345791,0.7975018691588789,0.1584168224299065,107,equity
2020-12-18,-0.4128020408163266,0.08670816326530612,0.49951020408163266,0.41382653061224484,49,equity
2020-12-19,-0.06741139240506332,0.16686962025316457,0.2342810126582278,0.5988772151898735,79,equity
2020-12-20,0.34106190476190473,0.43880952380952387,0.09775,0.4634333333333333,42,equity
2020-12-21,-0.08913478260869563,0.1482413043478261,0.2374413043478261,0.6143043478260869,46,equity
2020-12-22,0.06349666666666663,0.1732773333333333,0.10974733333333325,0.7169733333333331,150,equity
2020-12-23,0.24090824742268047,0.2727185567010309,0.03180103092783506,0.6955144329896904,97,equity
2020-12-24,0.20266106194690262,0.2651336283185841,0.0624725663716814,0.6724743362831858,113,equity
2020-12-25,0.22696751592356673,0.2942745222929935,0.06730700636942674,0.6384573248407643,157,equity
2020-12-26,-0.3385234159779606,0.0980592286501377,0.4365823691460063,0.46529862258953164,363,equity
2020-12-27,-0.010115384615384594,0.17497692307692314,0.18508681318681322,0.6399736263736265,91,equity
2020-12-28,0.11150666666666667,0.1954933333333333,0.08398666666666665,0.7205666666666666,15,equity
2020-12-29,0.3943829787234043,0.4352531914893618,0.04078510638297871,0.5239595744680849,47,equity
2020-12-30,0.05750735294117647,0.20861764705882352,0.15108970588235296,0.6402838235294117,68,equity
2020-12-31,0.25601724137931053,0.3103712643678163,0.05435402298850577,0.6353074712643678,174,equity
2021-01-01,0.387334090909091,0.4224500000000002,0.035115909090909087,0.5424477272727273,88,equity
2021-01-02,0.4111125,0.440825,0.0297,0.5294625000000001,8,equity
2021-01-03,0.2893,0.2982,0.0089,0.6928,1,equity
2021-01-04,0.0004428571428571377,0.15287857142857142,0.1524285714285714,0.6946642857142857,14,equity
2021-01-05,-0.10504148936170211,0.09463510638297871,0.19967659574468097,0.7056851063829783,94,equity
2021-01-06,0.12687500000000002,0.24173333333333333,0.11485833333333335,0.6433583333333334,12,equity
2021-01-07,0.05506194690265485,0.08140176991150438,0.02625132743362832,0.89233628318584,113,equity
2021-01-08,0.0664531690140846,0.09276866197183094,0.026257746478873235,0.8809661971830974,284,equity
2021-01-09,0.23158973384030423,0.35210950570342225,0.12048288973384037,0.5274072243346003,263,equity
2021-01-10,0.44778946657664037,0.4849220796758986,0.03703835246455091,0.47804152599594635,1481,equity
2021-01-11,0.1717411111111111,0.34759444444444454,0.17577000000000004,0.47664777777777795,90,equity
2021-01-12,0.046267692307692315,0.15974615384615384,0.11345230769230769,0.7268046153846154,65,equity
2021-01-13,0.10437583892617454,0.20183087248322143,0.09744093959731547,0.7007288590604029,149,equity
2021-01-14,0.13501719136894155,0.25201896002829943,0.11699235939158208,0.6309665723381679,2827,equity
2021-01-15,0.12631842105263158,0.22452526315789473,0.09819473684210528,0.6772357894736843,190,equity
2021-01-16,0.5318981481481481,0.6036296296296297,0.0717314814814815,0.3246407407407408,54,equity
2021-01-17,0.23934999999999998,0.35811666666666664,0.11876666666666667,0.523125,12,equity
2021-01-18,0.08913368421052632,0.1496252631578947,0.06048947368421053,0.7897926315789475,95,equity
2021-01-19,-0.09107946428571427,0.14474375,0.2358178571428571,0.6193901785714288,112,equity
2021-01-20,-0.4119660463740855,0.28430824846291186,0.6962742492581457,0.019416590701914312,2194,equity
2021-01-21,-0.36704913512664217,0.2986519155779506,0.6657008799832954,0.035645326504481455,2343,equity
2021-01-22,-0.31138099631629984,0.27830856657685893,0.589689416184925,0.13200188886851194,5453,equity
2021-01-23,-0.3557468542505971,0.2939146596456828,0.6496585978223113,0.05642471550497864,2812,equity
2021-01-24,-0.39055716204398466,0.30090619823878795,0.6914627442663455,0.0076306468172484595,1948,equity
2021-01-25,-0.36161372648058093,0.31402079834720076,0.6756345447461167,0.010344656906682601,10041,equity
2021-01-26,-0.3381166730073663,0.3232112442567978,0.6613291847324776,0.015459522261943458,6154,equity
2021-01-27,-0.20369969929210735,0.25696417987335224,0.4606717862712743,0.28236847043724445,57657,equity
2021-01-28,0.025431779213249683,0.03596775606274605,0.010535976849496365,0.9534962773323059,2,commodity
2021-01-28,0.19380366808523733,0.11253001145645976,0.033680510037889085,0.8227118084103501,24,crypto
2021-01-28,-0.14126492912724894,0.14837784787895295,0.2917242303141808,0.5584442368571002,9991,equity
2021-01-28,0.3926735467415292,0.21933120200484885,0.01853265526331961,0.6881979339135009,4,forex
2021-01-29,-0.038216553162783384,0.1036618147821476,0.141878367944931,0.7544598227278108,84,commodity
2021-01-29,-0.0016990984526235383,0.10052496264792735,0.1022624497261433,0.7972117985891228,1266,crypto
2021-01-29,-0.11610798803708199,0.08068273528741127,0.1964160863753836,0.7229023536824616,15838,equity
2021-01-29,-0.14633055514804869,0.08126112083657361,0.21934718618870389,0.699391690201662,245,forex
2021-01-30,0.01959145710700088,0.15215388954513603,0.13256243243813515,0.7152836902274026,9,commodity
2021-01-30,0.009310694036596432,0.10390441149200608,0.09459371745540965,0.8015018687015627,82,crypto
2021-01-30,-0.06255242348691235,0.15435968523188928,0.21691083626371493,0.6287314247693743,4008,equity
2021-01-30,-0.1377511119353585,0.1217191795585677,0.2594702914939262,0.6188105419278145,16,forex
2021-01-31,0.00011308251747063227,0.09733361005783081,0.09722052754036017,0.8054458498954773,7,commodity
2021-01-31,-0.04628305041807748,0.10112493762391664,0.14740798804199412,0.7514670672161239,42,crypto
2021-01-31,-0.07114397064769312,0.14314816280303108,0.2142916210344845,0.6425636055524838,2537,equity
2021-01-31,-0.06631565298885107,0.07797186374664307,0.14428751673549414,0.7777406089007854,10,forex
2021-02-01,-0.1277598049491644,0.06582697454307761,0.19358677949224198,0.7405862499560628,14,commodity
2021-02-01,-0.006387259130581067,0.11955162130582792,0.12593888043640897,0.754509483392422,26,crypto
2021-02-01,-0.05098048749062553,0.11773874027382496,0.16871884498933096,0.7135459526942798,1045,equity
2021-02-01,-0.01573214214295149,0.0684569101780653,0.08418905232101678,0.8473540663719177,10,forex
2021-02-02,-0.07248278264887631,0.1264038186830779,0.1988866013319542,0.6747095892205834,36,commodity
2021-02-02,0.024920748584908038,0.10569612811677584,0.08077537953186781,0.8135284910208955,105,crypto
2021-02-02,-0.07345700414202856,0.10351464774468273,0.17696914890697354,0.7195168590341284,1678,equity
2021-02-02,-0.13679345857558978,0.10264490011872517,0.23943835869431496,0.6579167425839437,18,forex
2021-02-03,0.014426428410742018,0.11164458696213034,0.09721815855138832,0.7911372813913558,9,commodity
2021-02-03,0.04357300233970578,0.1257514988276818,0.08217849648797604,0.7920700110628968,139,crypto
2021-02-03,-0.06659616387048563,0.10507985168081685,0.17167834213467173,0.7232422816722377,2321,equity
2021-02-03,-0.1941848529414052,0.0707714431697414,0.2649562961111466,0.6642722703871273,21,forex
2021-02-04,0.05247970297932625,0.17494135932065547,0.12246165634132922,0.702596994349733,8,commodity
2021-02-04,0.03276392963380875,0.11830283247064528,0.08553890283683654,0.7961582659625035,110,crypto
2021-02-04,-0.051772848483761326,0.11147019593334836,0.16324177698998674,0.7252887236911997,1578,equity
2021-02-04,0.003552644901598493,0.15992025549833974,0.15636761059674123,0.6837121260662874,12,forex
2021-02-05,-0.181347465674792,0.0375358158988612,0.21888328157365322,0.7435808820383889,7,commodity
2021-02-05,-0.045037389725074976,0.09888557918847567,0.14392296891355064,0.7571914523668027,147,crypto
2021-02-05,-0.10562636718357644,0.08624387152921908,0.19187010109811664,0.721885890360141,2180,equity
2021-02-05,-0.11427132366225123,0.08902155178865152,0.20329287545090274,0.7076855783483812,28,forex
2021-02-06,-0.12215536932150522,0.07511059505244096,0.1972659643739462,0.7276234318812688,15,commodity
2021-02-06,-0.004682517258125802,0.09642066615551081,0.10110318341363661,0.8024761478805449,172,crypto
2021-02-06,-0.06419023579316763,0.09967787630783277,0.16386818109030707,0.7364539422889562,2899,equity
2021-02-06,0.015224696582426195,0.152780636659135,0.1375559400767088,0.7096634143558533,23,forex
2021-02-07,-0.222518861759454,0.037262901198118925,0.25978176295757294,0.7029553614556789,4,commodity
2021-02-07,0.06374678716418289,0.13116281896474816,0.06741603180056527,0.8014211502103579,21,crypto
2021-02-07,-0.041869998197951036,0.12072839957931981,0.16259839777727084,0.7166728701168165,605,equity
2021-02-07,0.002330942079424858,0.11509990048679439,0.11276895840736953,0.7721311544830148,11,forex
2021-02-08,-0.27213643429179984,0.05277850913504759,0.32491494342684746,0.6223065368831158,3,commodity
2021-02-08,-0.003460635244846344,0.19339512139558793,0.19685575664043425,0.6097491338849068,5,crypto
2021-02-08,-0.01861180043133731,0.1399384528912649,0.15855088225341984,0.7015094033137843,318,equity
2021-02-08,-0.2972479248419404,0.11134966090321541,0.4085975857451558,0.4800526946783066,2,forex
2021-02-09,-0.11221103416755795,0.06107459217309952,0.17328562634065747,0.7656397223472595,4,crypto
2021-02-09,-0.05323958149934663,0.12259137252013644,0.1758331161816452,0.7015874054856944,185,equity
2021-02-09,-0.0032903961837291718,0.03948665410280228,0.04277705028653145,0.9177364110946655,1,forex
2021-02-10,-0.10575208666601352,0.05048926653606551,0.15624135320207902,0.7932693915707725,7,crypto
2021-02-10,-0.05506943215342743,0.10846499604199115,0.1635367646440167,0.7279991817922653,214,equity
2021-02-10,0.1528969444334507,0.2316293902695179,0.0787324458360672,0.6896381229162216,2,forex
2021-02-11,-0.0705177541822195,0.057433245703577995,0.1279509998857975,0.8146157264709473,2,commodity
2021-02-11,0.07412102837115526,0.26814865991473197,0.19402763154357672,0.5378237128257751,5,crypto
2021-02-11,-0.01321826424777359,0.15140956810935963,0.16462584230738198,0.6839705576891627,201,equity
2021-02-12,-0.20400927681475878,0.04755546525120735,0.25156474206596613,0.7008798271417618,2,crypto
2021-02-12,-0.03553041306222861,0.13895306949947123,0.17448553384375112,0.6865603709059037,195,equity
2021-02-12,0.20955410692840815,0.22371064126491547,0.01415653433650732,0.7621327638626099,2,forex
2021-02-13,0.21192835519711176,0.24611054981748262,0.034182194620370865,0.7197072605292002,3,crypto
2021-02-13,-0.1363969956646595,0.08860912610125675,0.2250368076864939,0.686350099521101,277,equity
2021-02-13,0.0868699870382746,0.10129386186599731,0.014423874827722708,0.8842822909355164,3,forex
2021-02-14,-0.17933764681220055,0.023433838039636612,0.20277148485183716,0.7737947106361389,1,crypto
2021-02-14,-0.0515603294232619,0.10482302663456367,0.15638646486611568,0.7387894694238595,193,equity
2021-02-15,-0.3930694069713354,0.04376325197517872,0.43683265894651413,0.5194040685892105,2,commodity
2021-02-15,0.019748210906982422,0.05330473557114601,0.03355652466416359,0.9131388068199158,1,crypto
2021-02-15,-0.06225303620368537,0.10135937152625901,0.1636143879279642,0.7350282188442673,101,equity
2021-02-16,0.4416962396353483,0.46179533936083317,0.020099099725484848,0.5181055627763271,2,crypto
2021-02-16,-0.09047805311469136,0.08685975251248121,0.17734035339787318,0.7357897019153565,157,equity
2021-02-16,0.09588010981678963,0.12350499629974365,0.027624886482954025,0.8488701581954956,1,forex
2021-02-17,0.1785314381122589,0.33109996405740577,0.1525685259451469,0.5163315186897913,3,commodity
2021-02-17,-0.014574955217540264,0.07781470799818635,0.09238966321572661,0.8297956436872482,4,crypto
2021-02-17,-0.09662111194474755,0.1406673734646492,0.23728301665939677,0.622039454848315,256,equity
2021-02-17,-0.112125841435045,0.05992329865694046,0.17204914009198546,0.7680275738239288,2,forex
2021-02-18,0.2857935943951209,0.3306778532763322,0.04488425888121128,0.6244378859798113,3,commodity
2021-02-18,0.018036001827567816,0.06594501715153456,0.04790901532396674,0.8861459791660309,4,crypto
2021-02-18,-0.1238017292054581,0.1414195349933411,0.2652218891987992,0.5933334204440712,640,equity
2021-02-18,-0.27249165065586567,0.07408002577722073,0.3465716764330864,0.5793483108282089,2,forex
2021-02-19,0.017836568877100945,0.05405668169260025,0.036220112815499306,0.9097231924533844,2,commodity
2021-02-19,-0.07927345467562025,0.039129680869254196,0.11840313554487446,0.8424671779979359,11,crypto
2021-02-19,-0.03813388288050711,0.13627021764509073,0.17440410052559788,0.6893294557681698,371,equity
2021-02-19,-0.07670267391949892,0.13061971291899682,0.20732238683849574,0.6620579183101654,5,forex
2021-02-20,-0.11548174917697906,0.06454131007194519,0.18002305924892426,0.7554356455802917,1,commodity
2021-02-20,-0.015320863109081984,0.08770593255758286,0.10302679566666484,0.8092672824859619,4,crypto
2021-02-20,-0.04965992455002393,0.14079023013584058,0.1904501546858646,0.6687727172809704,435,equity
2021-02-20,0.19311941917985678,0.23221812546253204,0.03909870628267527,0.7286831676959992,5,forex
2021-02-21,0.15367711149156094,0.17459723353385925,0.020920122042298317,0.8044826984405518,1,commodity
2021-02-21,0.14400500964851592,0.17645576985386321,0.03245076020534731,0.7910934603614715,7,crypto
2021-02-21,-0.14186747733692673,0.13028252022815914,0.27213376881701695,0.5975817017215572,647,equity
2021-02-21,0.7660184158012271,0.7763778567314148,0.010359440930187702,0.21326269209384918,1,forex
2021-02-22,0.6383506767451763,0.6850617527961731,0.04671107605099678,0.26822713017463684,1,commodity
2021-02-22,0.01736234687268734,0.08728102780878544,0.0699186809360981,0.8428003191947937,2,crypto
2021-02-22,0.22713964463979144,0.3247602368455004,0.09767348641728626,0.5775731629907837,1002,equity
2021-02-22,0.3542884271591902,0.391262661665678,0.036974234506487846,0.5717630982398987,2,forex
2021-02-23,0.07157556340098381,0.13846509903669357,0.06688953563570976,0.794645349184672,3,commodity
2021-02-23,-0.001724543303928592,0.07216247391294349,0.07388701721687209,0.8539505004882812,11,crypto
2021-02-23,0.205330228486788,0.3234214293578424,0.11811593294030479,0.5584659359752202,1213,equity
2021-02-23,0.7749046767130494,0.7839270234107971,0.009022346697747707,0.20705059170722961,1,forex
2021-02-24,0.03419957682490349,0.11626580233375232,0.08206622550884883,0.8016679883003235,3,crypto
2021-02-24,0.10400843546743273,0.2710776806034424,0.16704182761610065,0.56187423434324,879,equity
2021-02-24,0.028268922585994005,0.04859979264438152,0.020330870058387518,0.9310693442821503,2,forex
2021-02-25,0.003569736331701279,0.2199036233127117,0.21633388698101044,0.5637624897062778,5,commodity
2021-02-25,0.0818313354153429,0.14659346343643498,0.06476212802109207,0.7886444031097578,24,crypto
2021-02-25,-0.14127042046970767,0.15885353434451832,0.3001143656081061,0.5410411830870602,8301,equity
2021-02-25,0.21448255019883314,0.26837028314669925,0.05388773294786612,0.6777419944604238,3,forex
2021-02-26,0.2807009971390168,0.2990441496173541,0.018343152478337288,0.6826126724481583,3,commodity
2021-02-26,0.060448519840776684,0.12220151293012485,0.061752993089348174,0.8160454874198767,45,crypto
2021-02-26,0.21640071126762253,0.34268130841724354,0.12628242405074164,0.5310373522407328,8758,equity
2021-02-26,-0.09287099540233612,0.11051540325085323,0.20338639865318933,0.6860982080300649,3,forex
2021-02-27,0.001033879816532135,0.03608672693371773,0.03505284711718559,0.9288604259490967,1,commodity
2021-02-27,0.04949880944332108,0.11451448150910437,0.06501567206578329,0.8204698758199811,16,crypto
2021-02-27,0.09825745386969352,0.2535279086146512,0.15531004767890846,0.5911681113119288,2604,equity
2021-02-27,0.2971012298949063,0.31695969216525555,0.019858462270349264,0.663181833922863,4,forex
2021-02-28,0.011250089854001999,0.052798498421907425,0.041548408567905426,0.9056530594825745,1,commodity
2021-02-28,-0.08023753842072827,0.07931899678494249,0.15955653520567076,0.7611244645501886,7,crypto
2021-02-28,-0.058813498250624284,0.10109820819425348,0.15988799510467172,0.7390568014320635,679,equity
2021-02-28,0.06702929548919201,0.08584729582071304,0.018818000331521034,0.895334780216217,1,forex
2021-03-01,0.042313700541853905,0.07398781304558118,0.03167411250372728,0.894338071346283,3,crypto
2021-03-01,0.011277332959015831,0.15799537628530766,0.14671259778173731,0.6953118265023378,202,equity
2021-03-01,0.10579674551263452,0.18857856839895248,0.08278182288631797,0.7286395728588104,2,forex
2021-03-02,-0.3793668830767274,0.02887140493839979,0.4082382880151272,0.5628902837634087,2,commodity
2021-03-02,0.035978267452091414,0.11808869209658383,0.0821104246444924,0.799800872216099,21,crypto
2021-03-02,0.12112770941663761,0.2581855919973672,0.13707198514483235,0.6047473183670287,858,equity
2021-03-02,-0.16282203327864408,0.0625140224583447,0.22533605573698878,0.7121499106287956,4,forex
2021-03-03,0.003637302666902542,0.05129695683717728,0.047659654170274734,0.9010433554649353,1,commodity
2021-03-03,0.0021739432347878335,0.06598190813054962,0.06380796489576178,0.8702101390207967,31,crypto
2021-03-03,0.3126866609962328,0.394700069749223,0.08202691297306253,0.5233000567643642,3199,equity
2021-03-03,0.7772919619455934,0.7960724234580994,0.018780461512506008,0.18514716625213623,2,forex
2021-03-04,0.11286612832918763,0.12637128680944443,0.013505158480256796,0.860123485326767,2,commodity
2021-03-04,0.1289372698403895,0.1833751717582345,0.05443790191784501,0.7621869333088398,20,crypto
2021-03-04,0.17375751914718007,0.28799697834387694,0.11422207375195391,0.5977913918429232,1484,equity
2021-03-04,0.16922174440696836,0.20959366112947464,0.040371916722506285,0.7500344514846802,2,forex
2021-03-05,0.06256081257015467,0.08936688676476479,0.02680607419461012,0.8838270604610443,2,commodity
2021-03-05,0.019604469560796305,0.10275226095247836,0.08314779139168206,0.8140999639318103,21,crypto
2021-03-05,-0.05833838333163536,0.1746571538134847,0.23299011294484193,0.5923498131848803,719,equity
2021-03-06,-0.0052942786365747455,0.10317217409610749,0.10846645273268223,0.7883613109588623,5,commodity
2021-03-06,0.0634573162928165,0.11637698262702872,0.05291966633421224,0.8307033539797777,19,crypto
2021-03-06,-0.020840983541389756,0.14275166857734498,0.16359291185899447,0.693655161932786,385,equity
2021-03-06,0.003648841753602028,0.061335726641118526,0.0576868848875165,0.8809773623943329,4,forex
2021-03-07,-0.668735621497035,0.021091701462864876,0.6898273229598999,0.28908097743988037,1,commodity
2021-03-07,0.025820528984897666,0.1247335144629081,0.09891298547801045,0.7763535049226549,9,crypto
2021-03-07,-0.04521641909215875,0.12473200445234216,0.1699477985445009,0.7053176994711616,160,equity
2021-03-08,0.008417981676757336,0.11049296086033185,0.10207497918357451,0.787432054678599,6,crypto
2021-03-08,0.11788635260263279,0.23536860250652192,0.11748749183937306,0.6471172930437955,248,equity
2021-03-08,-0.20489312708377838,0.08750490844249725,0.29239803552627563,0.6200971007347107,1,forex
2021-03-09,0.01750410623340444,0.08272282144224102,0.06521871520883658,0.8520584824410352,22,crypto
2021-03-09,0.3064977457610146,0.3794595633725477,0.07296207109695758,0.5475687342907131,789,equity
2021-03-09,0.1411953791975975,0.16245117783546448,0.021255798637866974,0.8162930607795715,2,forex
2021-03-10,0.017628894187510014,0.05218631587922573,0.03455742169171572,0.9132562577724457,2,commodity
2021-03-10,0.024597484583258833,0.10682129818726731,0.08222381360400847,0.810954889034614,53,crypto
2021-03-10,0.11158009411856386,0.2128946944034341,0.10131097143783223,0.6858318627813373,2177,equity
2021-03-10,0.08194647263735533,0.13177712354809046,0.04983065091073513,0.8183922270933787,6,forex
2021-03-11,-0.1024918407201767,0.16881192351380983,0.27130376423398656,0.5598842650651932,3,commodity
2021-03-11,0.006389874743208999,0.09758071982789607,0.09119084508468707,0.8112284282133693,42,crypto
2021-03-11,0.11570195847476687,0.2269904480060656,0.11126842358688241,0.6617648682193027,4246,equity
2021-03-11,-0.03745486028492451,0.05136116221547127,0.08881602250039577,0.8598228096961975,5,forex
2021-03-12,0.18925388902425766,0.358403742313385,0.16914985328912735,0.47244637459516525,2,commodity
2021-03-12,0.07915498464876694,0.1878637027419944,0.10870871809322746,0.7034275790667441,19,crypto
2021-03-12,0.126060052611917,0.24955236956630023,0.12347785101661998,0.6269698628782934,1189,equity
2021-03-12,0.10054087700943153,0.18686533843477568,0.08632446142534415,0.7268102169036865,3,forex
2021-03-13,-0.018343220393245038,0.06189782602282671,0.08024104641607174,0.8578611199672406,13,crypto
2021-03-13,-0.1035537280023235,0.19543600189497679,0.29900181780938867,0.5055659757039459,1001,equity
2021-03-13,0.14163435560961565,0.20925676077604294,0.0676224051664273,0.7231208582719167,3,forex
2021-03-14,0.1418850344859741,0.1713037992065603,0.029418764720586212,0.7992774139751088,11,crypto
2021-03-14,-0.1107908718189011,0.21637360706671493,0.3271834560054008,0.45644616729027415,743,equity
2021-03-14,0.19451108598150313,0.2068931609392166,0.012382074957713485,0.7807247936725616,2,forex
2021-03-15,0.09423127832512061,0.15160955612858137,0.057378277803460755,0.791012187798818,3,crypto
2021-03-15,-0.022747995045572126,0.19763902374893164,0.22036907419394283,0.5819953541331203,2491,equity
2021-03-15,0.053780678659677505,0.07318553328514099,0.019404854625463486,0.9074097275733948,1,forex
2021-03-16,0.020345433382317424,0.10944201098755002,0.0890965776052326,0.8014614085356394,12,crypto
2021-03-16,-0.05306608706686558,0.14897297369192847,0.2020217830089211,0.6490375891645173,1991,equity
2021-03-16,-0.07470985874533653,0.023732449859380722,0.09844230860471725,0.8778252601623535,1,forex
2021-03-17,0.024644574150443077,0.054564885795116425,0.029920311644673347,0.9155148267745972,1,commodity
2021-03-17,0.1883814632874237,0.24290976751052012,0.05452830422309644,0.7025619395855347,13,crypto
2021-03-17,0.13159471033350134,0.24089199199796124,0.1093101299616735,0.6498108812206783,646,equity
2021-03-17,0.06949344463646412,0.08782420307397842,0.018330758437514305,0.8938449621200562,1,forex
2021-03-18,0.13030782714486122,0.17744024097919464,0.04713241383433342,0.7754272818565369,1,commodity
2021-03-18,-0.05294027514755726,0.07723818197846413,0.13017845712602139,0.7925833821296692,5,crypto
2021-03-18,0.07251055499449581,0.1812624860392027,0.10876201507832035,0.7099767634308882,238,equity
2021-03-18,-0.015234086662530899,0.04230906814336777,0.057543154805898666,0.9001477956771851,1,forex
2021-03-19,-0.11581068858504295,0.10477656622727712,0.22058725481232008,0.6746361951033274,3,commodity
2021-03-19,0.10273364025422117,0.14782536029815674,0.04509172004393556,0.8070828995921395,11,crypto
2021-03-19,-0.025173350079920914,0.13088314457164751,0.15605734935242313,0.7130620698063624,234,equity
2021-03-19,0.42546491930261254,0.45272043347358704,0.027255514170974493,0.5200240388512611,2,forex
2021-03-20,0.21209934866055846,0.31447249837219715,0.10237314971163869,0.5831543295644224,4,commodity
2021-03-20,0.2030401136726141,0.22242639462153116,0.019386280948917072,0.7581873138745626,3,crypto
2021-03-20,-0.011116039984219615,0.1142005922567306,0.1253172858357215,0.7604840770856649,153,equity
2021-03-21,0.004125578328967094,0.03413854166865349,0.030012963339686394,0.9358484745025635,1,crypto
2021-03-21,-0.030969580448518202,0.10066552746683358,0.13163344124868512,0.7677010323089362,60,equity
2021-03-22,-0.011894269161636866,0.1534991596809944,0.16537120662040902,0.6811296334768531,63,equity
2021-03-22,0.2329169064760208,0.2585724154487252,0.02565550897270441,0.7157720029354095,2,forex
2021-03-23,-0.14814119273796678,0.09307125443592668,0.24121244717389345,0.6657162941992283,4,crypto
2021-03-23,0.0007726259551621914,0.14617102190967118,0.145396833454509,0.7084352634367039,128,equity
2021-03-24,0.031850554049015045,0.10163085907697678,0.06978030502796173,0.8285888135433197,2,commodity
2021-03-24,0.1330091382842511,0.18295618798583746,0.049947049701586366,0.7670967504382133,4,crypto
2021-03-24,0.029365033784775986,0.16867028637580686,0.13931243821977338,0.6920190711033543,167,equity
2021-03-24,-0.2432516198605299,0.028367461636662483,0.2716190814971924,0.7000135183334351,1,forex
2021-03-25,-0.8171071652323008,0.014500534161925316,0.8316076993942261,0.15389183163642883,1,commodity
2021-03-25,0.032831779991587005,0.0623798401405414,0.02954806014895439,0.9080720643202463,6,crypto
2021-03-25,-0.022764899440970758,0.13615986322698745,0.1589247626679582,0.7049161493838656,259,equity
2021-03-25,0.11676755920052528,0.14477062970399857,0.028003070503473282,0.827226310968399,2,forex
2021-03-26,-0.03576890751719475,0.04200384393334389,0.07777275145053864,0.8802234530448914,1,commodity
2021-03-26,0.027305683121085167,0.07232155092060566,0.04501586779952049,0.8826626241207123,2,crypto
2021-03-26,-0.0423243195391168,0.1204766537668247,0.1628009733059415,0.7167223734347798,189,equity
2021-03-26,-0.13671044912189245,0.0440734326839447,0.18078388180583715,0.7751426696777344,2,forex
2021-03-27,-0.2099368510146936,0.04323100174466769,0.25316785275936127,0.7036011417706808,3,crypto
2021-03-27,0.00024149535115942447,0.15344443357296117,0.15320293822180175,0.6933424999784081,158,equity
2021-03-27,-0.04763071984052658,0.08607869346936543,0.13370941330989203,0.780211865901947,3,forex
2021-03-28,-0.26233144756406546,0.07798167038708925,0.3403131179511547,0.5817051976919174,2,crypto
2021-03-28,-0.02712540232977206,0.14345325896693717,0.17057666129670923,0.6859680734964924,50,equity
2021-03-29,-0.35483849607408047,0.023758405819535255,0.3785969018936157,0.5976446866989136,1,commodity
2021-03-29,0.04244619409899819,0.20237865842941136,0.1599324643304131,0.6376906944906712,55,equity
2021-03-30,-0.49121423189838725,0.03154201929767927,0.5227562511960665,0.4457016984621684,3,crypto
2021-03-30,0.22857165561482656,0.3062767496120009,0.07770509399717472,0.6160163416572503,221,equity
2021-03-31,-0.01574002330501874,0.05581814547379812,0.07155816877881686,0.8726237217585245,3,crypto
2021-03-31,0.10020810783106328,0.236253329376699,0.13605605487896905,0.6276914456395328,120,equity
2021-03-31,-0.9305098224431276,0.018767161294817924,0.9492769837379456,0.031955868005752563,1,forex
2021-04-01,-0.1455913931131363,0.1669548600912094,0.3125462532043457,0.5204988718032837,1,crypto
2021-04-01,-0.23527554978615167,0.05098640082982214,0.28626477889880286,0.6627488199496452,495,equity
2021-04-02,-0.09399734437465668,0.03456011414527893,0.1285574585199356,0.8368824124336243,1,commodity
2021-04-02,0.06826208299025893,0.09847310185432434,0.03021101886406541,0.8713158965110779,2,crypto
2021-04-02,-0.26062351268533857,0.05053019461977726,0.3111540979301166,0.6383170746348779,512,equity
2021-04-02,-0.2693710867315531,0.04416077025234699,0.31353185698390007,0.6423074007034302,2,forex
2021-04-03,0.05846490152180195,0.07921973615884781,0.02075483463704586,0.9000253677368164,1,crypto
2021-04-03,-0.18542117592593949,0.08705859060632325,0.2724797665322627,0.6404632964159075,121,equity
2021-04-03,0.8984697870910168,0.9118217825889587,0.01335199549794197,0.07482630014419556,1,forex
2021-04-04,0.17748073603410375,0.22397096037183895,0.04649068305333135,0.7295388148931189,218,equity
2021-04-05,0.04006907112384083,0.118498992529151,0.07842968884717064,0.8030396902109729,430,equity
2021-04-06,0.08129849331453443,0.09643042087554932,0.01513192756101489,0.8884376585483551,2,crypto
2021-04-06,0.2118877849248577,0.26384357994829893,0.05194444367208994,0.6841998142753429,370,equity
2021-04-07,0.14124421320232233,0.2376211847138644,0.09635442815894073,0.6660174505172087,173,equity
2021-04-08,0.07409440586343408,0.09371088072657585,0.019616474863141775,0.8866726458072662,2,crypto
2021-04-08,0.15507437485160017,0.22378277392623958,0.06870575006801684,0.7075452529001921,151,equity
2021-04-08,0.2998351640999317,0.33548048324882984,0.035645319148898125,0.6288742274045944,2,forex
2021-04-09,0.02747097983956337,0.06210286542773247,0.0346318855881691,0.9032652378082275,1,crypto
2021-04-09,-0.013354026684088919,0.1277480288846489,0.14110040267617582,0.7311556965450522,121,equity
2021-04-09,-0.33723070720831555,0.03378875429431597,0.3710194615026315,0.5951918015877405,3,forex
2021-04-10,-0.0325309286514918,0.0450789841512839,0.0776099128027757,0.877311090628306,3,crypto
2021-04-10,-0.008272352327285033,0.14048379880290382,0.14875615113018886,0.7107681866237247,86,equity
2021-04-10,0.011846596995989481,0.11815400918324788,0.10630741218725841,0.7755385637283325,3,forex
2021-04-11,-0.04176250120639801,0.09052684447149435,0.13228934567789236,0.7771871441152691,30,equity
2021-04-11,0.08617867343127728,0.09469136595726013,0.008512692525982857,0.8967958688735962,1,forex
2021-04-12,0.07491687033325434,0.08945077657699585,0.014533906243741512,0.8960154056549072,1,commodity
2021-04-12,-0.006699574017853179,0.11127916987120229,0.11798118291344573,0.7707347693710082,41,equity
2021-04-12,0.13630785048007965,0.1625088006258011,0.026200950145721436,0.8112902641296387,1,forex
2021-04-13,-0.0896140462718904,0.09476103633642197,0.18437508260831237,0.7208638712763786,4,crypto
2021-04-13,-0.05301205351190117,0.1260694164441803,0.17908238738727414,0.6948546172342109,109,equity
2021-04-13,0.8906705714762211,0.9103107452392578,0.019640173763036728,0.07004916667938232,1,forex
2021-04-14,0.346582082188894,0.3651421955188517,0.018560113329957675,0.6162976936347175,3,crypto
2021-04-14,0.01686447610918863,0.13816953571752202,0.12130037210833342,0.7405308716488108,128,equity
2021-04-15,0.264177231118083,0.28044643998146057,0.01626920886337757,0.7032843828201294,1,commodity
2021-04-15,0.005974390543997288,0.08406711146235465,0.07809272091835737,0.8378401517868042,5,crypto
2021-04-15,-0.22545482520654286,0.04804497011233864,0.27358729531888193,0.6783677342599264,784,equity
2021-04-16,0.021313568577170372,0.050748586654663086,0.029435018077492714,0.9198163151741028,1,commodity
2021-04-16,-0.03264598399400711,0.101926539093256,0.1345725230872631,0.7635009527206421,5,crypto
2021-04-16,-0.09332491053828285,0.13992400553427276,0.23327135196999135,0.6268270771334982,156,equity
2021-04-16,0.5117229176685214,0.5229081511497498,0.011185233481228352,0.46590662002563477,1,forex
2021-04-17,-0.05820806758420284,0.17361229378126425,0.23181317573672455,0.5945930925392641,167,equity
2021-04-18,0.03602960739206081,0.14804577450323858,0.11193898264515843,0.7400191245835642,206,equity
2021-04-19,-0.14019095639647644,0.12024550118151216,0.26036041031697854,0.6194147112494655,931,equity
2021-04-19,0.03419248014688492,0.0527152493596077,0.01852276921272278,0.9287619590759277,1,forex
2021-04-20,-0.45458227541948804,0.06822532081342748,0.5227441815987679,0.40904513077102134,410,equity
2021-04-20,0.11982473451644182,0.1286603957414627,0.008835661225020885,0.8625038266181946,1,forex
2021-04-21,0.11703863056997459,0.14202928667267165,0.024990656102697056,0.8329800764719645,3,crypto
2021-04-21,-0.06118705979831583,0.12227962867165043,0.183452775426488,0.694285854171822,115,equity
2021-04-22,0.03358825854957104,0.06634596176445484,0.032757703214883804,0.900896281003952,2,crypto
2021-04-22,0.03241247943619196,0.1723643134247504,0.13994683398855842,0.6876963518067084,80,equity
2021-04-22,-0.23979584872722626,0.16453604400157928,0.40433189272880554,0.431132048368454,1,forex
2021-04-23,-0.2927722856402397,0.03381238132715225,0.32658466696739197,0.6396029591560364,1,crypto
2021-04-23,-0.0826486504592688,0.10788685397616957,0.19052217110210504,0.7015926437925221,60,equity
2021-04-23,0.01700913906097412,0.08774419873952866,0.07073505967855453,0.8415206670761108,1,forex
2021-04-24,0.020254905189577923,0.14698349381506096,0.12673020152870884,0.7262895289905913,62,equity
2021-04-24,-0.05465272255241871,0.027025101706385612,0.08167782425880432,0.8912970423698425,1,forex
2021-04-25,0.012756135496807595,0.13612857625385125,0.12336410742371033,0.7405073142657678,24,equity
2021-04-26,-0.012534368948037587,0.11664205734222642,0.12918449080639305,0.7541734506046102,124,equity
2021-04-26,0.15494011249393225,0.16554051637649536,0.010600403882563114,0.8238591551780701,1,forex
2021-04-27,0.16688115894794464,0.24831394851207733,0.08143278956413269,0.670253336429596,1,commodity
2021-04-27,0.0202371043463548,0.06114143878221512,0.040904334435860314,0.8979542255401611,3,crypto
2021-04-27,0.10576468846587121,0.21818630657688265,0.11241887838498404,0.6694103421340065,219,equity
2021-04-28,0.12849297001957893,0.13818936049938202,0.009696390479803085,0.8521142601966858,1,crypto
2021-04-28,0.12936178649733115,0.22229295422887954,0.09293067873399381,0.6847262452454287,409,equity
2021-04-28,0.1205356555680434,0.27995853684842587,0.15942288128038248,0.5606185893217722,3,forex
2021-04-29,0.014038413763046265,0.16588181257247925,0.15184339880943298,0.6822746992111206,1,crypto
2021-04-29,0.04525087660336718,0.15054698949466572,0.10529504337258203,0.7441552928528681,187,equity
2021-04-30,0.020920246839523315,0.036499474197626114,0.015579227358102798,0.9479213356971741,1,crypto
2021-04-30,-0.16397056358783854,0.11187846527662967,0.2758174368246669,0.6123023551780703,402,equity
2021-05-01,-0.052164439578346176,0.12412712322609436,0.17628606829894602,0.6995868097081945,91,equity
2021-05-02,-0.0063,0.17687999999999998,0.18314,0.64,5,equity
2021-05-03,0.41946724137931096,0.4668780172413797,0.04742025862068961,0.4857862068965518,232,equity
2021-05-04,0.0995721448467968,0.18730584958217247,0.08783050139275729,0.7248651810584966,718,equity
2021-05-05,0.14908195845782757,0.16806210577487946,0.018980147317051888,0.812957763671875,1,crypto
2021-05-05,0.04742667552040864,0.1876310721452718,0.14022905415910972,0.6721426054607516,73,equity
2021-05-05,-0.8565726447850466,0.014931006357073784,0.8715036511421204,0.11356538534164429,1,forex
2021-05-06,0.01999560259282589,0.06665610298514366,0.04666050039231777,0.8866834163665771,5,crypto
2021-05-06,-0.11628060562328972,0.10216668290559384,0.21843955372225357,0.6793959719456467,362,equity
2021-05-06,0.0682972026988864,0.078951895236969,0.0106546925380826,0.9103934168815613,1,forex
2021-05-07,0.007438575848937035,0.03466663509607315,0.027228059247136116,0.9381052851676941,1,commodity
2021-05-07,-0.0646011095494032,0.04185568131506443,0.10645679086446762,0.8516875743865967,5,crypto
2021-05-07,-0.08552911439742637,0.115225467880837,0.20075488997057106,0.6840230295307207,325,equity
2021-05-07,0.16343592883398136,0.18583539376656213,0.022399464932580788,0.7917651335398356,3,forex
2021-05-08,-0.15871397955693206,0.08243389311884357,0.24114787267577587,0.6764217945555707,365,equity
2021-05-08,-0.4771425575017929,0.044152095913887024,0.5212946534156799,0.43455323576927185,2,forex
2021-05-09,-0.16086671952415416,0.07978307633272382,0.24064979585687793,0.679567126993896,146,equity
2021-05-10,-0.1450886070650423,0.08838948435250985,0.2334766099360707,0.6781339079086508,135,equity
2021-05-10,-0.004993502050638199,0.05948508903384209,0.06447859108448029,0.8760362863540649,1,forex
2021-05-11,-0.02563582733273506,0.03326815366744995,0.05890398100018501,0.9078278541564941,1,crypto
2021-05-11,0.06172259894914849,0.2077048604274022,0.14598337258936478,0.646310656676681,180,equity
2021-05-11,-0.25358786433935165,0.0904987882822752,0.34408665262162685,0.56541458517313,2,forex
2021-05-12,0.05015216022729874,0.06786490231752396,0.01771274209022522,0.914422333240509,1,crypto
2021-05-12,0.04055615687942193,0.15010188193341278,0.10954435142761736,0.7403578877611556,364,equity
2021-05-12,0.5368312280625105,0.5483618974685669,0.011530669406056404,0.44010743498802185,1,forex
2021-05-13,-0.321374025195837,0.0261615552008152,0.3475355803966522,0.6263028979301453,1,commodity
2021-05-13,0.03259736066684127,0.08265934139490128,0.05006198072806001,0.867278665304184,4,crypto
2021-05-13,-0.1436014955341578,0.18084764093635602,0.32444530582535286,0.4947060450423387,496,equity
2021-05-13,0.19989261543378234,0.27101350016891956,0.07112088473513722,0.6578656174242496,4,forex
2021-05-14,0.7494247555732727,0.7630085349082947,0.013583779335021973,0.22340765595436096,1,commodity
2021-05-14,0.03722088923677802,0.1215513520874083,0.08433046285063028,0.7941181659698486,4,crypto
2021-05-14,-0.18890638326635853,0.1482230093739793,0.33712963360419335,0.5146451877591612,415,equity
2021-05-14,-0.36711494298651814,0.10702896630391479,0.47414390929043293,0.4188271537423134,2,forex
2021-05-15,0.055148499086499214,0.07816646434366703,0.023017965257167816,0.8988156616687775,2,crypto
2021-05-15,-0.15722821012206176,0.08477691093225072,0.24200745750291067,0.6732698395920129,214,equity
2021-05-15,0.172214699909091,0.18246951699256897,0.010254817083477974,0.807275652885437,1,forex
2021-05-16,-0.22623437871637717,0.06819404299819357,0.2944284217145708,0.6374127169368445,54,equity
2021-05-17,-0.12449372229688715,0.06643950785807871,0.19093019985193557,0.7426363561415644,33,equity
2021-05-18,0.06528233177959919,0.08588062226772308,0.020598290488123894,0.8935210704803467,1,commodity
2021-05-18,0.00493110716342926,0.0430007167160511,0.03806960955262184,0.9189296960830688,1,crypto
2021-05-18,0.04315944293214223,0.15144712061396165,0.10828767768181953,0.740265693009828,203,equity
2021-05-19,-0.7338837925344706,0.01821095310151577,0.7520947456359863,0.22969433665275574,1,commodity
2021-05-19,0.05449280375614762,0.1022426225244999,0.04774981876835227,0.8500074744224548,2,crypto
2021-05-19,0.09357331850845367,0.23576525889518946,0.14218458744555934,0.6220516172557192,68,equity
2021-05-20,0.185662055388093,0.21801303140819073,0.03235097602009773,0.7496359944343567,2,commodity
2021-05-20,0.08892686106264591,0.11143391206860542,0.02250705100595951,0.8660590648651123,2,crypto
2021-05-20,-0.0006950658831329335,0.12348643750667862,0.12419929999998107,0.7523396893278778,118,equity
2021-05-21,-0.23283759814997515,0.048052859803040825,0.280890457953016,0.6710566729307175,3,crypto
2021-05-21,-0.011384630445810576,0.13068540255098507,0.142071182422083,0.7272560554294065,87,equity
2021-05-22,0.9175006877630949,0.9360012412071228,0.0185005534440279,0.04549826309084892,1,commodity
2021-05-22,-0.0019271117635071278,0.05087019316852093,0.052797304932028055,0.8963325023651123,2,crypto
2021-05-22,0.027861670378366343,0.16063843142692094,0.13277676104855463,0.7065873735494338,78,equity
2021-05-22,-0.9514305833727121,0.012393688783049583,0.9638242721557617,0.02378205396234989,1,forex
2021-05-23,-0.12076723322453016,0.08889077162479467,0.2096580048493248,0.7014469656109177,47,equity
2021-05-24,-0.008202515542507172,0.040259215980768204,0.048461731523275375,0.9112790822982788,1,crypto
2021-05-24,-0.12321158897405506,0.10535978914691672,0.22857137812097178,0.6660609359365564,38,equity
2021-05-24,-0.05512179434299469,0.03491155803203583,0.09003335237503052,0.8750550746917725,1,forex
2021-05-25,0.05776008032262325,0.07701917737722397,0.019259097054600716,0.9037217497825623,1,commodity
2021-05-25,0.010053486873706182,0.041925628980000816,0.03187214210629463,0.9262022972106934,3,crypto
2021-05-25,0.1841655176122622,0.30417087983510716,0.12002899858648129,0.57580103044919,110,equity
2021-05-25,0.4851325737933318,0.5355235760410627,0.05039100224773089,0.4140854279200236,3,forex
2021-05-26,-0.4679538351483643,0.028082778211683035,0.49603661336004734,0.4758806135505438,2,commodity
2021-05-26,0.1563502885401249,0.17521218955516815,0.01886190101504326,0.8059259057044983,1,crypto
2021-05-26,0.34059577949609093,0.42358879903502134,0.08303114903533353,0.493382209646913,139,equity
2021-05-27,0.10462542451194723,0.15028666095144186,0.04566123643949462,0.8040521115497603,5,crypto
2021-05-27,0.14136295597341306,0.25314661172279296,0.11178548501767252,0.6350587558873697,164,equity
2021-05-27,0.07342748995870352,0.09724154820044835,0.023814058241744835,0.8789443969726562,3,forex
2021-05-28,-0.02665644759933154,0.29208969200650853,0.31874613960584003,0.38916419943173725,3,commodity
2021-05-28,0.5448869510243336,0.563649316628774,0.018762365604440372,0.41758834818998974,3,crypto
2021-05-28,0.12493047516106312,0.22208196338576883,0.09715096190891626,0.6807702323500651,190,equity
2021-05-28,0.2734004957601428,0.28346437215805054,0.010063876397907734,0.7064718008041382,1,forex
2021-05-29,-0.14121315255761147,0.20218480937182903,0.3433979619294405,0.45441722869873047,2,commodity
2021-05-29,0.041570170472065605,0.0753126119573911,0.03374244148532549,0.8909449776013693,3,crypto
2021-05-29,-0.028659117136226195,0.14835489432607554,0.17701559876388903,0.6746326804192757,63,equity
2021-05-30,0.037770360708236694,0.06651683896780014,0.028746478259563446,0.9047366380691528,1,crypto
2021-05-30,0.06063438968218034,0.2552721001991299,0.19464659940583842,0.5500812967318296,45,equity
2021-05-31,0.01234416663646698,0.05766010905305544,0.04531594241658846,0.8970239559809366,3,crypto
2021-05-31,0.04888640823003493,0.166427949344955,0.117512593746499,0.7160673564980687,38,equity
2021-05-31,0.43195525417104363,0.5041116699576378,0.07215641578659415,0.42373197712004185,2,forex
2021-06-01,0.07468999286737821,0.1697124518597936,0.09502690343685981,0.735260650974252,45,equity
2021-06-02,0.286532980152426,0.3623771480667014,0.07583061952717837,0.5618090061790713,155,equity
2021-06-02,0.7976088458672166,0.8062936067581177,0.008684760890901089,0.18502168357372284,1,forex
2021-06-03,0.46936707182320553,0.5020105524861888,0.03263662983425424,0.4653494475138119,1810,equity
2021-06-04,0.11141661392405065,0.1826272151898737,0.07124984177215175,0.7461120253164559,632,equity
2021-06-05,0.12253563579277822,0.14987158555729974,0.02734395604395606,0.8227844583987437,637,equity
2021-06-06,-0.1083916417910448,0.12022268656716407,0.2286155223880598,0.6511498507462679,335,equity
2021-06-07,0.18378837209302326,0.3446395348837209,0.1608139534883721,0.49453255813953484,43,equity
2021-06-08,0.11208979591836733,0.19992448979591837,0.0878204081632653,0.7122428571428572,49,equity
2021-06-09,0.20624084507042256,0.29978873239436615,0.093512676056338,0.6066816901408449,71,equity
2021-06-10,0.03885161297188865,0.07927269612749417,0.040421083155605525,0.8803062174055312,9,crypto
2021-06-10,0.027664186547478604,0.1689355082922012,0.1412703013365593,0.6897839853202711,196,equity
2021-06-10,0.5714556127786636,0.5922590413441261,0.02080342856546243,0.38693752822776634,3,forex
2021-06-11,0.1717375759035349,0.18428924679756165,0.012551670894026756,0.8031591176986694,1,commodity
2021-06-11,0.09383306636785467,0.13747738301753998,0.0436443166496853,0.8188782980044683,12,crypto
2021-06-11,0.16122309145145988,0.2509879798073127,0.08976506106742486,0.6592507604985237,579,equity
2021-06-11,0.23691135179251432,0.2576112411916256,0.02069988939911127,0.721688911318779,4,forex
2021-06-12,0.2343134619295597,0.2567399740219116,0.022426512092351913,0.7208334803581238,1,commodity
2021-06-12,0.02216722760349512,0.10436901561915875,0.08220178801566362,0.8134291857481003,10,crypto
2021-06-12,0.06709730218211496,0.17682002944649644,0.1097231032042311,0.7134512280239493,266,equity
2021-06-12,-0.40254736645147204,0.08664676360785961,0.48919413005933166,0.4241590443998575,2,forex
2021-06-13,0.00516204908490181,0.044733062386512756,0.03957101330161095,0.9156959056854248,1,crypto
2021-06-13,-0.21088108052718169,0.16391365496210292,0.37479385053353237,0.46129249264996125,113,equity
2021-06-14,-0.42859423076923064,0.12365576923076922,0.5522509615384615,0.3240865384615384,104,equity
2021-06-15,0.03035125508904457,0.0805364865809679,0.05018523149192333,0.8692782819271088,2,commodity
2021-06-15,0.1754862484522164,0.1919543221592903,0.016468073707073927,0.7915776073932648,2,crypto
2021-06-15,0.22528755051481034,0.30703857423477066,0.08175472742366412,0.6112019397284618,189,equity
2021-06-15,0.6989527787081897,0.7067205905914307,0.007767811883240938,0.28551164269447327,1,forex
2021-06-16,0.028047051280736923,0.048172783106565475,0.020125731825828552,0.9317014813423157,1,commodity
2021-06-16,0.18585769978484937,0.21910463805709565,0.03324693827224629,0.7476484216749668,14,crypto
2021-06-16,0.2934541393436771,0.39760046015960815,0.10415068672029704,0.49823908061857886,481,equity
2021-06-16,-0.19305582763627172,0.07091105496510863,0.26396688260138035,0.6651220750063658,4,forex
2021-06-17,0.019464150071144104,0.046978700906038284,0.02751455083489418,0.9255067706108093,1,commodity
2021-06-17,0.08070908300578594,0.1158640565616744,0.035154973555888445,0.8489809717450824,7,crypto
2021-06-17,0.19430209781982893,0.2939107702762186,0.09961107245638968,0.6064737563286188,250,equity
2021-06-17,-0.1908326002303511,0.09818155667744577,0.28901415690779686,0.6128043178468943,4,forex
2021-06-18,0.02399639692157507,0.055715614929795265,0.031719218008220196,0.9125651717185974,2,commodity
2021-06-18,0.0721576777952058,0.18272795528173447,0.11057027748652867,0.7067017810685294,7,crypto
2021-06-18,0.060904094862522073,0.21672829140089142,0.15582807250736133,0.6274330414612482,774,equity
2021-06-18,0.4647934013046324,0.4742867723107338,0.00949337100610137,0.5162198320031166,2,forex
2021-06-19,0.04864951316267252,0.08040152117609978,0.03175200801342726,0.8878464996814728,2,crypto
2021-06-19,0.26636050657312876,0.3314687687114296,0.06511088413392738,0.6033608425666628,1373,equity
2021-06-19,-0.91791573446244,0.014462378807365894,0.9323781132698059,0.05315951257944107,1,forex
2021-06-20,-0.1273707701484507,0.14517372682955149,0.27253632866117056,0.5822642017413797,404,equity
2021-06-21,-0.003352627158164978,0.038839615881443024,0.042192243039608,0.9189682006835938,1,crypto
2021-06-21,-0.03578099459499811,0.10431050606100564,0.1400864705355218,0.7555235052046824,3320,equity
2021-06-22,0.06461264193058014,0.17622367478907108,0.11161103285849094,0.7121652662754059,2,crypto
2021-06-22,0.055851709143940574,0.18641620160964653,0.13055597761421994,0.6829906917797147,1010,equity
2021-06-22,0.2942208821574847,0.3394241879383723,0.045203305780887604,0.6153725286324819,3,forex
2021-06-23,0.8234574468806386,0.8312805891036987,0.007823142223060131,0.16089628636837006,1,commodity
2021-06-23,0.05988938361406326,0.09257649779319763,0.03268711417913437,0.8747363924980164,5,crypto
2021-06-23,0.07627204023896553,0.16870820898927852,0.09235362086996442,0.738938944821869,4647,equity
2021-06-23,0.40385081293061376,0.419995803385973,0.01614499045535922,0.5638591796159744,2,forex
2021-06-24,-0.16706494591198862,0.0929272728972137,0.2599922188092023,0.6470804866403341,4,crypto
2021-06-24,0.38405486004418254,0.49088851583716253,0.10681581720621418,0.40222486711258565,2887,equity
2021-06-24,-0.30783688835799694,0.02355051226913929,0.33138740062713623,0.6450620889663696,1,forex
2021-06-25,0.061575422529131174,0.08483845740556717,0.023263034876435995,0.8918985426425934,2,commodity
2021-06-25,0.09262226754799485,0.10700997337698936,0.014387705828994513,0.8786023259162903,2,crypto
2021-06-25,0.055648006521821544,0.1555144099673009,0.09984738466897869,0.744595080013935,1651,equity
2021-06-26,0.7561043803580105,0.7867330312728882,0.030628650914877653,0.18263831362128258,2,commodity
2021-06-26,0.15728481641141334,0.2299598318252118,0.07267501541379846,0.6973651639368607,5,crypto
2021-06-26,0.30565606145157165,0.3796526092284545,0.07398407355007822,0.5463774409899352,970,equity
2021-06-26,0.932605903595686,0.9494231343269348,0.016817230731248856,0.0337597094476223,1,forex
2021-06-27,0.35738175002132283,0.38268684076005627,0.025398338587369566,0.5919214450030135,23474,equity
2021-06-28,0.29219067551962863,0.35895825635103756,0.0667985277136266,0.5742690242494196,3464,equity
2021-06-29,-0.011537895537912846,0.05402512103319168,0.06556301657110453,0.8804118931293488,2,crypto
2021-06-29,0.3399699040654044,0.35342498258002997,0.013455584614976479,0.633119938895846,11065,equity
2021-06-29,0.04200219642370939,0.05685143545269966,0.014849239028990269,0.9282993078231812,1,forex
2021-06-30,-0.028793413192033768,0.04599612019956112,0.07478953339159489,0.8792143762111664,2,crypto
2021-06-30,0.3105108802612663,0.33958938289465723,0.02910656635888077,0.6313045412501284,816,equity
2021-06-30,-0.1793763261909286,0.1563374064862728,0.33571373267720145,0.5079488555590311,3,forex
2021-07-01,0.08233837597072124,0.13110659457743168,0.048768218606710434,0.8201251327991486,2,commodity
2021-07-01,0.21676781103014947,0.31421374529600143,0.09744593426585198,0.5883403420448303,5,crypto
2021-07-01,0.1554516279754929,0.2532507642590888,0.097841093009843,0.6488999577527969,1063,equity
2021-07-02,0.05820639431476593,0.1378631740808487,0.07965677976608276,0.782480001449585,1,commodity
2021-07-02,0.0345865860581398,0.06401458382606506,0.029427997767925262,0.9065573811531067,3,crypto
2021-07-02,0.3540292239179971,0.45582741296785756,0.10179516545103953,0.4423234397513735,1356,equity
2021-07-03,0.10778661770746112,0.13601405639201403,0.028227438684552908,0.8357585072517395,4,crypto
2021-07-03,-0.19100380073051657,0.13767014773698727,0.3286701290230595,0.5336097243523663,288,equity
2021-07-03,0.6623287880793214,0.6730191707611084,0.010690382681787014,0.3162904381752014,2,forex
2021-07-04,0.14464954777042002,0.313355814918399,0.16870547974640382,0.5179573403029153,381,equity
2021-07-05,0.7276699151843786,0.7378958463668823,0.0102259311825037,0.2518782317638397,1,commodity
2021-07-05,0.03629951065201489,0.15047511291340634,0.11416925610754378,0.7352728748117789,1560,equity
2021-07-05,-0.050316011533141136,0.025709347799420357,0.07602535933256149,0.8982653617858887,1,forex
2021-07-06,0.03062357008457184,0.06796184927225113,0.03733827918767929,0.8946998119354248,1,crypto
2021-07-06,-0.09001843543274732,0.11079818569659891,0.20081583434728278,0.6883669397324207,2542,equity
2021-07-06,0.013689643237739801,0.13940473273396492,0.12571508949622512,0.7348801791667938,2,forex
2021-07-07,-0.3454758016616538,0.09762200527918864,0.44309846360125266,0.45927343421208117,1066,equity
2021-07-08,0.4834558628499508,0.5101487748324871,0.026692911982536316,0.4631583336740732,2,commodity
2021-07-08,0.08316070104717052,0.14764928253456944,0.06448812451862458,0.7878617544046717,1313,equity
2021-07-08,0.06670681573450565,0.08328742533922195,0.0165806096047163,0.9001320004463196,1,forex
2021-07-09,0.02328844554722309,0.05179924890398979,0.0285108033567667,0.9196898341178894,1,commodity
2021-07-09,0.12702366709709167,0.20730428397655487,0.0802806168794632,0.7124151587486267,1,crypto
2021-07-09,0.07359350931547631,0.14806480909959177,0.07443576678919091,0.7775001220128056,1576,equity
2021-07-09,-0.3056281339377165,0.16352688521146774,0.4691550191491842,0.36731812730431557,2,forex
2021-07-10,0.030648124217368466,0.1348068112185652,0.10414263195532517,0.7610565207376391,218,equity
2021-07-10,0.47175515070557594,0.5026642680168152,0.030909117311239243,0.46642664074897766,1,forex
2021-07-11,0.1510750139132142,0.163762167096138,0.012687153182923794,0.8235506415367126,1,commodity
2021-07-11,-0.1428187148607497,0.11748191042585283,0.26029142988430376,0.6222347069835527,174,equity
2021-07-11,0.09056432265788317,0.10077685117721558,0.010212528519332409,0.8890106678009033,1,forex
2021-07-12,0.0292372927069664,0.045283932238817215,0.016046639531850815,0.9386694431304932,1,crypto
2021-07-12,-0.06556945500839678,0.1645024975214289,0.2300705732194807,0.6054384234434544,435,equity
2021-07-13,-0.1776324212551117,0.09485554695129395,0.27248796820640564,0.632656455039978,1,crypto
2021-07-13,0.3293746526672931,0.46480697433936863,0.13542929791397537,0.399703252282946,463,equity
2021-07-14,-0.02360637951642275,0.06990849040448666,0.0935148699209094,0.8365766704082489,2,commodity
2021-07-14,0.45902014523744583,0.47063907980918884,0.011618934571743011,0.5177420377731323,1,crypto
2021-07-14,0.07492401133731523,0.2260985787743125,0.1511635329542386,0.6227385731158587,145,equity
2021-07-14,0.9057383090257645,0.9363027811050415,0.03056447207927704,0.033132728189229965,1,forex
2021-07-15,-0.08610103753727025,0.10340713771757583,0.18950905517202987,0.7070131548412841,1932,equity
2021-07-15,0.7236549146473408,0.7374564707279205,0.013801556080579758,0.24874197691679,2,forex
2021-07-16,-0.1260075867176056,0.0793343186378479,0.2053419053554535,0.715323805809021,1,commodity
2021-07-16,0.014720041304826736,0.04287046566605568,0.028150424361228943,0.9289790987968445,1,crypto
2021-07-16,-0.12242057255614144,0.0899714799753899,0.21237924765348168,0.6975794119167466,1148,equity
2021-07-17,-0.522963876525561,0.05804517741004626,0.5810090539356073,0.36094577858845395,3,crypto
2021-07-17,-0.6633830934144703,0.03339903360858566,0.6967062446701178,0.2698894271261194,510,equity
2021-07-18,-0.09491787515311702,0.17088665272245818,0.26580127584305474,0.5633104442521817,246,equity
2021-07-19,0.02895459303380501,0.17346716096553358,0.14452259927969072,0.6819564258509759,957,equity
2021-07-20,-0.892469298094511,0.04333626106381416,0.9358055591583252,0.020858144387602806,1,commodity
2021-07-20,-0.0002797661781066927,0.11371418099461526,0.1139947379707078,0.7722064657933468,1391,equity
2021-07-21,0.06923289902280134,0.16844332247557023,0.09921563517915317,0.7322811074918564,307,equity
2021-07-22,-0.029206079295154033,0.10282281938326054,0.13202863436123283,0.7650564757709258,1135,equity
2021-07-23,-0.20508640350877197,0.07770526315789474,0.2827929824561403,0.6394473684210523,228,equity
2021-07-24,0.3886316326530598,0.4227134693877552,0.03398632653061221,0.5432999999999989,490,equity
2021-07-25,0.3304972222222222,0.3988361111111111,0.06824999999999998,0.5329138888888889,72,equity
2021-07-26,-0.25222282608695656,0.09413913043478259,0.34635217391304357,0.5595891304347826,92,equity
2021-07-27,0.1144921568627451,0.28441568627450986,0.16992549019607842,0.5456745098039215,51,equity
2021-07-28,0.2532357142857143,0.3586595238095238,0.10541904761904763,0.5359214285714287,42,equity
2021-07-29,-0.12012,0.2191,0.33919999999999995,0.4417,5,equity
2021-07-30,0.33482500000000004,0.40117499999999995,0.066325,0.5325124999999999,8,equity
2021-07-31,0.36545,0.50365,0.13815000000000002,0.3582,4,equity
2021-08-01,-0.1077192857142856,0.20689899999999975,0.3146478571428572,0.47845014285714177,700,equity
2021-08-02,0.19067866581855744,0.3445733001802833,0.15388992847937297,0.5015395168346518,510,equity
2021-08-03,0.14824117612768836,0.26224780980039525,0.11397330033937353,0.623777656373124,81,equity
2021-08-04,0.01895059272646904,0.05182049795985222,0.03286990523338318,0.9153096675872803,1,commodity
2021-08-04,0.015450626611709595,0.08024885132908821,0.06479822471737862,0.8549529016017914,2,crypto
2021-08-04,0.09702512110454077,0.2186197023937169,0.12159556168133297,0.6597817908497076,102,equity
2021-08-04,-0.038229405879974365,0.03841191530227661,0.07664132118225098,0.8849468231201172,1,forex
2021-08-05,0.08079740658003474,0.25088625352555705,0.17008669640788787,0.5790270488948912,93,equity
2021-08-06,0.0932300565764308,0.10443812608718872,0.011208069510757923,0.8843538165092468,1,crypto
2021-08-06,0.020357056203775706,0.19220250586067467,0.17184544965689894,0.6359520445787701,87,equity
2021-08-06,0.9080062760040164,0.9231821298599243,0.015175853855907917,0.06164201349020004,1,forex
2021-08-07,-0.02752823531422169,0.13457429047644595,0.16210252579066764,0.7033025479548434,63,equity
2021-08-08,-0.005365249843451465,0.0922216158234604,0.09758686566691188,0.8101154889212071,146,equity
2021-08-09,0.04928340141971906,0.0688132606446743,0.019529859224955242,0.9116568565368652,3,crypto
2021-08-09,0.03247650563911595,0.13898194477717085,0.10650543913805485,0.7544832756237189,75,equity
2021-08-09,0.006667405366897583,0.041333213448524475,0.03466580808162689,0.9240009188652039,3,forex
2021-08-10,-0.17652403904745975,0.12493875126043956,0.3014627903078993,0.5735984767476717,3,commodity
2021-08-10,-0.010403509950385255,0.13963545804882455,0.1500389679992098,0.7103187995631816,59,equity
2021-08-11,0.20769864041358232,0.3680516928434372,0.16035305242985487,0.47159522771835327,2,crypto
2021-08-11,0.08599932997282313,0.21383958892389685,0.12779846790629754,0.6583619458525707,134,equity
2021-08-11,0.04974092356860638,0.06845986843109131,0.018718944862484932,0.9128211140632629,1,forex
2021-08-12,-0.5336550138890743,0.0306302048265934,0.5642852187156677,0.4050845205783844,1,commodity
2021-08-12,-0.051742780953645706,0.03994443640112877,0.09168721735477448,0.86836838722229,1,crypto
2021-08-12,0.018902500171371205,0.19170295020193165,0.17278685353933274,0.6354996702207086,456,equity
2021-08-12,0.07917092344723642,0.4167524166405201,0.3375814931932837,0.2456660345196724,2,forex
2021-08-13,0.04050791480888923,0.06442076961199443,0.023912854803105194,0.9116663734118143,3,crypto
2021-08-13,0.010683567407880984,0.18239839105953767,0.17171561730245039,0.6458859921406305,126,equity
2021-08-14,0.2956747943535447,0.31011898443102837,0.014444190077483654,0.6754367798566818,2,crypto
2021-08-14,0.1072823055024583,0.21233646726594135,0.1050495463788678,0.6826139881282858,130,equity
2021-08-15,-0.048912809414954635,0.08723994673716806,0.1361527561521226,0.7766072972918002,108,equity
2021-08-16,0.13617617171257734,0.1475788652896881,0.011402693577110767,0.8410184979438782,1,crypto
2021-08-16,-0.05884628660590388,0.12124355234606192,0.18008983895196579,0.6986666017461568,32,equity
2021-08-17,0.49984400000000023,0.6085984000000004,0.10875279999999998,0.28255439999999993,125,equity
2021-08-18,0.4068098901098902,0.5242626373626373,0.1174472527472527,0.3582208791208791,91,equity
2021-08-19,0.01023636363636365,0.1892,0.17901818181818183,0.6317818181818182,11,equity
2021-08-20,-0.18986923076923076,0.13821025641025642,0.32814102564102565,0.5336474358974359,78,equity
2021-08-21,-0.3377666666666667,0.09004444444444444,0.42784444444444447,0.48211111111111116,9,equity
2021-08-22,0.016168438538206,0.1165501661129566,0.10028172757475069,0.7831681063122936,301,equity
2021-08-23,0.2518142857142857,0.3465428571428571,0.09471428571428572,0.5587571428571428,7,equity
2021-08-24,0.018014285714285712,0.1792214285714286,0.16122142857142857,0.6595428571428571,14,equity
2021-08-25,-0.13695757575757575,0.09840909090909089,0.23536666666666667,0.6662242424242426,33,equity
2021-08-26,0.29882105263157893,0.35754473684210525,0.058710526315789456,0.5838026315789474,38,equity
2021-08-27,0.034113559322033936,0.26677245762711865,0.2326567796610171,0.5005987288135594,236,equity
2021-08-28,0.3105373134328358,0.37957611940298513,0.06905223880597015,0.5513776119402984,67,equity
2021-08-29,0.25813388429752065,0.3695363636363637,0.11141157024793387,0.5191107438016531,121,equity
2021-08-30,0.17136527545909805,0.28198080133556,0.11061552587646035,0.607404507512522,599,equity
2021-08-31,0.1671346820809248,0.27549595375722524,0.10836820809248558,0.6161375722543353,173,equity
2021-09-01,0.1625661157024794,0.2161801652892562,0.053615702479338834,0.7301942148760328,121,equity
2021-09-02,0.09827727272727274,0.17501623376623376,0.07673766233766231,0.7482454545454541,154,equity
2021-09-03,-0.04569375000000001,0.13969687499999997,0.18539375000000002,0.6749093749999999,64,equity
2021-09-04,-0.09250966386554625,0.1751180672268907,0.26764915966386554,0.5572483193277312,238,equity
2021-09-05,0.06249011494252865,0.2121694252873563,0.14965494252873554,0.6381680459770117,435,equity
2021-09-06,0.14691898734177197,0.19012995780590694,0.04319451476793246,0.7666755274261597,237,equity
2021-09-07,0.08081686746987952,0.12541566265060242,0.0446024096385542,0.8299819277108437,83,equity
2021-09-08,0.031091891891891887,0.22585675675675676,0.19476486486486486,0.5793567567567568,37,equity
2021-09-09,-0.2058333333333333,0.17029814814814814,0.37613148148148146,0.4535351851851851,54,equity
2021-09-10,0.2581634615384616,0.31735096153846165,0.059184615384615384,0.6234673076923076,104,equity
2021-09-11,0.27902777777777776,0.3345333333333333,0.05552222222222222,0.6099111111111112,18,equity
2021-09-12,-0.04466652267818572,0.14075874730021573,0.185406911447084,0.6738738660907125,463,equity
2021-09-13,0.01553464566929132,0.21471338582677174,0.19919212598425204,0.5861141732283464,127,equity
2021-09-14,0.34629999999999994,0.39247272727272725,0.046154545454545455,0.5613636363636363,22,equity
2021-09-15,0.18401428571428569,0.25802857142857144,0.07397142857142858,0.6679857142857143,7,equity
2021-09-16,0.04673333333333334,0.1311,0.0843,0.7846000000000001,3,equity
2021-09-17,-0.5995770491803277,0.039409836065573786,0.6389868852459015,0.3216032786885247,61,equity
2021-09-18,-0.6274,0.032,0.6594,0.3086,1,equity
2021-09-19,-0.6274,0.032,0.6594,0.3086,1,equity
2021-09-20,-0.6274,0.032,0.6594,0.3086,1,equity
2021-09-21,-0.0034999999999999845,0.27213333333333334,0.27563333333333334,0.4522333333333333,3,equity
2021-09-22,0.431475,0.4672,0.03565,0.49715,4,equity
2021-09-24,-0.4382000000000005,0.031000000000000017,0.4692000000000006,0.4997999999999998,425,equity
2021-09-25,-0.4381999999999995,0.030999999999999975,0.46920000000000045,0.4998000000000004,167,equity
2021-09-26,-0.26327999999999996,0.11579999999999999,0.37908,0.50512,5,equity
2021-09-27,-0.028,0.0696,0.0976,0.8327,14,equity
2021-09-28,0.09088947368421048,0.23872526315789488,0.14785684210526304,0.6134357894736844,285,equity
2021-09-29,-0.05913396226415094,0.17223679245283025,0.23139182389937094,0.5963764150943391,318,equity
2021-09-30,-0.5706928571428571,0.02197142857142857,0.5927571428571428,0.38527142857142854,14,equity
2021-10-01,0.367928125,0.42879375000000003,0.06086875,0.5104093749999999,32,equity
2021-10-02,0.2627911392405063,0.2834905063291142,0.020699367088607597,0.6958132911392402,158,equity
2021-10-03,-0.16018333333333334,0.15510416666666668,0.31527499999999997,0.5296208333333333,24,equity
2021-10-04,0.2689375,0.36923750000000005,0.10029999999999999,0.530475,8,equity
2021-10-05,-0.1516875,0.09831875000000001,0.2500125,0.65168125,16,equity
2021-10-06,0.1188544776119402,0.1812218905472641,0.06235124378109449,0.7564298507462672,402,equity
2021-10-07,0.24379425287356318,0.29686436781609193,0.053052873563218375,0.6500850574712643,87,equity
2021-10-08,0.2054849056603773,0.2203886792452829,0.014813207547169811,0.764798113207547,53,equity
2021-10-09,0.11182653061224491,0.15498367346938768,0.04310816326530613,0.8019081632653061,49,equity
2021-10-10,0.19462758620689655,0.269448275862069,0.07478965517241379,0.6557620689655173,29,equity
2021-10-11,0.2500174757281554,0.3310466019417475,0.08102815533980588,0.5879019417475732,103,equity
2021-10-12,-0.06465777777777777,0.17506000000000005,0.23971777777777786,0.585148888888889,45,equity
2021-10-13,0.21335238095238093,0.2629714285714286,0.04961904761904761,0.6873619047619048,21,equity
2021-10-14,0.37777407407407404,0.39163148148148136,0.013759259259259264,0.5946092592592591,54,equity
2021-10-15,0.2506758620689655,0.27053448275862074,0.01983448275862069,0.7096793103448275,29,equity
2021-10-16,0.004113333333333332,0.12314000000000001,0.11902666666666667,0.7577466666666667,15,equity
2021-10-17,-0.10309999999999997,0.05477681159420289,0.15778188405797106,0.7874434782608696,138,equity
2021-10-18,0.205045804195804,0.28423671328671335,0.07915454545454548,0.6365895104895103,286,equity
2021-10-19,-0.017108450704225377,0.24344084507042246,0.26049577464788737,0.496061971830986,142,equity
2021-10-20,0.3203418699186991,0.38094186991869905,0.06059471544715447,0.5585288617886184,246,equity
2021-10-21,0.3180101265822786,0.36101434599156124,0.0430016877637131,0.595994936708861,237,equity
2021-10-22,0.37062448979591817,0.4288844897959182,0.058265306122449005,0.5128510204081633,245,equity
2021-10-23,0.3484311111111111,0.44162,0.09318888888888888,0.46522444444444455,45,equity
2021-10-24,0.17499999999999996,0.23020000000000004,0.055216666666666664,0.7145833333333332,6,equity
2021-10-25,0.3035135135135135,0.350497972972973,0.046987162162162165,0.6024918918918919,148,equity
2021-10-26,0.2165914754098363,0.31202918032786914,0.09545475409836064,0.5925557377049181,305,equity
2021-10-27,0.26849459459459485,0.31527258687258664,0.04682741312741317,0.6379038610038605,259,equity
2021-10-28,0.3341685714285714,0.38288142857142865,0.04874285714285713,0.5683700000000002,70,equity
2021-10-29,0.2772690058479534,0.2979298245614035,0.02066081871345029,0.6814093567251465,171,equity
2021-10-30,0.24008322580645164,0.2794103225806451,0.03932774193548388,0.6812503225806451,155,equity
2021-10-31,0.24792916666666667,0.27569166666666667,0.027795833333333336,0.6965083333333334,24,equity
2021-11-01,0.43290860215053795,0.45107419354838724,0.01816559139784947,0.5306779569892476,186,equity
2021-11-02,0.23277111111111115,0.36204666666666663,0.12927777777777777,0.5086811111111109,90,equity
2021-11-03,0.3137049079754602,0.38056134969325156,0.06686809815950923,0.552568711656442,163,equity
2021-11-04,0.4640610389610389,0.48752467532467514,0.023453246753246754,0.48895974025974037,77,equity
2021-11-05,0.450535820895522,0.4634691542288554,0.012954726368159218,0.5234990049751245,201,equity
2021-11-06,0.2167,0.24303124999999998,0.026306250000000003,0.73064375,16,equity
2021-11-07,-0.08696333333333335,0.15450888888888895,0.2414722222222222,0.6040477777777777,90,equity
2021-11-08,0.18853095238095233,0.3002190476190477,0.11168809523809527,0.5881857142857144,42,equity
2021-11-09,-0.258602380952381,0.04628809523809524,0.3048928571428572,0.6489,42,equity
2021-11-10,0.46052,0.51117,0.050570000000000004,0.43825000000000003,10,equity
2021-11-11,-0.12262580645161288,0.1767096774193548,0.29931612903225807,0.5239774193548387,31,equity
2021-11-12,0.123875,0.26775,0.14385,0.5884,4,equity
2021-11-13,0.3635870967741935,0.39203870967741944,0.02850322580645161,0.5794129032258064,31,equity
2021-11-14,0.29776875,0.32155,0.023850000000000003,0.6545812499999999,16,equity
2021-11-15,0.35628181818181814,0.3739545454545455,0.017663636363636364,0.6083727272727273,11,equity
2021-11-16,0.2879333333333333,0.3182666666666667,0.030366666666666667,0.6514333333333333,3,equity
2021-11-17,0.17299863013698635,0.29101461187214583,0.11800593607305929,0.5909812785388125,219,equity
2021-11-18,0.35123903743315504,0.4372165775401065,0.08591764705882346,0.47686524064171154,187,equity
2021-11-19,0.3193111111111111,0.38210000000000005,0.0628111111111111,0.5551111111111111,9,equity
2021-11-22,0.4102125,0.4223374999999999,0.012125,0.5654750000000001,8,equity
2021-11-23,0.5334000000000001,0.6395999999999998,0.10619999999999999,0.25410000000000016,59,equity
2021-11-24,0.3125,0.3478833333333333,0.03545,0.6166666666666666,6,equity
2021-11-25,0.3837,0.4072,0.0236,0.5692,1,equity
2021-11-26,0.187,0.2328,0.0458,0.7215,1,equity
2021-11-30,0.03870664652567972,0.2831232628398793,0.24436978851963753,0.4725051359516612,331,equity
2021-12-01,0.2636617142857142,0.3800514285714285,0.11632628571428577,0.5036080000000005,175,equity
2021-12-02,0.013036470588235271,0.16624705882352936,0.15318941176470594,0.6805541176470588,85,equity
2021-12-03,0.11771509433962263,0.20967735849056604,0.09196320754716986,0.6983575471698111,106,equity
2021-12-04,0.25325000000000003,0.28230000000000005,0.02905,0.68865,2,equity
2021-12-05,0.3229,0.34657,0.023670000000000004,0.62976,10,equity
2021-12-06,0.011,0.1104,0.0993,0.7903,2,equity
2021-12-07,0.02704146341463415,0.10304634146341463,0.07598536585365855,0.8209682926829265,82,equity
2021-12-08,0.12196666666666667,0.17583333333333334,0.05386666666666667,0.7703333333333332,45,equity
2021-12-09,0.46864882154882237,0.5037861952861952,0.03513737373737378,0.4610771043771033,297,equity
2021-12-10,0.45337621359223274,0.4843019417475727,0.03092330097087377,0.4847558252427185,206,equity
2021-12-11,0.3909,0.4044,0.0135,0.582,2,equity
2021-12-12,0.15150555555555556,0.1940222222222222,0.042516666666666675,0.7634722222222222,18,equity
2021-12-13,0.3692582191780823,0.41336232876712325,0.044104109589041096,0.54256301369863,146,equity
2021-12-14,0.44704107142857163,0.4761035714285712,0.029063095238095256,0.49484702380952356,168,equity
2021-12-15,-0.09348286445012793,0.08776035805626588,0.1812455242966752,0.7309864450127883,391,equity
2021-12-16,-0.13166267605633813,0.06464084507042255,0.19630880281690136,0.7390485915492964,284,equity
2021-12-17,0.012169208211143688,0.1461375366568916,0.1339891495601175,0.7198680351906159,341,equity
2021-12-18,0.01385541795665631,0.11644427244582063,0.10258947368421051,0.7809656346749235,323,equity
2021-12-19,0.04734400000000002,0.09854399999999998,0.051199999999999996,0.850256,25,equity
2021-12-20,-0.12236250000000001,0.1602375,0.2826375,0.557125,8,equity
2021-12-21,0.31617636363636364,0.3779018181818183,0.06173272727272724,0.5603672727272729,55,equity
2021-12-22,0.3756328859060404,0.3945533557046975,0.018920134228187904,0.5865265100671133,298,equity
2021-12-23,0.008016666666666656,0.1360055555555555,0.12799120370370362,0.7360032407407404,216,equity
2021-12-24,-0.06653149606299208,0.10767125984251971,0.174202755905512,0.7181259842519689,254,equity
2021-12-25,-0.1387636363636363,0.07656470588235303,0.21532620320855642,0.7081090909090912,187,equity
2021-12-26,-0.13582421052631577,0.06308315789473683,0.19886842105263153,0.7380621052631579,95,equity
2021-12-27,0.024393617021276605,0.12670091185410326,0.10232127659574461,0.7709905775075983,329,equity
2021-12-28,0.4625037037037037,0.5041222222222224,0.04165925925925926,0.4542148148148148,27,equity
2021-12-29,-0.6066614035087718,0.04645087719298246,0.6531122807017543,0.3004473684210526,57,equity
2021-12-30,-0.5934666666666667,0.0237,0.6171666666666666,0.35916666666666663,3,equity
2021-12-31,0.01733487394957986,0.26048109243697487,0.2431920168067227,0.49636554621848705,238,equity
2022-01-01,0.15248954150434524,0.24279083008690433,0.09030566376985306,0.6669004495055441,3337,crypto
2022-01-01,0.3193808510638298,0.42652978723404267,0.10716595744680851,0.466331914893617,47,equity
2022-01-02,0.1421772013833466,0.2410964618249532,0.09892253258845428,0.6599803937217344,3759,crypto
2022-01-02,0.22599999999999998,0.31466249999999996,0.088675,0.5967,8,equity
2022-01-03,0.14896569122098913,0.25072961654894027,0.10176521190716453,0.6475032795156399,3964,crypto
2022-01-03,0.39543999999999996,0.49402,0.09858,0.40743999999999997,5,equity
2022-01-04,0.14723764975783837,0.24878386438949796,0.10154667346418562,0.6496684680091772,3923,crypto
2022-01-04,0.42910000000000004,0.542290909090909,0.11312727272727273,0.34459999999999996,11,equity
2022-01-05,0.12072837904015674,0.24091133692458422,0.12018388834476011,0.638899828599413,4084,crypto
2022-01-05,0.4149,0.4259,0.011,0.5631,1,equity
2022-01-06,0.07790382888206106,0.2175998818246272,0.13969390215079203,0.6427091704088861,4231,crypto
2022-01-07,0.09404456443484524,0.22298927285817122,0.12894658027357828,0.6480664266858642,4167,crypto
2022-01-07,0.4149,0.4259,0.011,0.5631,2,equity
2022-01-08,0.07934025157232695,0.2126641509433962,0.13332246998284727,0.6540118353344772,3498,crypto
2022-01-08,-0.18575818181818174,0.07768090909090912,0.26347272727272725,0.6588381818181821,110,equity
2022-01-09,0.10858514973757323,0.22969428836060501,0.12110849027477606,0.6491952763198511,3239,crypto
2022-01-09,-0.35457500000000014,0.0475975806451613,0.4021879032258065,0.5502145161290325,124,equity
2022-01-10,0.1438034926470591,0.2513701680672267,0.10756701680672265,0.6410595850840335,3808,crypto
2022-01-10,-0.5165,0.0285,0.545,0.4265,4,equity
2022-01-11,0.12413018315018313,0.2309560195360196,0.10682913308913324,0.6622134065934079,4095,crypto
2022-01-12,0.1519216414009407,0.2538929952953478,0.10197140616832222,0.6441363826450599,3826,crypto
2022-01-12,-0.06643076923076925,0.14754615384615383,0.21390000000000003,0.6385615384615385,13,equity
2022-01-13,0.1800947661188364,0.2740171681415931,0.09391939317319858,0.6320634134007588,3955,crypto
2022-01-13,0.08467719298245614,0.22619298245614025,0.1415157894736842,0.6322912280701757,57,equity
2022-01-14,0.15269811320754734,0.24988424938474135,0.09718506972928626,0.6529304347826089,3657,crypto
2022-01-14,0.1635,0.23807142857142857,0.07455714285714286,0.6873714285714286,14,equity
2022-01-15,0.1765357102751265,0.26819590117911263,0.09165895564289721,0.6401458169567658,3562,crypto
2022-01-15,0.04929999999999999,0.10110000000000004,0.051800000000000006,0.8470000000000002,69,equity
2022-01-16,0.18011855227882048,0.2754166756032165,0.09529863270777493,0.6292853351206433,3730,crypto
2022-01-16,0.07458000000000001,0.12591999999999998,0.05134000000000001,0.822645,20,equity
2022-01-17,0.1362753710691823,0.25155464150943374,0.11528264150943399,0.6331627924528297,3975,crypto
2022-01-17,0.8194333333333332,0.8335444444444445,0.014200000000000003,0.1522444444444444,36,equity
2022-01-18,0.14273486760702808,0.2545638208364259,0.11182994308339517,0.6336056916604796,4041,crypto
2022-01-18,0.8073999999999999,0.8221,0.014787499999999999,0.1631,8,equity
2022-01-19,0.14322971748400865,0.2480687899786782,0.10483869936034114,0.6470919509594871,3752,crypto
2022-01-19,-0.08842962962962965,0.12292592592592592,0.21136296296296295,0.6657037037037038,27,equity
2022-01-20,0.12894101394849788,0.24612521459227477,0.11718331545064375,0.6366904774678113,3728,crypto
2022-01-20,0.13205,0.27080000000000004,0.138775,0.5904,4,equity
2022-01-21,0.02366023535180189,0.19803998529051248,0.17437847511645027,0.6275830350576125,4079,crypto
2022-01-21,0.12777400881057263,0.23435903083700454,0.10658810572687223,0.6590792951541852,227,equity
2022-01-22,0.031782514930325155,0.20852770404777687,0.1767515262110153,0.6147212010617119,3014,crypto
2022-01-22,0.13852285714285717,0.24840571428571426,0.10987714285714285,0.6417457142857145,35,equity
2022-01-23,0.10556831896551731,0.23432871767241384,0.1287612607758621,0.6369057112068955,3712,crypto
2022-01-23,-0.05833589743589744,0.11391025641025643,0.17229999999999998,0.7137897435897436,39,equity
2022-01-24,0.0822944871091607,0.22626541415249596,0.14396977509599562,0.6297600658255618,3646,crypto
2022-01-24,0.19455,0.23440000000000003,0.03986666666666667,0.7257166666666667,6,equity
2022-01-25,0.08817809655172403,0.21454612413793106,0.1263657103448274,0.6590888000000001,3625,crypto
2022-01-25,-0.09465000000000001,0.15905,0.2537,0.58725,2,equity
2022-01-26,0.12803938897981446,0.24273966175668305,0.1147025095471902,0.6425568194217125,3666,crypto
2022-01-26,-0.0028,0.1296,0.1324,0.738,2,equity
2022-01-27,0.12777385333699542,0.24094589398516894,0.11317371601208451,0.6458753364460312,3641,crypto
2022-01-27,-0.003116666666666672,0.1132883333333333,0.116405,0.7703066666666667,60,equity
2022-01-28,0.14244707964601752,0.2546716814159295,0.11222595870206498,0.6331024778761053,3390,crypto
2022-01-28,0.03404,0.11038,0.07634,0.81328,5,equity
2022-01-29,0.1384866159947122,0.2514232980832782,0.11293595505617995,0.6356418374091204,3026,crypto
2022-01-30,0.1499819085487078,0.25851544068919824,0.10853535453943011,0.6329492379058973,3018,crypto
2022-01-30,-0.01611764705882353,0.10168235294117645,0.11779999999999999,0.7805147058823528,34,equity
2022-01-31,0.1625603150560436,0.2675913359588007,0.1050332020599819,0.6273764313844282,3301,crypto
2022-01-31,-0.048276394849785395,0.08598025751072963,0.1342510729613734,0.7797377682403436,233,equity
2022-02-01,0.12423592696629207,0.23632384831460673,0.11208685393258436,0.6515879213483141,3560,crypto
2022-02-01,-0.05096857142857143,0.10122000000000002,0.15217714285714287,0.7465514285714286,35,equity
2022-02-02,0.12091463558571845,0.2391246090292122,0.11820976689288888,0.642663647093538,3389,crypto
2022-02-03,0.11489724259313569,0.23519169844529206,0.12029342915811105,0.6445113523027286,3409,crypto
2022-02-03,-0.4399,0.0274,0.4674,0.5052,1,equity
2022-02-04,0.1037874726647923,0.23164520462355512,0.12785988753514527,0.6404935020306152,3201,crypto
2022-02-04,0.35198524590163915,0.416639344262295,0.06465409836065573,0.5187868852459018,61,equity
2022-02-05,0.10172684960055572,0.23606342480027787,0.13433713094824598,0.6295964918374437,2879,crypto
2022-02-05,0.46389999999999987,0.4981999999999998,0.0343,0.4676,32,equity
2022-02-06,0.13288644197625438,0.23938379931060902,0.10649777862887773,0.6541211030256613,2611,crypto
2022-02-07,0.1282687959964674,0.23672920223726826,0.10845961142184295,0.654811304091846,3397,crypto
2022-02-08,0.11143637200736646,0.22540475751995098,0.113968815224064,0.660625168815224,3258,crypto
2022-02-08,0.5514476190476191,0.5766238095238094,0.02517619047619048,0.3981809523809523,21,equity
2022-02-09,0.12844294302891482,0.2317085886057832,0.10326535929000855,0.6650280847409107,3493,crypto
2022-02-09,0.10309041769041752,0.18533906633906658,0.08217321867321865,0.7324744471744459,407,equity
2022-02-10,0.12653662149385436,0.23560813110620868,0.10907409391742832,0.655317617396786,3173,crypto
2022-02-10,0.1461576923076923,0.2727192307692307,0.12656153846153842,0.6007192307692306,52,equity
2022-02-11,0.12454744651483779,0.23333436853002065,0.10878557625948927,0.6578773636991025,2898,crypto
2022-02-11,0.11853636363636365,0.25587272727272725,0.13733636363636365,0.6067818181818182,11,equity
2022-02-12,0.10016520190023755,0.21620502771179714,0.11603895486935875,0.6677575613618371,2526,crypto
2022-02-13,0.1200230500582073,0.22979433449747763,0.10977077997671711,0.6604371362048894,2577,crypto
2022-02-13,0.2404,0.30625,0.06585,0.62795,2,equity
2022-02-14,0.10074616984402071,0.2221299480069323,0.12138485268630853,0.6564815251299823,2885,crypto
2022-02-14,0.1778,0.2912,0.1134,0.5954,1,equity
2022-02-15,0.09402121848739495,0.21264247198879557,0.11862212885154057,0.668737289915967,2856,crypto
2022-02-15,-0.3958,0.0264,0.4222,0.5514000000000001,31,equity
2022-02-16,0.10271027470567241,0.21309950053514085,0.11038929718159116,0.676512450945416,2803,crypto
2022-02-16,-0.3958,0.0264,0.4222,0.5514,1,equity
2022-02-17,0.07638368459302321,0.20395952034883724,0.12757361918604648,0.6684671875000006,2752,crypto
2022-02-17,0.1445,0.21666666666666665,0.07216666666666667,0.7111666666666666,3,equity
2022-02-18,0.07354973604826548,0.20812300150829582,0.13457205882352943,0.6573044494720962,2652,crypto
2022-02-19,0.08600704164877637,0.20941202232717898,0.12340339201373984,0.6671869901245169,2329,crypto
2022-02-19,0.08894800000000001,0.1466,0.057652,0.7957480000000001,50,equity
2022-02-20,0.059370133963750994,0.20161178092986604,0.14224184397163125,0.6561478723404253,2538,crypto
2022-02-20,0.1524,0.19299999999999998,0.0406,0.7664,6,equity
2022-02-21,0.08482738179251936,0.2165977064220186,0.13177025405786877,0.6516321453775578,2834,crypto
2022-02-21,0.08407798165137619,0.19336972477064218,0.10934770642201835,0.6972633027522933,109,equity
2022-02-22,0.12087992223400486,0.23666825733474742,0.11578511841640177,0.6475493107104984,2829,crypto
2022-02-22,0.12939545454545456,0.18206818181818185,0.05273409090909091,0.7651931818181819,44,equity
2022-02-23,0.11096602818937473,0.22638514636790746,0.11541817853270703,0.6581967112396099,2767,crypto
2022-02-23,0.04425,0.2355,0.19132500000000002,0.573175,4,equity
2022-02-24,0.024944328358208936,0.19458869402985057,0.16964373134328375,0.6357670149253732,2680,crypto
2022-02-24,0.3291000000000002,0.3553999999999998,0.026299999999999997,0.6182000000000009,167,equity
2022-02-25,0.09550112406328057,0.22637114904246453,0.13086873438801006,0.642760824313073,2402,crypto
2022-02-25,-0.5335,0.09074583333333332,0.6242458333333333,0.28498749999999995,24,equity
2022-02-26,0.09743986425339364,0.22248466063348413,0.12504334841628967,0.6524727149321264,2210,crypto
2022-02-26,-0.16146470588235293,0.051241176470588234,0.21270588235294122,0.7361352941176471,17,equity
2022-02-27,0.10672621135209974,0.22535080756806647,0.11862270419935396,0.6560271342870326,2167,crypto
2022-02-27,-0.124025,0.053125000000000006,0.17715,0.7698125,8,equity
2022-02-28,0.0942141253869969,0.22095812693498468,0.12674284055727547,0.6522981424148606,2584,crypto
2022-02-28,-0.7605,0.0211,0.7816,0.1973,1,equity
2022-03-01,0.10219106165632975,0.22186304268515133,0.1196716526815031,0.658465523531558,2741,crypto
2022-03-01,-0.6980666666666666,0.0202,0.7182666666666666,0.26153333333333334,3,equity
2022-03-02,0.10873895348837213,0.2253432170542636,0.11660418604651178,0.6580506201550383,2580,crypto
2022-03-03,0.08535182795698924,0.21245883870967738,0.12710632258064522,0.6604355698924727,2325,crypto
2022-03-03,-0.7605,0.0211,0.7816,0.1973,1,equity
2022-03-04,0.08956254876462935,0.21421556133506728,0.12465231902904204,0.6611339835283919,2307,crypto
2022-03-05,0.11529446401610469,0.23238238550578755,0.11708933064921995,0.6505299446401606,1987,crypto
2022-03-05,0.7933000000000002,0.8051999999999998,0.011800000000000003,0.183,41,equity
2022-03-06,0.10534677966101694,0.22237496368038742,0.11702910411622276,0.6605984503631961,2065,crypto
2022-03-06,0.3676321428571428,0.45643571428571433,0.08874642857142857,0.45481785714285705,28,equity
2022-03-07,0.09209183845183003,0.2116644509886411,0.11957210769878006,0.6687657130837188,2377,crypto
2022-03-07,-0.0783,0.07026666666666666,0.14859999999999998,0.7811,6,equity
2022-03-08,0.0994134115674769,0.2206318524727576,0.12121772841575858,0.6581497485331096,2386,crypto
2022-03-08,-0.1394,0.0514,0.1908,0.7578,4,equity
2022-03-09,0.10512997963340123,0.21964692464358457,0.11451796334012224,0.6658368635437876,2455,crypto
2022-03-10,0.10798096651123348,0.222684018651971,0.11470546841882158,0.6626125900805427,2359,crypto
2022-03-10,0.24716666666666667,0.3759333333333334,0.12876666666666667,0.49523333333333336,3,equity
2022-03-11,0.08026883481516146,0.21318324754328502,0.1329164248947122,0.6539005615348621,2137,crypto
2022-03-12,0.10979827586206896,0.222745369458128,0.11294748768472908,0.664307536945813,2030,crypto
2022-03-13,0.10971270171785526,0.21923571056741287,0.10952264445601251,0.671241020301926,1921,crypto
2022-03-14,0.10407619718309857,0.22000093896713618,0.11592187793427229,0.6640760563380281,2130,crypto
2022-03-15,0.12943062583222376,0.2332604527296939,0.10382862849533955,0.6629142476697736,2253,crypto
2022-03-16,0.14575158993830092,0.2534327479829142,0.10768006644518274,0.6388878025628854,2107,crypto
2022-03-17,0.12479470777726645,0.23244689369535207,0.1076525080533824,0.6599023930050623,2173,crypto
2022-03-18,0.10935844277673545,0.22752363977485932,0.118166885553471,0.6543075046904315,2132,crypto
2022-03-19,0.11887484243697476,0.23540047268907574,0.11652542016806729,0.648075105042017,1904,crypto
2022-03-19,-0.4985999999999999,0.02750000000000003,0.5260999999999997,0.44640000000000035,206,equity
2022-03-20,0.09719747663551401,0.22815654205607483,0.13095691588785058,0.6408876635514017,1070,crypto
2022-03-20,-0.4985999999999998,0.027500000000000004,0.5260999999999998,0.4464000000000001,74,equity
2022-03-21,0.10731521739130435,0.22971472332015808,0.12239999999999997,0.6478868577075098,1012,crypto
2022-03-21,-0.4986,0.0275,0.5261,0.4464000000000001,7,equity
2022-03-22,0.09379596774193548,0.2218988911290323,0.1281016129032258,0.6499991935483871,992,crypto
2022-03-22,0.1283535714285714,0.23732321428571426,0.10896964285714286,0.6537232142857142,56,equity
2022-03-23,0.11081866883116888,0.2264845779220779,0.11566612554112553,0.6578514610389607,1848,crypto
2022-03-23,0.276647727272727,0.3622227272727272,0.08557954545454541,0.5522045454545457,264,equity
2022-03-24,0.11883050068902157,0.22616302250803869,0.10733330271015157,0.6665046394120349,2177,crypto
2022-03-24,0.06527105263157895,0.1236368421052632,0.05836315789473685,0.8180842105263155,38,equity
2022-03-25,0.11369606181455635,0.2276561814556332,0.11395872382851446,0.6583856929212358,2006,crypto
2022-03-25,0.21563333333333334,0.24493333333333334,0.029300000000000003,0.7258333333333334,3,equity
2022-03-26,0.11469229974160207,0.22674356589147276,0.11205142118863055,0.6612050129198964,1935,crypto
2022-03-27,0.11803962882096077,0.22429334061135375,0.10624972707423576,0.669456386462882,1832,crypto
2022-03-27,0.022911111111111104,0.12327777777777779,0.08027777777777777,0.7963888888888888,18,equity
2022-03-28,0.13037979482604828,0.2375703835860838,0.10719174843889386,0.6552381801962535,2242,crypto
2022-03-28,0.1823887755102041,0.12380000000000001,0.05593163265306123,0.8202683673469389,98,equity
2022-03-29,0.12530388294879014,0.23654862127180634,0.11124479459763652,0.6522068092290375,1777,crypto
2022-03-29,0.17272577319587634,0.12479278350515464,0.059220618556701035,0.8159659793814432,97,equity
2022-03-30,0.10984064801178202,0.2223638684339715,0.11252160039273439,0.6651161512027495,2037,crypto
2022-03-30,0.20901071428571424,0.08825714285714284,0.055860714285714284,0.8558821428571429,56,equity
2022-03-31,0.11369199817101053,0.22673653406492905,0.11304517604023777,0.6602185642432559,2187,crypto
2022-03-31,0.024891025641025626,0.08222243589743589,0.13871538461538457,0.7790365384615388,156,equity
2022-04-01,0.10912418906394811,0.227168860055607,0.11804457831325299,0.6547872103799817,2158,crypto
2022-04-01,-0.03142964824120605,0.1079510887772194,0.15847721943048582,0.7335849246231171,597,equity
2022-04-02,0.12948860204578677,0.2306996103263517,0.10121246955674625,0.6680906478324403,2053,crypto
2022-04-02,0.08900843373493975,0.10547650602409636,0.0801698795180723,0.814380120481928,166,equity
2022-04-03,0.12754079706345037,0.23584845306764562,0.10830865233350821,0.6558464079706346,1907,crypto
2022-04-03,0.12923116883116884,0.09463376623376622,0.0570025974025974,0.8483181818181817,77,equity
2022-04-04,0.123528102189781,0.22788786496350377,0.10435770985401455,0.6677574361313866,2192,crypto
2022-04-04,0.24984545454545456,0.13031157024793388,0.05559421487603306,0.8140636363636363,121,equity
2022-04-05,0.1252699110903135,0.2291278895648106,0.10385882077678997,0.6670152550304159,2137,crypto
2022-04-05,0.26699054054054067,0.19203445945945943,0.05480270270270271,0.753156756756757,148,equity
2022-04-06,0.09604909983633397,0.20517954173486086,0.10913097381342068,0.6856917348608835,2444,crypto
2022-04-06,0.006834197886647458,0.09912872238232467,0.09256349663784827,0.808304899135447,1041,equity
2022-04-07,0.12683494726749758,0.23044582933844676,0.10360829338446784,0.6659464525407478,2086,crypto
2022-04-07,0.0696925925925926,0.09869444444444445,0.09818518518518518,0.8031018518518519,108,equity
2022-04-08,0.09434121693121686,0.21071640211640208,0.11637433862433862,0.6729123280423279,1890,crypto
2022-04-08,0.15457395833333332,0.11126041666666668,0.07476666666666666,0.8139625,96,equity
2022-04-09,0.1087228327228327,0.22050061050061043,0.11177783882783884,0.6677222832722833,1638,crypto
2022-04-09,0.06329767441860464,0.05427906976744186,0.037837209302325585,0.9079069767441862,43,equity
2022-04-10,0.11988951858622797,0.22734375380865318,0.10745484460694703,0.6652020719073735,1641,crypto
2022-04-10,0.04359146537842191,0.10139098228663439,0.08375952764358567,0.8148435856146002,1863,equity
2022-04-11,0.07902285407725324,0.20889082618025745,0.12986684549356223,0.6612417918454934,1864,crypto
2022-04-11,0.022141009743135546,0.11051045172719225,0.09066961913197517,0.7988323294951285,1129,equity
2022-04-12,0.07496049570055636,0.20751117855336362,0.13255053110773907,0.6599384420839658,1977,crypto
2022-04-12,0.04785080160320643,0.11045571142284567,0.0806320641282565,0.808922244488978,998,equity
2022-04-13,0.09381761658031096,0.22036974093264242,0.1265526943005182,0.6530786528497404,1930,crypto
2022-04-13,0.04839245087900724,0.10327714581178904,0.08513185108583247,0.8115796277145816,967,equity
2022-04-14,0.09792280701754394,0.21140441254651784,0.11348208399787339,0.675113343965975,1881,crypto
2022-04-14,0.008852830188679252,0.1077787487586892,0.10236335650446876,0.7898569016881831,1007,equity
2022-04-15,0.10065623869801088,0.2170594333936106,0.11640307414104885,0.6665376732971674,1659,crypto
2022-04-15,0.04375962487660416,0.10823524185587366,0.09660118460019743,0.7951655478775914,1013,equity
2022-04-16,0.06958747203579418,0.20313791946308724,0.1335457494407159,0.6633203579418344,894,crypto
2022-04-16,0.08190604796663185,0.11770250260688217,0.07577393117831073,0.8065262773722628,959,equity
2022-04-17,0.06474430769230768,0.20316753846153845,0.13842569230769228,0.6584036923076924,650,crypto
2022-04-17,0.026116122233930443,0.11150084299262382,0.09552897787144361,0.7929533192834562,949,equity
2022-04-18,-0.00038868421052631446,0.18889263157894742,0.18928407894736846,0.621823947368421,760,crypto
2022-04-18,0.03553850385038503,0.09931276127612759,0.0907961496149615,0.8098886688668869,909,equity
2022-04-19,0.09853844262295083,0.22304483606557365,0.12450754098360654,0.6524475409836069,1220,crypto
2022-04-19,0.01844135107471854,0.0946562947799386,0.09588597748208805,0.8094618219037872,977,equity
2022-04-20,0.12212731508444957,0.23246179382644144,0.11033535235876528,0.657203028538148,1717,crypto
2022-04-20,0.0610305833333333,0.12468833333333333,0.0826813333333333,0.7926230833333334,1200,equity
2022-04-21,0.10582464403066806,0.21929025191675805,0.11346516976998894,0.6672450711938662,1826,crypto
2022-04-21,0.03327526673132882,0.10431668283220169,0.09383899127061111,0.8018382638215327,2062,equity
2022-04-22,0.08192673206621706,0.19983488657265494,0.11790741876149594,0.6822567136725931,1631,crypto
2022-04-22,0.02887041198501874,0.1079739700374532,0.09233548689138577,0.7996821161048687,1068,equity
2022-04-23,0.09384367816091954,0.207636566091954,0.11379231321839084,0.6785723419540228,1392,crypto
2022-04-23,0.03687520585544374,0.10503064958828916,0.09442012808783165,0.8005437328453794,1093,equity
2022-04-24,0.07442594235033258,0.19730280857354027,0.1228765705838876,0.6798198078344422,1353,crypto
2022-04-24,0.08323910939012585,0.11254462729912881,0.08077734753146178,0.80668683446273,1033,equity
2022-04-25,0.07246590062111805,0.20131049689440983,0.12884366459627322,0.6698454658385095,1610,crypto
2022-04-25,0.043328487947406916,0.12790160701241793,0.10184894083272457,0.7702404674945214,1369,equity
2022-04-26,0.09432587694077058,0.20857372052903972,0.11424939620471537,0.6771767682576193,1739,crypto
2022-04-26,-0.1318345357381431,0.08719512358049436,0.22886847027388132,0.6839332665330652,1497,equity
2022-04-27,0.09479212962962963,0.20788026620370362,0.11308987268518515,0.6790291666666671,1728,crypto
2022-04-27,-0.08117915115413255,0.09522717795979155,0.18841414743112417,0.7163616530156364,1343,equity
2022-04-28,0.0975610200364299,0.20766867030965386,0.11010880388585301,0.6822230115361262,1647,crypto
2022-04-28,0.028203741814780192,0.09852881197380733,0.0951329279700655,0.8063384471468662,1069,equity
2022-04-29,0.07343561728395064,0.20250166666666658,0.1290643209876543,0.6684362962962962,1620,crypto
2022-04-29,0.0003912207357859623,0.10679506688963215,0.1315264214046823,0.7616785953177259,1196,equity
2022-04-30,0.08204175824175824,0.20619142857142853,0.12415010989010983,0.6696605860805859,1365,crypto
2022-04-30,0.09588864541832669,0.12287440239043831,0.08378286852589642,0.7933248007968128,1004,equity
2022-05-01,-0.012536021798365125,0.1651293188010899,0.17766479564032697,0.6572064305177114,1835,crypto
2022-05-01,0.05462568981921976,0.11148943862987627,0.08302036156041866,0.8054957183634631,1051,equity
2022-05-02,0.005736127450980386,0.1764370098039215,0.17070142156862753,0.6528584803921565,2040,crypto
2022-05-02,0.030092136910268272,0.10129084181313598,0.0936436632747456,0.8050623496762257,1081,equity
2022-05-03,0.053395584125209596,0.1912566238121856,0.13786070430408048,0.6708830631637782,1789,crypto
2022-05-03,0.04397196819085484,0.10366799204771374,0.09560238568588467,0.8007306163021868,1006,equity
2022-05-04,0.0859615695326024,0.20896537795729944,0.12300640507789955,0.6680294864396997,1733,crypto
2022-05-04,0.049273340143003046,0.10601225740551587,0.0857303370786517,0.8082512768130747,979,equity
2022-05-05,0.06844852229983885,0.19710091348737235,0.12865153143471256,0.6742458893068245,1861,crypto
2022-05-05,0.004414174757281548,0.10056504854368935,0.09484660194174759,0.8045902912621359,1030,equity
2022-05-06,0.05143155425219941,0.1889307331378297,0.13749958944281526,0.6735719648093836,1705,crypto
2022-05-06,0.011296903669724781,0.09927465596330276,0.09330791284403671,0.8074139908256881,872,equity
2022-05-07,0.04803091525423729,0.1942590508474576,0.14623091525423731,0.6595134237288135,1475,crypto
2022-05-07,0.025120430107526896,0.10567419354838713,0.08385698924731182,0.8104645161290327,930,equity
2022-05-08,0.055917076598735085,0.19419079409697823,0.13827856640899502,0.6675297259311314,1423,crypto
2022-05-08,0.019146895787139687,0.10429379157427937,0.09147339246119732,0.804240576496674,902,equity
2022-05-09,0.014180601221230636,0.18253569751056828,0.16835547205260687,0.6491108501643962,2129,crypto
2022-05-09,0.031686839378238345,0.09491502590673576,0.08032435233160624,0.8247668393782385,965,equity
2022-05-10,0.003453490440195641,0.17755726989773232,0.17410626945309013,0.6483383281458425,2249,crypto
2022-05-10,0.030278659793814448,0.09977670103092787,0.08358865979381443,0.8166356701030927,970,equity
2022-05-11,-0.04811754911754911,0.1592333000333,0.2073515817515818,0.6334157176157177,3003,crypto
2022-05-11,0.020056394763343397,0.09019899295065455,0.08123031218529708,0.8285777442094667,993,equity
2022-05-12,-0.07509605549510337,0.14388318824809576,0.21898131120783457,0.6371349020674644,3676,crypto
2022-05-12,0.05277067510548525,0.10954166666666675,0.08120780590717298,0.8092399789029538,948,equity
2022-05-13,-0.03668589657488245,0.16080372733378115,0.19749089993284086,0.6417074210879788,2978,crypto
2022-05-13,0.012234083930399188,0.09817093142272262,0.09519140225179122,0.8066212896622318,977,equity
2022-05-14,0.024431811958010047,0.18722738475581938,0.16279625741670464,0.6499756275673206,2191,crypto
2022-05-14,0.054486909871244625,0.10686480686695289,0.07559334763948498,0.8175515021459234,932,equity
2022-05-15,0.010047913446676979,0.1617724884080372,0.15172843894899524,0.6865007212776918,1941,crypto
2022-05-15,0.08678479166666665,0.1121635416666667,0.07479062500000001,0.8130500000000002,960,equity
2022-05-16,0.058292705167173275,0.1934186423505573,0.1351263931104357,0.671455217831814,1974,crypto
2022-05-16,0.02817592788971367,0.09165832449628847,0.08929480381760341,0.81906065747614,943,equity
2022-05-17,0.051047598039215686,0.19085220588235302,0.13980563725490197,0.6693426470588231,2040,crypto
2022-05-17,0.032678969505783376,0.10843470031545743,0.08802733964248159,0.8035537329127236,951,equity
2022-05-18,0.05006956521739131,0.19750314009661837,0.14743285024154587,0.6550678743961357,1242,crypto
2022-05-18,-0.009017868675995683,0.09444886975242199,0.0951011840688913,0.8104488697524221,929,equity
2022-05-19,0.03135343787696019,0.20165030156815442,0.17029517490952945,0.6280553679131484,829,crypto
2022-05-19,0.04239150849150849,0.10312087912087911,0.07678021978021977,0.820087912087912,1001,equity
2022-05-20,0.019203623188405794,0.18293447204968935,0.1637289855072463,0.6533338509316771,966,crypto
2022-05-20,-0.00034926686217007273,0.10055982404692083,0.09045356793743893,0.808984652981427,1023,equity
2022-05-21,0.05280667115902962,0.196038409703504,0.14322897574123986,0.6607330188679247,1484,crypto
2022-05-21,0.04534332524271844,0.11563932038834951,0.08868203883495146,0.7956713592233012,824,equity
2022-05-22,0.09099199726402188,0.2119660054719562,0.12097366621067028,0.6670611491108072,1462,crypto
2022-05-22,0.02682520746887969,0.10322717842323655,0.08920228215767637,0.8075809128630711,964,equity
2022-05-23,0.06475008860011816,0.19937773183697588,0.13462776137034857,0.6659922031896046,1693,crypto
2022-05-23,0.019454242424242433,0.09116909090909092,0.09051111111111113,0.818318787878788,990,equity
2022-05-24,0.06325804668304671,0.20020343980343971,0.13694570024570027,0.6628496314496315,1628,crypto
2022-05-24,0.026320218037661058,0.10102378592666006,0.08055203171456887,0.8184202180376611,1009,equity
2022-05-25,0.08356509779951099,0.20899559902200487,0.1254335574572128,0.6655715158924208,1636,crypto
2022-05-25,0.033632657200811364,0.11366937119675456,0.09421602434077078,0.792110547667343,986,equity
2022-05-26,0.05659462365591397,0.19193261648745522,0.13533781362007172,0.6727302867383513,1674,crypto
2022-05-26,0.034033471074380164,0.09889049586776859,0.08644421487603308,0.8146621900826444,968,equity
2022-05-27,0.05401170500676588,0.198067050067659,0.14405717185385655,0.6578755751014883,1478,crypto
2022-05-27,0.033714,0.0996126315789474,0.08399052631578946,0.8164147368421053,950,equity
2022-05-28,0.05787249097472921,0.1936264981949459,0.1357516245487365,0.6706227436823106,1385,crypto
2022-05-28,0.03867851239669421,0.11065020661157027,0.08539049586776858,0.8039613636363636,968,equity
2022-05-29,0.07603232484076433,0.20178280254777056,0.12575000000000003,0.6724679936305732,1256,crypto
2022-05-29,0.012225255623721874,0.10831666666666669,0.09876482617586912,0.7929287321063397,978,equity
2022-05-30,0.08179163857046531,0.2107670937289279,0.12897781523937965,0.660255293324343,1483,crypto
2022-05-30,0.04595817805383024,0.10441718426501034,0.08285921325051762,0.812731884057971,966,equity
2022-05-31,0.09284107594936708,0.21938721518987342,0.12654759493670883,0.654066075949367,1580,crypto
2022-05-31,0.02762636579572448,0.09380807600950122,0.08329073634204275,0.822919952494062,842,equity
2022-06-01,0.06064625684723064,0.1974190505173465,0.1367713937918441,0.6658103469263542,1643,crypto
2022-06-01,0.02210303951367781,0.10683181357649443,0.08954305977710235,0.8036200607902737,987,equity
2022-06-02,0.06408614303959131,0.209957982120051,0.14587662835249038,0.6441662835249042,1566,crypto
2022-06-02,0.016052780692549846,0.10017733473242393,0.09373347324239245,0.8060807974816369,953,equity
2022-06-03,0.04529903047091411,0.1872004155124653,0.1419026315789473,0.6708969529085872,1444,crypto
2022-06-03,0.04947482926829269,0.10039512195121957,0.0842058536585366,0.8153999999999999,1025,equity
2022-06-04,0.061355805243445694,0.2001202247191011,0.1387643445692884,0.6611153558052436,1335,crypto
2022-06-04,0.031355685441020194,0.10875557917109462,0.0825164718384697,0.8087300743889481,941,equity
2022-06-05,0.062226599326599304,0.19446624579124577,0.13223804713804713,0.6732952020202017,1188,crypto
2022-06-05,0.020533847736625508,0.09881687242798352,0.08596090534979425,0.815221193415638,972,equity
2022-06-06,0.06532640990371394,0.1991176753782668,0.133788583218707,0.6670922971114166,1454,crypto
2022-06-06,0.03287623456790126,0.10345164609053496,0.08726543209876546,0.8092829218106996,972,equity
2022-06-07,0.07955030020013334,0.20742061374249499,0.12787178118745834,0.6647044029352901,1499,crypto
2022-06-07,0.02602406250000001,0.10339583333333337,0.0810989583333333,0.8154937500000001,960,equity
2022-06-08,0.09569515072083877,0.2120596985583224,0.11636415465268676,0.6715766055045873,1526,crypto
2022-06-08,0.06958383110195676,0.11090319258496391,0.08379196704428424,0.8053038105046347,971,equity
2022-06-09,0.10422905360688287,0.22715221707478495,0.12292316346790201,0.649922435473196,1511,crypto
2022-06-09,0.02574068627450981,0.10563823529411771,0.09351862745098041,0.8008450980392157,1020,equity
2022-06-10,0.08271453407510433,0.21119401947148805,0.12847809457579973,0.6603308066759385,1438,crypto
2022-06-10,0.03833180147058824,0.10278400735294117,0.0779200367647059,0.8193023897058826,1088,equity
2022-06-11,0.029929611248966093,0.18608180314309342,0.15615186104218354,0.6577683209263856,1209,crypto
2022-06-11,0.002879399999999996,0.100066,0.08826700000000003,0.8116639999999999,1000,equity
2022-06-12,0.008559719142645977,0.1764348115299335,0.1678741315594974,0.6556898004434588,1353,crypto
2022-06-12,0.02931007268951193,0.10310695742471447,0.09300830737279336,0.8038785046728975,963,equity
2022-06-13,-0.07410727199678581,0.14801558858979527,0.2221221775813579,0.6298654881478503,2489,crypto
2022-06-13,-0.021383455882352943,0.09757812500000002,0.09962040441176472,0.8027977941176472,1088,equity
2022-06-14,-0.03778591483387929,0.16392634534394016,0.20171235376696292,0.6343619092185305,2137,crypto
2022-06-14,-0.00637137404580153,0.08933435114503817,0.09046660305343512,0.8202,1048,equity
2022-06-15,-0.027804569504569505,0.1598334295334294,0.18763857623857633,0.6525268879268875,2079,crypto
2022-06-15,0.007486210131332083,0.09257598499061916,0.09007317073170731,0.8173517823639771,1066,equity
2022-06-16,-0.011416160388821383,0.17960886998784936,0.191026063183475,0.629365431348724,1646,crypto
2022-06-16,-0.006656088560885615,0.0916088560885609,0.09174630996309965,0.8166439114391143,1084,equity
2022-06-17,-0.021460889929742398,0.16381065573770476,0.18527166276346602,0.6509175644028101,1708,crypto
2022-06-17,0.027564214350590376,0.09952334241598548,0.08531725703905543,0.8151666666666666,1101,equity
2022-06-18,-0.04242319654427648,0.15419313174946017,0.1966178401727862,0.6491888120950319,2315,crypto
2022-06-18,0.03494933481152993,0.0958858093126386,0.07679933481152992,0.8273170731707322,902,equity
2022-06-19,-0.030236732186732188,0.15950343980343984,0.18973679361179366,0.6507601351351348,1628,crypto
2022-06-19,0.009470131180625632,0.09395459132189708,0.08483753784056508,0.821204843592331,991,equity
2022-06-20,0.014926695706285008,0.1801614187927817,0.16523453640323593,0.6546054760423149,1607,crypto
2022-06-20,0.0026029693486590007,0.09865517241379311,0.09489080459770118,0.8064444444444443,1044,equity
2022-06-21,0.023628097622027534,0.19338010012515627,0.16975200250312897,0.6368661451814761,1598,crypto
2022-06-21,0.0072233555767397435,0.08997044804575788,0.09268732125834132,0.8173469971401331,1049,equity
2022-06-22,0.03890361930294906,0.18302091152815,0.1441153485254691,0.6728630026809654,1492,crypto
2022-06-22,0.03626003683241254,0.10135727440147331,0.08357274401473297,0.815060773480663,1086,equity
2022-06-23,0.03631350806451614,0.1828854838709678,0.14657163978494608,0.6705448924731182,1488,crypto
2022-06-23,0.013238681948424074,0.10322254059216808,0.08463514804202485,0.812149952244508,1047,equity
2022-06-24,0.059600147601476035,0.20109461254612546,0.14149202952029521,0.6574143173431736,1355,crypto
2022-06-24,0.04791292452830191,0.10016037735849058,0.0833047169811321,0.816540566037736,1060,equity
2022-06-25,0.04882435661764705,0.190528125,0.14170367647058826,0.6677736213235298,1088,crypto
2022-06-25,0.005720019723865886,0.09114694280078901,0.09620118343195264,0.8126508875739645,1014,equity
2022-06-26,0.042447922437673154,0.17620397045244687,0.13375595567867035,0.6900391505078484,1083,crypto
2022-06-26,0.02343538928210314,0.09907280080889788,0.08466228513650148,0.8162669362992923,989,equity
2022-06-27,0.031047682119205316,0.18128874172185433,0.15024091243561435,0.6684704194260486,1359,crypto
2022-06-27,0.06936693227091635,0.10603784860557768,0.08189641434262951,0.812062749003984,1004,equity
2022-06-28,0.020318594436310383,0.1717826500732064,0.15146156661786234,0.676756661786237,1366,crypto
2022-06-28,0.03774616113744077,0.0911838862559242,0.0841829383886256,0.824637914691943,1055,equity
2022-06-29,-0.006586018452803406,0.16670908445706184,0.17329460610361952,0.6599963094393186,1409,crypto
2022-06-29,0.05501919850885369,0.09516374650512582,0.08333830382106243,0.8214923578751169,1073,equity
2022-06-30,-0.00564527796383121,0.16666738111185533,0.17231185532484916,0.6610222371064969,1493,crypto
2022-06-30,0.03704915254237288,0.10204990583804144,0.0826930320150659,0.8152561205273067,1062,equity
2022-07-01,0.02170333333333333,0.17812775362318836,0.15642463768115944,0.665445797101449,1380,crypto
2022-07-01,0.03579419600380588,0.10728924833491908,0.08998763082778306,0.8027231208372978,1051,equity
2022-07-02,0.01579913194444445,0.17732413194444455,0.16152439236111105,0.6611532986111114,1152,crypto
2022-07-02,0.08743137254901961,0.07398039215686274,0.07112745098039217,0.8548823529411764,102,equity
2022-07-03,0.004787450980392152,0.16690254901960777,0.16211607843137257,0.6709809803921571,1020,crypto
2022-07-03,-0.031657894736842114,0.07784210526315789,0.06956140350877192,0.852578947368421,57,equity
2022-07-04,0.006886505681818175,0.17718096590909094,0.17029552556818184,0.652521306818182,1408,crypto
2022-07-04,0.08061428571428572,0.0894025974025974,0.06151948051948052,0.849025974025974,77,equity
2022-07-05,0.05586033123028396,0.1971151419558359,0.14125552050473184,0.6616260252365931,1268,crypto
2022-07-05,0.07190495867768597,0.07622314049586776,0.07287603305785124,0.8509504132231406,121,equity
2022-07-06,0.030800793650793676,0.18234769841269838,0.15154880952380953,0.6661026984126989,1260,crypto
2022-07-06,0.12352913385826772,0.0938503937007874,0.06913385826771655,0.837023622047244,127,equity
2022-07-07,0.05692642689601248,0.19506372165754496,0.13813682564503524,0.6668005473025805,1279,crypto
2022-07-07,0.11029018404907975,0.10008098159509203,0.06718957055214723,0.832759509202454,163,equity
2022-07-08,0.0599077639751553,0.1967205745341615,0.13681141304347827,0.6664656832298135,1288,crypto
2022-07-08,0.10273288590604028,0.08998657718120806,0.06300671140939595,0.847026845637584,149,equity
2022-07-09,0.046829693877551024,0.19174071428571426,0.14491112244897966,0.6633479591836737,980,crypto
2022-07-09,0.02763793436293434,0.10723281853281856,0.09174700772200774,0.8010142857142855,1036,equity
2022-07-10,0.0489941052631579,0.17715042105263154,0.12815452631578947,0.6946926315789475,950,crypto
2022-07-10,0.03952058823529413,0.1020162271805274,0.08938539553752534,0.8085841784989859,986,equity
2022-07-11,0.04733779467680608,0.18117300380228143,0.1338344486692016,0.684989885931559,1315,crypto
2022-07-11,0.03966402671755725,0.10506774809160305,0.08760019083969467,0.8073454198473282,1048,equity
2022-07-12,0.048734013605442175,0.1974628117913832,0.14873046107331822,0.6538068027210885,1323,crypto
2022-07-12,0.04236300997280146,0.10249864007252946,0.09001051677243879,0.8074935630099727,1103,equity
2022-07-13,0.06078442804428042,0.20435180811808124,0.14356383763837638,0.652087084870849,1355,crypto
2022-07-13,0.030952706299911266,0.10339574090505768,0.08920496894409938,0.8073966282165039,1127,equity
2022-07-14,0.03712945508100148,0.19519418262150223,0.15806892488954352,0.6467364506627397,1358,crypto
2022-07-14,0.015642910798122064,0.10273239436619723,0.09032018779342722,0.8069492957746479,1065,equity
2022-07-15,0.052988960515713134,0.19162078968573754,0.1386323126510878,0.6697485092667204,1241,crypto
2022-07-15,0.060980191387559834,0.10529665071770336,0.07725645933014355,0.8174459330143541,1045,equity
2022-07-16,0.04435288197621227,0.18371152790484901,0.13935773101555352,0.6769309240622143,1093,crypto
2022-07-16,0.04796894889103181,0.1089132111861138,0.08786403085824493,0.803218900675024,1037,equity
2022-07-17,0.04421045943304005,0.1872807429130009,0.14306823069403712,0.669650342130987,1023,crypto
2022-07-17,0.05463170995670995,0.09940259740259742,0.08103030303030301,0.8195735930735931,924,equity
2022-07-18,0.06580189925681254,0.19891915772089178,0.13311717588769612,0.667963170933113,1211,crypto
2022-07-18,0.033288919667590025,0.0958919667590028,0.08254385964912282,0.8215623268698061,1083,equity
2022-07-19,0.06120911808669653,0.2020497010463378,0.14083766816143495,0.6571114349775784,1338,crypto
2022-07-19,0.053521015228426415,0.10579319796954315,0.0795489340101523,0.8146658883248733,985,equity
2022-07-20,0.06893630289532296,0.2043421677802525,0.13540682999257608,0.6602512249443211,1347,crypto
2022-07-20,0.03412874196510561,0.09992011019283747,0.0849678604224059,0.8151129476584025,1089,equity
2022-07-21,0.031891015339663986,0.17637582176771366,0.1444842951059168,0.6791392257121986,1369,crypto
2022-07-21,0.017946672743846863,0.10059617137648133,0.09284503190519601,0.806563354603464,1097,equity
2022-07-22,0.05400246696035241,0.190886872246696,0.13688572687224665,0.6722284581497799,1135,crypto
2022-07-22,0.02990346715328469,0.10363138686131387,0.09118339416058394,0.8051724452554743,1096,equity
2022-07-23,0.016800591715976334,0.16598816568047334,0.14918757396449706,0.6848238658777124,1014,crypto
2022-07-23,0.035806072874493916,0.1072439271255061,0.08532388663967612,0.8074392712550611,988,equity
2022-07-24,0.05840051759834373,0.1946737060041406,0.13627525879917182,0.669053623188406,966,crypto
2022-07-24,0.03240407098121086,0.10281941544885181,0.08943110647181629,0.8077411273486432,958,equity
2022-07-25,0.04797132292522598,0.1853969597370583,0.13742711585866887,0.6771758422350036,1217,crypto
2022-07-25,0.00793611940298508,0.10092238805970151,0.09065870646766169,0.8084238805970151,1005,equity
2022-07-26,0.05880265210608425,0.19493931357254302,0.13613502340093597,0.6689250390015602,1282,crypto
2022-07-26,0.005837758945386063,0.10127871939736348,0.09482485875706216,0.8039161958568736,1062,equity
2022-07-27,0.05920789252728799,0.1943717884130981,0.1351632241813602,0.670465659109992,1191,crypto
2022-07-27,0.05161370967741934,0.10313888888888889,0.07962813620071683,0.8172275985663086,1116,equity
2022-07-28,0.04956092375366569,0.18848548387096778,0.13892573313782994,0.6725886363636367,1364,crypto
2022-07-28,0.02615159345391903,0.099374677002584,0.09132472006890612,0.8092945736434108,1161,equity
2022-07-29,0.04745022222222223,0.19447626666666662,0.1470256888888889,0.6584947555555555,1125,crypto
2022-07-29,0.01462400354295839,0.10482550930026577,0.08942515500442871,0.8057457927369355,1129,equity
2022-07-30,0.060107042253521106,0.19287388949079098,0.13276673889490787,0.6743594799566628,923,crypto
2022-07-30,0.09245532118887824,0.11725119846596357,0.0814372003835091,0.8013135186960689,1043,equity
2022-07-31,0.11004073319755604,0.22568289205702638,0.11564450101832992,0.6586707739307535,982,crypto
2022-07-31,0.05158948453608248,0.11492474226804117,0.08615567010309276,0.7989319587628869,970,equity
2022-08-01,0.04149716251074805,0.18926560619088564,0.14776913155631985,0.6629628546861565,1163,crypto
2022-08-01,0.013983683206106868,0.09552099236641222,0.08760782442748091,0.8168730916030538,1048,equity
2022-08-02,0.04997012195121951,0.19173307926829258,0.14176219512195132,0.6665046493902435,1312,crypto
2022-08-02,0.031036248872858465,0.10690081154192967,0.08732100991884581,0.805775473399459,1109,equity
2022-08-03,0.03093605734767023,0.1929701792114696,0.16203498207885292,0.6449950537634409,1395,crypto
2022-08-03,0.015542712177121793,0.10418911439114392,0.0853321033210332,0.8104852398523987,1084,equity
2022-08-04,0.11055652509652512,0.22690432432432422,0.11634687258687264,0.6567491891891896,1295,crypto
2022-08-04,0.06733467432950196,0.10651915708812258,0.07834291187739463,0.8151273946360151,1044,equity
2022-08-05,0.10016568144499183,0.2165727422003284,0.1164112479474549,0.6670147783251233,1218,crypto
2022-08-05,0.06971303972366145,0.11087219343696027,0.09210621761658029,0.797025043177893,1158,equity
2022-08-06,0.07955478615071282,0.19639826883910386,0.1168471486761711,0.6867573319755597,982,crypto
2022-08-06,0.08150429268292685,0.11206780487804877,0.08148341463414634,0.8064429268292685,1025,equity
2022-08-07,0.10820064585575888,0.2226980624327233,0.11449483315392896,0.6628048439181915,929,crypto
2022-08-07,0.08780617283950613,0.1090303893637227,0.07783475783475782,0.8131310541310542,1053,equity
2022-08-08,0.0668384923817161,0.2045459502806736,0.13770817963111467,0.6577465918203693,1247,crypto
2022-08-08,0.10212398648648648,0.11706587837837835,0.0781393581081081,0.8047947635135139,1184,equity
2022-08-09,0.06726712433257051,0.2077497330282228,0.14048504958047292,0.6517639969488939,1311,crypto
2022-08-09,0.07430025839793283,0.11225495262704567,0.07861843238587428,0.8091145564168821,1161,equity
2022-08-10,0.06620065274151433,0.189449869451697,0.12324471279373383,0.6873038511749341,1532,crypto
2022-08-10,0.03580283436669619,0.09720372010628875,0.08910274579273696,0.8136891054030116,1129,equity
2022-08-11,0.08610422740524783,0.20598731778425663,0.1198825801749271,0.6741311953352772,1372,crypto
2022-08-11,0.0732832075471698,0.10967358490566034,0.08142358490566037,0.8089028301886791,1060,equity
2022-08-12,0.04565621165644171,0.18868489263803684,0.14302730061349694,0.6682874233128834,1304,crypto
2022-08-12,0.07493473684210526,0.11315526315789474,0.077359649122807,0.8094754385964912,1140,equity
2022-08-13,0.08742372881355928,0.21169402319357708,0.12427323818019619,0.6640338983050847,1121,crypto
2022-08-13,0.058814802631578955,0.10806359649122808,0.08574122807017547,0.8061853070175441,912,equity
2022-08-14,0.057359942084942085,0.19748233590733583,0.140121138996139,0.6623967181467183,1036,crypto
2022-08-14,0.09201640706126687,0.10931152647975073,0.07593665628245068,0.8147466251298026,963,equity
2022-08-15,0.05876049586776861,0.19647471074380163,0.13771280991735532,0.6658119008264464,1210,crypto
2022-08-15,0.08673242811501597,0.11158466453674122,0.07473562300319488,0.8136709265175718,1252,equity
2022-08-16,0.06272389078498294,0.1922957337883959,0.1295715017064846,0.6781324232081912,1172,crypto
2022-08-16,0.11952355347749852,0.11279135008766802,0.06012624196376385,0.8270800701344243,1711,equity
2022-08-17,0.05775086401202106,0.19579233658903078,0.1380386175807663,0.6661699474079639,1331,crypto
2022-08-17,0.11452623595505611,0.10274370786516851,0.0675538202247191,0.8296992134831462,1780,equity
2022-08-18,0.05007077922077921,0.18768839285714295,0.13761793831168836,0.6746945616883117,1232,crypto
2022-08-18,0.09790961910910259,0.11615622982569399,0.0847049709489993,0.7991387992253065,1549,equity
2022-08-19,-0.016314814814814817,0.16732323232323226,0.1836375420875421,0.6490385521885522,1188,crypto
2022-08-19,0.07565808031341822,0.10961998041136141,0.08520714985308518,0.805165034280118,2042,equity
2022-08-20,0.035553250478011444,0.17579139579349903,0.14024043977055448,0.6839697896749525,1046,crypto
2022-08-20,0.09013127753303961,0.10955154185022024,0.08231806167400879,0.8081277533039647,1135,equity
2022-08-21,0.04804416846652268,0.19073596112311011,0.1426904967602592,0.6665708423326134,926,crypto
2022-08-21,0.08880169811320753,0.10853490566037735,0.08220660377358492,0.8092594339622645,1060,equity
2022-08-22,0.03808384554767533,0.18160851063829794,0.143525768321513,0.6748670606776991,1269,crypto
2022-08-22,0.06724159212880144,0.10807334525939177,0.08575939177101967,0.8061726296958854,1118,equity
2022-08-23,0.09136584659913169,0.2108972503617945,0.11953357452966715,0.6695674384949347,1382,crypto
2022-08-23,0.08683806870937784,0.10078087279480041,0.07828690807799442,0.8209275766016716,1077,equity
2022-08-24,0.056592792109256454,0.1882350531107738,0.1316415781487101,0.680120864946889,1318,crypto
2022-08-24,0.12305206402695873,0.10646672283066559,0.06815501263689976,0.8253959561920807,1187,equity
2022-08-25,0.09758594224924011,0.2130196808510639,0.11543404255319145,0.6715465045592708,1316,crypto
2022-08-25,0.09617770979020983,0.10356818181818178,0.08192657342657339,0.8145166083916086,1144,equity
2022-08-26,0.06750366972477062,0.20136371976647205,0.13386021684737273,0.6647741451209338,1199,crypto
2022-08-26,0.08376426858513186,0.09787529976019183,0.07207993605115906,0.8300415667466028,1251,equity
2022-08-27,0.042538268156424586,0.1878315642458101,0.14529292364990692,0.6668752327746738,1074,crypto
2022-08-27,0.07693927648578812,0.11185701981050818,0.07760895779500428,0.8105228251507319,1161,equity
2022-08-28,0.037924225028702636,0.17262135476463836,0.13469253731343278,0.6926871412169922,871,crypto
2022-08-28,0.06899271844660194,0.1023,0.0805844660194175,0.8171097087378644,1030,equity
2022-08-29,0.04753538205980069,0.18037516611295676,0.13284169435215945,0.6867868770764121,1204,crypto
2022-08-29,0.0789877133105802,0.10428071672354951,0.07090699658703073,0.8248242320819112,1172,equity
2022-08-30,0.05324773175542405,0.19558126232741627,0.14233313609467457,0.6620874753451674,1014,crypto
2022-08-30,0.09398072874493921,0.10795222672064778,0.0768024291497976,0.8152348178137655,1235,equity
2022-08-31,0.018365844748858454,0.1798956164383562,0.1615312328767123,0.6585733333333336,1095,crypto
2022-08-31,0.08471567106283938,0.10414740108611327,0.07790302560124128,0.8179511249030252,1289,equity
2022-09-01,0.016672151898734174,0.17487999999999998,0.1582057383966245,0.6669124050632913,1185,crypto
2022-09-01,0.08531950384944396,0.11108468776732255,0.08397861420017108,0.804940975192472,1169,equity
2022-09-02,0.05316157849089332,0.18847727666955777,0.1353169991326973,0.6762070251517779,1153,crypto
2022-09-02,0.08313557278208443,0.10647631352282516,0.0760869939707149,0.8174289405684755,1161,equity
2022-09-03,0.06358286937901497,0.18234871520342605,0.1187680942184154,0.6988823340471092,934,crypto
2022-09-03,0.06507968313140727,0.1146514445479963,0.09124790307548927,0.7941109040074554,1073,equity
2022-09-04,0.06573633257403186,0.1954831435079727,0.1297468109339407,0.6747689066059227,878,crypto
2022-09-04,0.05847532994923858,0.1072720812182741,0.0853553299492386,0.8073756345177666,985,equity
2022-09-05,0.07948538205980064,0.20097308970099678,0.1214890365448505,0.6775399501661128,1204,crypto
2022-09-05,0.024680663507109013,0.11738862559241703,0.10103412322274884,0.7815772511848341,1055,equity
2022-09-06,0.04081487804878047,0.18223788617886175,0.14142390243902436,0.6763396747967477,1230,crypto
2022-09-06,0.08615347744360902,0.11426503759398496,0.07916541353383459,0.8065554511278195,1064,equity
2022-09-07,0.03961713344316309,0.18589901153212532,0.1462825370675454,0.6678177100494235,1214,crypto
2022-09-07,0.04001487603305783,0.10812764003673095,0.08737741046831958,0.8044931129476585,1089,equity
2022-09-08,0.06503910472972974,0.2065468749999998,0.14150472972972977,0.6519467905405403,1184,crypto
2022-09-08,0.049717463414634136,0.10712000000000002,0.08925463414634148,0.8036312195121953,1025,equity
2022-09-09,0.07239338521400782,0.20518319066147864,0.13278988326848254,0.6620283268482491,1285,crypto
2022-09-09,0.06217819548872182,0.10536466165413534,0.08117199248120299,0.8134539473684214,1064,equity
2022-09-10,0.06569263636363634,0.1974818181818183,0.1317896363636363,0.6707290909090908,1100,crypto
2022-09-10,0.06477535787321063,0.11318916155419227,0.08444989775051126,0.8023568507157464,978,equity
2022-09-11,0.05414718526100307,0.18676468781985672,0.1326196519959058,0.680617297850563,977,crypto
2022-09-11,0.05727240704500978,0.11393737769080237,0.08904109589041095,0.7970205479452057,1022,equity
2022-09-12,0.06269575320512819,0.19510528846153838,0.13241137820512827,0.6724832532051283,1248,crypto
2022-09-12,0.03985370741482967,0.09854509018036069,0.08896893787575144,0.8124849699398796,998,equity
2022-09-13,0.04504360655737703,0.18833581967213128,0.1432900819672131,0.6683726229508198,1220,crypto
2022-09-13,0.05331485507246379,0.10399909420289852,0.08147373188405797,0.814524456521739,1104,equity
2022-09-14,0.05401094312455003,0.18666047516198703,0.13265082793376531,0.6806867530597552,1389,crypto
2022-09-14,0.05362439261418854,0.10766861030126339,0.08196209912536444,0.8103731778425657,1029,equity
2022-09-15,0.06736065246338215,0.19821031957390156,0.13084993342210383,0.6709372836218372,1502,crypto
2022-09-15,0.0683692380952381,0.10879809523809524,0.08271619047619048,0.8084923809523813,1050,equity
2022-09-16,0.04725253112033198,0.18425659751037346,0.13700199170124477,0.6787424896265558,1205,crypto
2022-09-16,0.02443213242453748,0.09587341772151903,0.08290262901655304,0.8212132424537487,1027,equity
2022-09-17,0.031970934959349585,0.1817528455284553,0.14978231707317075,0.6684644308943091,984,crypto
2022-09-17,0.07296715116279069,0.1269312015503876,0.08843507751937983,0.7846308139534884,1032,equity
2022-09-18,0.030722244488977975,0.18028647294589178,0.1495612224448897,0.6701494989979957,998,crypto
2022-09-18,0.050543730886850165,0.10445056065239551,0.08649949031600408,0.8090560652395516,981,equity
2022-09-19,-0.00019619349722442211,0.16747089611419508,0.16766780333068995,0.6648629659000791,1261,crypto
2022-09-19,0.06610068829891841,0.10260963618485744,0.07512487708947885,0.8222654867256637,1017,equity
2022-09-20,0.01688212415856395,0.1756490650710545,0.15876843679880323,0.6655808526551982,1337,crypto
2022-09-20,0.05473931947069943,0.10301512287334594,0.07939319470699434,0.8175907372400752,1058,equity
2022-09-21,0.05198444444444446,0.18870938271604942,0.13672650205761316,0.6745665020576133,1215,crypto
2022-09-21,0.04498293135435992,0.10321892393320968,0.08479313543599258,0.8119981447124303,1078,equity
2022-09-22,0.05960923593618805,0.18779798488664992,0.12818748950461803,0.6840140218303947,1191,crypto
2022-09-22,0.03832096342551296,0.10548795718108832,0.08582515611061554,0.8086645851917927,1121,equity
2022-09-23,0.042415209471766836,0.18219153005464483,0.13977777777777775,0.6780288706739527,1098,crypto
2022-09-23,0.05298022549869906,0.10495490026019082,0.08099913269731138,0.8140442324371204,1153,equity
2022-09-24,0.0465993413830955,0.18774906695938526,0.14115159165751917,0.6711002195389681,911,crypto
2022-09-24,0.05361168708765314,0.1097436380772856,0.079880301602262,0.8103741753063148,1061,equity
2022-09-25,0.03417806524184477,0.18569212598425194,0.15151563554555686,0.6627901012373455,889,crypto
2022-09-25,0.0558952153110048,0.10425167464114833,0.08627846889952154,0.8094794258373201,1045,equity
2022-09-26,0.014145644891122284,0.17050854271356788,0.15636013400334994,0.6731298994974875,1194,crypto
2022-09-26,0.021782182438192667,0.09303921568627453,0.08007331628303496,0.8268883205456096,1173,equity
2022-09-27,0.05355990818668705,0.18426885998469775,0.13071040550879887,0.6850191277735269,1307,crypto
2022-09-27,0.06119972324723246,0.10695664206642064,0.08024538745387455,0.8128062730627306,1084,equity
2022-09-28,0.07622367549668879,0.20019188741721852,0.1239682119205298,0.6758403973509935,1208,crypto
2022-09-28,0.05734415807560139,0.10220618556701032,0.08228350515463917,0.8155077319587629,1164,equity
2022-09-29,0.08590101095197981,0.21363538331929224,0.1277326032013479,0.6586304128053918,1187,crypto
2022-09-29,0.057548536585365864,0.10550813008130085,0.07685934959349595,0.8176398373983741,1230,equity
2022-09-30,0.03039940769990126,0.1780740375123395,0.1476754195459033,0.6742514313919051,1013,crypto
2022-09-30,0.05654172354948805,0.10740443686006822,0.0930810580204778,0.7995204778156997,1172,equity
2022-10-01,0.02471752136752136,0.17942948717948706,0.1547160256410256,0.6658566239316238,936,crypto
2022-10-01,0.08087462289263535,0.11052085181898849,0.07278793256433007,0.8166912156166815,1127,equity
2022-10-02,-0.00956673326673326,0.16326223776223778,0.17282717282717294,0.663906093906094,1001,crypto
2022-10-02,0.05018049678012879,0.10201195952161914,0.07836706531738731,0.819629254829807,1087,equity
2022-10-03,0.02896738197424893,0.18147776824034326,0.1525103004291845,0.6660118454935622,1165,crypto
2022-10-03,0.09151044176706824,0.11603935742971883,0.07768755020080322,0.8062698795180722,1245,equity
2022-10-04,0.0692461988304094,0.19455505430242265,0.1253082706766917,0.6801395154553048,1197,crypto
2022-10-04,0.07156038338658148,0.10189057507987219,0.07722124600638978,0.8208953674121409,1252,equity
2022-10-05,0.09369856418918922,0.21546596283783784,0.12176655405405401,0.6627672297297297,1184,crypto
2022-10-05,0.05439820143884892,0.10557823741007191,0.08722931654676258,0.8071933453237411,1112,equity
2022-10-06,0.03313731343283582,0.1839733830845771,0.15083772802653392,0.6651883084577112,1206,crypto
2022-10-06,0.08956663837011883,0.10592784380305602,0.07555857385398977,0.8185059422750427,1178,equity
2022-10-07,0.02756827524575514,0.18480205540661315,0.15723574620196604,0.6579644325290437,1119,crypto
2022-10-07,0.0630863986313088,0.11198973481608211,0.08197775876817794,0.8060256629597948,1169,equity
2022-10-08,-0.010608108108108099,0.1810627027027027,0.19167135135135133,0.6272664864864863,370,crypto
2022-10-08,0.055196106194690266,0.10805309734513271,0.08459026548672566,0.80736814159292,1130,equity
2022-10-09,0.05236662679425833,0.1994222488038277,0.14705669856459333,0.6535229665071772,836,crypto
2022-10-09,0.059910889292196005,0.10648820326678765,0.07878493647912886,0.814728675136116,1102,equity
2022-10-10,0.055769323050556964,0.19075998286203943,0.13498851756640956,0.6742532990574119,1167,crypto
2022-10-10,0.02904303317535545,0.10140284360189572,0.09019052132701419,0.8084123222748815,1055,equity
2022-10-11,0.036702245508982066,0.19169895209580834,0.15499640718562874,0.6533047155688622,1336,crypto
2022-10-11,0.04317843803056029,0.0981400679117148,0.08396943972835313,0.8178964346349747,1178,equity
2022-10-12,0.03075357142857144,0.17646045918367356,0.145706462585034,0.6778346088435373,1176,crypto
2022-10-12,0.029634990958408693,0.09943309222423147,0.0861745027124774,0.8143887884267631,1106,equity
2022-10-13,0.043201347068145796,0.19945451664025354,0.15625095087163232,0.644294928684628,1262,crypto
2022-10-13,0.036440759930915376,0.1027841105354059,0.08517789291882553,0.8120362694300519,1158,equity
2022-10-14,0.041920105820105844,0.1898922751322752,0.14796973544973535,0.6621389417989415,945,crypto
2022-10-14,0.053313273542600896,0.10243766816143501,0.0833183856502242,0.8142430493273545,1115,equity
2022-10-15,0.05128671328671331,0.1803620046620046,0.12907529137529136,0.6905637529137529,858,crypto
2022-10-15,0.0594358082706767,0.11357424812030076,0.07624906015037594,0.8101804511278197,1064,equity
2022-10-16,0.03292414860681114,0.18467089783281732,0.15174891640866872,0.6635832817337461,323,crypto
2022-10-16,0.06874737384140063,0.10357260556127705,0.07557260556127703,0.8208537590113286,971,equity
2022-10-17,-0.01741661016949152,0.15993016949152533,0.1773459322033898,0.6627220338983052,590,crypto
2022-10-17,0.06261425818882468,0.102864161849711,0.0824942196531792,0.8146406551059732,1038,equity
2022-10-18,0.04611739495798319,0.18102605042016806,0.13490957983193283,0.6840654621848741,1190,crypto
2022-10-18,0.03308617966436329,0.09886278381046398,0.0847137216189536,0.8164146100691017,1013,equity
2022-10-19,0.040610612991765764,0.18615544373284537,0.14554602012808776,0.6682967063129003,1093,crypto
2022-10-19,0.08141873822975515,0.1028973634651601,0.07736064030131826,0.8197419962335216,1062,equity
2022-10-20,0.06419332770270274,0.18956385135135131,0.12537229729729735,0.6850629222972971,1184,crypto
2022-10-20,0.07002653606411398,0.10887533392698134,0.08092341941228849,0.8102074799643811,1123,equity
2022-10-21,0.024867922874671346,0.1734694127957932,0.14860227870289222,0.6779273444347063,1141,crypto
2022-10-21,0.061676636363636364,0.11140727272727273,0.08678363636363638,0.8018063636363639,1100,equity
2022-10-22,0.03681351351351352,0.18795270270270267,0.15113685503685503,0.660909950859951,814,crypto
2022-10-22,0.040010717797443474,0.1103441494591937,0.08471779744346114,0.8049528023598821,1017,equity
2022-10-23,0.07471772151898737,0.20820034522439587,0.13348446490218638,0.6583161104718067,869,crypto
2022-10-23,0.07730964214711727,0.10808151093439365,0.08090954274353873,0.8110069582504971,1006,equity
2022-10-24,0.1000735893416928,0.21286959247648915,0.11279600313479632,0.6743343260188088,1276,crypto
2022-10-24,0.052159744094488175,0.10071456692913386,0.08140748031496062,0.8178700787401575,1016,equity
2022-10-25,0.07476110665597434,0.19551331194867677,0.12075501202886925,0.6837327185244585,1247,crypto
2022-10-25,0.07119302544769085,0.11332045240339303,0.08673044297832236,0.7999528746465596,1061,equity
2022-10-26,0.07394634670487107,0.20312127507163327,0.1291735673352436,0.6677031518624638,1396,crypto
2022-10-26,0.06447127845884414,0.10290017513134851,0.0760998248686515,0.8210061295971981,1142,equity
2022-10-27,0.11304835405998531,0.22817037307973667,0.11512033650329187,0.6567116313094362,1367,crypto
2022-10-27,0.07544578947368423,0.10391403508771929,0.07754473684210528,0.8185456140350877,1140,equity
2022-10-28,0.06820470193115032,0.19651989924433247,0.12831351805205707,0.6751656591099919,1191,crypto
2022-10-28,0.07158313458262355,0.11311669505962522,0.07816098807495743,0.8087146507666096,1174,equity
2022-10-29,0.08284457364341084,0.1983866279069767,0.11554127906976738,0.6860761627906977,1032,crypto
2022-10-29,0.05121233009708738,0.10872233009708739,0.0855883495145631,0.8056883495145633,1030,equity
2022-10-30,0.037504823151125376,0.17519131832797424,0.13768403001071813,0.6871255091103965,933,crypto
2022-10-30,0.0713622760800843,0.1158661749209694,0.07434351949420445,0.8097892518440465,949,equity
2022-10-31,0.06404743701129456,0.1965423110338837,0.13249148566463953,0.6709666377063425,1151,crypto
2022-10-31,0.09250257387988561,0.1096377502383222,0.0723755958055291,0.817969494756911,1049,equity
2022-11-01,0.059486407766990275,0.18878543689320382,0.1292970064724919,0.6819161003236243,1236,crypto
2022-11-01,0.06845694444444443,0.11256481481481484,0.07885648148148147,0.8085935185185182,1080,equity
2022-11-02,0.05351406908171863,0.18705728727885418,0.13354490311710202,0.6793967986520638,1187,crypto
2022-11-02,0.07560786914235187,0.11150132625994694,0.08104774535809017,0.8074606542882404,1131,equity
2022-11-03,0.05335300884955754,0.19241442477876114,0.1390635398230088,0.6685212389380529,1130,crypto
2022-11-03,0.07604350180505413,0.11656588447653429,0.08346028880866428,0.7999792418772562,1108,equity
2022-11-04,0.04693571428571427,0.19379277864992156,0.14685298273155417,0.6593540816326531,1274,crypto
2022-11-04,0.05752164767747591,0.10187642418930762,0.08303856266432955,0.8150788781770376,1141,equity
2022-11-05,0.028213256955810145,0.17512602291325693,0.14691391162029457,0.6779592471358429,611,crypto
2022-11-05,0.03335325630252101,0.11217226890756297,0.0950420168067227,0.7927720588235292,952,equity
2022-11-06,0.020907199999999997,0.16314419999999996,0.1422364,0.6946196999999997,1000,crypto
2022-11-06,0.06488291708291706,0.10656343656343654,0.08881718281718283,0.8046233766233767,1001,equity
2022-11-07,0.03668664259927798,0.18194736462093863,0.14526194945848386,0.6727901083032493,1385,crypto
2022-11-07,0.06484560386473431,0.11372367149758457,0.07910144927536232,0.8071661835748791,1035,equity
2022-11-08,-0.0044515658747300325,0.1703269438444924,0.17477888768898478,0.6548931425485957,1852,crypto
2022-11-08,0.0682317261330762,0.1024638379942141,0.07912246865959499,0.818401157184185,1037,equity
2022-11-09,-0.07556728452270624,0.14555843373493976,0.22112715477293793,0.6333156163113999,2158,crypto
2022-11-09,0.08599332706766916,0.11346804511278197,0.08235526315789474,0.8041597744360903,1064,equity
2022-11-10,-0.06484514727184933,0.1417628681796233,0.20660888459681304,0.6516286335103814,2071,crypto
2022-11-10,0.056408975444538524,0.10015664690939881,0.0802142252328535,0.8196240474174429,1181,equity
2022-11-11,-0.06228219472834855,0.14261963421194196,0.2049036040882195,0.6524745562130185,1859,crypto
2022-11-11,0.07238668503213953,0.11823966942148759,0.08402571166207529,0.7977300275482095,1089,equity
2022-11-12,-0.08888219696969696,0.12559420995670995,0.21447694805194822,0.6599286255411253,1848,crypto
2022-11-12,0.04073389121338911,0.10364330543933058,0.08580125523012552,0.8105491631799163,956,equity
2022-11-13,-0.08583955796120878,0.12926053225078932,0.21509806044203883,0.6556391520072165,2217,crypto
2022-11-13,0.045812683438155144,0.11218448637316562,0.09300524109014675,0.7948071278825996,954,equity
2022-11-14,-0.06592203557312253,0.1323965415019762,0.1983178853754939,0.6692840415019756,2024,crypto
2022-11-14,0.05227767393561786,0.10675077881619936,0.08648390446521285,0.8067653167185881,963,equity
2022-11-15,-0.022433729485002822,0.15035591397849452,0.17279117147707979,0.6768494623655907,1767,crypto
2022-11-15,0.03755964566929136,0.09856102362204726,0.0884970472440945,0.8129458661417324,1016,equity
2022-11-16,-0.039993212669683274,0.1442608031674209,0.18425226244343873,0.6714877828054295,1768,crypto
2022-11-16,0.06246552072800811,0.11551567239635996,0.08732659251769465,0.797165824064712,989,equity
2022-11-17,-0.0455375474083439,0.14318539823008852,0.18872098609355253,0.6680932364096078,1582,crypto
2022-11-17,0.06569221556886227,0.11009081836327346,0.08103193612774452,0.8088892215568859,1002,equity
2022-11-18,0.019855674949630624,0.18471920752182697,0.1648607118871724,0.6504181329751505,1489,crypto
2022-11-18,0.033594528875379934,0.09839817629179334,0.08546301925025329,0.8161296859169197,987,equity
2022-11-19,0.012943820224719092,0.17197278401997512,0.15902434456928835,0.6690012484394509,801,crypto
2022-11-19,0.05221233299075025,0.11247379239465574,0.08476156217882837,0.8027738951695788,973,equity
2022-11-20,-0.05260653846153845,0.13622634615384613,0.18882980769230776,0.674943076923077,520,crypto
2022-11-20,0.027103225806451622,0.10033763440860216,0.09381827956989246,0.8058516129032258,930,equity
2022-11-21,-0.04184236006051437,0.15283555219364597,0.19467639939485631,0.6524925869894102,661,crypto
2022-11-21,0.08186492942453853,0.11091096634093378,0.07365472312703587,0.8154180238870792,921,equity
2022-11-22,-0.014301178203240067,0.15944631811487478,0.17374609720176723,0.6668096465390283,1358,crypto
2022-11-22,0.0557845154845155,0.10602797202797204,0.080993006993007,0.812964035964036,1001,equity
2022-11-23,0.002563503649635042,0.15919474452554747,0.15663131386861318,0.6841744525547447,1370,crypto
2022-11-23,0.06737342888643885,0.1012326350606395,0.07808269018743105,0.8206769570011027,907,equity
2022-11-24,0.0013773905996758474,0.161810453808752,0.16043071312803872,0.6777598865478123,1234,crypto
2022-11-24,0.07515524625267665,0.10979764453961458,0.08840471092077089,0.8017955032119913,934,equity
2022-11-25,-0.000757303370786515,0.1674373283395755,0.16819650436953806,0.66436279650437,801,crypto
2022-11-25,0.048940923737916225,0.10906874328678841,0.08182384532760473,0.8090912996777658,931,equity
2022-11-26,-0.03760824175824174,0.143107326007326,0.18071831501831495,0.6761745421245421,546,crypto
2022-11-26,0.033618636847710326,0.10382215122470713,0.08745473908413208,0.8087294994675186,939,equity
2022-11-27,0.004517342799188647,0.1568350912778905,0.15231784989858008,0.6908449290060852,986,crypto
2022-11-27,0.03392904656319291,0.10518070953436806,0.09066740576496674,0.8041474501108649,902,equity
2022-11-28,-0.04205357142857141,0.14657725155279505,0.18862973602484473,0.6647886645962732,1288,crypto
2022-11-28,0.05028164300202839,0.09542089249492905,0.07787829614604463,0.826709939148073,986,equity
2022-11-29,-0.010138445945945943,0.1548408108108108,0.1649777702702702,0.6801824999999997,1480,crypto
2022-11-29,0.06409111842105264,0.11207565789473682,0.08871929824561404,0.7991929824561407,912,equity
2022-11-30,-0.01194526979677646,0.16276068675543098,0.1747028030833916,0.6625380518570428,1427,crypto
2022-11-30,0.08330151515151518,0.10876767676767679,0.07713333333333333,0.8140838383838385,990,equity
2022-12-01,0.012538184546136534,0.17001942985746424,0.157479969992498,0.6725028507126786,1333,crypto
2022-12-01,0.07280517598343686,0.10184265010351967,0.07711801242236023,0.8210351966873707,966,equity
2022-12-02,-0.03280543478260868,0.15631027667984182,0.18911996047430835,0.6545688735177866,1012,crypto
2022-12-02,0.05418653061224491,0.10541224489795918,0.07904897959183674,0.8155326530612244,980,equity
2022-12-03,-0.05554036144578312,0.1352971887550201,0.1908377510040161,0.673863855421687,498,crypto
2022-12-03,0.03138326133909288,0.11022030237580993,0.09623218142548595,0.7935583153347732,926,equity
2022-12-04,0.0026002197802197716,0.16490868131868136,0.16230329670329666,0.6727934065934065,910,crypto
2022-12-04,0.0682933110367893,0.11513823857302116,0.07818060200668894,0.806672240802676,897,equity
2022-12-05,-0.0138621533442088,0.16284918433931495,0.17671035889070144,0.660441353996737,1226,crypto
2022-12-05,0.05475027085590466,0.10726435536294689,0.07831419284940412,0.8144214517876489,923,equity
2022-12-06,-0.0157254512635379,0.15467075812274372,0.17039702166064977,0.6749322202166068,1108,crypto
2022-12-06,0.033388653234358426,0.10329586426299049,0.09190562036055143,0.8048006362672329,943,equity
2022-12-07,-0.029935050675675666,0.14696435810810807,0.17690160472972974,0.676136064189189,1184,crypto
2022-12-07,0.04078232848232847,0.10614968814968817,0.07465176715176715,0.8191954261954261,962,equity
2022-12-08,-0.014225605536332184,0.15031513840830452,0.16454100346020759,0.6851435121107265,1156,crypto
2022-12-08,0.07209018218623482,0.11440688259109309,0.07658502024291496,0.8090131578947368,988,equity
2022-12-09,0.004958928571428581,0.16105901785714286,0.15610080357142858,0.6828383928571429,1120,crypto
2022-12-09,0.038609435897435894,0.10425025641025641,0.0876502564102564,0.8080984615384617,975,equity
2022-12-10,0.009485539714867612,0.16326558044806522,0.1537812627291242,0.6829565173116089,982,crypto
2022-12-10,0.046090415335463264,0.1041075612353568,0.0859094781682641,0.8099765708200213,939,equity
2022-12-11,0.10072923627684978,0.2171178997613367,0.11638878281622912,0.6664940334128874,838,crypto
2022-12-11,0.07295586353944565,0.11718550106609811,0.08455543710021322,0.7982441364605541,938,equity
2022-12-12,-0.04520595667870036,0.15362093862815882,0.1988281588447654,0.647546570397112,554,crypto
2022-12-12,0.0515395537525355,0.10240669371196756,0.08365111561866126,0.8139513184584178,986,equity
2022-12-13,-0.06721912225705332,0.1517271159874608,0.21894749216300932,0.6293217868338556,638,crypto
2022-12-13,0.08459195171026156,0.11003621730382296,0.07670623742454727,0.8132515090543257,994,equity
2022-12-14,-0.054468267581475126,0.14774819897084046,0.20221372212692967,0.6500373927958832,583,crypto
2022-12-14,0.057925242718446596,0.10566310679611653,0.0836242718446602,0.8107000000000002,1030,equity
2022-12-15,-0.061438973384030426,0.1455574144486692,0.2069950570342205,0.6474469581749049,526,crypto
2022-12-15,0.08129485935984482,0.1119854510184287,0.07527255092143549,0.8127419980601359,1031,equity
2022-12-16,-0.08025357142857148,0.13640620300751874,0.21666127819548872,0.6469308270676689,532,crypto
2022-12-16,0.056239416846652304,0.11824838012958962,0.09033909287257019,0.7913930885529161,926,equity
2022-12-17,-0.10452325581395351,0.12485209302325581,0.2293753488372093,0.6457718604651161,430,crypto
2022-12-17,0.06709748691099479,0.11634659685863873,0.08609424083769633,0.7975685863874346,955,equity
2022-12-18,-0.06700450704225352,0.13198338028169015,0.1989918309859155,0.6690278873239436,355,crypto
2022-12-18,0.048724216216216205,0.1033135135135135,0.08754378378378379,0.8091308108108108,925,equity
2022-12-19,-0.06364435146443513,0.1399686192468619,0.20361569037656907,0.6564150627615062,478,crypto
2022-12-19,0.04374907786885246,0.10341188524590167,0.08589241803278688,0.8106864754098358,976,equity
2022-12-20,-0.03595042194092829,0.15319620253164556,0.18914852320675105,0.6576580168776373,474,crypto
2022-12-20,0.07017586568730326,0.11625813221406084,0.07620041972717734,0.8075456453305351,953,equity
2022-12-21,-0.020348132780082982,0.15501742738589208,0.17536576763485479,0.669619917012448,482,crypto
2022-12-21,0.08073961456102784,0.10635224839400427,0.07232334047109205,0.8213158458244113,934,equity
2022-12-22,-0.020891134020618547,0.15762020618556705,0.17851422680412368,0.6638684536082475,485,crypto
2022-12-22,0.08316313131313133,0.115659595959596,0.07692929292929293,0.8074000000000001,990,equity
2022-12-23,-0.0035993449781659345,0.17003842794759824,0.17364257641921393,0.6563237991266374,458,crypto
2022-12-23,0.055220661157024786,0.11366322314049582,0.09037913223140495,0.7959566115702483,968,equity
2022-12-24,-0.0054038123167155306,0.17765806451612903,0.18306334310850444,0.639282991202346,341,crypto
2022-12-24,0.06774851694915254,0.10376377118644069,0.07570233050847455,0.820512711864407,944,equity
2022-12-25,0.005643968871595331,0.19209571984435797,0.18644902723735404,0.6214548638132298,257,crypto
2022-12-25,0.06182251655629142,0.1224028697571744,0.07746688741721854,0.8001203090507729,906,equity
2022-12-26,-0.07019481865284977,0.15077616580310874,0.22096606217616574,0.6282580310880829,386,crypto
2022-12-26,0.06668838437170015,0.11918057022175292,0.07405068637803587,0.8067560718057024,947,equity
2022-12-27,-0.06850788177339905,0.1421068965517241,0.21061206896551718,0.6472832512315272,406,crypto
2022-12-27,0.048917121848739524,0.09784453781512607,0.07629201680672272,0.8258855042016806,952,equity
2022-12-28,-0.07016273291925466,0.14396956521739135,0.21412629399585925,0.6419049689440992,483,crypto
2022-12-28,0.07330137420718819,0.12069344608879491,0.08351479915433403,0.795786469344609,946,equity
2022-12-29,-0.04680357142857143,0.15360273109243697,0.2004084033613445,0.6459852941176473,476,crypto
2022-12-29,0.04625309734513274,0.09933407079646017,0.08883517699115044,0.811829646017699,904,equity
2022-12-30,-0.04004810810810811,0.15284540540540542,0.19289081081081086,0.6542597297297296,370,crypto
2022-12-30,0.07162677419354836,0.11155161290322584,0.08106129032258066,0.8073956989247311,930,equity
2022-12-31,-0.06284335664335662,0.1436472027972028,0.2064888111888112,0.6498657342657342,286,crypto
2022-12-31,0.05386429378531078,0.11713220338983052,0.10125310734463276,0.7816079096045199,885,equity
2023-01-01,0.10278671963677641,0.13083995459704884,0.0802088535754824,0.7889421112372302,881,equity
2023-01-02,0.10822464088397789,0.12430828729281766,0.0716099447513812,0.8040740331491709,905,equity
2023-01-03,0.045474791666666674,0.10827499999999998,0.09626145833333334,0.7954718750000003,960,equity
2023-01-04,0.05370371155885472,0.10827571580063629,0.08026935312831389,0.8114443266171792,943,equity
2023-01-05,0.028536479321314954,0.09333828207847293,0.09396182396606574,0.8127030752916222,943,equity
2023-01-06,0.04602662266226622,0.10298459845984598,0.08003520352035205,0.8169900990099012,909,equity
2023-01-07,0.0797617877094972,0.1211083798882682,0.07501564245810056,0.803850279329609,895,equity
2023-01-08,0.26194999999999996,0.09158333333333334,0.07279166666666666,0.8355416666666667,24,equity
2023-01-09,0.05330515789473684,0.09836315789473683,0.08096,0.8206747368421053,950,equity
2023-01-10,0.04556941544885178,0.10102087682672233,0.0764311064718163,0.8225448851774531,958,equity
2023-01-11,0.05369022471910113,0.1006112359550562,0.08908426966292135,0.8103044943820222,890,equity
2023-01-12,0.06151547368421054,0.11057473684210528,0.08543999999999997,0.8039757894736844,950,equity
2023-01-12,0.286025,0.45542499999999997,0.169425,0.37515,8,forex
2023-01-13,0.07615346851654217,0.10386872998932765,0.07822198505869798,0.8178964781216652,937,equity
2023-01-13,0.5907,0.6221333333333333,0.031400000000000004,0.3465,6,forex
2023-01-14,0.06502782122905029,0.11348826815642458,0.07747150837988828,0.8090301675977652,895,equity
2023-01-14,0.6854,0.7189,0.0335,0.2476,2,forex
2023-01-15,0.05968930131004368,0.10905567685589523,0.08420633187772927,0.8067292576419215,916,equity
2023-01-16,0.06675802337938364,0.10873007438894791,0.07891498405951114,0.8123538788522847,941,equity
2023-01-17,0.06312476390346276,0.11152256033578178,0.08129380902413434,0.8071857292759703,953,equity
2023-01-18,0.09404930777422787,0.11404153354632592,0.07579765708200213,0.810160809371672,939,equity
2023-01-18,-0.1137,0.0884,0.2021,0.7095,2,forex
2023-01-19,0.09869854166666667,0.11779375000000002,0.08102187500000001,0.8011958333333332,960,equity
2023-01-20,0.05421509433962265,0.1133763102725367,0.08961635220125787,0.7970020964360589,954,equity
2023-01-20,-0.7751,0.0158,0.7909,0.1934,2,forex
2023-01-21,0.0645520127118644,0.09956038135593219,0.0808146186440678,0.8196186440677966,944,equity
2023-01-22,0.08806741214057505,0.11224174653887112,0.07525665601703942,0.8124973375931844,939,equity
2023-01-23,0.06675940170940171,0.09649358974358975,0.07587179487179488,0.8276346153846157,936,equity
2023-01-24,0.07064201058201058,0.10335026455026455,0.07469312169312167,0.8219492063492063,945,equity
2023-01-25,0.03681191222570534,0.10513061650992686,0.08353814002089867,0.8113333333333332,957,equity
2023-01-26,0.04833583984374999,0.10356835937500006,0.07876757812500002,0.8176582031249999,1024,equity
2023-01-27,0.04629788053949904,0.10906069364161848,0.08375722543352604,0.8071868978805394,1038,equity
2023-01-27,0.7374,0.7522,0.0148,0.233,2,forex
2023-01-28,0.06006293558606127,0.1137550158394932,0.0854973600844773,0.8007381203801478,947,equity
2023-01-29,0.0879487540628386,0.11254604550379198,0.0728331527627302,0.8146208017334781,923,equity
2023-01-30,0.06152874743326489,0.10643737166324431,0.08564476386036961,0.8079168377823407,974,equity
2023-01-31,0.05686320305052432,0.10494947569113439,0.0761448999046711,0.8189027645376548,1049,equity
2023-01-31,0.3054,0.4349,0.1295,0.4356,2,forex
2023-02-01,0.06056157495256169,0.10022296015180265,0.07760626185958257,0.8221698292220114,1054,equity
2023-02-02,0.08582589118198876,0.09884896810506566,0.06968574108818011,0.8314587242026267,1066,equity
2023-02-02,-0.18594999999999998,0.16044999999999998,0.34645000000000004,0.49310000000000004,4,forex
2023-02-03,0.037701449275362314,0.10059710144927536,0.08102801932367149,0.8183642512077293,1035,equity
2023-02-03,0.4467,0.465,0.0183,0.5168,2,forex
2023-02-04,0.08097374727668843,0.1152886710239651,0.0811579520697168,0.8035424836601309,918,equity
2023-02-05,0.05830359477124185,0.10035403050108936,0.07700435729847498,0.8226350762527233,918,equity
2023-02-06,0.05939331919406154,0.1039968186638388,0.07471261930010606,0.8212895015906679,943,equity
2023-02-07,0.057668510638297886,0.10304361702127665,0.07412978723404257,0.8228329787234041,940,equity
2023-02-08,0.052129088913282114,0.09894731064763998,0.08751481888035124,0.8135378704720089,911,equity
2023-02-08,-0.5822499999999999,0.040100000000000004,0.62235,0.33755,4,forex
2023-02-09,0.08533033826638478,0.10742177589852006,0.08081183932346724,0.8117769556025369,946,equity
2023-02-09,0.05395,0.33265,0.27875,0.38855,4,forex
2023-02-10,0.06955592039800997,0.10334726368159207,0.07862885572139303,0.8180139303482585,1005,equity
2023-02-10,0.0475,0.0699,0.0224,0.9077,2,forex
2023-02-11,0.10735640756302518,0.11876785714285709,0.0779747899159664,0.803265756302521,952,equity
2023-02-11,-0.2231,0.1301,0.3532,0.5167,2,forex
2023-02-12,0.05417967391304348,0.10751086956521738,0.07911847826086958,0.8133858695652175,920,equity
2023-02-13,0.04491533678756477,0.12349119170984457,0.1057761658031088,0.7707284974093264,965,equity
2023-02-13,0.1628,0.1851,0.0223,0.7927,2,forex
2023-02-14,0.06913571428571431,0.12031428571428575,0.08547252747252747,0.7942186813186816,910,equity
2023-02-14,0.16769999999999996,0.3314666666666667,0.16376666666666667,0.5048166666666667,12,forex
2023-02-15,0.09251067193675885,0.11847529644268777,0.07334584980237153,0.8081768774703555,1012,equity
2023-02-16,0.07792449596774191,0.10990927419354836,0.07674294354838711,0.8133447580645163,992,equity
2023-02-16,-0.1859111111111111,0.11432222222222221,0.30021111111111115,0.5854555555555555,18,forex
2023-02-17,0.06723522267206479,0.11084412955465585,0.08257995951417002,0.8065698380566803,988,equity
2023-02-17,-0.2561137931034483,0.19263793103448276,0.448751724137931,0.3586068965517241,58,forex
2023-02-18,0.07052704402515726,0.11256708595387845,0.08444234800838575,0.8029989517819704,954,equity
2023-02-18,0.008666666666666665,0.08156666666666666,0.0729,0.8455,6,forex
2023-02-19,0.09068881789137379,0.11236847710330143,0.07954419595314163,0.8080894568690099,939,equity
2023-02-19,-0.31911428571428574,0.15168571428571426,0.4708,0.3775,14,forex
2023-02-20,0.07349539121114687,0.10807288317256164,0.07792497320471597,0.8140085744908895,933,equity
2023-02-20,-0.079946,0.22787599999999997,0.307812,0.4643119999999999,100,forex
2023-02-21,0.04684690265486726,0.09540597345132744,0.08034734513274336,0.8242356194690265,904,equity
2023-02-21,-0.0634326086956522,0.26909782608695654,0.33253043478260874,0.39837391304347824,92,forex
2023-02-22,0.06368416751787542,0.10776200204290094,0.07949438202247192,0.8127507660878445,979,equity
2023-02-22,-0.13154583333333333,0.23476874999999997,0.36631250000000004,0.39892500000000003,96,forex
2023-02-23,0.05847597061909761,0.10577439664218258,0.08515424973767054,0.8090650577124868,953,equity
2023-02-23,-0.1359557692307692,0.2178653846153846,0.35382307692307696,0.4283096153846154,104,forex
2023-02-24,0.0629598698481562,0.10240563991323208,0.07779718004338396,0.8197917570498917,922,equity
2023-02-24,-0.13864,0.20667200000000002,0.345308,0.4480159999999999,100,forex
2023-02-25,0.07533511777301924,0.11133940042826554,0.08053747323340468,0.808125267665953,934,equity
2023-02-26,0.06768247311827956,0.10961612903225808,0.08544516129032258,0.8049505376344086,930,equity
2023-02-26,0.00954285714285714,0.2697714285714286,0.26021428571428573,0.47000000000000003,14,forex
2023-02-27,0.044896663190823784,0.10156412930135561,0.08592909280500519,0.8125015641293014,959,equity
2023-02-27,-0.1411754716981132,0.2140584905660377,0.35524716981132076,0.4306905660377359,106,forex
2023-02-28,0.06757841501564127,0.10325651720542232,0.07651720542231492,0.8202398331595414,959,equity
2023-02-28,0.07458113207547169,0.32659056603773584,0.25200566037735844,0.4214075471698114,106,forex
2023-03-01,0.05622939936775555,0.09786512118018967,0.07311801896733405,0.829017913593256,949,equity
2023-03-01,0.00864385964912281,0.3005491228070176,0.29189999999999994,0.40755263157894733,114,forex
2023-03-02,0.07225155601659752,0.10239834024896267,0.07625829875518671,0.8213340248962656,964,equity
2023-03-02,-0.1312824561403509,0.21064385964912277,0.3419263157894737,0.4474263157894736,114,forex
2023-03-03,0.05360593311758361,0.10254800431499464,0.08152858683926648,0.8159223300970878,927,equity
2023-03-03,-0.0012739130434782629,0.28819347826086955,0.2894630434782609,0.42235217391304347,92,forex
2023-03-04,0.08098013620885355,0.10762202043132801,0.07449943246311008,0.8178706015891032,881,equity
2023-03-04,-0.1025,0.2489,0.3514,0.3997,2,forex
2023-03-05,0.061200667408231366,0.1193626251390434,0.09065517241379313,0.789988876529477,899,equity
2023-03-05,-0.04425000000000002,0.260225,0.3045,0.435275,8,forex
2023-03-06,0.04844556677890015,0.09890460157126824,0.07878787878787878,0.8223075196408531,891,equity
2023-03-06,-0.14996875,0.19692708333333334,0.34689166666666665,0.45618333333333333,96,forex
2023-03-07,0.0672488770053476,0.11418395721925134,0.07756149732620322,0.8082663101604279,935,equity
2023-03-07,-0.1229943396226415,0.23264528301886792,0.3556471698113207,0.41170000000000007,106,forex
2023-03-08,0.060803586956521744,0.11860217391304348,0.07765434782608696,0.8037467391304348,920,equity
2023-03-08,-0.19974509803921567,0.19690784313725487,0.3966568627450981,0.4064274509803922,102,forex
2023-03-09,0.0737435950413223,0.10862293388429746,0.0768615702479339,0.8145113636363636,968,equity
2023-03-09,-0.1484477272727273,0.20145,0.34989772727272733,0.44863636363636367,88,forex
2023-03-10,0.032591179385530245,0.09273835480673935,0.0833587710604559,0.8239038652130827,1009,equity
2023-03-10,-0.007701999999999999,0.27846400000000004,0.286164,0.43538399999999994,100,forex
2023-03-11,0.03579336734693876,0.09990102040816325,0.08616428571428573,0.8139357142857142,980,equity
2023-03-12,0.015134778121775034,0.09948194014447888,0.08588441692466459,0.8146284829721364,969,equity
2023-03-12,-0.11552500000000002,0.239875,0.355375,0.40474999999999994,8,forex
2023-03-13,0.009664688715953305,0.09562256809338524,0.0895943579766537,0.8147869649805446,1028,equity
2023-03-13,0.001909523809523812,0.27135952380952383,0.26946190476190474,0.4591857142857143,84,forex
2023-03-14,0.03545830508474576,0.10908474576271185,0.08452203389830511,0.8063887005649717,885,equity
2023-03-14,-0.04453404255319148,0.26965106382978726,0.31418510638297875,0.4161617021276595,94,forex
2023-03-15,0.06266753112033198,0.10478423236514522,0.07554564315352698,0.8196587136929464,964,equity
2023-03-15,-0.10703636363636364,0.21304545454545457,0.3201,0.46684545454545456,22,forex
2023-03-16,0.04759509803921571,0.10425925925925925,0.08913507625272327,0.8066056644880175,918,equity
2023-03-16,-0.18225,0.11415,0.29645,0.5894,4,forex
2023-03-17,0.04399949698189134,0.10617605633802815,0.08111167002012072,0.8127162977867203,994,equity
2023-03-17,-0.09573636363636363,0.24498181818181816,0.34072727272727277,0.4143045454545454,44,forex
2023-03-18,0.03415605749486651,0.11078850102669405,0.08769507186858316,0.8015133470225871,974,equity
2023-03-18,-0.18718333333333337,0.12821666666666667,0.31539999999999996,0.5564000000000001,12,forex
2023-03-19,0.039026803118908396,0.10596978557504871,0.08495224171539961,0.8090711500974661,1026,equity
2023-03-19,0.31955000000000006,0.47725,0.1577333333333333,0.36499999999999994,12,forex
2023-03-20,0.052563079960513334,0.1103968410661402,0.0840394866732478,0.8055676209279365,1013,equity
2023-03-20,-0.02408518518518518,0.2896388888888889,0.3137148148148149,0.3966555555555555,108,forex
2023-03-21,0.034006925498426044,0.10307869884575027,0.07741448058761806,0.8195110178384053,953,equity
2023-03-21,0.048969565217391306,0.31658478260869566,0.26762826086956526,0.41578260869565214,92,forex
2023-03-22,0.04666889375684556,0.10530120481927713,0.07790799561883899,0.8168006571741512,913,equity
2023-03-22,0.08172,0.32565272727272726,0.24393999999999993,0.4304018181818181,110,forex
2023-03-23,0.06488897715988086,0.11308738828202582,0.08005461767626615,0.80685501489573,1007,equity
2023-03-23,0.02577800000000001,0.297104,0.27132000000000006,0.43159200000000003,100,forex
2023-03-24,0.027283247156153052,0.09777559462254395,0.08541365046535675,0.8168107549120994,967,equity
2023-03-24,-0.1854074074074074,0.20906666666666668,0.39447777777777776,0.3964537037037037,108,forex
2023-03-25,0.03957196562835661,0.1049516648764769,0.0823705692803437,0.812669172932331,931,equity
2023-03-25,-0.03715,0.05714999999999999,0.0943,0.8486,4,forex
2023-03-26,0.048886099137931044,0.11059051724137936,0.08202047413793102,0.8073793103448275,928,equity
2023-03-26,0.05675000000000001,0.3024125000000001,0.245625,0.451975,16,forex
2023-03-27,0.033310273224043715,0.10080437158469945,0.08250382513661202,0.8166907103825138,915,equity
2023-03-27,-0.03590576923076923,0.27044999999999997,0.30635961538461537,0.42318846153846157,104,forex
2023-03-28,0.06705917159763314,0.10544378698224853,0.07274911242603552,0.8218035502958579,845,equity
2023-03-28,0.0013367346938775646,0.29851020408163265,0.29717755102040816,0.4043285714285714,98,forex
2023-03-29,0.07993678038379533,0.10463006396588487,0.07042963752665247,0.8249360341151384,938,equity
2023-03-29,-0.11458749999999997,0.24048214285714287,0.35506607142857144,0.40445535714285713,112,forex
2023-03-30,0.07070052029136319,0.10884599375650363,0.0741997918834547,0.8169417273673256,961,equity
2023-03-30,0.059670000000000015,0.31117599999999995,0.25150400000000006,0.4373299999999999,100,forex
2023-03-31,0.0578536809815951,0.10526891615541925,0.08801022494887524,0.8067310838445808,978,equity
2023-03-31,-0.005717999999999994,0.292996,0.29871799999999993,0.4082800000000002,100,forex
2023-04-01,0.06067787418655099,0.11004013015184382,0.08357266811279827,0.8063763557483734,922,equity
2023-04-02,0.05380020942408376,0.11025340314136126,0.0849612565445026,0.8047905759162302,955,equity
2023-04-02,-0.5024250000000001,0.049449999999999994,0.551875,0.398675,8,forex
2023-04-03,0.03964315789473683,0.10299157894736843,0.08098315789473684,0.8160263157894739,950,equity
2023-04-03,-0.10282083333333332,0.23571041666666667,0.33851875000000015,0.42576875,96,forex
2023-04-04,0.07163559322033901,0.10946292372881357,0.0821027542372881,0.8084417372881355,944,equity
2023-04-04,-0.036249999999999984,0.27253043478260874,0.30877391304347823,0.4186891304347827,92,forex
2023-04-05,0.04353725701943845,0.1042159827213823,0.08861123110151188,0.8071771058315335,926,equity
2023-04-05,-0.046289583333333335,0.27695416666666667,0.32324375000000005,0.39979375,96,forex
2023-04-06,0.044655906313645626,0.10313543788187372,0.08139002036659877,0.8154765784114053,982,equity
2023-04-06,-0.1372878048780488,0.22561951219512202,0.362909756097561,0.4114780487804879,82,forex
2023-04-07,0.08087743966421826,0.11356033578174185,0.0720283315844701,0.8144092339979014,953,equity
2023-04-07,-0.02150952380952383,0.26944761904761905,0.2909428571428571,0.4396142857142857,42,forex
2023-04-08,0.05617373737373737,0.10829068462401792,0.07892929292929293,0.8127901234567902,891,equity
2023-04-09,0.05070242557883134,0.09466813671444323,0.07053252480705621,0.8348026460859977,907,equity
2023-04-09,-0.3375333333333333,0.15653333333333333,0.49410000000000004,0.34936666666666666,6,forex
2023-04-10,0.07526152993348113,0.11555654101995562,0.08029933481152991,0.804160753880266,902,equity
2023-04-10,-0.01855454545454544,0.24627272727272728,0.2648242424242424,0.48889999999999995,66,forex
2023-04-11,0.08134258675078865,0.11926393270241852,0.0818832807570978,0.7988548895899054,951,equity
2023-04-11,-0.02050400000000001,0.296972,0.31746800000000003,0.38555799999999996,100,forex
2023-04-12,0.05850668080593848,0.10779957582184517,0.07940933191940613,0.8128006362672325,943,equity
2023-04-12,0.15955769230769232,0.3607038461538462,0.2011423076923077,0.43816153846153844,52,forex
2023-04-13,0.041475675675675686,0.10445010395010397,0.08869958419958418,0.8068607068607069,962,equity
2023-04-14,0.048633085106382985,0.10816382978723403,0.0851031914893617,0.8067223404255321,940,equity
2023-04-14,-0.11309999999999999,0.05875,0.1718,0.76945,4,forex
2023-04-15,0.0659993464052288,0.11243681917211329,0.07823965141612203,0.8093213507625271,918,equity
2023-04-16,0.050670357941834464,0.103503355704698,0.08609172259507832,0.8103948545861297,894,equity
2023-04-16,-0.39664999999999995,0.04075,0.4374,0.5218,4,forex
2023-04-17,0.03270519693654268,0.09227133479212253,0.08253391684901532,0.8251936542669582,1828,equity
2023-04-18,0.09198848614072497,0.11411087420042647,0.07238059701492539,0.8135042643923243,938,equity
2023-04-18,-0.0367,0.0719,0.10863333333333332,0.8194666666666667,6,forex
2023-04-19,0.03885080042689436,0.1014983991462113,0.08120490928495196,0.8172892209178233,937,equity
2023-04-19,-0.13208666666666666,0.2408666666666667,0.37296666666666667,0.38616666666666666,30,forex
2023-04-20,0.06163360739979447,0.10632476875642341,0.07319218910585815,0.8204820143884894,973,equity
2023-04-20,-0.1349911764705882,0.2121735294117647,0.3471676470588236,0.44065294117647064,68,forex
2023-04-21,0.0759141547861507,0.1121517311608961,0.0798238289205703,0.808015274949084,982,equity
2023-04-21,-0.19275945945945946,0.18892702702702704,0.38168918918918915,0.4293783783783784,74,forex
2023-04-22,0.05403937708565071,0.09705450500556173,0.06873192436040045,0.8342180200222471,899,equity
2023-04-23,0.04564285714285715,0.1047983193277311,0.07950420168067225,0.8156964285714288,952,equity
2023-04-23,-0.22086666666666668,0.13843333333333332,0.35928333333333334,0.5022666666666668,12,forex
2023-04-24,0.07251779005524861,0.10028397790055245,0.06686629834254144,0.8328232044198894,905,equity
2023-04-24,-0.028218918918918912,0.2846216216216216,0.3128513513513513,0.4025378378378379,74,forex
2023-04-25,0.07640810526315787,0.1089136842105263,0.07573894736842104,0.815361052631579,950,equity
2023-04-25,-0.12193013698630137,0.22973698630136982,0.35167260273972606,0.41860410958904104,73,forex
2023-04-26,0.06626938369781314,0.10590954274353875,0.07966500994035786,0.8144274353876741,1006,equity
2023-04-26,-0.2360909090909091,0.19056363636363638,0.4266545454545454,0.3827757575757576,66,forex
2023-04-27,0.08318041749502984,0.10598508946322069,0.06940854870775348,0.8246023856858848,1006,equity
2023-04-27,-0.06808709677419353,0.26670645161290324,0.33480000000000004,0.39849677419354834,62,forex
2023-04-28,0.07938456973293768,0.10961028684470822,0.07427497527200792,0.8161127596439169,1011,equity
2023-04-28,-0.004037500000000005,0.28742999999999996,0.2914675,0.4211025000000001,80,forex
2023-04-29,0.0469794491525424,0.11823940677966102,0.08415677966101692,0.7976006355932204,944,equity
2023-04-29,0.06520000000000001,0.3315,0.2663,0.4022,4,forex
2023-04-30,0.07455352564102566,0.11340705128205125,0.07090277777777777,0.8156976495726495,936,equity
2023-04-30,-0.22319999999999998,0.17326000000000003,0.39642,0.43034,10,forex
2023-05-01,0.08220175267770205,0.11430185004868547,0.07212171372930869,0.81356864654333,1027,equity
2023-05-01,0.05126896551724137,0.34784482758620683,0.2965758620689655,0.3555689655172415,58,forex
2023-05-02,0.059722643442622944,0.11253688524590165,0.08395286885245905,0.8035081967213114,976,equity
2023-05-02,-0.1933257142857143,0.18268857142857148,0.3760342857142857,0.4412857142857144,70,forex
2023-05-03,0.0570076,0.10455800000000003,0.08441900000000001,0.81102,1000,equity
2023-05-03,-0.033043750000000004,0.27105833333333335,0.30410624999999997,0.42483125,96,forex
2023-05-04,0.05291382113821137,0.0994390243902439,0.07301930894308944,0.8275508130081302,984,equity
2023-05-04,-0.04392162162162162,0.25818918918918915,0.30210000000000004,0.43970000000000004,74,forex
2023-05-05,0.055381910569105706,0.10284654471544714,0.07630487804878049,0.8208384146341462,984,equity
2023-05-06,0.07388598726114651,0.11887154989384292,0.07780467091295115,0.8033067940552014,942,equity
2023-05-07,0.0443239420935412,0.10260022271714925,0.08295211581291757,0.8144532293986638,898,equity
2023-05-08,0.07233355555555558,0.10731222222222224,0.07739222222222222,0.8152911111111113,900,equity
2023-05-09,0.04506953290870487,0.09912632696390657,0.08332377919320597,0.8175467091295116,942,equity
2023-05-10,0.06558796680497928,0.09537863070539418,0.06945020746887966,0.8351701244813281,964,equity
2023-05-11,0.05895576289791439,0.10809001097694841,0.09199780461031834,0.7999055982436882,911,equity
2023-05-12,0.04555925925925924,0.10113804713804714,0.08242648709315376,0.8164388327721659,891,equity
2023-05-13,0.04183151581243184,0.09267829880043622,0.08021592148309704,0.827090512540894,917,equity
2023-05-14,0.06003125000000002,0.10573684210526314,0.07495942982456137,0.8193146929824561,912,equity
2023-05-15,0.0508341957255343,0.09530258717660293,0.07855230596175478,0.826138357705287,889,equity
2023-05-16,0.06417510638297873,0.11068617021276592,0.08076702127659574,0.8085308510638296,940,equity
2023-05-17,0.0696826780021254,0.11484590860786399,0.0807672688629118,0.8043825717322,941,equity
2023-05-18,0.06742276080084299,0.09845310853530033,0.07409483667017913,0.8274436248682823,949,equity
2023-05-19,0.06715313174946005,0.11050000000000001,0.07873434125269979,0.8107732181425484,926,equity
2023-05-20,0.061331388564760794,0.11372345390898485,0.07464994165694282,0.811617269544924,857,equity
2023-05-21,0.044055085714285735,0.10402285714285715,0.07839885714285716,0.817587428571429,875,equity
2023-05-22,0.06970231023102309,0.11787898789878987,0.08339053905390538,0.7987381738173819,909,equity
2023-05-23,0.03957809110629068,0.10721366594360086,0.08733947939262475,0.8054479392624729,922,equity
2023-05-24,0.0761687174139729,0.10726485922836285,0.07459436913451514,0.8181324296141816,959,equity
2023-05-25,0.06753792372881355,0.10311016949152543,0.07804555084745762,0.8188379237288136,944,equity
2023-05-26,0.0684495248152059,0.11105279831045403,0.08166631467793029,0.8072745512143612,947,equity
2023-05-27,0.07556103603603606,0.10336599099099099,0.07712162162162162,0.8195315315315315,888,equity
2023-05-28,0.0515491150442478,0.103162610619469,0.07756526548672568,0.8192610619469025,904,equity
2023-05-29,0.05515857461024501,0.10245322939866366,0.07502561247216037,0.8225044543429845,898,equity
2023-05-30,0.08342869660460021,0.1012814895947426,0.07443373493975902,0.8242858707557503,913,equity
2023-05-31,0.060610560344827584,0.09852586206896553,0.06990948275862069,0.8315646551724138,928,equity
2023-06-01,0.05589714587737843,0.10356448202959832,0.07736152219873149,0.8190708245243127,946,equity
2023-06-02,0.07465923970432949,0.10886166842661031,0.07864308342133051,0.8124952481520591,947,equity
2023-06-03,0.06383270089285717,0.11105691964285715,0.08296875000000001,0.8059854910714285,896,equity
2023-06-04,0.08744498910675386,0.11969934640522878,0.07103376906318082,0.8092701525054465,918,equity
2023-06-05,0.07005869565217394,0.10026708074534162,0.0725455486542443,0.8271873706004139,966,equity
2023-06-06,0.07784572333685323,0.10403590285110878,0.07283632523759241,0.8231288278775077,947,equity
2023-06-07,0.09364771033013845,0.1038423855165069,0.07360596379126728,0.8225559105431308,939,equity
2023-06-08,0.04468079034028539,0.10018880351262346,0.08108232711306257,0.818740944017563,911,equity
2023-06-09,0.0709344537815126,0.10234558823529415,0.072343487394958,0.8253214285714288,952,equity
2023-06-10,0.07831127395715895,0.11145885005636977,0.06846223224351745,0.8200868094701239,887,equity
2023-06-11,0.07827463359639232,0.10935512965050734,0.07554678692220972,0.8150913190529877,887,equity
2023-06-12,0.08118336933045356,0.10504103671706265,0.07271166306695463,0.8222580993520516,926,equity
2023-06-13,0.0710068607068607,0.10750207900207896,0.07368814968814971,0.8188180873180874,962,equity
2023-06-14,0.05454917355371903,0.09883367768595037,0.0856177685950413,0.8155495867768596,968,equity
2023-06-15,0.05968439073514602,0.10462336354481369,0.07624974823766363,0.8191369587109766,993,equity
2023-06-16,0.08696439232409384,0.10647441364605544,0.07211513859275052,0.8214157782515993,938,equity
2023-06-17,0.04097950108459871,0.10510195227765728,0.09368221258134489,0.8012147505422994,922,equity
2023-06-18,0.08354184239733625,0.1145382907880133,0.07128412874583796,0.8141831298557158,901,equity
2023-06-19,0.04835261437908496,0.09809803921568627,0.07624836601307187,0.8256590413943352,918,equity
2023-06-20,0.06665678879310345,0.10049892241379313,0.07216056034482757,0.8273362068965519,928,equity
2023-06-21,0.06443472367049011,0.11296871741397291,0.07472784150156413,0.8123003128258601,959,equity
2023-06-22,0.02124051546391753,0.09602371134020617,0.09005463917525774,0.813922680412371,970,equity
2023-06-23,0.029867995802728236,0.112894018887723,0.10277229800629592,0.7843294858342079,953,equity
2023-06-24,0.005489669421487607,0.1022582644628099,0.09711880165289258,0.8006157024793387,968,equity
2023-06-25,0.05424545454545455,0.1033164108618654,0.08606611570247934,0.8106198347107436,847,equity
2023-06-26,-0.013479461279461275,0.0851851851851852,0.10134567901234569,0.8134725028058364,891,equity
2023-06-27,0.0312222808870116,0.09644350580781416,0.08238014783526929,0.8211742344244984,947,equity
2023-06-28,0.04171085353003161,0.10730769230769231,0.08476290832455216,0.8079283456269757,949,equity
2023-06-29,0.09380171122994653,0.12777219251336897,0.06968770053475934,0.8025262032085563,935,equity
2023-06-30,0.06893229278794402,0.11484499461786868,0.07864155005382134,0.8065177610333694,929,equity
2023-07-01,0.03501149171270719,0.1021779005524862,0.09101215469613261,0.8068044198895027,905,equity
2023-07-02,0.071851598676957,0.10554134509371557,0.07963395810363838,0.8148125689084899,907,equity
2023-07-03,0.06939925531914894,0.10035212765957445,0.06666170212765955,0.8329808510638292,940,equity
2023-07-04,0.07339717698154181,0.11296525515743756,0.07396959826275787,0.8130618892508148,921,equity
2023-07-05,0.06750732758620691,0.1044040948275862,0.08094827586206897,0.8146487068965516,928,equity
2023-07-06,0.250821568627451,0.10733333333333334,0.04952941176470588,0.8430588235294116,51,equity
2023-07-07,0.22776000000000002,0.083,0.03382500000000001,0.88315,40,equity
2023-07-08,0.22555882352941178,0.05976470588235294,0.03564705882352942,0.9044705882352941,17,equity
2023-07-09,0.3130105263157895,0.10673684210526313,0.051894736842105264,0.8412631578947367,19,equity
2023-07-10,0.4292652173913044,0.12236956521739131,0.01808695652173913,0.8596304347826087,46,equity
2023-07-11,0.19348793103448278,0.08139655172413793,0.049948275862068965,0.8686379310344826,58,equity
2023-07-12,0.21824736842105266,0.10238596491228069,0.05585964912280701,0.841719298245614,57,equity
2023-07-13,0.2218139534883721,0.09540697674418606,0.05334883720930233,0.8512209302325581,86,equity
2023-07-14,0.15857818181818178,0.10414545454545454,0.06158181818181818,0.834290909090909,55,equity
2023-07-15,0.09967741585233443,0.11508143322475572,0.07181541802388708,0.8131053203040173,921,equity
2023-07-16,0.055957017543859705,0.1014967105263158,0.07692872807017545,0.8215811403508773,912,equity
2023-07-17,0.05899568106312293,0.10137541528239202,0.07584939091915835,0.8227763012181618,903,equity
2023-07-18,0.041773662551440334,0.09904732510288068,0.08281893004115225,0.8181203703703702,972,equity
2023-07-19,0.07516391752577319,0.11178659793814434,0.07218144329896908,0.8160278350515466,970,equity
2023-07-20,0.05795152471083071,0.1010578338590957,0.08421240799158781,0.8147371188222926,951,equity
2023-07-21,0.038816050686378036,0.09576135163674761,0.08270749736008448,0.8215332629355858,947,equity
2023-07-22,0.06435373626373628,0.10845604395604395,0.08564615384615386,0.8058978021978024,910,equity
2023-07-23,0.06192866449511402,0.10284473398479914,0.07387079261672097,0.8232877307274702,921,equity
2023-07-24,0.07487846320346321,0.10053896103896104,0.07082359307359307,0.8286309523809521,924,equity
2023-07-25,0.08320368364030334,0.10689815817984831,0.07091765980498377,0.8221700975081258,923,equity
2023-07-26,0.08145910041841004,0.10789435146443517,0.0722008368200837,0.8199027196652717,956,equity
2023-07-27,0.08479590163934428,0.10103073770491805,0.06533299180327867,0.8336362704918037,976,equity
2023-07-28,0.08760444685466376,0.11206290672451194,0.07431344902386115,0.8136344902386118,922,equity
2023-07-29,0.12775185995623628,0.13005470459518598,0.07405142231947485,0.7958938730853391,914,equity
2023-07-30,0.08287977528089888,0.1123022471910112,0.07484269662921349,0.812844943820225,890,equity
2023-07-31,0.052082645502645505,0.10679470899470903,0.08755978835978837,0.8056380952380949,945,equity
2023-08-01,0.09100701381509033,0.11681721572794897,0.0767056323060574,0.806469713071201,941,equity
2023-08-02,0.06258812095032397,0.11145572354211662,0.08093196544276454,0.8076047516198706,926,equity
2023-08-03,0.05849520697167758,0.10628322440087141,0.0795806100217865,0.81412962962963,918,equity
2023-08-04,0.06406358695652174,0.11251304347826094,0.0788717391304348,0.8085934782608699,920,equity
2023-08-05,0.060761315496098096,0.11812374581939797,0.07805574136008916,0.8038138238573024,897,equity
2023-08-06,0.04011666666666668,0.09694917257683215,0.07402955082742316,0.8290212765957445,846,equity
2023-08-07,0.0345361334867664,0.10603452243958571,0.08241426927502876,0.811542002301496,869,equity
2023-08-08,0.039721179039301314,0.09432532751091705,0.0882772925764192,0.8173820960698688,916,equity
2023-08-09,0.08155032467532468,0.1083441558441558,0.0737002164502164,0.8179556277056279,924,equity
2023-08-10,0.03955513812154697,0.09863425414364642,0.08804861878453037,0.8133082872928177,905,equity
2023-08-11,0.05448809248554913,0.09999653179190748,0.0761907514450867,0.8238069364161851,865,equity
2023-08-12,0.08030183150183151,0.1231184371184371,0.07376312576312578,0.8031172161172163,819,equity
2023-08-13,0.0539198697068404,0.09853094462540718,0.07139087947882736,0.8300749185667751,921,equity
2023-08-14,0.0629493136219641,0.10409186906019012,0.0823453009503696,0.813554382259768,947,equity
2023-08-15,0.05351211477151969,0.09914558979808713,0.08302337938363444,0.8178257173219977,941,equity
2023-08-16,0.050645426515930105,0.10898458376156218,0.08263412127440901,0.8083782117163413,973,equity
2023-08-17,0.06346613247863249,0.09766132478632479,0.06895299145299143,0.8333878205128207,936,equity
2023-08-18,0.03351598360655738,0.0911526639344262,0.08212397540983606,0.8267305327868852,976,equity
2023-08-19,0.06769091903719912,0.1123621444201313,0.08024945295404812,0.8073741794310723,914,equity
2023-08-20,0.04104070175438598,0.11078479532163743,0.07941988304093567,0.8098058479532165,855,equity
2023-08-21,0.04299215896885071,0.10185714285714284,0.0837669172932331,0.8143705692803438,931,equity
2023-08-22,0.045580042462845034,0.10255944798301485,0.08131634819532908,0.8161135881104034,942,equity
2023-08-23,0.045192047930283225,0.10572549019607842,0.07745098039215685,0.8168355119825711,918,equity
2023-08-24,0.0633152704135737,0.10390562036055141,0.07535737009544007,0.8207370095440083,943,equity
2023-08-25,0.037868972142171005,0.08989913544668586,0.07497982708933715,0.8351181556195967,1041,equity
2023-08-26,0.04980671462829735,0.10693645083932854,0.0828165467625899,0.8102362110311752,834,equity
2023-08-27,0.06488288288288288,0.10230968468468465,0.08120382882882884,0.8164932432432433,888,equity
2023-08-28,0.047695973884657225,0.10123286180631119,0.08034494015233952,0.8184080522306856,919,equity
2023-08-29,0.04487420718816067,0.11036575052854124,0.0819059196617336,0.8077346723044397,946,equity
2023-08-30,0.041135674470457094,0.11119509476031215,0.08628985507246376,0.8025072463768115,897,equity
2023-08-31,0.05717596982758619,0.10295689655172413,0.07750969827586206,0.8195269396551722,928,equity
2023-09-01,0.044521086956521724,0.11104130434782611,0.08446521739130432,0.8044847826086956,920,equity
2023-09-02,0.04710778727445397,0.11011396011396013,0.08523741690408357,0.8046571699905032,1053,equity
2023-09-03,0.04469190371991249,0.10571115973741792,0.08320678336980306,0.811065645514223,914,equity
2023-09-04,0.049072655217965666,0.10489564068692207,0.08725495376486128,0.8078718626155879,757,equity
2023-09-05,0.07368957189901205,0.10441822173435791,0.07305378704720086,0.8225203073545554,911,equity
2023-09-06,0.06541343612334802,0.10789317180616738,0.08144383259911891,0.8106662995594714,908,equity
2023-09-07,0.021589123548046475,0.09440549102428722,0.08730200633579727,0.8182882787750793,947,equity
2023-09-08,0.029171381215469628,0.0969900552486188,0.08864088397790051,0.8143823204419888,905,equity
2023-09-09,0.05744599109131405,0.1056314031180401,0.0765066815144766,0.8178663697104677,898,equity
2023-09-10,0.07172410196987256,0.10805098493626886,0.07789223638470452,0.8140579374275781,863,equity
2023-09-11,0.08107929936305733,0.10119214437367303,0.06390764331210191,0.8349140127388534,942,equity
2023-09-12,0.06406565762004177,0.11469206680584554,0.07964509394572027,0.8056617954070981,958,equity
2023-09-13,0.035896972860125255,0.09193006263048017,0.08438517745302712,0.8236805845511485,958,equity
2023-09-14,0.058291235480464644,0.10979725448785642,0.07685850052798313,0.8133611404435062,947,equity
2023-09-15,0.07257830687830687,0.1047830687830688,0.08592804232804231,0.8092973544973544,945,equity
2023-09-16,0.05044910714285715,0.11166964285714287,0.08488392857142855,0.8034424603174606,1008,equity
2023-09-17,0.05281692111959288,0.0993498727735369,0.07734223918575064,0.8233117048346058,786,equity
2023-09-18,0.06520554973821988,0.1133591623036649,0.08505130890052356,0.8015832460732983,955,equity
2023-09-19,0.0664629707112971,0.10560146443514645,0.07952092050209206,0.8148734309623432,956,equity
2023-09-20,0.0496100518134715,0.10153367875647665,0.08593575129533679,0.8125295336787564,965,equity
2023-09-21,0.06700030927835053,0.09966288659793815,0.07095051546391751,0.8293835051546393,970,equity
2023-09-22,0.07303385365853658,0.11942243902439023,0.07902243902439023,0.8015482926829267,1025,equity
2023-09-23,0.06186946946946946,0.11762762762762764,0.08407407407407409,0.7982872872872874,999,equity
2023-09-24,0.03631375464684014,0.10516976456009913,0.09134200743494424,0.8034832713754646,807,equity
2023-09-25,0.042825728155339825,0.10074271844660196,0.0860376213592233,0.813234223300971,824,equity
2023-09-26,0.025925889967637547,0.10242826321467098,0.09055555555555558,0.8070215749730311,927,equity
2023-09-27,0.041129617834394915,0.10550424628450109,0.08431847133757958,0.8101815286624203,942,equity
2023-09-28,0.06862071428571427,0.09988163265306121,0.0744469387755102,0.8256632653061226,980,equity
2023-09-29,0.06370266940451749,0.10573921971252566,0.08294558521560577,0.811316221765914,974,equity
2023-09-30,0.08736929637526653,0.1288475479744136,0.0848230277185501,0.786326226012793,938,equity
2023-10-01,0.03010053705692802,0.10616756176154668,0.10351664876476903,0.7903093447905479,931,equity
2023-10-02,0.05226210191082804,0.10090658174097662,0.07554033970276006,0.8235626326963909,942,equity
2023-10-03,0.03407826086956524,0.10367762460233299,0.09714422057264048,0.7991876988335099,943,equity
2023-10-04,0.02828040685224839,0.09809100642398286,0.0838693790149893,0.8180353319057814,934,equity
2023-10-05,0.05683465665236051,0.1053959227467811,0.07854721030042916,0.8160557939914161,932,equity
2023-10-06,0.036017307692307675,0.09809615384615386,0.08427226720647775,0.8176315789473682,988,equity
2023-10-07,0.06931493362831859,0.1092278761061947,0.08132853982300886,0.8094369469026549,904,equity
2023-10-08,0.05579083710407243,0.11214366515837108,0.08434049773755659,0.8035180995475115,884,equity
2023-10-09,0.019949789029535876,0.10706856540084386,0.09200632911392406,0.8009219409282703,948,equity
2023-10-10,0.042524626865671655,0.11171002132196162,0.09265458422174838,0.7956407249466952,938,equity
2023-10-11,0.004046162046908317,0.0934179104477612,0.08284221748400852,0.823734541577825,938,equity
2023-10-12,0.03888569892473119,0.10649139784946238,0.08894408602150536,0.8045505376344086,930,equity
2023-10-13,0.03128126951092611,0.10059521331945888,0.08230280957336107,0.8171082206035378,961,equity
2023-10-14,0.07313124312431245,0.11057535753575355,0.07481298129812981,0.8145929592959298,909,equity
2023-10-15,0.05688055248618786,0.10792486187845302,0.08146519337016575,0.8106022099447513,905,equity
2023-10-16,0.05921393534002231,0.09704570791527316,0.07998996655518395,0.8229520624303234,897,equity
2023-10-17,0.06419288840262581,0.10306236323851205,0.07976148796498908,0.8171794310722104,914,equity
2023-10-18,0.02682921589688506,0.10007841031149303,0.08509881847475832,0.814827067669173,931,equity
2023-10-19,0.04053705692803438,0.0851858216970999,0.07367561761546722,0.8411353383458644,931,equity
2023-10-20,0.03617445414847162,0.09589737991266375,0.07841048034934499,0.8256823144104809,916,equity
2023-10-21,0.044642324561403525,0.09395065789473686,0.08372149122807017,0.8223289473684212,912,equity
2023-10-22,0.048869012485811596,0.10111237230419975,0.08183200908059021,0.8170522133938705,881,equity
2023-10-23,0.032743632336655594,0.09824916943521594,0.08345514950166115,0.8182890365448507,903,equity
2023-10-24,0.06026514657980457,0.09801954397394141,0.07674049945711185,0.8252399565689469,921,equity
2023-10-25,0.04875435729847494,0.10501742919389975,0.07979520697167755,0.8151917211328977,918,equity
2023-10-26,0.059635020242914984,0.10992712550607288,0.08504554655870449,0.8050273279352229,988,equity
2023-10-27,0.05523561786085152,0.10237798546209763,0.07474454828660436,0.8228805815160956,963,equity
2023-10-28,0.04849530132788561,0.10687027579162414,0.08884269662921349,0.8042829417773238,979,equity
2023-10-29,0.037044075829383884,0.10196208530805685,0.09783886255924172,0.800196682464455,844,equity
2023-10-30,0.033067695700110276,0.09842006615214997,0.08887210584343988,0.8127056229327456,907,equity
2023-10-31,0.061654239130434794,0.10416086956521743,0.07594782608695651,0.8198945652173911,920,equity
2023-11-01,0.050696327387198335,0.09527701993704092,0.07581532004197271,0.8288961175236095,953,equity
2023-11-02,0.06809191489361702,0.10611170212765958,0.08007340425531916,0.8138031914893616,940,equity
2023-11-03,0.07021930960086299,0.11678748651564184,0.07568824163969796,0.8075091693635381,927,equity
2023-11-04,0.05797132146204311,0.10391658856607315,0.07878069353327087,0.8172877225866917,1067,equity
2023-11-05,0.048392884371029246,0.10902414231257938,0.08019313850063532,0.8107789072426942,787,equity
2023-11-06,0.04345650793650794,0.10384444444444443,0.09137142857142855,0.8047830687830687,945,equity
2023-11-07,0.041358071278826,0.09503144654088046,0.0773029350104822,0.8276687631027256,954,equity
2023-11-08,0.06328379237288134,0.10685699152542374,0.07926694915254237,0.8138813559322035,944,equity
2023-11-09,0.032907218683651804,0.09308598726114649,0.0876995753715499,0.8192101910828024,942,equity
2023-11-10,0.05240734824281149,0.0998594249201278,0.07963471778487755,0.8205090521831737,939,equity
2023-11-11,0.04785458089668617,0.11353606237816764,0.09068226120857699,0.7957884990253411,1026,equity
2023-11-12,0.05286869871043377,0.103588511137163,0.08458733880422042,0.811828839390387,853,equity
2023-11-13,0.03239938524590164,0.09254098360655741,0.0853534836065574,0.8221209016393441,976,equity
2023-11-14,0.06315057113187954,0.1031277258566979,0.0773457943925234,0.8195306334371756,963,equity
2023-11-15,0.07149784102060842,0.10425122669283614,0.07993130520117764,0.8158145240431794,1019,equity
2023-11-16,0.0704487473903967,0.10413256784968683,0.0697400835073069,0.8261356993736957,958,equity
2023-11-17,0.057106156901688195,0.10250744786494541,0.08074975173783516,0.8167467725918569,1007,equity
2023-11-18,0.08700606060606063,0.1130270562770563,0.07046861471861472,0.8165010822510821,924,equity
2023-11-19,0.07541626898047724,0.10656182212581344,0.06849240780911063,0.824945770065076,922,equity
2023-11-20,0.06469174406604747,0.10508152734778123,0.07443550051599586,0.8204860681114551,969,equity
2023-11-21,0.06150019841269839,0.10606051587301583,0.08072519841269839,0.8132083333333335,1008,equity
2023-11-22,0.030072549019607858,0.10359236326109394,0.08152321981424146,0.8148813209494326,969,equity
2023-11-23,0.0784312292358804,0.11198338870431894,0.06783222591362126,0.820187707641196,1204,equity
2023-11-24,0.04918013833992095,0.10458498023715412,0.07988833992094858,0.8155217391304344,1012,equity
2023-11-25,0.08390651105651104,0.10632309582309582,0.08208230958230958,0.8115995085995087,814,equity
2023-11-26,0.07980438356164381,0.10945616438356168,0.07504931506849315,0.8154999999999998,730,equity
2023-11-27,0.09084225352112678,0.10914788732394368,0.07736720321931588,0.8134798792756541,994,equity
2023-11-28,0.0936011122345804,0.1148928210313448,0.07539332659251771,0.8096976744186049,989,equity
2023-11-29,0.041397311271975205,0.1060889348500517,0.09120785935884178,0.8027135470527403,967,equity
2023-11-30,0.063,0.11083476394849785,0.09406008583690986,0.7951169527896993,932,equity
2023-12-01,0.04837120418848167,0.10808167539267015,0.0827696335078534,0.8091455497382198,955,equity
2023-12-02,0.0793857935627081,0.11111986681465039,0.0797591564927858,0.8091043285238627,901,equity
2023-12-03,0.034921460176991166,0.09734623893805308,0.0898738938053097,0.8127710176991151,904,equity
2023-12-04,0.055271475409836054,0.1088120218579235,0.07879781420765027,0.8123857923497269,915,equity
2023-12-05,0.07708476890756304,0.1084894957983193,0.07878151260504201,0.812716386554622,952,equity
2023-12-06,0.07691286610878663,0.10901778242677825,0.07821234309623432,0.8127583682008368,956,equity
2023-12-07,0.07392440290758048,0.1012191069574247,0.07213395638629286,0.8266417445482869,963,equity
2023-12-08,0.05327012448132783,0.10287136929460582,0.08006431535269706,0.8170632780082986,964,equity
2023-12-09,0.07165989743589744,0.11202153846153846,0.07471487179487177,0.8132748717948718,975,equity
2023-12-10,0.08469357060849597,0.1180321469575201,0.08724569460390356,0.794727898966705,871,equity
2023-12-11,0.09437787056367433,0.11210229645093946,0.07292588726513571,0.8149665970772445,958,equity
2023-12-12,0.038335350318471344,0.1085180467091295,0.08510934182590234,0.8063874734607214,942,equity
2023-12-13,0.06210240722166498,0.11097392176529589,0.08227281845536612,0.8067552657973924,997,equity
2023-12-14,0.07354562438544741,0.1079046214355949,0.08137758112094395,0.8107089478859393,1017,equity
2023-12-15,0.037850517598343694,0.09872153209109731,0.08571221532091097,0.8155734989648038,966,equity
2023-12-16,0.07074804003336112,0.10611926605504586,0.07144453711426187,0.822437030859049,1199,equity
2023-12-17,0.06781368267831152,0.1079592430858806,0.08460553129548763,0.8074308588064047,687,equity
2023-12-18,0.06362707468879668,0.10579771784232365,0.07439937759336099,0.8197956431535268,964,equity
2023-12-19,0.05682550264550265,0.10446243386243388,0.07471111111111112,0.820824338624339,945,equity
2023-12-20,0.07987087857847976,0.10954985192497535,0.07555873642645607,0.8148914116485687,1013,equity
2023-12-21,0.029164389233954462,0.0993374741200828,0.08966045548654246,0.8110020703933749,966,equity
2023-12-22,0.06701796714579057,0.11696919917864478,0.07933367556468174,0.8037022587268995,974,equity
2023-12-23,0.08634724576271192,0.11123411016949152,0.07582309322033898,0.812945974576271,944,equity
2023-12-24,0.05515546875000001,0.11688828125000002,0.08402890625000001,0.7990703125000002,1280,equity
2023-12-25,0.06902047511312219,0.11967194570135746,0.08411764705882352,0.7962058823529412,884,equity
2023-12-26,0.09550161290322581,0.11391202346041054,0.07691935483870971,0.8091612903225806,682,equity
2023-12-27,0.08067359667359668,0.11594074844074845,0.08220582120582118,0.8018399168399172,962,equity
2023-12-28,0.07536196447230932,0.11136259143155698,0.07538557993730406,0.8132507836990597,957,equity
2023-12-29,0.047501975850713515,0.09992206366630077,0.08106147091108673,0.8190098792535674,911,equity
2023-12-30,0.07915550891920253,0.12307869884575026,0.08881741867785936,0.7881133263378802,953,equity
2023-12-31,0.08881736662883087,0.106155505107832,0.07379568671963677,0.8200578887627694,881,equity
2024-01-01,0.07255920770877944,0.11256316916488224,0.07274411134903642,0.8146873661670236,934,equity
2024-01-02,0.016763225806451617,0.09918602150537631,0.08125483870967742,0.8195645161290321,930,equity
2024-01-03,0.0510012711864407,0.09674576271186441,0.07911334745762712,0.8241493644067795,944,equity
2024-01-04,0.06353002070393376,0.09758074534161491,0.06906728778467908,0.8333426501035196,966,equity
2024-01-05,0.03659315352697096,0.10604979253112036,0.08290560165975105,0.8110331950207468,964,equity
2024-01-06,0.045130176899063484,0.10627055150884493,0.08376899063475546,0.8099614984391262,961,equity
2024-01-07,0.03353236607142858,0.09622433035714285,0.08658816964285712,0.8171785714285715,896,equity
2024-01-08,0.043597885835095156,0.08859830866807611,0.08016384778012688,0.8312272727272728,946,equity
2024-01-09,0.08660871413390009,0.10652391073326249,0.06816684378320938,0.825314558979809,941,equity
2024-01-10,0.06908880753138075,0.11169560669456068,0.07971966527196651,0.8085889121338912,956,equity
2024-01-11,0.08507241725175528,0.11465095285857568,0.07282046138415248,0.8125386158475425,997,equity
2024-01-12,0.034545134575569354,0.09583333333333334,0.08818737060041405,0.8159689440993785,966,equity
2024-01-13,0.06799196525515744,0.10659826275787189,0.07409229098805646,0.8193094462540716,921,equity
2024-01-14,0.06974326086956521,0.10311086956521738,0.07633804347826084,0.820554347826087,920,equity
2024-01-15,0.03968374717832958,0.09633860045146726,0.08988036117381493,0.813781038374718,886,equity
2024-01-16,0.06465375661375662,0.09284126984126982,0.07406243386243386,0.8330984126984127,945,equity
2024-01-17,0.08751059322033902,0.1194756355932203,0.0768591101694915,0.8036737288135593,944,equity
2024-01-18,0.08411332644628094,0.12019421487603307,0.07707231404958678,0.8027303719008269,968,equity
2024-01-19,0.057303834510595314,0.09621594349142285,0.0713531786074672,0.8324369323915236,991,equity
2024-01-20,0.07959206008583693,0.1150536480686695,0.07600214592274679,0.8089431330472102,932,equity
2024-01-21,0.06789030837004406,0.10659471365638766,0.07800660792951541,0.8154129955947136,908,equity
2024-01-22,0.0852165605095541,0.10488853503184711,0.06943099787685776,0.8256868365180465,942,equity
2024-01-23,0.05708977272727275,0.0984163223140496,0.07205371900826446,0.8295258264462813,968,equity
2024-01-24,0.08677795591182365,0.10282464929859719,0.07009018036072143,0.8270831663326654,998,equity
2024-01-25,0.05834571723426212,0.10760061919504646,0.0886264189886481,0.803767801857585,969,equity
2024-01-26,0.07334475890985324,0.10457966457023062,0.07579140461215933,0.8196425576519915,954,equity
2024-01-27,0.08080030120481925,0.1056957831325301,0.07067570281124497,0.8236325301204819,996,equity
2024-01-28,0.08159128440366976,0.11017087155963305,0.06790940366972475,0.8219208715596329,872,equity
2024-01-29,0.03569537037037036,0.10561316872427982,0.09016666666666669,0.8042181069958848,972,equity
2024-01-30,0.08519106967615311,0.110297350343474,0.0660323846908734,0.8236751717369973,1019,equity
2024-01-31,0.03849742828882294,0.09501879327398617,0.07622551928783382,0.8287626112759646,1011,equity
2024-02-01,0.03597615062761507,0.10686610878661086,0.09218096234309624,0.8009571129707115,956,equity
2024-02-02,0.09668110000000002,0.11883799999999994,0.075642,0.805529,1000,equity
2024-02-03,0.09020523138832996,0.11567404426559352,0.07282997987927563,0.8115020120724346,994,equity
2024-02-04,0.06937578313253012,0.1069132530120482,0.08689277108433735,0.8061975903614458,830,equity
2024-02-05,0.06171462409886715,0.10447476828012359,0.07976725025746653,0.8157548918640578,971,equity
2024-02-06,0.07868440366972479,0.10999592252803263,0.0749092762487258,0.8150937818552498,981,equity
2024-02-07,0.06503019057171516,0.10493279839518557,0.07408926780341026,0.8209809428284854,997,equity
2024-02-08,0.10886060885608859,0.11590682656826568,0.07594741697416975,0.8081476014760146,1084,equity
2024-02-09,0.10204849699398795,0.10946292585170338,0.07624549098196393,0.8142855711422846,998,equity
2024-02-10,0.120833085106383,0.11690531914893616,0.07217978723404254,0.8109117021276593,940,equity
2024-02-11,0.11645375782881001,0.1215991649269311,0.07292066805845511,0.8054780793319417,958,equity
2024-02-12,0.09105290000000002,0.12161,0.07525800000000002,0.8031280000000004,1000,equity
2024-02-13,0.08604711067580802,0.11242409402546528,0.07650734573947111,0.8110695396669935,1021,equity
2024-02-14,0.08843798283261801,0.11453218884120174,0.07029399141630903,0.8151706008583691,932,equity
2024-02-15,0.0900017324350337,0.11591819056785371,0.07785274302213668,0.8062281039461021,1039,equity
2024-02-16,0.10326208897485491,0.10731237911025143,0.06707543520309477,0.8255938104448742,1034,equity
2024-02-17,0.10260286016949152,0.1258389830508474,0.08132097457627119,0.7928432203389832,944,equity
2024-02-18,0.10326884210526315,0.10601368421052633,0.06489157894736843,0.8291105263157895,950,equity
2024-02-19,0.11142852631578945,0.1063821052631579,0.06929263157894738,0.8243221052631581,950,equity
2024-02-20,0.0816978,0.10253899999999999,0.07799900000000001,0.8194670000000001,1000,equity
2024-02-21,0.07697835748792273,0.10494492753623186,0.06836425120772945,0.8266811594202896,1035,equity
2024-02-22,0.1003834084761046,0.11038412984670876,0.07568620378719566,0.8139296663660956,1109,equity
2024-02-23,0.11200822966507175,0.1184421052631579,0.07446602870813396,0.8071052631578947,1045,equity
2024-02-24,0.10245150862068966,0.11432219827586204,0.06756250000000001,0.8181185344827585,928,equity
2024-02-25,0.1083244111349036,0.11493147751605995,0.07055246252676661,0.8145235546038543,934,equity
2024-02-26,0.1095617710583153,0.10861771058315334,0.06577213822894167,0.8256112311015119,926,equity
2024-02-27,0.11899234642497478,0.11636354481369587,0.06076837865055388,0.822865055387714,993,equity
2024-02-28,0.08432697302697303,0.10501898101898106,0.0741768231768232,0.8208031968031968,1001,equity
2024-02-29,0.09959251012145749,0.11486842105263159,0.07035323886639677,0.8147702429149799,988,equity
2024-03-01,0.08879466537342387,0.1094655674102813,0.07242774005819591,0.8181202715809891,1031,equity
2024-03-02,0.09408220164609048,0.1160956790123457,0.07226337448559672,0.8116388888888889,972,equity
2024-03-03,0.092582863340564,0.11051843817787421,0.07206399132321042,0.8174132321041214,922,equity
2024-03-04,0.09030109452736321,0.10444179104477612,0.0664149253731343,0.8291383084577113,1005,equity
2024-03-05,0.11025756048387093,0.11422479838709684,0.06897580645161291,0.8168114919354836,992,equity
2024-03-06,0.09802141434262943,0.11162649402390439,0.06735756972111552,0.8210059760956173,1004,equity
2024-03-07,0.11568790882061443,0.11034588701684839,0.07047373637264617,0.8191665014866202,1009,equity
2024-03-08,0.13466941789748033,0.11441702867072108,0.06903301476976542,0.8165386620330147,1151,equity
2024-03-09,0.1060676258992806,0.11531140801644404,0.07752106885919836,0.8071891058581707,973,equity
2024-03-10,0.09829469302809575,0.10364308012486989,0.0685483870967742,0.8278272632674298,961,equity
2024-03-11,0.08375661691542287,0.09304477611940297,0.06785373134328358,0.8391054726368161,1005,equity
2024-03-12,0.08305524475524478,0.10593306693306692,0.07376923076923077,0.8202937062937063,1001,equity
2024-03-13,0.0954128,0.109113,0.068985,0.8218890000000001,1000,equity
2024-03-14,0.0808815458937198,0.10160483091787442,0.06877681159420293,0.8296347826086962,1035,equity
2024-03-15,0.07446143540669856,0.101666028708134,0.07677416267942586,0.8215607655502395,1045,equity
2024-03-16,0.05001487513572205,0.11415309446254071,0.0853344191096634,0.8005190010857761,921,equity
2024-03-17,0.09001030818278428,0.11068119022316686,0.07388947927736453,0.8154410201912858,941,equity
2024-03-18,0.07766407563025209,0.09737710084033616,0.07055042016806724,0.8320819327731092,952,equity
2024-03-19,0.08588261738261742,0.10250149850149852,0.06554845154845157,0.8319640359640361,1001,equity
2024-03-20,0.09317919191919191,0.10579090909090909,0.07187373737373735,0.822327272727273,990,equity
2024-03-21,0.08749145383104125,0.10628781925343814,0.07448624754420434,0.8192278978389002,1018,equity
2024-03-22,0.09277389999999999,0.11080099999999997,0.074987,0.8142219999999998,1000,equity
2024-03-23,0.05830095137420721,0.11039006342494714,0.09198731501057081,0.7976321353065539,946,equity
2024-03-24,0.06593625997719497,0.10157924743443558,0.07652907639680731,0.8218893956670468,877,equity
2024-03-25,0.04981532846715328,0.0974713242961418,0.07897914494264856,0.8235443169968717,959,equity
2024-03-26,0.10135851619644727,0.11133228840125389,0.0683657262277952,0.8203019853709506,957,equity
2024-03-27,0.11281553985872858,0.11298789101917259,0.073941473259334,0.8130726538849645,991,equity
2024-03-28,0.08327782299084441,0.10500712105798578,0.0742583926754832,0.820741607324517,983,equity
2024-03-29,0.06428787255909557,0.10328365878725593,0.08465981500513875,0.8120606372045219,973,equity
2024-03-30,0.10932893235533823,0.10834474327628366,0.0738720456397718,0.817780766096169,1227,equity
2024-03-31,0.0654381679389313,0.09634503816793892,0.07230534351145038,0.831369465648855,655,equity
2024-04-01,0.08083368644067795,0.10404131355932207,0.06736122881355933,0.8286091101694916,944,equity
2024-04-02,0.08794689800210302,0.11182334384858042,0.07406834910620398,0.8141062039957937,951,equity
2024-04-03,0.07871430051813472,0.1046455958549223,0.07555958549222797,0.8197968911917098,965,equity
2024-04-04,0.09863172205438069,0.1031812688821752,0.07353877139979859,0.8232759315206447,993,equity
2024-04-05,0.06093084677419358,0.10843649193548384,0.08675504032258068,0.8047993951612904,992,equity
2024-04-06,0.05546957264957266,0.10224017094017096,0.07650683760683762,0.8212452991452991,1170,equity
2024-04-07,0.04507223837209303,0.10250290697674415,0.0865595930232558,0.810934593023256,688,equity
2024-04-08,0.06011705508474577,0.08984110169491526,0.07066843220338981,0.839491525423729,944,equity
2024-04-09,0.0987348670756646,0.11151840490797545,0.07578527607361964,0.8127075664621679,978,equity
2024-04-10,0.07654613861386135,0.10612772277227725,0.07978712871287127,0.814081188118812,1010,equity
2024-04-11,0.06613248472505093,0.1144317718940937,0.07662830957230142,0.8089439918533604,982,equity
2024-04-12,0.06649181636726546,0.10487524950099801,0.07137225548902193,0.8237534930139724,1002,equity
2024-04-13,0.06506463157894737,0.11132947368421053,0.08274105263157897,0.805938947368421,950,equity
2024-04-14,-0.03093050483351233,0.09394522019334053,0.09806229860365198,0.8079763694951665,931,equity
2024-04-15,0.05427156348373558,0.09722245540398741,0.08306505771248689,0.8197114375655824,953,equity
2024-04-16,0.0468332977588047,0.10170224119530417,0.08775667022411954,0.8105261472785484,937,equity
2024-04-17,0.08427329317269078,0.11518574297188759,0.08336244979919677,0.8014518072289153,996,equity
2024-04-18,0.07530271629778673,0.11103420523138832,0.08093259557344065,0.8080392354124747,994,equity
2024-04-19,0.032549416342412436,0.09335992217898836,0.09003307392996107,0.8166147859922177,1028,equity
2024-04-20,0.07591051606621231,0.11204771178188898,0.0828597857838364,0.8051022395326194,1027,equity
2024-04-21,0.05166442953020135,0.10512639821029084,0.08245861297539152,0.8124071588366888,894,equity
2024-04-22,0.0435217659137577,0.09483264887063654,0.07640759753593432,0.828770020533881,974,equity
2024-04-23,0.07482234580384227,0.10711324570272998,0.07409908998988875,0.8187906976744186,989,equity
2024-04-24,0.057685445026178,0.10460418848167537,0.07728062827225128,0.8181287958115185,955,equity
2024-04-25,0.050218518518518517,0.1075565843621399,0.08417489711934155,0.8082767489711932,972,equity
2024-04-26,0.08602869318181816,0.1131789772727273,0.06833049242424244,0.8184981060606061,1056,equity
2024-04-27,0.08841548672566367,0.11415486725663718,0.07357433628318584,0.8122787610619469,1130,equity
2024-04-28,0.0670562401263823,0.10932069510268563,0.08122274881516588,0.8094676145339653,633,equity
2024-04-29,0.059164835164835165,0.10007032967032967,0.07662747252747253,0.8233065934065932,910,equity
2024-04-30,0.0822888888888889,0.11495781893004116,0.0759783950617284,0.8090689300411522,972,equity
2024-05-01,0.07406520039100684,0.1191710654936462,0.08746920821114369,0.7933597262952102,1023,equity
2024-05-02,0.06454745762711864,0.1038504486540379,0.07925324027916256,0.8168933200398806,1003,equity
2024-05-03,0.07281194029850745,0.1075900497512438,0.08596716417910447,0.8064487562189054,1005,equity
2024-05-04,0.08498219727345628,0.11038251804330397,0.07374258219727345,0.81587730553328,1247,equity
2024-05-05,0.09225908346972177,0.10943535188216041,0.08007692307692309,0.8104795417348608,611,equity
2024-05-06,0.08284189473684211,0.10079263157894741,0.06951789473684211,0.8296705263157896,950,equity
2024-05-07,0.05891317122593718,0.10403343465045592,0.07531408308004052,0.8206524822695035,987,equity
2024-05-08,0.10436670135275754,0.11611758584807491,0.06821123829344432,0.8156680541103019,961,equity
2024-05-09,0.05374813278008298,0.10032780082987555,0.09013589211618259,0.8095321576763482,964,equity
2024-05-10,0.07520751802265706,0.10029248197734293,0.0830267765190525,0.8166735324407829,971,equity
2024-05-11,0.07517952941176474,0.11465254901960784,0.08369411764705881,0.8016564705882353,1275,equity
2024-05-12,0.08384901531728667,0.10753829321663022,0.07639824945295404,0.8160831509846828,457,equity
2024-05-13,0.07709349186483103,0.10375344180225278,0.06322528160200251,0.8330250312891111,799,equity
2024-05-14,0.12704280821917804,0.11532762557077622,0.06748401826484017,0.8171906392694063,876,equity
2024-05-15,0.09057096412556054,0.11753139013452915,0.07586322869955157,0.8066109865470851,892,equity
2024-05-16,0.0870684549356223,0.10841845493562231,0.07174570815450645,0.8198358369098714,932,equity
2024-05-17,0.09650348837209305,0.11279186046511629,0.07532209302325583,0.811867441860465,860,equity
2024-05-18,0.09621701199563798,0.11992257360959657,0.08606215921483096,0.7940065430752453,917,equity
2024-05-19,0.11047101827676238,0.1174503916449086,0.07167362924281985,0.8108590078328982,766,equity
2024-05-20,0.06848177623990773,0.1058246828143022,0.07831372549019605,0.8158523644752022,867,equity
2024-05-21,0.07567423033067276,0.10068643101482323,0.07163169897377422,0.8276613454960093,877,equity
2024-05-22,0.09250340659340658,0.11005164835164834,0.0803923076923077,0.8095505494505495,910,equity
2024-05-23,0.11513689217758984,0.1127198731501057,0.0728245243128964,0.8144545454545457,946,equity
2024-05-24,0.06336358574610246,0.09615478841870824,0.07569487750556793,0.8281447661469932,898,equity
2024-05-25,0.10519532627865959,0.11484920634920635,0.07108730158730157,0.8140740740740742,1134,equity
2024-05-26,0.08126655290102387,0.1072502844141069,0.07495221843003413,0.8177986348122868,879,equity
2024-05-27,0.050515417867435165,0.09764553314121038,0.07927377521613832,0.8230878962536021,694,equity
2024-05-28,0.10077001209189844,0.10447400241837969,0.07011850060459494,0.8254074969770255,827,equity
2024-05-29,0.10964336842105264,0.10942421052631579,0.07007789473684212,0.8205,950,equity
2024-05-30,0.08866954689146467,0.09984826132771342,0.07387144362486829,0.8262802950474183,949,equity
2024-05-31,0.12468045851528385,0.11667139737991271,0.06783733624454148,0.8154989082969433,916,equity
2024-06-01,0.13544351145038167,0.13416316793893124,0.07464885496183207,0.7911812977099236,1048,equity
2024-06-02,0.09184425363276087,0.10484676354029063,0.0727873183619551,0.8223685601056804,757,equity
2024-06-03,0.10917935483870962,0.10416774193548389,0.07201419354838709,0.8238270967741934,775,equity
2024-06-04,0.10947442872687707,0.1237399347116431,0.06989009793253538,0.8063819368879215,919,equity
2024-06-05,0.1311686900958466,0.11811182108626199,0.0647241746538871,0.8171618743343981,939,equity
2024-06-06,0.10648493003229274,0.11041657696447796,0.06740150699677072,0.8221862217438105,929,equity
2024-06-07,0.15015581395348832,0.11891583610188261,0.06719269102990032,0.8138914728682168,903,equity
2024-06-08,0.10055831873905423,0.11388353765323991,0.07499211908931701,0.8111366024518388,1142,equity
2024-06-09,0.09367862453531599,0.10897397769516726,0.0769553903345725,0.8140631970260221,538,equity
2024-06-10,0.056203169014084516,0.09612910798122068,0.07383098591549297,0.8300469483568075,852,equity
2024-06-11,0.09613033333333332,0.10251777777777778,0.06947777777777779,0.8280100000000004,900,equity
2024-06-12,0.0939900205761317,0.1058641975308642,0.07528189300411524,0.8188580246913579,972,equity
2024-06-13,0.0984593555093555,0.1011871101871102,0.06545841995841996,0.8333596673596674,962,equity
2024-06-14,0.12145131938125565,0.11398726114649681,0.06260418562329392,0.8234131028207461,1099,equity
2024-06-15,0.1276607076350092,0.11431750465549352,0.06672811918063316,0.818946927374301,1074,equity
2024-06-16,0.09202645051194536,0.10753412969283276,0.07992320819112626,0.8125290102389081,586,equity
2024-06-17,0.11075068493150683,0.09953108535300317,0.06261959957850369,0.8378587987355113,949,equity
2024-06-18,0.13256074240719906,0.11321147356580429,0.06857480314960628,0.8182069741282337,889,equity
2024-06-19,0.11139807228915659,0.11069638554216862,0.07568313253012048,0.8136180722891564,830,equity
2024-06-20,0.11490751322751329,0.10765079365079366,0.06111111111111111,0.8312402116402116,945,equity
2024-06-21,0.08632987012987015,0.10260865800865802,0.07342683982683983,0.8239783549783547,1155,equity
2024-06-22,0.09127974238875874,0.10515222482435599,0.07331850117096018,0.8215234192037468,854,equity
2024-06-23,0.08747648578811368,0.11043798449612405,0.06631395348837209,0.8232325581395349,774,equity
2024-06-24,0.08559447852760735,0.10070674846625773,0.06780245398773008,0.8314920245398773,815,equity
2024-06-25,0.13223874285714282,0.11192228571428575,0.06125942857142859,0.8268079999999999,875,equity
2024-06-26,0.12606398809523806,0.11436111111111112,0.06487202380952382,0.8207589285714284,1008,equity
2024-06-27,0.0630035067873303,0.10611538461538463,0.08261651583710405,0.8112680995475111,884,equity
2024-06-28,0.08462624237140366,0.1142755013077594,0.07709851787271142,0.8086251089799479,1147,equity
2024-06-29,0.10796988485385296,0.11920814880425161,0.07554118689105403,0.8052435783879535,1129,equity
2024-06-30,0.0605315619967794,0.093109500805153,0.07350885668276973,0.8333832528180355,621,equity
2024-07-01,0.08561814814814814,0.09569753086419751,0.06869506172839507,0.8356074074074071,810,equity
2024-07-02,0.07864107744107746,0.10589786756453419,0.08028170594837263,0.8138215488215488,891,equity
2024-07-03,0.10533542688910699,0.10671736997055936,0.06627968596663394,0.8270117762512267,1019,equity
2024-07-04,0.10016939834024893,0.11062344398340254,0.07085788381742737,0.8184968879668046,964,equity
2024-07-05,0.06778452696728557,0.10275419982316535,0.08463395225464189,0.8126180371352785,1131,equity
2024-07-06,0.10733073341094296,0.11286495925494762,0.06762630966239813,0.8195238649592548,859,equity
2024-07-07,0.06931882352941177,0.10474705882352942,0.07901568627450982,0.8162392156862744,510,equity
2024-07-08,0.10307139761646802,0.11442036836403034,0.07809100758396535,0.8074821235102927,923,equity
2024-07-09,0.10410298013245031,0.10469977924944811,0.06939514348785872,0.8258973509933777,906,equity
2024-07-10,0.10556993865030671,0.11276482617586914,0.06655010224948874,0.8206656441717791,978,equity
2024-07-11,0.09366038500506586,0.10914589665653499,0.07293819655521784,0.8179057750759877,987,equity
2024-07-12,0.09977374031007752,0.11792829457364341,0.0690823643410853,0.8129951550387595,1032,equity
2024-07-13,0.09018410138248847,0.10655529953917055,0.07186520737327186,0.8215817972350232,868,equity
2024-07-14,0.014215714285714292,0.09153214285714285,0.10092499999999997,0.8075464285714288,840,equity
2024-07-15,0.055458051689860836,0.10292942345924454,0.0773041749502982,0.8197693836978129,1006,equity
2024-07-16,0.12425194228634848,0.12064594894561595,0.06796670366259712,0.8113851276359602,901,equity
2024-07-17,0.06712226066897346,0.10594694348327569,0.07801614763552482,0.8160403690888121,867,equity
2024-07-18,0.08818466386554621,0.102968487394958,0.06960714285714287,0.8274243697478992,952,equity
2024-07-19,0.06672927689594353,0.10915608465608467,0.07878659611992946,0.81205291005291,1134,equity
2024-07-20,0.0604813911472448,0.1089557362240289,0.08423486901535683,0.8068157181571816,1107,equity
2024-07-21,0.037974999999999995,0.0950773381294964,0.08109712230215828,0.8238093525179854,556,equity
2024-07-22,0.07886694367497692,0.09938965835641737,0.06678485687903969,0.8338227146814404,1083,equity
2024-07-23,0.053459840425531924,0.09173670212765958,0.0775558510638298,0.8307034574468085,752,equity
2024-07-24,0.05952095933263816,0.10338060479666322,0.08415432742440042,0.8124619395203336,959,equity
2024-07-25,0.037750365726227794,0.09265621734587252,0.08502925809822362,0.8223187042842216,957,equity
2024-07-26,0.10605435720448664,0.1074288179465056,0.06879637618636757,0.8237782571182052,1159,equity
2024-07-27,0.0694372269705603,0.11061538461538463,0.0841187084520418,0.8052687559354229,1053,equity
2024-07-28,0.08543218045112785,0.1165082706766917,0.08159699248120302,0.8019082706766918,665,equity
2024-07-29,0.08725228113440198,0.105288532675709,0.065577065351418,0.8291307028360045,811,equity
2024-07-30,0.04522107438016531,0.10714462809917356,0.08659090909090908,0.8062592975206614,968,equity
2024-07-31,0.07946413502109706,0.10855063291139239,0.07182805907172995,0.8196107594936709,948,equity
2024-08-01,0.08745234619395204,0.1088915537017727,0.07351511991657975,0.8175974973931178,959,equity
2024-08-02,0.06499231536926148,0.11287724550898202,0.08942714570858287,0.797705588822355,1002,equity
2024-08-03,0.09094191106906344,0.11244560075685908,0.07820624408703879,0.8093538315988643,1057,equity
2024-08-04,0.042736036036036054,0.10386357786357786,0.09277220077220076,0.8033732303732304,777,equity
2024-08-05,0.021860249042145608,0.10043773946360149,0.08867816091954027,0.8108936781609196,1044,equity
2024-08-06,0.046248140900195696,0.10354403131115457,0.08499706457925635,0.8114598825831703,1022,equity
2024-08-07,0.055031287726358145,0.09617203219315895,0.08970020120724344,0.8141317907444666,994,equity
2024-08-08,0.08334036144578313,0.11297891566265059,0.07929518072289155,0.8077399598393574,996,equity
2024-08-09,0.09462081784386621,0.12363568773234199,0.07844795539033454,0.7979200743494422,1076,equity
2024-08-10,0.08159402546523012,0.11456807051909891,0.07692556317335947,0.8085279138099899,1021,equity
2024-08-11,0.06916315049226443,0.10983825597749648,0.08465260196905766,0.8055232067510548,711,equity
2024-08-12,0.046136514522821574,0.10750103734439835,0.08239522821576763,0.8101089211618256,964,equity
2024-08-13,0.02905788423153695,0.09843512974051895,0.09331137724550895,0.8082704590818363,1002,equity
2024-08-14,0.061208773784355186,0.10650000000000001,0.07666067653276955,0.8168456659619452,946,equity
2024-08-15,0.09764237954768926,0.11132153392330384,0.07347787610619469,0.8152015732546708,1017,equity
2024-08-16,0.1063103921568627,0.11680686274509801,0.07602549019607842,0.8071784313725492,1020,equity
2024-08-17,0.08983956133225023,0.11617709179528835,0.07703249390739236,0.80678716490658,1231,equity
2024-08-18,0.10457419962335215,0.1370320150659134,0.07872881355932204,0.784235404896422,531,equity
2024-08-19,0.07155243644067794,0.10559851694915255,0.07737711864406778,0.8170233050847459,944,equity
2024-08-20,0.09943037433155076,0.10842459893048133,0.06644919786096257,0.8251304812834228,935,equity
2024-08-21,0.08884633123689728,0.11000838574423483,0.07260796645702307,0.8173815513626836,954,equity
2024-08-22,0.10660675818373813,0.11064730728616683,0.06724181626187964,0.8221246040126715,947,equity
2024-08-23,0.1177874208144797,0.11670226244343893,0.07081447963800905,0.8124914027149323,1105,equity
2024-08-24,0.0991375979112271,0.12080591818973023,0.08477110530896431,0.794430809399478,1149,equity
2024-08-25,0.08551043723554301,0.10814668547249648,0.06593229901269393,0.8259139633286319,709,equity
2024-08-26,0.08082332968236582,0.10249507119386639,0.06916648411829135,0.8283472070098575,913,equity
2024-08-27,0.0970318681318681,0.11265567765567767,0.06567765567765568,0.8216727716727716,819,equity
2024-08-28,0.10190060606060604,0.1123070707070707,0.07418787878787879,0.8135020202020204,990,equity
2024-08-29,0.07143069207622867,0.10358876629889666,0.07936108324974923,0.8170401203610833,997,equity
2024-08-30,0.0598195652173913,0.10256340579710146,0.0774836956521739,0.8199710144927537,1104,equity
2024-08-31,0.06266940602115537,0.10730756712774618,0.08896175752644427,0.8037485760781116,1229,equity
2024-09-01,0.1000883422459893,0.11813903743315508,0.0753144385026738,0.8065593582887701,935,equity
2024-09-02,0.06491001317523055,0.10073913043478262,0.07795520421607377,0.8213017127799735,759,equity
2024-09-03,0.06270847457627121,0.10279506933744224,0.08036363636363637,0.8168366718027738,649,equity
2024-09-04,0.03296980952380952,0.0935104761904762,0.07780571428571428,0.8286742857142857,1050,equity
2024-09-05,0.05725075376884422,0.10481909547738698,0.08027035175879396,0.8149145728643213,995,equity
2024-09-06,0.07488006902502156,0.10465228645383952,0.07547540983606559,0.8198705780845559,1159,equity
2024-09-07,0.059270570570570565,0.11741441441441444,0.0892282282282282,0.7933553553553553,999,equity
2024-09-08,0.04965462328767124,0.09385616438356165,0.08767123287671232,0.818470890410959,584,equity
2024-09-09,0.06122930693069304,0.1059207920792079,0.0766306930693069,0.8174574257425744,1010,equity
2024-09-10,0.0765853575482406,0.09914642451759367,0.0727264472190692,0.8281191827468783,881,equity
2024-09-11,0.05758,0.10974463276836156,0.08704180790960453,0.8032135593220341,885,equity
2024-09-12,0.08582179341657205,0.11413053348467651,0.06798070374574344,0.8178944381384792,881,equity
2024-09-13,0.08971316553727006,0.11144627299128754,0.07075217812197485,0.8178092933204263,1033,equity
2024-09-14,0.09860436607892528,0.11725356842989085,0.0758690176322418,0.8068891687657431,1191,equity
2024-09-15,0.08682054108216429,0.11333466933867731,0.09218937875751503,0.7944769539078158,998,equity
2024-09-16,0.09684317789291882,0.10877029360967184,0.07387737478411055,0.8173696027633851,579,equity
2024-09-17,0.07940828779599268,0.11052914389799634,0.08119307832422586,0.8082759562841528,1098,equity
2024-09-18,0.08048233695652171,0.10925271739130436,0.07726902173913044,0.8135000000000001,736,equity
2024-09-19,0.04007510000000001,0.10309499999999998,0.091112,0.8057860000000001,1000,equity
2024-09-20,0.06585624133148403,0.10133356449375869,0.0788356449375867,0.8198335644937585,1442,equity
2024-09-21,0.11264887365328101,0.1118168462291871,0.07250636630754159,0.8156758080313418,1021,equity
2024-09-22,0.08595042630937881,0.10874665042630942,0.06542752740560295,0.8258197320341049,821,equity
2024-09-23,0.08363951701427007,0.1085664105378705,0.07032930845225027,0.8210987925356755,911,equity
2024-09-24,0.07682391826923077,0.10481490384615383,0.07283293269230766,0.8223497596153846,832,equity
2024-09-25,0.09698035470668487,0.10665347885402457,0.07468485675306956,0.8186643929058661,733,equity
2024-09-26,0.09317785407725322,0.11616995708154504,0.07496909871244638,0.808867811158798,1165,equity
2024-09-27,0.1100314183123878,0.11567953321364455,0.07172890484739677,0.8125960502693,1114,equity
2024-09-28,0.11346604651162785,0.11378976744186046,0.07746790697674417,0.8087506976744181,1075,equity
2024-09-29,0.06500133333333333,0.10212666666666667,0.07709599999999998,0.8207773333333332,750,equity
2024-09-30,0.05192967525195971,0.10476483762597985,0.07342105263157894,0.8218174692049274,893,equity
2024-10-01,0.0858224489795919,0.11030504833512352,0.07984103114930183,0.8098528464017186,931,equity
2024-10-02,0.059378675496688745,0.10725827814569538,0.07835099337748343,0.8143854304635763,755,equity
2024-10-03,0.059219854721549635,0.10677845036319611,0.0832687651331719,0.8099297820823246,826,equity
2024-10-04,0.06743175718849838,0.10776293929712466,0.08295335463258792,0.8092792332268367,1565,equity
2024-10-05,0.06594267352185089,0.10447557840616968,0.0795192802056555,0.816016709511568,778,equity
2024-10-06,0.07777833859095688,0.1023091482649842,0.08152155625657205,0.8161724500525761,951,equity
2024-10-07,0.06093891352549891,0.0956119733924612,0.07262638580931262,0.8317671840354766,902,equity
2024-10-08,0.08437794432548179,0.11200214132762311,0.06933511777301926,0.8186605995717344,934,equity
2024-10-09,0.07418002481389577,0.10306079404466499,0.07179032258064516,0.8251550868486353,806,equity
2024-10-10,0.044013250714966645,0.10034318398474737,0.07802478551000953,0.8216406101048619,1049,equity
2024-10-11,0.06123506988564169,0.10411689961880559,0.07386785260482845,0.8220228716645491,787,equity
2024-10-12,0.0810391833810888,0.10865687679083093,0.08264541547277936,0.8087106017191974,1396,equity
2024-10-13,0.06826393210749648,0.11242432814710043,0.0736874115983027,0.8138826025459687,707,equity
2024-10-14,0.084572807991121,0.10512319644839067,0.06863706992230856,0.826243063263041,901,equity
2024-10-15,0.11415849889624723,0.11098454746136865,0.07080132450331128,0.8182218543046356,906,equity
2024-10-16,0.08850828571428573,0.11557904761904762,0.06955999999999998,0.8148609523809527,1050,equity
2024-10-17,0.0753649857278782,0.10664224548049478,0.07650523311132254,0.8168544243577547,1051,equity
2024-10-18,0.09448919382504285,0.11085677530017155,0.07582332761578045,0.8133370497427101,1166,equity
2024-10-19,0.11083919129082423,0.11857542768273717,0.06936236391912907,0.8120715396578538,643,equity
2024-10-20,0.1224172801635992,0.10745092024539876,0.06554294478527609,0.82699591002045,978,equity
2024-10-21,0.09934159378036933,0.11245772594752187,0.06860835762876578,0.8189329446064134,1029,equity
2024-10-22,0.07699937810945275,0.10438432835820895,0.07546890547263684,0.8201592039800996,804,equity
2024-10-23,0.09958780737704918,0.10795901639344264,0.07998668032786883,0.8120604508196722,976,equity
2024-10-24,0.11380232365145226,0.11184066390041496,0.07380663900414938,0.814365975103734,1205,equity
2024-10-25,0.08103297872340422,0.10896926713947992,0.08334397163120566,0.8076938534278961,846,equity
2024-10-26,0.08905051935788481,0.10811898016997167,0.07277903682719547,0.8191048158640224,1059,equity
2024-10-27,0.10810841514726507,0.10926086956521738,0.06947124824684434,0.8212580645161293,713,equity
2024-10-28,0.11174999999999997,0.11317287784679095,0.06615217391304348,0.8206728778467913,966,equity
2024-10-29,0.1243334494773519,0.10937166085946574,0.06964343786295009,0.8209802555168411,861,equity
2024-10-30,0.11563384991843388,0.12278384991843397,0.07434094616639478,0.8028792822185971,1226,equity
2024-10-31,0.08222500000000002,0.11096972656250001,0.07549511718750002,0.8135410156250003,1024,equity
2024-11-01,0.05951457564575646,0.10909594095940961,0.08622509225092251,0.8046780442804428,1084,equity
2024-11-02,0.08362218905472638,0.10944079601990052,0.07767363184079602,0.812887562189055,1005,equity
2024-11-03,0.07672449748743718,0.11054899497487439,0.07656532663316583,0.8128869346733671,796,equity
2024-11-04,0.11270387499999998,0.11635625000000001,0.0632925,0.8203625,800,equity
2024-11-05,0.11265542949756889,0.11105996758508914,0.07097406807131282,0.8179578606158833,617,equity
2024-11-06,0.08479867549668871,0.1097426679280984,0.07548912015137181,0.8147710501419111,1057,equity
2024-11-07,0.12515207792207791,0.11273246753246753,0.06818961038961038,0.8190896103896105,770,equity
2024-11-08,0.08718899371069186,0.10443396226415094,0.07074842767295599,0.8248246855345911,1272,equity
2024-11-09,0.09967148936170213,0.11406382978723408,0.07836702127659576,0.8075585106382979,940,equity
2024-11-10,0.141337865497076,0.12016228070175439,0.06588157894736842,0.8139590643274854,684,equity
2024-11-11,0.10713796526054596,0.10566004962779157,0.06669975186104221,0.8276377171215881,806,equity
2024-11-12,0.14256310043668122,0.12042467248908297,0.06487772925764194,0.8147052401746726,916,equity
2024-11-13,0.1242934267241379,0.11285344827586205,0.0670571120689655,0.820094827586207,928,equity
2024-11-14,0.09681715246636771,0.10873878923766817,0.06870291479820628,0.8225627802690584,892,equity
2024-11-15,0.08518364839319471,0.11177977315689978,0.0783194706994329,0.8099017013232516,1058,equity
2024-11-16,0.10746009104704092,0.11641198786039453,0.0751578148710167,0.8084226100151745,1318,equity
2024-11-17,0.07773328591749645,0.11830583214793743,0.07973684210526316,0.8019573257467993,703,equity
2024-11-18,0.06215066666666667,0.09845200000000004,0.07271999999999999,0.828832,750,equity
2024-11-19,0.1018690758293839,0.11044312796208533,0.06420142180094789,0.8253447867298578,844,equity
2024-11-20,0.08005268817204303,0.10473870967741937,0.06910000000000001,0.8261645161290323,930,equity
2024-11-21,0.11029482948294826,0.11588338833883384,0.07197249724972496,0.8121617161716171,909,equity
2024-11-22,0.08973235294117644,0.11534287925696596,0.08484055727554184,0.7998273993808053,1292,equity
2024-11-23,0.11910780532598712,0.12659871441689619,0.08034894398530762,0.7930651974288336,1089,equity
2024-11-24,0.1121649386084584,0.11753478854024552,0.06297680763983629,0.8194870395634377,733,equity
2024-11-25,0.14687515657620043,0.12272025052192068,0.05886638830897702,0.8184112734864301,479,equity
2024-11-26,0.02786122448979593,0.10092006802721089,0.09546768707482992,0.8036181972789114,1176,equity
2024-11-27,0.09474258639910814,0.11118394648829433,0.06961204013377925,0.8191939799331106,897,equity
2024-11-28,0.09509599236641221,0.11225381679389312,0.07569083969465648,0.812051526717557,1048,equity
2024-11-29,0.08177767857142858,0.11394047619047622,0.08168452380952382,0.8043839285714286,1008,equity
2024-11-30,0.0902784250269687,0.11058360302049625,0.07541747572815535,0.8140151024811217,927,equity
2024-12-01,0.08252041467304624,0.10663157894736842,0.07596969696969698,0.8174066985645931,627,equity
2024-12-02,0.08979520547945205,0.10921095890410962,0.0753972602739726,0.815395890410959,730,equity
2024-12-03,0.08267272727272729,0.10474025974025974,0.07657251082251083,0.8186980519480518,924,equity
2024-12-04,0.10978473118279575,0.11878924731182794,0.0812301075268817,0.799983870967742,930,equity
2024-12-05,0.08376341201716736,0.10827682403433472,0.07497639484978541,0.81675,932,equity
2024-12-06,0.12475782312925171,0.12994472789115644,0.0792295918367347,0.7908299319727887,1176,equity
2024-12-07,0.12757169159953968,0.12401956271576528,0.07600115074798619,0.7999861910241658,869,equity
2024-12-08,0.13464880319148936,0.11654787234042557,0.06891356382978725,0.814534574468085,752,equity
2024-12-09,0.06991483715319664,0.10565138721351026,0.08114113389626056,0.8132026537997585,829,equity
2024-12-10,0.08031414581066376,0.1112796517954298,0.08255059847660498,0.8061610446137107,919,equity
2024-12-11,0.11036796536796542,0.11579545454545458,0.07097294372294373,0.8132261904761905,924,equity
2024-12-12,0.07350566448801747,0.10305119825708063,0.06933115468409588,0.8276176470588237,918,equity
2024-12-13,0.09467364016736397,0.12114016736401674,0.07848744769874479,0.8003838912133892,956,equity
2024-12-14,0.0630881682109765,0.10721026372059876,0.07770277975766215,0.8150898075552387,1403,equity
2024-12-15,0.1245753623188406,0.1187230273752013,0.06369565217391301,0.817571658615137,621,equity
2024-12-16,0.08921819425444599,0.10216415868673052,0.06827496580027359,0.8295663474692203,731,equity
2024-12-17,0.11266877076411963,0.1157718715393134,0.06543410852713179,0.8187862679955705,903,equity
2024-12-18,0.07165957873620864,0.10794684052156468,0.07465897693079235,0.8173921765295891,997,equity
2024-12-19,0.055642099567099576,0.09787878787878791,0.07900000000000003,0.8231352813852811,924,equity
2024-12-20,0.05994701815038895,0.0987199654278306,0.08236041486603284,0.8189239412273122,1157,equity
2024-12-21,0.08440637583892616,0.11108892617449663,0.07390016778523488,0.8150134228187919,1192,equity
2024-12-22,0.07363965763195435,0.10898573466476462,0.07634807417974324,0.8146562054208273,701,equity
2024-12-23,0.07264108858057634,0.10027641408751334,0.07753255069370334,0.822196371398079,937,equity
2024-12-24,0.0785295698924731,0.12099103942652331,0.07759318996415772,0.8014184587813622,1116,equity
2024-12-25,0.09404702450408398,0.11863710618436407,0.07685414235705948,0.8045087514585766,857,equity
2024-12-26,0.0827551075268817,0.10188844086021505,0.07390725806451613,0.8242002688172045,744,equity
2024-12-27,0.083477117384844,0.10700445765230314,0.07405794947994054,0.8189420505200591,673,equity
2024-12-28,0.08049751693002256,0.11323401053423626,0.07877577125658389,0.807989465763732,1329,equity
2024-12-29,0.024444144144144146,0.09315135135135132,0.08419819819819821,0.8226486486486485,555,equity
2024-12-30,0.05076739606126913,0.10401969365426694,0.0786466083150985,0.8173457330415753,914,equity
2024-12-31,0.05630494559841738,0.10724431256181999,0.0747734915924827,0.8179802176063302,1011,equity
2025-01-01,0.08636536412078152,0.11673889875666076,0.08389698046181174,0.7993872113676732,563,equity
2025-01-02,0.09678720573183212,0.11552405322415558,0.0804216990788127,0.8040511770726716,977,equity
2025-01-03,0.10369524647887324,0.11803609154929583,0.06920862676056339,0.8127526408450703,1136,equity
2025-01-04,0.09384355769230768,0.11745192307692312,0.07573942307692308,0.8068038461538464,1040,equity
2025-01-05,0.08237507598784195,0.10814893617021275,0.08256838905775078,0.8092811550151975,658,equity
2025-01-06,0.10109779220779222,0.11176363636363637,0.06219740259740259,0.8260402597402596,770,equity
2025-01-07,0.0904747346072187,0.11273566878980895,0.07250318471337579,0.8147505307855625,942,equity
2025-01-08,0.04320678294573643,0.1027732558139535,0.08729457364341085,0.8099350775193797,1032,equity
2025-01-09,0.0700544155844156,0.10678831168831167,0.08375454545454546,0.8094662337662336,770,equity
2025-01-10,0.032036051502145946,0.1015587982832618,0.08687296137339055,0.8115836909871241,1165,equity
2025-01-11,0.06503275154004105,0.11270123203285423,0.07520533880903488,0.8120944558521559,974,equity
2025-01-12,0.0623886018237082,0.09477203647416414,0.07671884498480243,0.8285197568389057,658,equity
2025-01-13,0.06204888059701496,0.09819402985074624,0.07684203980099502,0.8249701492537312,804,equity
2025-01-14,0.073137032967033,0.10194945054945058,0.07190219780219781,0.826157142857143,910,equity
2025-01-15,0.08240132248219735,0.1134913530010173,0.08548016276703968,0.8010233977619532,983,equity
2025-01-16,0.07297642706131079,0.10573890063424947,0.07921353065539113,0.8150507399577166,946,equity
2025-01-17,0.08047989778534924,0.10304344122657584,0.07097955706984668,0.8259846678023853,1174,equity
2025-01-18,0.08892369765066394,0.11066905005107253,0.08002145045965273,0.8093197139938707,979,equity
2025-01-19,0.06616796368352788,0.10645525291828793,0.07880025940337222,0.814745784695201,771,equity
2025-01-20,0.0588375,0.10071830985915493,0.07249471830985915,0.8267781690140842,568,equity
2025-01-21,0.07894559643255292,0.11415719063545154,0.07387290969899667,0.8119855072463769,897,equity
2025-01-22,0.08608538461538459,0.10978021978021979,0.08021538461538465,0.810002197802198,910,equity
2025-01-23,0.05969128959276018,0.10693212669683261,0.08645135746606335,0.8066255656108599,884,equity
2025-01-24,0.07342117552334942,0.10588486312399358,0.0734621578099839,0.8206626409017714,1242,equity
2025-01-25,0.05456393442622953,0.09988875878220144,0.08468852459016392,0.815434426229508,854,equity
2025-01-26,0.09226765217391307,0.10634086956521739,0.06964869565217392,0.8240052173913044,575,equity
2025-01-27,0.05370511770726714,0.1013336745138178,0.0849477993858751,0.8137215967246675,977,equity
2025-01-28,0.07298088235294117,0.10814915966386557,0.08277521008403366,0.8090703781512604,952,equity
2025-01-29,0.050804162219850596,0.10484738527214515,0.07596691568836714,0.8191889007470654,937,equity
2025-01-30,0.04831574468085104,0.09880425531914894,0.07580744680851065,0.825396808510638,940,equity
2025-01-31,0.053582435344827595,0.10252693965517243,0.08490625,0.8125668103448274,928,equity
2025-02-01,0.045739891304347836,0.11506304347826089,0.08825760869565216,0.7966858695652174,920,equity
2025-02-02,0.03227643979057593,0.10618429319371726,0.08593717277486913,0.8078774869109946,955,equity
2025-02-03,0.044286483739837415,0.10414532520325205,0.08461077235772356,0.8112388211382114,984,equity
2025-02-04,0.051474002047082905,0.10753428863868987,0.08158546571136133,0.8108833162743091,977,equity
2025-02-05,0.06112997967479674,0.1060487804878049,0.08574593495934958,0.8081941056910568,984,equity
2025-02-06,0.09309696663296253,0.11392821031344787,0.07877957532861478,0.8072901921132459,989,equity
2025-02-07,0.09126815286624204,0.11061889596602971,0.07488747346072187,0.8144904458598724,942,equity
2025-02-08,0.06395833333333333,0.10777014652014655,0.07943223443223445,0.8127985347985353,1092,equity
2025-02-09,0.11010708661417325,0.120250656167979,0.06964566929133857,0.8101115485564306,762,equity
2025-02-10,0.061693930041152256,0.11228497942386831,0.0892829218106996,0.7984187242798355,972,equity
2025-02-11,0.06449053627760251,0.10639852786540481,0.07875499474237645,0.8148443743427972,951,equity
2025-02-12,0.07738631256384065,0.1065556690500511,0.07836874361593461,0.8150786516853933,979,equity
2025-02-13,0.08576626626626625,0.12160060060060053,0.07966866866866867,0.798730730730731,999,equity
2025-02-14,0.06538125996810208,0.10411802232854864,0.08466507177033494,0.8112232854864431,1254,equity
2025-02-15,0.09033327120223673,0.10904659832246039,0.07792264678471576,0.8130288909599254,1073,equity
2025-02-16,0.08956836734693878,0.10296938775510206,0.07681292517006803,0.8202176870748301,882,equity
2025-02-17,0.06750827285921626,0.09808127721335269,0.08212917271407838,0.8198084179970974,689,equity
2025-02-18,0.06570471938775511,0.10080867346938774,0.07465051020408163,0.8245510204081635,784,equity
2025-02-19,0.0833795116772824,0.11147558386411892,0.07976326963906584,0.8087813163481954,942,equity
2025-02-20,0.08352816479400747,0.12251086142322097,0.0786187265917603,0.7988741573033705,1335,equity
2025-02-21,0.07159624060150376,0.10289285714285715,0.08467669172932331,0.812437969924812,532,equity
2025-02-22,0.11462870159453303,0.12321867881548977,0.08262642369020502,0.794138952164009,439,equity
2025-02-23,0.045551063829787235,0.10796453900709219,0.0922695035460993,0.7997765957446811,564,equity
2025-02-24,0.026637923497267763,0.10603606557377046,0.09218142076502735,0.8017956284153007,915,equity
2025-02-25,0.03669753593429159,0.10813963039014374,0.09639733059548254,0.7954763860369611,974,equity
2025-02-26,0.05627702265372166,0.10287594390507011,0.08122222222222222,0.8158985976267529,927,equity
2025-02-27,0.0736918283963228,0.11381307456588356,0.07813585291113381,0.8080541368743618,979,equity
2025-02-28,0.057343560209424035,0.11244712041884816,0.08804293193717277,0.7995183246073301,955,equity
2025-03-01,0.037428435672514644,0.10923611111111109,0.08933187134502923,0.80144298245614,1368,equity
2025-03-02,0.01774212678936604,0.10168098159509201,0.10034151329243353,0.7979938650306748,489,equity
2025-03-03,0.017097883064516123,0.09226612903225806,0.09035887096774196,0.8173800403225806,992,equity
2025-03-04,0.053082638888888874,0.10437599206349206,0.0851051587301587,0.8105198412698412,1008,equity
2025-03-05,0.07748091528724443,0.1065404089581305,0.07765043816942553,0.8158276533592992,1027,equity
2025-03-06,0.027853818615751796,0.10631861575178997,0.09642482100238665,0.7972482100238663,838,equity
2025-03-07,0.03411213720316625,0.10420492524186457,0.0944564643799472,0.8013280562884786,1137,equity
2025-03-08,0.06058109339407742,0.11112186788154894,0.08424487471526194,0.8046400911161733,878,equity
2025-03-09,0.032807496823379946,0.10118551461245236,0.08431385006353241,0.8145082592121982,787,equity
2025-03-10,0.02887394136807818,0.0959847991313789,0.08372312703583062,0.8202931596091207,921,equity
2025-03-11,0.025539653304442057,0.10741711809317445,0.08753629469122425,0.8050487540628385,923,equity
2025-03-12,0.029623415682062296,0.1048152524167562,0.09015467239527393,0.8050332975295382,931,equity
2025-03-13,0.06834386339381002,0.115735325506937,0.08670330843116329,0.7975645677694773,937,equity
2025-03-14,0.03756571146245061,0.10567193675889325,0.08987747035573122,0.804451581027668,1012,equity
2025-03-15,0.06232785947712418,0.11163235294117645,0.07865849673202614,0.8097116013071894,1224,equity
2025-03-16,0.023706818181818183,0.10787603305785126,0.09779132231404959,0.7943388429752067,484,equity
2025-03-17,0.04168284360189574,0.09375639810426539,0.07554123222748815,0.8306985781990522,1055,equity
2025-03-18,0.05968333333333332,0.11145772946859904,0.08719565217391309,0.8013514492753626,828,equity
2025-03-19,0.038275081967213125,0.10139125683060107,0.08632568306010932,0.8122939890710381,915,equity
2025-03-20,0.03306382189239333,0.10036178107606678,0.09565213358070501,0.8039842300556586,1078,equity
2025-03-21,0.04820811030008109,0.11072749391727497,0.08542903487429038,0.8038459042984593,1233,equity
2025-03-22,0.05296550116550117,0.1024825174825175,0.08275058275058275,0.8147773892773897,858,equity
2025-03-23,0.07411158620689656,0.11571724137931035,0.0808951724137931,0.8033820689655172,725,equity
2025-03-24,0.04217585170340681,0.10378957915831663,0.08636072144288576,0.8098557114228458,998,equity
2025-03-25,0.0434963911525029,0.10459371362048894,0.08917229336437722,0.8062491268917347,859,equity
2025-03-26,0.04388719424460431,0.10382014388489214,0.08811942446043167,0.8080604316546763,695,equity
2025-03-27,0.026450592216582074,0.09866610265087422,0.08704230118443317,0.8142961082910323,1773,equity
2025-03-28,0.15000000000000002,0.37250000000000005,0.213125,0.414375,16,equity
2025-03-29,0.10666666666666669,0.4066666666666666,0.29333333333333333,0.3,15,equity
2025-03-30,0.04210526315789475,0.3636842105263158,0.31894736842105265,0.3173684210526315,19,equity
2025-03-31,-0.13333333333333336,0.2711111111111111,0.4127777777777778,0.3161111111111111,18,equity
2025-04-01,-0.10666666666666669,0.24333333333333332,0.35666666666666663,0.4,15,equity
2025-04-02,0.0,0.4425,0.4425,0.11500000000000002,16,equity
2025-04-03,-0.13333333333333336,0.3127777777777778,0.45444444444444443,0.2327777777777778,18,equity
2025-04-04,-0.10666666666666669,0.3086666666666667,0.422,0.26933333333333337,15,equity
2025-04-05,0.0,0.4044444444444444,0.4044444444444444,0.19111111111111112,18,equity
2025-04-06,0.2285714285714286,0.5057142857142857,0.2628571428571428,0.23142857142857148,14,equity
2025-04-07,0.4,0.5535714285714286,0.1285714285714286,0.3178571428571429,14,equity
2025-04-08,-0.05333333333333335,0.3466666666666667,0.4033333333333333,0.25000000000000006,15,equity
2025-04-09,0.0,0.4068181818181818,0.4068181818181818,0.1863636363636364,22,equity
2025-04-10,0.25,0.49062500000000003,0.225,0.28437500000000004,16,equity
2025-04-11,0.12307692307692308,0.4315384615384615,0.3007692307692308,0.26769230769230773,13,equity
2025-04-12,0.16000000000000003,0.41000000000000003,0.24000000000000005,0.35,15,equity
2025-04-13,-0.044444444444444446,0.40166666666666667,0.4488888888888888,0.14944444444444444,18,equity
2025-04-14,9.654113257610057e-18,0.33826086956521734,0.33826086956521745,0.3234782608695652,23,equity
2025-04-15,0.0,0.35000000000000003,0.35000000000000003,0.30000000000000004,6,equity
2025-04-16,0.12631578947368424,0.46315789473684216,0.32894736842105265,0.2078947368421053,19,equity
2025-04-17,-0.16000000000000003,0.30533333333333335,0.47533333333333333,0.21933333333333332,15,equity
2025-04-18,0.13333333333333333,0.27166666666666667,0.13,0.5983333333333334,6,equity
2025-04-19,-0.17777777777777778,0.22666666666666668,0.41555555555555557,0.3577777777777778,18,equity
2025-04-20,0.16842105263157894,0.3957894736842105,0.2168421052631579,0.38736842105263153,19,equity
2025-04-21,-0.16000000000000003,0.24000000000000005,0.41,0.35,10,equity
2025-04-22,0.13333333333333333,0.3583333333333334,0.2166666666666667,0.425,12,equity
2025-04-23,0.07272727272727274,0.3195454545454546,0.24227272727272728,0.43818181818181806,22,equity
2025-04-24,-0.3733333333333333,0.14200000000000002,0.5386666666666666,0.3193333333333334,15,equity
2025-04-25,0.1,0.38750000000000007,0.28125,0.33125000000000004,8,equity
2025-04-26,-0.16000000000000003,0.21400000000000002,0.384,0.40199999999999997,20,equity
2025-04-27,-0.044444444444444446,0.31833333333333336,0.3655555555555556,0.3161111111111111,18,equity
2025-04-28,0.09411764705882353,0.42823529411764705,0.32823529411764707,0.2435294117647059,17,equity
2025-04-29,0.08000000000000003,0.48,0.395,0.12500000000000003,10,equity
2025-04-30,-0.05714285714285715,0.2571428571428572,0.3178571428571429,0.425,14,equity
2025-05-01,-0.064,0.33599999999999997,0.4039999999999999,0.26,25,equity
2025-05-02,0.3428571428571429,0.6035714285714285,0.2392857142857143,0.15714285714285717,14,equity
2025-05-03,-0.13333333333333336,0.2166666666666667,0.35833333333333334,0.42500000000000004,12,equity
2025-05-04,2.0185873175002847e-17,0.44090909090909086,0.44090909090909086,0.11818181818181818,11,equity
2025-05-05,-0.13333333333333336,0.22944444444444448,0.3711111111111111,0.39944444444444444,18,equity
2025-05-06,0.11428571428571431,0.46142857142857147,0.33999999999999997,0.1985714285714286,14,equity
2025-05-07,-0.3428571428571429,0.095,0.45928571428571424,0.44571428571428573,14,equity
2025-05-08,-0.16000000000000003,0.2706666666666667,0.44066666666666665,0.2886666666666666,15,equity
2025-05-09,0.14117647058823532,0.41764705882352937,0.2676470588235294,0.31470588235294117,17,equity
2025-05-10,-0.32,0.23000000000000004,0.5700000000000001,0.2,10,equity
2025-05-11,0.0,0.25000000000000006,0.25000000000000006,0.5,10,equity
2025-05-12,3.172065784643304e-17,0.42142857142857143,0.42142857142857143,0.15714285714285717,7,equity
2025-05-13,0.0,0.3142857142857142,0.31428571428571433,0.37142857142857144,7,equity
2025-05-14,0.10000000000000002,0.35125,0.24500000000000005,0.40375,16,equity
2025-05-15,-0.10666666666666667,0.3086666666666667,0.422,0.2693333333333333,15,equity
2025-05-16,0.3111111111111111,0.5488888888888889,0.21833333333333332,0.2327777777777778,18,equity
2025-05-17,-0.1,0.24875000000000003,0.35500000000000004,0.39625,16,equity
2025-05-18,-0.28235294117647064,0.18411764705882358,0.48411764705882354,0.33176470588235296,17,equity
2025-05-19,-0.044444444444444446,0.3472222222222222,0.39444444444444443,0.25833333333333336,18,equity
2025-05-20,0.05333333333333334,0.3686666666666667,0.312,0.3193333333333334,15,equity
2025-05-21,0.16000000000000003,0.4753333333333334,0.30533333333333335,0.21933333333333332,15,equity
2025-05-22,-0.18461538461538465,0.26153846153846155,0.45769230769230773,0.28076923076923077,13,equity
2025-05-23,0.24615384615384617,0.4615384615384616,0.2,0.3384615384615385,13,equity
2025-05-24,-0.2,0.228125,0.44062500000000004,0.33125000000000004,16,equity
2025-05-25,0.0,0.38833333333333336,0.38833333333333336,0.22333333333333336,6,equity
2025-05-26,-0.24615384615384617,0.31538461538461543,0.5769230769230769,0.10769230769230768,13,equity
2025-05-27,0.17391304347826086,0.43695652173913047,0.25217391304347825,0.31086956521739134,23,equity
2025-05-28,-0.05714285714285715,0.3807142857142857,0.4414285714285714,0.17785714285714288,14,equity
2025-05-29,-0.20000000000000004,0.21250000000000002,0.425,0.36250000000000004,12,equity
2025-05-30,-0.10666666666666667,0.29333333333333333,0.4066666666666666,0.3,15,equity
2025-05-31,-1.057355261547768e-17,0.2895238095238095,0.28952380952380946,0.42095238095238097,21,equity
2025-06-01,0.0,0.2973684210526316,0.2973684210526316,0.4052631578947368,19,equity
2025-06-02,-0.4,0.08937500000000001,0.514375,0.39625,16,equity
2025-06-03,-1.3877787807814457e-17,0.34875,0.34875,0.3025,16,equity
2025-06-04,0.0,0.35000000000000003,0.35000000000000003,0.30000000000000004,12,equity
2025-06-05,-0.1142857142857143,0.28238095238095234,0.40380952380952384,0.31380952380952387,21,equity
2025-06-06,-0.05,0.345625,0.39875000000000005,0.255625,16,equity
2025-06-07,0.20000000000000004,0.48750000000000004,0.275,0.23750000000000004,8,equity
2025-06-08,0.05333333333333334,0.33399999999999996,0.2773333333333333,0.38866666666666666,15,equity
2025-06-09,0.29090909090909095,0.48000000000000004,0.17090909090909093,0.3490909090909091,11,equity
2025-06-10,-0.06153846153846154,0.4423076923076923,0.5076923076923077,0.05,13,equity
2025-06-11,-0.0888888888888889,0.3155555555555556,0.41000000000000003,0.27444444444444444,18,equity
2025-06-12,0.3333333333333333,0.515,0.16083333333333336,0.32416666666666666,12,equity
2025-06-13,-0.16842105263157894,0.2715789473684211,0.4505263157894737,0.27789473684210525,19,equity
2025-06-14,-0.05333333333333334,0.3466666666666667,0.4033333333333333,0.25,15,equity
2025-06-15,0.32,0.42000000000000004,0.07999999999999999,0.5,10,equity
2025-06-16,-0.1142857142857143,0.28238095238095234,0.40380952380952384,0.3138095238095238,21,equity
2025-06-17,0.14545454545454548,0.5181818181818181,0.36363636363636365,0.11818181818181818,11,equity
2025-06-18,0.13333333333333336,0.44,0.2983333333333334,0.26166666666666666,12,equity
2025-06-19,-0.09411764705882353,0.32823529411764707,0.42823529411764705,0.24352941176470586,17,equity
2025-06-20,0.0,0.3261538461538462,0.3261538461538462,0.34769230769230774,13,equity
2025-06-21,-0.10000000000000002,0.28125,0.38749999999999996,0.33125000000000004,16,equity
2025-06-22,0.0,0.31428571428571433,0.31428571428571433,0.37142857142857144,14,equity
2025-06-23,-0.047058823529411764,0.2735294117647059,0.3235294117647059,0.40294117647058825,17,equity
2025-06-24,0.06153846153846154,0.3346153846153846,0.2692307692307692,0.3961538461538462,13,equity
2025-06-25,0.05333333333333335,0.4186666666666667,0.36200000000000004,0.21933333333333335,15,equity
2025-06-26,0.07999999999999999,0.454,0.369,0.177,20,equity
2025-06-27,-0.0888888888888889,0.2738888888888889,0.36833333333333335,0.3577777777777778,18,equity
2025-06-28,0.14545454545454548,0.4263636363636364,0.2718181818181818,0.30181818181818176,22,equity
2025-06-29,-0.05,0.29875,0.35187500000000005,0.349375,16,equity
2025-06-30,0.2,0.4615,0.24900000000000003,0.2895,20,equity
2025-07-01,0.07272727272727274,0.3772727272727273,0.30000000000000004,0.32272727272727275,11,equity
2025-07-02,0.2,0.39375,0.18125000000000002,0.42500000000000004,8,equity
2025-07-03,-0.04705882352941178,0.30058823529411766,0.35058823529411764,0.34882352941176475,17,equity
2025-07-04,-0.05333333333333335,0.312,0.36866666666666664,0.3193333333333333,15,equity
2025-07-05,-0.08888888888888892,0.34444444444444444,0.4388888888888889,0.21666666666666667,9,equity
2025-07-06,-0.13333333333333336,0.23583333333333334,0.3775,0.3866666666666667,12,equity
2025-07-07,0.05333333333333334,0.4033333333333333,0.3466666666666666,0.25000000000000006,15,equity
2025-07-08,0.11428571428571431,0.32142857142857145,0.2,0.4785714285714286,14,equity
2025-07-09,0.0,0.2907692307692308,0.2907692307692308,0.4184615384615385,13,equity
2025-07-10,-0.2222222222222222,0.25277777777777777,0.48888888888888893,0.25833333333333336,18,equity
2025-07-11,-0.22857142857142862,0.19285714285714287,0.43571428571428567,0.3714285714285715,7,equity
2025-07-12,-0.08000000000000003,0.3315,0.4165,0.252,20,equity
2025-07-13,0.06153846153846154,0.41000000000000003,0.34461538461538466,0.24538461538461537,13,equity
2025-07-14,0.25,0.41125,0.145625,0.443125,16,equity
2025-07-15,0.2,0.45499999999999996,0.24250000000000005,0.3025,16,equity
2025-07-16,-0.29090909090909095,0.23909090909090908,0.5481818181818182,0.21272727272727276,11,equity
2025-07-17,-0.042105263157894736,0.3463157894736842,0.3910526315789474,0.26263157894736844,19,equity
2025-07-18,0.24615384615384617,0.4215384615384616,0.16,0.4184615384615385,13,equity
2025-07-19,-0.12000000000000002,0.25400000000000006,0.3815,0.36449999999999994,20,equity
2025-07-20,-0.20000000000000004,0.29416666666666663,0.5066666666666667,0.1991666666666667,12,equity
2025-07-21,0.16,0.48500000000000004,0.31499999999999995,0.2,10,equity
2025-07-22,1.708035422500241e-17,0.3484615384615385,0.34846153846153843,0.30307692307692313,13,equity
2025-07-23,-0.3692307692307693,0.22769230769230772,0.62,0.1523076923076923,13,equity
2025-07-24,0.18461538461538465,0.4753846153846154,0.2792307692307693,0.24538461538461542,13,equity
2025-07-25,-0.09411764705882353,0.2535294117647059,0.3535294117647059,0.39294117647058824,17,equity
2025-07-26,-0.06153846153846154,0.2692307692307693,0.33461538461538465,0.3961538461538462,13,equity
2025-07-27,-0.26666666666666666,0.2123809523809524,0.4957142857142857,0.29190476190476183,21,equity
2025-07-28,0.0,0.325,0.325,0.3500000000000001,10,equity
2025-07-29,-0.2,0.22300000000000003,0.43549999999999994,0.3415,20,equity
2025-07-30,-0.06153846153846154,0.3046153846153846,0.37000000000000005,0.3253846153846153,13,equity
2025-07-31,0.24615384615384617,0.4215384615384616,0.16,0.41846153846153844,13,equity
2025-08-01,-0.08,0.343,0.42799999999999994,0.229,20,equity
2025-08-02,0.3428571428571429,0.5664285714285714,0.20214285714285715,0.23142857142857148,14,equity
2025-08-03,-0.06666666666666667,0.3458333333333334,0.4166666666666667,0.23750000000000004,12,equity
2025-08-04,-0.17142857142857146,0.26642857142857146,0.44857142857142857,0.28500000000000003,14,equity
2025-08-05,-0.13333333333333333,0.2983333333333334,0.44,0.2616666666666667,12,equity
2025-08-06,0.03636363636363637,0.41954545454545455,0.3809090909090909,0.19954545454545458,22,equity
2025-08-07,0.05000000000000002,0.384375,0.33125,0.28437500000000004,16,equity
2025-08-08,0.0,0.38550000000000006,0.38550000000000006,0.22899999999999995,20,equity
2025-08-09,-0.2666666666666667,0.25,0.5333333333333333,0.21666666666666667,9,equity
2025-08-10,0.17142857142857146,0.48571428571428577,0.30357142857142855,0.21071428571428572,14,equity
2025-08-11,0.05714285714285716,0.3878571428571429,0.3271428571428571,0.28500000000000003,14,equity
2025-08-12,-0.05000000000000002,0.29875,0.35187500000000005,0.349375,16,equity
2025-08-13,-0.17142857142857146,0.31999999999999995,0.5021428571428571,0.17785714285714288,14,equity
2025-08-14,-0.16000000000000003,0.29,0.46,0.25000000000000006,15,equity
2026-01-24,-0.05346046511627907,0.12937209302325584,0.19416279069767442,0.6765116279069766,43,commodity
2026-01-24,0.02571190476190477,0.07792857142857142,0.061000000000000006,0.8610714285714286,42,crypto
2026-01-24,0.08961555555555556,0.13413333333333335,0.11764444444444445,0.7482444444444444,45,equity
2026-01-24,-0.09458529411764705,0.06970588235294117,0.13338235294117648,0.7968823529411765,34,forex
2026-01-25,-0.08659111111111112,0.1266888888888889,0.20817777777777774,0.6651333333333332,45,commodity
2026-01-25,-0.02281764705882353,0.0842549019607843,0.09388235294117647,0.8218627450980392,51,crypto
2026-01-25,0.040786046511627906,0.10925581395348838,0.11232558139534884,0.7784186046511629,43,equity
2026-01-25,0.016381818181818185,0.09996363636363637,0.1002909090909091,0.7997272727272727,55,forex
2026-01-26,-0.11390384615384612,0.07261538461538461,0.1658653846153846,0.7615576923076923,52,commodity
2026-01-26,0.06261458333333333,0.09002083333333333,0.052645833333333336,0.8573333333333334,48,crypto
2026-01-26,0.13976734693877554,0.14246938775510204,0.10189795918367348,0.7556734693877553,49,equity
2026-01-26,-0.026210204081632642,0.06736734693877551,0.08889795918367349,0.8436938775510203,49,forex
2026-01-27,-0.07833571428571429,0.12249999999999998,0.20964285714285713,0.6679285714285715,42,commodity
2026-01-27,-0.013239583333333341,0.07677083333333334,0.08900000000000001,0.8342291666666667,48,crypto
2026-01-27,-0.02036065903846155,0.07348805891025642,0.09215384615384616,0.8343324539102565,39,equity
2026-01-27,-0.04002380952380952,0.07261904761904761,0.10783333333333334,0.8194761904761902,42,forex
2026-01-28,0.054369696969696964,0.16299999999999998,0.1550606060606061,0.6819696969696969,33,commodity
2026-01-28,0.07318387096774194,0.07461290322580644,0.034709677419354844,0.8906774193548387,31,crypto
2026-01-28,0.00540357142857142,0.106,0.12257142857142858,0.7714285714285714,56,equity
2026-01-28,-0.07747142857142857,0.07671428571428571,0.12423809523809526,0.7990000000000002,42,forex
2026-01-29,-0.03626153846153846,0.12336538461538463,0.18082692307692305,0.6930227356961538,52,commodity
2026-01-29,-0.002394285714285717,0.07685714285714286,0.07982857142857143,0.8433142857142857,35,crypto
2026-01-29,0.11554455769405206,0.10402363076951672,0.06185119203457248,0.8226421932278809,269,equity
2026-01-29,0.24179199999999998,0.14141333333333334,0.07326666666666667,0.7719755810519999,75,forex
2026-01-30,-0.13888242374999996,0.09926980439385963,0.17956246206198834,0.6919355412134504,342,commodity
2026-01-30,0.05168877155483194,0.08259345100189075,0.08288051978319327,0.7799519242621846,476,crypto
2026-01-30,0.06695477456853002,0.0730107194095238,0.0724207481536232,0.808079957116977,483,equity
2026-01-30,0.08450508212484076,0.0483339558254777,0.04864129408280254,0.8597318879035032,314,forex
2026-01-31,-0.2048448275862069,0.06591379310344828,0.12736206896551724,0.8067758620689657,58,commodity
2026-01-31,0.025435906857252114,0.09355474292205333,0.06971763357830374,0.8367278279466009,9813,crypto
2026-01-31,0.22572512077294685,0.1043671497584541,0.05080676328502416,0.8447487922705313,207,equity
2026-01-31,0.02549393939393941,0.06735353535353536,0.063010101010101,0.8697373737373737,99,forex
2026-02-01,0.07286911116219871,0.2548170717417832,0.1819479605795846,0.563234967678632,218,commodity
2026-02-01,0.19231122751918459,0.29382971566190413,0.10151848814271953,0.6046517961953758,1855,crypto
2026-02-01,-0.054114515068978,0.2676381890447643,0.32808416831908493,0.404277642635914,120912,equity
2026-02-01,0.18134783992007633,0.3113600783514172,0.1300122384313408,0.5586276832172418,1031,forex
2026-02-02,0.11258573324485736,0.26301031851360307,0.15042873258128736,0.5865605839416059,3014,equity
