date,sentiment,positive,negative,neutral,count
2000-02-15,0.6711,0.6816,0.0105,0.3079,1
2000-02-17,-0.5201,0.0499,0.57,0.38,1
2000-03-24,-0.3714,0.1075,0.4789,0.4136,1
2000-04-27,0.2924,0.4277,0.1353,0.437,1
2000-05-04,0.3613,0.5677,0.2064,0.2259,1
2000-05-17,-0.3413,0.0349,0.3762,0.5889,1
2000-05-19,0.4192,0.5284,0.1092,0.3625,1
2000-05-30,0.1671,0.2321,0.065,0.7029,1
2000-06-07,-0.544,0.0442,0.5882,0.3677,1
2000-06-21,0.3303,0.4736,0.1432,0.3832,1
2000-06-22,0.1455,0.2479,0.1024,0.6497,1
2000-06-27,0.3422,0.42,0.0778,0.5022,1
2000-06-28,0.4793,0.5516,0.0723,0.3761,1
2000-07-08,0.2337,0.2517,0.0181,0.7302,1
2000-07-11,-0.268,0.1476,0.4156,0.4368,1
2000-08-24,0.3847,0.408,0.0233,0.5687,1
2000-09-07,0.1241,0.2726,0.1486,0.5788,1
2000-09-08,-0.3705,0.0891,0.4595,0.4514,1
2000-09-14,0.5375,0.6143,0.0768,0.3089,1
2000-10-10,0.1899,0.3599,0.17,0.4702,1
2000-10-16,-0.4295,0.0732,0.5027,0.4241,1
2000-10-17,-0.5892,0.0254,0.6146,0.36,1
2000-10-23,-0.0684,0.139,0.2074,0.6536,1
2000-10-26,0.2495,0.4342,0.1847,0.3811,1
2000-11-01,-0.3019,0.1055,0.4074,0.4871,1
2000-11-08,0.0138,0.1044,0.0907,0.8049,1
2000-12-07,-0.5672,0.081,0.6482,0.2708,1
2000-12-13,-0.259,0.0332,0.2922,0.6745,1
2000-12-15,0.4269,0.4546,0.0277,0.5177,1
2001-01-02,-0.3308,0.1585,0.4893,0.3522,1
2001-01-10,-0.2227,0.1413,0.3639,0.4948,1
2001-02-02,-0.2265,0.0276,0.2542,0.7182,1
2001-02-09,-0.3292,0.1116,0.4408,0.4476,1
2001-02-20,-0.2196,0.0279,0.2475,0.7246,1
2001-02-22,0.3502,0.4346,0.0845,0.4809,1
2001-03-05,0.422,0.4893,0.0673,0.4434,1
2001-03-07,-0.2079,0.0365,0.2444,0.719,1
2001-03-13,-0.7012,0.0237,0.7249,0.2514,1
2001-03-20,-0.1818,0.0866,0.2684,0.645,1
2001-03-29,-0.1494,0.0607,0.21,0.7293,1
2001-04-10,-0.6956,0.0275,0.7231,0.2495,1
2001-04-24,0.3868,0.4727,0.086,0.4413,1
2001-05-03,0.0251,0.2673,0.2422,0.4906,1
2001-05-17,0.4428,0.5563,0.1134,0.3303,1
2001-05-18,0.6059,0.6535,0.0476,0.2988,1
2001-05-30,-0.5761,0.0348,0.6109,0.3542,1
2001-06-07,-0.4305,0.09,0.5205,0.3895,1
2001-06-19,-0.1134,0.135,0.2484,0.6166,1
2001-06-25,0.3372,0.3795,0.0423,0.5782,1
2001-07-03,0.3731,0.4152,0.0421,0.5427,1
2001-07-17,0.118,0.4365,0.3185,0.245,1
2001-09-11,-0.0381,0.2117,0.2498,0.5385,1
2001-09-20,-0.5072,0.1002,0.6074,0.2924,1
2001-09-26,0.336,0.5771,0.241,0.1819,1
2001-10-03,-0.1292,0.2653,0.3945,0.3402,1
2001-10-17,0.1399,0.20455,0.06465,0.7308,2
2001-10-23,0.6728,0.7017,0.0289,0.2694,1
2001-11-02,0.6197,0.633,0.0133,0.3537,1
2001-11-08,-0.721,0.0221,0.7431,0.2348,1
2001-11-14,0.3804,0.3942,0.0138,0.592,1
2001-11-15,-0.8256,0.0312,0.8568,0.1119,1
2001-11-30,-0.1777,0.0302,0.2079,0.7619,1
2001-12-10,-0.0734,0.072,0.1454,0.7826,1
2001-12-18,0.1427,0.1798,0.0371,0.7831,1
2002-01-03,-0.6321,0.0426,0.6747,0.2827,1
2002-01-14,0.1774,0.2082,0.0309,0.7609,1
2002-01-23,-0.5814,0.0206,0.602,0.3774,1
2002-02-05,-0.6809,0.0192,0.7001,0.2807,1
2002-02-11,0.8602,0.8791,0.0189,0.1021,1
2002-02-14,0.5266,0.5804,0.0538,0.3658,1
2002-02-25,-0.5072,0.1163,0.6236,0.2601,1
2002-02-28,0.315,0.3503,0.0353,0.6143,1
2002-03-05,-0.0592,0.2375,0.2967,0.4658,1
2002-03-12,0.5455,0.6242,0.0786,0.2972,1
2002-03-14,-0.2945,0.0391,0.3336,0.6273,1
2002-03-20,0.4958,0.5597,0.0639,0.3764,1
2002-03-21,0.3833,0.458,0.0748,0.4672,1
2002-03-22,0.574,0.6227,0.0488,0.3285,1
2002-03-26,0.2019,0.2625,0.0606,0.6769,1
2002-04-05,-0.5822,0.0169,0.5991,0.384,1
2002-04-15,-0.164,0.0273,0.1912,0.7815,1
2002-04-29,-0.2889,0.1377,0.4266,0.4357,1
2002-05-03,-0.1054,0.121,0.2264,0.6525,1
2002-05-09,0.47125,0.50365,0.032350000000000004,0.46405,2
2002-05-10,0.4284,0.56695,0.13855,0.2945,2
2002-05-17,-0.3128,0.1455,0.4583,0.3962,1
2002-05-22,0.35195,0.4102,0.0582,0.5316,2
2002-05-23,0.1166,0.1611,0.0445,0.7944,1
2002-05-24,-0.7257,0.0192,0.7449,0.236,1
2002-05-28,-0.033,0.2178,0.2508,0.5314,1
2002-05-30,-0.5522,0.034,0.5862,0.3798,1
2002-06-03,0.3265,0.4518,0.1253,0.42290000000000005,2
2002-06-10,0.0394,0.0731,0.0337,0.8932,1
2002-06-11,0.2277,0.2881,0.0605,0.6514,1
2002-06-12,0.4524,0.4909,0.0385,0.4706,1
2002-06-13,-0.6937,0.0349,0.7286,0.2365,1
2002-06-14,0.3634,0.3878,0.0245,0.5877,1
2002-06-17,-0.1515,0.0852,0.2367,0.6781,1
2002-06-27,0.1159,0.3497,0.2337,0.4166,1
2002-06-28,-0.2908,0.0665,0.3573,0.5762,1
2002-07-05,0.5901,0.6099,0.0199,0.3702,1
2002-07-08,-0.0699,0.3058,0.3757,0.3185,1
2002-07-11,-0.2839,0.1296,0.4135,0.4569,1
2002-07-15,-0.5658,0.0281,0.5939,0.3781,1
2002-07-19,0.2357,0.3819,0.1463,0.4718,1
2002-07-22,-0.5335,0.0495,0.583,0.3675,1
2002-07-31,0.1138,0.2865,0.1727,0.5408,1
2002-08-01,-0.2963,0.1399,0.4362,0.4239,1
2002-08-02,0.6746,0.7202,0.0456,0.2343,1
2002-08-06,0.3021,0.5608,0.2587,0.1805,1
2002-08-08,-0.565,0.0467,0.6117,0.3416,1
2002-08-14,-0.3571,0.0988,0.4558,0.4454,1
2002-08-27,0.1678,0.4146,0.2468,0.3386,1
2002-09-05,0.2267,0.4125,0.1858,0.4017,1
2002-09-11,-0.5347,0.031,0.5657,0.4033,1
2002-09-23,0.1238,0.1606,0.0368,0.8026,1
2002-09-29,-0.0558,0.0758,0.1316,0.7927,1
2002-09-30,0.6496,0.7077,0.0581,0.2343,1
2002-10-11,0.149,0.2309,0.0819,0.6872,1
2002-10-15,-0.2187,0.0301,0.2488,0.7211,1
2002-10-19,-0.7623,0.0167,0.779,0.2043,1
2002-10-30,-0.2248,0.2247,0.4495,0.3258,1
2002-11-27,0.0448,0.06,0.0152,0.9247,1
2002-12-02,-0.5243,0.0734,0.5977,0.3288,1
2002-12-06,0.7591,0.774,0.0149,0.2111,1
2002-12-12,0.4695,0.5275,0.058,0.4145,1
2002-12-13,-0.04824999999999999,0.24655,0.29479999999999995,0.45865,2
2002-12-16,-0.07379999999999999,0.1612,0.23500000000000001,0.60385,2
2002-12-20,0.0612,0.1629,0.1018,0.7353,1
2002-12-23,0.6107,0.6486500000000001,0.03795,0.3134,2
2002-12-26,-0.4601,0.065,0.5252,0.4098,1
2003-01-06,-0.0375,0.2585,0.296,0.4456,1
2003-01-14,-0.3595,0.1118,0.4713,0.4169,1
2003-01-16,0.4859,0.5872,0.1013,0.3115,1
2003-01-21,0.5827,0.62325,0.04055,0.3362,2
2003-01-23,0.67,0.6967,0.0267,0.2766,1
2003-02-04,0.09165,0.1434,0.0518,0.8048,2
2003-02-05,0.04055,0.2775,0.23695,0.48555000000000004,2
2003-02-07,0.5699,0.6074,0.0375,0.3552,1
2003-02-10,-0.3006,0.14103333333333334,0.44166666666666665,0.4173,3
2003-02-11,-0.14239999999999997,0.1339,0.27635,0.58975,2
2003-02-12,-0.7402,0.0154,0.7556,0.229,1
2003-02-14,-0.6388,0.0173,0.6561,0.3266,1
2003-02-18,-0.58265,0.0224,0.60505,0.37255,2
2003-02-26,-0.6618,0.0835,0.7453,0.1711,1
2003-03-18,0.6033,0.63,0.0267,0.3433,1
2003-03-20,-0.3947,0.0832,0.4779,0.4389,1
2003-03-21,-0.4316,0.0791,0.5107,0.4102,1
2003-03-24,0.5329,0.5536,0.0207,0.4258,1
2003-03-30,0.6643,0.6815,0.0172,0.3013,1
2003-04-02,-0.5308,0.0183,0.5492,0.4325,1
2003-04-03,-0.6143000000000001,0.0353,0.6496500000000001,0.315,2
2003-04-07,-0.2833,0.08755,0.37085,0.5416,2
2003-04-08,0.4794,0.5102,0.0308,0.459,1
2003-04-09,0.5555333333333333,0.5884333333333334,0.032933333333333335,0.37860000000000005,3
2003-04-17,0.0056,0.0845,0.0789,0.8366,1
2003-04-21,0.1443,0.2429,0.0985,0.6586,1
2003-04-24,0.3835,0.4922,0.1087,0.399,1
2003-04-25,0.2323,0.4935,0.2613,0.2452,1
2003-05-01,0.6527,0.6793,0.0266,0.2942,1
2003-05-06,0.26254999999999995,0.41545000000000004,0.1529,0.4317,2
2003-05-09,-0.2344,0.199,0.4334,0.3676,1
2003-05-12,0.3132,0.4417,0.1286,0.4297,1
2003-05-14,0.75515,0.78345,0.0283,0.1882,2
2003-05-16,-0.3364,0.1306,0.4669,0.4025,1
2003-05-19,0.51335,0.5808,0.0675,0.35165,2
2003-05-21,0.2561,0.4088,0.1526,0.4386,1
2003-05-23,0.0512,0.0782,0.027,0.8948,1
2003-05-27,0.0327,0.2909,0.2581,0.451,1
2003-05-28,-0.7612,0.0153,0.7766,0.2081,1
2003-05-30,-0.6345,0.0201,0.6546,0.3253,1
2003-06-02,-0.6614,0.0396,0.7009,0.2595,1
2003-06-09,-0.4215,0.0554,0.4769,0.4677,1
2003-06-11,0.5449999999999999,0.5729500000000001,0.0279,0.39915,2
2003-06-12,0.1541,0.4008,0.2467,0.3526,1
2003-06-13,-0.4953,0.0321,0.5274,0.4404,1
2003-06-16,0.1399,0.3363,0.1965,0.4672,1
2003-06-18,0.0628,0.0888,0.026,0.8852,1
2003-06-19,0.1178,0.1354,0.0176,0.847,1
2003-06-23,0.0899,0.23,0.1401,0.6298,1
2003-06-25,-0.011399999999999966,0.3388,0.35025,0.311,2
2003-06-26,0.2302,0.3639,0.1337,0.5024,1
2003-06-27,-0.015849999999999975,0.30985,0.3257,0.36445,2
2003-07-02,-0.0195,0.0683,0.0878,0.8439,1
2003-07-03,0.4801,0.5294,0.0492,0.4214,1
2003-07-10,-0.3565,0.1114,0.4679,0.4206,1
2003-07-15,-0.6507,0.017,0.6677,0.3153,1
2003-07-16,-0.0777,0.1048,0.1825,0.7127,1
2003-07-23,0.551,0.6583,0.1073,0.2344,1
2003-07-25,0.6015,0.6478,0.0463,0.3059,1
2003-07-29,0.2218,0.3537,0.1319,0.5143,1
2003-07-30,-0.5786,0.0448,0.6234,0.3318,1
2003-08-01,-0.2856,0.2259,0.5115,0.2627,2
2003-08-04,0.0309,0.06,0.0291,0.9109,1
2003-08-05,-0.2415,0.1007,0.3422,0.5571,1
2003-08-11,0.4502,0.4948,0.0446,0.4605,1
2003-08-12,-0.5586,0.0252,0.5838,0.3911,1
2003-08-13,0.30773333333333336,0.3616333333333333,0.053866666666666674,0.5844999999999999,3
2003-08-14,0.6045,0.6241,0.0196,0.3564,1
2003-08-15,-0.2989,0.1363,0.4353,0.4284,1
2003-08-18,-0.0198,0.0584,0.0781,0.8635,1
2003-08-21,-0.2496,0.184,0.4336,0.3823,1
2003-08-22,-0.4675,0.0688,0.5363,0.395,1
2003-08-25,-0.5549,0.0304,0.5853,0.3843,1
2003-08-27,0.708,0.7461,0.0381,0.2157,1
2003-08-29,0.5346,0.6924,0.1579,0.1497,1
2003-09-02,-0.5715,0.0194,0.591,0.3896,1
2003-09-03,0.523,0.556,0.033,0.4111,1
2003-09-04,-0.5432,0.0486,0.5918,0.3596,1
2003-09-05,0.36224999999999996,0.39315,0.03085,0.576,2
2003-09-08,-0.44105,0.105,0.54605,0.34895,2
2003-09-09,0.31983333333333336,0.3717,0.05183333333333334,0.5764666666666667,3
2003-09-15,-0.55615,0.0557,0.6119,0.33240000000000003,2
2003-09-19,0.6629,0.6974,0.0345,0.2681,1
2003-09-22,0.54955,0.5889,0.039349999999999996,0.3718,2
2003-09-25,0.2266,0.2654,0.0389,0.6957,1
2003-09-28,0.0851,0.1055,0.0203,0.8742,1
2003-09-30,0.8085,0.8382,0.0297,0.132,1
2003-10-01,-0.7471,0.0183,0.7654,0.2163,1
2003-10-02,0.2716,0.4063,0.1347,0.459,1
2003-10-03,-0.5948,0.0221,0.6169,0.361,1
2003-10-08,0.5326,0.6087,0.0761,0.3152,1
2003-10-13,0.4814,0.5431,0.0617,0.3952,1
2003-10-14,0.0421,0.061,0.0189,0.9201,1
2003-10-16,0.2543,0.4405,0.1862,0.3732,1
2003-10-23,-0.28065,0.1333,0.41395,0.4527,2
2003-10-27,-0.038950000000000005,0.1837,0.22265000000000001,0.59365,2
2003-10-28,-0.179,0.0314,0.2104,0.7582,1
2003-10-31,-0.09559999999999996,0.31505,0.41064999999999996,0.2743,2
2003-11-04,0.5395,0.6021,0.0626,0.3354,1
2003-11-05,0.1563,0.2506,0.0943,0.6551,1
2003-11-06,-0.64115,0.02745,0.66855,0.304,2
2003-11-10,-0.18005,0.134,0.31410000000000005,0.5519000000000001,2
2003-11-12,0.6195999999999999,0.66435,0.044700000000000004,0.29095,2
2003-11-17,-0.3064,0.1147,0.4211,0.4642,1
2003-11-19,-0.5983,0.0375,0.6358,0.3267,1
2003-11-24,-0.5428,0.0418,0.5846,0.3735,1
2003-11-28,0.5122,0.5742,0.062,0.3637,1
2003-12-01,0.3019,0.3426,0.0407,0.6167,1
2003-12-03,-0.1193,0.1824,0.3016,0.516,1
2003-12-09,-0.2532,0.1558,0.409,0.4352,1
2003-12-15,-0.4389,0.0498,0.4887,0.4615,1
2003-12-16,-0.4807,0.0348,0.5154,0.4498,1
2003-12-19,-0.38989999999999997,0.09436666666666667,0.4842666666666666,0.42133333333333334,3
2003-12-23,0.10060000000000002,0.35325,0.25265,0.39415,2
2003-12-26,0.53305,0.6055999999999999,0.07255,0.3219,2
2003-12-29,0.1425,0.1766,0.0341,0.7893,1
2003-12-30,0.28745,0.35765,0.07020000000000001,0.57215,2
2003-12-31,0.6338,0.6499,0.0161,0.3341,1
2004-01-08,0.4424,0.4968,0.0545,0.4487,1
2004-01-09,0.1439,0.2372,0.0932,0.6696,1
2004-01-13,-0.5215,0.0249,0.5464,0.4286,1
2004-01-14,-0.31405,0.22190000000000001,0.53595,0.24215,2
2004-01-15,-0.573,0.02635,0.59935,0.37424999999999997,2
2004-01-20,0.5625,0.5875,0.025,0.3874,1
2004-01-21,0.2794,0.4064,0.127,0.4665,1
2004-01-23,0.5087,0.5299,0.0212,0.4489,1
2004-01-26,-0.35329999999999995,0.07629999999999999,0.4296,0.49405,2
2004-01-27,0.0216,0.2911,0.2695,0.4394,1
2004-01-28,-0.1938,0.1357,0.3295,0.5348,1
2004-01-29,-0.7266,0.0169,0.7435,0.2396,1
2004-02-03,0.7166,0.7356,0.019,0.2454,1
2004-02-05,0.2073,0.4066,0.1994,0.394,1
2004-02-06,-0.3532,0.1543,0.5075,0.3382,1
2004-02-11,0.2274,0.42,0.1926,0.38744999999999996,2
2004-02-12,0.20605,0.3917,0.18564999999999998,0.42264999999999997,2
2004-02-13,-0.1934,0.15203333333333333,0.3454,0.5026,3
2004-02-17,0.42635,0.5374,0.11105,0.35155000000000003,2
2004-02-18,-0.10849999999999999,0.28255,0.39104999999999995,0.3264,2
2004-02-19,-0.1198,0.1302,0.25,0.6197,1
2004-02-20,-0.6498,0.0317,0.6815,0.2868,1
2004-02-23,0.3332,0.441,0.1078,0.4512,1
2004-02-24,0.4141,0.4563,0.0422,0.5015,1
2004-02-26,-0.2119,0.1581,0.37,0.4719,1
2004-03-01,0.20026666666666668,0.26463333333333333,0.0644,0.6709999999999999,3
2004-03-02,-0.68835,0.017,0.7054,0.27759999999999996,2
2004-03-09,0.2951,0.41495,0.11989999999999999,0.46515,2
2004-03-11,0.4987,0.564,0.0653,0.3707,1
2004-03-12,-0.7848,0.0142,0.799,0.1868,1
2004-03-17,0.2659,0.39525,0.12940000000000002,0.47535,2
2004-03-18,0.18664999999999998,0.3509,0.16425,0.48485,2
2004-03-22,0.5254,0.5466,0.0212,0.4323,1
2004-03-23,0.4402,0.4869,0.0467,0.4665,1
2004-03-24,-0.1431,0.18905,0.33215,0.4788,2
2004-03-30,0.7185,0.7648,0.0463,0.1888,1
2004-04-01,-0.3264,0.0989,0.4254,0.4757,1
2004-04-02,0.1733,0.4357,0.26239999999999997,0.3019,2
2004-04-06,0.4304,0.4967,0.0662,0.4371,1
2004-04-07,0.0401,0.3041,0.264,0.432,2
2004-04-08,-0.6258,0.0198,0.6456,0.3346,1
2004-04-20,-0.7777,0.0161,0.7938,0.1901,1
2004-04-21,-0.4887,0.0417,0.5305,0.4278,1
2004-04-23,-0.4332,0.0662,0.4993,0.4345,1
2004-04-27,-0.2824,0.0849,0.3673,0.5479,1
2004-05-05,-0.4103,0.0831,0.4934,0.4235,1
2004-05-07,-0.5261,0.0205,0.5466,0.4328,1
2004-05-10,-0.5542,0.0284,0.5825,0.3891,1
2004-05-11,-0.6406,0.023,0.6636,0.3133,1
2004-05-14,0.0671,0.3146,0.2474,0.438,1
2004-05-17,0.153,0.3197,0.1667,0.5136,1
2004-05-19,0.2629,0.3724,0.1094,0.5182,1
2004-05-20,-0.549,0.028,0.5771,0.3949,1
2004-05-21,0.5718,0.5935,0.0217,0.3848,1
2004-05-27,0.1748,0.1969,0.0221,0.7811,1
2004-05-28,0.1177,0.1417,0.024,0.8342,1
2004-06-01,-0.5619,0.0341,0.596,0.37,1
2004-06-07,0.5498,0.5701,0.0202,0.4097,1
2004-06-09,-0.5438,0.0355,0.5793,0.3852,1
2004-06-15,-0.5336,0.0358,0.5693,0.3949,1
2004-06-18,0.5379,0.5577,0.0198,0.4225,1
2004-06-22,0.6938,0.7099,0.0161,0.274,1
2004-06-23,0.6363,0.6579,0.0215,0.3206,1
2004-06-24,-0.10070000000000001,0.22495,0.3257,0.44935,2
2004-06-28,-0.6539,0.0138,0.6676,0.3186,1
2004-07-01,0.4303,0.4896,0.0593,0.4512,1
2004-07-02,0.3828,0.5076,0.1248,0.3676,1
2004-07-06,0.3396,0.4525,0.1129,0.4345,1
2004-07-08,-0.5268,0.0251,0.5519,0.4231,1
2004-07-12,-0.0475,0.2249,0.2725,0.5026,1
2004-07-13,-0.5233,0.061799999999999994,0.5851500000000001,0.35305,2
2004-07-14,0.6139,0.6584,0.0445,0.2971,1
2004-07-15,0.01730000000000001,0.2958,0.27849999999999997,0.42569999999999997,2
2004-07-19,0.6455,0.6634,0.0179,0.3188,1
2004-07-20,-0.54225,0.03265,0.5749,0.39244999999999997,2
2004-07-22,-0.29259999999999997,0.14465,0.43727499999999997,0.41805000000000003,4
2004-07-27,-0.221275,0.1661,0.38734999999999997,0.44655,4
2004-07-28,0.09723333333333332,0.2884,0.19113333333333335,0.5205000000000001,3
2004-07-30,-0.17679999999999998,0.22166666666666665,0.3984666666666667,0.37986666666666663,3
2004-08-02,-0.6699,0.0491,0.719,0.2319,1
2004-08-03,-0.5557,0.0263,0.582,0.3916,1
2004-08-04,0.6484,0.6666,0.0182,0.3152,1
2004-08-05,-0.5681333333333333,0.029633333333333334,0.5978,0.3726,3
2004-08-06,0.6391,0.6685,0.0294,0.3022,1
2004-08-09,-0.21639999999999998,0.1727,0.38905,0.43825000000000003,2
2004-08-10,-0.51955,0.02695,0.54655,0.4265,2
2004-08-11,-0.11694999999999997,0.2237,0.3407,0.4356,2
2004-08-12,-0.5588,0.0247,0.5836,0.3917,1
2004-08-13,-0.5776,0.0212,0.5988,0.38,1
2004-08-17,-0.1466,0.1917,0.3383,0.47,1
2004-08-19,0.4277,0.46925,0.04155,0.489225,4
2004-08-23,-0.5527666666666667,0.031566666666666666,0.5843666666666666,0.3840666666666666,3
2004-08-24,-0.5892999999999999,0.024,0.6133,0.3628,2
2004-08-25,0.4093,0.486675,0.07735,0.43594999999999995,4
2004-08-27,-0.5255,0.0223,0.5478,0.4299,1
2004-08-30,0.5381,0.5597,0.0215,0.4188,1
2004-08-31,0.1612,0.37506666666666666,0.21383333333333332,0.4111,3
2004-09-01,-0.5657,0.0282,0.5939,0.3779,2
2004-09-02,-0.2924,0.08436666666666666,0.3767333333333333,0.5388666666666667,3
2004-09-07,-0.3872,0.06163333333333334,0.4488666666666666,0.4895333333333333,3
2004-09-08,0.08113333333333331,0.3256,0.2444666666666667,0.4299666666666666,3
2004-09-09,0.6535,0.6718,0.0183,0.3098,1
2004-09-10,0.5672,0.5896,0.0224,0.388,1
2004-09-15,-0.5523,0.0557,0.608,0.3363,1
2004-09-21,0.4666,0.477,0.0105,0.5125,1
2004-09-23,0.5711,0.6017,0.0306,0.3677,1
2004-09-29,0.1133,0.1581,0.0449,0.797,1
2004-09-30,0.701,0.7376,0.0366,0.2258,1
2004-10-01,-0.5535,0.0317,0.5852,0.3832,1
2004-10-03,0.094,0.1313,0.0373,0.8314,1
2004-10-04,-0.555,0.0232,0.5782,0.3986,1
2004-10-05,0.5871,0.6169,0.0298,0.3533,2
2004-10-06,-0.5726,0.0234,0.596,0.3806,2
2004-10-07,0.2243,0.47109999999999996,0.24675,0.28215,2
2004-10-08,0.3385,0.4194,0.0809,0.4997,1
2004-10-11,-0.5412,0.0231,0.5643,0.4126,1
2004-10-12,-0.5522666666666667,0.0322,0.5844333333333334,0.38339999999999996,3
2004-10-15,-0.6009,0.0705,0.6715,0.258,1
2004-10-18,-0.030100000000000016,0.21266666666666667,0.24273333333333336,0.5446333333333333,3
2004-10-20,0.26611666666666667,0.3263,0.06016666666666665,0.6135166666666668,6
2004-10-21,-0.306,0.1217,0.4278,0.4505,1
2004-10-25,0.45447499999999996,0.557375,0.102925,0.3397,4
2004-10-26,-0.3616,0.049966666666666666,0.4115,0.5385,3
2004-10-27,-0.5167,0.037,0.5537,0.4093,1
2004-10-28,0.31389999999999996,0.45410000000000006,0.14024999999999999,0.40559999999999996,2
2004-10-29,0.7025,0.7255499999999999,0.023100000000000002,0.25135,2
2004-11-01,-0.5372,0.0543,0.5914,0.3543,1
2004-11-02,-0.19419999999999998,0.12535000000000002,0.31955,0.55505,2
2004-11-03,0.4174,0.4702,0.0529,0.4769,1
2004-11-05,0.5528,0.5856,0.0327,0.38170000000000004,2
2004-11-08,-0.5166,0.0278,0.5444,0.4278,1
2004-11-09,0.5654,0.5864,0.021,0.3926,1
2004-11-10,-0.5326,0.0318,0.5644,0.4038,1
2004-11-11,0.526,0.54825,0.02225,0.42945,2
2004-11-12,0.64825,0.6816,0.03335,0.28504999999999997,2
2004-11-15,-0.5285,0.0306,0.5591,0.4102,1
2004-11-17,0.2753,0.3394,0.0641,0.5965,1
2004-11-18,-0.06825,0.24825,0.3165,0.43525,2
2004-11-19,0.4752,0.5217,0.0465,0.4317,1
2004-11-22,0.2192,0.273,0.05385,0.67315,2
2004-11-23,-0.25606666666666666,0.16933333333333334,0.42543333333333333,0.4052,3
2004-11-24,0.5384500000000001,0.56285,0.024399999999999998,0.41269999999999996,2
2004-11-29,0.09659999999999998,0.32706,0.23048000000000002,0.44245999999999996,5
2004-11-30,-0.4237,0.04046666666666667,0.46416666666666667,0.49543333333333334,3
2004-12-01,0.5546,0.6438,0.0892,0.267,1
2004-12-02,0.28645,0.31405,0.027549999999999998,0.6584,2
2004-12-03,0.03631666666666666,0.3545833333333334,0.3183,0.32713333333333333,6
2004-12-06,-0.5122666666666666,0.06333333333333334,0.5756,0.3611,3
2004-12-07,-0.7657,0.0182,0.7839,0.19795,2
2004-12-08,-0.570225,0.024024999999999998,0.5942000000000001,0.381775,4
2004-12-10,-0.6594500000000001,0.01645,0.6759,0.30765,2
2004-12-13,0.5778,0.6143,0.0365,0.3492,1
2004-12-14,-0.50115,0.0716,0.5728,0.3556,2
2004-12-15,0.5874666666666667,0.6241,0.03663333333333333,0.33923333333333333,3
2004-12-16,0.2118,0.4167,0.205,0.3783,1
2004-12-17,0.5546,0.5765,0.022,0.4015,1
2004-12-22,-0.27296666666666664,0.13893333333333333,0.41193333333333326,0.4491333333333334,3
2004-12-23,0.20993333333333333,0.3798333333333333,0.16990000000000002,0.45026666666666665,3
2004-12-27,0.309,0.437925,0.128925,0.4331,4
2005-01-03,-0.5112,0.05023333333333333,0.5614666666666667,0.38830000000000003,3
2005-01-06,-0.007749999999999979,0.3468,0.35455,0.29869999999999997,2
2005-01-07,-0.013500000000000012,0.30125,0.31475,0.384,2
2005-01-10,0.45799999999999996,0.5130333333333333,0.055066666666666673,0.4318666666666666,3
2005-01-12,0.3997,0.4683,0.0686,0.463,1
2005-01-13,-0.6421333333333333,0.026333333333333334,0.6684666666666667,0.30519999999999997,3
2005-01-14,0.15690000000000004,0.4684,0.3115,0.22015,2
2005-01-18,0.07967500000000002,0.27775,0.198025,0.5242249999999999,4
2005-01-19,-0.019620000000000037,0.28434,0.30394,0.41167999999999993,5
2005-01-20,-0.5690999999999999,0.02245,0.59155,0.38605,2
2005-01-21,0.0883,0.22565000000000002,0.13735,0.637,2
2005-01-24,-0.2865,0.026,0.3125,0.6615,1
2005-01-25,-0.27006,0.10030000000000001,0.37038000000000004,0.52934,5
2005-01-26,0.5846,0.6086,0.024,0.3673,1
2005-01-27,-0.55935,0.02595,0.58535,0.3887,2
2005-02-01,-0.602,0.01925,0.6213,0.35945,2
2005-02-02,-0.5457000000000001,0.02255,0.5682499999999999,0.4092,2
2005-02-03,-0.8291,0.0124,0.8415,0.1461,1
2005-02-04,-0.56525,0.026999999999999996,0.5922499999999999,0.38075000000000003,2
2005-02-08,-0.18275000000000002,0.034050000000000004,0.21685,0.7491,2
2005-02-10,0.69,0.70785,0.01785,0.2743,2
2005-02-14,-0.52405,0.02645,0.5505,0.42305000000000004,2
2005-02-15,-0.5085,0.0296,0.5382,0.4322,1
2005-02-17,-0.0972,0.1215,0.2187,0.6598,1
2005-02-24,0.472,0.4972,0.0251,0.4777,1
2005-03-03,0.679,0.6968,0.0178,0.2854,1
2005-03-07,0.5254,0.5495,0.0242,0.4263,1
2005-03-08,-0.3229,0.0523,0.3752,0.5725,1
2005-03-10,-0.0654,0.1491,0.2145,0.6364,1
2005-03-11,-0.1493,0.1783,0.3276,0.4941,1
2005-03-15,-0.5372,0.0334,0.5706,0.396,1
2005-03-21,-0.5118,0.0334,0.5452,0.42145,2
2005-03-22,0.0635,0.0842,0.0207,0.8951,1
2005-03-24,-0.0152,0.0575,0.0727,0.8698,1
2005-03-30,0.30029999999999996,0.3417,0.04135,0.61695,2
2005-04-03,0.0869,0.1255,0.0386,0.8359,1
2005-04-04,0.21819999999999998,0.40845,0.19025,0.40135,2
2005-04-12,0.693,0.7093,0.0163,0.2744,1
2005-04-15,0.1208,0.1587,0.0379,0.8033,1
2005-04-18,0.0945,0.1408,0.0463,0.8128,1
2005-05-09,0.07023333333333336,0.227,0.1568,0.6162000000000001,3
2005-05-10,-0.0584,0.2717,0.3301,0.3983,1
2005-05-13,-0.1589,0.2473,0.4062,0.3465,1
2005-05-31,0.0362,0.0546,0.0184,0.927,1
2005-06-02,-0.0021,0.207,0.2092,0.5838,1
2005-06-11,0.0043,0.1423,0.138,0.7197,1
2005-06-16,0.4308,0.45985,0.02905,0.5111,2
2005-06-17,0.7277,0.7607,0.033,0.2062,1
2005-06-23,-0.7169,0.0203,0.7372,0.2425,1
2005-06-24,-0.4812,0.0524,0.5336,0.4141,1
2005-06-27,0.2127,0.2397,0.027,0.7332,1
2005-06-28,-0.2194,0.0903,0.3097,0.6001,1
2005-06-29,0.36215,0.389,0.02685,0.5841,2
2005-07-01,-0.2456,0.180225,0.425825,0.393925,4
2005-07-05,-0.53545,0.02815,0.5636,0.4082,2
2005-07-06,0.14473333333333335,0.4048333333333334,0.2601333333333333,0.33499999999999996,3
2005-07-11,0.2355,0.3923,0.1568,0.45089999999999997,2
2005-07-12,0.2048,0.3956,0.1908,0.4136,1
2005-07-13,-0.5079,0.043,0.5508500000000001,0.4062,2
2005-07-14,-0.6575,0.02525,0.68275,0.2919,2
2005-07-18,-0.695,0.021,0.716,0.2631,1
2005-07-19,-0.45055,0.052000000000000005,0.50255,0.4455,2
2005-07-20,0.34565,0.44445,0.0988,0.45675,2
2005-07-21,0.0933,0.2906,0.1973,0.512,1
2005-07-22,0.004,0.2706,0.2666,0.4629,1
2005-07-25,-0.048150000000000026,0.31625,0.3644,0.31935,2
2005-07-26,-0.5179,0.0255,0.5435,0.431,1
2005-07-27,0.22293333333333334,0.4085666666666667,0.1856,0.4058333333333333,3
2005-07-28,0.37353333333333333,0.4036666666666667,0.030166666666666665,0.5661333333333333,3
2005-07-29,-0.3428,0.09865,0.4415,0.45985,2
2005-08-02,-0.4186,0.0484,0.4669,0.4847,1
2005-08-03,0.5451,0.5937,0.0486,0.3577,1
2005-08-05,-0.6163,0.0195,0.6359,0.3446,1
2005-08-09,0.105775,0.29002500000000003,0.18425,0.5257499999999999,4
2005-08-10,0.3885,0.5136000000000001,0.125,0.3614,2
2005-08-11,0.5018666666666667,0.5885666666666667,0.08673333333333333,0.3247,3
2005-08-12,0.5986,0.6242,0.02555,0.35025,2
2005-08-15,-0.4927,0.0503,0.543,0.4067,1
2005-08-16,-0.6344,0.0311,0.6655,0.3033,1
2005-08-17,-0.41596666666666665,0.0653,0.48126666666666673,0.45346666666666663,3
2005-08-18,0.4729,0.5059,0.0329,0.4612,1
2005-08-19,-0.6816,0.0183,0.6999,0.2817,1
2005-08-22,0.0985,0.139,0.0406,0.8204,1
2005-08-24,-0.2869,0.09326666666666666,0.3801666666666667,0.5265666666666666,3
2005-08-25,0.04895000000000002,0.30319999999999997,0.25425,0.4425,2
2005-08-26,-0.018100000000000005,0.2994,0.3175,0.3831,2
2005-08-30,-0.6152,0.023,0.6382,0.3388,2
2005-08-31,0.133,0.2798333333333333,0.14683333333333334,0.5732666666666667,3
2005-09-01,0.3568,0.471,0.1142,0.4149,1
2005-09-02,0.2529,0.2925,0.0396,0.6679,1
2005-09-06,-0.14989999999999998,0.2223,0.37220000000000003,0.40555,2
2005-09-07,-0.0215,0.2855,0.307,0.4075,1
2005-09-08,0.3455,0.4638333333333333,0.11833333333333333,0.4178,3
2005-09-09,0.5253333333333333,0.5575333333333333,0.03216666666666667,0.41030000000000005,3
2005-09-12,0.4478,0.494,0.0462,0.4599,1
2005-09-13,-0.5191,0.0425,0.5617,0.3958,1
2005-09-16,0.3812,0.3966,0.0154,0.5881,1
2005-09-19,0.6383333333333333,0.6825666666666667,0.04416666666666667,0.2732666666666666,3
2005-09-20,-0.5103,0.028,0.5383,0.4337,1
2005-09-21,0.31739999999999996,0.3833333333333333,0.06593333333333333,0.5507333333333334,3
2005-09-22,0.429,0.4791,0.0501,0.4708,1
2005-09-26,0.32755,0.359,0.03145,0.6096,2
2005-09-27,-0.6933,0.0194,0.7128,0.2678,1
2005-09-29,0.48733333333333334,0.5150666666666667,0.027733333333333332,0.45716666666666667,3
2005-09-30,-0.5496,0.0384,0.588,0.3736,1
2005-10-03,-0.56936,0.03652,0.6058999999999999,0.35754,5
2005-10-05,-0.2778,0.1146,0.3924,0.493,1
2005-10-06,0.6150666666666668,0.6457333333333333,0.030633333333333335,0.3236666666666666,3
2005-10-07,0.62335,0.65375,0.030399999999999996,0.31584999999999996,2
2005-10-10,0.27725,0.33649999999999997,0.059225,0.604275,4
2005-10-11,-0.008299999999999974,0.33645,0.3448,0.3188,2
2005-10-12,0.08800000000000002,0.33015,0.24225000000000002,0.4276,2
2005-10-13,-0.20054999999999998,0.0988,0.29935,0.6018,2
2005-10-14,-0.34369999999999995,0.09466666666666668,0.4383666666666666,0.4669666666666667,3
2005-10-17,0.1128,0.1698,0.057,0.7732,1
2005-10-18,-0.609,0.0601,0.66915,0.2707,2
2005-10-19,-0.66,0.0213,0.6813,0.2974,1
2005-10-20,-0.6792,0.0135,0.6927,0.2939,1
2005-10-21,-0.6647,0.0174,0.682,0.3006,1
2005-10-24,0.2018,0.3988,0.197,0.4042,1
2005-10-25,0.030700000000000022,0.23649999999999996,0.20579999999999998,0.5577,3
2005-10-26,-0.6111,0.0358,0.6469,0.3172,1
2005-10-27,0.5759,0.6231,0.0472,0.3298,1
2005-10-28,0.5909500000000001,0.64415,0.0532,0.30274999999999996,2
2005-10-31,-0.6116,0.0203,0.6319,0.3478,1
2005-11-01,-0.29256666666666664,0.12716666666666668,0.41973333333333335,0.4530666666666667,3
2005-11-02,0.41559999999999997,0.5039,0.0883,0.40785000000000005,2
2005-11-03,-0.3417666666666667,0.0805,0.42229999999999995,0.49720000000000003,3
2005-11-04,-0.6172,0.0315,0.6487,0.31984999999999997,2
2005-11-07,0.3734,0.42862,0.05524,0.5161399999999999,5
2005-11-09,0.7478,0.76525,0.0174,0.21735,2
2005-11-10,0.2857,0.33767142857142857,0.05195714285714286,0.6103571428571428,7
2005-11-11,0.5025,0.5301,0.0276,0.4423,1
2005-11-14,-0.6003499999999999,0.0241,0.62445,0.3514,2
2005-11-15,-0.5513,0.0249,0.5762,0.3989,1
2005-11-16,0.4902,0.5299,0.0397,0.4304,1
2005-11-18,0.5818,0.664,0.0822,0.2538,1
2005-11-21,0.26256666666666667,0.33,0.06743333333333333,0.6025999999999999,3
2005-11-22,0.2872,0.39444999999999997,0.10725000000000001,0.4983,2
2005-11-29,-0.3251,0.07243333333333334,0.39753333333333335,0.5300333333333334,3
2005-11-30,0.07270000000000001,0.23945,0.16675,0.593825,4
2005-12-01,0.4261799999999999,0.45644,0.030260000000000002,0.51334,5
2005-12-02,-0.009799999999999994,0.2987333333333333,0.3085333333333333,0.3927,3
2005-12-06,0.06985000000000002,0.36555,0.29575,0.3387,2
2005-12-07,0.2491,0.30535,0.05625,0.6384,2
2005-12-09,0.6461666666666667,0.6762333333333332,0.030033333333333332,0.2937666666666667,3
2005-12-12,0.6288,0.6572,0.0284,0.3144,1
2005-12-13,-0.4148,0.1331,0.5479,0.3189,1
2005-12-14,0.115,0.1657,0.0506,0.7837,1
2005-12-15,0.19770000000000001,0.42735,0.22965,0.34295,2
2005-12-16,-0.5011,0.034,0.535,0.431,1
2005-12-22,0.5569500000000001,0.6018,0.04485,0.3533,2
2005-12-23,-0.0108,0.4007,0.4115,0.1877,1
2005-12-29,0.2592,0.4447,0.1855,0.3698,1
2005-12-30,0.3515,0.4407,0.0892,0.4701,1
2006-01-03,0.38359999999999994,0.4865666666666666,0.103,0.41043333333333337,3
2006-01-04,0.5936,0.62305,0.02945,0.34750000000000003,2
2006-01-05,0.0145,0.0499,0.0354,0.9148,1
2006-01-06,0.5185749999999999,0.5728,0.05425,0.372925,4
2006-01-07,-0.5103,0.0411,0.5514,0.4075,1
2006-01-09,0.23964,0.42474,0.18512,0.39014000000000004,5
2006-01-10,-0.09713999999999998,0.20664000000000002,0.30378,0.48958,5
2006-01-12,-0.6191,0.0263,0.6454,0.3284,1
2006-01-17,-0.5786,0.03134,0.60994,0.35869999999999996,5
2006-01-19,0.33593333333333336,0.4244333333333334,0.08849999999999998,0.4870666666666666,3
2006-01-20,-0.6819,0.0161,0.698,0.2859,2
2006-01-23,0.17793333333333336,0.3880333333333334,0.21006666666666665,0.4019,3
2006-01-24,-0.63735,0.0232,0.6605000000000001,0.3163,2
2006-01-25,0.28775,0.3375,0.04975,0.61275,2
2006-01-26,-0.26675,0.0766,0.34325,0.5801499999999999,2
2006-01-30,0.21825,0.2959,0.07765,0.62645,2
2006-01-31,0.36875,0.4159,0.0471,0.537,2
2006-02-01,-0.5448999999999999,0.04245,0.58735,0.3702,2
2006-02-02,0.1163,0.1564,0.0401,0.8035,1
2006-02-03,-0.35434999999999994,0.1139,0.46824999999999994,0.41779999999999995,2
2006-02-06,0.25193333333333334,0.27886666666666665,0.026966666666666667,0.6941333333333333,3
2006-02-07,-0.4398,0.0503,0.4901,0.4597,1
2006-02-09,0.34035000000000004,0.43885,0.09845,0.46275,2
2006-02-10,0.12233333333333334,0.39396666666666674,0.27166666666666667,0.33433333333333337,3
2006-02-13,-0.37196,0.06224,0.43423999999999996,0.5035000000000001,5
2006-02-15,-0.418375,0.107825,0.5262,0.36595,4
2006-02-16,0.3748,0.4611,0.0863,0.4526,1
2006-02-17,-0.3668,0.0413,0.4081,0.5506,1
2006-02-18,0.4731,0.5018,0.0287,0.4695,1
2006-02-21,0.45966666666666667,0.4901333333333333,0.03046666666666667,0.47940000000000005,3
2006-02-22,-0.03862500000000001,0.26015,0.298775,0.44105000000000005,4
2006-02-23,0.010149999999999992,0.30605000000000004,0.2959,0.39805,2
2006-02-24,0.36213333333333325,0.4690666666666667,0.10693333333333332,0.424,3
2006-02-27,-0.7265,0.0171,0.7436,0.2393,1
2006-02-28,-0.069,0.2605,0.3295,0.41,1
2006-03-01,0.2922,0.3836333333333333,0.0914,0.525,3
2006-03-03,-0.5618,0.0335,0.5953,0.3713,1
2006-03-04,0.366,0.3865,0.0205,0.593,1
2006-03-08,-0.6655,0.0157,0.6811,0.3032,2
2006-03-09,0.2602,0.3973,0.1371,0.46565,2
2006-03-10,-0.4341,0.1138,0.5479,0.3383,1
2006-03-13,0.2726,0.3637,0.0911,0.5452,1
2006-03-14,0.21045,0.27065,0.06025,0.66905,2
2006-03-15,0.5971,0.6157,0.01865,0.3657,2
2006-03-17,0.7781,0.7899,0.0118,0.1983,1
2006-03-20,-0.16405,0.09315,0.25725,0.6496,2
2006-03-21,-0.2199,0.16902500000000004,0.3889,0.4421,4
2006-03-22,-0.59085,0.0248,0.61565,0.35955000000000004,2
2006-03-23,-0.08739999999999999,0.10305,0.1904,0.70655,2
2006-03-28,-0.28256666666666663,0.13246666666666665,0.41500000000000004,0.4525333333333334,6
2006-03-29,-0.2143,0.0501,0.2644,0.6855,1
2006-03-30,0.40955,0.4358,0.026199999999999998,0.538,2
2006-03-31,-0.5732,0.0286,0.6018,0.3695,1
2006-04-03,0.2479,0.31935,0.07145,0.6092,2
2006-04-05,0.33453333333333335,0.4364333333333333,0.10186666666666666,0.46166666666666667,3
2006-04-06,0.25716,0.37094,0.11376000000000001,0.5152599999999999,5
2006-04-07,-0.0035599999999999963,0.30086,0.30439999999999995,0.39474,5
2006-04-10,0.3564,0.4531,0.09670000000000001,0.45020000000000004,2
2006-04-13,0.4989,0.5859,0.087,0.3271,1
2006-04-16,0.5913,0.6145,0.0232,0.3622,1
2006-04-18,-0.5761,0.0234,0.5995,0.3772,1
2006-04-20,-0.3262,0.15080000000000002,0.47700000000000004,0.37220000000000003,3
2006-04-21,0.6245333333333333,0.6486333333333333,0.0241,0.3272333333333333,3
2006-04-24,0.0194,0.1898,0.1703,0.6399,1
2006-04-25,0.50935,0.54615,0.036750000000000005,0.4171,2
2006-04-26,0.5491,0.5681,0.019,0.4129,1
2006-04-27,-0.1713,0.2936,0.465,0.2414,1
2006-04-28,0.390875,0.41612499999999997,0.025224999999999997,0.55865,4
2006-05-01,-0.4684,0.128,0.5964,0.2756,1
2006-05-02,0.27295,0.31605,0.04315,0.64085,2
2006-05-03,-0.04899999999999999,0.25005,0.29905,0.45085,2
2006-05-04,0.3930666666666667,0.4342333333333333,0.0412,0.5245666666666667,3
2006-05-05,0.41595000000000004,0.51385,0.09790000000000001,0.38825,4
2006-05-08,-0.57795,0.03055,0.6084499999999999,0.361,2
2006-05-09,0.39583999999999997,0.53742,0.1416,0.321,5
2006-05-10,0.06100000000000001,0.2707,0.2097,0.5196000000000001,4
2006-05-11,0.8061,0.8155,0.0095,0.175,1
2006-05-12,-0.5392666666666667,0.052700000000000004,0.5919666666666666,0.3552666666666667,3
2006-05-17,-0.05356666666666665,0.22973333333333334,0.2833,0.4869666666666666,3
2006-05-18,-0.7261,0.0151,0.7412,0.2438,1
2006-05-19,-0.665,0.0221,0.6871,0.2908,1
2006-05-22,-0.03175,0.33925,0.371,0.28975,2
2006-05-23,0.7931,0.8208,0.0278,0.1514,1
2006-05-24,-0.5104,0.0239,0.5342,0.4419,1
2006-05-25,0.4982,0.5441499999999999,0.046,0.40990000000000004,2
2006-05-26,0.14435,0.40415,0.25975,0.3361,2
2006-05-30,-0.08834999999999998,0.2594,0.3477,0.3929,2
2006-05-31,-0.28545000000000004,0.16515000000000002,0.4506,0.38425,4
2006-06-01,-0.037199999999999976,0.21369999999999997,0.2509,0.5353666666666667,3
2006-06-02,-0.262,0.0451,0.3071,0.6478,1
2006-06-05,0.1795,0.26915,0.08965000000000001,0.6412,2
2006-06-06,-0.7191,0.0161,0.7351,0.2488,1
2006-06-07,-0.15839999999999999,0.11115,0.26955,0.6193,2
2006-06-09,-0.06709999999999999,0.29619999999999996,0.36325,0.3406,2
2006-06-12,-0.5868,0.0205,0.6074,0.3721,1
2006-06-13,-0.038650000000000004,0.123275,0.16195,0.7148000000000001,4
2006-06-14,0.06761999999999999,0.2029,0.13528,0.6618200000000001,5
2006-06-15,0.1039,0.1429,0.039,0.818,1
2006-06-17,0.578,0.6083,0.0302,0.3615,1
2006-06-19,-0.2946,0.1135,0.4081,0.4784,1
2006-06-21,0.423925,0.503175,0.07925,0.41759999999999997,4
2006-06-22,-0.3185,0.106,0.4245,0.4695,1
2006-06-26,-0.553,0.0283,0.5813,0.3904,1
2006-06-27,0.1399,0.286825,0.14694999999999997,0.566175,4
2006-06-28,-0.12096666666666667,0.20583333333333334,0.32676666666666665,0.4674,3
2006-06-29,-0.249,0.1404,0.3894,0.4702,1
2006-07-05,0.07719999999999999,0.3679333333333334,0.29073333333333334,0.34136666666666665,3
2006-07-06,-0.5704,0.0206,0.591,0.3884,1
2006-07-07,-0.4424,0.0527,0.4951,0.4522,1
2006-07-08,0.7551,0.7701,0.0149,0.215,1
2006-07-10,0.6969,0.7083,0.0115,0.2802,1
2006-07-11,0.4514,0.4943,0.0429,0.4628,1
2006-07-13,0.4850666666666667,0.5319666666666666,0.04686666666666667,0.4211666666666667,3
2006-07-17,-0.47515,0.04455,0.5197,0.43574999999999997,2
2006-07-18,-0.5117,0.062,0.5737,0.3643,1
2006-07-19,0.4915,0.5324,0.0408,0.4268,1
2006-07-20,-0.23385,0.11745,0.35135,0.5312,2
2006-07-21,-0.5628,0.0223,0.5851,0.3926,1
2006-07-24,-0.5808,0.02055,0.6013999999999999,0.37805,2
2006-07-25,-0.0158,0.4395,0.4554,0.1051,1
2006-07-27,0.07045,0.21875,0.14830000000000002,0.63295,2
2006-07-28,0.10844999999999999,0.41824999999999996,0.3098,0.27194999999999997,2
2006-07-29,0.2928,0.3712,0.0785,0.5503,1
2006-08-01,-0.2062,0.1713,0.3775,0.4511,1
2006-08-07,0.2539,0.42164999999999997,0.16774999999999998,0.41064999999999996,2
2006-08-08,-0.3959,0.10690000000000001,0.502775,0.3903,4
2006-08-10,-0.17479999999999998,0.23142000000000001,0.40624000000000005,0.36234,5
2006-08-11,-0.7164,0.0168,0.7332,0.25,1
2006-08-13,-0.5906,0.0186,0.6092,0.3722,1
2006-08-14,-0.577,0.0175,0.5945,0.3879,1
2006-08-15,-0.7152,0.021,0.7362,0.2428,1
2006-08-16,0.05945,0.30895,0.24945,0.4416,2
2006-08-17,-0.5569000000000001,0.02526666666666667,0.5821666666666667,0.39253333333333335,3
2006-08-18,-0.5850500000000001,0.021075,0.6061500000000001,0.372775,4
2006-08-21,-0.2582,0.11820000000000001,0.3764,0.5054,3
2006-08-23,-0.34945000000000004,0.0459,0.39535,0.5588,2
2006-08-25,0.4649,0.4984,0.0335,0.4681,1
2006-08-31,0.0941,0.107,0.0129,0.8801,1
2006-09-01,-0.2544666666666667,0.19173333333333334,0.4462333333333333,0.36199999999999993,3
2006-09-04,0.6032,0.617,0.0139,0.3691,1
2006-09-05,0.4157,0.5115,0.0958,0.3927,1
2006-09-07,-0.6756500000000001,0.01675,0.6924,0.29085,2
2006-09-08,-0.5835333333333333,0.03133333333333333,0.6148666666666667,0.35379999999999995,3
2006-09-09,-0.7069,0.0331,0.74,0.2269,1
2006-09-11,-0.3213333333333333,0.11123333333333334,0.43263333333333337,0.45616666666666666,3
2006-09-13,0.42669999999999997,0.47985,0.053200000000000004,0.46695,2
2006-09-14,0.4066,0.4146,0.0081,0.5773,1
2006-09-15,0.010849999999999999,0.11605,0.10519999999999999,0.7787,2
2006-09-18,0.5287,0.6007,0.072,0.3274,1
2006-09-19,-0.5732,0.0275,0.6008,0.3717,1
2006-09-20,0.34504999999999997,0.35940000000000005,0.01435,0.6262,2
2006-09-22,0.5679333333333333,0.6098333333333333,0.04189999999999999,0.34826666666666667,3
2006-09-26,-0.5808500000000001,0.02355,0.6044,0.37205,2
2006-09-27,0.11003333333333333,0.3607,0.2506333333333333,0.38863333333333333,3
2006-09-28,0.2088,0.2194,0.0106,0.77,1
2006-09-29,-0.3801,0.0762,0.4563,0.4674,1
2006-10-03,-0.6507000000000001,0.01995,0.67065,0.30935,2
2006-10-04,-0.5306,0.0205,0.5511,0.4284,1
2006-10-05,0.4932,0.5373,0.044,0.4187,1
2006-10-06,-0.5768,0.0289,0.6057,0.3654,1
2006-10-09,0.5767666666666666,0.6119666666666667,0.0352,0.35286666666666666,3
2006-10-10,-0.4863,0.063,0.5493,0.3876,1
2006-10-11,-0.4396,0.0476,0.4872,0.4653,1
2006-10-12,0.20201666666666665,0.3061833333333333,0.10421666666666667,0.5896333333333333,6
2006-10-13,0.5281,0.5819,0.0538,0.3643,1
2006-10-17,-0.24185,0.1518,0.39365,0.45445,2
2006-10-18,-0.16374,0.18680000000000002,0.35052000000000005,0.4626799999999999,5
2006-10-20,-0.41,0.0767,0.4867,0.4366,1
2006-10-23,-0.5489,0.0191,0.568,0.4129,1
2006-10-25,-0.053550000000000014,0.2544,0.30795,0.4376,2
2006-10-27,0.1869,0.3537,0.1668,0.4795,2
2006-10-30,0.37725,0.4042,0.02695,0.5688,2
2006-10-31,-0.5784,0.0271,0.6055,0.3674,1
2006-11-01,0.2282,0.40335,0.1752,0.4215,2
2006-11-02,0.44110000000000005,0.5550333333333334,0.11396666666666666,0.331,3
2006-11-03,0.7793,0.7968,0.0175,0.1858,1
2006-11-06,0.4232,0.4399,0.0167,0.5435,1
2006-11-07,0.4962,0.5195,0.0233,0.4571,1
2006-11-09,0.2386,0.4107,0.17204999999999998,0.41725,2
2006-11-10,-0.5401499999999999,0.039400000000000004,0.5795,0.38115,2
2006-11-16,-0.2254,0.18814000000000003,0.41352,0.39836,5
2006-11-17,-0.31675000000000003,0.1547,0.47145000000000004,0.37385,2
2006-11-20,0.4819,0.5082,0.0264,0.4654,1
2006-11-22,0.20113333333333336,0.38293333333333335,0.18183333333333337,0.4352333333333333,3
2006-11-24,-0.217,0.1611,0.3781,0.4608,1
2006-11-28,-0.6414,0.0161,0.6575,0.3263,1
2006-11-29,-0.5481,0.0252,0.5733,0.4015,1
2006-11-30,0.331325,0.44577500000000003,0.114475,0.439725,4
2006-12-01,0.008033333333333373,0.27103333333333335,0.2629666666666666,0.466,3
2006-12-04,0.34430000000000005,0.40276666666666666,0.05843333333333334,0.5387666666666667,3
2006-12-05,-0.4785,0.0314,0.5099,0.4588,1
2006-12-07,-0.1133,0.2634666666666667,0.37673333333333336,0.35979999999999995,3
2006-12-08,-0.43655,0.056150000000000005,0.49269999999999997,0.45115,2
2006-12-12,-0.041800000000000025,0.3138,0.3556333333333333,0.3305666666666667,3
2006-12-13,0.3345,0.4407,0.1062,0.4532,1
2006-12-14,-0.194425,0.2022,0.396625,0.401125,4
2006-12-15,0.0258,0.3668,0.341,0.2922,1
2006-12-16,-0.4721,0.0626,0.5347,0.4028,1
2006-12-18,-0.53025,0.0274,0.55765,0.41495,2
2006-12-20,-0.6981,0.0165,0.7145,0.269,1
2006-12-21,-0.6436,0.0194,0.6629,0.3177,1
2006-12-26,-0.1449,0.2061,0.351,0.4428,1
2006-12-28,0.26990000000000003,0.38939999999999997,0.1195,0.4911,2
2007-01-01,0.0468,0.0643,0.0174,0.9183,1
2007-01-02,0.7799,0.7959,0.016,0.188,1
2007-01-03,-0.5086,0.0287,0.5373,0.434,1
2007-01-04,-0.5747,0.01765,0.5924,0.38995,2
2007-01-05,-0.5785,0.01925,0.59775,0.38295,2
2007-01-08,-0.5489,0.0262,0.575,0.3988,1
2007-01-09,0.31605,0.3623,0.04625,0.59145,2
2007-01-10,-0.4491,0.067,0.5161,0.4169,1
2007-01-11,-0.5516,0.0259,0.5775,0.3966,1
2007-01-12,0.40025,0.517975,0.117725,0.364275,4
2007-01-16,0.1223,0.3618,0.2395,0.3987,1
2007-01-17,0.2964,0.3953,0.0989,0.5058,1
2007-01-18,-0.5075,0.0194,0.5269,0.4536,1
2007-01-19,0.7382,0.7606,0.0224,0.217,1
2007-01-22,0.5058,0.5292,0.0234,0.4474,1
2007-01-23,0.5714,0.6002,0.0288,0.371,1
2007-01-24,-0.5983,0.0296,0.6279,0.3424,1
2007-01-25,0.47400000000000003,0.5020666666666667,0.0281,0.4698,3
2007-01-26,-0.5397333333333333,0.0291,0.5688666666666666,0.40199999999999997,3
2007-01-29,-0.02554999999999999,0.29,0.31545,0.39455,2
2007-01-31,0.471775,0.528275,0.0565,0.41525,4
2007-02-01,0.5776666666666667,0.6051000000000001,0.027433333333333334,0.3675,3
2007-02-02,0.3255,0.4639,0.1384,0.3977,1
2007-02-05,0.5291,0.5517,0.0226,0.4257,1
2007-02-06,0.5175,0.5486,0.0312,0.4202,1
2007-02-07,0.4847,0.5107,0.0261,0.4632,1
2007-02-08,0.4851,0.5155,0.03035,0.45415,2
2007-02-09,0.5142,0.5665,0.0522,0.3813,1
2007-02-12,-0.5455,0.0249,0.5703,0.4048,1
2007-02-14,0.26295,0.39055,0.1276,0.48185,2
2007-02-20,-0.5494,0.0493,0.5987,0.352,1
2007-02-22,0.0843,0.3141,0.2299,0.456,1
2007-02-23,0.5298,0.5599,0.0301,0.41,1
2007-02-26,0.37455,0.47,0.0955,0.4345,2
2007-02-27,-0.1777,0.1526,0.3303,0.5172,1
2007-02-28,-0.28375,0.1603,0.4441,0.3956,2
2007-03-02,-0.6097,0.05,0.6597,0.2903,1
2007-03-05,-0.5122,0.0287,0.5409,0.4304,1
2007-03-09,-0.16464999999999996,0.2469,0.41154999999999997,0.34155,2
2007-03-12,-0.4228,0.0605,0.4833,0.4561,1
2007-03-14,-0.8331,0.01,0.8431,0.1469,1
2007-03-16,0.3419,0.4351,0.0933,0.4716,1
2007-03-22,0.5254,0.5668,0.0414,0.39185,2
2007-03-23,0.352,0.4303,0.0783,0.4914,1
2007-03-25,-0.188,0.08105000000000001,0.26904999999999996,0.64995,2
2007-03-26,0.7072,0.764,0.0568,0.1792,1
2007-03-30,0.5377,0.5614,0.0237,0.4149,1
2007-04-02,-0.01469999999999999,0.2881,0.3028,0.4091,2
2007-04-03,-0.5686,0.0214,0.5901,0.3885,1
2007-04-04,0.4607,0.49355000000000004,0.032850000000000004,0.47350000000000003,2
2007-04-05,-0.2151,0.1747,0.3899,0.4354,1
2007-04-09,0.1149,0.1456,0.0307,0.8237,1
2007-04-10,0.031899999999999984,0.29763333333333336,0.26576666666666665,0.43660000000000004,3
2007-04-11,0.4617,0.5059,0.0442,0.45,1
2007-04-12,-0.1474,0.1258,0.2732,0.601,2
2007-04-13,0.4869,0.511,0.0241,0.4649,1
2007-04-16,0.3193,0.4129,0.0935,0.4936,1
2007-04-17,0.7221,0.7617,0.0396,0.1987,1
2007-04-18,-0.1817,0.1895,0.3712,0.4394,1
2007-04-19,-0.41635,0.15575,0.5721,0.2722,2
2007-04-20,0.5547,0.5787,0.0241,0.3972,1
2007-04-23,-0.3093,0.18860000000000002,0.49795,0.31345,2
2007-04-24,0.3977,0.4745,0.0768,0.4486,1
2007-04-27,0.3773,0.3999,0.022600000000000002,0.5775,2
2007-05-01,-0.5642499999999999,0.02485,0.58905,0.3861,2
2007-05-03,-0.5925,0.0383,0.6308,0.331,1
2007-05-04,-0.00714999999999999,0.23450000000000001,0.24165,0.5239,2
2007-05-07,0.6098,0.7191,0.1093,0.1717,1
2007-05-11,-0.22386666666666666,0.13326666666666667,0.3571666666666667,0.5095999999999999,3
2007-05-14,-0.40673333333333334,0.054766666666666665,0.46153333333333335,0.4836666666666667,3
2007-05-16,-0.48285,0.08515,0.5680499999999999,0.3468,2
2007-05-17,-0.6796666666666668,0.016033333333333333,0.6956666666666668,0.2883,3
2007-05-21,0.3718,0.4606,0.0889,0.4505,1
2007-05-22,-0.5551,0.029,0.5841,0.387,1
2007-05-23,0.3029,0.4595,0.1566,0.38385,2
2007-05-25,-0.4789,0.1213,0.6002,0.2785,1
2007-05-28,0.6186,0.647,0.0285,0.3245,1
2007-05-30,0.4514,0.4639,0.0125,0.5236,1
2007-06-04,0.526,0.5509,0.0249,0.4243,1
2007-06-05,-0.5847,0.0233,0.6079,0.3688,1
2007-06-06,-0.5599,0.0271,0.587,0.386,1
2007-06-07,0.1075,0.1199,0.0124,0.8678,1
2007-06-08,-0.38144999999999996,0.18610000000000002,0.56755,0.24630000000000002,2
2007-06-11,0.4949,0.5151,0.0202,0.4646,1
2007-06-12,-0.0822,0.3486,0.4308,0.2206,1
2007-06-13,-0.7874,0.01,0.7974,0.1926,1
2007-06-14,0.7706,0.7857,0.0152,0.1991,1
2007-06-15,0.5874,0.606,0.0187,0.3753,1
2007-06-18,0.5324333333333334,0.5658,0.03336666666666666,0.4008,3
2007-06-19,0.54165,0.5888,0.04715,0.3641,2
2007-06-20,-0.6166,0.0175,0.6341,0.3484,1
2007-06-21,-0.7288,0.0173,0.7461,0.2367,1
2007-06-22,0.5232,0.5464,0.0233,0.4303,1
2007-06-25,-0.7386,0.0177,0.7563,0.226,1
2007-06-26,-0.47262499999999996,0.08395000000000001,0.5566249999999999,0.35945,4
2007-06-27,-0.5804,0.0281,0.6085,0.3634,1
2007-06-28,0.6614,0.6773,0.0159,0.3068,1
2007-07-02,0.3407,0.4269,0.0861,0.487,1
2007-07-03,-0.5187999999999999,0.03345,0.55225,0.41425,2
2007-07-05,-0.5182,0.0348,0.553,0.4121,1
2007-07-07,-0.6357,0.0229,0.6586,0.3184,1
2007-07-10,0.4,0.50745,0.10744999999999999,0.3851,2
2007-07-11,-0.5614666666666667,0.027,0.5884666666666666,0.3846,3
2007-07-12,0.3109,0.4197,0.1088,0.4715,1
2007-07-13,-0.211025,0.189675,0.40067499999999995,0.40964999999999996,4
2007-07-18,0.5741,0.5995,0.0254,0.3752,1
2007-07-19,0.4573,0.49770000000000003,0.040400000000000005,0.4619,2
2007-07-20,0.5600666666666666,0.5956666666666667,0.0356,0.3687333333333333,3
2007-07-24,0.5807,0.6063,0.0256,0.3681,1
2007-07-25,-0.7757499999999999,0.0145,0.79025,0.19519999999999998,2
2007-07-26,-0.7172000000000001,0.01905,0.7363,0.2446,2
2007-07-31,0.56465,0.6031,0.038400000000000004,0.35845000000000005,2
2007-08-01,-0.3809,0.0929,0.4738,0.4333,1
2007-08-02,0.3177,0.4953,0.1777,0.327,1
2007-08-03,0.6577,0.6702,0.0125,0.3172,1
2007-08-13,0.558,0.5722,0.0142,0.4136,1
2007-08-14,-0.5413,0.0214,0.5627,0.4159,1
2007-08-15,0.0603,0.1326,0.0723,0.7951,1
2007-08-16,-0.5734,0.0609,0.6343,0.3048,1
2007-08-17,-0.1576,0.1301,0.28764999999999996,0.5822499999999999,2
2007-08-20,-0.6006,0.0213,0.6218,0.3569,1
2007-08-24,0.38645,0.46325000000000005,0.07680000000000001,0.45999999999999996,2
2007-08-29,0.5461499999999999,0.5679,0.02175,0.41035,2
2007-08-30,0.5194,0.6227,0.1033,0.274,1
2007-09-04,0.47375,0.5375000000000001,0.06375,0.3987,2
2007-09-06,0.4489,0.4884,0.0395,0.4722,1
2007-09-07,0.49993333333333334,0.5967333333333332,0.09676666666666667,0.30646666666666667,3
2007-09-10,0.7482,0.764,0.0158,0.2202,1
2007-09-12,-0.5437,0.0405,0.5843,0.3752,1
2007-09-13,-0.5229666666666667,0.03563333333333333,0.5585999999999999,0.4058,3
2007-09-14,-0.5346,0.0208,0.5554,0.4238,2
2007-09-17,0.6892,0.7382,0.049,0.2128,1
2007-09-18,0.4829,0.5262,0.0432,0.4306,1
2007-09-19,0.5763,0.6243,0.0481,0.3276,1
2007-09-20,0.280875,0.431275,0.150375,0.418325,4
2007-09-21,0.5361,0.559,0.0229,0.4182,1
2007-09-24,-0.0273,0.2642,0.2915,0.4443,1
2007-09-26,-0.4789,0.0382,0.5172,0.4446,1
2007-09-27,0.4893,0.5271,0.0378,0.4351,1
2007-10-01,-0.5395,0.0242,0.5637,0.4121,1
2007-10-02,-0.6419,0.0215,0.6634,0.31510000000000005,2
2007-10-03,-0.09080000000000002,0.23045,0.32120000000000004,0.44835,2
2007-10-04,-0.3472,0.0729,0.4202,0.5069,1
2007-10-08,-0.4206,0.0675,0.4881,0.4444,1
2007-10-11,0.1809,0.271,0.0901,0.6389,1
2007-10-12,-0.08715,0.11955,0.2067,0.6737,2
2007-10-16,0.5115,0.5301,0.0186,0.4514,1
2007-10-18,0.0226,0.1063,0.0837,0.81,1
2007-10-19,-0.2235,0.1594,0.3829,0.4577,1
2007-10-22,-0.5331,0.0183,0.5514,0.4302,1
2007-10-23,-0.1968,0.2173,0.4142,0.3685,1
2007-10-24,0.0736,0.0962,0.0226,0.8812,1
2007-10-25,-0.499,0.0481,0.5471,0.4048,1
2007-10-26,0.527,0.56,0.03295,0.40705,2
2007-10-27,0.7769,0.801,0.024,0.175,1
2007-10-29,0.5302,0.5543,0.0241,0.4216,1
2007-10-30,0.2060666666666667,0.4073333333333333,0.20126666666666668,0.39143333333333336,3
2007-10-31,0.4062,0.4805,0.0744,0.4451,1
2007-11-01,-0.5687,0.018000000000000002,0.58675,0.39525,2
2007-11-05,0.1732,0.2606,0.08746666666666665,0.6519666666666667,3
2007-11-06,0.19604999999999997,0.3906,0.19455,0.41484999999999994,2
2007-11-07,0.6013,0.6228,0.0216,0.3556,1
2007-11-08,0.293,0.4977666666666667,0.20473333333333332,0.29746666666666666,3
2007-11-12,-0.5978,0.02576666666666667,0.6235666666666666,0.3506,3
2007-11-15,-0.6956,0.015,0.7105,0.2745,1
2007-11-16,-0.62,0.02395,0.6439999999999999,0.33205,2
2007-11-20,0.5056,0.5272,0.02155,0.4512,2
2007-11-22,0.5114,0.5379,0.0265,0.4357,1
2007-11-27,-0.67765,0.019,0.6966,0.28435,2
2007-11-28,-0.6025,0.0364,0.639,0.3246,1
2007-11-30,-0.57992,0.03708,0.617,0.34592,5
2007-12-03,0.5118,0.5429,0.0311,0.426,1
2007-12-04,0.7659,0.7974,0.0315,0.1711,1
2007-12-05,-0.5522,0.0163,0.5685,0.4152,1
2007-12-06,0.4812,0.5023,0.021,0.4767,1
2007-12-07,-0.5455,0.05565,0.60115,0.34315,2
2007-12-10,0.579,0.6581,0.0791,0.2628,1
2007-12-11,-0.5333,0.0177,0.551,0.4313,1
2007-12-13,-0.4938,0.0359,0.5297,0.4343,1
2007-12-24,0.1702,0.3778,0.2077,0.4145,1
2007-12-25,0.5454,0.6222,0.0768,0.301,1
2007-12-27,0.2065,0.3946,0.18815,0.41725,2
2007-12-28,0.0567,0.3888,0.3321,0.2791,1
2007-12-29,-0.2908,0.1379,0.4287,0.4334,1
2008-01-07,0.0658,0.0912,0.0254,0.8835,1
2008-01-08,0.6665,0.682,0.0155,0.3025,1
2008-01-09,0.46745000000000003,0.5028,0.03535,0.46185,2
2008-01-11,0.24570000000000003,0.3145,0.06875,0.6167,2
2008-01-12,0.6199,0.6441,0.0242,0.3318,1
2008-01-14,0.3905,0.4053,0.0148,0.5799,1
2008-01-22,-0.273,0.2437,0.5166,0.23969999999999997,2
2008-01-23,0.0877,0.0992,0.0116,0.8892,1
2008-01-25,0.1084,0.30615000000000003,0.1977,0.4962,2
2008-01-28,0.3079,0.3448,0.0369,0.61835,2
2008-01-29,-0.5178499999999999,0.026000000000000002,0.5438000000000001,0.4302,2
2008-01-30,-0.5402,0.0218,0.562,0.4162,1
2008-02-01,0.011899999999999966,0.321,0.30905000000000005,0.36995,2
2008-02-08,0.5981,0.6185,0.0204,0.361,1
2008-02-09,0.4423,0.4834,0.0412,0.4754,1
2008-02-13,0.2546,0.405,0.1504,0.4446,1
2008-02-15,-0.5545,0.0179,0.5725,0.4096,1
2008-02-19,0.7184,0.7392,0.0208,0.24,1
2008-02-21,0.64045,0.65905,0.018549999999999997,0.32245,2
2008-02-23,0.7578,0.7768,0.019,0.2042,1
2008-02-25,-0.6295,0.0323,0.6617,0.306,2
2008-02-26,-0.1696,0.1997,0.3693,0.4309,1
2008-02-27,0.5654,0.5928,0.0274,0.3797,1
2008-02-29,0.6623666666666667,0.6829333333333333,0.020566666666666667,0.29653333333333337,3
2008-03-04,0.5734,0.6011,0.0277,0.3712,1
2008-03-05,0.4723,0.5546,0.0823,0.36306666666666665,3
2008-03-06,-0.5307000000000001,0.0203,0.5509666666666666,0.4287,3
2008-03-10,-0.5309,0.0205,0.5513,0.4282,1
2008-03-11,0.4569,0.5301,0.0732,0.3967,2
2008-03-12,0.45640000000000003,0.53105,0.07465,0.3943,2
2008-03-13,0.3008,0.3828,0.082,0.5352,1
2008-03-17,0.6624,0.6916,0.0291,0.2793,1
2008-03-20,-0.7437,0.0198,0.7634,0.2168,1
2008-03-24,-0.531,0.0203,0.5513,0.4285,1
2008-03-25,-0.0705,0.2836,0.3541,0.3624,1
2008-03-26,0.5717,0.5994,0.0277,0.3728,1
2008-03-27,0.628,0.6709,0.0429,0.2863,1
2008-03-28,-0.8846,0.0111,0.8957,0.0932,1
2008-03-31,-0.0987,0.2756,0.3743,0.35003333333333336,3
2008-04-01,-0.36924999999999997,0.11460000000000001,0.4838,0.40154999999999996,2
2008-04-03,0.4908,0.5443,0.0535,0.4022,1
2008-04-04,-0.007500000000000007,0.2551,0.2626,0.48229999999999995,3
2008-04-07,0.45875,0.53435,0.0756,0.39005,2
2008-04-09,-0.01836666666666668,0.19173333333333334,0.21013333333333337,0.5981333333333333,3
2008-04-10,-0.5532,0.0193,0.5725,0.4081,1
2008-04-16,-0.1025,0.2274,0.3299,0.4427,1
2008-04-17,-0.09426666666666668,0.2673666666666667,0.3616333333333333,0.37106666666666666,3
2008-04-18,0.5001,0.5772,0.0772,0.3456,1
2008-04-21,0.3036,0.4176,0.1139,0.4685,1
2008-04-22,0.284625,0.4237,0.139075,0.437225,4
2008-04-24,-0.5588500000000001,0.02545,0.5843,0.39025,2
2008-04-25,-0.586,0.0252,0.6111,0.3637,1
2008-04-28,0.4833,0.54845,0.0652,0.38634999999999997,2
2008-04-30,0.10459999999999998,0.36519999999999997,0.26056666666666667,0.3743,3
2008-05-02,0.5371,0.5622,0.0251,0.4127,1
2008-05-05,0.4976,0.5245,0.027,0.4485,1
2008-05-06,0.062975,0.334725,0.2717,0.39359999999999995,4
2008-05-07,0.0837,0.1053,0.0216,0.8731,1
2008-05-08,0.64915,0.67745,0.02825,0.2943,2
2008-05-09,0.5278,0.5537,0.0259,0.4204,1
2008-05-12,-0.5617333333333333,0.0289,0.5905666666666667,0.38053333333333333,3
2008-05-13,-0.26815,0.1569,0.42510000000000003,0.41800000000000004,2
2008-05-14,-0.781,0.0171,0.7981,0.1847,1
2008-05-16,0.3457,0.43565,0.0899,0.47450000000000003,2
2008-05-19,0.3998,0.5157,0.116,0.3683,1
2008-05-20,0.533,0.5569,0.0239,0.4192,1
2008-05-21,0.2991,0.4224,0.1233,0.4543,1
2008-05-27,-0.619,0.0243,0.6433,0.3324,1
2008-05-28,-0.5212,0.0439,0.5651,0.3911,1
2008-05-29,-0.27415,0.10175000000000001,0.37595,0.5223,2
2008-05-30,-0.5613,0.0225,0.5837,0.3938,1
2008-06-02,0.11019999999999999,0.3396,0.2294,0.43105,2
2008-06-03,-0.5544,0.0347,0.5891,0.3762,1
2008-06-04,-0.5696,0.0224,0.592,0.3856,1
2008-06-05,-0.80325,0.01885,0.8221,0.15910000000000002,2
2008-06-06,0.38239999999999996,0.47665,0.0942,0.42915,2
2008-06-08,-0.3047194077819586,0.06740436982363462,0.37212377760559323,0.5604718561470509,25
2008-06-09,0.11913318299278619,0.30875667031407356,0.1896484873212874,0.5015948467046023,27
2008-06-10,-0.14784119106829166,0.08872481938451529,0.23656601045280695,0.6747091664373874,25
2008-06-11,0.11432320541515946,0.290820119266212,0.17652191385105254,0.5326579612016678,27
2008-06-12,-0.16016440097242593,0.13826229199767112,0.29842669297009705,0.5633110103011131,25
2008-06-13,-0.3197502768754337,0.0775328791640778,0.3972831560395116,0.5251839611456262,25
2008-06-14,-0.21952162448316812,0.1557087768241763,0.3752304013073444,0.46906081825494766,25
2008-06-15,-0.054355938024818896,0.13259088017046453,0.18694681819528342,0.6804623134434223,25
2008-06-16,-0.15482083071023225,0.09072477735579014,0.2455456080660224,0.6637296088039875,25
2008-06-17,-0.06796225666999817,0.20746063232421874,0.2754228889942169,0.5171164916455746,25
2008-06-18,0.2367776497997343,0.34934828898310666,0.11257063918337226,0.538031073193252,26
2008-06-19,0.1975833210758865,0.3566871576167643,0.1591038365408778,0.48420900574922565,26
2008-06-20,0.017115472976863395,0.27475553151667115,0.2576650585398078,0.4676044122159481,27
2008-06-21,-0.28374985720962287,0.09217624556273223,0.37592610277235505,0.5318976493179798,25
2008-06-22,-0.32505721878260374,0.0616583850979805,0.38671560388058424,0.5516260161995887,25
2008-06-23,-0.3758275417931378,0.0733873069472611,0.44921484874039885,0.47739784857779743,26
2008-06-24,-0.06933907386884093,0.20259184644296765,0.2719309203118086,0.5254772279739379,26
2008-06-25,-0.14902254654342928,0.15173540362864732,0.3007579501720766,0.5475066549350818,28
2008-06-26,-0.12417131427675486,0.16662065148353578,0.29079196576029065,0.5425873747467995,25
2008-06-27,-0.0779712527938187,0.1889532382570207,0.2669744910508394,0.544072275069356,27
2008-06-28,-0.202639513053,0.07490331962704659,0.27754283268004654,0.6475538358092308,25
2008-06-29,-0.3363493946939707,0.05589290820062161,0.3922423028945923,0.5518647882342339,25
2008-06-30,-0.12580266668871043,0.21886930335313082,0.34467197004184125,0.43643372908234596,27
2008-07-01,0.1972553375126794,0.31473688284385326,0.11748154533117389,0.5677815743084997,26
2008-07-02,-0.0831045212363074,0.13905155437017835,0.2221560756064858,0.6387923764680881,25
2008-07-03,-0.18393230053558948,0.13456050719171764,0.3184928077273071,0.5469466819703579,27
2008-07-04,-0.12226542685180902,0.1433873403072357,0.26565276715904473,0.5909599062800407,25
2008-07-05,-0.07912652347236872,0.14025439091026784,0.21938091438263654,0.6403647069633007,25
2008-07-06,-0.17008994869887828,0.1209726481884718,0.2910625968873501,0.5879647500067949,25
2008-07-07,-0.4219189297892153,0.060943354390561574,0.48286228417977695,0.45616935731321573,27
2008-07-08,-0.07423726907446981,0.20262727662175894,0.27687704569622873,0.520508177253604,29
2008-07-09,0.06347921855524183,0.2938770204216242,0.23039780186638237,0.47570850983460744,28
2008-07-10,0.2073165912657976,0.3237633507736027,0.11644675950780511,0.5597898916184902,26
2008-07-11,-0.061240331968292594,0.1783716424057881,0.2396119743740807,0.5820163887304565,24
2008-07-12,-0.21501560386270285,0.07693175230175257,0.29194735616445544,0.6311208824068308,25
2008-07-13,-0.2420915401726961,0.09450840696692467,0.33659994713962077,0.568891638815403,25
2008-07-14,-0.2373259288072586,0.11919819705188274,0.35652412585914134,0.5242776808142662,25
2008-07-15,0.10859220335930586,0.2843357162371278,0.1757101795444886,0.539954097177585,28
2008-07-16,-0.3576336042664945,0.07819274700209497,0.4358263512685895,0.4859809073358774,27
2008-07-17,-0.37155383956438554,0.1224337930389059,0.4939876326032914,0.38360357377572607,26
2008-07-18,-0.22439353518188,0.09896528623998165,0.3233588214218617,0.5776758953928948,25
2008-07-19,-0.294828438796103,0.11505031757056713,0.40987875636667015,0.4750709372013807,25
2008-07-20,-0.24929855350404978,0.13827760640531778,0.38757615990936756,0.47414624482393264,25
2008-07-21,0.1528138237297535,0.3398380650565028,0.18702424132674933,0.4730876983106136,26
2008-07-22,-0.0881386174634099,0.14235098734498025,0.23048960480839015,0.627159390449524,25
2008-07-23,-0.13235173551638924,0.15754881932983794,0.2899005548462272,0.5525672881692647,28
2008-07-24,-0.11552362501621247,0.15199800707399846,0.2675216320902109,0.5804803565144538,25
2008-07-25,-0.22184318371117115,0.13140736535191536,0.3532505490630865,0.5153420892357826,25
2008-07-26,-0.22059878189116716,0.12479035779833794,0.3453891396895051,0.529820508658886,25
2008-07-27,-0.25220933467149736,0.08634086176753045,0.3385501964390278,0.5751089383661747,25
2008-07-28,-0.21283144310116767,0.07713219702243805,0.2899636401236057,0.6329041537642479,25
2008-07-29,-0.33792876219749446,0.09802627587318422,0.4359550380706787,0.4660186797231436,26
2008-07-30,-0.1217982006072998,0.1358270887285471,0.2576252893358469,0.6065476250648498,25
2008-07-31,-0.15406767252764353,0.1097488247545436,0.26382899728218717,0.6264221790110072,28
2008-08-01,-0.08322289187684656,0.1872754189684987,0.27047331084534526,0.5422512684166432,27
2008-08-02,-0.10298985184635967,0.11159732937812805,0.21458718122448772,0.6738154931614796,24
2008-08-03,-0.18792530592530965,0.0893968828767538,0.27732218880206344,0.633280945122242,25
2008-08-04,-0.36085182946895555,0.050920043095449605,0.4117552058977385,0.5373414145628611,28
2008-08-05,-0.06198857284958162,0.22997073473160465,0.29197597424785293,0.47805330113470557,28
2008-08-06,-0.2768506453074515,0.0891150373324752,0.3659656826399266,0.5449192778110504,26
2008-08-07,-0.343649462569505,0.07124073361009359,0.41489019617959855,0.5138690700054169,26
2008-08-08,-0.43529178703247695,0.05062542428768895,0.4727116557646104,0.4766129193095723,28
2008-08-09,-0.012383803911507129,0.20987732358276845,0.22226112749427557,0.5678615514934063,25
2008-08-10,-0.156906046718359,0.10973044630140066,0.26663649301975967,0.6236330609023572,25
2008-08-11,-0.2513783626550661,0.13477580922629545,0.3951152829924726,0.47010891357612794,29
2008-08-12,-0.2708994013583137,0.12016786388820741,0.3800302282094841,0.49983709263907905,30
2008-08-13,-0.20402515705624003,0.1126699961271485,0.28871737540561077,0.5986126312612086,27
2008-08-14,-0.13754740823617015,0.13992463946676365,0.2627276032584894,0.5973227553776084,29
2008-08-15,-0.22536289018519665,0.11517569868680502,0.33321266294607577,0.5516366486634077,29
2008-08-16,-0.4144387690611184,0.07068886116445064,0.48512763022556904,0.4441835052013397,26
2008-08-17,0.0020844358153641225,0.12500627552866936,0.12292183971330523,0.7520718848884105,26
2008-08-18,-0.17011480237953472,0.0811173237734116,0.22423981846063862,0.6946428625300229,26
2008-08-19,-0.39520200743866113,0.0764778808053445,0.45849748083659825,0.4649811202189665,29
2008-08-20,-0.03547398171485574,0.22779575211096695,0.24853640049248932,0.5198119843960622,29
2008-08-21,0.2119285405521373,0.39027201740333334,0.16351199536971445,0.4461974711919606,29
2008-08-22,0.08511700280060372,0.30527935297776154,0.22703457239938002,0.4592361134081978,29
2008-08-23,-0.16172620948404073,0.11406518131494522,0.27579139079898596,0.6101434263586998,25
2008-08-24,-0.07454058561474085,0.13324913330376148,0.20778971891850234,0.6589611446857453,25
2008-08-25,-0.20802016424744837,0.0833995446940815,0.262430820052641,0.6541696350290702,27
2008-08-26,-0.21307204990853967,0.12723438462725392,0.31263606416542317,0.5601665949015916,27
2008-08-27,-0.17103764583007622,0.1018570560887456,0.2444761834003033,0.6536297337529559,27
2008-08-28,-0.2646885888240314,0.1246098867751382,0.38466884596954,0.49070274746054643,28
2008-08-29,-0.3152110983696968,0.10592296683992501,0.4110525837281403,0.48297444289542996,28
2008-08-30,-0.4866381470128894,0.089068156889081,0.5757063039019704,0.3352255387619138,26
2008-08-31,-0.0791361290588975,0.15449998181313276,0.23363611087203026,0.6118638985604048,25
2008-09-01,-0.03240868759651979,0.1464399794737498,0.17884866707026958,0.6747113429009914,24
2008-09-02,-0.32288597873996056,0.12151369043061579,0.43047003954094676,0.4480162652683443,28
2008-09-03,0.13112456603646278,0.25068365628851785,0.1446924235853884,0.600422942403733,27
2008-09-04,-0.1174162906400087,0.1738142356230618,0.2609342299667742,0.5652144893016646,27
2008-09-05,-0.3109971178990503,0.06875271206299463,0.364986866999082,0.5662419065586163,28
2008-09-06,-0.0619567284360528,0.1655566506460309,0.2275133790820837,0.6069299727678299,25
2008-09-07,-0.11075752161443234,0.11726023346185684,0.22801775507628919,0.6547220176458359,25
2008-09-08,-0.1979420783261467,0.12252024683190717,0.294073436269165,0.5834433622833747,27
2008-09-09,-0.21593425520382545,0.08693351826402876,0.27470851420859493,0.630279292156817,27
2008-09-10,-0.379252530413761,0.060918021540674896,0.4276261075099915,0.5114058717340592,28
2008-09-11,-0.35464114429872345,0.10667799235579592,0.4475228403582231,0.44579916412983234,30
2008-09-12,0.005012726466099099,0.27134209547495614,0.25193898439347234,0.47664969550548775,27
2008-09-13,-0.16967488251626492,0.14493884321302175,0.3146137257292867,0.5404474356770516,25
2008-09-14,-0.2752184278354881,0.09065574472746579,0.36587417256295396,0.5434700770843919,25
2008-09-15,0.27648866650136533,0.4234046673929802,0.13250488978050373,0.4366834918983812,28
2008-09-16,-0.18623533408002663,0.15114696403068525,0.30828970551811924,0.5405633251392075,27
2008-09-17,0.08619871648272812,0.3334377577174593,0.23520570790139783,0.43137319923690454,30
2008-09-18,0.18291260103047716,0.3785773651207487,0.18372587520138262,0.4376967614025401,28
2008-09-19,-0.5441696718332965,0.04655575872488596,0.5786180231507749,0.3748262202974251,28
2008-09-20,-0.29195531625300647,0.06033607520163059,0.35229139145463706,0.5873725385963917,25
2008-09-21,-0.14375319611281157,0.13988143146038057,0.28363462757319213,0.5764839364588261,25
2008-09-22,0.05764473063549641,0.3067605376999135,0.2359009922496023,0.45733846689433544,29
2008-09-23,-0.34437251498440935,0.06411009952012037,0.39473446635638154,0.5411054337958106,28
2008-09-24,0.06836504561030596,0.28778504875307837,0.20690333647610573,0.5053116179787048,28
2008-09-25,-0.015211149292853159,0.2852380441841428,0.2871621564399589,0.4237432082897681,30
2008-09-26,-0.10307602359077535,0.1447870210581101,0.26397073695657775,0.591203781664734,26
2008-09-27,-0.014652845449745655,0.24180792489399514,0.25646077034374076,0.5017312893954416,24
2008-09-28,-0.17614939998835324,0.16277466759085654,0.3389240675792098,0.4983012489974499,25
2008-09-29,-0.19955320649976344,0.1614579602032624,0.34694172225858133,0.4915753172622088,29
2008-09-30,0.20202732136298052,0.34598115248219286,0.1343001274155086,0.5197002011181188,28
2008-10-01,0.12156039111238817,0.3170241958506129,0.18340824918266918,0.49951755458729014,28
2008-10-02,-0.10133147132526393,0.17030955048071011,0.25737250328745553,0.5640300892386616,28
2008-10-03,-0.3619110889683145,0.07064224912060632,0.4183283380889208,0.5110294123420585,29
2008-10-04,-0.07779003634705037,0.1424986916632794,0.22028872801032975,0.6372125796185857,25
2008-10-05,-0.18550540221212888,0.1055341086678484,0.2910395108799773,0.6034263925981729,24
2008-10-06,0.1739241169636733,0.381407752749783,0.20158548763796158,0.41700676564860545,28
2008-10-07,-0.1689836454379355,0.13582341903834433,0.27582928669850204,0.5883472886062313,27
2008-10-08,0.21500436081353713,0.36269423173958504,0.1360324635186405,0.49437035270448826,30
2008-10-09,-0.17288378047985914,0.11930174574973407,0.2667077484518154,0.6139905038668184,27
2008-10-10,0.05952730757074892,0.2803370308868863,0.23194490850132257,0.487736579354517,28
2008-10-11,-0.11043628055602311,0.17187850531190635,0.28231478586792946,0.5458066980540752,25
2008-10-12,-0.10383694667369127,0.154080417342484,0.25791736401617527,0.588002215847373,25
2008-10-13,-0.3178258110844978,0.14304577076815897,0.4714623225933976,0.3785770149568414,28
2008-10-14,-0.11857706649780826,0.11374445809081749,0.21835670977381094,0.663067081386046,29
2008-10-15,-0.05647855873822614,0.19396346388199814,0.2395781337313354,0.5620947096936826,29
2008-10-16,-0.042928892700815645,0.1409056225176211,0.16657895966288117,0.6886439508208037,27
2008-10-17,-0.34547802676644424,0.12111727948221895,0.4552712321745891,0.42366149003336995,28
2008-10-18,-0.43759090517759325,0.09113716913759709,0.5287280743151903,0.3801347504377365,26
2008-10-19,-0.13848030544817447,0.1809745428338647,0.3194548482820392,0.49957059279084204,25
2008-10-20,-0.0936544619269945,0.11904176656736268,0.24090733960546828,0.6334785297924092,27
2008-10-21,-0.18716385621004378,0.09672823919183934,0.25256517232496006,0.6341201630567416,26
2008-10-22,-0.4856964353191279,0.07242852572130935,0.5598119980774743,0.3677780016011739,28
2008-10-23,-0.5085848327973683,0.052415284908507706,0.5453464140021724,0.40223830357284684,29
2008-10-24,-0.34017660039101155,0.11577245488873233,0.4278416478723365,0.45638588223428966,27
2008-10-25,0.1702411464057863,0.31143290548399094,0.14119175907820464,0.5473753384739161,26
2008-10-26,0.33636218447312716,0.5157227776378392,0.17936059316471217,0.304916628806293,51
2008-10-27,0.14515499059792963,0.301189575985246,0.14852497000270098,0.5502854532061008,27
2008-10-28,-0.30121418678363565,0.09052544207898555,0.3651692584922508,0.5443053076381997,27
2008-10-29,-0.24456389132564266,0.13134973459351396,0.3601395518450825,0.5010359177326801,28
2008-10-30,-0.4023548035351766,0.07018533108902199,0.4583364309204949,0.46069163972197297,28
2008-10-31,-0.21294588560845032,0.11214892238516498,0.29851703021583753,0.5893340666118372,27
2008-11-01,-0.21122481033205986,0.12448699992150068,0.33571181025356056,0.5398011966794729,25
2008-11-02,-0.4527847299724817,0.059098275639116765,0.5118830056115985,0.429018707126379,25
2008-11-03,-0.32728676260125333,0.07524439506950202,0.3783163428559405,0.5464392605223531,27
2008-11-04,0.14755522301733498,0.34921867216279107,0.21186530099730796,0.4389160260982922,28
2008-11-05,-0.42688755693802677,0.08402418726655068,0.5040117442045775,0.4091775478911388,30
2008-11-06,0.19428379968871118,0.3428853590722437,0.13412192975390289,0.5191899064656676,28
2008-11-07,0.029193768384445595,0.2338812239240165,0.21750967776179314,0.5452459578185213,28
2008-11-08,-0.16878374762833118,0.09866864457726479,0.26745239220559597,0.6338789480924606,25
2008-11-09,-0.08032447520643472,0.1544346232712269,0.2347590984776616,0.6108062797784806,25
2008-11-10,0.17576877050766793,0.3389054239358063,0.1489940608355458,0.5088947212680822,28
2008-11-11,-0.22066109231440004,0.09728394013753644,0.29177466208156616,0.5956374022170922,27
2008-11-12,-0.41472758570577906,0.06303174514720837,0.46458340492706146,0.47238485097777977,28
2008-11-13,-0.2689842092614981,0.08418654434300131,0.3732818647156105,0.5425315949771193,27
2008-11-14,0.2579512791314651,0.43831319392061346,0.16909895182618542,0.39262304137001836,30
2008-11-15,-0.09240606762468814,0.1791502445563674,0.2715563121810555,0.5492934314906597,25
2008-11-16,-0.16913919884711504,0.09043123815208673,0.2595704369992018,0.6499983224272728,25
2008-11-17,0.0742243803590812,0.2626119585175481,0.18022091149180025,0.5512351224397837,28
2008-11-18,-0.19134615517850184,0.09123497076046008,0.2535695874774234,0.6551954475291524,26
2008-11-19,-0.04573478964997705,0.21113787296331593,0.23319488483551518,0.5556302030600327,27
2008-11-20,-0.13083860447271106,0.19950458284635786,0.3163820762079578,0.4841133404972698,28
2008-11-21,-0.37007792223020763,0.08412489197113449,0.4405805919791198,0.47529451842979226,28
2008-11-22,0.3813388559825719,0.5052176167085767,0.12387876072600484,0.37090362884253264,26
2008-11-23,-0.15533017072826624,0.13950315494090318,0.2948333256691694,0.5656635106354951,25
2008-11-24,0.12929819907328494,0.3478806779305692,0.20514173811654357,0.4469775840391208,28
2008-11-25,-0.2225884526796856,0.07749300936002422,0.27025553611378395,0.6522514564578238,27
2008-11-26,-0.31197404503515336,0.1447605657475966,0.4439179441160833,0.4113214902570471,28
2008-11-27,0.09891271769478918,0.26898936484605074,0.17012664715126155,0.5608839863449335,26
2008-11-28,-0.12518642141725178,0.08494035771047628,0.22421937172032066,0.686811175636755,27
2008-11-29,-0.23281595136970282,0.07524843823164701,0.30806438960134985,0.6166871720552445,25
2008-11-30,-0.12492546692490578,0.13939791046082972,0.2643233773857355,0.5962787149846553,25
2008-12-01,-0.29039528080780985,0.07792798743617756,0.3436195645402837,0.5784524514211414,27
2008-12-02,-0.4740236739219339,0.059366204312995635,0.5188565449015962,0.41922265966026373,28
2008-12-03,-0.20573451990943514,0.06960271672656139,0.24990390330266318,0.6804933964241409,27
2008-12-04,-0.38686922325621154,0.049094474772593155,0.4211002364903431,0.5298052887907938,27
2008-12-05,-0.39587562545104715,0.059734221918384234,0.4416357732953573,0.49415504760496637,29
2008-12-06,-0.3073921905548738,0.07734316096244802,0.3847353515173218,0.5379214915062908,25
2008-12-07,-0.12861712735146283,0.1402063772827387,0.2688235046342015,0.5909701108932495,25
2008-12-08,0.2536491399732547,0.41439887388801133,0.15610343761846032,0.4294976866653766,28
2008-12-09,-0.3530395398739064,0.09064632345156537,0.4563229003625089,0.4530678200871551,27
2008-12-10,0.01294680878591517,0.2537437163703696,0.22749227795482477,0.518764002518657,29
2008-12-11,0.12118696069052079,0.3069092936243172,0.19955196256342606,0.49352208040521905,30
2008-12-12,-0.3810484271594742,0.08731532353438712,0.4555373618049724,0.45714731614385784,31
2008-12-13,-0.333448237106204,0.08000163406133652,0.41344987116754056,0.5065484939515591,25
2008-12-14,-0.16012793965637684,0.11271229088306427,0.2728402305394411,0.6144474744796753,25
2008-12-15,0.240618834714614,0.35927370311435725,0.11287338691826179,0.5278529113816115,28
2008-12-16,-0.18328292387394093,0.14113701562638636,0.29719401357440134,0.5616689822165372,27
2008-12-17,-0.16884465248111913,0.1374599169694163,0.28081197685794285,0.5816910620299575,27
2008-12-18,0.06540163446955616,0.27452883695891056,0.19602535063750257,0.5294643368204817,28
2008-12-19,-0.13811612302917423,0.18739292501059532,0.31081645544717695,0.5018406254750974,28
2008-12-20,0.07072064381614328,0.26448229819908736,0.1937616543829441,0.5417560495972633,26
2008-12-21,-0.18175817620009183,0.15026248570531606,0.3320206619054079,0.5177168487012387,25
2008-12-22,-0.24733007027735565,0.1773060929198784,0.41037690393797477,0.41229848543422387,29
2008-12-23,-0.03209799086255875,0.22204146114322876,0.2258468594131949,0.5520746452694939,27
2008-12-24,0.27910598111067103,0.3780795799375684,0.0947643395676381,0.523790840415542,28
2008-12-25,-0.05205154873430729,0.12169052831828595,0.17374207705259323,0.7045673879981041,25
2008-12-26,-0.2686463207341804,0.06050518127344383,0.30008853904466126,0.639443320099288,27
2008-12-27,-0.06653490363775443,0.11950580224705239,0.1860407058848068,0.6944535048678517,24
2008-12-28,-0.1504448461532593,0.07386922873556614,0.2243140748888254,0.7018167036771774,25
2008-12-29,-0.054874849533009126,0.2201279853111064,0.2606657978070785,0.5192062109489454,28
2008-12-30,-0.3694648755108315,0.05598141276141007,0.41036110308705637,0.533657481530033,28
2008-12-31,-0.3235390596808149,0.06347831428194275,0.3870173739627577,0.549504320208843,26
2009-01-01,0.30705977159589526,0.4368507333852351,0.1298409617893398,0.4333083030372858,26
2009-01-02,-0.13231152919336006,0.09802200731176597,0.23033353650512603,0.6716444585472345,26
2009-01-03,0.08679868722856046,0.2856288583666086,0.19883017113804818,0.5155909647583962,26
2009-01-04,-0.2542466384917498,0.09561293464154005,0.3498595731332898,0.5545274917781353,25
2009-01-05,-0.49462037382105795,0.05848948047611002,0.553109854297168,0.38842566528045214,28
2009-01-06,-0.31702573692354447,0.07455689694660787,0.39158263387015235,0.5338604724607788,26
2009-01-07,-0.42338907281119853,0.060790770235312576,0.48417984304651107,0.45497938634206536,27
2009-01-08,0.08716508714642662,0.2951359496888346,0.207970862542408,0.4968931822524621,27
2009-01-09,-0.024138556184390418,0.1380622717193686,0.16220082790375903,0.6997368994813699,26
2009-01-10,-0.07787085641175509,0.14435128286480903,0.22222213927656412,0.6334265786409378,25
2009-01-11,-0.048405348435044286,0.14235006012022494,0.19075540855526923,0.6668945199251175,25
2009-01-12,-0.3848353847120912,0.07123756451337383,0.45608961589213176,0.4726894838074843,29
2009-01-13,-0.3738540418129414,0.10347623245538426,0.47733027426832575,0.4191934969120301,27
2009-01-14,-0.4935982273817635,0.03520612038975725,0.5288043477715207,0.4359895319461823,27
2009-01-15,-0.19970044067416054,0.08957201729600246,0.289272457970163,0.6211555246263742,26
2009-01-16,-0.059216022052845124,0.23664459431836238,0.29586061637120753,0.4674947855493197,27
2009-01-17,-0.33469197861850264,0.07685803435742855,0.4115500129759312,0.5115919440984726,25
2009-01-18,0.08648439936339855,0.18818992733955384,0.10170552797615529,0.7101045280694962,25
2009-01-19,-0.21466266567626985,0.09961913088268284,0.31428179655895266,0.5860990657783361,25
2009-01-20,-0.2243904486298561,0.0916530068218708,0.3160434554517269,0.5923035371303559,25
2009-01-21,-0.21268496608822007,0.15337707040273607,0.3660453698242895,0.4805608915302234,29
2009-01-22,-0.4693511060128418,0.05206275404743277,0.5213888600602746,0.4265483829908646,28
2009-01-23,0.1499762386717762,0.3606859573904616,0.21067638538535208,0.42865432526992686,29
2009-01-24,-0.15599238343536853,0.13622041717171668,0.2922128006070852,0.5715667794644833,25
2009-01-25,-0.1623305494338274,0.13766605131328105,0.29999660074710843,0.5623373430222273,25
2009-01-26,-0.11306473114885963,0.1337443534643031,0.24680908461316273,0.6194465676179299,26
2009-01-27,-0.2835516299550923,0.1210680788812729,0.4046197088363652,0.47431221188834083,26
2009-01-28,-0.1258281270147516,0.10697317392705726,0.23277630094180887,0.6602505256326152,28
2009-01-29,0.3762830637062398,0.4770262767485128,0.10074321304227297,0.42223050874059015,27
2009-01-30,-0.19880862240321362,0.09570266320728339,0.294511285610497,0.6097860551224306,26
2009-01-31,-0.2300505993142724,0.11222039222717285,0.34227099154144525,0.5455086293816567,25
2009-02-01,-0.11189083144068718,0.13966016475111245,0.25155099619179966,0.6087888330221176,25
2009-02-02,-0.2659282386661149,0.1042510258177152,0.3701792644838301,0.5255697042179795,26
2009-02-03,-0.1304011377147757,0.13157562281076723,0.261976760525543,0.6064476127234789,26
2009-02-04,0.1892383411944199,0.3247499196159152,0.13546157842149528,0.5397884969298656,27
2009-02-05,0.06557526331191452,0.28384261006308864,0.2182923467511741,0.497840040911161,28
2009-02-06,-0.08739194680294739,0.1770050651376637,0.2643970119406111,0.5585979220441328,27
2009-02-07,-0.17630199231207372,0.10140226259827614,0.27770425491034983,0.6208934747427702,25
2009-02-08,-0.173904417604208,0.09394986987113953,0.2678542874753475,0.6381958356499672,25
2009-02-09,0.19762989306733586,0.3463597700419334,0.14872987697459758,0.5049103536461408,27
2009-02-10,0.01113061471108634,0.24058211580142377,0.22947650109033746,0.5299413878544019,28
2009-02-11,-0.49378190661064136,0.08689211358820591,0.5806740201988472,0.3324338706367291,27
2009-02-12,0.2372704546315452,0.38127514755020925,0.14395469291866397,0.47477015922665594,28
2009-02-13,-0.15202578393599162,0.11066259601368354,0.26268837994967514,0.626649026114207,26
2009-02-14,-0.14181718930602075,0.11859264682978392,0.26040983613580465,0.620997517183423,25
2009-02-15,0.066388341486454,0.23843393504619598,0.17204559355974197,0.5895204765349626,25
2009-02-16,-0.18243306405328424,0.10087414217004731,0.28330720622333155,0.6158186462422031,25
2009-02-17,-0.26962797992074716,0.08314496303836887,0.35277294295911604,0.56408208494003,26
2009-02-18,0.1070805113705305,0.2617014895408486,0.1546459781703181,0.5836525302470876,28
2009-02-19,-0.0799284810678317,0.22543837170927572,0.3053668527771074,0.46921977859414543,28
2009-02-20,-0.14807146006881858,0.15286615349573007,0.3009376135645487,0.5461962273876059,29
2009-02-21,-0.2472796084281678,0.06734683667309582,0.31462644510126364,0.6180267152376473,24
2009-02-22,-0.07938295237720012,0.10039483021944762,0.17977778259664773,0.7198273724317551,25
2009-02-23,0.06455222557972258,0.29594448279549296,0.2313922572157704,0.47266326059767827,27
2009-02-24,-0.07717014200842151,0.14552491459135825,0.22269505659977978,0.6317800391608706,26
2009-02-25,-0.2637489783140902,0.12394341013351312,0.38769238844760334,0.4883641899206318,27
2009-02-26,-0.3147497610097686,0.09967714594079516,0.4144269069505637,0.4858959411983248,27
2009-02-27,-0.22226287081926488,0.08507341533724505,0.30731128615650993,0.6076152980226737,28
2009-02-28,-0.23977128230035305,0.11519363462924957,0.35496491692960264,0.5298414476215839,25
2009-03-01,-0.12816373717039822,0.10988276433199644,0.23804650150239468,0.6520707470178604,25
2009-03-02,0.08588298573416586,0.23430405537079163,0.14842106963662574,0.617274876550757,28
2009-03-03,-0.34760202064462575,0.07543274857298685,0.4230097692176127,0.5015574818870195,28
2009-03-04,-0.13772156405408797,0.14483879984878004,0.282585363902868,0.5725758390064997,28
2009-03-05,0.07216080017579862,0.3214979162439131,0.24933711606811446,0.42911496168810587,27
2009-03-06,0.2756281953314176,0.48147542385607955,0.20584722852466197,0.3126773486222212,27
2009-03-07,-0.25462462060153485,0.12384047843515873,0.37846509903669356,0.49769441366195677,25
2009-03-08,-0.173351997310778,0.08604133084408257,0.25939332815486055,0.6545653410010569,24
2009-03-09,-0.37749704556273156,0.05874155425010966,0.4362385998128412,0.5050198432326317,27
2009-03-10,-0.15757384423453075,0.1232535528162351,0.28082739705076587,0.5959190488434755,26
2009-03-11,-0.0120747880311253,0.17937358837414247,0.19147337640526776,0.6291530434054824,28
2009-03-12,0.23976623614092285,0.39577853384049466,0.15601229769957178,0.4481591642331619,27
2009-03-13,-0.27371835280100887,0.08981497897924139,0.3634833317802503,0.5467016862674401,27
2009-03-14,-0.2930396916344762,0.0806900203973055,0.3737297120317817,0.5455802701413631,25
2009-03-15,0.11136597606969283,0.24723662487944092,0.13587064880974806,0.6168427217473305,26
2009-03-16,-0.2752368819828217,0.13220293415137208,0.4074398161341938,0.46035724677718604,26
2009-03-17,-0.30430745869118436,0.09371897025509524,0.3980264289462796,0.508254604022434,27
2009-03-18,-0.22489420225426238,0.16040400651158884,0.38526487543251786,0.45433111615742805,29
2009-03-19,0.013821517441173395,0.2418121878227219,0.2279906703815485,0.5301971457538506,25
2009-03-20,-0.26820657314394525,0.11904844994229766,0.38725502308624293,0.49369652202828573,27
2009-03-21,-0.02686359915882349,0.18517683014273645,0.21204042930155992,0.6027827475965023,25
2009-03-22,-0.19653393932719537,0.07780968607343285,0.27434362540062823,0.6478467006331324,25
2009-03-23,-0.0693403991302332,0.1902614685296439,0.25960186765987714,0.5501616602821993,28
2009-03-24,-0.37828449021099275,0.07838365707451908,0.45666814728551186,0.46489819225496976,27
2009-03-25,-0.36496060889644116,0.07544137720161906,0.44040198609806025,0.48415663766746336,26
2009-03-26,-0.23339466918976262,0.1108748373360588,0.3442695065258214,0.5448556636961607,26
2009-03-27,0.19725698508236272,0.3992495517310042,0.20199256664864146,0.3987578835904598,27
2009-03-28,-0.2593175677210093,0.08286977089941501,0.3421873386204243,0.5749428886175155,25
2009-03-30,-0.35624308982001474,0.08920262534498022,0.445445715164995,0.4653516556393642,27
2009-03-31,0.08954047677792036,0.2680530239571459,0.17846254717922555,0.5534844225592911,27
2009-04-01,0.05136043997845398,0.15024316534411447,0.09893272536566051,0.750824107839511,27
2009-04-02,-0.35993550999115864,0.0838889356527191,0.44382444564387774,0.47228662427342855,28
2009-04-03,-0.21322623214039665,0.0651177023179256,0.27834393445832223,0.6565383669848626,26
2009-04-04,-0.14044131938368082,0.10663205035030841,0.24707336973398925,0.646294586956501,25
2009-04-05,-0.04558162294328213,0.13752463944256305,0.18310626238584518,0.6793690884113311,25
2009-04-06,-0.4591067956120636,0.07211829618433346,0.531225091796397,0.3966816092073917,28
2009-04-07,0.07813030206546759,0.2802744111337341,0.2021441090682665,0.5175814847590832,27
2009-04-08,0.21412796733734699,0.36328637100458144,0.14915840366723446,0.487555228193792,27
2009-04-09,-0.49352015896468204,0.04088950642312948,0.5344096653878115,0.42472582650551427,28
2009-04-10,-0.14772533979713917,0.11109853996485472,0.2587738797619939,0.6301275862336159,26
2009-04-11,-0.09910619519377749,0.07480106767186274,0.17390726286564023,0.7512916652715455,25
2009-04-12,-0.1736723132804036,0.09356014799326658,0.2672324612736702,0.6392073866724968,25
2009-04-13,-0.1467120983763383,0.1675933738985887,0.314305472274927,0.5181011578383354,27
2009-04-14,-0.1824604140666242,0.11985243556018059,0.30231284962680477,0.5778347216546535,26
2009-04-15,-0.2716315189161553,0.06709917509355225,0.3387306940097075,0.5941701370936173,26
2009-04-16,-0.3287509854451682,0.11103617879172356,0.4397871642368917,0.4491766516162799,27
2009-04-17,-0.04993909708439158,0.17296704277396202,0.22290613985835359,0.6041268078753581,26
2009-04-18,-0.13482958186417818,0.13462766118347644,0.2694572430476546,0.5959150925278663,25
2009-04-19,-0.1091517711058259,0.13596238270401956,0.24511415380984544,0.6189234600961209,25
2009-04-20,-0.38240730908023046,0.06865682847362298,0.45111413755385343,0.4802290387186866,27
2009-04-21,0.10156950791865015,0.2443518866483982,0.14278237872974803,0.6128657299115108,28
2009-04-22,-0.14176800535418665,0.08131406363099813,0.2230820689851848,0.6956038710016471,26
2009-04-23,-0.1009634558756191,0.17366022104397416,0.2746236769195933,0.5517161041498184,26
2009-04-24,0.1181968720743003,0.2914883333349457,0.17329146126064543,0.5352202047059169,27
2009-04-25,-0.12617121193557979,0.11390665397047997,0.24007786590605973,0.6460154774785042,25
2009-04-26,-0.09133076943301906,0.1654727607189367,0.2568035301519558,0.5777237107977271,24
2009-04-27,-0.2932324447309455,0.0863894378933196,0.37957188262426506,0.5340386813987906,27
2009-04-28,-0.43041032770642873,0.0490922464297368,0.4795025741361655,0.47145518265790665,27
2009-04-29,-0.09713271511002229,0.0968627560024078,0.1939954711124301,0.709141765649502,26
2009-04-30,-0.45564332841084554,0.05003459765068614,0.5056779260615316,0.4442874725266718,28
2009-05-01,-0.30906219209550095,0.09513289470211245,0.4041950867976134,0.5006720169062798,27
2009-05-02,-0.20115627146636447,0.13231827105240276,0.33347454251876724,0.5342071910078326,24
2009-05-03,-0.0886540263518691,0.15669963866472245,0.24535366501659156,0.5979466963559389,25
2009-05-04,0.17639214305493695,0.35389144768256403,0.17749930462762714,0.4685842440719788,28
2009-05-05,-0.31160080386325717,0.08812398252149041,0.39972478638474757,0.5121512266878898,26
2009-05-06,-0.01329279176896582,0.20474254382843007,0.21805200226406257,0.5772054537284068,29
2009-05-07,-0.05167537873897415,0.1985566743577902,0.2502320530967644,0.5512112695723772,26
2009-05-08,-0.39478859591062826,0.07693041823930466,0.47171901414993295,0.4513255606795733,28
2009-05-09,-0.32074119936674833,0.06978605389595031,0.39052725326269866,0.5396866893768311,25
2009-05-10,-0.17224333588033913,0.108134879283607,0.2803782151639462,0.6114869131147862,25
2009-05-11,-0.3900540686603922,0.08581413878013308,0.47586820744052527,0.43826764475267665,28
2009-05-12,-0.10988697287841485,0.17766400129319385,0.2875509741716087,0.5347850193771032,26
2009-05-13,-0.24802871918878877,0.06267828866839409,0.31070700785718286,0.6266147167636797,26
2009-05-14,0.11919360222346509,0.3218052328036955,0.2026116305802304,0.47558312483126153,27
2009-05-15,-0.13942628131749538,0.11071687650222045,0.25014315781971586,0.6391399732002845,26
2009-05-16,-0.2601461454480887,0.08131064936518669,0.34145679481327534,0.5772325682640076,25
2009-05-17,-0.006875675767660141,0.14416890639811755,0.15104458216577768,0.7047865164279937,25
2009-05-18,-0.44601063688130904,0.06794772540978514,0.5140083622910943,0.4180439146990673,27
2009-05-19,0.22429873439712592,0.38210698944682686,0.15780825504970092,0.4600847618615398,27
2009-05-20,-0.40204826505998004,0.13019424562270826,0.5322425106826884,0.3375632454856084,26
2009-05-21,0.1610795093371891,0.3808645490550078,0.21981003971781868,0.3993004183553732,28
2009-05-22,-0.28897785739256787,0.06717999351139252,0.35615785090396035,0.5766621557279275,26
2009-05-23,-0.009593471762537956,0.15886180857867002,0.168455280341208,0.672732903033495,26
2009-05-24,0.1612385791994631,0.3087569586515427,0.14751837945207955,0.5437246543526649,26
2009-05-25,-0.16667064558714628,0.08682368755340576,0.25349433314055203,0.6596819999814033,25
2009-05-26,-0.06909932604288825,0.13712048412363692,0.20621981016652516,0.6566096995129608,27
2009-05-27,-0.18440040165128616,0.13075969081658584,0.315160092467872,0.5540802186498275,26
2009-05-28,0.31432619370755094,0.3929931556573854,0.07871696194983445,0.5282898798495531,27
2009-05-29,0.2042684909992493,0.37952632605573877,0.17523283505648946,0.44521583734750747,28
2009-05-30,-0.1389126592129469,0.07738986417651177,0.21630252338945866,0.7063076116144658,25
2009-05-31,-0.3602598330132663,0.05745119585096836,0.4177110288642347,0.5248377754151821,26
2009-06-01,0.06948705175313619,0.2558349972992467,0.18634794554611048,0.5578003908282672,29
2009-06-02,-0.08410385085447476,0.18326655790599494,0.2673704087604697,0.5493630319723717,27
2009-06-03,-0.16618156589567662,0.13229930780828,0.2984808737039566,0.5692198163270951,25
2009-06-04,-0.2062968691596045,0.07038208627356933,0.27667895543317383,0.6529389616961663,26
2009-06-05,-0.16747952636124996,0.20752557172597602,0.375005098087226,0.4174693279659518,28
2009-06-06,-0.25661900591105224,0.08647045686841011,0.34308946277946234,0.5704400870203972,25
2009-06-07,-0.2111471101269126,0.13059683479368686,0.34174394492059945,0.5276592198014259,25
2009-06-08,-0.35656703055450356,0.08762829843301995,0.44419532898752356,0.4681763720600651,29
2009-06-09,0.15946526214053428,0.33307069856951443,0.1736054364289802,0.49332385764047504,27
2009-06-10,-0.13632590230554342,0.10454990141666852,0.24087580372221196,0.6545743018102187,26
2009-06-11,-0.32671326312878385,0.0850413883796105,0.41175465150839435,0.5032039606672067,27
2009-06-12,-0.3369632529204568,0.09472454154531543,0.4316877944657722,0.47363765909946887,27
2009-06-13,-0.5342835345178842,0.03512801095098257,0.5694115454688669,0.39546043806672093,26
2009-06-14,-0.23837261546403168,0.054065365493297574,0.29243798095732926,0.6534966504573823,25
2009-06-15,-0.2647146303206682,0.0698585227633325,0.3345731530840007,0.5955683117589126,26
2009-06-16,0.17383918754891137,0.31291767061676545,0.1390784830678541,0.5480038439333439,27
2009-06-17,0.19413993660243087,0.32428210486953074,0.1301421682670999,0.545575725663396,28
2009-06-18,-0.21309958881913468,0.09009665476444823,0.30319624358358294,0.6067070918014417,26
2009-06-19,-0.09968307005969376,0.21315246780915903,0.31283553786885276,0.47403699604135296,28
2009-06-20,-0.3238035611435771,0.061220940202474594,0.3850245013460517,0.5537545722723007,25
2009-06-21,-0.36458931647241116,0.07547614928334952,0.44006546575576067,0.48445840552449226,25
2009-06-22,-0.19907128166120786,0.07548304811979716,0.274554329781005,0.6499626296930588,26
2009-06-23,-0.321391152146344,0.06698152322608691,0.3883726753724309,0.5446457968881497,26
2009-06-24,-0.39888398598676117,0.07455029860296501,0.47343428458972614,0.45206542330865673,27
2009-06-25,-0.12882747548440326,0.12372201541954508,0.2525494909039484,0.6237784923869829,27
2009-06-26,-0.08148731717553276,0.1217563385860278,0.20324365576156056,0.6750000093418819,26
2009-06-27,-0.1103944980353117,0.12274249836802482,0.23313699640333652,0.6441205048561096,25
2009-06-28,-0.39983225863426924,0.0415449645742774,0.44137722320854667,0.5170778146386147,25
2009-06-29,0.02564712992568427,0.27501146155870876,0.2493643316330245,0.4756242047665211,28
2009-06-30,-0.2990721363144425,0.09352657879487826,0.39259871510932076,0.5138746935587662,26
2009-07-01,-0.1598954672853534,0.10258069054151957,0.26247615782687295,0.6349431419601808,26
2009-07-02,-0.24057251297367307,0.07736276681176744,0.3179352797854405,0.6047019525789298,26
2009-07-03,-0.17102847636366883,0.06284443230833858,0.2338729086720074,0.7032826567689577,24
2009-07-04,-0.09115358155220747,0.12274599023163318,0.21389957178384067,0.6633544266223907,25
2009-07-05,-0.13638245470821858,0.11434663213789463,0.2507290868461132,0.6349242821335792,25
2009-07-06,-0.4446604367695462,0.052342187226964876,0.49700262399651113,0.45060518234681624,27
2009-07-07,-0.11717718929573893,0.2367606263601436,0.35393781565588256,0.4093015592376773,27
2009-07-08,-0.4620963463621644,0.06529294573455476,0.5274392920967191,0.4072677559002088,27
2009-07-09,-0.2921797613835679,0.08200579373658849,0.3741855551201564,0.5438586557640479,27
2009-07-10,-0.5015294695293674,0.03501759954292614,0.5365470690722935,0.42848533801149863,27
2009-07-11,-0.09176158610731364,0.11813160408288241,0.20989319019019603,0.6719752070307732,25
2009-07-12,-0.17829610330983997,0.1545600413903594,0.33285614470019936,0.5125838144868612,25
2009-07-13,0.12593000311014746,0.3294019592370551,0.20347195612690772,0.4671260860688411,27
2009-07-14,-0.18359323282941029,0.12650378055583972,0.31009701338525003,0.5633992122916075,26
2009-07-15,0.24800812076244216,0.3951160231184501,0.14710790235600793,0.4577760732001983,27
2009-07-16,-0.24774961232540127,0.11412864674312564,0.3618782590685269,0.5239931011195367,27
2009-07-17,-0.15577871194825724,0.11256645662853351,0.26834516857679075,0.6190883729320306,26
2009-07-18,-0.12153887193650008,0.1537592952698469,0.275298167206347,0.5709425483644008,25
2009-07-19,-0.16906768766542277,0.10637736925855279,0.27544505692397553,0.6181775800262889,24
2009-07-20,0.0018151400338762835,0.2836604180394648,0.2818452780055885,0.43449430588923205,29
2009-07-21,-0.3781004875105161,0.09375933566322693,0.4718598231737431,0.4343808461778439,27
2009-07-22,-0.4213763034790181,0.0450262591710744,0.4664025626500925,0.488571181760843,27
2009-07-23,-0.021879085202663184,0.22453522030242168,0.24641430550508486,0.5290671373577455,29
2009-07-24,-0.1331171799236192,0.10854772471178037,0.24166490463539958,0.6497873732676873,26
2009-07-25,-0.252206154987216,0.07972982596606017,0.33193598095327614,0.5883341988921166,25
2009-07-26,-0.1601045811548829,0.11646987449377776,0.2765744556486607,0.6069556744396687,25
2009-07-27,0.09871994694829558,0.297392587042342,0.19867264009404642,0.5039347766784521,27
2009-07-28,-0.4341064771553358,0.06710893129918438,0.5012154084545202,0.4316756564314549,27
2009-07-29,-0.4959198612304261,0.055547609352607,0.551417470583033,0.39303492626123704,27
2009-07-30,0.01986617580616895,0.29099735690118417,0.2711145144283485,0.4378714600516054,29
2009-07-31,-0.15719998058361503,0.13841445586429194,0.29561443644790697,0.5659711012760034,26
2009-08-01,0.22801164056137202,0.4684064920514822,0.24039485149011017,0.29119866191595795,26
2009-08-02,-0.25494416549801824,0.10681389898061752,0.3617580644786358,0.5314280360937118,25
2009-08-03,-0.312990933477592,0.07827655774039718,0.3912674912179892,0.5304559507908729,26
2009-08-04,-0.1759546650391932,0.18344044691212474,0.35937011195131796,0.4572144429275623,28
2009-08-05,-0.37033751525770015,0.06817580232499884,0.43851331758269896,0.49331088070124385,27
2009-08-06,-0.20643934231732902,0.13600914935294825,0.3424734916702773,0.5215423529231777,28
2009-08-07,-0.025623950412439617,0.27063084095596124,0.2962547913684008,0.4331143686248706,27
2009-08-08,-0.4424870287276805,0.07294646571725608,0.5154334944449366,0.41157004298567773,26
2009-08-09,-0.2401088470220566,0.08690289445221425,0.3270117414742708,0.5860853485763073,25
2009-08-10,-0.32749902338792497,0.07912257818791729,0.40662160157584226,0.5142558363194649,26
2009-08-11,-0.18408945431007215,0.17104492256844844,0.35508437687852057,0.47387069799189385,27
2009-08-12,-0.09461287274392179,0.1874858348609163,0.28209870760483813,0.5304154555820502,27
2009-08-13,-0.22418183994551116,0.11416548805741164,0.33834732800292283,0.5474871744473393,26
2009-08-14,-0.406309277472817,0.07899346598277872,0.48530274345559565,0.4357537870512559,27
2009-08-15,-0.20943126641213894,0.11720733419060707,0.326638600602746,0.5561540755629539,25
2009-08-16,-0.18275096632540225,0.13188336297869682,0.31463432930409907,0.5534823104739189,25
2009-08-17,-0.4272759762131251,0.053038691642192694,0.4803146678553178,0.4666466438695788,28
2009-08-18,0.09872437040656806,0.31965124570893555,0.2209268753023675,0.45942188009912,27
2009-08-19,-0.004593130093822492,0.22777609219207218,0.23236922228589463,0.5398380237089899,29
2009-08-20,-0.3198024279461457,0.06956356672610228,0.389390994672248,0.5410454425418606,28
2009-08-21,0.055753548328578484,0.35273932904520855,0.2969857807166301,0.3502748931395893,27
2009-08-22,-0.13270739670842885,0.08238490097224713,0.21509229768067598,0.7025228011608123,25
2009-08-23,-0.0977116310596466,0.12068037237972021,0.21839200343936682,0.6609276321530342,25
2009-08-24,-0.3827030182997195,0.06051293022282994,0.4432159485225494,0.4963211271649369,27
2009-08-25,-0.15165652671399024,0.12679982808633491,0.27845635480032516,0.5947438154656154,26
2009-08-26,-0.18882132743448019,0.10914590298533439,0.2979422304198146,0.5929118661105632,27
2009-08-27,-0.3878927876488234,0.07328998121003118,0.4611827688588546,0.4654772553220391,27
2009-08-28,-0.32516285003377843,0.08095077880156729,0.4061136288353457,0.5129355998853078,26
2009-08-29,-0.24277202069759368,0.1252645931392908,0.3680366138368845,0.5066987928748131,25
2009-08-30,-0.18469091091305018,0.15706776186823845,0.34175867278128863,0.5011735647916794,25
2009-08-31,-0.14082135652034328,0.1786321551148708,0.31945351163521407,0.5019393354349412,28
2009-09-01,-0.011433059565063852,0.1779881191738523,0.18937117873891615,0.6326407013529195,27
2009-09-02,-0.15389791863540617,0.1346303728194191,0.2885282914548253,0.5768413343108617,26
2009-09-03,0.1345661340008275,0.37381990659709735,0.23925377259626984,0.38687631770819425,27
2009-09-04,-0.2607344391110998,0.12017932426757537,0.38091376337867516,0.4989069082702582,26
2009-09-05,-0.17519684011737505,0.14930689393077046,0.32450373404814553,0.5261893679077426,24
2009-09-06,-0.029624271467328073,0.21640067659318446,0.24602494806051253,0.5375743713974953,25
2009-09-07,0.05208246454373002,0.23842574440836906,0.18631827986463903,0.5752559737339615,27
2009-09-08,0.11295235882983184,0.2922933498397279,0.17934099100989598,0.5283656610309313,32
2009-09-09,-0.16799601876678374,0.10937868588818954,0.27737470465497327,0.6132466105314401,26
2009-09-10,-0.4404484115329786,0.0791025126323677,0.5195509241653463,0.40139656160829157,27
2009-09-11,-0.2686542971688108,0.13200912648253144,0.4006634236513422,0.46732744977657614,27
2009-09-12,0.021219135300877195,0.17861204229605696,0.15739290699517974,0.6639950533087055,24
2009-09-13,0.19839189775080113,0.3697874648442492,0.17134556709344811,0.4588669544611126,25
2009-09-14,-0.05849205140167704,0.17624062586289185,0.2347326772645689,0.5890266815057168,26
2009-09-15,-0.14773009328738504,0.15216573720554943,0.29989583049293445,0.5479384424245876,23
2009-09-16,-0.18126465158107188,0.14251678759375444,0.3237814391748263,0.5337017851953323,26
2009-09-17,0.030978898496562858,0.25361152635361905,0.2226159611903895,0.5237558493355146,29
2009-09-18,-0.24266567969551453,0.1090091961579254,0.3516748758534399,0.539315923761863,26
2009-09-19,-0.19192096358165145,0.10837991573763164,0.3003008793192831,0.5913191982968287,22
2009-09-20,0.051795232338814626,0.22534116567470455,0.17354593333588994,0.6011129001390675,24
2009-09-21,-0.20714038862768466,0.15111712308728542,0.3583075117149701,0.4905753627082476,29
2009-09-22,-0.001230434156381167,0.1620534790966373,0.1632839132530185,0.6746626168202895,26
2009-09-23,-0.3025014015416113,0.11461195965799001,0.41711336119960135,0.46827468648552895,26
2009-09-24,0.12814639934413136,0.3117481649875068,0.18355176564337541,0.5047000634408914,27
2009-09-25,-0.12547149921122652,0.15061754693921942,0.27608904615044594,0.5732934037939861,26
2009-09-26,-0.14230029030957006,0.07780678434805437,0.2201070746576244,0.7020861330357465,22
2009-09-27,-0.06563865039497614,0.15691977575421334,0.22255842614918947,0.6205217897891998,25
2009-09-28,-0.10483876687319807,0.20104202960291162,0.30588079647610966,0.4930271681360327,27
2009-09-29,-0.20818457659333944,0.11948516592383385,0.3276697425171733,0.5528450995110549,26
2009-09-30,0.0020164074467065238,0.25150084493796415,0.2494844374912576,0.49901471619170445,28
2009-10-01,-0.1268659973015579,0.13610710737367088,0.2629731046752288,0.6009197753782456,26
2009-10-02,-0.3404084540402087,0.0621152576417304,0.40252371168193907,0.5353610296375476,26
2009-10-03,-0.09019218358055998,0.18983681806518385,0.28002900164574385,0.5301341760593156,24
2009-10-04,-0.1253232030197978,0.1455949565768242,0.27091815959662197,0.5834868697822094,25
2009-10-05,0.19367332774609902,0.3757407465632432,0.1820924188171442,0.4421418352106443,28
2009-10-06,0.1992975657932365,0.3698486985458491,0.1705511327526126,0.4596168421561137,29
2009-10-07,0.0955365926333746,0.3429859320866775,0.2474593394533029,0.4095447262212634,31
2009-10-08,0.2855473164431635,0.4781186719601298,0.19257135551696633,0.329309970069227,27
2009-10-09,-0.37737224347700293,0.07716759191333102,0.45453983539033394,0.4683425661412569,27
2009-10-10,0.06809029051906738,0.2557368562024708,0.18759656568340338,0.5566665763484935,25
2009-10-11,-0.12415431585162878,0.14148269593715668,0.26563701178878546,0.5928802892565728,25
2009-10-12,-0.12550050151184777,0.19980457506861823,0.325330076580466,0.474865348046445,28
2009-10-13,-0.16162580740262683,0.20527939557350028,0.36690520297612705,0.42776539428635285,27
2009-10-14,-0.2968366190904895,0.101284983447452,0.3981216025379415,0.5005934142832572,27
2009-10-15,-0.07262477910879714,0.235093628310928,0.3077184074197251,0.4571879610097179,28
2009-10-16,-0.35815996203101597,0.07017358623722998,0.428333548268246,0.5014928631662177,27
2009-10-17,-0.25529952004551887,0.12972640145570039,0.3850259215012193,0.48524765610694887,25
2009-10-18,-0.05642136830836535,0.22619665071368217,0.28261801902204753,0.491185322329402,25
2009-10-19,-0.20670598726553413,0.17623443134467187,0.382940418610206,0.44082515022422264,28
2009-10-20,-0.1314793973444746,0.15753649082034826,0.2890158881648229,0.5534476196536651,26
2009-10-21,-0.10979729093453633,0.20829144744735498,0.31808873838189133,0.47361981533490694,28
2009-10-22,-0.39963943009390857,0.07146607121793697,0.4711055013118455,0.4574284265209849,27
2009-10-23,-0.26362704403268605,0.11259246313084777,0.3762195071635338,0.5111880461470439,26
2009-10-24,-0.19830499723553657,0.1297227492555976,0.32802774649113414,0.5422495041787624,25
2009-10-25,-0.17818620666025245,0.1425123639708879,0.3206985706311403,0.53678907035869,49
2009-10-26,-0.46697662604946927,0.051409804633087836,0.5183864306825572,0.4302037663499897,27
2009-10-27,-0.14459561286276348,0.1610938895408351,0.3056895024035986,0.5332166101689522,28
2009-10-28,-0.35972324248179793,0.06408929471488183,0.42386253719667977,0.5120481666198143,28
2009-10-29,-0.010517170193390199,0.2375589557386648,0.24807612593205502,0.51436492187547,27
2009-10-30,-0.1586649232738293,0.18222000500445185,0.34093492827828115,0.4768450684366318,28
2009-10-31,-0.2036367254331708,0.10645306207239628,0.3100897875055671,0.5834571500122547,25
2009-11-01,-0.14599872030317784,0.11078849285840989,0.2567872131615877,0.6324242952466012,25
2009-11-02,0.16175662165017654,0.3103685690954614,0.14861194744528486,0.5410444894233002,28
2009-11-03,0.15046063055942843,0.33879004319929157,0.18832941263986322,0.472880548423437,31
2009-11-04,-0.11697201975263082,0.13952373226101583,0.25649575201364666,0.6039805162984592,26
2009-11-05,0.12845357664247545,0.3283125831119716,0.19985900646949617,0.4718284168840601,27
2009-11-06,-0.04384861499757721,0.21598622300890777,0.25984483800648495,0.5241689403815912,31
2009-11-07,-0.17594694346813486,0.06344013644205407,0.23938707991018893,0.6971727904968585,25
2009-11-08,-0.165424747094512,0.1128760378062725,0.27830078490078447,0.6088231837749482,25
2009-11-09,0.11078208639197623,0.3303762573348788,0.21959417094290257,0.4500295712923774,27
2009-11-10,0.10106480290594581,0.2937293086999597,0.19266450579401392,0.5136061849508148,27
2009-11-11,0.16261628619237586,0.36761340156406735,0.2049971153716915,0.4273894852492671,27
2009-11-12,-0.24927541219557708,0.08678588919484845,0.3360613013904255,0.5771528253904902,26
2009-11-13,-0.18663237197324634,0.11916264468947282,0.30579501666271913,0.5750423374657447,26
2009-11-14,-0.14466614231467248,0.1239077415317297,0.2685738838464022,0.6075183710455895,25
2009-11-15,0.14942018592618403,0.3422006574720144,0.19278047154583036,0.46501887672841546,26
2009-11-16,-0.20497003086627677,0.07175982693353525,0.276729857799812,0.6515103312065968,26
2009-11-17,0.0023835903498988786,0.28102330088257216,0.2786897105326733,0.4402869868295697,28
2009-11-18,0.32621386207537006,0.4474195052605122,0.12120564318514214,0.4313748542408531,27
2009-11-19,-0.0777232805481897,0.22974781861947136,0.307471099167661,0.46280607780699545,28
2009-11-20,0.16484276881023097,0.3196893844747773,0.1548466156645463,0.5254640012218402,27
2009-11-21,0.09421709949150682,0.2939231224916875,0.19970602300018073,0.5063708572834731,26
2009-11-22,0.1525512786976993,0.3200629743739963,0.16751169567629695,0.5124253336191178,26
2009-11-23,0.1270402203945873,0.34231788837408217,0.21527766797949488,0.4423544440583541,27
2009-11-24,0.10835308749621306,0.2954979263950712,0.1871198388988582,0.5174072328613355,28
2009-11-25,0.07769906593168585,0.275593357288016,0.1978942913563301,0.5264956808383267,29
2009-11-26,0.17280381345152857,0.3528187059797347,0.1800148925282061,0.4671663976550102,26
2009-11-27,-0.31752065214070563,0.08095600902254765,0.3984766611632533,0.5205423266083002,30
2009-11-28,-0.261023168861866,0.09656611528247595,0.35758928414434193,0.5458446088433265,25
2009-11-29,-0.280640834979713,0.05570313405245542,0.3363439690321684,0.607952914237976,25
2009-11-30,-0.1938198186767598,0.1846956002593327,0.3785320856027592,0.43675564833092384,29
2009-12-01,-0.47456185365668857,0.07143092022922176,0.5459927738859103,0.38257630771169293,26
2009-12-02,0.10758678010404107,0.28343660341493593,0.17583315664422816,0.5407219086134281,32
2009-12-03,-0.21426482466407692,0.10590173870038527,0.3201665633644622,0.5739317112244092,26
2009-12-04,-0.22155482346289432,0.15084841983931568,0.37240324330221003,0.4767483362137125,27
2009-12-05,-0.224981480948627,0.0807755309715867,0.3057570119202137,0.6134674510359764,25
2009-12-06,-0.1140002866461873,0.18407873801887034,0.29807902466505765,0.5178422211110592,25
2009-12-07,-0.45794279590160225,0.042847616307036235,0.5007904122086385,0.45636197372308146,27
2009-12-08,-0.36370563899943464,0.06229278540808994,0.42599842440752456,0.5117087962379823,27
2009-12-09,-0.06866097109965406,0.1391488962018719,0.20780986730152598,0.6530412318041692,26
2009-12-10,-0.4695871310796589,0.06755351775563681,0.5371906488352957,0.3952558282330632,27
2009-12-11,-0.08760372549295425,0.10719948756293608,0.19480321305589035,0.6979972920738734,26
2009-12-12,-0.24269456535577774,0.12384297873824834,0.3665375440940261,0.5096194782853126,25
2009-12-13,0.162594383559376,0.3566867352470755,0.19409235168769956,0.44919591017812494,27
2009-12-14,-0.0005070722252417115,0.23109563818003698,0.23162771040527866,0.5373016509669332,28
2009-12-15,-0.4546087173936172,0.06368776966617085,0.518296487059788,0.41801574157258636,27
2009-12-16,0.263334446577384,0.4186799253523923,0.15534547877500837,0.4259746005292122,28
2009-12-17,-0.27796887857123065,0.06742946488352922,0.34539834345475984,0.5871721881513412,26
2009-12-18,-0.16765206762088034,0.12457624102871005,0.2922283086495904,0.5831954564469365,26
2009-12-19,-0.19406396374106408,0.1416260077804327,0.33568997152149677,0.5226840156316758,25
2009-12-20,-0.24202468246036082,0.08222823463936933,0.32425291709973014,0.5935188447218747,25
2009-12-21,-0.14692945319872636,0.13607862434135035,0.2830080775400767,0.5809132935336003,26
2009-12-22,-0.22838039456183712,0.14033860380267488,0.36870233169784533,0.49094239299709985,29
2009-12-23,-0.3341309026472844,0.08216442125416719,0.4163453239014515,0.5014902581398304,27
2009-12-24,0.20217862324730182,0.3732644132033612,0.1710857899560593,0.455649805513521,26
2009-12-25,-0.19374343227595092,0.1642323746532202,0.3579758069291711,0.4777918414771557,25
2009-12-26,-0.1758027833327651,0.13082575865089893,0.306628541983664,0.5625457039475441,25
2009-12-27,-0.3267392666637898,0.05265193618834019,0.37939120285212996,0.5679568621516228,25
2009-12-28,-0.24553812015801668,0.12050996727954882,0.3660480874375655,0.5134419556707144,26
2009-12-29,-0.15247728566802465,0.14052931046159223,0.2930565961296169,0.5664140941968331,27
2009-12-30,-0.027146181365675662,0.2098192312091589,0.23696541257483456,0.553215358544313,27
2009-12-31,0.02386369079222475,0.3225098476855514,0.2986211568933267,0.3788939930032652,28
2010-01-01,-0.19880436889827252,0.13719510272145272,0.3359994716197252,0.5268054249882698,25
2010-01-02,0.006686119176447391,0.22992637675255537,0.223240257576108,0.5468333733081817,25
2010-01-03,-0.15157049041241408,0.08349336829036474,0.23506385870277882,0.6814427728950977,25
2010-01-04,-0.2586459412167852,0.12644392714047661,0.3850898683572618,0.4884661896727406,26
2010-01-05,-0.32874746710205305,0.0742655608158272,0.4030130279178803,0.5227214242689885,26
2010-01-06,0.008442505355867075,0.3009326443111381,0.292490138955271,0.40655221877533654,28
2010-01-07,-0.26245683715871704,0.10807180450736331,0.3705119749994137,0.5214328857091757,29
2010-01-08,-0.4386612791851163,0.0659368996633933,0.5045981788485097,0.4294649173329656,28
2010-01-09,-0.2177205752581358,0.15542546357959508,0.3731460388377309,0.4714284923672676,25
2010-01-10,-0.1812775157764554,0.1378796476125717,0.3191571633890271,0.542963169068098,25
2010-01-11,-0.1961527283733281,0.09346507486099234,0.2896178032343204,0.6169171139884454,26
2010-01-12,-0.2731432282150938,0.07757816309682451,0.3507213913119183,0.5717004402898825,26
2010-01-13,0.17460704777011507,0.29735948525033895,0.12275243748022387,0.5798880831081134,28
2010-01-14,-0.031149284096176802,0.18650964861113864,0.21770893270731545,0.5957814245918622,27
2010-01-15,-0.0641495523472818,0.19272836544909155,0.25687791779637337,0.5503937249573377,26
2010-01-16,-0.1724586544906822,0.13069889892011302,0.30315755341079526,0.5661435458064465,25
2010-01-17,-0.2617440236359835,0.09689441159367561,0.3586384352296591,0.5444671492278575,25
2010-01-18,0.196117013078928,0.33752068792134526,0.14140367484241723,0.521075625538826,26
2010-01-19,0.10346016783662715,0.31525094611180515,0.211790778275178,0.47295827385783196,27
2010-01-20,-0.11209619177916112,0.2174723400420772,0.32955186515457163,0.4530091303933508,29
2010-01-21,-0.32338905291262154,0.12517490593825395,0.4485764588508755,0.4262361309661888,30
2010-01-22,-0.1680654030149946,0.19325355615896675,0.36131895917396134,0.44542748710283864,26
2010-01-23,-0.21933946848906294,0.07773344974544505,0.297072918234508,0.6251936424881127,25
2010-01-24,-0.11225848902016879,0.14425037667155266,0.25650886569172143,0.5992407613992691,25
2010-01-25,-0.16988743454791033,0.09665117738768458,0.2665386119355949,0.6368102179123805,26
2010-01-26,0.22718730484940686,0.36547075553653907,0.13823345068713222,0.49629579692849746,27
2010-01-27,0.21974372455288582,0.3222033570434325,0.10245963249054665,0.5753370124719464,27
2010-01-28,-0.4190733584016848,0.08861134664797439,0.5076847050496591,0.40365394649345143,27
2010-01-29,-0.3059184164381944,0.10822399666246313,0.4141424131006576,0.4776336010545492,26
2010-01-30,-0.18457718465477227,0.12679047144949437,0.31136765610426664,0.5618418763577938,25
2010-01-31,-0.17182703148573636,0.12333151336759329,0.29515854485332965,0.5815099357813597,25
2010-02-01,-0.32762977416412187,0.05447600409388542,0.3821057782580073,0.5634182230211221,26
2010-02-02,-0.1711561852851166,0.15136726315204913,0.32252344843716574,0.5261092893779278,26
2010-02-03,0.06605107015943011,0.263005541386398,0.19695447122696785,0.5400399895447952,28
2010-02-04,-0.2574362253340391,0.10349016174530754,0.36092638707934666,0.5355834626377776,26
2010-02-05,-0.11946800576809508,0.13625886398725784,0.2557268697553529,0.6080142720960654,26
2010-02-06,-0.23721395704895257,0.1222001250833273,0.3594140821322799,0.5183857998251915,25
2010-02-07,-0.193083977997303,0.1560510017722845,0.3491349797695875,0.4948140197992325,25
2010-02-08,-0.2965887089240723,0.11147194520487236,0.40806065412894466,0.480467406451129,27
2010-02-09,-0.28638379598179686,0.09339414845005824,0.37977794443185514,0.5268279033211561,26
2010-02-10,-0.32754765397301666,0.09620937469945504,0.4237320286724716,0.4800335967892638,28
2010-02-11,-0.12789366003535688,0.25067106660587285,0.3785397266412297,0.37078920666334725,28
2010-02-12,-0.08202016120776534,0.16431594768968913,0.24633610889745447,0.5893479296221182,26
2010-02-13,-0.27834046896547077,0.0864577965810895,0.3647982655465603,0.5487439468502998,25
2010-02-14,-0.12604766473174095,0.11800027940422296,0.24404794413596392,0.6379517686367034,25
2010-02-15,0.28385449758023024,0.4093300995372236,0.12547560195699334,0.4651942932903767,27
2010-02-16,-0.39652289349723324,0.042623653730721425,0.43914654722795465,0.5182297944921713,27
2010-02-17,-0.2661445446025867,0.07135596950180255,0.33750051410438925,0.591143518113173,26
2010-02-18,-0.16375367432975999,0.14230890264018223,0.3060625769699422,0.5516285221450604,26
2010-02-19,0.20375428470519297,0.36409630479087624,0.16034202008568324,0.47556168284267186,27
2010-02-20,0.031772619374096395,0.19542361062020064,0.16365099124610424,0.6409253988415002,25
2010-02-21,-0.123121103271842,0.16098041545599698,0.284101518727839,0.5549180687218904,25
2010-02-22,-0.2201486987133439,0.09631107615020412,0.316459774863548,0.5872291552905853,26
2010-02-23,-0.1698427214042212,0.16809571266031037,0.33796343406453155,0.493940847096191,28
2010-02-24,-0.35583437846686977,0.08232938831385511,0.4381637667807249,0.4795068480934088,26
2010-02-25,0.06139737128649768,0.28380365307048344,0.22242294845065247,0.49374006231574297,29
2010-02-26,-0.04694229163802587,0.11541812566037361,0.16236041729839948,0.7222214524562542,26
2010-02-27,-0.12262843914330006,0.1504659953713417,0.27309443451464177,0.576439568400383,25
2010-02-28,-0.2051989735662937,0.09419576734304429,0.299394740909338,0.6064094953238964,25
2010-03-01,-0.32915601051914006,0.07789791447038834,0.40705392498952836,0.5150481614355857,26
2010-03-02,0.2962007712632418,0.4482167750719075,0.15201600380866573,0.3997672192567816,27
2010-03-03,-0.06928214453564813,0.21951142418699768,0.28879356872264583,0.4916700085410705,28
2010-03-04,-0.35923443806286043,0.08763570234609339,0.4468701404089538,0.4654941608986029,26
2010-03-05,-0.14379982908184713,0.11543468228326394,0.25923451136511105,0.6253308229721509,26
2010-03-06,-0.26902793806293124,0.09883093679095056,0.3678588748538818,0.5333101841083366,25
2010-03-07,-0.24172272097319364,0.13313114665448667,0.3748538676276803,0.49201497703790664,25
2010-03-08,-0.2586059281508797,0.1257888201181132,0.38436974826899284,0.4898164348546129,28
2010-03-09,-0.2580468820144924,0.10446678234252793,0.3625136643570203,0.5330362207909808,29
2010-03-10,0.18962730600501482,0.38639109707222535,0.19676379106721054,0.4168451135082887,27
2010-03-11,-0.1529950675406708,0.19008083715364338,0.3430759046943142,0.4667932655309828,28
2010-03-12,-0.22641361352792727,0.1321268370518604,0.3585404505797877,0.5093327132101242,27
2010-03-13,-0.1901567441225052,0.07801428243517876,0.26817102655768393,0.6538146948814392,25
2010-03-14,-0.2643174484744668,0.06309987589716912,0.3274173243716359,0.609482796266675,25
2010-03-15,0.2283217470909254,0.38155464907941905,0.1532329019884937,0.4651624443650246,27
2010-03-16,0.20827213421446775,0.3640279962897014,0.1557558620752337,0.48016614532453505,27
2010-03-17,-0.21488834670386636,0.11989074049947354,0.3347790872033399,0.5453301746971332,26
2010-03-18,-0.11064564549346956,0.20314421783657027,0.31381486333003983,0.4830409174543161,28
2010-03-19,-0.40127309357844865,0.04476686870335386,0.44603996228180254,0.5091931728834143,27
2010-03-20,-0.2888794985041022,0.12862828891724348,0.4175077874213457,0.4538639073073864,25
2010-03-21,-0.1309624132886529,0.16298843443393707,0.29395084772258995,0.5430607353150845,25
2010-03-22,-0.1026344347431396,0.24081355668446763,0.3434479914276073,0.4157884500790101,27
2010-03-23,0.1201906536031801,0.29252274887298163,0.17233209526980153,0.5351451579706027,27
2010-03-24,-0.21952102849116692,0.11000624263229278,0.3295272711234597,0.5604664699102824,26
2010-03-25,0.20505557048696166,0.3593696485020507,0.15431407801508903,0.4863162714590247,28
2010-03-26,-0.0900073590186926,0.12609284471433896,0.21610020373303157,0.657806952125751,26
2010-03-27,-0.19680203806608915,0.10659731224179268,0.30339935030788184,0.5900033321976662,25
2010-03-29,-0.30907010541369134,0.06760810473217414,0.3766782101458655,0.555713694399366,26
2010-03-30,-0.396829285426285,0.04861201612402995,0.4454246348836483,0.505963352359411,29
2010-03-31,0.08570871202779504,0.2842606278704718,0.19855191584267678,0.5171874543883861,29
2010-04-01,0.1490827451470953,0.2989529162038977,0.14992017105680244,0.5511269133840616,27
2010-04-02,-0.0963193292170763,0.1269360550865531,0.2232553843036294,0.6498085664212704,25
2010-04-03,-0.37871228728443385,0.07848680172115564,0.4571990890055895,0.46431409105658533,25
2010-04-04,-0.2509279366955161,0.09361669518053532,0.34454463187605144,0.5618386609852314,25
2010-04-05,-0.11842762471105044,0.05909667987949573,0.17752430459054616,0.7633790121628687,26
2010-04-06,-0.11376519114352189,0.08605997880490926,0.19982516994843116,0.7141148579808382,26
2010-04-07,0.14685315573579413,0.35828408147752855,0.21143092574173442,0.43033499032706024,27
2010-04-08,-0.3540995488559111,0.06335831731150929,0.4175078661674204,0.5191338164673401,27
2010-04-09,0.17399321418172464,0.33952081057661426,0.16552759639488962,0.49500159064645954,27
2010-04-10,-0.3720245034620166,0.05834620751440525,0.4303707109764218,0.5112830728292466,25
2010-04-11,-0.1874655220285058,0.0836291529238224,0.2710946749523282,0.6452761694788933,25
2010-04-12,0.12965302151722405,0.2914666642610843,0.16181364274386031,0.546719694320399,27
2010-04-13,-0.32121597881907454,0.07628118539137335,0.3974971642104479,0.526271643269979,28
2010-04-14,0.07382305017625676,0.3154703608155537,0.24166397730596365,0.4428489916656262,29
2010-04-15,-0.07281046296334227,0.24903451749477057,0.32182831379144616,0.4291204984471966,29
2010-04-16,-0.47680937657725925,0.03950150611601197,0.5162858826932712,0.4442126124981504,28
2010-04-17,-0.09666338428854943,0.08100245527923107,0.17766583956778048,0.7413317114114761,25
2010-04-18,-0.020099007077515125,0.23153891116380693,0.25163791824132203,0.5168231630325317,25
2010-04-19,-0.22726811919934475,0.11345641300655328,0.34072453220589805,0.545819058154638,26
2010-04-20,0.2147249472443874,0.34891393001664145,0.13418898277225402,0.5168970896468713,27
2010-04-21,-0.1454291090082664,0.11557384236500813,0.2610029513732745,0.6234232032528291,26
2010-04-22,-0.27718702739889806,0.05197000320000717,0.3291820305989053,0.6188729700338382,28
2010-04-23,-0.1126801882239775,0.22828513380833543,0.3409653220323129,0.43072454682794903,28
2010-04-24,-0.1327616573497653,0.16489061132073402,0.2976522686704993,0.5374571220576763,25
2010-04-25,-0.0478516760468483,0.15213344156742095,0.19998511761426926,0.6478814494609832,25
2010-04-26,0.05194561816041286,0.2965406846930201,0.24459506653260726,0.4588392495624148,30
2010-04-27,-0.36271711608518203,0.0746095681299957,0.43732668421517773,0.4881137500368632,27
2010-04-28,-0.3449779870346762,0.10744926688046409,0.45242725391514027,0.4401234770193696,26
2010-04-29,-0.23602841300173447,0.10198036713812214,0.33800878013985663,0.5600108564473115,26
2010-04-30,-0.07231953740119934,0.19659517612308264,0.268914713524282,0.5344901139346453,26
2010-05-01,-0.18040950546041132,0.1146542950719595,0.2950638005323708,0.5902819015830755,25
2010-05-02,-0.20038485836237668,0.13616997290402652,0.3365548312664032,0.5272752010822296,25
2010-05-03,0.19270848712998512,0.33472801813256853,0.1420195310025834,0.5232524495574145,28
2010-05-04,0.005780685229341567,0.27162961807549,0.2658489328461484,0.4625214476276476,27
2010-05-05,-0.3841057229930392,0.05946067831693934,0.4435664013099785,0.4969729228804891,26
2010-05-06,-0.02842926130421844,0.19304797748269942,0.22147723878691786,0.5854414515970228,29
2010-05-07,0.18558656674847007,0.32895881632119417,0.1433722495727241,0.5276689363598823,26
2010-05-08,-0.2439489635080099,0.10583721179515124,0.34978617530316114,0.5443766155838966,25
2010-05-09,-0.33098919421434403,0.08864927239716053,0.41963846661150456,0.49171227678656576,25
2010-05-10,-0.10377789348512888,0.23466573968128518,0.338443633166414,0.42689062665081945,27
2010-05-11,0.18310359782980615,0.3893260047170119,0.20619740688720575,0.4044765916375014,28
2010-05-12,0.08440800729184769,0.3091916220854395,0.22478361479359177,0.4660247604523714,27
2010-05-13,-0.1648324171814781,0.1308743111419563,0.2957067283234344,0.5733939573108005,28
2010-05-14,0.07714938767030835,0.26109153054774953,0.1839671428774412,0.5549413261807882,28
2010-05-15,-0.007156647134572272,0.1552517614081502,0.16240840854272245,0.6823398343145848,26
2010-05-16,0.10634725328534844,0.3319892016507685,0.2256169483654201,0.44239385542273524,27
2010-05-17,-0.11377243807701728,0.1902762260938875,0.30403199750423815,0.5056751000279608,29
2010-05-18,-0.24104130529583648,0.11626083966201314,0.3573021449578496,0.5264370186397662,26
2010-05-19,-0.556721278642032,0.04708990519751723,0.6038111838395492,0.3490739135598907,28
2010-05-20,-0.3364141252767294,0.06834175304217407,0.4048058783189036,0.5268523678687903,27
2010-05-21,-0.09730350866056978,0.2323164470637265,0.3295866223909629,0.43811359622692453,29
2010-05-22,-0.06126316174864769,0.13194828249514104,0.19321144424378872,0.6748402813076972,25
2010-05-23,-0.11077700432389975,0.12636703208088876,0.23714403640478848,0.6364889442920685,25
2010-05-24,-0.3551188415059677,0.1088510430059754,0.46396988451194304,0.42717906546134216,26
2010-05-25,-0.2922692563599692,0.1082760369978272,0.4005452933577964,0.49117866581162584,26
2010-05-26,0.10547234208658338,0.3000372635129839,0.19456492142640053,0.5053728088279184,30
2010-05-27,-0.16219103057676784,0.1585208078699903,0.3207118384467581,0.5208173499937814,27
2010-05-28,0.06741497200045449,0.25974190925497276,0.19234360392118494,0.5479311494786578,29
2010-05-29,-0.13018897086381911,0.1015210547670722,0.23171002563089133,0.6667689229547977,25
2010-05-30,-0.20780571836978198,0.11215349081903696,0.3199592091888189,0.5678873095661402,25
2010-05-31,-0.31328412767499686,0.059647087082266806,0.37293121475726365,0.567421688735485,25
2010-06-01,0.2286095602407765,0.37573614403588274,0.14707658379510619,0.4771872682467103,27
2010-06-02,-0.41013501226328886,0.06959862921100396,0.4797336414742928,0.45066772917142284,26
2010-06-03,-0.3307576615474545,0.09574104845776008,0.4265237100052146,0.477735246480199,28
2010-06-04,0.1531197674297656,0.3587824513431352,0.2056626839133696,0.4355048650121459,27
2010-06-05,-0.09913536339998245,0.15022615283727647,0.2493615162372589,0.6004123273491859,25
2010-06-06,-0.16374934328719973,0.11202391071245074,0.27577325399965047,0.6122028429806232,25
2010-06-07,0.007850559443837182,0.20861419843572837,0.2007886389918912,0.5905971664230412,28
2010-06-08,-0.26308214796993595,0.08361291466280818,0.34669506263274413,0.5696920263939179,26
2010-06-09,-0.16807748187725935,0.1548322194471382,0.32290970132439756,0.5222580801776968,27
2010-06-10,-0.1483772680736505,0.10980281434380092,0.25818008241745144,0.6320171106893283,26
2010-06-11,0.21721764432051432,0.37878985180321795,0.1615722074827036,0.4596379366484972,28
2010-06-12,-0.2726667579635978,0.06525325138121843,0.3379200093448162,0.5968267337977886,25
2010-06-13,0.20609775612279774,0.35910467345491054,0.1530569173321128,0.48783841567635533,26
2010-06-14,-0.11561775149740279,0.17544422645879287,0.29106197795619565,0.5335104687172061,29
2010-06-15,-0.33087468308468276,0.11605530099656719,0.44692998408124995,0.43701472133398056,26
2010-06-16,-0.1168163362532281,0.11620413984816808,0.23302047610139617,0.6507753810057273,26
2010-06-17,0.017955466907872586,0.29268979833647607,0.2747343314286035,0.4325758778646015,28
2010-06-18,0.03817807461714512,0.3126756148217045,0.2744975402045594,0.4128468475169631,31
2010-06-19,0.012464840474638,0.2316122793158895,0.21914743884125149,0.5492902895355835,26
2010-06-20,-0.18896783962845803,0.24002634931355715,0.4289941889420152,0.3309794591367245,25
2010-06-21,-0.1277997375966647,0.225098740413059,0.352881811343057,0.4220361167373756,29
2010-06-22,-0.16693405941713316,0.18792596430199648,0.3548100237191296,0.4572640078237423,27
2010-06-23,-0.22285317660739218,0.11088382337935843,0.33368699998675055,0.555429178478626,27
2010-06-24,-0.4248843377286275,0.05372243930981991,0.4785567770384474,0.4677207871262823,27
2010-06-25,0.1551364805306953,0.31392991769852546,0.1588434371678302,0.5272266478201517,27
2010-06-26,-0.2882900981232524,0.10293068032711744,0.39122077845036984,0.5058485167473554,25
2010-06-27,-0.2538187090680003,0.09246081598103047,0.34627952504903076,0.5612596644461155,25
2010-06-28,-0.24779100225378686,0.09209582510475929,0.33988682735854614,0.5680173486471176,26
2010-06-29,-0.12076700176759983,0.21473167175773816,0.335498673525338,0.4497696536244108,30
2010-06-30,0.006156441820871383,0.2600174292591042,0.2538609874382328,0.4860715828011815,27
2010-07-01,-0.21194221192124563,0.12114827412273257,0.33310715271064484,0.5457445685100097,29
2010-07-02,-0.546150817961475,0.04798301353013286,0.5941088314916079,0.3579081525783126,28
2010-07-03,-0.34739236675202845,0.08030479095876217,0.42769715771079064,0.49199804186820983,25
2010-07-04,-0.32569554351270197,0.13099387168884277,0.45668941520154477,0.41231671735644343,25
2010-07-05,-0.45894712429493667,0.11173979230225087,0.5706869165971875,0.3175732919573784,25
2010-07-06,-0.4575296401297817,0.07068778396197237,0.5282174240917541,0.40109479710436785,27
2010-07-07,-0.2833807362386814,0.07810490900793901,0.36148564524662036,0.5604094519064977,26
2010-07-08,-0.4207550953835822,0.06660344461185427,0.4873335399954365,0.4460380245626546,28
2010-07-09,-0.23435011291160032,0.1722206108701917,0.40657072378179204,0.4212086577541553,26
2010-07-10,-0.436769466586411,0.0761497350409627,0.5129192016273737,0.4109310486912727,25
2010-07-11,-0.41469472996890544,0.059621259793639185,0.47431598976254463,0.4660627429187298,25
2010-07-12,-0.5705537894525781,0.04329494361837323,0.6138487330709512,0.34285631589591503,26
2010-07-13,0.0008756730570796956,0.29751228474837443,0.2966616116912947,0.4058261019305163,28
2010-07-14,-0.30805910016911536,0.09389608614863111,0.40195518631774646,0.5041487350200231,26
2010-07-15,0.18021290184136196,0.40570918203116607,0.22549628018980417,0.36879453654323635,27
2010-07-16,-0.5246238666379968,0.06519372014449193,0.5898175867824886,0.34498869158648526,27
2010-07-17,-0.4181208850443363,0.05351764626801014,0.47163853131234645,0.474843819886446,25
2010-07-18,-0.3900254066288471,0.05656076617538929,0.4465861728042364,0.4968530660122633,25
2010-07-19,-0.384222656735759,0.0820067440012529,0.4662794007370119,0.4517138623720249,27
2010-07-20,-0.25152441525862385,0.15455678307810466,0.4060978650033952,0.43932868525183355,29
2010-07-21,-0.10930876405319344,0.23154199728616154,0.34087576133935493,0.4275572370044314,28
2010-07-22,-0.3941386645803085,0.09046436036722018,0.48460302494752866,0.42493262285223377,26
2010-07-23,-0.489604503990939,0.059003336928211726,0.5486078409191507,0.3923888270958112,26
2010-07-24,-0.2419655067101121,0.1188208806887269,0.360786387398839,0.5203927278518676,25
2010-07-25,-0.3433391763269901,0.08069678645581008,0.4240359627828002,0.4952672569453716,25
2010-07-26,-0.34366267841888165,0.05942554186381973,0.4030882202827013,0.5375112404683462,28
2010-07-27,-0.4615038180975673,0.08759066970632054,0.5490444878038879,0.3633648394271731,27
2010-07-28,-0.5106887721026746,0.045865404240500465,0.556554176343175,0.3975804248967996,26
2010-07-29,-0.3600045087603995,0.06204856402025773,0.4220530727806573,0.5158983650975503,26
2010-07-30,-0.31294357688821467,0.16059744155115613,0.4735410184393708,0.36584486435196145,29
2010-07-31,-0.13618970416486265,0.1899628084950149,0.32615251265987755,0.483884682905674,26
2010-08-01,-0.46120252199470996,0.06448965907096862,0.5256921810656786,0.40981816105544566,25
2010-08-02,-0.4834679992009814,0.04425766211576187,0.5277256613167433,0.42801668265691173,26
2010-08-03,0.03596553917813761,0.2909187195392182,0.2549531803610806,0.45412810070864285,27
2010-08-04,0.05757463099839022,0.29137378091680316,0.23384914991841294,0.47477707061549795,28
2010-08-05,-0.05984089216332025,0.22812118386482963,0.2879620760281498,0.48391674071596225,27
2010-08-06,-0.4402841995828427,0.09072505507188347,0.5310092546547261,0.37826568432725394,26
2010-08-07,0.059230570243299,0.30171369094625117,0.24243312070295214,0.4558531937524676,26
2010-08-08,-0.4495837629586458,0.08825367912650109,0.5378374420851469,0.37390888601541517,25
2010-08-09,-0.30308893188473124,0.12083815287675423,0.42397708476148543,0.45518476017673426,27
2010-08-10,-0.23418795635981055,0.20958494073427641,0.44377289709408696,0.3466421639984617,28
2010-08-11,0.1386630128877094,0.3798650156518015,0.24120200276409204,0.37893297975728146,27
2010-08-12,-0.07506371517657086,0.14457963108497743,0.2196433462615483,0.6357770246593998,27
2010-08-13,-0.34587400393592627,0.11312895997510507,0.4589929639110313,0.4278780797316936,31
2010-08-14,0.17627853631675244,0.4384082992829383,0.26212976296618584,0.2994119380861521,26
2010-08-15,-0.08220158595591784,0.24582262318581344,0.32802420914173125,0.4261531725525856,25
2010-08-16,-0.5269446928938707,0.04663598564270024,0.573630678536571,0.3797333303223436,27
2010-08-17,-0.26463929635400957,0.08657252860183899,0.3512118249558486,0.562215648448238,26
2010-08-18,-0.34530404242328727,0.07797307764681485,0.4232771200701021,0.4987497842655732,26
2010-08-19,0.10967294989016196,0.35251292648543725,0.2428399765952753,0.4046637680992866,29
2010-08-20,-0.19723417570539392,0.18403069619854484,0.38126487190393876,0.4347044321840772,27
2010-08-21,-0.2911447211354971,0.08469762589782476,0.37584234703332187,0.5394600284099579,25
2010-08-22,-0.3482030946202576,0.1282928995974362,0.4764959942176938,0.3952111026644707,25
2010-08-23,-0.5623470075213566,0.03747943613248376,0.5998264436538403,0.36269412039277643,26
2010-08-24,-0.08135761378531654,0.2822663375882098,0.3636239513735263,0.3540930418283702,29
2010-08-25,-0.1906901744906862,0.10746404727316247,0.29815422176384865,0.5944317304346424,27
2010-08-26,-0.34077089527048743,0.05304278494217075,0.39381368021265817,0.5531435296512567,26
2010-08-27,-0.25566436584285246,0.1545293138576528,0.4101936797005053,0.43528951279990946,30
2010-08-28,-0.25273080546408894,0.09380293805152178,0.34653374351561067,0.5596633073687554,25
2010-08-29,-0.17525278091880608,0.10653928397048416,0.2817920648892902,0.6116186536361701,26
2010-08-30,-0.0766784845769692,0.1869059803814269,0.2635344649583961,0.5495595536751243,27
2010-08-31,-0.09862852286570346,0.21331215868153824,0.31194068154724175,0.47479716009360096,27
2010-09-01,-0.4649920329064131,0.06362873834371567,0.5286707712501287,0.4077004932373762,26
2010-09-02,-0.13013265717450817,0.25638612065902694,0.3864937778335351,0.357120100092544,28
2010-09-03,-0.5004053029716016,0.04259563122093678,0.5430009341925383,0.41435343428850174,26
2010-09-04,-0.4346104911916579,0.05408877576701343,0.48869926695867133,0.45721195622657734,24
2010-09-05,-0.4191853868216276,0.09473390486091375,0.5139192916825414,0.3913468199968338,25
2010-09-06,-0.31375988136976957,0.11192334301769734,0.4256832243874669,0.4623934443295002,25
2010-09-07,-0.210910226467567,0.13210469906542163,0.3429899255329886,0.5249053705837865,28
2010-09-08,-0.22431259390749037,0.1579494794162707,0.38226207332376105,0.459788442800366,28
2010-09-09,-0.4248288534209132,0.04551394451409578,0.470342797935009,0.4841432550549507,25
2010-09-10,-0.5453507871248114,0.04010205273797306,0.5854528398627845,0.37444510842011525,27
2010-09-11,-0.43112319823354484,0.04526348751038313,0.47638668574392795,0.4783498291671276,25
2010-09-12,-0.3212035086750984,0.11019985225051641,0.4314033609256148,0.4583967900276184,25
2010-09-13,-0.10609907426522709,0.23389486850585117,0.339960609437745,0.42614451782963214,29
2010-09-14,0.08310105681485283,0.35072293159348455,0.26762187477863175,0.3816551956875393,27
2010-09-15,-0.3584256251858858,0.10264826289114232,0.46109888807702815,0.43625284974972406,26
2010-09-16,0.08491000391279274,0.3284081835214908,0.24349817960869807,0.4280936363683297,28
2010-09-17,0.1500526945103246,0.38993324671164153,0.2398805522013169,0.3702112049197921,28
2010-09-18,-0.3294672034308314,0.05023532535880804,0.37970252878963945,0.5700621538609266,25
2010-09-19,-0.4187042007036507,0.0682900663651526,0.48699426706880333,0.4447156632691622,25
2010-09-20,0.21319982694676862,0.4417853102006878,0.22853548325391915,0.32967920950055124,27
2010-09-21,-0.4284846175512729,0.06130254660701522,0.48978716415828805,0.44891028366467134,27
2010-09-22,-0.4901609320838291,0.07498446783910577,0.5651453999229349,0.35987012976637256,26
2010-09-23,0.2269184942018814,0.46843410313986245,0.24146560893798102,0.29010028743858524,27
2010-09-24,0.0803935358952444,0.33187328148719214,0.2515047455919477,0.416621970664194,28
2010-09-25,-0.30357345633208754,0.10283392451703549,0.406407380849123,0.49075869008898737,25
2010-09-26,-0.37536559008061887,0.059896999038755894,0.43526258911937477,0.5048404148221016,25
2010-09-27,-0.3523769020288037,0.07905701939724386,0.43143392142604753,0.48950905455591587,28
2010-09-28,0.07099037653769441,0.3694763981449203,0.2984735216072259,0.3320500868029319,30
2010-09-29,-0.16895802550679787,0.2029077687650919,0.3718657942718898,0.42520143751822986,28
2010-09-30,-0.5312401439998012,0.04497225823746277,0.5762124022372641,0.3787653363731045,27
2010-10-01,0.07900098672941899,0.2923689502092795,0.21336796347986048,0.4942130850750666,27
2010-10-02,-0.283008488843607,0.13567509363189367,0.4186835824755007,0.4456413279531721,25
2010-10-03,-0.37800828337669373,0.08981744289398193,0.46782572627067565,0.4423568297922611,25
2010-10-04,-0.20172009087958587,0.118787962450259,0.3205080533298449,0.5607039848109278,27
2010-10-05,-0.005152046707272512,0.2767809818439185,0.2819330285511911,0.44128599016368386,26
2010-10-06,0.054778203427046535,0.31860090217306636,0.2638476987460198,0.41757639392281953,28
2010-10-07,-0.19951627230821892,0.1703171474899237,0.36983341979814266,0.459874432102992,28
2010-10-08,-0.17309191537648438,0.2234638640783727,0.3965557794548571,0.37998035403100344,27
2010-10-09,-0.3983875396102667,0.10372927531599999,0.5021168149262667,0.39415390402078626,25
2010-10-10,-0.08898379522487522,0.19391022494584323,0.2828940201707184,0.523195750245452,26
2010-10-11,-0.46508282333469164,0.08456327554841454,0.5496460988831061,0.3657906256042994,26
2010-10-12,-0.003307662453817639,0.26555979813494934,0.268917460588767,0.465522735956999,27
2010-10-13,0.08153838133791888,0.37234865566301045,0.29082694099175815,0.33680773709049594,29
2010-10-14,-0.45721184911518714,0.08800259603700386,0.545264445152191,0.36673295685860974,27
2010-10-15,-0.20901115610103768,0.17895448272772707,0.3879656388287648,0.43306737183469995,30
2010-10-16,-0.28752771027386187,0.11931123670190573,0.4068389469757676,0.47384982094168665,25
2010-10-17,-0.3015022532641888,0.1544139765948057,0.4559162298589945,0.3896697928011417,25
2010-10-18,-0.32860221069019574,0.08003582855543265,0.4086380392456284,0.5113261291900506,26
2010-10-19,-0.6551012661161617,0.05284329935481342,0.7079445654709752,0.23921213544286216,28
2010-10-20,-0.49320328885761017,0.045375546028551,0.5385788348861612,0.4160456295626668,26
2010-10-21,0.00700123245120049,0.22663926598527112,0.2196380335340706,0.5537226984030925,27
2010-10-22,-0.3789882710170383,0.14721308401169686,0.5261846883620684,0.32661889850176296,29
2010-10-23,-0.4374186788499355,0.07728954829275608,0.5147082271426916,0.4080022216588259,25
2010-10-24,-0.515776224771142,0.05263525747060776,0.5684114822417498,0.37895325469970703,26
2010-10-25,-0.4050479617552115,0.07993107624415022,0.48497903799936176,0.43508988518336644,27
2010-10-26,-0.29404681756678874,0.11460091616835158,0.4086477337351403,0.4767180122319322,29
2010-10-27,-0.25980466323059337,0.17952813049626465,0.439332793726858,0.38111407774698275,28
2010-10-28,-0.5035376847506716,0.03884147648484661,0.5423791612355182,0.4187793465904318,26
2010-10-29,-0.21263890423310491,0.09949430787506011,0.312133212108165,0.5883724808406371,26
2010-10-30,-0.25198301833048464,0.10698088262751698,0.35896390095800157,0.5340552153527737,26
2010-10-31,-0.312410861030221,0.08547191601246595,0.39788277704268693,0.5166453105211258,25
2010-11-01,-0.47019466982644337,0.04960954531412094,0.5198042151405643,0.43058623940203433,29
2010-11-02,0.052832560981838736,0.2702091843676109,0.2173766233857721,0.5124141889332579,27
2010-11-03,-0.2762810637447983,0.1267797861007257,0.40306084984552404,0.47020935723002144,28
2010-11-04,0.0376579145178772,0.35853584729880095,0.32087793278092375,0.32058623012900356,27
2010-11-05,-0.412937455832729,0.06670476150312102,0.47969221733585,0.453603022235632,27
2010-11-06,-0.32093498717993496,0.07249353930354119,0.39342852648347615,0.5340779346227645,25
2010-11-07,-0.48645006097853183,0.06829682029783726,0.5547468812763691,0.3769562928378582,25
2010-11-08,0.21285606315734867,0.4524927985164695,0.2396367353591208,0.3078704703690914,27
2010-11-09,-0.09133634578172975,0.2375945681702632,0.328930913951993,0.4334745221045155,28
2010-11-10,-0.2959948951163544,0.08529862055841547,0.3812935156747699,0.5334078825723666,26
2010-11-11,-0.2838563690191469,0.13169560364348193,0.41555197266262883,0.45275241978949843,29
2010-11-12,-0.4034417691627374,0.07581455892578531,0.4792563280885227,0.4449291106932056,29
2010-11-13,-0.3664299472421408,0.089747178517282,0.45617712575942276,0.4540756955742836,25
2010-11-14,-0.19749475240707398,0.1482236338034272,0.3457183862105012,0.5060579779744149,25
2010-11-15,-0.29488800431315143,0.17004858528865646,0.4649365896018079,0.36503982441104377,28
2010-11-16,-0.3232490615375626,0.07025948227641102,0.3935252104806404,0.5362153033206478,29
2010-11-17,-0.18532904761674313,0.17901973955144102,0.3643487871681842,0.45663147757878675,28
2010-11-18,-0.11634765394596527,0.2236248779385709,0.33994753188453614,0.43642758826051764,28
2010-11-19,-0.4184022091826137,0.05306050166331518,0.4714377108459289,0.47550178465201304,28
2010-11-20,-0.45939384210854767,0.04136341128498316,0.5007572533935308,0.45787933707237244,25
2010-11-21,-0.2564192030578852,0.12610015697777271,0.3825193600356579,0.4913804855942726,25
2010-11-22,-0.08873959420048272,0.1970788213110314,0.2857934155115141,0.5171027570163974,28
2010-11-23,0.09506354742846812,0.34017441863182646,0.24508587120335834,0.4147397026067743,28
2010-11-24,-0.3256391080719061,0.11419273901174848,0.4398068470836546,0.44602540582716466,28
2010-11-25,-0.37794020043686033,0.1349538998119533,0.5128941002488137,0.3521519848704338,25
2010-11-26,-0.24465047190175032,0.22433238085943918,0.46898285276118956,0.30668476650474163,27
2010-11-27,-0.4312010032683611,0.06354014031589031,0.4947411435842514,0.44171871811151503,25
2010-11-28,-0.09897675447165966,0.15578704472631216,0.2547637991979718,0.5894491609930992,25
2010-11-29,-0.11838401741454235,0.22659262674823405,0.3449766441627764,0.4284057262950218,28
2010-11-30,-0.22723401892594994,0.1902146519095852,0.41748617083553513,0.39229918526067187,30
2010-12-01,0.11766919674753948,0.3310433725851947,0.2133741758376551,0.45558244536236314,29
2010-12-02,-0.06526771220685197,0.22673680174750013,0.2920045139543521,0.48125868411904726,29
2010-12-03,-0.2182146078287409,0.05118907231049469,0.2694036801392356,0.6794072510248192,27
2010-12-04,-0.4407774781808257,0.0654901010915637,0.5062675792723894,0.4282423149049282,25
2010-12-05,-0.27605866234749554,0.08306970153003931,0.3591283638775349,0.5578019359707832,25
2010-12-06,0.030852829975864055,0.27425271290764214,0.24339988293177808,0.48229740319343717,27
2010-12-07,0.09227249537485727,0.31859842681801664,0.2263259314431594,0.45507563992990896,27
2010-12-08,-0.4090893748574532,0.07019043556199624,0.47927981041944945,0.4505297581736858,26
2010-12-09,-0.04470427160142704,0.29366011356419097,0.338389385165618,0.3679755015925719,28
2010-12-10,-0.2687296834215522,0.10991042319685221,0.3786401066184044,0.5114494623243808,25
2010-12-11,-0.28559990927577017,0.11891268581151962,0.4045125950872898,0.47657474368810654,25
2010-12-12,-0.4698433512386858,0.053629437013655475,0.5234727882523412,0.42289778006116835,25
2010-12-13,0.12697734541150812,0.3641689791199966,0.2371916337084885,0.3986393826044523,27
2010-12-14,0.07149459456930365,0.3173682233412965,0.24587362877199284,0.4367581464001765,27
2010-12-15,-0.48808150619098034,0.06404656602993243,0.5521280722209128,0.38384202907849335,29
2010-12-16,-0.465862999849308,0.12208180785035858,0.5879448076996666,0.2899733833395518,26
2010-12-17,-0.40250954490441543,0.07259448961569713,0.4751040345201126,0.4523014688434509,26
2010-12-18,-0.3630773129019265,0.09309193022393931,0.4561692431258659,0.45073884818702936,24
2010-12-19,-0.34866191271692515,0.0523405696824193,0.40100248239934444,0.5466569504141807,25
2010-12-20,0.20715614047460257,0.4368362422742809,0.22963010179967835,0.3335336557648503,27
2010-12-21,-0.4053261253552941,0.06960992987912434,0.47493605523441845,0.4554540077940776,26
2010-12-22,-0.08301489700614834,0.17200173892060724,0.25504163592675555,0.5729566261018698,30
2010-12-23,-0.2935506254792787,0.06541327985290152,0.35896390533218014,0.5756228159253414,26
2010-12-24,-0.37800656389445064,0.05789685495197773,0.4359034188464284,0.50619973115623,25
2010-12-25,-0.248042762093246,0.13928257919847964,0.38732534129172563,0.47339208036661146,25
2010-12-26,-0.22542347215116024,0.10901900194585323,0.3344424740970135,0.5565385328233242,25
2010-12-27,0.19683195952658467,0.43978984364391516,0.2429578841173305,0.3172022709492307,27
2010-12-28,-0.33013271618047013,0.11422170766331255,0.44435442384378265,0.44142386997943883,27
2010-12-29,-0.4114759113066472,0.0630724265311773,0.47454833783782446,0.4623792287535392,26
2010-12-30,-0.08482139445841312,0.20900998739525675,0.29383138185366986,0.4971586342900991,26
2010-12-31,-0.25336984230747017,0.20533991079731628,0.45870975310478646,0.3360003347546435,28
2011-01-01,-0.29635088961571454,0.1411879677325487,0.43753885734826325,0.4212731744721532,25
2011-01-02,-0.4336119811236858,0.09537484329193831,0.5289868244156242,0.3756383394449949,25
2011-01-03,-0.17184987961529538,0.16297244205354497,0.33482232166884035,0.502205257375653,26
2011-01-04,0.1781525477737475,0.396726258007437,0.2185737102336895,0.38470003482149195,27
2011-01-05,-0.27871387233384526,0.13924341505536666,0.41795728738921195,0.4427992979494425,26
2011-01-06,-0.2826706909062484,0.07178562441992645,0.3544813153261749,0.5737330632806971,28
2011-01-07,-0.0670986889868688,0.20313334868280933,0.2702320376696781,0.5266346137728829,27
2011-01-08,-0.31617565963417293,0.07885438822209835,0.39503004785627127,0.5261155499517918,25
2011-01-09,-0.24971929766237735,0.0854457277804613,0.33516502544283866,0.5793892540037632,25
2011-01-10,-0.13070534023800148,0.231645955745083,0.3623512959830845,0.4060027498658269,29
2011-01-11,-0.05704392869036931,0.24773140038965413,0.30477532908002347,0.44749327013630136,27
2011-01-12,-0.40372311092176694,0.08154552616379582,0.4852936370855627,0.4331608324343196,28
2011-01-13,-0.17030438454389002,0.1935029820364828,0.3638073665803728,0.44271465236819707,28
2011-01-14,-0.23011070041254356,0.1905704310873571,0.420714464833234,0.3887151034525572,29
2011-01-15,-0.3917902123183012,0.0870800095796585,0.4788702218979597,0.4340497715771198,25
2011-01-16,-0.31104780100286006,0.08851125597953796,0.399559056982398,0.5119296836853028,25
2011-01-17,-0.41700259587839245,0.06156946347877383,0.4785720593571663,0.4598584781885147,26
2011-01-18,0.02802841663309015,0.22839627501351328,0.20036785838042315,0.5712358738775437,27
2011-01-19,0.09339770664822022,0.370122114658499,0.27672440801027876,0.35317848060876134,28
2011-01-20,-0.3812171553878257,0.1236181843883143,0.50486033977614,0.371521468349145,28
2011-01-21,-0.24742836855280287,0.06528856175986048,0.31271693031266334,0.6219945035753343,27
2011-01-22,-0.34755157217383387,0.0983306398615241,0.44588221203535794,0.4557871624827385,25
2011-01-23,-0.40239607974886893,0.06595161348581315,0.46834769323468206,0.465700693577528,25
2011-01-24,-0.36930412677331614,0.11058046138630463,0.47988458815962076,0.40953494121248907,26
2011-01-25,-0.34867722688200764,0.12260677289928379,0.4712506664479581,0.4061258908339227,29
2011-01-26,-0.4647517064944483,0.054892253094854265,0.5196439595893025,0.4254637925097576,26
2011-01-27,-0.4103735532433177,0.06805036359039637,0.4783905835003807,0.45355905204954056,29
2011-01-28,-0.30296240060925483,0.09211716582150413,0.395054566430759,0.512828259079273,28
2011-01-29,-0.2965285469964147,0.08239184711128474,0.3789203941076994,0.5386877505481243,25
2011-01-30,-0.2816163398325443,0.11987661968916655,0.4014929595217109,0.47863042652606963,25
2011-01-31,-0.28655216194545996,0.11854885214080031,0.40510101408626026,0.4763501233492906,26
2011-02-01,0.2771604093704086,0.4829099572673727,0.20574954789696404,0.31134050182058265,27
2011-02-02,-0.27251631752229655,0.11543645838705394,0.38795277590935046,0.4966107573933326,26
2011-02-03,-0.16253389179461086,0.20716850285252128,0.3697023946471321,0.4231291049898435,29
2011-02-04,-0.25879884643288187,0.07655817204713822,0.33533201848002003,0.5881098102429738,28
2011-02-05,-0.4253336521610618,0.05747851017862558,0.4828121623396873,0.45970932513475415,25
2011-02-06,-0.3926310598105192,0.08471274942159653,0.4773438092321157,0.43794344559311865,25
2011-02-07,-0.38768391930856383,0.07808957986820203,0.46577349917676586,0.4561369247877827,26
2011-02-08,-0.3755004501973207,0.039456145551342234,0.41495659574866295,0.5455872586999948,26
2011-02-09,-0.4646698177991102,0.07734673038602992,0.5420165481851401,0.380636717811,26
2011-02-10,-0.047428586906252,0.22923358850140985,0.27666217540766186,0.49410423397754244,27
2011-02-11,-0.40569803952809713,0.06253091298189874,0.46822895250999585,0.46929013286038085,27
2011-02-12,-0.17960183618832404,0.11922574876393,0.29882758495225403,0.5819466686680017,25
2011-02-13,-0.47412018090486524,0.0682963141053915,0.5424164950102568,0.3892871901392937,25
2011-02-14,-0.19382905606269263,0.09510996351531492,0.2889390195780076,0.6159510167813071,27
2011-02-15,-0.5777901025274053,0.04307478426310878,0.620864886790514,0.33606033514325434,26
2011-02-16,-0.02928827244625068,0.3126311949880651,0.3419194674343157,0.34544933211505413,28
2011-02-17,0.01263536330418516,0.31145624239057873,0.29883337908639357,0.3896978805468633,30
2011-02-18,-0.4853523548405904,0.06795621176178639,0.5533085666023768,0.3787352222089584,26
2011-02-19,-0.5860539437830448,0.05117824003100395,0.6372321838140488,0.3115895788371563,25
2011-02-20,-0.48529702361673116,0.03954394120723009,0.5248409648239613,0.4356150832772255,25
2011-02-21,-0.44120657321065665,0.07735260929912328,0.51855918250978,0.4040882030129433,25
2011-02-22,-0.514086299504225,0.03751776797267107,0.5516040674768962,0.4108781707114898,26
2011-02-23,-0.31773037381040364,0.08635625719594267,0.4040866310063463,0.5095571119051713,26
2011-02-24,0.009665066890791052,0.2528850417175832,0.2432199748267921,0.5039199871988251,28
2011-02-25,-0.45720175715366806,0.07165064382169109,0.5288524009753591,0.39949695214033126,27
2011-02-26,-0.41015780918300154,0.050381269156932834,0.46053907833993435,0.4890796500444412,25
2011-02-27,-0.47086435414850714,0.05678937934339046,0.5276537334918976,0.4155569015443325,25
2011-02-28,0.12375595309020807,0.35491080015204274,0.23115484706183467,0.4139343507264669,27
2011-03-01,0.10252657548280861,0.3273318941740749,0.22480531869126627,0.4478627861675162,27
2011-03-02,0.006540325612937797,0.27512061869305293,0.26858029308011516,0.45628241969752004,29
2011-03-03,-0.42356001743707716,0.05650665927553215,0.4800666767126093,0.46341000133913296,29
2011-03-04,0.013709471194646689,0.29964777153251837,0.28588830033787166,0.4144639291146627,27
2011-03-05,-0.41388451084494593,0.06594557002186775,0.47983008086681367,0.45422434762120245,25
2011-03-06,-0.25595961201936007,0.11245232563465833,0.3684119376540184,0.5191357344388962,25
2011-03-07,-0.09520641322723374,0.22982988053305217,0.3250612937602859,0.44510882017245657,28
2011-03-08,-0.1621957877420462,0.25034626673336785,0.41249205447541404,0.3371616816926461,27
2011-03-09,-0.054715475700881644,0.24079467011008127,0.29548514581096286,0.46372018671173315,28
2011-03-10,-0.516112074448856,0.04931553137462873,0.5654526058234848,0.38523186358992867,28
2011-03-11,0.06113628577730404,0.3266870223038185,0.26555073652651445,0.4077622355638215,27
2011-03-12,-0.408935506939888,0.06487742431461811,0.47381293125450613,0.46130963653326035,25
2011-03-13,-0.3055698464810848,0.06702187966555356,0.3725917261466384,0.5603864033520222,25
2011-03-14,0.06167820406403296,0.28934601939288085,0.22768448199551458,0.48295283241059916,29
2011-03-15,-0.2499421045470696,0.1587770595215261,0.4087191640685957,0.43250378077993024,26
2011-03-16,-0.5132353752121329,0.03395535882264376,0.5471907340347767,0.4188539160087704,26
2011-03-17,-0.3287892618144934,0.08662430813106206,0.41541356994555545,0.49796212464571,26
2011-03-18,0.19979632013175064,0.41052191129460075,0.21072559116285008,0.378777499288779,28
2011-03-19,-0.4191719572991133,0.07047798626124858,0.48964994356036184,0.4398720827698708,25
2011-03-20,-0.4311363922804594,0.12178182952106,0.5529182218015194,0.32529994800686834,25
2011-03-21,-0.47464821892432296,0.0806648049575205,0.5553130238818434,0.36402217406206405,26
2011-03-22,-0.30772515744543993,0.12091736319976357,0.4286425206452035,0.4504401140774672,26
2011-03-23,0.028625820033940014,0.28975119715459074,0.26112537712065076,0.4491234200651829,27
2011-03-24,-0.5066866848745025,0.06350341988257491,0.5701901047570774,0.3663564757185487,27
2011-03-25,-0.2512558836037436,0.1749699693212429,0.42622585292498655,0.3988041777358605,28
2011-03-26,-0.5361593790538609,0.07158289281651378,0.6077422718703747,0.3206748299300671,25
2011-03-27,-0.2569770484417677,0.14648984350264072,0.40346689194440843,0.45004326343536377,25
2011-03-28,-0.16352530519936304,0.1681414891615268,0.33164179436088986,0.5002167101195159,28
2011-03-29,-0.47507480198804003,0.05868371085335429,0.5337585128413943,0.40755777576794994,26
2011-03-30,-0.11057792959802616,0.24460870062965803,0.3551866302276842,0.4002046728858581,29
2011-03-31,0.018228591662989208,0.3059054018042695,0.28767681014128027,0.4064177914573596,28
2011-04-01,-0.16903403366451653,0.20026060322557504,0.36929463689009157,0.4304447596873228,27
2011-04-02,-0.5920519262552262,0.052682052105665206,0.6447339783608913,0.30258396834135054,25
2011-04-03,-0.49774861351543476,0.06632431426815072,0.5640729277835855,0.36960275522880187,25
2011-04-04,-0.332725030513337,0.08971524174110247,0.4224402722544395,0.4878444971803289,26
2011-04-05,-0.34267880202954926,0.06435727077342282,0.40708607280297204,0.528556659647414,27
2011-04-06,0.19240172569869227,0.42110283893086015,0.22870111323216788,0.3501960552338224,27
2011-04-07,-0.1865662209070646,0.19268401354969694,0.37925023445676154,0.4280657533547053,27
2011-04-08,0.20273638713574751,0.4658832209861049,0.2631468338503574,0.27091994754557425,27
2011-04-09,-0.4432976483181119,0.1254786142334342,0.5687762625515461,0.3057451167702675,25
2011-04-10,-0.5402782485634089,0.06238066427409649,0.6026589128375054,0.334960415661335,25
2011-04-11,-0.39860791499299497,0.0791002038368812,0.4776831188298762,0.4432166703483233,28
2011-04-12,-0.35751532883026194,0.0915624987582008,0.4490778275884627,0.4593596626565661,26
2011-04-13,0.015685588625321822,0.294801095337669,0.27909884004568064,0.4261000627726317,28
2011-04-14,-0.39159859184574053,0.052403933579044853,0.44400252542478535,0.5036435395096357,27
2011-04-15,-0.06829139185416008,0.21544641465195097,0.2837628065061111,0.5007907854686563,28
2011-04-16,-0.4603413938365877,0.07787905868515373,0.5382204525217413,0.38395048877447846,26
2011-04-17,0.05444126947671174,0.3042785543344915,0.24983728485777976,0.4458841579020023,26
2011-04-18,-0.4783777833605042,0.08451021452781099,0.5628879978883152,0.3526017841093242,27
2011-04-19,-0.4360639201989037,0.06792219071176449,0.5039361109106681,0.4281416929150022,27
2011-04-20,-0.008117860831836105,0.25940534814375527,0.26752320897559134,0.4730714476089065,28
2011-04-21,-0.05473182923668998,0.2642658305370249,0.3190076597737148,0.41672651110564674,29
2011-04-22,-0.6319943488761782,0.04891612995415926,0.6809104788303375,0.27017338678240777,25
2011-04-23,-0.3906420535221696,0.06328111678361893,0.4539231703057885,0.48279571563005447,25
2011-04-24,-0.09701789470873773,0.2676314144078642,0.364699309116602,0.367669273430109,26
2011-04-25,-0.19574407630032647,0.21286824917446537,0.4086123254747918,0.37851942547611317,29
2011-04-26,-0.4319131981878327,0.06865100701027191,0.5005642051981045,0.4307847937019399,27
2011-04-27,-0.04394250768594271,0.23240676967677523,0.276359277362718,0.49122395385600925,31
2011-04-28,-0.28372033266675134,0.08119624807849213,0.36491658074524347,0.553887168847958,27
2011-04-29,-0.10083178073658391,0.22530947576801938,0.3261112565046033,0.4485692672975361,31
2011-04-30,-0.20971040233150123,0.16604150347858665,0.3757519058100879,0.4582065904319287,26
2011-05-01,0.19991573930310094,0.44419742143836244,0.2442816821352615,0.311520893036362,26
2011-05-02,-0.12866754273846745,0.16995771666690707,0.2986002594053745,0.5314420243561269,27
2011-05-03,-0.5178041390071695,0.05581189695602426,0.5736160359631938,0.370572052967663,26
2011-05-04,-0.1835514534661403,0.10514730880592879,0.2886987622720691,0.6061289278473991,28
2011-05-05,-0.11148859455525087,0.23255658922680444,0.3440326837820554,0.42341072650756884,30
2011-05-06,-0.5227784813734488,0.03894329603070823,0.561671777404157,0.3993849254726217,27
2011-05-07,-0.40482135098427535,0.10989528734236956,0.5147166383266449,0.37538806900382043,25
2011-05-08,0.07231936084628104,0.3191002812646329,0.2467809204183519,0.4341187973484397,26
2011-05-09,0.11833395698600666,0.3900394018731438,0.27170544488713716,0.3382551540098511,27
2011-05-10,-0.2549751551236098,0.14292257497124375,0.3978977300948535,0.459179698623373,28
2011-05-11,-0.48639158884313627,0.08138891872542027,0.5677805075685565,0.3508472362533785,29
2011-05-12,-0.24774404239428155,0.1998377511869543,0.4475567935812359,0.35260545342289484,28
2011-05-13,-0.5504201596889359,0.06018239152259552,0.6106025512115314,0.3292150470213248,26
2011-05-14,-0.22499184812232853,0.11806926481425763,0.34306111293658614,0.5388696193620562,26
2011-05-15,-0.1545485001072288,0.2607677895605564,0.41531628966778517,0.3239159215539694,26
2011-05-16,-0.16807376322995585,0.20556128330161938,0.3736350465315752,0.42082867022053555,28
2011-05-17,-0.43380691602118315,0.059368567052655495,0.4931754830738386,0.4474559511092993,27
2011-05-18,-0.1122703763688986,0.2374542792979341,0.34972465566683275,0.41284606374570954,28
2011-05-19,-0.15593611491356904,0.23902365123592317,0.39495976614949224,0.36599158182654246,28
2011-05-20,0.18101807763765637,0.48052226470657267,0.29950418706891624,0.21997354947821454,27
2011-05-21,-0.4400259668380022,0.09296406283974648,0.5329900296777487,0.37404589921236037,25
2011-05-22,-0.3535547353327274,0.13279710456728935,0.4863518399000168,0.3808510463684797,25
2011-05-23,-0.07696711504063927,0.2402652275989835,0.3172323426396228,0.44250242900917164,27
2011-05-24,-0.5315542278023293,0.051430202554911375,0.5829844303572407,0.3655853620372139,26
2011-05-25,-0.3221139285283593,0.12743806194227475,0.44955199047063404,0.42300993540825754,26
2011-05-26,-0.4993508966095172,0.051038550314307214,0.5503894469238244,0.3985720038364713,28
2011-05-27,-0.5166026555822445,0.055961741696699305,0.5725643972789438,0.3715238539677973,27
2011-05-28,-0.3491876481473446,0.07496982548385858,0.42415747363120315,0.5008727057278156,25
2011-05-29,-0.35866756219416857,0.11971917133778334,0.4783867335319519,0.40189409971237183,25
2011-05-30,-0.54842525113374,0.04927487079054117,0.5977001219242811,0.35302500054240227,25
2011-05-31,-0.4057330989084851,0.07420339301245717,0.47993649192094234,0.44586011214726246,27
2011-06-01,-0.33458060040257104,0.13618827841657286,0.4707855454858106,0.39300951288758945,29
2011-06-02,-0.3653212462737869,0.0763405476688479,0.4416617939426349,0.4819976582631469,28
2011-06-03,-0.541245645809804,0.06074696935547086,0.6020176151652749,0.3372354140106302,28
2011-06-04,-0.37621535688638685,0.1044586556404829,0.48067401252686975,0.4148673465847969,25
2011-06-05,0.03390315855890513,0.2532761005960405,0.21937294203713537,0.5274009534925223,26
2011-06-06,-0.5452135944884557,0.04969854789559658,0.5949621423840523,0.35533930549357945,27
2011-06-07,-0.2108607047113375,0.20821744507234063,0.41906148311701147,0.3727210726882403,29
2011-06-08,-0.19566337238447026,0.08453540645519701,0.28019877883966726,0.6353158178573044,27
2011-06-09,0.030001810801459056,0.33690162354126,0.30689981273980094,0.3562485694322448,27
2011-06-10,-0.37170674000777876,0.10183393236140792,0.4735406723691867,0.42462539315601955,28
2011-06-11,-0.4679625591263175,0.0979851807281375,0.565947739854455,0.3360670919716358,25
2011-06-12,-0.39658973950892684,0.06840688541531563,0.4649966249242425,0.4665964913368225,25
2011-06-13,-0.5309814383981319,0.053554466768153584,0.5845859051662855,0.36185962960582513,28
2011-06-14,-0.4411194585263729,0.08951717264090593,0.5306366311672789,0.37984619132028175,26
2011-06-15,-0.33743333977718765,0.07174509161939988,0.40917843139658755,0.5190764757303091,26
2011-06-16,-0.3420991681946012,0.09479899417895538,0.43689816237355655,0.4683028355670663,26
2011-06-17,-0.12229862865272624,0.20593173731695003,0.32823036596967625,0.4658278963193527,31
2011-06-18,-0.41187005437910557,0.08958240434527397,0.5014524587243795,0.4089651341736317,25
2011-06-19,-0.012263865989446648,0.3010679538093507,0.3133318197987974,0.3855502243056893,26
2011-06-20,-0.4592129563411268,0.05769796443816561,0.5169109207792923,0.42539110593497753,26
2011-06-21,0.05981432330347597,0.3153661493842992,0.25555182608082316,0.42910702759749614,28
2011-06-22,0.0776105182424188,0.34390230288257206,0.26629178464015324,0.3897892507652442,28
2011-06-23,-0.4084793354312961,0.08482120315042826,0.49330053858172435,0.4218782778256215,26
2011-06-24,-0.3400863767619603,0.11381519351859505,0.45390157028055533,0.4322707368635214,30
2011-06-25,-0.21076368518173694,0.15285884104669095,0.3636225262284279,0.483518630862236,25
2011-06-26,-0.3201938895881176,0.13840327657759188,0.4585971661657095,0.4029995585978031,25
2011-06-27,-0.38560312647618356,0.12104868994557513,0.5066618164217587,0.3722794964087239,31
2011-06-28,0.043556508587587334,0.3138461324956268,0.27028962390803946,0.41586424273665135,27
2011-06-29,-0.08685712795286224,0.1816576151921199,0.26856474314498213,0.5497776366839042,27
2011-06-30,-0.310144574381669,0.10643467505605748,0.4165792494377265,0.4769360799299983,27
2011-07-01,-0.18369242610364006,0.208506768333377,0.392199194437017,0.39926069802177644,29
2011-07-02,-0.5795692592859268,0.04841331355273724,0.6279825728386641,0.3236041101068258,25
2011-07-03,-0.390671721547842,0.051233049370348456,0.44190477091819047,0.5068621888756752,25
2011-07-04,-0.04189471383392811,0.09293733268976212,0.13483204652369024,0.7722306216061116,26
2011-07-05,-0.037660632046541326,0.27369492392499856,0.3113555559715399,0.414899526443619,27
2011-07-06,0.05842874173307075,0.3294317574850069,0.2710030157519361,0.3995652300405961,28
2011-07-07,-0.3233653297668696,0.0705859518169356,0.3939512815838052,0.5354627725274856,28
2011-07-08,-0.37503662719749487,0.0700594878468949,0.4450961150443898,0.4848444009056458,26
2011-07-09,-0.004899453724175662,0.29342970606908203,0.2983291597932577,0.40824113039374355,26
2011-07-10,-0.24884310629218817,0.09780175756663084,0.346644863858819,0.5555533689260482,25
2011-07-11,-0.6310230033973662,0.030253323260694742,0.6612763266580609,0.3084703370785484,26
2011-07-12,-0.4874293212431554,0.04198409986312573,0.5294134211062811,0.42865247473218115,27
2011-07-13,-0.12306246641881,0.2586970118949906,0.3817928116471339,0.35951017701308696,29
2011-07-14,0.12716199365390032,0.38355839815019416,0.2563714044962938,0.3600951991086969,28
2011-07-15,-0.22259349200903222,0.08171317151274819,0.30430666352178043,0.6140301620998635,27
2011-07-16,-0.37090399261564017,0.10551323100924492,0.4764172236248851,0.4180695491284132,25
2011-07-17,-0.09762483769658334,0.25288305910406633,0.35050789680064964,0.3966590437654406,25
2011-07-18,-0.06284997571646597,0.26442831497661384,0.3272782906930798,0.40827672610546534,29
2011-07-19,-0.47727222271272196,0.05564860786437415,0.5328958305770961,0.41145556214956136,28
2011-07-20,-0.15209907825763982,0.1588081259366698,0.3109572041943096,0.5302346731465597,28
2011-07-21,-0.25786263275092036,0.1501666995252554,0.4080543322761758,0.4417789698642034,28
2011-07-22,-0.29864913448000757,0.1463063691598578,0.4449555036398654,0.40873813198226006,28
2011-07-23,-0.47266452804207804,0.06715433865785599,0.539818866699934,0.3930267889797687,25
2011-07-24,-0.20646490264683962,0.10441306859254837,0.310877971239388,0.5847089552879333,25
2011-07-25,-0.10841799028076424,0.21796805893181798,0.3263693825459155,0.45567922135618255,29
2011-07-26,-0.13280574724496558,0.1965470582475647,0.3293361388258636,0.4741167963714936,29
2011-07-27,0.14122815112076126,0.3485049738749862,0.2072768227542249,0.444218195812748,27
2011-07-28,-0.14135669746007293,0.24079170902524238,0.382165073151982,0.3770265564216635,29
2011-07-29,-0.024753529658483778,0.26544495374689303,0.29019848340537685,0.4443565637611426,29
2011-07-30,-0.42273902006447317,0.10934329699724912,0.5320823170617223,0.35857438296079636,25
2011-07-31,0.17419494805634017,0.40311007513627406,0.2289151270799339,0.36799979290366175,27
2011-08-01,-0.42383681104426774,0.11107120881980428,0.5349080198640721,0.35402077194297543,28
2011-08-02,-0.16328017657416372,0.22406621455637118,0.38734639113053493,0.3885873918773272,29
2011-08-03,-0.3188624703310525,0.14716546322368085,0.4660279335547334,0.38680660542452183,29
2011-08-04,-0.189766739125865,0.19770525932180194,0.38747199844766694,0.4148394038644739,29
2011-08-05,-0.28723385333100765,0.15078638009921863,0.4380139834302263,0.4111933838735979,34
2011-08-06,0.08589784445166587,0.39091025314927097,0.30501240869760515,0.30407734023928645,26
2011-08-07,-0.2750423284903169,0.09508814109638333,0.3701304695867002,0.5347813866347074,26
2011-08-08,-0.18852081176266075,0.18593848809611338,0.37444679985877416,0.43960846018246735,34
2011-08-09,-0.13341698678081426,0.19465432840410907,0.3280713151849233,0.4772618538856506,30
2011-08-10,0.01630606802541479,0.31331286200863806,0.2970067939832233,0.38968034336337676,27
2011-08-11,-0.02801350510690645,0.23295862867362227,0.2609846337805287,0.5060442365966165,30
2011-08-12,-0.33636564757061693,0.12110961718407388,0.4574752647546908,0.4214151183477961,28
2011-08-13,-0.5573337281122803,0.03865519259124994,0.5959889207035303,0.3653558920323849,25
2011-08-14,-0.335456382073462,0.10081683356314898,0.436273215636611,0.46290995463728907,25
2011-08-15,0.04385822924054586,0.31752323455415093,0.27366500531360505,0.4088117558338321,27
2011-08-16,-0.0909312689375992,0.25094641947184615,0.34187768840944543,0.4071883914381266,30
2011-08-17,-0.11960174528783522,0.26097850681578694,0.3805802521036221,0.3584579017115709,29
2011-08-18,0.02532142329139586,0.2580448159582722,0.23274005933354297,0.509231789010725,29
2011-08-19,0.16094865318983792,0.46485707925260067,0.3039334260627627,0.23120949144363404,27
2011-08-20,-0.04527197033589084,0.24323692108616235,0.28847555808871983,0.4682708605845769,28
2011-08-21,0.019633066276460887,0.23434003842249512,0.21470697214603424,0.5510029891520739,26
2011-08-22,0.10745217208237604,0.3078255693603594,0.20039839727798334,0.49175103131991166,28
2011-08-23,-0.3179800247835998,0.12109440293718034,0.43910776105411353,0.4397978436742074,29
2011-08-24,-0.4133701507130609,0.07488422966317489,0.4882443803762358,0.43686138788302353,31
2011-08-25,-0.33045901104230146,0.0736808440613632,0.40414985510366463,0.5221993031990986,31
2011-08-26,-0.14542843343927883,0.17263062583428734,0.3180215592735662,0.5093603219666161,30
2011-08-27,-0.4503575334697962,0.07342869512736798,0.5237862285971642,0.40278507441282274,25
2011-08-28,-0.5421693384647369,0.056188864707946776,0.5983582031726837,0.34545294210314753,25
2011-08-29,-0.17511748640726393,0.17884841011851454,0.3539658965257785,0.46718569185126285,34
2011-08-30,-0.057845727502373157,0.2639938038613838,0.32183119803042365,0.4141999999529276,32
2011-08-31,0.1146295626175805,0.40727159193140006,0.2926420293138195,0.3000697106373998,29
2011-09-01,-0.30346176397198665,0.1328938787158292,0.4363556426878159,0.43075049109756947,26
2011-09-02,-0.1417602747087391,0.1687345205225146,0.31051146189792034,0.5207456839059408,32
2011-09-03,0.28737389636486765,0.47739940156564115,0.1900255052007735,0.3325250947982073,26
2011-09-04,-0.34444532308727505,0.08505899284034968,0.4295043159276247,0.485436679199338,25
2011-09-05,-0.12674305215850473,0.09746925493776798,0.22421230709627268,0.6783184326201678,26
2011-09-06,-0.00559863793451626,0.29425879518610354,0.2998574331206198,0.4058962727141495,30
2011-09-07,-0.2813188336350024,0.11295109652352447,0.3942824301585268,0.4927664690195368,30
2011-09-08,0.01797894803453237,0.3189485542666597,0.3009571062321273,0.38009434298471767,30
2011-09-09,-0.3437684255365569,0.14241675867770726,0.48618518421426415,0.3713980479022631,26
2011-09-10,-0.3542711630091071,0.10226054914295674,0.45653171215206384,0.44120774269104,25
2011-09-11,-0.4578808793053031,0.07856167677789927,0.5364425560832023,0.38499579206109047,25
2011-09-12,-0.22020935554313353,0.15493098209620668,0.3751403376393402,0.4699453487221247,29
2011-09-13,-0.17984618681010145,0.18904517231383003,0.36889135912393145,0.44211347354123226,28
2011-09-14,-0.5555561333670639,0.04391991750746965,0.5994260508745335,0.35665402939715063,27
2011-09-15,-0.5410399691643337,0.06462719607898632,0.60566716524332,0.3297056381583023,29
2011-09-16,-0.46215994120713033,0.07206111178635978,0.5342710529934902,0.39366783427091745,27
2011-09-17,-0.45347778268158434,0.07733838856220246,0.5308161712437868,0.39184544526040554,25
2011-09-18,-0.33684295397251846,0.1250503583624959,0.46189331233501435,0.4130563344061375,25
2011-09-19,-0.2628184537070016,0.1811479906052924,0.44395394431229396,0.3748918146346624,34
2011-09-20,-0.46273978265862054,0.06872257199854805,0.5314623546571686,0.3998150732368231,26
2011-09-21,0.04443734811575942,0.33707173680293445,0.29268438868717506,0.3702438716263725,27
2011-09-22,-0.40761578622902817,0.09239887965789208,0.5000146658869202,0.40757645914762064,31
2011-09-23,-0.4684712010404812,0.06720032883071556,0.5356715298711967,0.3971406382175592,30
2011-09-24,-0.1327620480209589,0.14227413289248944,0.27503618091344834,0.5826896914839744,25
2011-09-25,-0.2224911591038108,0.16441516909748316,0.38690632820129395,0.4486784890294075,25
2011-09-26,-0.3588181632752315,0.07292536846903654,0.4317310317442681,0.49535610027026666,30
2011-09-27,-0.2044537575917347,0.20591513362008793,0.41037889121182264,0.38369598206345845,31
2011-09-28,-0.33541115560019624,0.08308036597533486,0.4185081882421978,0.4984114442780232,29
2011-09-29,-0.19212383345494477,0.05982280053891814,0.2519466339938629,0.6882305638374044,27
2011-09-30,-0.059025930336117735,0.23817028533203097,0.29719621566814874,0.4646084982117781,28
2011-10-01,-0.42416043594479563,0.08353496715426445,0.50769540309906,0.4087696315348148,25
2011-10-02,-0.489955585077405,0.06621723525226116,0.5561728203296661,0.37760994225740435,25
2011-10-03,0.004028331320285794,0.3037256169769168,0.299697285656631,0.39658710153877735,30
2011-10-04,-0.16927406838044334,0.16384261163890554,0.33311668001934885,0.5030240323081231,29
2011-10-05,-0.13727219682891206,0.20136149402924455,0.3386436908581566,0.4599848078590288,31
2011-10-06,-0.06031778759191242,0.2615505948013984,0.32181838239331084,0.4166310197068522,27
2011-10-07,-0.008533617725805992,0.21360003742925252,0.22212532182172512,0.5642746344625951,32
2011-10-08,-0.5585101824522019,0.062374898795038464,0.6208850812472403,0.31674002334773543,26
2011-10-09,0.00658300884068011,0.27072920216992497,0.26412119332924483,0.4651496075183153,27
2011-10-10,-0.12992449070960518,0.25003490731965156,0.3799593980292567,0.37000569821519164,35
2011-10-11,-0.07988110650896454,0.2601884819105554,0.34007458841951993,0.3997219259625444,36
2011-10-12,-0.012731045577913908,0.2719648506303055,0.28469172954155275,0.4433475837187507,38
2011-10-13,-0.43971502569172627,0.11194147419851178,0.551656499890238,0.33641869605246644,32
2011-10-14,-0.09686242810253343,0.2549709556190841,0.3518233837216176,0.3932006542654106,36
2011-10-15,-0.030321013826131837,0.2961512899108231,0.32647230373695496,0.3774014050483704,27
2011-10-16,0.07244986854717136,0.3039995338357985,0.23154966528862714,0.46445079966485503,26
2011-10-17,-0.33386684690028046,0.15244411636768623,0.48630262993463336,0.3612532589632349,32
2011-10-18,-0.3105411872081254,0.10286244095450083,0.41339648530548334,0.4837339299336404,33
2011-10-19,-0.2682981732997852,0.14460476886628149,0.4129029421660667,0.4424839578372546,32
2011-10-20,-0.34935570540362254,0.08477601351158341,0.4341362643697514,0.48109227206863303,37
2011-10-21,0.10798183841067563,0.3614143872434162,0.2534325488327405,0.3851475002908554,35
2011-10-22,0.09908886195607486,0.34136215754114085,0.24224829558506608,0.4164020565316081,29
2011-10-23,-0.3640365523363774,0.1490566428983584,0.5130931952347358,0.33785015212682384,24
2011-10-24,0.08022148589088204,0.2977672465192748,0.217556474914107,0.4846869879449789,40
2011-10-25,0.041717439729319156,0.30231040489662153,0.26059296516730235,0.43706330125935566,29
2011-10-26,0.02539799909436935,0.29372287072353065,0.2683248716291613,0.43795225413693833,29
2011-10-27,-0.29173973109330503,0.15975842874596516,0.45148149317260355,0.3887600750367229,29
2011-10-28,-0.21510130167140984,0.16683358711815224,0.3819398887895621,0.45123652002670445,36
2011-10-29,-0.3472011024259031,0.15983061741665006,0.5070317198425531,0.3331376604497433,27
2011-10-30,-0.3836640117689967,0.10393171954900027,0.487595731317997,0.4084725508093834,25
2011-10-31,-0.2816357983107546,0.11302831991011134,0.39467126107800876,0.4923004171671448,33
2011-11-01,-0.2457392150542484,0.1796638414977548,0.4254093065520032,0.3949143512696601,34
2011-11-02,-0.006926143844311061,0.26121021805323086,0.2681363618975419,0.47064342427599887,31
2011-11-03,-0.12799667903331036,0.20890237923000865,0.336899058263319,0.45419856055447694,30
2011-11-04,-0.12334507265602167,0.2202225757753964,0.343577648431418,0.43620977840805286,31
2011-11-05,-0.5180462162675957,0.06326479400023818,0.5813110102678338,0.3553908632740378,28
2011-11-06,-0.12387558520026505,0.13025041785016656,0.2541260030504316,0.6156485825359821,27
2011-11-07,0.1503231937574175,0.39924054619436844,0.24891735243695096,0.35184210049108816,29
2011-11-08,-0.06634632845798938,0.24467284928796196,0.3110191777459513,0.4443079711571718,32
2011-11-09,-0.2497452870693583,0.19607296719113126,0.4458182542604896,0.3581004497731535,32
2011-11-10,-0.5954627599989566,0.0342225067323217,0.6296352667312782,0.3361422253543368,27
2011-11-11,-0.15070164689434834,0.1742810059468391,0.32498265284118744,0.5007363400836403,31
2011-11-12,0.2297567973859608,0.5010744909033179,0.2713176935173571,0.22760781995654106,26
2011-11-13,0.11082025005742907,0.38272226165905593,0.27190201160162686,0.3454257233679294,26
2011-11-14,-0.27088800667229185,0.13099425857763453,0.4018822652499263,0.4671234730740006,34
2011-11-15,-0.10782767804252741,0.20779470506140982,0.3156152402467944,0.4765971988742823,33
2011-11-16,-0.31253129598367957,0.1627787082947647,0.47528500427844433,0.36194878594921187,30
2011-11-17,-0.4059401855283027,0.09098567149543291,0.49694252369040226,0.41206069450900595,35
2011-11-18,-0.1289053222156447,0.21229574650460956,0.3412082115773971,0.44650317687680435,33
2011-11-19,0.15726443995162842,0.4044594797462225,0.24714503979459404,0.3483954774975777,26
2011-11-20,-0.44421158857643606,0.04923663385212421,0.49344822242856023,0.457315151616931,25
2011-11-21,-0.22666006610325226,0.17082460963047372,0.3974680090670593,0.43171572180877515,32
2011-11-22,-0.20685945736639774,0.20944149296960005,0.41628220033599783,0.37427005956001,34
2011-11-23,-0.3593595819634396,0.08918591306148158,0.44853120931063545,0.4622828734011113,33
2011-11-24,-0.3145201172516681,0.10574441473307086,0.42025619865140573,0.4739993878766894,30
2011-11-25,-0.35360133843137287,0.059176452110615424,0.41277779054198827,0.5280513149805175,35
2011-11-26,-0.13290564205087718,0.2501105480223894,0.3830161900732666,0.3668732596412301,26
2011-11-27,-0.4944950529560447,0.09703577831387519,0.5915308312699199,0.31143339827656746,25
2011-11-28,0.011556032861909288,0.2633360505861158,0.2517911288353177,0.4848728179278791,35
2011-11-29,-0.28585227947730857,0.13180864418647611,0.4176484236637847,0.4505304332422522,34
2011-11-30,-0.04904315514631241,0.26627780206736873,0.31532095721368114,0.41839409705585506,33
2011-12-01,-0.06564107235185801,0.2419244060048977,0.30757797835675565,0.450491361411575,34
2011-12-02,-0.13991855690000726,0.2104780536015733,0.35040286050158054,0.4391253350550739,34
2011-12-03,-0.4874064616084409,0.04974920513279116,0.5371806667412321,0.41307012298430007,26
2011-12-04,-0.472231855802238,0.08769221786409616,0.5599240736663341,0.35238371305167676,25
2011-12-05,-0.29837275038160954,0.12916989309217494,0.4275426434737845,0.4433124609982738,28
2011-12-06,-0.42603403054649636,0.08687259751409292,0.5129066280605892,0.4002207703776466,29
2011-12-07,0.02488232420837072,0.3104989793143593,0.28562665510598856,0.4038743719377197,31
2011-12-08,-0.02083208008591944,0.22815353630692337,0.24897311639284286,0.5228733485897573,30
2011-12-09,-0.3857884924285687,0.10778139807427159,0.4935698905028403,0.3986486964500867,26
2011-12-10,-0.38543234933167697,0.08250435151159763,0.4679367008432746,0.44955896228551867,25
2011-12-11,-0.4160893151910665,0.0752438478357469,0.4913331630268134,0.43342299132992823,25
2011-12-12,-0.2520161578073524,0.1375156041378012,0.38953176194515365,0.4729526409736046,26
2011-12-13,-0.2206671666723891,0.16707229717697664,0.3877269638493657,0.4452132395646893,30
2011-12-14,-0.36054423714629735,0.11835737274448649,0.4789099432241172,0.4027326856074807,32
2011-12-15,-0.5548256791592504,0.06777748452364826,0.6226281636828986,0.30959435532173285,28
2011-12-16,-0.19215456622277313,0.13701413631049486,0.329168702533268,0.5338171598667135,28
2011-12-17,0.19828699957579377,0.44996460750103,0.25167760792523625,0.29835778252482414,26
2011-12-18,-0.5834624399244785,0.06708408996462822,0.6505465298891068,0.2823693719506264,25
2011-12-19,-0.37231421391563346,0.10318630049245288,0.4754905144080864,0.421333182287583,31
2011-12-20,-0.035179648709944805,0.2643256064247569,0.2994952551347017,0.43617913734802827,31
2011-12-21,-0.20012526894521254,0.22035987747637314,0.42048514642158574,0.35917163800463464,29
2011-12-22,-0.24036718421409337,0.0942732582947669,0.3346279425088603,0.5710987953815323,30
2011-12-23,0.08383011874863164,0.3278502128634029,0.24402009411477124,0.4281546923233339,28
2011-12-24,-0.3787192412930298,0.09880738981164842,0.4775266311046782,0.42366597144682827,25
2011-12-25,-0.310940177552402,0.10140212554484605,0.41234230309724806,0.4862555853277445,25
2011-12-26,-0.3158204244993627,0.10834411614909768,0.42416454064846043,0.4675163430348038,27
2011-12-27,-0.37958374298146136,0.051903687292996506,0.4314874302744579,0.5166088808922813,30
2011-12-28,-0.3845780360620469,0.1340290765114988,0.5185946125735457,0.3473763101090032,30
2011-12-29,-0.16589893707577616,0.2253167110737604,0.3911989814828699,0.3835009746115177,29
2011-12-30,-0.07895858346473139,0.22820013977736237,0.30715872324209376,0.4646411343835868,30
2011-12-31,-0.19479342567175628,0.257770212572813,0.4525636382445693,0.2896411456435919,27
2012-01-01,-0.3856979516521096,0.090766615383327,0.4764645670354366,0.4327688163518906,25
2012-01-02,-0.13745186067447066,0.13599229884818195,0.27344415952265266,0.5905635439574719,27
2012-01-03,0.031313745563056966,0.3488475601120255,0.31755048121563517,0.333601955663451,29
2012-01-04,-0.10259368259963467,0.23618017573914807,0.3387667154816399,0.425067395684516,33
2012-01-05,-0.334167877926687,0.05824969138571849,0.39245090264573884,0.5492994124340705,29
2012-01-06,-0.19033417830037383,0.22676244005827378,0.4170966183586476,0.3561159358518628,28
2012-01-07,-0.4262653834372759,0.05739211026579141,0.4836574937030673,0.45895040296018125,25
2012-01-08,-0.4667988082526026,0.09741818431983214,0.5642169925724347,0.33836482299597437,26
2012-01-09,-0.44395452732435214,0.055937077617272735,0.4998916049416249,0.44417130366827434,26
2012-01-10,-0.6513588687490959,0.02961925039408872,0.6809781191431845,0.2894026300328855,27
2012-01-11,-0.000639243510212606,0.3467543473358433,0.3473769241793893,0.30586872379233443,29
2012-01-12,-0.539856645027892,0.09869049629196525,0.6385471413198572,0.26276237051934004,26
2012-01-13,-0.45550459865930565,0.09198956368101331,0.5474941623403189,0.3605412767547254,28
2012-01-14,-0.26583191570043563,0.19337602727115155,0.4592079429715872,0.3474160284534097,26
2012-01-15,-0.4255923178792,0.09449653930962086,0.5200888571888208,0.38541461423039436,25
2012-01-16,-0.19659152978236474,0.1293506850031515,0.3259255481188496,0.5447404355376959,28
2012-01-17,-0.06011033991997443,0.20913883814766812,0.26924917806764254,0.5216369834623085,32
2012-01-18,-0.09393380635016813,0.2953645759034329,0.389310882253601,0.31531204125193446,30
2012-01-19,-0.3131951586003105,0.1250183870924016,0.4382052123593787,0.43676806990139383,32
2012-01-20,-0.11180340724765683,0.24786226346344328,0.3596556707111001,0.3924820646254833,31
2012-01-21,-0.38656327974051236,0.055830582715570926,0.4423938624560833,0.5017755473405123,25
2012-01-22,-0.41237529810518025,0.09897533386945724,0.5113506319746375,0.3896740263700485,25
2012-01-23,0.015462352723566886,0.24330568860405338,0.22783619302334368,0.5288581201815179,33
2012-01-24,-0.39934696020701754,0.07445306287935147,0.47380002308636904,0.4517469143924805,26
2012-01-25,-0.1686713759024728,0.14460146190914397,0.3132728378116168,0.5421356972166208,31
2012-01-26,-0.5510909167440752,0.04892744614671056,0.6000183628907857,0.35105419316543984,26
2012-01-27,0.12594362736161893,0.3925822904611531,0.26663866309953427,0.34079570384648367,29
2012-01-28,-0.18241189081147313,0.09341224194839597,0.2758241327598691,0.6307636235594749,26
2012-01-29,0.03766092881560326,0.31607561477795243,0.2783646859623492,0.40555969724804164,26
2012-01-30,-0.3184063321873737,0.11231689505369809,0.4307232272410718,0.4569432112534841,29
2012-01-31,0.013211367383981376,0.3136384741330949,0.3004437734157802,0.38590108592773864,29
2012-02-01,-0.08255482183603141,0.22682880176869338,0.30936695693805816,0.46380423685155625,29
2012-02-02,0.07966578836552801,0.4187514566763376,0.3390856683108096,0.24216287807547127,27
2012-02-03,-0.5150670167058706,0.05369953560427977,0.5687665523101504,0.37753390492155003,26
2012-02-04,-0.5126811680942773,0.09344234861433506,0.6061235167086124,0.3004341319203377,25
2012-02-05,0.052558262408524736,0.3468798639915883,0.2943716015830636,0.35874853883981705,26
2012-02-06,-0.23159963986627186,0.1807363567550977,0.4123526632880362,0.40691098450601865,29
2012-02-07,0.08790531754455055,0.4311058506017657,0.34320053305721515,0.2257436184006748,27
2012-02-08,0.1634388768864079,0.4193831966530532,0.25589431976664523,0.32472249022492994,27
2012-02-09,-0.0226270028527826,0.29708103461090757,0.3197330374636902,0.3831859287313544,28
2012-02-10,-0.16980374020460134,0.20524609061017635,0.3750598308147777,0.41971407873623645,31
2012-02-11,-0.5047716368734837,0.06348357450217008,0.5682552113756537,0.36826120600104334,25
2012-02-12,-0.3713122284039855,0.11487394254654645,0.48618617095053196,0.3989398877322674,25
2012-02-13,-0.39650183612280165,0.09648034522745472,0.49299468135025637,0.4105249682641946,30
2012-02-14,-0.26862950042069245,0.1749807392590751,0.44358523967976754,0.38143402101638224,28
2012-02-15,0.06547518955003473,0.37513703377004715,0.3097118442200124,0.3151511215353241,27
2012-02-16,-0.24321158419237113,0.16073883673714903,0.40395042092952016,0.4352982415990187,30
2012-02-17,0.022570744339949822,0.2931904233428148,0.270569679002865,0.43623989554093434,28
2012-02-18,-0.39738744710149165,0.07538944081405091,0.47277688791554257,0.45183367026457816,25
2012-02-19,-0.008254870487004518,0.3197621165372431,0.3280419870242477,0.35219589470624924,27
2012-02-20,-0.2641215267743414,0.16774280371242317,0.43186433048676454,0.4003928593560601,25
2012-02-21,0.09982433153196976,0.4093469531334554,0.3095226216014857,0.28113042750381506,29
2012-02-22,0.1949352910822687,0.4634585014633834,0.2685232103811147,0.26801829415536843,27
2012-02-23,0.045922194735084965,0.31804706058289184,0.27214153251447354,0.40981140946377165,29
2012-02-24,-0.40315321649714153,0.1069878375113297,0.5101910540084713,0.3828211092324211,27
2012-02-25,-0.4801421371102333,0.08324734814465046,0.5633894852548837,0.3533631774783135,25
2012-02-26,-0.43160741724073887,0.09388904109597206,0.5254964583367109,0.38061449155211446,25
2012-02-27,0.02957121136486529,0.3021389340558018,0.2725677226909365,0.4252933412115161,27
2012-02-28,-0.25958606982357224,0.15610295239999317,0.41566402222356547,0.4282330263794042,28
2012-02-29,-0.4930279343484113,0.05686741883582794,0.5499078531842392,0.39322473503649236,30
2012-03-01,-0.12113656566494277,0.2611660866694791,0.38230979519156477,0.35653840562275474,32
2012-03-02,-0.22852522854764873,0.169146586352816,0.3976718149004647,0.4331815999287825,26
2012-03-03,-0.22296459428966045,0.13026063431054355,0.353225228600204,0.5165141293406487,25
2012-03-04,0.15194155096337203,0.3578362644046545,0.2059447134412825,0.43621902839392424,26
2012-03-05,-0.42540290223233973,0.07878617146038092,0.5041390736927207,0.41707476000499266,27
2012-03-06,-0.3412746972912206,0.09352630282789469,0.43480100011911527,0.4716726874173834,27
2012-03-07,0.13777968836102922,0.4263961183448537,0.2886164299838245,0.2849874509370098,28
2012-03-08,0.0011810228019092928,0.29604524505433555,0.29491422225242625,0.40904053041866195,27
2012-03-09,-0.2604588202792387,0.1606829559843223,0.421141776263561,0.41817526898791013,29
2012-03-10,-0.02113700906485322,0.2210107966989279,0.24219780576378105,0.5367913935139775,26
2012-03-11,-0.5627807709760964,0.03497892064973712,0.5977596916258335,0.36726139701902866,25
2012-03-12,-0.12748172317718467,0.15961973256743872,0.28711812241129003,0.5532621414034412,29
2012-03-13,-0.2678539336515161,0.08617468398786508,0.35405361763938115,0.5597716956504263,28
2012-03-14,-0.6491290490151025,0.03984204850755632,0.6889710975226588,0.27118685024449457,27
2012-03-15,-0.15627792027369142,0.2012531975069298,0.3575144511139546,0.4412490164338778,29
2012-03-16,-0.07383481251676687,0.2789426805289128,0.3527774930456797,0.36829648924141356,29
2012-03-17,-0.32072623431682584,0.08020709455013275,0.4009333288669586,0.5188595786690712,25
2012-03-18,-0.4352016976103187,0.09691183101385832,0.5321135286241769,0.37097463354468346,25
2012-03-19,-0.1468743507182369,0.07290510413193932,0.21982945485017621,0.7072654401582021,27
2012-03-20,-0.36809497010146197,0.08366754491684529,0.4517625150183072,0.46461993777236116,27
2012-03-21,-0.3227950785523997,0.14779336245443958,0.4705884410068393,0.38161820345200026,26
2012-03-22,-0.27372254226055853,0.049996959183107204,0.32366950144366574,0.6263335449074323,27
2012-03-23,-0.33909884953698477,0.0817906731915111,0.4208728560618292,0.49731980144721577,29
2012-03-24,-0.3799619169160724,0.10395089972764254,0.4839128166437149,0.4121362864971161,25
2012-03-25,-0.36622892882674934,0.1229730674251914,0.4892019962519407,0.3878249409794807,25
2012-03-26,-0.009310001691927555,0.23179237912570438,0.24111904748429855,0.5270885691617926,28
2012-03-27,-0.237858109831724,0.11093435281460676,0.3487924626463308,0.5402731779302542,27
2012-03-28,-0.04752243301180693,0.1402517004380146,0.18779913344982152,0.6719741647510001,28
2012-03-29,-0.3440329840120215,0.11169687020950593,0.4557298542215274,0.4325732753540461,26
2012-03-30,0.1616210049475424,0.3790466513919907,0.21744231311111495,0.4035110363565767,29
2012-03-31,-0.46905839189887044,0.07822127617895604,0.5472796680778265,0.37449904039502147,25
2012-04-01,-0.3823252262920141,0.06894135117530822,0.45126657746732235,0.479792075753212,25
2012-04-02,-0.042343674155468,0.2608476678648411,0.30319134202030906,0.4359538495322833,33
2012-04-03,-0.3423062265277482,0.09763631163738094,0.4399425381651291,0.4624211402753225,26
2012-04-04,-0.6034019043015746,0.062394739706585045,0.6657966440081596,0.2718086116465525,28
2012-04-05,-0.254768695062227,0.19176903636521447,0.44653773142744146,0.36169323170586276,28
2012-04-06,-0.3488381265848875,0.1052519878745079,0.4540901144593954,0.44065790295600893,25
2012-04-07,-0.3549869330227375,0.087206404581666,0.4421933376044035,0.47060025349259377,25
2012-04-08,-0.29484505392611027,0.1651489870622754,0.4599940409883857,0.37485697329044343,25
2012-04-09,-0.07100073982196359,0.16698745682201133,0.23798819664397491,0.5950243426654431,31
2012-04-10,-0.021732478723846926,0.22387394405291056,0.24560642277675754,0.5305196266152538,30
2012-04-11,-0.1630214043704724,0.08197062020867511,0.259860543097666,0.6581688272941996,28
2012-04-12,-0.008188609761606763,0.2658488981680186,0.27403750792962533,0.4601135920742043,29
2012-04-13,-0.5119636678136885,0.04725596906903844,0.5592196368827269,0.3935244003883921,26
2012-04-14,-0.21629056643694639,0.16115473017096518,0.3774452966079116,0.4613999690115452,25
2012-04-15,0.017333723016828312,0.2966920928761363,0.279408369859308,0.4238995348244905,26
2012-04-16,-0.5176509598612786,0.08321912637684081,0.6112034195714526,0.305577451913114,28
2012-04-17,-0.07958578912091475,0.15458900951519608,0.24942155789537013,0.5959769405919093,31
2012-04-18,-0.3847848313041031,0.07631887841522694,0.4611037097193301,0.46257740696668626,26
2012-04-19,-0.19451050047366214,0.08916593164474304,0.2840121464041195,0.6268219258593661,29
2012-04-20,-0.2932839756529778,0.06477088322493318,0.35802985887791106,0.5772242489600411,28
2012-04-21,-0.5478604644388534,0.07095595701697927,0.6248587291481404,0.30418530849768566,26
2012-04-22,-0.4059238627925515,0.09320230837911367,0.4991261711716652,0.4076715201884508,25
2012-04-23,0.06829574193035563,0.2341502087035389,0.16582946677318328,0.6000203242300837,29
2012-04-24,0.0020067508328706074,0.2192256384709318,0.21911710192377545,0.5616572633971061,30
2012-04-25,-0.2897807177267503,0.058397135633043946,0.3680653533597942,0.5735375069617294,32
2012-04-26,0.08301728843823075,0.27896712177061744,0.23973854300980607,0.4812443398912107,33
2012-04-27,0.13181295540221036,0.36329067004894217,0.2546527146467318,0.3820566141401728,31
2012-04-28,0.24657268560901285,0.4546630099825561,0.20809032437354325,0.3372466686427593,26
2012-04-29,-0.420550776720047,0.11469941262155771,0.5352501893416047,0.3500503969192505,25
2012-04-30,-0.07194354887455705,0.2366657582178712,0.3375093070924282,0.4258415993695458,33
2012-05-01,-0.17267712265784543,0.08286377984657883,0.32066423583775755,0.5964719911764065,30
2012-05-02,-0.3804800299507511,0.07742784202813227,0.49697551903770687,0.42561134595327516,35
2012-05-03,-0.009086763442384765,0.2031193014485826,0.21218106489096736,0.584699630513222,31
2012-05-04,-0.3978813142241041,0.07599663619287311,0.48339295041697716,0.44061040904397764,31
2012-05-05,-0.3370709596968911,0.08487858371767733,0.4539865804516055,0.46109779096367176,27
2012-05-06,-0.3623209514726813,0.05419425806030631,0.4165152095329876,0.5292905223770783,26
2012-05-07,-0.14418242902083275,0.1137609527834715,0.33922286898379145,0.5470251504902657,42
2012-05-08,-0.21932249583592145,0.13739693230570932,0.4046608755100518,0.45794284928244977,42
2012-05-09,-0.24062625903576196,0.0965622185320076,0.36807875534554735,0.535371530817863,40
2012-05-10,-0.07315757734970323,0.15590124545235717,0.262150251373489,0.5819234998413494,37
2012-05-11,-0.37505946947301966,0.061126300793745224,0.4663452297262244,0.47255448255305343,41
2012-05-12,-0.23683637871459642,0.1031829827422726,0.3880159131810069,0.5088011015396694,29
2012-05-13,-0.17732597220952695,0.19161052979528906,0.40247880969712363,0.4059106545614508,26
2012-05-14,-0.37864938720148056,0.05115630566272884,0.4371525678642094,0.5116911299655214,34
2012-05-15,-0.3950348093609429,0.06715014245265888,0.4989293962580462,0.4339204622464876,38
2012-05-16,-0.3416651094574121,0.06238300082520131,0.44584811028261334,0.49180115831282833,31
2012-05-17,-0.25252886835391325,0.12995818794800928,0.4161297835746498,0.45392202685458194,38
2012-05-18,-0.19158403134036223,0.11062213129609039,0.3711166889522421,0.5182611783546837,38
2012-05-19,-0.33830253905201185,0.11564029579179791,0.4861543733053483,0.39820532993571117,26
2012-05-20,-0.4404611938351049,0.0826774612470315,0.5507078858513672,0.366576194694409,26
2012-05-21,0.051470792803321674,0.25068444644085625,0.24006218304929927,0.5093099864175215,38
2012-05-22,-0.30849713244101695,0.09427315553397901,0.44164448152338304,0.464050099770869,31
2012-05-23,-0.10884673762485386,0.21293783409797717,0.3525802860085453,0.4344675943255425,39
2012-05-24,-0.20971158038352927,0.09172503833298883,0.3843366187165181,0.5239716820890705,30
2012-05-25,-0.35592590205070873,0.10403580860796073,0.4645383773253361,0.4314158178075155,35
2012-05-26,-0.3418511502773673,0.07246380918003895,0.4173742187166656,0.5101619783810996,27
2012-05-27,-0.42591123058125374,0.08348425560186688,0.5423147169523514,0.374201025762237,26
2012-05-28,-0.21869468807171172,0.14037606467564517,0.3590707527473569,0.5005531786726072,26
2012-05-29,-0.3974867342886911,0.08860341137317064,0.518821754857264,0.39259206885441966,32
2012-05-30,-0.21892681865510843,0.13265814718765517,0.38422163250943026,0.48312022348493333,31
2012-05-31,-0.4648314220974455,0.04309776850466927,0.49312606560211475,0.46374387150534113,35
2012-06-01,0.11080037076850568,0.3269905851897453,0.27927085958252995,0.3937385565646233,33
2012-06-02,-0.18737416180552938,0.15402249897482068,0.3699955113550627,0.4759819855755088,32
2012-06-03,0.2751906947879328,0.49135777168472605,0.24110041023012665,0.2675418176367327,28
2012-06-04,-0.38092683987926157,0.05154529031451259,0.4200382016223456,0.5283915053356971,30
2012-06-05,-0.19866479408304608,0.1917895501226719,0.4171829156342894,0.39104003870008247,32
2012-06-06,0.06362847958930556,0.2939039195028284,0.26868834313932927,0.4373416046754006,32
2012-06-07,-0.3030356953798099,0.10343446891799118,0.40417683096446777,0.49240384773807094,38
2012-06-08,-0.22713600598199554,0.1444358334333025,0.39457237704970666,0.46095899692748177,34
2012-06-09,-0.33548807077109816,0.10120595160871744,0.4366940223798156,0.4621000362932682,25
2012-06-10,-0.27982337879400987,0.13482563141762063,0.43932977944239976,0.4258061347655379,26
2012-06-11,0.12114939306761172,0.3302254482575532,0.22816053794856217,0.44154677310503765,30
2012-06-12,-0.1496088818852208,0.1503350161878677,0.3369413980730885,0.5127110789714331,34
2012-06-13,-0.10738415660092543,0.22899822859229713,0.33668583346908465,0.4343159358511711,32
2012-06-14,0.11905578992481033,0.3335557083580643,0.2204315850999206,0.4460793720910946,31
2012-06-15,-0.12083911969858621,0.19211900394094134,0.32496943316333704,0.48292823172438715,31
2012-06-16,-0.09464083083818356,0.09722425853350648,0.22443175603835672,0.6783439856695908,27
2012-06-17,-0.1378967743655791,0.07608088605962694,0.23238266042520603,0.691519785622259,31
2012-06-18,-0.10643128905825319,0.16999947805168725,0.3005524337766071,0.5294814236626029,33
2012-06-19,0.11464578551547283,0.3208306370769595,0.22192278259596948,0.4572632466083628,32
2012-06-20,-0.3520644187412908,0.06493493501134218,0.44327268708596623,0.4918090377862254,32
2012-06-21,-0.23852810123400003,0.11244169576311554,0.35731424144156,0.5302190612948603,29
2012-06-22,-0.6267570011668677,0.058475626256085676,0.6735533170781259,0.2679365728152723,30
2012-06-23,-0.3107967895641923,0.10371384475380183,0.4145106343179941,0.4817755210399628,25
2012-06-24,-0.2634751401397758,0.14770685233757475,0.3971762232465813,0.4551169323141758,27
2012-06-25,-0.18656178622319783,0.08718281635165728,0.29147770602313094,0.6213567176235956,34
2012-06-26,-0.042490698520068454,0.20133364013271599,0.2541424421010603,0.5445333994008343,31
2012-06-27,-0.03671633136925452,0.2298527493166792,0.29149113950946315,0.478656112324315,35
2012-06-28,-0.15965407265465176,0.10385048412042006,0.3196774139179289,0.5764478212365933,40
2012-06-29,-0.03969463202472903,0.23407991826905086,0.2966607571903317,0.4692420849436658,32
2012-06-30,-0.1843610171958804,0.13558748435867685,0.3719913586974144,0.49242115574649403,28
2012-07-01,-0.40996086727827785,0.054660993106663225,0.4646218603849411,0.48071714490652084,25
2012-07-02,-0.21255131548158823,0.10203023700316746,0.3092482191514224,0.5887132074852783,32
2012-07-03,0.02729340827805976,0.22116956075576671,0.25700039490194937,0.5218148968769746,36
2012-07-04,-0.2504314313186476,0.11892414839161702,0.38644019509488003,0.49459142868152034,28
2012-07-05,-0.23751366135627033,0.09843863707079456,0.36336436739258215,0.5382219927747702,31
2012-07-06,-0.3086470539090782,0.09994642615281046,0.4163451467285554,0.4837084251473347,32
2012-07-07,-0.3811269260212779,0.09231250877529383,0.47343943479657175,0.4342480577692389,26
2012-07-08,-0.3987140155211091,0.08847335312515497,0.48718736864626405,0.4243392723798752,25
2012-07-09,-0.04002475481352305,0.24489833943054548,0.2872387192440685,0.4678504485285841,36
2012-07-10,-0.39691056659561064,0.047659415372019565,0.45694590789355616,0.49539466999095905,29
2012-07-11,-0.290453061861371,0.08424018062762915,0.40801490915566685,0.5077449101701379,31
2012-07-12,-0.15532210412025452,0.09926419970777728,0.337750819957064,0.5629849677172399,31
2012-07-13,-0.26685673368275165,0.1532165022263392,0.410255974004329,0.4364941918329823,31
2012-07-14,-0.2557809971700664,0.11095565315832694,0.3867366503283933,0.5023076820605331,27
2012-07-15,-0.428884057719564,0.07159724217073785,0.522955373964376,0.4054473689292316,27
2012-07-16,-0.252990556162793,0.0832385328042814,0.38960261837883914,0.5271441496866153,36
2012-07-17,-0.3268319710005075,0.07592251864315144,0.4354973467865161,0.4885801371314696,28
2012-07-18,-0.3897778817613609,0.07040665065299254,0.5242251574143535,0.4053838174856268,34
2012-07-19,-0.01661896852135128,0.26768429511726965,0.31006933506719236,0.42224636444380237,29
2012-07-20,-0.11178212343055222,0.20991657995278284,0.3197683462404779,0.4703150738400008,30
2012-07-21,-0.2964267209172249,0.08452977691418849,0.3809564978314134,0.5345137279767257,26
2012-07-22,-0.37796153474599126,0.110598867200315,0.48856040194630623,0.4008407364785671,25
2012-07-23,-0.36154629159758667,0.07388484540669513,0.4589418512899961,0.4671732977985271,30
2012-07-24,-0.18215128418187848,0.1753530755510761,0.35930250788110274,0.4653444078582304,30
2012-07-25,-0.046049706296839035,0.16296468147298984,0.2160393877698289,0.621012063619879,33
2012-07-26,0.18877590938225905,0.454316874486619,0.24875993062160137,0.29687319184089533,30
2012-07-27,0.11930707009291208,0.3100594154548866,0.20735419721382636,0.4826049030903313,28
2012-07-28,-0.6909048171713948,0.04999993305653334,0.7409047502279281,0.20909530632197856,25
2012-07-29,-0.3668498764321208,0.06086606380183782,0.5192766545196729,0.41985727688883034,28
2012-07-30,-0.04317977122898614,0.22351510122886725,0.2667198724578534,0.50979002917377,30
2012-07-31,-0.07476220983988602,0.26366770011554475,0.3900049099554308,0.34639926449246705,34
2012-08-01,-0.35661591061708586,0.06513637121177969,0.46025013129123116,0.474580702954707,34
2012-08-02,-0.2094646516251667,0.1679030276507139,0.38677543789657026,0.44532153313601835,31
2012-08-03,0.18878339136319777,0.376049302011536,0.22243849129349957,0.40149608150816735,32
2012-08-04,-0.24570528785878862,0.09892690948314137,0.39740627141600404,0.5037038563103587,27
2012-08-05,-0.3642589348209315,0.0806715557187282,0.45068221467759073,0.4686462227953919,29
2012-08-06,-0.291572361734715,0.0939151310167179,0.401815941027295,0.5042689251620194,31
2012-08-07,-0.0916367488439878,0.20427068550127248,0.29498910101192694,0.5007402167464297,33
2012-08-08,0.2566478337001416,0.41555355112754533,0.2062605561370811,0.37816976346277426,32
2012-08-09,0.0676990291520155,0.34832025717786913,0.2969408708829965,0.35472102020127433,29
2012-08-10,-0.3842094635944685,0.07531330154712858,0.48648052376228673,0.4382061749635585,31
2012-08-11,-0.4872158277923098,0.03220139852223488,0.51230184169916,0.4554967597069649,26
2012-08-12,-0.2921852192424238,0.10452528281733393,0.3966855020597577,0.4987892159424722,27
2012-08-13,0.07471286294569393,0.30098796836856223,0.24700189113715396,0.45201013904740767,30
2012-08-14,-0.27195660190843046,0.08261838048460583,0.3731083157263696,0.5442483000482122,32
2012-08-15,0.08511317620681869,0.32272892001587006,0.24802050571381334,0.4292684308809894,31
2012-08-16,0.05956124799090126,0.271940647865211,0.23957106654097637,0.4885132870063185,32
2012-08-17,0.026935864931046938,0.26966898521383603,0.22450312028278904,0.5058112305064997,31
2012-08-18,-0.4578450720291585,0.12205430096946657,0.579899372998625,0.29804634349420667,24
2012-08-19,-0.37565293252468107,0.07201703362166882,0.4476699661463499,0.4803129875659943,25
2012-08-20,-0.3918118265317945,0.10697828168627517,0.49043148752841453,0.4025902315239454,29
2012-08-21,-0.13788601558845312,0.1710373268622905,0.31247869959360075,0.5164839739765085,31
2012-08-22,0.04566035539497934,0.3061191863752901,0.2940654976469775,0.3998069825202227,32
2012-08-23,0.043377513938489626,0.27417195597528893,0.2492992696230062,0.4765287744177621,34
2012-08-24,0.09450242702447137,0.26344265686895313,0.19943333329275764,0.5371490177063593,31
2012-08-25,0.10376233835066007,0.33254236312466007,0.2338603819168572,0.4336151197847511,29
2012-08-26,-0.29747006608832344,0.0478617723626013,0.3440049153740017,0.6081333162752481,27
2012-08-27,-0.07535176930140566,0.24592272173389795,0.3321133799241925,0.42194722964013065,30
2012-08-28,-0.3733900904191313,0.1463636689711776,0.5125611667977163,0.34111868578504634,29
2012-08-29,-0.1979829004506522,0.19359109259928906,0.3967267708277191,0.40968213360655703,29
2012-08-30,-0.32471634928829696,0.14885037538759685,0.4667407987499679,0.3843754930637501,30
2012-08-31,0.005955409063385014,0.32267986828630996,0.33159668144514715,0.3457234486387284,28
2012-09-01,-0.28887750102052323,0.1287865501900132,0.40781020505669024,0.46340324145784745,26
2012-09-02,-0.4825400125235319,0.08349141344428063,0.5660314259678125,0.3504771587252617,25
2012-09-03,0.05630297627791764,0.34075350205555555,0.284440525777638,0.3748059766557813,30
2012-09-04,-0.03771126214934717,0.20634407706143126,0.25973682069225995,0.5339105847970865,32
2012-09-05,-0.17406478682917767,0.1566901407452133,0.3531994103330117,0.4901004494998373,34
2012-09-06,0.102138909339331,0.2889764229311083,0.2005145250860302,0.5104751392963288,32
2012-09-07,-0.18398715421364265,0.09440560921764485,0.2726964671349912,0.6328979287523915,28
2012-09-08,-0.4169819779718915,0.07977068634220848,0.536141553202989,0.38412479097258156,27
2012-09-09,0.14902189346253875,0.42228416523188356,0.2732622717693448,0.30445356508493426,26
2012-09-10,-0.07519169315748983,0.19500932424130263,0.2702010173987925,0.5347968026498517,33
2012-09-11,0.15753742408312615,0.3493084816592355,0.1987887995115932,0.45192771785278474,33
2012-09-12,-0.14990972372549274,0.1586093277597179,0.3280407181518773,0.5133374534830452,34
2012-09-13,-0.12318443490207709,0.1810671148921909,0.3075636187597852,0.5113567629599365,33
2012-09-14,0.04193537800502159,0.2553571842627792,0.25163215108534387,0.4929856639774709,33
2012-09-15,-0.5697624517232179,0.03514914646744728,0.6049115981906652,0.3599392569065094,25
2012-09-16,-0.14093336491869426,0.15135637336312197,0.2899531998202778,0.5586737652005676,29
2012-09-17,0.09149750502311757,0.3438160955724173,0.2523185905492998,0.4038153200316642,29
2012-09-18,-0.42192721294677915,0.10248511989563704,0.5238104809905644,0.37370440128688465,30
2012-09-19,-0.23278422098485407,0.1199046072795987,0.351311050486675,0.5287843449587071,29
2012-09-20,-0.14908357374275533,0.10426627808081415,0.2533498518235695,0.6423838708657484,27
2012-09-21,-0.44785596180029213,0.04669755519342919,0.5185485169937213,0.434753931988279,31
2012-09-22,-0.5136315753310918,0.08076243799179793,0.5943940133228898,0.32484355449676516,25
2012-09-23,-0.5274472679555302,0.051237789085056544,0.5786850570405867,0.3700771510431361,25
2012-09-24,-0.49246277090895635,0.08918418621214536,0.5816719571211018,0.32916885881595886,28
2012-09-25,0.03934256500429832,0.28273356384904336,0.24337849884474508,0.47388793193319667,30
2012-09-26,-0.27809471892586773,0.10735119886483466,0.44342448921927385,0.4492242967486382,28
2012-09-27,-0.26337531044244256,0.08716684354523133,0.35854818847043246,0.5543194461666305,31
2012-09-28,-0.19597700214082445,0.14766177973123612,0.34363878187206054,0.5086994361546304,27
2012-09-29,-0.31823546546078646,0.08816665285625137,0.38833288754780704,0.5235004576616562,26
2012-09-30,-0.06325098501836446,0.2714699673944081,0.34509979856661877,0.38345524372830986,28
2012-10-01,-0.40399415492713453,0.12790301717652217,0.530467079511064,0.3416298995181366,31
2012-10-02,-0.3883902822133686,0.0881756021872695,0.5236873129720666,0.3881370841089104,28
2012-10-03,-0.15046489074317118,0.20720398707666837,0.3577022111531729,0.4350938034357933,29
2012-10-04,0.05752165354722827,0.3338003863884521,0.2762620661745571,0.38993754295947836,29
2012-10-05,-0.0730945506226828,0.25228508767146485,0.3362118222021937,0.4115030870915144,32
2012-10-06,-0.40359708523123755,0.10559672913836313,0.5382476605234469,0.35615560446369376,26
2012-10-07,-0.1290335413455963,0.2344391206510365,0.3634726619966328,0.40208822059333327,26
2012-10-08,-0.4342003109062623,0.05018156115611394,0.49467234825285245,0.4551627609996214,31
2012-10-09,-0.45652657475035924,0.10344413091213657,0.5599707056624958,0.33658515418378204,26
2012-10-10,-0.045019362680069536,0.1644417031510518,0.20946106583112134,0.6260972369460532,27
2012-10-11,-0.15403202063099652,0.2075086490568905,0.36153066968788705,0.43095068082405463,32
2012-10-12,-0.2511981942677268,0.12973990587211573,0.3809281001398426,0.48933199191047594,31
2012-10-13,-0.38443808289817893,0.061685105606627,0.4461231885048059,0.49219170248565763,26
2012-10-14,-0.4690495880554502,0.11210602454096079,0.5906671510579494,0.2972268337859557,26
2012-10-15,-0.228486736589269,0.12049651656170879,0.3489832531509778,0.530495234120064,28
2012-10-16,-0.4661975074210071,0.034396088278000905,0.5057328814132938,0.4598210311901356,29
2012-10-17,-0.5823538644237976,0.05968668013643474,0.6540441159888037,0.28621920518859156,29
2012-10-18,-0.23654083228687445,0.1976750199587257,0.4386732596530075,0.3636517258382285,32
2012-10-19,-0.250070084638607,0.09699683758215262,0.3470669222207597,0.5559362600056025,26
2012-10-20,-0.31496082033291456,0.05851608418747783,0.3734769045203924,0.5680070122420788,26
2012-10-21,-0.2132074103951263,0.16871436136867374,0.3728833102253385,0.45840233822069487,29
2012-10-22,-0.12457479695871561,0.22108391156971363,0.3537170418617626,0.42519904597813174,34
2012-10-23,-0.16222919607576108,0.21922526185543373,0.3869527337932638,0.3938220059409737,31
2012-10-24,-0.14631521426878338,0.19196831484804194,0.3543692434025396,0.4536374436286943,30
2012-10-25,-0.3555828465160781,0.10625623898354493,0.46132122835676587,0.43242253357438104,28
2012-10-26,-0.5727066426714794,0.04809720794468054,0.6300913506161598,0.32181144459900407,31
2012-10-27,-0.30546369035616516,0.11691509160473942,0.4223787819609046,0.4607061256706715,26
2012-10-28,-0.39458351258188484,0.08921362806111574,0.4837971406430006,0.42698923364281655,25
2012-10-29,-0.49902592342868446,0.03987481036409736,0.5389007337927818,0.421224454408884,26
2012-10-30,-0.04067543357908726,0.2839778142467141,0.3246532478258014,0.39135643278658394,29
2012-10-31,-0.13345177659472596,0.18211530371765677,0.3155570803123827,0.5023276181908066,31
2012-11-01,-0.20450853564458396,0.12223574880292781,0.3267442844475118,0.5509699654242167,27
2012-11-02,-0.44340376144088806,0.11731649598765831,0.5607202574285464,0.3219632503269957,28
2012-11-03,-0.4793764518201351,0.06816798530519008,0.5475444371253252,0.3842875817418098,25
2012-11-04,-0.5506127689361573,0.034314921753108504,0.5849776906892656,0.380707390537858,26
2012-11-05,-0.09996017778082575,0.2098578426439177,0.3121976500543731,0.4779444979712367,29
2012-11-06,-0.15997141897940526,0.1434454797350698,0.30762800982558614,0.5489431793653302,30
2012-11-07,-0.0674607298076419,0.2506959795442188,0.32451385220900353,0.42480683393222946,31
2012-11-08,-0.01254552795082714,0.2472923875529128,0.25982124883707325,0.49286970331932495,29
2012-11-09,0.05302300898501719,0.27661800919735324,0.23230055576789158,0.49106893794944995,31
2012-11-10,-0.4774454875367192,0.07235751892855534,0.5637606987729669,0.36388178459096415,26
2012-11-11,-0.29803356645454965,0.09545701857325103,0.44553132576854143,0.45901166597174275,27
2012-11-12,0.07444257014773023,0.3329197065487982,0.25847713640106795,0.4085864854940237,29
2012-11-13,-0.35419816812079113,0.11598281940852222,0.4701809875293133,0.413811192542773,30
2012-11-14,-0.13944654283270239,0.18197627825488646,0.3405361544209222,0.4774875757992268,30
2012-11-15,-0.33367411847235634,0.13108431548557908,0.48359914824364975,0.38532653488210267,33
2012-11-16,-0.42199896909197177,0.09598474113963268,0.5179670435649377,0.3860148818241226,30
2012-11-17,-0.31032553136348723,0.09913457676768303,0.4094601081311703,0.4914053165912628,25
2012-11-18,0.012564817535877237,0.24526243484318258,0.23274761730730534,0.5219899477005006,26
2012-11-19,-0.13757466790829267,0.24148801724763103,0.37906268515592373,0.37944929932974003,31
2012-11-20,-0.2561523571051746,0.14739106058840243,0.3949838938840532,0.4576250384594712,31
2012-11-21,-0.21817703979933492,0.13629669784990642,0.35448373764924135,0.5092295619576253,31
2012-11-22,-0.2719213478625394,0.12834590798817003,0.4002672558507094,0.4713868385610672,26
2012-11-23,-0.44448596987597366,0.06681928621536051,0.5113052560913341,0.4218754691106302,27
2012-11-24,-0.47611544688901414,0.08573109804894086,0.5530502486416587,0.36121866996972646,27
2012-11-25,-0.13081632026433945,0.19453012297824027,0.3253464432425797,0.4801234314322471,26
2012-11-26,-0.2910181531700492,0.10081981548716624,0.43535796865721543,0.46378887910743555,30
2012-11-27,-0.02956992767490846,0.2555830998731957,0.2980444253975666,0.4463724746541311,34
2012-11-28,-0.19181227370130605,0.10635945466571842,0.32493724560840376,0.5687032886784652,29
2012-11-29,-0.49774179975997124,0.07591714251448534,0.5672178708458852,0.3569149902983968,29
2012-11-30,-0.40167370043601835,0.08337410735501243,0.48388530779103084,0.43274058776433977,30
2012-12-01,-0.6140312844701111,0.046282507598400115,0.6602637920685113,0.29345369897335766,26
2012-12-02,-0.04920838399595365,0.23788844880951712,0.2912602943439323,0.4708012546436145,27
2012-12-03,-0.0640869634230222,0.2003442225263587,0.2644311859493809,0.5352245915575219,29
2012-12-04,-0.5031010644559507,0.06864601557370689,0.5717470800296576,0.35960690491403696,29
2012-12-05,-0.5416326479959701,0.06615855761282147,0.6251590627516487,0.3086698797353144,32
2012-12-06,-0.2913630403686957,0.09704689033157353,0.39016898242440723,0.5127591358667818,33
2012-12-07,-0.18903916443488664,0.1904523888813511,0.38151007183475627,0.42804606120001387,32
2012-12-08,-0.3527240233309567,0.10769848000258207,0.4604225033335388,0.4318790352344513,25
2012-12-09,-0.020962532959878433,0.23381358846500516,0.2547761214248836,0.5114102934628725,26
2012-12-10,-0.29386532327644027,0.09942268131230832,0.39330050458874855,0.507264308296087,30
2012-12-11,-0.4309777400854285,0.06004127254599222,0.5225597533721614,0.4173989749269353,27
2012-12-12,0.07350506506313881,0.23603060790772243,0.16250887617791693,0.601460517976575,34
2012-12-13,-0.5305676682859946,0.049677155235400186,0.5802448235213948,0.3700946799398997,29
2012-12-14,-0.08272004076002369,0.23342715136980016,0.3250416365742683,0.4415437061748019,31
2012-12-15,-0.4499360152333975,0.08877445802092553,0.538710473254323,0.372515073120594,25
2012-12-16,-0.4421209029480815,0.07376153159886599,0.5158824345469475,0.41035602167248725,25
2012-12-17,-0.5392836118885674,0.059027780774923475,0.5983113926634909,0.34261082803916476,27
2012-12-18,0.04881031843322725,0.3084215982217874,0.2629005655028458,0.42867783837084256,29
2012-12-19,-0.44153133039223375,0.05372840851330095,0.5108541833499791,0.4354007427290634,30
2012-12-20,-0.5122113212916088,0.049519113210817596,0.5879916413989782,0.36248924180942954,31
2012-12-21,-0.2595426328739295,0.1884332876048791,0.44797592047880863,0.36359079256107407,29
2012-12-22,-0.49535665579140187,0.07925372820347548,0.5746103839948773,0.34613589733839034,25
2012-12-23,-0.5438235857504206,0.07334555450265225,0.6171191402530727,0.30953530956059694,27
2012-12-24,-0.18232068673215276,0.21736333322027432,0.3945125913809985,0.38812407475012756,29
2012-12-25,0.1385811602433427,0.4081390681531853,0.27879252329445803,0.31301840860608676,27
2012-12-26,-0.3545246773858589,0.07374675818071873,0.42827143556657765,0.4979818066148846,29
2012-12-27,-0.12853821903784518,0.21063761409661835,0.3286508331344635,0.4607365491298614,29
2012-12-28,-0.22357815720469315,0.17463016193329736,0.3982166524713238,0.42714485310713457,33
2012-12-29,-0.4541147508034749,0.06767646988321628,0.5115519349724054,0.4207715937473945,28
2012-12-30,-0.4124319476261735,0.08744328755885362,0.49987523518502713,0.4126814674586058,25
2012-12-31,0.12850539230383162,0.34975353859167163,0.23911280146025377,0.4111336582941742,31
2013-01-01,-0.3295201164111495,0.09384838048368692,0.4233684968948364,0.4827831318974495,25
2013-01-02,-0.23792725009763682,0.16553242471598917,0.40515967481362597,0.42930789871122,30
2013-01-03,-0.14976923469444292,0.13324702766842786,0.2891841195057279,0.5775688598606559,31
2013-01-04,-0.5427849675433107,0.0440939049494897,0.5868988724928006,0.3690272293277085,31
2013-01-05,0.13326235881522297,0.3787929579086602,0.2455305990934372,0.3756264471888542,26
2013-01-06,-0.3113575026325881,0.05429739154651761,0.3656548941791058,0.5800477169379592,26
2013-01-07,-0.43231264607182573,0.08067135271086756,0.5091179273541219,0.41021786182756936,30
2013-01-08,-0.1557332408051248,0.22113863334948267,0.3768718741546075,0.4019894929788179,28
2013-01-09,0.11391463176211611,0.3435667615019849,0.23845212973986885,0.417931107244747,29
2013-01-10,-0.19698911656320647,0.18357770796288495,0.384872380081647,0.43154991097240536,28
2013-01-11,-0.4631777979261897,0.07648015945404768,0.539674624046904,0.3838452114975011,30
2013-01-12,-0.32643230333924295,0.12498966902494431,0.45142197236418724,0.4235883490741253,25
2013-01-13,-0.2507188652828336,0.17245328768640755,0.42312215296924116,0.4044245624363423,26
2013-01-14,-0.37932940483915584,0.1518250888992791,0.5306952344791757,0.3174796813816384,28
2013-01-15,-0.29204350763045506,0.07014201492281824,0.3621855225532733,0.567622463005627,31
2013-01-16,0.013819807866287781,0.24247127566275095,0.2357659839254954,0.5217216110340049,33
2013-01-17,-0.23058800712467303,0.19228522867555065,0.45031609294308084,0.35739868077619796,30
2013-01-18,-0.01924244039201045,0.18911124263331294,0.1975840401681805,0.6132993550913675,32
2013-01-19,-0.2777755530551076,0.12104355414899495,0.3988191072041026,0.4801373378588603,26
2013-01-20,-0.24879074512192836,0.10437882874304286,0.3531695738649712,0.5424515908727279,26
2013-01-21,-0.03922708570150038,0.2056564559776336,0.24485020834580062,0.5494933330595493,28
2013-01-22,-0.08395846071219931,0.20258003173119848,0.2969688495862549,0.500456674387779,37
2013-01-23,-0.0476207475529406,0.20089089766748505,0.24500043832387391,0.5541086617766783,31
2013-01-24,-0.1640939538568545,0.07554042504899777,0.23965937890585226,0.6848251954182982,28
2013-01-25,-0.28074041603703337,0.2028571787929019,0.4835725948299353,0.31357023423967456,28
2013-01-26,-0.22036560847231976,0.10353635065584228,0.33068272835893125,0.5657809275761247,27
2013-01-27,-0.4822310728692898,0.058423018327300194,0.5433337208262197,0.39824325950123646,28
2013-01-28,-0.25267554732495917,0.13600538689621855,0.38990236279260637,0.4741065356180072,35
2013-01-29,0.14860882242316645,0.36559293588559544,0.2406501848910004,0.39373901692501134,29
2013-01-30,0.1598321340765059,0.3638645088465263,0.21108737477002043,0.4250481158557038,31
2013-01-31,-0.2777082529764179,0.13704621262940622,0.42189375132010987,0.44106003816259043,31
2013-02-01,-0.02190329795063567,0.2766445265243451,0.3190058704519923,0.4043668367918195,32
2013-02-02,-0.38036393409806946,0.05260273172190556,0.46726281966612887,0.4800959794080028,26
2013-02-03,0.036914622726721275,0.27874744896384385,0.22839436469866103,0.49285818280921534,27
2013-02-04,-0.2659713576019097,0.13736957074140127,0.40335342834331095,0.45926449899891253,30
2013-02-05,-0.3937384766603318,0.09943689814424858,0.4931920414712472,0.4073710626053505,29
2013-02-06,-0.16930070110872958,0.1477877142889855,0.3171184153977151,0.535093872372955,31
2013-02-07,-0.029763862885076264,0.19834146075105438,0.22810532363613062,0.5735532133919689,28
2013-02-08,-0.2731399709330442,0.0690356800578821,0.34219231765759295,0.5887720080694709,29
2013-02-09,-0.45558980062718574,0.06397455684267558,0.5092182036237075,0.4268072386739346,26
2013-02-10,-0.40091208716642396,0.09877331962092566,0.4672161760181189,0.4340104993461416,26
2013-02-11,-0.17432013078245423,0.09477127131603419,0.3044220472597787,0.6008066837074295,33
2013-02-12,-0.3204032775488165,0.10143750086465367,0.4195713339690257,0.47899116420050464,29
2013-02-13,-0.20868746293843365,0.0919057774866143,0.30056824042504793,0.6075009880165642,28
2013-02-14,-0.25596587433321055,0.13804556275705496,0.39581930746063587,0.4661476310413193,31
2013-02-15,-0.24087092934578813,0.1444375427039015,0.3823198477110653,0.4732426145175935,34
2013-02-16,-0.4355669004097581,0.07200223062187433,0.5075691310316324,0.4204286353290081,25
2013-02-17,-0.38199487671256066,0.07593886993825436,0.457933746650815,0.46612739250063895,25
2013-02-18,-0.061269284840673226,0.24527774633198976,0.306557031172663,0.4481552250099182,30
2013-02-19,-0.27284076997132767,0.058069485506084234,0.33094775547741184,0.6109702561363026,31
2013-02-20,-0.3097916695305043,0.1032320950364349,0.4264645053076799,0.4703034020704252,30
2013-02-21,-0.2279501294928736,0.1294306551508162,0.3724420941674993,0.4981522461082254,34
2013-02-22,-0.5123511058085812,0.06730021337078741,0.5796013191793687,0.35309847339598033,27
2013-02-23,0.2769153411516437,0.4302143108525486,0.18587304377497899,0.3838441274058488,28
2013-02-24,-0.36077947705984115,0.10319324105978012,0.46397271811962126,0.43283403411507604,25
2013-02-25,0.11161656000038178,0.29282260080935096,0.18120604080896918,0.5259880291855679,29
2013-02-26,-0.055712714754710235,0.2462314296332055,0.3019358110545824,0.45183276055951915,34
2013-02-27,-0.36983630032657633,0.12711309144817015,0.5067623547377095,0.3661174089563587,34
2013-02-28,-0.1511907338189306,0.1909413273121472,0.3590431722421889,0.4499904942713402,29
2013-03-01,-0.2578650570119835,0.14146214917613953,0.4091179469288637,0.44941990571452517,30
2013-03-02,-0.2864880965094481,0.11432348705349225,0.3987437264200832,0.4869327865264245,28
2013-03-03,-0.3052329871803522,0.10081135593354702,0.40604434311389925,0.49314428627490997,25
2013-03-04,-0.22239877469831365,0.1468814430551059,0.3692802177534195,0.4838483403914479,31
2013-03-05,-0.09185740573967498,0.20959487097337842,0.3245956100463867,0.46580951668297255,32
2013-03-06,-0.18894810785300853,0.16901200823221532,0.36945713989474765,0.46153085062572996,31
2013-03-07,-0.1936987410343385,0.13849099359126493,0.3462343774827463,0.5152746199952705,30
2013-03-08,-0.21462590447563207,0.12957950866382525,0.3459378844038251,0.5244992737274745,35
2013-03-09,-0.32406322019174694,0.09638994438573718,0.4204531645774841,0.48315688483417035,25
2013-03-10,-0.2958548915774182,0.10191995646721787,0.4119155887853768,0.4861644577483336,27
2013-03-11,-0.5067402688802353,0.05277582354444478,0.5440518067103943,0.40317237832663316,28
2013-03-12,-0.085852909843734,0.24490895211114375,0.3307368619548778,0.42435418255362245,31
2013-03-13,-0.17347868536880723,0.12101306368895151,0.3015250823910921,0.5774433327109505,32
2013-03-14,-0.17573256280536836,0.09017441770339815,0.2659069805087665,0.6439436004624917,28
2013-03-15,-0.426436738298861,0.05114520172705805,0.492957865951845,0.4558719303377249,29
2013-03-16,-0.26765373967587947,0.14645258404314518,0.41410632371902467,0.4394410914182663,25
2013-03-17,-0.36277178603296095,0.1022944856936542,0.46506627172661513,0.43263925067507303,26
2013-03-18,0.0018741830264031867,0.2564015111570557,0.2742889947973192,0.46932199339369934,34
2013-03-19,-0.3860425400418264,0.11844183821920995,0.5052362301128882,0.37632192545908466,27
2013-03-20,-0.34946424350089755,0.11964406754391699,0.4691183110448145,0.41123761603825365,31
2013-03-21,-0.42228456100560724,0.044731068647599646,0.45464420108177833,0.500624727642962,28
2013-03-22,-0.08894263522776849,0.20186926267278882,0.2908118979005573,0.5072938387281619,30
2013-03-23,-0.2207716616243124,0.17191368091851472,0.3926853425428271,0.4354009801894426,25
2013-03-24,0.0401916123965223,0.2556968940032912,0.2502981387496261,0.49402282437330913,30
2013-03-25,-0.39876841732954177,0.0857478080560477,0.4845495587189228,0.4297026286042367,29
2013-03-26,-0.27618452261793947,0.09867813872515603,0.3869478465282806,0.5144240102106774,28
2013-03-27,0.02390421095402151,0.30992051098721995,0.26952555929245775,0.4205539355842052,29
2013-03-28,-0.3669430511959725,0.1169388702603126,0.48890229182665546,0.3941255074081597,30
2013-03-29,-0.3414639147743583,0.12013145990669727,0.46159537468105555,0.41827317520976065,25
2013-03-30,-0.0065834948703646645,0.2717329478897154,0.2783164427600801,0.44995061735957864,26
2013-03-31,-0.48428375330087214,0.04847508575049816,0.5534921723847036,0.3980327361733825,27
2013-04-01,-0.04670010814920866,0.18170802157787783,0.22718848686994364,0.5911034927246471,31
2013-04-02,-0.19908093377652264,0.16507863210837045,0.3875862325515599,0.44733514252677564,36
2013-04-03,-0.3769903942446965,0.05790061241385455,0.43489100665855107,0.5072250523404243,29
2013-04-04,-0.39848530034407975,0.07830404829966525,0.48563768197707835,0.4360749373212457,33
2013-04-05,-0.18621871038199,0.177997102558258,0.3803664081783433,0.4416364908765824,34
2013-04-06,-0.2867740633711219,0.14373110212385654,0.4305051654949784,0.4257637361437082,25
2013-04-07,-0.5901554507389665,0.06173110064119101,0.6518865513801575,0.2863823512941599,25
2013-04-08,-0.3526156453295228,0.0879860446657109,0.48598110175993947,0.4260475558957633,38
2013-04-09,-0.13688345911026245,0.10981092052411355,0.2927495520481691,0.5974395289692168,29
2013-04-10,-0.1050946805138982,0.1862193126662604,0.29966883188983606,0.5141441159869393,33
2013-04-11,-0.31152520029490194,0.09868064371719958,0.4482858440121015,0.4530001738150914,30
2013-04-12,-0.0978275973330342,0.17251175620772186,0.2858913696697883,0.5415968755495164,35
2013-04-13,-0.35060781456530093,0.09863335993140936,0.4492411744967103,0.45212546721100805,25
2013-04-14,-0.258916075181216,0.11377920360341667,0.3726952787846327,0.5135255160659551,26
2013-04-15,-0.4563148568543137,0.07122331199966596,0.5149136233994343,0.4138721539733085,41
2013-04-16,-0.33418090633291414,0.07263048494856691,0.4512059367360265,0.4761635808765437,41
2013-04-17,-0.3620121066499364,0.09855258200386607,0.47265033680195057,0.42880958645443124,31
2013-04-18,-0.14097279863844747,0.2095304390819529,0.3559094589185571,0.43458338177509026,38
2013-04-19,-0.5537362350660544,0.050003200803525175,0.6037561025362461,0.34625736098067883,29
2013-04-20,0.00870733056147699,0.28637715135694314,0.2921717438723892,0.42146777396265134,29
2013-04-21,-0.31010090578347443,0.11396070923656225,0.4240616150200367,0.4619776862859726,25
2013-04-22,0.1669535831628574,0.38222768825345016,0.21700558657207422,0.4007833918411423,30
2013-04-23,-0.2312759610431614,0.17052440352057102,0.41246438572775357,0.4170254983975932,34
2013-04-24,-0.11192418509431441,0.20281510919142387,0.339623777044359,0.4575548634270142,37
2013-04-25,0.05847743632753691,0.2828827388267964,0.2458236358325928,0.47130196137477964,36
2013-04-26,-0.07353573477504154,0.1809840522147715,0.264219786989813,0.5547961637290816,32
2013-04-27,-0.39166225396096704,0.059021339789032935,0.45068359375,0.49029508486390116,25
2013-04-28,-0.4962361196056008,0.0731717437133193,0.5694078633189201,0.3574203884601593,25
2013-04-29,-0.23015547791461147,0.13776467586358387,0.37804682044486204,0.4842385058025519,32
2013-04-30,-0.29135798933959467,0.098647286910371,0.41000182797410367,0.4913258791984155,31
2013-05-01,-0.1993902060470943,0.08376716118771582,0.30836093866338155,0.6078719048055155,30
2013-05-02,-0.21642766224039853,0.074140128579671,0.2958249336772124,0.6299849353150255,29
2013-05-03,-0.1603828484811137,0.19052653195001185,0.36834271376445893,0.44115075277989113,35
2013-05-04,-0.4062638006731868,0.10123546529561281,0.5074992659687996,0.39126526571810244,25
2013-05-05,-0.23224911976747822,0.10888829842393603,0.34113741819141424,0.5499742797338653,25
2013-05-06,-0.27393883899786864,0.08807937922708947,0.3758302871904753,0.5360903310614413,31
2013-05-07,-0.23160597457215193,0.20861549362598192,0.45427887560554125,0.33710563599423127,31
2013-05-08,-0.1431120720365533,0.20169709827146598,0.3452665777154267,0.45303632163306073,30
2013-05-09,0.10164546897235899,0.2692356334928784,0.19116758387535812,0.539596788264763,32
2013-05-10,-0.4225764087362215,0.05768317433039525,0.49226315449518815,0.45004117381870745,32
2013-05-11,-0.5610648880548775,0.05318873504027724,0.6142536230951547,0.3325076453104615,26
2013-05-12,-0.32281791555058115,0.10769067526473067,0.444514360046081,0.4477949665518334,29
2013-05-13,-0.282963024856473,0.07658674881669382,0.3791589403398335,0.544254310269157,34
2013-05-14,-0.13641365951638798,0.12271739732845763,0.263083930408064,0.6141986701439166,32
2013-05-15,-0.3053592017236352,0.07923403121309976,0.39138823293673497,0.5293877334287266,35
2013-05-16,-0.4408008397208154,0.062379922785609956,0.515057429173092,0.42260431107580665,32
2013-05-17,-0.4142934134037162,0.0867535795087138,0.50102199291243,0.4122244272027451,28
2013-05-18,-0.26707182823678965,0.1102632738277316,0.40312769465711384,0.4865405132380901,28
2013-05-19,-0.23697394505143166,0.1311886557019674,0.368162600753399,0.5006487507086533,26
2013-05-20,-0.20946204212294312,0.1018106261630132,0.3127672919418703,0.5854220829015457,34
2013-05-21,-0.06895072877829111,0.22086488072104993,0.32948044820901845,0.4496346739239847,36
2013-05-22,-0.009416918504461663,0.2710630753015479,0.29139082713934283,0.43754609648808834,34
2013-05-23,-0.010590452160300884,0.32409749333683785,0.3498379454971387,0.3260645573443894,30
2013-05-24,-0.5083869689800702,0.07807257963741819,0.5880026520657642,0.3339080993981882,32
2013-05-25,-0.45514686916023495,0.10525515295565128,0.5604020221158862,0.3343428353220224,25
2013-05-26,-0.5285935826972127,0.042889010049402716,0.5714825927466154,0.38562838181853293,25
2013-05-27,0.057571936944872115,0.3272251184768975,0.2697031815320253,0.4030716982215643,26
2013-05-28,-0.5400859751615177,0.07352430847870807,0.6122944503068923,0.3141812405779958,34
2013-05-29,-0.17104422636025118,0.0742695701086428,0.26481692146889396,0.6608791268013418,33
2013-05-30,-0.03928010669857265,0.2516121381155898,0.2933939114808291,0.454983954718709,35
2013-05-31,-0.498461924027279,0.045325740189477805,0.5541209975500901,0.40056993459264434,32
2013-06-01,-0.10888111445589198,0.1842062330715082,0.3404429030829558,0.4753878931215516,27
2013-06-02,-0.5515331395332916,0.04510761253363811,0.6047772905284682,0.3501343341726523,27
2013-06-03,-0.2730900341034877,0.11509762113320712,0.388180512379552,0.4967290053862628,33
2013-06-04,-0.28825964268777104,0.12738975019968218,0.4223475410356014,0.4502502126969673,31
2013-06-05,-0.1319993463550177,0.17706068425644877,0.3090600306114665,0.513879285356292,30
2013-06-06,-0.20954812581506557,0.14477061004283992,0.34347654835790553,0.5117851327420523,35
2013-06-07,-0.12851762376560638,0.06671234966918665,0.23535309171436294,0.6979678878339388,34
2013-06-08,-0.27436179040723613,0.08999313477719469,0.37571563947014514,0.5342912273492132,28
2013-06-09,-0.3918412232368038,0.0816095695856672,0.48585656205324024,0.4325338702953778,27
2013-06-10,-0.13014469787691688,0.0587586564602523,0.20374300950958296,0.7374983361978984,30
2013-06-11,-0.2474077199802606,0.07945667466134855,0.36194821817102096,0.5585951067156653,37
2013-06-12,-0.20575202330348308,0.10111083476900541,0.3136395822104195,0.5852495759071975,31
2013-06-13,-0.22159076632170532,0.09347965487064355,0.35396104619234886,0.5526217977728544,32
2013-06-14,-0.03773822731015582,0.274123196567595,0.3501197572110842,0.37574037891825035,32
2013-06-15,0.16974969232867546,0.3736423074897378,0.2154964613149086,0.4108612313744541,27
2013-06-16,-0.11099519484862685,0.1834973223261535,0.29449251717478037,0.5220101577609777,26
2013-06-17,-0.3408003613287652,0.06297874786208073,0.39399207215380894,0.5430291762588201,29
2013-06-18,-0.24489769421772195,0.1569747948835379,0.41368973048057023,0.4293354789553018,30
2013-06-19,-0.49608079033004737,0.03822616935707628,0.5372036263537904,0.4245368697295586,31
2013-06-20,-0.4657417315883883,0.05548185627532416,0.5245386740706091,0.4199794705532748,33
2013-06-21,-0.41432891072574113,0.10595502973808242,0.5154077499876331,0.378628884313291,34
2013-06-22,-0.2864987878873944,0.10587087988853455,0.39236966777592897,0.5017594590783119,25
2013-06-23,-0.4221429588351112,0.06588086370092172,0.5045661302283406,0.4295530125899957,26
2013-06-24,-0.4446092337229103,0.05353020524190022,0.4981294389648105,0.44832036122003427,31
2013-06-25,-0.428914353824063,0.07255488750762665,0.5014567413316896,0.42597586804433507,30
2013-06-26,-0.2513559908447235,0.13047499375306842,0.4112747777012402,0.4582329816908466,34
2013-06-27,-0.5016268807500601,0.049953901530544347,0.5515807822806045,0.3984653101352545,28
2013-06-28,-0.470625784382776,0.055908412162794005,0.5286675298789032,0.41544257578695265,30
2013-06-29,-0.19019835751578212,0.2017108207315207,0.39190917824730276,0.40640500763356685,27
2013-06-30,-0.3358896139770746,0.11007322367876768,0.4459628376558423,0.44396393896341324,26
2013-07-01,-0.020591138091726233,0.25054391236381457,0.3125316021796787,0.4369072366426731,32
2013-07-02,0.0720424539742725,0.3312567114341738,0.27307140031704413,0.39564688641939844,30
2013-07-03,-0.09956902927314798,0.1977544853914667,0.3004327739238739,0.5018127426852783,29
2013-07-04,-0.356417344190209,0.06872337908303508,0.4288368771193979,0.5024897370812985,27
2013-07-05,-0.2962957946050222,0.09035439301036574,0.38665018761538794,0.5229954204607893,30
2013-07-06,-0.5537008169032347,0.06570579053576177,0.6068623766697656,0.3274568302333355,28
2013-07-07,-0.23722688376357157,0.09298745770448888,0.3794402673939864,0.5275722667265822,27
2013-07-08,-0.27103675081684037,0.07972987676883736,0.35078329425234445,0.5695035007319389,29
2013-07-09,-0.06750978793819144,0.1832053914057669,0.25348931727499285,0.5632802889186761,31
2013-07-10,-0.0027346880032960152,0.24294919295136358,0.26627919345465956,0.4907403626044467,37
2013-07-11,0.10183459566786351,0.3381323092627472,0.2541369993091694,0.40773069087926833,29
2013-07-12,-0.09038025641467037,0.1997354530585737,0.28476958878358893,0.5154824640990332,33
2013-07-13,-0.3689224733001104,0.07525947284670892,0.475385649850523,0.44935488437392096,27
2013-07-14,-0.40974820235967635,0.056163658767938614,0.46591186112761496,0.477924482935667,26
2013-07-15,-0.22724178193879538,0.09272780318018692,0.3162523437396719,0.5910198611730132,29
2013-07-16,-0.41680668651780584,0.06610376488862094,0.5361073264064267,0.3978045327590779,33
2013-07-17,-0.4551888425679217,0.07246390837188209,0.5387019444881909,0.3888341453223459,33
2013-07-18,-0.3750438426527205,0.1273374739199957,0.5073313165727161,0.36533121489994624,34
2013-07-19,-0.04612138916341854,0.25194682467279156,0.2980682138362101,0.4499849587469229,32
2013-07-20,-0.3188854242814912,0.10479464717292124,0.4597763677507087,0.4354289772808552,27
2013-07-21,-0.4151409281417727,0.09901418704539537,0.5141551151871682,0.3868307067453861,25
2013-07-22,-0.01219137847555006,0.28228461101830005,0.3229770609224215,0.3947583287078781,33
2013-07-23,-0.08359105970613744,0.212593752023415,0.3176974554077133,0.4696754592515956,32
2013-07-24,-0.393990996059676,0.10349732874299089,0.5241066581360002,0.3723760139281551,35
2013-07-25,0.05978566762054788,0.3266463919520378,0.265665896745283,0.40768771027501294,30
2013-07-26,-0.14773506267617148,0.23417777960145914,0.38438413857392695,0.381419568100682,29
2013-07-27,-0.0670502401966602,0.250940459492164,0.31644069968882416,0.43259383812482866,30
2013-07-28,-0.49066778268665073,0.053330414742231366,0.5439981974288821,0.4026713897287846,25
2013-07-29,0.01968567579870767,0.27891212999129605,0.27066151166385277,0.4504435981344902,32
2013-07-30,-0.20303326792828738,0.12564807883235626,0.3587922842606437,0.5155752643517219,34
2013-07-31,0.07303594469840172,0.24031544431521712,0.20295710378348206,0.5567118284874596,35
2013-08-01,-0.2707319971299282,0.13651429599024079,0.4074115708979467,0.45607413080075276,31
2013-08-02,-0.23186289967735266,0.13252266740598556,0.36524332570402784,0.5022340159141812,31
2013-08-03,-0.3801409873008176,0.0556199419297002,0.4618387070082956,0.48254134778512847,27
2013-08-04,-0.27034837022423747,0.10847458083182573,0.3788229510560632,0.5127024666219949,25
2013-08-05,-0.45250220275798747,0.09467186799311432,0.5585878638545501,0.3467402783005402,29
2013-08-06,-0.3696541822855928,0.11312079743029571,0.4963703820147391,0.3905088165888156,32
2013-08-07,-0.18715666527838912,0.10483981390881816,0.3097527291872073,0.5854074595378712,34
2013-08-08,-0.08851109821611439,0.20759085642949776,0.2963920408525087,0.4960171083380436,33
2013-08-09,-0.27371189207763513,0.1387275371525822,0.43207736026470006,0.4291950998850938,29
2013-08-10,-0.5274310941390693,0.05175824277922511,0.5792393369182944,0.36900241674482825,26
2013-08-11,-0.24389621280133725,0.14104342330247163,0.3849396361038089,0.47401694163680075,25
2013-08-12,0.0001501520157659031,0.31207531208544975,0.3076323029268267,0.3802911904037354,31
2013-08-13,-0.151377317535004,0.14582974351776706,0.2883124373968571,0.5658656211984093,37
2013-08-14,-0.10993528329398612,0.15724792126499373,0.2925375149038074,0.5502145682790669,31
2013-08-15,-0.46042492974041793,0.05406765894978135,0.5378925886901992,0.40803975832738254,27
2013-08-16,-0.11840111018671437,0.16266461693644524,0.28106572712315964,0.556269652644946,30
2013-08-17,0.010783824332602887,0.27788878795619193,0.26715496362358904,0.4549562458590819,27
2013-08-18,-0.4947512336447835,0.04947080206125975,0.5442220357060432,0.4063071645796299,25
2013-08-19,-0.11263857591930648,0.18720899754341305,0.30423895277306434,0.5085865384636254,30
2013-08-20,-0.40103656182495445,0.10544371210898344,0.5064802739339379,0.3880760089422648,26
2013-08-21,-0.1953307377955152,0.19768296670452862,0.3944442600555994,0.4078727771203827,29
2013-08-22,-0.14933478317315932,0.19780373253811287,0.3471385157112722,0.4550744174514656,30
2013-08-23,-0.10079403428559501,0.2546348410129788,0.3774385527179286,0.3679266088377404,34
2013-08-24,0.2053922746442258,0.44549592803418636,0.24010365338996054,0.3144004170298576,26
2013-08-25,-0.45924924351274965,0.08389448933303356,0.5431437328457832,0.37296177245676515,25
2013-08-26,-0.05350421606183606,0.23877256225322685,0.2922767783150629,0.46896315672397615,31
2013-08-27,0.09502427366070912,0.287341963824071,0.20099269016336183,0.5116809700375888,34
2013-08-28,-0.11093439158374178,0.2506697982877227,0.35547561844289305,0.3938545781970024,30
2013-08-29,-0.17467704309549656,0.1608919102514441,0.33915573495613605,0.49993568544418643,32
2013-08-30,-0.2107196389093738,0.1384670167235208,0.3524896728742739,0.5090558111568978,33
2013-08-31,0.11437909084664516,0.3951590364733854,0.2955857148575095,0.309255253343628,27
2013-09-01,0.044901270451396705,0.29310575699731706,0.24820448654592037,0.458639752265811,26
2013-09-02,-0.3739340507112443,0.08324586136043072,0.4571799120716751,0.45957422230243683,27
2013-09-03,-0.05633673378397744,0.17207760299391495,0.2294576701112257,0.5984747299389045,32
2013-09-04,-0.24035144183797139,0.13247130547066527,0.3959477473086367,0.4715642815629641,36
2013-09-05,-0.31183925986006855,0.11079095164885125,0.42491521150891975,0.4643105053404967,32
2013-09-06,-0.18648462096659674,0.1767107746063835,0.3736694696470543,0.4496030876484183,30
2013-09-07,-0.34280662845820187,0.08879118263721467,0.43159781109541656,0.4796109865605831,25
2013-09-08,-0.47172531327474865,0.04673615539970675,0.5185007543887411,0.43476309302215066,29
2013-09-09,-0.33526222930023714,0.06375504062244934,0.3990172699226865,0.5372276872928653,28
2013-09-10,-0.5447246846347567,0.06726672934147139,0.6076462526859054,0.32508701719151384,32
2013-09-11,-0.07272149694045385,0.23360435255070527,0.2995208494911591,0.4668998032977184,32
2013-09-12,-0.005907475498898168,0.20072971447573768,0.21952052330796917,0.5797747643031456,29
2013-09-13,-0.45167392928476136,0.09552019909830184,0.5453438595658588,0.35915207077367334,37
2013-09-14,-0.40040939137677733,0.11972224744781851,0.5040316388245958,0.37624611691557447,26
2013-09-15,-0.17332323808603814,0.15115827637083,0.36923707001242373,0.47960464326871766,27
2013-09-16,-0.46811853542258697,0.049639859030874714,0.5290673230248902,0.4212928180440196,29
2013-09-17,-0.21176694321838518,0.1601615252143393,0.39618346843272445,0.44363001015583675,32
2013-09-18,-0.14660849528781003,0.20153402496304895,0.36151394882228755,0.4369395215580506,32
2013-09-19,0.14100712773992471,0.380522428819557,0.23956530107963234,0.37991226985007,27
2013-09-20,-0.2496531915804919,0.06270598756675334,0.35887388502959816,0.5784201193504473,34
2013-09-21,-0.3944268193283047,0.07999184890642572,0.46871995028601243,0.45127153340658316,29
2013-09-22,-0.38177725438028576,0.07446398977190256,0.4562412441521883,0.4692947679758072,25
2013-09-23,-0.45798793612698524,0.09824733367043618,0.5562352697974213,0.3455423944724867,28
2013-09-24,-0.4316412283313593,0.09936048271789083,0.5510874253349645,0.34956638115389005,35
2013-09-25,-0.3936191753995317,0.06446436966339061,0.46817664851119806,0.46732449948428,29
2013-09-26,-0.1353895039834339,0.16358159040906303,0.30533704266835904,0.5310986043517959,33
2013-09-27,-0.0076448881061126905,0.20154374307033915,0.21053029784311852,0.5879259603748719,33
2013-09-28,-0.2443800114840269,0.12830032460391522,0.3726803360879421,0.49901934519410135,25
2013-09-29,-0.39155093995464535,0.057620212718271294,0.46712115267291665,0.4752586360057959,26
2013-09-30,-0.41566796213305657,0.09000081660220469,0.5011854454019279,0.40879707146717437,30
2013-10-01,-0.1520130772500402,0.20251776750189837,0.3565864003074942,0.44084583362208474,29
2013-10-02,-0.428925846898748,0.10469181267921962,0.523098304739258,0.37226714061599586,33
2013-10-03,-0.19146278441652123,0.08287378982630159,0.2720062170999657,0.6451200002415904,29
2013-10-04,-0.3665314020783773,0.09337065770897482,0.4642056312159236,0.44242371360297716,29
2013-10-05,-0.41235638885543896,0.09127977149818953,0.5319823141997824,0.37673791559155173,26
2013-10-06,0.14316144458428026,0.35852679019570355,0.21536534561142326,0.4261578546002507,26
2013-10-07,-0.008004606385085558,0.22226963249113232,0.23733495316193218,0.5404287433895327,31
2013-10-08,0.1818109796672563,0.33653418686178826,0.17903487386119862,0.48440594275395077,32
2013-10-09,-0.18160632153523287,0.2241105455730376,0.4120936528225563,0.3638208043817431,30
2013-10-10,-0.3501978278511376,0.11071128966043944,0.47192948788194744,0.41736524054496377,31
2013-10-11,-0.4653332063174993,0.07523158120165269,0.5614181208524853,0.363350298302869,31
2013-10-12,-0.3159554995506429,0.13629395516159443,0.4468186854814681,0.41688736490905287,26
2013-10-13,-0.22288027395606042,0.07492438960149884,0.29780466355755925,0.6272709444195033,26
2013-10-14,0.08583698407369002,0.3355587565225682,0.2809574867345925,0.3834837558115167,30
2013-10-15,-0.353778222097829,0.06817571554221213,0.4548622709733745,0.4769703503102064,32
2013-10-16,-0.025730877626494147,0.24522903375106833,0.27542287434052537,0.47934809225334063,30
2013-10-17,0.049440453590170075,0.29097940926166443,0.2729441280852875,0.43607646562364594,30
2013-10-18,-0.34050658513133725,0.06414099843390286,0.4112809168985735,0.5245780839224656,32
2013-10-19,-0.5279131635278463,0.04967918142676354,0.5775923449546099,0.37272845923900605,25
2013-10-20,-0.45333635788410903,0.12353078924119472,0.5768671471253037,0.2996020691096783,25
2013-10-21,-0.01334528105299801,0.24723359853819976,0.2737599279782945,0.4789903468396395,35
2013-10-22,-0.25472791811281015,0.07170071905915226,0.35144649431481956,0.5768706396444567,29
2013-10-23,-0.4522070215445012,0.059033468690747395,0.5487733027352486,0.39219322938891127,34
2013-10-24,0.04082224780554913,0.28284568877340904,0.24434240648510128,0.47282914347134786,30
2013-10-25,0.05118155155182652,0.28323245570387595,0.24359078510443044,0.47317675537493414,31
2013-10-26,-0.20751742399291923,0.21788254490818543,0.4411903535164893,0.34092710191561626,27
2013-10-27,-0.2464052434857075,0.14856087387410494,0.40708919428288937,0.4443499259685095,26
2013-10-28,-0.09348616849879768,0.18488378393950133,0.2905751248520921,0.5245510933600829,34
2013-10-29,-0.19464790593207415,0.17056381075126784,0.36431707382619916,0.46510125942719827,29
2013-10-30,-0.26051370292745274,0.1564226448456532,0.4427932443248301,0.40071686936992,31
2013-10-31,-0.49887084301398305,0.03927472822354347,0.5494307564227117,0.41129451136975376,28
2013-11-01,-0.14674942435809607,0.10576186690915262,0.26758250338846085,0.6266222913032229,36
2013-11-02,-0.1953309788921705,0.11711567453294992,0.333062038040505,0.5498222801192448,26
2013-11-03,-0.12038053460373328,0.07169471596313211,0.20222332748994232,0.7260819571916874,27
2013-11-04,-0.5037334930154262,0.04168843473179732,0.5735313027472235,0.3847646358475089,33
2013-11-05,-0.13664481424598515,0.19945789351584925,0.34400960431355854,0.4565658338018532,32
2013-11-06,0.040333913168575486,0.3018773193435323,0.28523372875560193,0.4129300785747747,33
2013-11-07,-0.21951044012402138,0.11315534997664924,0.35332114724352776,0.5335151757661785,34
2013-11-08,-0.14094506231224346,0.07870564490335602,0.22819425560269624,0.6931162305390642,32
2013-11-09,-0.5062106914818287,0.11541854161769152,0.6216292330995202,0.2629522258043289,25
2013-11-10,-0.4082383497416973,0.0962083859929815,0.5044467357346788,0.3993448816871891,25
2013-11-11,-0.1749898335700998,0.2312114899051304,0.4061513234752302,0.3626371837540315,28
2013-11-12,-0.37757285883945724,0.0665499064228187,0.44739609859560925,0.4860373235185941,31
2013-11-13,0.006856517659353481,0.2500068904308658,0.27550794852908816,0.4744601573147557,35
2013-11-14,0.12286964793162689,0.2898443641132897,0.21268900189594853,0.4974666391263405,38
2013-11-15,0.062388274115529524,0.30422435340416326,0.23652573446104752,0.45926715778533755,31
2013-11-16,-0.3523319261845488,0.13611664929928688,0.5065485754838357,0.3573347726378303,26
2013-11-17,-0.2135245657712221,0.17195990718901158,0.3854844729602337,0.442555608600378,25
2013-11-18,-0.2940282094336115,0.09175570820597931,0.4596089176395908,0.44863537630811334,32
2013-11-19,-0.25018492070779136,0.13443698850125435,0.405802742542379,0.4597727698876892,34
2013-11-20,-0.0875677562846802,0.1472886861437466,0.24138612992842684,0.6112689351210836,34
2013-11-21,-0.21922464342102088,0.1610632718082317,0.3914879152292525,0.44746494146902716,34
2013-11-22,-0.4055047326163256,0.09589313390537033,0.5118139379502673,0.39229293238520624,29
2013-11-23,-0.45417527822625864,0.08385903236242356,0.540886162440534,0.3752548093017605,27
2013-11-24,-0.03360002119024949,0.21029238322488963,0.26559597584371053,0.5241116444238595,29
2013-11-25,-0.18527688147790966,0.2691693963122945,0.46851321327407514,0.2623423919458062,33
2013-11-26,-0.18132638149455352,0.086271888072292,0.2919047211797487,0.6218400578051806,34
2013-11-27,-0.45564093702753383,0.05991239576637745,0.5289666661272445,0.4111376050213973,33
2013-11-28,-0.34890659802329954,0.050126039575913856,0.4731705686336961,0.47670340116784493,29
2013-11-29,-0.4195827289771002,0.09214678650292066,0.5117295154800209,0.3961237114495956,26
2013-11-30,-0.47548345565795896,0.057241037935018536,0.5327244935929776,0.4100344780087471,25
2013-12-01,-0.17402736756542214,0.18867893240738795,0.38339518886169904,0.4279258691072464,27
2013-12-02,-0.4432305330657751,0.07197320118279707,0.5161359923130883,0.411890806519136,34
2013-12-03,-0.4941450437357321,0.03993269449121811,0.545111561756362,0.41494103880138955,35
2013-12-04,0.09632172677519006,0.2852102200913553,0.23090515998283195,0.483901279930936,39
2013-12-05,-0.09210848561672028,0.2515840858312324,0.3562363214479527,0.39217958874814207,33
2013-12-06,-0.333887694200154,0.07800813927375551,0.43431997140494394,0.48763913574259854,30
2013-12-07,-0.3392593824400946,0.07473926163989085,0.44630234778368916,0.47895839147324915,27
2013-12-08,0.05002824414189044,0.2573547205915531,0.2234572456804319,0.5191688008453984,27
2013-12-09,-0.2846727626048693,0.09069098781678177,0.4472185891313285,0.462090423652743,31
2013-12-10,0.3225008278251037,0.41017412364686484,0.14233857359953891,0.447487309906671,37
2013-12-11,0.04978958029121161,0.16852784853535038,0.17396541110128164,0.6574924561125891,36
2013-12-12,-0.24880430824210673,0.1730995179706478,0.44143399862654764,0.3854914842779267,31
2013-12-13,-0.5474215881546027,0.04890777148997877,0.6277465471445816,0.3233456774946302,33
2013-12-14,0.2995013992856656,0.45740107448417694,0.18841396091279702,0.3542028270677264,29
2013-12-15,-0.255202601081544,0.11274379245345963,0.40796018663845185,0.47929601866006855,29
2013-12-16,-0.0775889140683459,0.25177653698311964,0.38216180521813214,0.3660449900115841,35
2013-12-17,-0.352555717000437,0.10003521120573636,0.4618379652432104,0.43814681746296313,32
2013-12-18,-0.22506675974709853,0.08482379800477816,0.2998889448486509,0.6152622615177785,33
2013-12-19,-0.39183862577722794,0.061873051458443795,0.4713638831180247,0.4667880638211089,38
2013-12-20,-0.3706224015135657,0.08001461729283134,0.49953550365488186,0.42041957763063187,37
2013-12-21,-0.20284761554549136,0.09462360623876252,0.3749212217842539,0.530455170300603,30
2013-12-22,-0.290533754821508,0.17258137137056498,0.49611882989577677,0.3312997933526834,27
2013-12-23,-0.1695894130224041,0.13515893068141466,0.33132248163485317,0.5335185865757794,31
2013-12-24,0.17163419464946753,0.35019793871879096,0.20841213116609764,0.4413738026901359,32
2013-12-25,-0.39985217388971495,0.08458044128406507,0.45958261517378,0.4558754027164899,26
2013-12-26,-0.01638267642152802,0.24439396037347616,0.30907997012833754,0.44653440250555676,32
2013-12-27,-0.43357992460468053,0.052028722883715774,0.528485920215669,0.41944520198472524,35
2013-12-28,-0.3740679872957093,0.09676617792386699,0.5041637948492059,0.399070035746804,27
2013-12-29,-0.07706000758782028,0.24308210955783724,0.32014211714565755,0.43677577651888133,26
2013-12-30,-0.486795414767895,0.044012012572370224,0.530484846695104,0.4254870070887189,32
2013-12-31,-0.2739340570631127,0.07734763073275486,0.417613632240312,0.5050526264332235,37
2014-01-01,-0.01597750310793974,0.12821362283938761,0.2798062774624788,0.5919497894148033,33
2014-01-02,-0.13253704885043616,0.16746979079449342,0.35847628408937404,0.47402892368034355,38
2014-01-03,-0.33615622568957765,0.10135634215921163,0.4570677402625824,0.44157592062909024,29
2014-01-04,-0.12943337387926876,0.09558906075544657,0.31872957749185815,0.585681362052049,28
2014-01-05,0.034310396017613154,0.2531494657353897,0.24650335543206228,0.500347175639442,29
2014-01-06,-0.43098229857531767,0.04719643148325624,0.500669052639219,0.45208451399985816,32
2014-01-07,-0.4493031787133217,0.05065176168344915,0.5272366070634376,0.4220449659834305,31
2014-01-08,-0.31442157904183604,0.08814792472796842,0.46604303318156914,0.44577962965465645,35
2014-01-09,-0.11135453408508153,0.151590103651751,0.3145757188179136,0.5338341781596074,40
2014-01-10,-0.26800941927970356,0.06476591401456883,0.4195571514760906,0.5156769457134334,33
2014-01-11,-0.4476919613487445,0.06875694364882433,0.5522450588437227,0.37899800130438344,26
2014-01-12,0.04517069574280716,0.27960461104489287,0.250714684532855,0.4697307045207574,27
2014-01-13,-0.08443472980779629,0.20428823619923658,0.3024924104514773,0.49321935365972697,29
2014-01-14,-0.0006032694786361323,0.19725745521485805,0.27637215326492276,0.5263989654766662,35
2014-01-15,-0.35821241586186425,0.043162578248911926,0.45999705293430565,0.4968550713025472,35
2014-01-16,0.18288131503388283,0.34236543483065834,0.2010023016149573,0.45663226379427047,34
2014-01-17,0.21056733439434122,0.30538581670174864,0.15755611388635476,0.5370580632480116,43
2014-01-18,-0.48923720101656826,0.03888198690574903,0.560938418691548,0.4001795898177303,26
2014-01-19,-0.3466614304110408,0.1170339136198163,0.4636953440308571,0.41927074432373046,25
2014-01-20,-0.1610008932098173,0.14226140850094648,0.3260392247876869,0.5316993654576632,26
2014-01-21,-0.3448045353983078,0.08195848476092421,0.43232995564310306,0.4857115602644221,33
2014-01-22,-0.32501483784294444,0.06978020953034099,0.40801346842591696,0.5222063210143856,38
2014-01-23,-0.04047251837068311,0.1262879986378792,0.22130916565721098,0.6524433762454505,38
2014-01-24,0.30942033578481526,0.39524113461384547,0.15900954882903026,0.445761817907542,41
2014-01-25,-0.25861095553093383,0.058972719946455573,0.42076754644513126,0.5201952211145432,31
2014-01-26,-0.2515667295737458,0.12058575349221272,0.44359534020881564,0.435818899613406,28
2014-01-27,-0.3686977984699866,0.060514438623173725,0.45944919361489944,0.48002549420821927,48
2014-01-28,-0.20989435179906232,0.07465461294395583,0.2881146790287324,0.6372592819571494,35
2014-01-29,-0.053529601046624214,0.15891777335544294,0.25302169872639146,0.5880365419225112,41
2014-01-30,0.062288596604825275,0.17234514166525736,0.1849412389379831,0.6427442316036442,50
2014-01-31,-0.3755500405291924,0.055498494803512266,0.4888693686660379,0.4556460221467747,37
2014-02-01,-0.32191562229220216,0.0984363694668844,0.4252692331383969,0.47632888291519265,29
2014-02-02,-0.28405945420419015,0.1301756241386456,0.4731286267299325,0.3966957401787081,31
2014-02-03,-0.2247737477065041,0.11878557585214732,0.3602452106554257,0.5209692141984297,35
2014-02-04,-0.3540817982278971,0.07141849253581216,0.46201279076370927,0.4665687184984485,37
2014-02-05,0.16918337238730818,0.33107888362569415,0.2081247795310689,0.4607841435952884,42
2014-02-06,0.23978253686377896,0.31619319254845685,0.15633004343977994,0.527406355953034,51
2014-02-07,0.11918128791840092,0.2463686670877442,0.20180764943961355,0.5518371964449817,39
2014-02-08,-0.2641522299617529,0.0932449414998293,0.46153050479491553,0.4452245517805219,30
2014-02-09,-0.3277343523119246,0.11005203587826222,0.4642960656095416,0.4256519032889797,31
2014-02-10,-0.14701440207118668,0.10959792610675823,0.3335415964706278,0.5568604751738105,41
2014-02-11,-0.16642171447525422,0.08195591553087746,0.31183953476803644,0.6062045469071184,42
2014-02-12,-0.0047636271476745595,0.2716456711673031,0.32771324568339866,0.4006279256712057,39
2014-02-13,-0.014754922495697723,0.22007456922632726,0.2645158553583886,0.5154095751930367,45
2014-02-14,-0.09832176988457256,0.10573041698065323,0.2380470586600976,0.656209703583748,40
2014-02-15,-0.37099157807108546,0.10204597399596657,0.4778839806384806,0.42007003947826366,28
2014-02-16,-0.345352092107137,0.14385176072076516,0.49437051949456884,0.36177772419982485,27
2014-02-17,0.10729254374403285,0.33257512502806147,0.23919581657814631,0.4282393519088188,36
2014-02-18,-0.11684160857756223,0.22278681052078805,0.35932032386025503,0.417880962493519,38
2014-02-19,0.07516975844024701,0.2996170804066355,0.25193547986112536,0.44843427670297387,41
2014-02-20,-0.3396045674319984,0.0732556696617551,0.46382821954989384,0.462916111989267,44
2014-02-21,0.17688891871355475,0.3372920580327511,0.2102939726525297,0.4523556357252722,43
2014-02-22,-0.32515956592029993,0.10561855718962573,0.4630521971839997,0.4312921937571631,27
2014-02-23,-0.22131144955222806,0.07789466156611839,0.35469944445167984,0.5673725501249235,30
2014-02-24,-0.23494779818961703,0.14214450436331663,0.4035914016520328,0.4543077932662798,40
2014-02-25,0.1477384172938372,0.32728763495030766,0.21103079660383883,0.46174472734543837,39
2014-02-26,-0.14673093631215967,0.1628669887327804,0.3239248481218632,0.5132453364237188,41
2014-02-27,0.1798691627785745,0.30231142784351617,0.17020811872347824,0.5274804581918368,42
2014-02-28,-0.30389770487809464,0.06720445598519983,0.4030116846728183,0.5297600461372307,42
2014-03-01,-0.12874358240495126,0.22269135530317824,0.37742160437479616,0.3998870425571998,30
2014-03-02,-0.39600754841742536,0.0882575796578725,0.45809616255805646,0.4535772940331312,29
2014-03-03,0.09846450506467902,0.3256622011777901,0.24364674373215864,0.43066248556403885,38
2014-03-04,-0.09432390043688255,0.11201695218682287,0.2826115843310225,0.6053714679116156,41
2014-03-05,-0.2671565577599944,0.11618860382899228,0.40236043936676447,0.4814370702307257,38
2014-03-06,0.30150291238629984,0.40011247516241344,0.13134845166500245,0.46855018297466966,47
2014-03-07,-0.3797314609879371,0.05728322630781219,0.4928416103726723,0.4498623428663952,40
2014-03-08,-0.3971108164062258,0.06437109820730985,0.47688191461353563,0.4587157361023128,32
2014-03-09,-0.2176091589178752,0.10242912280062834,0.3687530965333184,0.5288177744227427,27
2014-03-10,0.05230248112533152,0.2534796047954661,0.20935151391403706,0.5371688817902309,42
2014-03-11,-0.09344237439989422,0.07736726863387351,0.24099922636710105,0.681591842620323,48
2014-03-12,0.0328894249485102,0.15395755626484753,0.18569924242744845,0.6603543095731073,47
2014-03-13,0.10881943854523393,0.23493999867378135,0.1743019703849577,0.5907580268697097,43
2014-03-14,0.25847588570012076,0.41905015354897635,0.1923453204804345,0.3886045241324525,40
2014-03-15,-0.5046925707815481,0.06126996654671218,0.5739411087568317,0.36475320572086745,28
2014-03-16,-0.10854647545880744,0.25216905072055484,0.36447848914232517,0.38337097727590136,28
2014-03-17,-0.22301003714284728,0.08541051904324976,0.37363198475752557,0.5409575028249195,35
2014-03-18,-0.3370872958344909,0.060977916480295165,0.4244998276994014,0.5145722566322256,40
2014-03-19,-0.13665089469153432,0.09473035103157164,0.331026245723106,0.5742434091359376,40
2014-03-20,-0.25345194428821877,0.07526471312177946,0.3483119276802685,0.5764233587637544,39
2014-03-21,0.3173788750528358,0.5029014165930683,0.20225691654023248,0.29484166433466596,33
2014-03-22,-0.4001377266879266,0.0890908897238282,0.5136247702579085,0.39724587353662805,26
2014-03-23,-0.4437682661463148,0.07198625294609139,0.5157795190924062,0.41223422783613206,28
2014-03-24,-0.37084806189760566,0.06359476550061788,0.4338196131125092,0.5026034856476954,32
2014-03-25,0.26146329008368285,0.36388381171944106,0.1710810479515477,0.46504829859137536,39
2014-03-26,-0.20668528350374715,0.165864010577364,0.40946547055169935,0.42468522306869133,36
2014-03-27,-0.35503711552105244,0.1332990641058005,0.49737296123604835,0.36931130453916805,32
2014-03-28,-0.2282021802270785,0.13191562651230487,0.39368030673938337,0.4744290666027926,34
2014-03-29,-0.21601400340420418,0.08193413379274564,0.3350308958176395,0.5830349758169774,29
2014-03-30,-0.02898415790810077,0.17553170151357297,0.21882789645871079,0.6056404124619784,29
2014-03-31,-0.28460044025794184,0.12298998337131123,0.4199955960430462,0.4570144193331743,30
2014-04-01,-0.24695463101304715,0.16527663176010052,0.44668697705886196,0.38810067386187264,38
2014-04-02,0.010873716379896092,0.2842781236089223,0.3096663863956928,0.40604819930369657,38
2014-04-03,0.10520560651316775,0.3117100584213622,0.22630132690819443,0.4620042435267009,33
2014-04-04,0.009005605141265055,0.27397445910306917,0.29860956824751833,0.42743025322811945,39
2014-04-05,-0.1752201769724488,0.13316952736377716,0.36362303766955933,0.5032074448386828,30
2014-04-06,-0.35320245268377837,0.0680559906416931,0.42038152024854836,0.5115624910171789,28
2014-04-07,-0.30165275328716923,0.12150542125194784,0.4407114003455687,0.4377831819174751,32
2014-04-08,0.060688867670436394,0.29772446567926775,0.23318706859706664,0.4690737588141187,37
2014-04-09,-0.04764607050912131,0.26167263186704154,0.3391951391577721,0.39911556786434066,32
2014-04-10,-0.07243954866552617,0.22781471970225958,0.2771527977795505,0.49499277662214103,36
2014-04-11,-0.3082442750705827,0.12961814780485245,0.4368527454560803,0.43349683557594976,31
2014-04-12,-0.3596624722592,0.10135873375221023,0.4553390631542674,0.443266494362482,28
2014-04-13,-0.4704526102095842,0.06752343588570754,0.5584390090582547,0.37403755319339255,27
2014-04-14,-0.10771174956300918,0.17743995393675288,0.32098555766642867,0.5015734434705228,35
2014-04-15,-0.23494146753887335,0.18484705153405667,0.42514018573959667,0.39002526576866703,34
2014-04-16,-0.1106190823355859,0.17726510834811315,0.32395313007763843,0.49876926191291115,37
2014-04-17,-0.19264171665821112,0.16586706331582235,0.38877999209524555,0.4453529460564708,35
2014-04-18,-0.17473497260003176,0.17709933256081958,0.40914911997566616,0.4137515444280925,27
2014-04-19,-0.3852440021559596,0.15046619422733784,0.5357101963832974,0.3138236066699028,25
2014-04-20,-0.25334599317630324,0.07638030617612486,0.34663783781396657,0.5769818563860196,28
2014-04-21,-0.38158118877692093,0.11841093914049768,0.5249364827561283,0.3566525762257076,33
2014-04-22,-0.14330752223127466,0.2103958542871782,0.36537396475374695,0.4242029743234462,38
2014-04-23,0.14778705811751158,0.3652908167049289,0.22709921313287185,0.4076251184741656,36
2014-04-24,-0.0035419839656778834,0.26782947758915165,0.32535717584054386,0.40682049208836896,42
2014-04-25,-0.38709450065428386,0.08282564215152524,0.5108045178058092,0.4063698380636051,32
2014-04-26,-0.42434740960597994,0.08097042959183455,0.5053178391978145,0.41371173426508906,25
2014-04-27,-0.1297768592849374,0.22678949497565626,0.35659135426059363,0.4166191491991281,27
2014-04-28,-0.0750260474421522,0.18801397914724316,0.29235326188351296,0.5196849626054658,38
2014-04-29,-0.2965380120196544,0.08738304186134654,0.4237269362339421,0.48887531735086265,35
2014-04-30,-0.38535539286826903,0.08118532329265248,0.4995157161609215,0.41928425358209537,38
2014-05-01,-0.44542737216309913,0.05757554439145176,0.5244907953424296,0.417946161507882,37
2014-05-02,-0.15364587908242555,0.1124807142367696,0.307320710966254,0.5801397438443759,34
2014-05-03,-0.3466148082490724,0.07392563810113531,0.45504044635020774,0.47103391536955647,26
2014-05-04,-0.23071999846324323,0.05943866214081645,0.2901586606040597,0.6504026725426316,26
2014-05-05,-0.044194577769598634,0.23576086386480644,0.30167278034408246,0.46255385242633273,35
2014-05-06,-0.1573943080837528,0.14645387003107202,0.3171398447814915,0.5363798931423989,40
2014-05-07,-0.21726261551194156,0.15075815647734092,0.39112273277359627,0.45813185705234305,40
2014-05-08,-0.256253347782325,0.13431112074062695,0.41143790602295194,0.4542384694238194,36
2014-05-09,-0.21112904729127882,0.12339752479131734,0.3271322863683105,0.5494987528715815,35
2014-05-10,-0.3567035944809516,0.08850646035842322,0.4707470918764119,0.4407464554916929,27
2014-05-11,-0.30270459968536517,0.11130951973890456,0.41401411942426974,0.4746763635412432,27
2014-05-12,0.05672147457729233,0.259376682814897,0.2587606627830592,0.48186265450082044,38
2014-05-13,-0.4462519644283224,0.06023950437256135,0.5178227188008837,0.4219190285436809,33
2014-05-14,0.027013133827324315,0.2547126211227622,0.24790619461251104,0.49736898805244667,43
2014-05-15,-0.1962899729926671,0.13003349631843822,0.3666925169301529,0.503273984941982,38
2014-05-16,-0.15191397740286733,0.19445378236231348,0.3661672835747046,0.4393789361251962,38
2014-05-17,-0.3377172870883452,0.10330714878998697,0.39795300730690364,0.49873985305002755,28
2014-05-18,0.21510769368771995,0.46851056405654445,0.2533046560831102,0.2781847792948995,29
2014-05-19,-0.44786130446969763,0.06590886679819086,0.5267139212678885,0.40732721649594605,33
2014-05-20,-0.25208639654620524,0.11961160496329107,0.39497138860627046,0.4854420040720894,33
2014-05-21,-0.13202744227643587,0.21596117078534796,0.3434073630617839,0.4406214644211903,37
2014-05-22,-0.2166324336441855,0.16358108582645656,0.4129718528039753,0.4234470683544874,32
2014-05-23,-0.39678703757565825,0.09485316511391631,0.5009072994637682,0.4042495371347473,36
2014-05-24,-0.31157865319401024,0.12038649838417768,0.43196515157818793,0.44764835089445115,25
2014-05-25,-0.42093996010055496,0.0936236223581114,0.5499028681729522,0.35650922325572804,28
2014-05-26,0.19531758662556056,0.3804179159176294,0.18511699595873554,0.4344650884685693,30
2014-05-27,-0.49899017493681147,0.07147448054254055,0.5535025865138348,0.37502293350562965,30
2014-05-28,-0.3510154073287298,0.07453975779381891,0.4567018317892154,0.46874174140647057,35
2014-05-29,-0.2741009412341723,0.11354425961404588,0.4096800493330667,0.47677568937368464,36
2014-05-30,-0.5320182065781645,0.04592435340877696,0.5898793246928238,0.3641816154271218,37
2014-05-31,-0.2817662660777569,0.11855085775256156,0.4003171238303185,0.48113201454281807,25
2014-06-01,-0.006021281595614103,0.24689878278515084,0.26487775668845726,0.4882234589682176,28
2014-06-02,-0.29705483608851513,0.12388999753392513,0.43363031749340797,0.4424796865348854,36
2014-06-03,-0.016867771340111873,0.27179641038551927,0.3122941817256311,0.41590941515316565,33
2014-06-04,-0.19810159779591485,0.16008512348078657,0.3904960962767014,0.44939377989326607,34
2014-06-05,0.06697494245920027,0.34712776066873263,0.2648671860256243,0.3879883828173424,32
2014-06-06,-0.1398274600489613,0.16955476483095655,0.33106457782109433,0.49936594576809334,36
2014-06-07,-0.2370927441413204,0.12331505097531609,0.3780596469684883,0.49862531381845476,27
2014-06-08,-0.05514013656186205,0.17665664903231498,0.23555035702274846,0.5877929864610945,30
2014-06-09,0.06041403394723549,0.2754503202605324,0.23318500426201488,0.49137749178738166,41
2014-06-10,-0.040462193268011606,0.251406552115521,0.3092216865600032,0.43938646370067314,37
2014-06-11,-0.02982101055301506,0.21506608762457308,0.2941657746481764,0.4908100513203617,38
2014-06-12,-0.04735487785408066,0.19565124692858094,0.3076191803382171,0.4967434600957566,41
2014-06-13,0.18839623977797731,0.36613630934730174,0.16556006956932445,0.4683202924221754,33
2014-06-14,-0.3716734019950707,0.10163704627329245,0.4733104482683632,0.4250525011370076,25
2014-06-15,-0.08083492467417208,0.11839326842810821,0.20170411902820623,0.6798340926971701,28
2014-06-16,-0.15409721661224962,0.19426034771154327,0.3740342309904595,0.4316887557799618,33
2014-06-17,-0.18800021757208743,0.12996992186191492,0.33034826443400234,0.5396693120160606,36
2014-06-18,-0.14955663361696062,0.1444214337222511,0.3207265048392117,0.534836430108454,36
2014-06-19,0.005853251376373159,0.28553949916398336,0.2737430219811586,0.4407074761209757,36
2014-06-20,0.27218920264369806,0.4157203021085588,0.19105297446486072,0.39324235250111667,34
2014-06-21,-0.43453591920573403,0.07133070058706734,0.5058666197928013,0.42280268365586243,27
2014-06-22,-0.2534423081783721,0.170691635356213,0.45342625122689284,0.37588211180498965,26
2014-06-23,-0.17184793234729479,0.15665260810873682,0.34939892755280577,0.49394846474403337,35
2014-06-24,-0.17118382678467314,0.17957490954431704,0.36870561132899016,0.4517319779479876,36
2014-06-25,-0.1522833502801756,0.18124692002436327,0.34280473267013023,0.47592442027605997,37
2014-06-26,-0.24552337368312943,0.13021411165629104,0.4129520014684527,0.4568338890608601,34
2014-06-27,0.07744229662635474,0.3119233036772058,0.24266649092181877,0.4454263339976149,34
2014-06-28,-0.21232345691541474,0.17218560656479426,0.4422447777659233,0.3856053424280669,28
2014-06-29,-0.2186099548329241,0.149001371065126,0.36759465923138346,0.4834039687184378,29
2014-06-30,-0.13255348815824147,0.23429390411851583,0.36684739227675733,0.39885870457054284,29
2014-07-01,0.09737702204197644,0.3253067488897592,0.26404806018111604,0.41066186085542045,33
2014-07-02,-0.24907284953275355,0.1734618003314381,0.4553556176061272,0.3711659159064934,34
2014-07-03,-0.2854488866807769,0.09804206379204988,0.39254428380616,0.509413657104969,36
2014-07-04,-0.4002147790789604,0.07002163022756576,0.47023640930652616,0.4597419533878565,25
2014-07-05,-0.14101750753819942,0.2616695116832852,0.40268701922148464,0.3356434732675552,25
2014-07-06,-0.16636545259566218,0.22168138682160665,0.3898523949728244,0.38844769641017474,28
2014-07-07,-0.40575559097391856,0.06864510241610308,0.48276736005668835,0.4485708723972241,33
2014-07-08,-0.2838133995607612,0.1097868322614464,0.43630960682220754,0.45391293582175857,34
2014-07-09,-0.0824581765264007,0.2467103233103241,0.32960064269386763,0.4236890335467778,32
2014-07-10,-0.03742885253713016,0.2768243668222139,0.31304838064966667,0.41011474600886144,35
2014-07-11,0.11214651366372905,0.32058479928098843,0.21965949773847154,0.4597807068187179,35
2014-07-12,-0.43025579567998645,0.08655232824385166,0.5168081239238381,0.39663954243063926,25
2014-07-13,-0.49203694134128345,0.05293017394884614,0.5370863460593603,0.4099834897706805,26
2014-07-14,-0.26859707078508593,0.1603590782054426,0.4443164431081756,0.3953391776659909,36
2014-07-15,-0.28784443284699407,0.14265431454771393,0.4293138989098596,0.42801178863084677,38
2014-07-16,0.05607755648699897,0.29944571279138327,0.23602148963771757,0.4644827967171868,31
2014-07-17,-0.11683263954867919,0.1947611451752258,0.3155024968451171,0.48970605633222697,37
2014-07-18,-0.440021898911049,0.05343048125592371,0.5021790468336393,0.4443904688681165,31
2014-07-19,-0.4616850557454206,0.09791674359363539,0.5357314289686856,0.3663888608184126,27
2014-07-20,-0.18834155184117882,0.05393221173733472,0.2762203153026515,0.6698647184178748,30
2014-07-21,-0.10334220011177751,0.21916322280829936,0.33520761590253306,0.4455958269816219,41
2014-07-22,-0.2032117243381546,0.1806896354574491,0.4239954774426625,0.39531488772990075,38
2014-07-23,-0.10785854820182755,0.19706289200426805,0.3033006068727622,0.4996503921073345,39
2014-07-24,-0.22408123035460714,0.15600438033429287,0.38508894402223326,0.45887334414174163,31
2014-07-25,0.007592171498724029,0.28062308884607085,0.3051157212689154,0.41424844180126397,37
2014-07-26,-0.3567521067687525,0.13490563913062215,0.5135346689762977,0.351559698734719,26
2014-07-27,-0.47003069879515813,0.07697896008938551,0.5694711973460821,0.35354984851066884,26
2014-07-28,-0.03231955065662662,0.2683694432759037,0.3197539939325303,0.4118932321280241,32
2014-07-29,-0.19362829876774126,0.18425002659569895,0.3792530872682021,0.43648260189862476,38
2014-07-30,-0.3861836032611171,0.06063909602557358,0.5275134887603748,0.4118210989956793,39
2014-07-31,-0.19151269108766505,0.12711935145342806,0.35065681731586784,0.5222103157161055,40
2014-08-01,-0.22215948959671494,0.16826662153662847,0.4033296825619148,0.4283608342516635,30
2014-08-02,-0.3296277445182204,0.1302418025955558,0.4598695471137762,0.40988864317536355,25
2014-08-03,-0.23949660047739743,0.046455981522798534,0.28595258200019597,0.6676414336085319,26
2014-08-04,-0.08440209347891738,0.234531433766301,0.32500249276245974,0.44046549798784584,32
2014-08-05,-0.11472237951723592,0.20685804400760682,0.3461643520962713,0.44695974738523364,30
2014-08-06,-0.15756680269489687,0.19479108977726464,0.38607986216913115,0.4191843524385583,35
2014-08-07,-0.18308228608023505,0.18876245553427728,0.38216715540761576,0.42906039191630385,34
2014-08-08,-0.2959015506493017,0.11594776084123269,0.43530466863339146,0.44874757321955905,31
2014-08-09,-0.3011313778329779,0.13554238821400535,0.4365404327136499,0.4279171972848751,27
2014-08-10,-0.21781219243435904,0.05887518711614494,0.2945450718581963,0.6466105138384379,27
2014-08-11,-0.32753592905298407,0.11096651133157845,0.446493511813134,0.44253462076016836,32
2014-08-12,-0.06006241277062644,0.24482653626315298,0.3187456157004461,0.4364278511951367,32
2014-08-13,0.039187021975432126,0.29270231792285506,0.2685581530902801,0.4387395304171102,29
2014-08-14,-0.2923813299599042,0.1454477671880275,0.44886409714793163,0.40565480352590483,33
2014-08-15,-0.2874263548930486,0.0965304113961982,0.4456219178043983,0.45786282457230676,36
2014-08-16,-0.3116337649372335,0.0959593911107916,0.4246700791249482,0.4793705199853732,26
2014-08-17,-0.123758972537231,0.18033191951627914,0.30414089205351014,0.5155271941256065,28
2014-08-18,-0.3652419524141684,0.1062127426276947,0.5019598674556561,0.39182739128151844,31
2014-08-19,-0.013203334351292562,0.264907516942734,0.30610439968112335,0.4289880818890307,34
2014-08-20,-0.4797761744286736,0.053917849446816005,0.5395175870938804,0.4065812333213701,32
2014-08-21,-0.30896562259820876,0.10724452657594725,0.4232143158408227,0.4695596765501632,31
2014-08-22,0.046949254856351735,0.30555763553134163,0.2698833806749899,0.4245746089682914,34
2014-08-23,-0.36126813183245915,0.09755411571051395,0.5227686761144017,0.37967720684462364,28
2014-08-24,-0.35011720902185356,0.09698142023863536,0.44926291497477466,0.45375565287896563,28
2014-08-25,-0.30669786477982997,0.09737823282737405,0.43372609760720404,0.4688956680933314,33
2014-08-26,-0.013424224524595782,0.2691379140676332,0.2954918260922289,0.4353930305349042,39
2014-08-27,0.00014845077522099293,0.2815221867897858,0.2604970693478982,0.4579974054843187,31
2014-08-28,0.10376327329918596,0.28208084428342534,0.2219396298077688,0.49594815227780853,37
2014-08-29,-0.24495772848919348,0.126610655023437,0.4153428626792971,0.4580298115269591,35
2014-08-30,-0.15902744992010553,0.15916448474469885,0.4225781415613561,0.41825736659662477,29
2014-08-31,0.014706082147359856,0.31242914555147294,0.29767306340411304,0.38989778482317927,26
2014-09-01,-0.29896365880381176,0.10537801358710837,0.38844907979832755,0.5061729027513001,27
2014-09-02,-0.3577671528559426,0.08644454683264097,0.47928003302191696,0.4342754218839109,31
2014-09-03,-0.0572593355586583,0.20824271191753674,0.30171416868831624,0.4900431234298782,34
2014-09-04,-0.08339555393549448,0.1889184934827992,0.3310478709477055,0.48003362918719644,36
2014-09-05,-0.061973884147002875,0.20495214827586267,0.2893469783688115,0.5057123571988699,39
2014-09-06,-0.10476075016255633,0.15277519830858166,0.3161571605923501,0.5310676359909051,33
2014-09-07,0.15568874745413114,0.3595169136411614,0.22444112914999326,0.41604196541828137,28
2014-09-08,-0.10946134040129837,0.19868279283796436,0.32170975823926273,0.4796074455321766,34
2014-09-09,-0.28698779339774927,0.10291047988788321,0.42644654914770147,0.47066021812434855,31
2014-09-10,0.10388310285789833,0.3190115787273213,0.24584299199845522,0.43517768738380364,33
2014-09-11,-0.06440389394796255,0.1506650531578696,0.32206288649977155,0.5273326724424506,33
2014-09-12,-0.3558205877471964,0.09483715500881273,0.4427344094226757,0.4624284334575136,32
2014-09-13,-0.04051681574950261,0.20779115735978954,0.32001154453786357,0.4721972971377628,28
2014-09-14,-0.31531626166334514,0.10321430227934168,0.4152921024042253,0.48149359338214764,26
2014-09-15,-0.1917399218624638,0.15006368696189698,0.37333264108242525,0.4766036753204561,34
2014-09-16,0.18959271671982372,0.31119550893898396,0.17210573339563082,0.5167384639038322,36
2014-09-17,-0.20477873870493735,0.12609131136551938,0.372296520658692,0.5015641251443794,37
2014-09-18,-0.3011713668024069,0.0949382926683873,0.42649781736553105,0.4785375695935205,42
2014-09-19,-0.24423884280310434,0.10878337015482513,0.374607061442778,0.5165792716655767,33
2014-09-20,-0.3347512101754546,0.14999723568558693,0.48474844586104154,0.3652543228119612,25
2014-09-21,-0.42017901299223304,0.08614433322399855,0.5063733462162316,0.4074823124945164,26
2014-09-22,-0.22661941861046417,0.16905299555762643,0.418877252877768,0.412119220404391,34
2014-09-23,-0.15268330450192097,0.13804196608861288,0.30796527059053375,0.5540260930220285,30
2014-09-24,-0.044713598092611155,0.23881406942256567,0.30070985142322276,0.4604760729079274,32
2014-09-25,-0.14270676490697445,0.17184848602924382,0.33104858426955164,0.49709293311605407,38
2014-09-26,-0.07461129384495079,0.22602117575546427,0.317991340568157,0.4560036086979412,33
2014-09-27,-0.1991722072314205,0.1958725367824414,0.4563161725852905,0.3477398584187031,28
2014-09-28,-0.4059525548887474,0.09807065697980148,0.5375972859426229,0.36433206494207737,27
2014-09-29,-0.12796348895175805,0.2590125876875414,0.38745510889736395,0.353516173721898,32
2014-09-30,-0.16754169174406458,0.09964301987584022,0.31763471161990475,0.5827222828575794,34
2014-10-01,-0.04757494968698228,0.22089380513355938,0.2860698300893589,0.4930202383885781,34
2014-10-02,0.10937733317810028,0.3271059170609622,0.2723194929737711,0.40058974251051743,34
2014-10-03,-0.49324479135262034,0.04680967175338803,0.5429130837956636,0.41025999994046725,31
2014-10-04,-0.34752483958963837,0.07157252900222581,0.4277402257347213,0.5006872491879123,28
2014-10-05,-0.19284550310466436,0.12001839302280651,0.38602103898461376,0.4939248539230653,28
2014-10-06,-0.10737944416387965,0.188655980655122,0.3106551217886986,0.5007040488314448,34
2014-10-07,-0.07301426664975381,0.1985879058408,0.276350559587328,0.5250776633037034,34
2014-10-08,0.10108252312256133,0.3077463869361974,0.23801680499010666,0.4541868066493202,35
2014-10-09,0.08424632586003705,0.2829123785845484,0.2253357496942083,0.49173936719162903,37
2014-10-10,-0.39873983381925326,0.08553777517543765,0.47735879179038987,0.4371200958779101,34
2014-10-11,-0.30858772543915186,0.07527587948137751,0.39229437415129864,0.5324297489821911,26
2014-10-12,-0.3442387286222367,0.11246325433574342,0.4784482792542764,0.40908846691013484,28
2014-10-13,0.10223487853381424,0.31024755995900877,0.23024252013487198,0.4595099169769595,33
2014-10-14,-0.03799310858873026,0.2536341948326677,0.31770397008806467,0.4286618400307993,33
2014-10-15,-0.13752543934002104,0.13697165213328683,0.28133875813997455,0.5816895896879335,36
2014-10-16,-0.13441937125151357,0.21081440011152264,0.36847543802970284,0.42067000767665386,35
2014-10-17,-0.0954995857823321,0.16241140004907337,0.338962414402834,0.49862618589401253,35
2014-10-18,-0.2613390412965306,0.10189845523100208,0.3911078668979031,0.5069936953937566,27
2014-10-19,-0.29428093213356205,0.14446212400882333,0.44616157466090384,0.4093392589467543,27
2014-10-20,0.18369387944085258,0.3692575039352689,0.21307076735155922,0.4176681573378188,37
2014-10-21,0.17921394028614546,0.3259225475376406,0.18443684254561277,0.4896453200722267,39
2014-10-22,-0.0862002752763219,0.1601454798555933,0.3003926301319152,0.5395243829693646,32
2014-10-23,-0.2846755356919978,0.144994727928085,0.4238516921915114,0.43112500734754966,36
2014-10-24,0.22510909616442187,0.3914044735529771,0.2252787107218885,0.38330292678450545,37
2014-10-25,-0.46271230852929535,0.07842965483952452,0.5494864078132643,0.3721339335184406,28
2014-10-26,-0.3618464955316098,0.11627104314940946,0.47301383497731553,0.4106780790068485,27
2014-10-27,-0.31333760910730085,0.06325619154407584,0.39605149295906894,0.5407173147923932,41
2014-10-28,-0.20753693720321445,0.14450840969427545,0.37247769983866635,0.4830285924597698,35
2014-10-29,-0.28310348027836196,0.08750647643217535,0.3998538961044767,0.5126244778955074,34
2014-10-30,-0.3197685684188872,0.0824354505699566,0.4004966660476673,0.5170950870802298,38
2014-10-31,-0.16361296778578432,0.1665813795640103,0.3656306376723753,0.46778798220782514,35
2014-11-01,-0.4488215035266898,0.10019430024894299,0.540426914886744,0.3593787874513202,27
2014-11-02,-0.20755015692189335,0.17106952787376942,0.4450268276528056,0.38390365278880506,28
2014-11-03,-0.3547386284559401,0.08011755206648148,0.4404156502193912,0.47946679654997404,37
2014-11-04,-0.25926453413728845,0.142670358448629,0.38830106905650563,0.46902856741367893,36
2014-11-05,-0.20299752400973012,0.10524239794803518,0.3209527791006225,0.5737905384876898,36
2014-11-06,0.008433754828046355,0.1805352719512494,0.20197504653496776,0.6174690939632848,36
2014-11-07,-0.25021103829126207,0.1847919112369418,0.4164094011411071,0.3987987034243922,31
2014-11-08,-0.23697239275162035,0.15024168993561313,0.3872140826872335,0.46254423142482454,26
2014-11-09,-0.24149966303259135,0.19231721844524144,0.4338168814778328,0.37386590480804444,25
2014-11-10,-0.3048934493912434,0.08996602633885434,0.4250838000544221,0.48495017724391576,41
2014-11-11,0.0578838309979226,0.23095342538644165,0.20476495153137614,0.5642959126148905,39
2014-11-12,-0.3608183335331508,0.059968095600285695,0.45581928627629364,0.4842626149569239,36
2014-11-13,0.10337015957008389,0.2904932789010598,0.2203540016839171,0.4891924246399718,36
2014-11-14,-0.29293746379082725,0.12024050678219045,0.4253239383149532,0.45446055401659785,33
2014-11-15,-0.29928201228603724,0.11849072015445147,0.4216727324404887,0.4598365434802004,28
2014-11-16,-0.3409898045260597,0.06750485727108187,0.43837614327862306,0.49411900952237625,27
2014-11-17,-0.24419331682427892,0.12347980852288505,0.38360090312494177,0.4929192864119179,40
2014-11-18,-0.18327962059383432,0.10120422109432761,0.3417419062042909,0.5570538713494615,31
2014-11-19,-0.17358025616175599,0.13266855745615644,0.32799464695124575,0.5393256883361274,42
2014-11-20,-0.35831311948980915,0.09891296885589904,0.49397682363982587,0.4071124137564179,38
2014-11-21,-0.19926848994789104,0.10520080244264776,0.3055047762615065,0.5892944244653467,32
2014-11-22,-0.38899297150432,0.09083201790946936,0.49374998941378934,0.41541799603615487,28
2014-11-23,-0.3504242464139506,0.11948087454062921,0.463190306139765,0.4173288076608269,27
2014-11-24,-0.2014904441850526,0.17321111579670437,0.37971584569604266,0.4470551802002426,29
2014-11-25,-0.13464870720414912,0.19018918067750057,0.35022382538164964,0.4596026239321567,34
2014-11-26,-0.46518029322072396,0.055501229669200264,0.5551424603899242,0.38931568451887,34
2014-11-27,-0.3886725498912856,0.058254767485734604,0.4852719602341631,0.45641255811080333,30
2014-11-28,-0.14911184494168528,0.1876660113460835,0.3464407595135752,0.4659182316038397,35
2014-11-29,-0.3985843650566844,0.12202772193659957,0.520612086993284,0.3573601942222852,26
2014-11-30,-0.2852754966267886,0.1254384705420297,0.4072543517842029,0.46728217665289457,28
2014-12-01,-0.09747108442824215,0.23675242396160479,0.3409718954866211,0.42223455501948637,33
2014-12-02,-0.3119076149608009,0.09716447158856317,0.44993146154936403,0.45290407006349415,32
2014-12-03,-0.37082946012226803,0.0796344767301794,0.4375187755621249,0.4828467444931307,31
2014-12-04,-0.1303959263737644,0.2248236787523954,0.3752744438358372,0.39987687149336265,33
2014-12-05,-0.47583390694290395,0.04549942433722317,0.5263116646134605,0.42817224807689586,32
2014-12-06,-0.40498909655958415,0.13657797656953335,0.5415670731291174,0.321854959949851,25
2014-12-07,-0.2316413898465725,0.060344377623928275,0.29198576747050076,0.6476698484579531,27
2014-12-08,-0.27873090441749704,0.09795756894444987,0.4058578282006565,0.49619347464129804,33
2014-12-09,-0.11002284357840816,0.18639960514133175,0.28128578205307325,0.53231461025998,33
2014-12-10,0.23529455270295338,0.3976094383156435,0.18622018864299314,0.41617037483345376,35
2014-12-11,0.0971490712900247,0.3108546580370781,0.23609844388991064,0.45308975651306765,30
2014-12-12,-0.4459032782652815,0.05637679337092808,0.5022800716362096,0.4413431378034609,29
2014-12-13,-0.27408074475311,0.1305805919640537,0.3760578884413016,0.49332703914827314,29
2014-12-14,-0.1721564589455227,0.19390789303630593,0.3804110186484953,0.4256810895880063,30
2014-12-15,-0.3137283149546746,0.11017065652764657,0.4334247290580787,0.45642128139138216,36
2014-12-16,-0.1752324169954285,0.15549037336986513,0.38017904036529365,0.46434308558963233,44
2014-12-17,-0.18683002903887203,0.17353976594731213,0.362251937843327,0.4641940077543259,37
2014-12-18,-0.05503941170443641,0.23257122715697146,0.27707245704322603,0.49035631790233386,38
2014-12-19,-0.005839853066926193,0.26059232905445,0.2636680154547095,0.47573965091183784,34
2014-12-20,-0.35730705778732896,0.12181242787837983,0.4666928189990421,0.41149474924206736,30
2014-12-21,-0.42226509284233604,0.0912093180624975,0.5383299664603891,0.37046072030619337,27
2014-12-22,-0.18685173325053572,0.15139942022887215,0.3457558409794078,0.5028603732650169,35
2014-12-23,0.16338969657517968,0.3905744215961546,0.23692805835430822,0.3725308550437291,31
2014-12-24,-0.34787566042893076,0.09860420773086304,0.48727986815979374,0.4141306307586677,36
2014-12-25,-0.1645983641625221,0.2285800555642309,0.38359221283020134,0.38782772876342825,30
2014-12-26,0.027403715830873088,0.3014010055653751,0.3024521284441794,0.3961468680183253,32
2014-12-27,-0.3433921022569904,0.06451948158528942,0.4128731223038183,0.5226073910960785,26
2014-12-28,-0.2653036994684984,0.13865159065872432,0.5192919567938894,0.34205645821293196,30
2014-12-29,-0.29939725343478574,0.09136077816739147,0.39359731731646297,0.5150419018718547,30
2014-12-30,-0.02663529427907077,0.26490680128921723,0.3128403714303569,0.42227782829203486,31
2014-12-31,-0.45521092125634693,0.07762138788790025,0.5414857574201093,0.38094285382489707,30
2015-01-01,0.24436428605974295,0.46710449701123513,0.23810174941303067,0.29479375054893586,27
2015-01-02,-0.22597625879863897,0.1554114385265857,0.394151030658558,0.45046253103216494,32
2015-01-03,-0.26842114213729007,0.1402566579903875,0.4230992286991062,0.43666197286482367,29
2015-01-04,0.13256887503889977,0.4096321368487897,0.28952992847655656,0.30081941643208265,28
2015-01-05,-0.04865671514669324,0.23745580493253382,0.2888492847851094,0.47367824431418204,37
2015-01-06,-0.07516255125285635,0.2217708786970425,0.32016609124022144,0.4580594007450727,35
2015-01-07,0.06497965041135903,0.30314001994344875,0.27037286953208967,0.42648711074274037,33
2015-01-08,-0.2522759996859124,0.0979009780502102,0.374085311069456,0.5280137090613445,35
2015-01-09,0.11935533392941863,0.36103469936881555,0.25580057756060903,0.3831344181070725,36
2015-01-10,-0.33739543577145253,0.08263701695363436,0.46165388129651547,0.4557448367242302,28
2015-01-11,-0.32845056824924856,0.09190417483277047,0.434004743082019,0.4740910855955803,26
2015-01-12,-0.14861443274536304,0.08238533921795231,0.32460262910617244,0.5930120286158154,35
2015-01-13,0.12690030287572496,0.3020803400829227,0.22769114831830894,0.47021184582461906,39
2015-01-14,-0.234402360985217,0.07267851002169773,0.37391462100691475,0.5534027025375516,43
2015-01-15,0.06060113523457991,0.3142060603455612,0.22434583420189042,0.46140795396561884,35
2015-01-16,-0.18278212485756065,0.1306354849877603,0.338952903962968,0.5304116175411379,34
2015-01-17,-0.34066956411274496,0.09430475154243133,0.444715056395917,0.46098018699111765,27
2015-01-18,-0.4398724533971686,0.1083110383267586,0.5175604148008502,0.37409008382948544,26
2015-01-19,-0.3388547068654498,0.08441803191204866,0.4922494054441651,0.42336589591503143,30
2015-01-20,0.025181900779412764,0.1758216043238185,0.16660022986019518,0.6575281690143441,39
2015-01-21,0.1319523981164396,0.24570991411246176,0.1556187355082173,0.5986935447403134,46
2015-01-22,-0.30676651512501496,0.07104188275220139,0.3937655407343592,0.5351782890030315,37
2015-01-23,-0.11625671240552846,0.14021235586506212,0.2459024016039239,0.6138852395947609,39
2015-01-24,-0.21233652591181867,0.05826972543715667,0.33838317442589844,0.6033983832628298,39
2015-01-25,0.023192202818130725,0.29195353970095955,0.27242163100047584,0.43562482902464617,35
2015-01-26,-0.18564115699423211,0.12568071755553994,0.3258504459783435,0.5484688347808662,42
2015-01-27,-0.12495396303469936,0.13337745155903202,0.282663081260398,0.5839427967265249,62
2015-01-28,-0.06710106237838666,0.1384233674903711,0.23758665209097996,0.6240122048139572,45
2015-01-29,-0.2693889701754463,0.0616150343114016,0.3318938004052152,0.6064911606077636,49
2015-01-30,-0.22612919717232388,0.0785625676831756,0.3344404828042174,0.5869713143614622,39
2015-01-31,-0.23490903631259996,0.08747738724301259,0.3628097568889459,0.5497128507147233,30
2015-02-01,-0.38975874087415063,0.08304218869083203,0.47280092956498265,0.44415689180963314,26
2015-02-02,-0.061538516970805646,0.1988964846456075,0.2885923186895839,0.512494531332659,44
2015-02-03,-0.24410234139330494,0.12079759902314116,0.36144994041644607,0.5177396389610491,42
2015-02-04,0.03349638252972313,0.21452247760802923,0.2190608173005283,0.5664667051561176,38
2015-02-05,0.029098813045421175,0.1103181617018073,0.13526296567766272,0.7544188774852043,48
2015-02-06,-0.47180109258200975,0.0450979960331524,0.551770679524253,0.4031313275011425,45
2015-02-07,-0.2552487325178925,0.07976832155534067,0.43082642907323315,0.48943650754960255,32
2015-02-08,-0.18889002993964946,0.13216821603065937,0.3627341080392743,0.5050976893218426,29
2015-02-09,-0.1758877074193582,0.10056575239729137,0.3472809598166495,0.5522032768197358,40
2015-02-10,-0.3031765725604999,0.09375129614078846,0.4249977404961601,0.48127596427049396,41
2015-02-11,-0.11087542620951346,0.20072083556123224,0.3391683205942751,0.46007947636296354,37
2015-02-12,-0.16943270584233106,0.1044059632871808,0.32212616912951186,0.5734792299496856,46
2015-02-13,-0.09877582165483724,0.08829494681632653,0.28589122301661835,0.6258138360513205,44
2015-02-14,-0.3614391393453844,0.0701955617435517,0.4680637333470006,0.4617407224543633,31
2015-02-15,-0.3716122970797121,0.08432316938241323,0.477202133128792,0.43847469528466465,30
2015-02-16,-0.2975802818658948,0.14709326101069647,0.4503268762099246,0.4025798710991939,30
2015-02-17,-0.3315244968658607,0.10283212296480411,0.47156583035698063,0.4256783648450124,39
2015-02-18,-0.4522745414935455,0.03355419848313605,0.5001226588956005,0.46634814411893083,39
2015-02-19,0.06615123683130623,0.22482614231148115,0.19043468808887054,0.5847532995687696,48
2015-02-20,-0.23847119579647735,0.12833849593159266,0.3893609112402652,0.4823002927316398,45
2015-02-21,-0.3463877086138417,0.08865049266609652,0.4623313047282141,0.44898372039301643,29
2015-02-22,-0.43578140660231,0.0756233035940677,0.5347453351963778,0.389693861995358,32
2015-02-23,-0.16328640022387522,0.17675421540186637,0.37566283784796384,0.447596838963363,38
2015-02-24,-0.1957436587305053,0.12345245760149862,0.36596716896358283,0.5106303708125102,39
2015-02-25,0.25421738606337463,0.3815789057135271,0.1439521446501526,0.4744522843472349,51
2015-02-26,0.11528705277008854,0.2694118275860081,0.19191499220722397,0.538709049448047,48
2015-02-27,-0.13587385436867674,0.1183016201261235,0.3030658253719932,0.5786623741860975,41
2015-02-28,-0.24585989818789306,0.11499000987590802,0.3573241016121882,0.5276858914560849,33
2015-03-01,0.2755656953838468,0.46264207054699463,0.21188804182981452,0.3255032220741113,31
2015-03-02,-0.3108524796156622,0.08215644403717867,0.3993976431650359,0.5184456075108632,45
2015-03-03,-0.0905500994985041,0.12235751831609952,0.2907865651830247,0.5868295927216348,38
2015-03-04,0.12425991184301674,0.2067298379085148,0.15358296954375894,0.6396763236202623,48
2015-03-05,-0.38884065684810987,0.06478098214364478,0.4606942580393737,0.474536663669738,44
2015-03-06,0.04011088433382992,0.22186531216237457,0.2329491086796085,0.5451749406223602,48
2015-03-07,-0.5580954346658662,0.08745568777777786,0.6676868367293584,0.24485747377989553,29
2015-03-08,-0.2412477110017357,0.13466857094211238,0.37526271051527665,0.49006872544437646,28
2015-03-09,0.17179198449586072,0.30570058700223657,0.18634990685420189,0.5079277695742638,48
2015-03-10,-0.17788407555227168,0.0854577326010447,0.2697886831533164,0.6447535843717556,49
2015-03-11,-0.07548131702040632,0.09870320574492217,0.24192285609866182,0.6593406018428506,60
2015-03-12,-0.15334536556420808,0.10436154885399848,0.257109042077781,0.6385081361779508,47
2015-03-13,0.21154279087974745,0.37501358338619273,0.16646196897703353,0.4585146443360869,52
2015-03-14,0.17013544851581433,0.3980767356310838,0.2479359299724123,0.353987333348766,29
2015-03-15,-0.24715672519856266,0.10658319048317415,0.3537399156817368,0.5396768792665431,28
2015-03-16,-0.1809272244235001,0.08681211489093739,0.34798568077785214,0.5652266005946369,41
2015-03-17,-0.07432438606805271,0.09492772930786014,0.17154322648702394,0.733540154260728,46
2015-03-18,-0.10038301444512847,0.1389255802143289,0.26961675792476353,0.5914780709554953,49
2015-03-19,0.21468594576911826,0.35267704907914377,0.17358072595153495,0.4737422288088303,57
2015-03-20,0.3283165183249116,0.49751066972479224,0.15678415139988064,0.3457051764911413,51
2015-03-21,-0.3090358017829247,0.10295770758623257,0.39903725936915724,0.49803628915641457,32
2015-03-22,-0.09976400873214006,0.17500171698257327,0.31509786857185623,0.5099004218961511,28
2015-03-23,-0.0846597353234887,0.16576498743895743,0.2713429660056894,0.5628650225991736,39
2015-03-24,0.27685889935811214,0.4506725426060969,0.21915040795386714,0.33017705024809524,35
2015-03-25,0.08587772792028528,0.26240254933280605,0.1788124404601398,0.5587873943791501,38
2015-03-26,-0.11884409718935122,0.12559223812281747,0.2525874716758051,0.6217975634048947,46
2015-03-27,-0.14069654886913946,0.20529818069205127,0.3482349256396221,0.446466896873172,37
2015-03-28,-0.2053873631387683,0.14342502200270868,0.42018024228433415,0.4363947435793068,28
2015-03-29,-0.22568482533919085,0.1193332145331484,0.40581197926627866,0.4748548011770754,33
2015-03-30,-0.3043349736271569,0.10161610990544924,0.3959651860967087,0.5024440255494453,43
2015-03-31,-0.2758028116416869,0.09197886507955069,0.3878883433879043,0.5201286304421723,43
2015-04-01,-0.015971088679288994,0.14858382635383774,0.18524284606760943,0.6661905590986897,58
2015-04-02,-0.0588841706087606,0.2451324200787271,0.3271860351319321,0.42768154344409703,37
2015-04-03,-0.021968667893065136,0.17469776826885064,0.22063362366191575,0.6046686096408405,33
2015-04-04,-0.33628202444251093,0.10073689891052033,0.457583209067317,0.44167988703293454,28
2015-04-05,-0.262415638593398,0.20210024908733154,0.46661053053787244,0.3312892177305051,29
2015-04-06,0.1526296599438904,0.3232426165556829,0.2176708513486346,0.45911284755429155,39
2015-04-07,-0.3493780870388409,0.07034063723622576,0.4544753032224351,0.4751709029578065,39
2015-04-08,-0.23565321764047395,0.1601562286847017,0.3726405069312363,0.4672032645533934,35
2015-04-09,-0.10479125608610716,0.17244815491536714,0.350469845784083,0.477081996344613,48
2015-04-10,0.1399396559247628,0.1945157428371938,0.13097289542306928,0.674497002038962,49
2015-04-11,-0.011503925651600924,0.1760228965728689,0.2841330722244698,0.5398440314354919,32
2015-04-12,-0.3266503150803261,0.09431701106167045,0.48093973993510003,0.4247432624913495,29
2015-04-13,-0.28695642017749223,0.07116899136606265,0.39182086608900946,0.5369851456140591,46
2015-04-14,-0.4484567714330028,0.08633819001590944,0.5761552555665593,0.3375315575128092,36
2015-04-15,0.12213824097054397,0.2369505971894395,0.16120016109694432,0.6018248517536535,43
2015-04-16,0.03306220518109346,0.16453939453246338,0.2460581417323223,0.5894024680370377,42
2015-04-17,0.11564259722987191,0.26113966763320245,0.18040332040333054,0.5584480815709701,58
2015-04-18,0.11028980972624641,0.328999524492635,0.23468850264517643,0.43631197417450673,34
2015-04-19,-0.2593147157303788,0.06899882451203224,0.3922189456478164,0.5387822330368531,37
2015-04-20,-0.10405348144893847,0.1278434450320589,0.258801093147664,0.6133346295734868,52
2015-04-21,0.12758030401393772,0.27880285889747675,0.1788192940139738,0.5423278490929175,47
2015-04-22,-0.43325250826082984,0.047766877728742815,0.4894514614612707,0.46278166155680167,54
2015-04-23,-0.0009118778839436379,0.1338476293139837,0.20733950719792735,0.6588310441886837,55
2015-04-24,-0.06618627847366862,0.20877704630461005,0.31827443588938975,0.4729651866043607,48
2015-04-25,-0.24404544113536963,0.11154945633407025,0.390480191587087,0.4979703471757033,34
2015-04-26,-0.17715125678849944,0.11479620805292418,0.3284080709020296,0.5567957190130696,33
2015-04-27,-0.10892040880854173,0.15658945297902968,0.30128527162363705,0.5421088818631048,64
2015-04-28,-0.025483821365429905,0.24624380734523055,0.25538797353824666,0.498350977681012,60
2015-04-29,-0.25634509889032425,0.10323891216062808,0.39527865390809525,0.50151814874086,58
2015-04-30,-0.3678724792101635,0.08675671334346899,0.49653207716901715,0.4167015922044332,53
2015-05-01,-0.4072748295519501,0.07256012059500949,0.5044258592378686,0.42302538282983004,45
2015-05-02,-0.1177083049915317,0.1074619966350082,0.34653141273765103,0.5460065934989188,36
2015-05-03,-0.15934428702415,0.15451023706962022,0.3284351692550605,0.5170223298726543,31
2015-05-04,-0.014543325495731452,0.23271886905324898,0.30378855113812775,0.46346932369144844,46
2015-05-05,-0.3095658671526695,0.07322722043511722,0.4136176158896735,0.5131362981756341,54
2015-05-06,0.27368534708522496,0.37045229004777497,0.1077333492125501,0.5218221751823555,66
2015-05-07,-0.1850396220609546,0.09282380018311588,0.31837386528204514,0.5887896759651131,81
2015-05-08,0.008309008287853345,0.2427871378896901,0.22072139883260602,0.5364914643612618,53
2015-05-09,0.15559474555223302,0.3421908214223517,0.20546960528188332,0.45233957524058577,35
2015-05-10,-0.17733719246957236,0.1424529444362749,0.33935778396467076,0.5181892662302536,34
2015-05-11,-0.21766820149291308,0.09751087809850773,0.3444269962580875,0.5580621226554116,48
2015-05-12,0.14955481242898053,0.21021414438651076,0.12677629624324452,0.6630024145922491,58
2015-05-13,0.04747070599782194,0.21906080874396996,0.21025919365523893,0.5706527266430312,60
2015-05-14,-0.12041512379677488,0.07817962466033045,0.23224126008501234,0.689579116814081,44
2015-05-15,-0.42414056097690145,0.07376978128993485,0.4881469494096935,0.43810112730387074,57
2015-05-16,-0.2405074773141183,0.13801674611889758,0.42143984843301585,0.4405121556809172,32
2015-05-17,-0.09646710704837529,0.16228796115922078,0.35020935392188174,0.4875026781601565,35
2015-05-18,0.12138887843190878,0.27460882613964377,0.186922947707735,0.5384932261013984,52
2015-05-19,-0.1012814265573254,0.10334267353553038,0.23492410009285578,0.6617793836135131,65
2015-05-20,0.2157632298518491,0.296541601727884,0.1425014731418577,0.5609442684880163,81
2015-05-21,-0.08298926058523842,0.10731508608617181,0.20354850251556603,0.6891104430811746,77
2015-05-22,-0.28856795717587724,0.06846722475607864,0.4042105917680215,0.5272893974761739,62
2015-05-23,-0.42730543192917747,0.08301152344356691,0.5348383839441729,0.3821643742220742,36
2015-05-24,-0.17164563338128905,0.11332981950067209,0.3379815134880218,0.5486886674346345,33
2015-05-25,-0.10980404063194991,0.09346495344170504,0.2719889940736549,0.634546054586768,35
2015-05-26,0.05134496297991159,0.2732833893312835,0.2511830341945092,0.47552916456341165,53
2015-05-27,-0.3126053394995979,0.07615321326155682,0.4156835527611547,0.5081476081114495,65
2015-05-28,0.23703842275364062,0.3093122940468469,0.13653601415034916,0.554144550475691,71
2015-05-29,-0.0739828994383319,0.09786760956708057,0.24441012439002785,0.6577607299275697,52
2015-05-30,-0.12863148478116537,0.1144520983774517,0.35071871829375223,0.5348562086442032,37
2015-05-31,-0.21631511752649674,0.148658761743526,0.39750669177002274,0.453834545162227,33
2015-06-01,-0.1039645856022911,0.13457344940226432,0.3075385478250683,0.5578713349597576,68
2015-06-02,0.037168806365090935,0.23938008052450085,0.26437979267792844,0.4962401248573154,55
2015-06-03,0.1295011735903946,0.25393460803192225,0.183152373835467,0.562913018598272,67
2015-06-04,-0.3954406626687873,0.07912253607351864,0.5192600241391314,0.40160950376724913,64
2015-06-05,-0.039295147476101716,0.19925986610894594,0.31056847512350916,0.49017165818546826,54
2015-06-06,-0.06762047156807965,0.21442401083209553,0.3505757324001752,0.43493776267580686,32
2015-06-07,-0.18824835022369335,0.12570195443799784,0.3487847874203118,0.5255132597474189,29
2015-06-08,0.0879064919789062,0.25208675672902925,0.19082739589766398,0.5571108474801798,63
2015-06-09,0.05490295187983928,0.19223834446928062,0.18280503544658422,0.6249351903069764,60
2015-06-10,-0.12152619316431766,0.13608669563927328,0.29941288880359096,0.5645581100319441,52
2015-06-11,-0.3046159254624943,0.060939731815271084,0.39111482394443203,0.547970444286863,61
2015-06-12,0.17191123796938362,0.2602837677745521,0.1323785298051685,0.6072677052980662,51
2015-06-13,-0.2189737198277794,0.12953237610490156,0.38789919938095685,0.48256844500323826,29
2015-06-14,-0.1806450249852879,0.1257544379964471,0.37635660583887787,0.4978889461330005,35
2015-06-15,0.11388478501691768,0.25579680635365454,0.21883593438021515,0.5253422587802229,48
2015-06-16,-0.046269665037012755,0.12391153095080346,0.2400904552470755,0.6360137569746485,56
2015-06-17,0.07681501908382657,0.22893561108369453,0.19095294494104442,0.5801114419391342,52
2015-06-18,-0.0048307383693506345,0.22926673282862953,0.2541791378646468,0.5165374650304516,62
2015-06-19,-0.04233821081796454,0.17778770234571012,0.2549407279784895,0.5672965674595976,56
2015-06-20,-0.08386528505346715,0.1535343230848129,0.26991242865110054,0.5765276057101213,39
2015-06-21,-0.29650157712388314,0.08712598075577989,0.45486193287966303,0.4580745878051966,32
2015-06-22,-0.14895349109361045,0.12688304227501676,0.30943214740371494,0.5636084919502338,58
2015-06-23,-0.10244263703124942,0.17382822540229945,0.32035512169280816,0.5057888718847324,56
2015-06-24,-0.00986929300648626,0.20187616299537475,0.27088842475186103,0.5272760401776991,66
2015-06-25,-0.19218775948841357,0.13149739151838002,0.3752281197567936,0.49327448723325507,66
2015-06-26,-0.024034162449798026,0.1021070672458449,0.22541006086447413,0.6724828687449554,77
2015-06-27,0.2698203529011251,0.42898716868387743,0.19353487133830782,0.37747795626545944,37
2015-06-28,-0.12635651913078672,0.08694607867571441,0.25697077962468295,0.6560604183849964,44
2015-06-29,0.14084394639870523,0.27557405832558873,0.15336944526021679,0.5710564956877628,79
2015-06-30,-0.24530648862521254,0.0940189189730152,0.37764153663048583,0.5283556719491558,64
2015-07-01,-0.361895147632178,0.08549948686846885,0.4705920482937504,0.44390846359334113,59
2015-07-02,0.03683250560769231,0.1970122972729067,0.21722023284168496,0.5857897745374261,55
2015-07-03,-0.16851923783902079,0.11305493248272688,0.30993417032174764,0.5770108990814536,40
2015-07-04,-0.2798378385723151,0.11910950780377305,0.4242507946519502,0.4566052135331877,29
2015-07-05,-0.2345730120519797,0.08603481727456434,0.32043603445474916,0.5935547869083209,39
2015-07-06,0.18773685388632796,0.3311115312449182,0.15307391978283272,0.5157645507502284,67
2015-07-07,0.09478455465860092,0.26107530594456657,0.1852176743628887,0.5536993291185452,66
2015-07-08,-0.3408276127566003,0.04883555372350794,0.4008037547154023,0.5503548085370483,86
2015-07-09,-0.29034171066521,0.06113144738934047,0.3806064913878838,0.5582561089582387,85
2015-07-10,0.013260606061263268,0.09883170910888765,0.13614941630063648,0.7650188720994686,83
2015-07-11,-0.09715622747626075,0.14703684237076248,0.27275689963425725,0.580227533104572,47
2015-07-12,-0.2693478881674579,0.10852290624358825,0.4266307944110462,0.46484630517278397,35
2015-07-13,-0.33643437011276467,0.06451867771485577,0.39122913478414223,0.5442449430678202,71
2015-07-14,0.05912082720683968,0.1515958099478613,0.17383295375551436,0.6746147137206534,69
2015-07-15,0.510673364228188,0.49367299738324844,0.08145247406415133,0.4248631659692661,89
2015-07-16,-0.13441635472564537,0.10915164613029497,0.2803782281286676,0.6104758064797318,92
2015-07-17,-0.3318053918416637,0.08465693543677048,0.453667256855899,0.4616758076876547,73
2015-07-18,0.04818505128532648,0.1779283730455807,0.26781760747454,0.5542825862518378,35
2015-07-19,-0.4155488874132646,0.047042891096149356,0.5301109274455842,0.4228674560526584,48
2015-07-20,-0.2656800561214572,0.0922347153105265,0.42347026385622605,0.4842836572550914,94
2015-07-21,-0.09574768548116606,0.1354467990233599,0.2687132829541384,0.5958399163926873,89
2015-07-22,-0.18873169940752288,0.1475050955222884,0.36781000921552565,0.48471275227199706,89
2015-07-23,0.03324108404906555,0.18137232818600857,0.1768860060417049,0.6417476172496344,91
2015-07-24,-0.3353790718608523,0.08365627535425434,0.44445212803702444,0.4718710488548834,75
2015-07-25,-0.12645995545757982,0.10982240134404928,0.2950067470455315,0.5951952423540557,41
2015-07-26,-0.0840324620358646,0.1297079833038151,0.25817377867301305,0.6121460158526898,36
2015-07-27,0.26482940158585105,0.35515504848823104,0.10354837417510725,0.5412965775624369,100
2015-07-28,-0.17712878618692968,0.07439351052459914,0.2837382831060866,0.6418835118550427,101
2015-07-29,-0.15258689461102087,0.07705666782093801,0.2955287635813842,0.6273963211608001,91
2015-07-30,-0.41745039521221294,0.05898936563847295,0.5032382223891474,0.43776471867605254,66
2015-07-31,-0.11679463613759063,0.21076990406358215,0.33438954020117273,0.4548316267355744,58
2015-08-01,-0.13001343718278102,0.10008578173567852,0.350286398405639,0.5496278223899694,39
2015-08-02,-0.39266323710091056,0.06378300708578455,0.5024676727581238,0.4337374177890165,43
2015-08-03,-0.22068592518641478,0.11828992804494641,0.3566227579932659,0.5250873152989007,73
2015-08-04,-0.018407513862867642,0.14055019209969355,0.17998238128723648,0.6794284678117021,77
2015-08-05,-0.18981748450224925,0.11306634963852467,0.36824633414077396,0.5186408263222168,79
2015-08-06,-0.03930312477777522,0.10359392952362458,0.18571512659055642,0.7107270903716604,83
2015-08-07,-0.09967693028679571,0.1430990306909825,0.3152318168336341,0.541652485959742,77
2015-08-08,-0.27670685390536154,0.13119167187623682,0.4602096368927095,0.4086264712077876,36
2015-08-09,-0.4212379024595414,0.0683455502077545,0.5440518737199275,0.38760257911137064,39
2015-08-10,-0.024024655502047392,0.09266137706786395,0.17853853256991134,0.7288125900711864,80
2015-08-11,0.229420906258302,0.3623078131063738,0.15783551795918288,0.4798636135147057,75
2015-08-12,-0.1146141090491414,0.1799862949319184,0.3129447789810598,0.5070564279729501,82
2015-08-13,-0.24196901223038117,0.0761332304552094,0.385859187130035,0.5380075810792132,74
2015-08-14,0.02852191254455749,0.11012626871772824,0.20371394521426664,0.6861871804705222,73
2015-08-15,-0.14016876054111962,0.12162213008124859,0.3269037111351887,0.551397236590202,39
2015-08-16,-0.3547709409782832,0.06331664507745793,0.4319572830254381,0.5047260696675742,33
2015-08-17,-0.05329500435323399,0.13038091664664886,0.22858106805870637,0.6410255153768203,72
2015-08-18,0.24740620084051257,0.32737246400667674,0.11015879190179637,0.562437996638592,89
2015-08-19,-0.15137891084398708,0.12066738349006072,0.31029519543294887,0.5690819250824032,92
2015-08-20,0.19595440016613325,0.2967327203202506,0.1419092385214643,0.5613833478699382,103
2015-08-21,0.28797460918503587,0.37792342196072803,0.1007200627756922,0.5213447957423283,133
2015-08-22,-0.016094890868824256,0.12438639052223703,0.24792281985259976,0.6276907876335658,65
2015-08-23,0.08724752105158202,0.1294517894147002,0.20722875815903652,0.663278635719601,49
2015-08-24,-0.0951066004299711,0.16357595061043448,0.24908224801010256,0.5872766486987473,167
2015-08-25,-0.33535545618018847,0.05418708359263015,0.4169065103610539,0.5289100822446977,137
2015-08-26,-0.28696399297521596,0.07821288151469855,0.4004516492646892,0.521319478879869,113
2015-08-27,-0.06431728751548091,0.12495479774194712,0.23978677913497906,0.6352329139643542,103
2015-08-28,-0.21696126784303227,0.1330715180187952,0.37901903586182745,0.48794069798784323,82
2015-08-29,-0.21139657009668802,0.09548016153386933,0.33960439120502545,0.5648941750643736,47
2015-08-30,-0.19338680563032629,0.09395496258046479,0.3492192682107911,0.5568757636673748,40
2015-08-31,0.37500952503106794,0.4498455604285954,0.095359291211481,0.4547893348883404,87
2015-09-01,-0.04937866658866406,0.1715802969268523,0.217360005182183,0.611070113354673,98
2015-09-02,-0.1445248078293938,0.1280102080409325,0.32251243522516504,0.5494629750585365,97
2015-09-03,-0.12551015203439692,0.12698028107064466,0.2915219331050416,0.5814977866593997,79
2015-09-04,0.0620967540276216,0.2716140052393079,0.23516391787835292,0.4931915198159714,92
2015-09-05,0.31090190637871207,0.45021826742951654,0.17115524993969333,0.3786264863948855,37
2015-09-06,-0.05231376705698315,0.07357152292527969,0.15785076617273902,0.7685777104141457,43
2015-09-07,-0.17842973642279494,0.07832925322207998,0.31795473432572596,0.6037160092817342,47
2015-09-08,-0.08600032082474544,0.08623794539013975,0.19880142410962207,0.7149501046256015,95
2015-09-09,0.031413223214356356,0.24607762252128962,0.2239243993069333,0.5300079791709145,108
2015-09-10,-0.024508031660457442,0.11138439834445715,0.21863509667158126,0.6699938440914949,75
2015-09-11,-0.22015787213721802,0.09653223306591925,0.3590707231806654,0.5443832805613118,91
2015-09-12,-0.3815126698581112,0.0634909399673516,0.4723640749417418,0.4641449841487546,44
2015-09-13,-0.046789324899199944,0.07937011781384548,0.17441610937971205,0.7462137712852823,46
2015-09-14,0.03222007399335968,0.21471503726169466,0.22817183826833498,0.5571256245369092,84
2015-09-15,-0.16266376779548578,0.09278342279185142,0.31252795981810644,0.5946776280669066,92
2015-09-16,0.1270874661157917,0.14373834452347364,0.1654217117410153,0.6908920277624858,96
2015-09-17,-0.21288077132479233,0.10721348392034279,0.33891690230395866,0.5539063806619714,87
2015-09-18,0.23478389732390642,0.29569903369626566,0.14613910897509896,0.5581687070009235,74
2015-09-19,-0.21338202330312558,0.10782710697927644,0.34984627313954486,0.5423266228348016,35
2015-09-20,-0.12738086980481292,0.057026980719205575,0.20291048210296586,0.7400625328275718,39
2015-09-21,-0.09181778666007405,0.10643033274268875,0.22360260658224995,0.6699670641794611,81
2015-09-22,0.1537482430496483,0.2882379068177145,0.14602602740442985,0.5657295707292371,78
2015-09-23,0.0060276716622816515,0.23630051575537242,0.28086641552166214,0.48283306841030715,72
2015-09-24,0.17702131286325762,0.27673641066071675,0.12744726647215793,0.5958443961156564,88
2015-09-25,-0.027446979940449104,0.13247333024775804,0.22966359377029674,0.6378630764128557,67
2015-09-26,-0.17975802704440222,0.08728780380520555,0.32153249751627444,0.5911796948704454,45
2015-09-27,0.06653544556252998,0.2692317272348668,0.22318946349051866,0.5075674419023773,45
2015-09-28,-0.06131839476190917,0.08944756864608154,0.14097200736403465,0.769519436191661,92
2015-09-29,-0.07261664307958834,0.15110393291543717,0.27082362477551325,0.5780413442256247,84
2015-09-30,-0.2746333022382962,0.06901910598437702,0.3441491939369589,0.5868441999256611,74
2015-10-01,-0.011413659513238573,0.17614511077196954,0.20794123781767565,0.615907158913802,78
2015-10-02,-0.23825796133759902,0.10134471341333864,0.3591195286835219,0.5395132873298412,90
2015-10-03,-0.17658989902780287,0.10184320119395852,0.37995254466620587,0.5181764765431484,36
2015-10-04,-0.25074405115584775,0.09982481534997138,0.3465542323594777,0.5536209527675698,41
2015-10-05,0.04256034492566388,0.18223651167070454,0.19413744334078537,0.623625406814484,99
2015-10-06,0.16811488840354608,0.2271195915039163,0.09423407810037024,0.6786275806983934,82
2015-10-07,0.31826083248016457,0.393108475181806,0.1291594983717446,0.4776820259471837,98
2015-10-08,-0.1357843246214948,0.12236393585775432,0.27421004208844457,0.6034401031505102,93
2015-10-09,0.3270622784896961,0.3766021431513855,0.1076002813283561,0.5157517418570816,74
2015-10-10,-0.08609248477302492,0.12889446407854557,0.2730669488515705,0.5980385801315308,40
2015-10-11,-0.1526021698740311,0.10841603689997766,0.33530362344067544,0.5562386744866769,48
2015-10-12,0.3315357564365061,0.4139500008076593,0.11845655206346087,0.46760196198002324,95
2015-10-13,0.029960458433327047,0.11641432334025098,0.09977558207864112,0.7838050437373947,100
2015-10-14,0.2428632550124383,0.32648614214978045,0.13482696876999523,0.5387113783867231,99
2015-10-15,0.09928815879735123,0.24695718676193576,0.1851445714428454,0.5678803075946867,96
2015-10-16,-0.2740476753134139,0.08410318544309915,0.4062692151868928,0.5096086108139799,81
2015-10-17,-0.4348361476456974,0.06416153683180853,0.52518914789214,0.41068712376581457,42
2015-10-18,-0.2067353926394589,0.0991293660297808,0.3499745147668007,0.5508961180790168,41
2015-10-19,-0.2650923881137425,0.0952442587931436,0.36437811032152034,0.5403837276967107,86
2015-10-20,-0.06249167163511882,0.09023454801623638,0.19781237349750905,0.711922310587993,65
2015-10-21,0.08233145487975949,0.1240599533709775,0.09070089432455133,0.7852391537693639,97
2015-10-22,-0.32824501791273303,0.05783298117584568,0.39833514194572156,0.5438420797626506,100
2015-10-23,-0.16036288590770714,0.1316838185500392,0.3370054673443443,0.531306333151982,101
2015-10-24,-0.06236363469579815,0.09280885644584894,0.19970849114164707,0.7074826531761884,50
2015-10-25,-0.3601701317093956,0.06953815271556377,0.4249197427582927,0.5055525232882859,49
2015-10-26,-0.33138715475470015,0.08101668293600282,0.444630119741985,0.4743403774241033,79
2015-10-27,0.05406853173341718,0.18312948589225866,0.1529171397258518,0.6639482208636618,99
2015-10-28,-0.13554810474840834,0.16336565969703631,0.32082769301687325,0.5158245045564501,89
2015-10-29,-0.26015948485119567,0.08554781239568149,0.37360235538641207,0.5408614621878709,90
2015-10-30,-0.25036718292618576,0.08025241834829035,0.32454931141940363,0.5951692845091008,70
2015-10-31,-0.23793651667051016,0.06258657842315733,0.3258730950936675,0.6114903282061219,40
2015-11-01,-0.3472957215425131,0.10572914922676377,0.46617351941792545,0.42809733362069,38
2015-11-02,-0.26675830290455904,0.09309023672971246,0.389342046127778,0.517587197849464,78
2015-11-03,-0.250641029706932,0.08200417487293221,0.3842404677377589,0.5337386919480668,98
2015-11-04,0.052802427002105724,0.18871545654144695,0.18959041049172215,0.6216941332557904,115
2015-11-05,-0.17469628879561622,0.10562009815598306,0.3212922798087421,0.5730831581778026,114
2015-11-06,-0.3969052289547101,0.061498132842779156,0.5030888617974892,0.4353630071571842,101
2015-11-07,-0.24825699275688667,0.05564010027888328,0.41162171990144164,0.5327456405254443,68
2015-11-08,0.08717986717606926,0.08430055532257619,0.22453103297409313,0.69116840969617,58
2015-11-09,0.06415732997780046,0.1849350255029031,0.19625292488290083,0.6188020356181291,115
2015-11-10,0.013115394916757941,0.13037341806786334,0.16679153378940326,0.7028137725129882,96
2015-11-11,0.048513570854376735,0.1262200894559302,0.18606139665033394,0.6877185092711957,82
2015-11-12,-0.3158484128638481,0.06832959165890545,0.40582748368942023,0.5258231332857473,98
2015-11-13,-0.1884400173008182,0.12776237063043167,0.3345872716521801,0.5376195436285331,88
2015-11-14,-0.3158133285243893,0.10491659874789842,0.37686242727228775,0.5182209680193494,40
2015-11-15,-0.24384732857120034,0.04863541395008563,0.3299007425212861,0.6215038398778439,50
2015-11-16,-0.02765799862553091,0.18623461333635977,0.2405596707854201,0.573230716130225,87
2015-11-17,-0.28541337556001195,0.07460211267694038,0.3857144244071651,0.5396334623065717,95
2015-11-18,0.10663908051644266,0.213648969617188,0.13207938910074535,0.6542916402110457,104
2015-11-19,0.07373152335096546,0.23469243020547353,0.20078245156995528,0.5645126175469014,127
2015-11-20,-0.33288838884639976,0.06947035423923623,0.4346439703583633,0.49589135818894614,90
2015-11-21,-0.09126490034076364,0.12702644545376993,0.26047739230616146,0.6124729054514751,43
2015-11-22,-0.15291861933899478,0.12178335119870513,0.3155019705376999,0.5627146796064321,43
2015-11-23,-0.39064563568116406,0.05561266037646807,0.4634273971812276,0.4809655607808507,90
2015-11-24,-0.2583225398621034,0.07195989544137958,0.3423937448272925,0.5856463588221797,85
2015-11-25,0.006343689094219775,0.06918976966895256,0.15205620715701126,0.7787413659718219,79
2015-11-26,-0.2821219254096079,0.09347109520801383,0.4057158467045783,0.5008239277032407,47
2015-11-27,-0.18247023543759971,0.1332077265891557,0.32683698980453324,0.5399691731354843,74
2015-11-28,-0.08439634716127146,0.13234278434483293,0.30538594001674274,0.5623138295234518,47
2015-11-29,-0.15425235693023673,0.09452927650697529,0.3202905620086406,0.5852158714793623,56
2015-11-30,-0.020493936467543227,0.22184297304234013,0.26632605679670507,0.5118317425662001,89
2015-12-01,-0.013168771895471908,0.09167397216100384,0.1842945959083276,0.7240067417684162,81
2015-12-02,-0.1598388403342002,0.11969701453311876,0.294491157897622,0.5858166251210251,101
2015-12-03,0.020896133626283713,0.08630269835557508,0.13988471598979557,0.7738125856859344,119
2015-12-04,0.32665447195946196,0.35508335670125446,0.1289253133132211,0.5159972845922269,86
2015-12-05,-0.1370099592083225,0.11663090614317094,0.23944478692012092,0.6439243120498517,51
2015-12-06,-0.15610783288936533,0.10328750383676517,0.26267390815470193,0.6340147720319884,42
2015-12-07,-0.09722183648385568,0.08507116038183003,0.21220410797679684,0.702737076199349,82
2015-12-08,-0.3396529059334279,0.06539011902900894,0.4412110805179924,0.4934034291814875,109
2015-12-09,-0.08325538686795726,0.0895958809684962,0.17461974609732303,0.7357626333178386,92
2015-12-10,-0.3698249536680562,0.07067880035573068,0.45050198931790447,0.47880744929646746,86
2015-12-11,-0.14192481981247132,0.08830291684877481,0.26213368904219847,0.6495931565404294,87
2015-12-12,0.1854194182725029,0.3351440156325064,0.14652034204085457,0.5182750039296898,48
2015-12-13,-0.13764481925076366,0.09911323772690127,0.27653968963072617,0.6243674854812573,49
2015-12-14,-0.21586320153943261,0.08630618832740002,0.33364001486683265,0.5800787987673655,82
2015-12-15,0.0907382886130591,0.12281969115518186,0.1861538515217146,0.6910672762155229,98
2015-12-16,0.05399745608910779,0.19995056330849914,0.18246292030350347,0.6176036896159437,111
2015-12-17,-0.23037478768857492,0.0689481489971789,0.3160990295819287,0.6149405253503493,125
2015-12-18,0.08307993713429099,0.25482239018564945,0.19702403199872687,0.5481443680049558,97
2015-12-19,-0.13947031173479432,0.10315728320181371,0.2783234282699414,0.6185401219585911,48
2015-12-20,-0.1658600943973219,0.10088173813497026,0.28122516586562546,0.6179301349680733,54
2015-12-21,0.256283211685521,0.3657643148325776,0.1395153136733723,0.49470129269373264,80
2015-12-22,-0.32941199534902205,0.06687346044687124,0.42162776348820097,0.5115423661667186,79
2015-12-23,-0.24303969861957697,0.06860738683888354,0.362959905971281,0.5683762968080548,79
2015-12-24,-0.13364050134109953,0.06009052037571868,0.3062372717168182,0.6336305480704955,48
2015-12-25,-0.07552607014049824,0.09928114537777084,0.26820195236037436,0.632516904982297,38
2015-12-26,-0.042820991567940246,0.18269215679841072,0.31960095324439974,0.49778006763974336,41
2015-12-27,-0.4542008099182198,0.07066310866334373,0.5678278074704525,0.36149519471861424,37
2015-12-28,-0.13152480867854005,0.09879186349790545,0.2583216721764455,0.6428864690676332,60
2015-12-29,0.13223253977419486,0.27631904947832225,0.19059944073861015,0.5330815117581137,59
2015-12-30,-0.10425101162822498,0.1752663831602782,0.30287868511108385,0.5218129957039991,64
2015-12-31,-0.2631414561513279,0.07887904151676903,0.3430141484617477,0.578114749759483,65
2016-01-01,0.06444592393227877,0.16648873302365344,0.12803127062983619,0.7054928170026113,40
2016-01-02,-0.24624712907271729,0.11809638478947537,0.3666177995764784,0.5153143824858325,35
2016-01-03,-0.14340262176265772,0.08909299141727388,0.36297288590720433,0.5480250332057476,44
2016-01-04,0.2231612889187461,0.33647031992879267,0.14660700398301957,0.5168956491681369,76
2016-01-05,-0.21133621140674222,0.0868519582542358,0.31856316966097803,0.5945692441889551,64
2016-01-06,0.20363833104139104,0.35700069266482704,0.18841300887262696,0.4546029642973517,106
2016-01-07,0.28171980262011903,0.3605643601431219,0.10559746848190688,0.5338575205560825,150
2016-01-08,-0.05599223637951687,0.1878867339388564,0.3122036829620515,0.49987510069908425,91
2016-01-09,-0.00136426402761911,0.13581540060400343,0.22552966463162252,0.6386757644694299,48
2016-01-10,0.033871344041352475,0.14391603670058153,0.1876013593258957,0.6684992749708395,60
2016-01-11,-0.3372678132098127,0.05533249061217348,0.4009656884373708,0.5437128100637878,92
2016-01-12,0.04228148261377743,0.1718895695344778,0.1557101702540337,0.6724002605364813,98
2016-01-13,-0.1798714136741346,0.16660109785841334,0.35839155915159554,0.47501210518301956,108
2016-01-14,-0.17311597146502344,0.11260167759520741,0.3224216720487366,0.5649766497298219,91
2016-01-15,-0.19239186327412455,0.0681911435356951,0.2617366104134232,0.670078102607327,114
2016-01-16,0.3241154708807631,0.45164030706864944,0.1258358655996511,0.4225091210042291,69
2016-01-17,0.03165856130881745,0.12684913577703813,0.22032087749852378,0.6527996858107773,66
2016-01-18,-0.05171986340033295,0.09558955373291086,0.18275398235063514,0.7216564640278078,92
2016-01-19,-0.2521225909014898,0.08450010220737803,0.33035880421997893,0.5851490310562508,127
2016-01-20,0.06001721055143046,0.2551535230750684,0.21268412502363793,0.5321654766655528,162
2016-01-21,-0.1777706012063417,0.08550767685221022,0.2513227318400646,0.6631511879698594,124
2016-01-22,-0.045446750752377224,0.18866992736773736,0.25551349630193276,0.5558256662107327,112
2016-01-23,0.11320848237610842,0.20426334226496823,0.110276777697079,0.685459879859343,74
2016-01-24,0.007142374895742314,0.10246107950886854,0.12329562769004931,0.7742009844353566,66
2016-01-25,0.12501815502598265,0.22628642856849684,0.11631363436725643,0.6574029003816935,101
2016-01-26,0.18473594566856114,0.271764995598793,0.12858666897785095,0.5996626211021628,106
2016-01-27,0.1007000745409997,0.28997565872007347,0.21007752592664655,0.4999273975791669,106
2016-01-28,-0.12345207945785087,0.12317470295867348,0.2621347288450958,0.614685033662729,117
2016-01-29,0.19816386183731993,0.3020705731903295,0.11795698607828427,0.5799974418418092,93
2016-01-30,-0.24010176020300594,0.1078201598277123,0.2917529545134768,0.6004268855945818,58
2016-01-31,-0.07656717223892609,0.10372405848180254,0.23984623072072864,0.6564797076309721,60
2016-02-01,-0.03630397168533211,0.13044447790120522,0.18985419671297418,0.6796898345477964,87
2016-02-02,0.3638502339064814,0.43334790452474725,0.10319817061826586,0.46345892543673517,102
2016-02-03,0.1989475894363982,0.3086717429601649,0.13141115352376675,0.5598871043938398,103
2016-02-04,0.0403256654892928,0.23065665578339853,0.20585397416507345,0.5635018707518976,128
2016-02-05,0.16959994807919995,0.31932045880989596,0.14560278345796873,0.5350949403504079,112
2016-02-06,-0.049929323004917675,0.10800234517197718,0.1912171227223494,0.700780531055819,55
2016-02-07,-0.09184375924540142,0.10752924570441244,0.23742623075626548,0.6550445221273168,62
2016-02-08,-0.012384907436795522,0.20172908697452396,0.24192749441131947,0.5563434190099685,102
2016-02-09,-0.4399485309937208,0.06573577209192775,0.514380824824779,0.41988340366638227,116
2016-02-10,-0.027081452597599375,0.20667208003015855,0.24832455826878355,0.5449956692250111,136
2016-02-11,0.3372939541680939,0.3891639341797106,0.10037632616546291,0.5104433939415676,134
2016-02-12,-0.12839552895735418,0.14277278700475307,0.28996509467359183,0.5672454504067032,122
2016-02-13,-0.08448869449259447,0.10912066803460142,0.2534843625271959,0.6374128223402159,56
2016-02-14,-0.08102354231959692,0.10306072623186091,0.2154731574403467,0.6814661171038947,54
2016-02-15,-0.28561948773478085,0.08427380792438184,0.38468227871001015,0.5310778104591842,62
2016-02-16,-0.3389208371451263,0.07803915476209174,0.44067758449981065,0.4812786299184448,110
2016-02-17,0.005229097888334304,0.1961301118075467,0.2072597504783522,0.5966182002474143,127
2016-02-18,-0.13648792416731517,0.16041999268711854,0.315305000187767,0.5242625066904971,123
2016-02-19,0.03639515489087075,0.25102374007604417,0.22493238265352786,0.5240415581396676,82
2016-02-20,-0.14328752366094674,0.09290841507235612,0.29462186465922885,0.6124882415119144,54
2016-02-21,-0.23440611632355354,0.11108623644994929,0.32859660809265173,0.5603384351641574,47
2016-02-22,0.026840408130836747,0.1342818575279618,0.19071190394257959,0.6750176019753245,88
2016-02-23,0.29552755692506244,0.421522419286154,0.11903015647873869,0.45945918869446306,88
2016-02-24,0.07303514492214594,0.26223643558992205,0.19758036043521793,0.5402006480282648,87
2016-02-25,-0.3289771226241245,0.07426102729965803,0.43354562655929646,0.49218399968297677,108
2016-02-26,-0.3991288238040951,0.05585968834160998,0.4748318794926438,0.4692982267251429,99
2016-02-27,0.11986516309264782,0.17494288544982137,0.18544736521431646,0.6395740378025386,56
2016-02-28,-0.17268822832454422,0.10976965216351826,0.2900070608159313,0.600190496532155,61
2016-02-29,0.15093747609741556,0.3209127371466965,0.1864045713941085,0.49268269135749887,91
2016-03-01,0.16195380005425944,0.28147554345191744,0.16118602911194368,0.5573310288307314,102
2016-03-02,-0.0964738454715806,0.14980701903415788,0.2816951069299809,0.5685024196745546,113
2016-03-03,0.1288690433841775,0.25141716480715465,0.1631260976134533,0.5854817373798229,118
2016-03-04,-0.22279570290122802,0.1021237748443149,0.35185031107887627,0.5459800796840961,121
2016-03-05,-0.0845669458150367,0.09221741459717353,0.2244560270788769,0.6833432271947463,60
2016-03-06,-0.08617398091061039,0.1638336183154024,0.2614430158926795,0.5747233687217036,48
2016-03-07,-0.041592986214213215,0.20511338915424912,0.2659357613333746,0.5289471216423536,118
2016-03-08,-0.12114895200900064,0.14296159996523788,0.2598284624219997,0.5972173998371434,136
2016-03-09,-0.06650386655600649,0.1968912506800526,0.269615909315267,0.5335243563768396,104
2016-03-10,-0.1759559574290392,0.07513492729119867,0.2593728124310812,0.6654802129713884,83
2016-03-11,-0.41853987276798554,0.0681127721194471,0.4654296111795675,0.4664857067351261,90
2016-03-12,-0.0572073545178771,0.1331894581887126,0.2223368127065897,0.6445137265342474,50
2016-03-13,0.09531487395272453,0.1601581520617738,0.2029155003312715,0.63690782681187,54
2016-03-14,-0.29740780319673993,0.06460312133062296,0.38042129038102146,0.5549633933310896,83
2016-03-15,-0.3104592662769744,0.05379193136732298,0.3790236114374008,0.5671902026785174,89
2016-03-16,-0.3119830986794376,0.05212968324759732,0.370344086274861,0.5775392726721972,116
2016-03-17,0.20280832786428613,0.3039024652211647,0.13251324304793544,0.5635424215585478,126
2016-03-18,-0.09561629902704256,0.09472674891223078,0.23789413489579508,0.6673573755835709,92
2016-03-19,-0.10671348180554661,0.12619367165308373,0.25217578090961074,0.6215913299614307,51
2016-03-20,-0.05394058491854735,0.1227958364433275,0.20928547796564842,0.6678998140642103,53
2016-03-21,0.050780151225873926,0.09414000017749324,0.1501392303949183,0.7557413892900613,97
2016-03-22,0.1326327097636916,0.2333941517701278,0.13467429511378082,0.6319273161831211,121
2016-03-23,-0.3155205136476733,0.05332722690604758,0.38565901874920966,0.5609911973970725,136
2016-03-24,-0.3737425283848963,0.08817874148195541,0.46950043653351836,0.44233471151154347,109
2016-03-25,-0.09363456258008317,0.07606553099477484,0.17621299680066443,0.7477134095135234,63
2016-03-26,-0.11923210033054152,0.20972761650567667,0.3161236057251071,0.4741987812875459,37
2016-03-27,0.07626470588235294,0.12376470588235294,0.08705882352941176,0.7892941176470588,17
2016-03-28,0.23752599949261005,0.3496538600833917,0.14350513331805442,0.5068447937788498,133
2016-03-29,-0.03561088729605396,0.11240942141883975,0.16046924488510642,0.7271213333063515,141
2016-03-30,0.055213678378636145,0.1959301762077787,0.14594427560692033,0.6581505478687731,155
2016-03-31,0.3052205392082157,0.33736202164598156,0.06530049406567286,0.5973345771978934,173
2016-04-01,-0.2679456130757879,0.07544622679940528,0.34749412745689257,0.5770629137875598,154
2016-04-02,-0.1614265826788976,0.11585819279902468,0.24787293337265912,0.6362820298481537,76
2016-04-03,-0.053943333383868725,0.06823517686929553,0.12796012790022307,0.8038120488701498,69
2016-04-04,-0.26838863359632636,0.09457748153702628,0.3844142401333527,0.5209957772033029,161
2016-04-05,-0.0590977618020628,0.18211851544139918,0.25939496851862975,0.5584831614494223,151
2016-04-06,0.13322243767057,0.25868118298076864,0.14365184875847448,0.59767041585579,146
2016-04-07,0.12162031611397742,0.23876644688716686,0.15641436976690015,0.6048097508011535,166
2016-04-08,0.020093797867970182,0.09861563890952393,0.14457620345766112,0.7568148688921993,149
2016-04-09,-0.03402723091430308,0.11441214995674398,0.2100148194675383,0.6756256609945966,57
2016-04-10,-0.11079693625688175,0.12363177615406015,0.2506268136767647,0.6257477403323108,80
2016-04-11,0.0375838857797615,0.10793200674510933,0.10996835217922066,0.7821285443655672,173
2016-04-12,0.19337076143606663,0.32206461679579124,0.1659696317572401,0.51196264513383,163
2016-04-13,-0.2098234878468178,0.10387975499071517,0.33918540499969513,0.5569127680809917,188
2016-04-14,-0.06733215945026788,0.19378540822904752,0.2730748045214207,0.53314965570122,155
2016-04-15,-0.010692566159301958,0.09136705102827751,0.1348243970617933,0.773827419746597,159
2016-04-16,-0.14728404606796364,0.10111543537755224,0.2398383049749276,0.6590697880622219,85
2016-04-17,-0.1258475516465861,0.0925400445061021,0.20430968917594397,0.7031502661663432,86
2016-04-18,0.12271350055837107,0.23168244660881657,0.12493607568007514,0.6433814778965103,217
2016-04-19,0.05144761582601591,0.19589578616973724,0.1677593725295137,0.6363198405221022,185
2016-04-20,0.16593854295290927,0.27081648717603934,0.11899622379302259,0.610129223202946,187
2016-04-21,0.288681779637028,0.3466729635175236,0.07394612893544054,0.5793891486170201,184
2016-04-22,0.20281140773991588,0.330845807335171,0.16916730002815555,0.49997390540295084,157
2016-04-23,-0.09239009051637989,0.08746835492828062,0.2232198740160891,0.6893403398764985,70
2016-04-24,-0.01916000744484036,0.24466698993943523,0.3084689091489815,0.4468641018942656,69
2016-04-25,0.18917945731334876,0.3015008887625181,0.13335605586231492,0.5651702849597333,145
2016-04-26,-0.0471730188363631,0.19127086056353793,0.2607992365427581,0.5479334747779583,142
2016-04-27,0.05337532465301162,0.21925108723165648,0.1672005665002135,0.6135483465831362,173
2016-04-28,0.13572263351689084,0.20308239736817776,0.09238146714799025,0.7045416286000183,184
2016-04-29,0.27109130554637223,0.3685666195871026,0.12350145040436677,0.5079129899513766,136
2016-04-30,0.17797543883329522,0.3686573597443689,0.17255477805393085,0.4587950059136642,71
2016-05-01,-0.14492116712899433,0.11639358736077945,0.2460941195691389,0.6375281624789275,63
2016-05-02,0.05373457668751899,0.20544300943026836,0.15954531217537343,0.6350181315024526,146
2016-05-03,-0.22898205206624486,0.0773405371507091,0.3269006883905077,0.5957046421273189,122
2016-05-04,-0.1349962702750216,0.1284898908316344,0.2828114944399893,0.5887019483007491,151
2016-05-05,-0.09748255199033101,0.15642144396821966,0.2617950673871221,0.5818124166547985,117
2016-05-06,-0.11155192670694611,0.1614100532101417,0.3103807186558265,0.5282092280333482,116
2016-05-07,-0.26277373936289955,0.10775118162688815,0.3711401752270758,0.521100170448195,60
2016-05-08,-0.1546007543532054,0.11514095751212704,0.29648393408755463,0.5883306688401434,45
2016-05-09,0.0433801934589681,0.2207814770888341,0.19819689766495374,0.5809961870010092,117
2016-05-10,0.11975710690991155,0.24897293976867305,0.1525544042873329,0.5984726564296122,141
2016-05-11,0.12332494234782679,0.19428339989957985,0.08721179088508642,0.718512216098441,138
2016-05-12,-0.16430361673959748,0.13353660056365796,0.3088248326878708,0.5576601052422477,135
2016-05-13,-0.3097534939579457,0.08844367640075437,0.42377406111500265,0.487815876121364,122
2016-05-14,-0.09045968313195533,0.08396472178267375,0.21605666297914522,0.6999947484914334,62
2016-05-15,-0.13368747176748255,0.10330664789206956,0.2727875979204217,0.6238840086188004,46
2016-05-16,0.08333394549295983,0.2665470037752029,0.19628805828224305,0.5371611501554874,135
2016-05-17,-0.01892887642034552,0.15514521175536017,0.19648450484237234,0.6483423074252194,172
2016-05-18,-0.3479692029720257,0.05792293361385607,0.40603389794951816,0.5360431691086598,178
2016-05-19,-0.13649302017749884,0.07870627942986978,0.19893263294070196,0.7223867272063453,117
2016-05-20,0.015208104395020648,0.10831186309859558,0.16384880374861996,0.7278123043386249,111
2016-05-21,-0.10138340883517968,0.09879118039349424,0.2465069421698504,0.6547165843051146,68
2016-05-22,-0.16010964247468445,0.09418619185371531,0.31435138988395533,0.5915513070477381,45
2016-05-23,-0.05542499637927039,0.15485589591737017,0.24039953636443714,0.6047360929367148,119
2016-05-24,0.06437160309095297,0.14234252199398414,0.14809753180625695,0.7096002673158242,124
2016-05-25,0.04384882965614291,0.08555686719136826,0.06897397956421086,0.8455191543275896,139
2016-05-26,0.03173741769495268,0.23420127981518074,0.20981563516987342,0.5559593261794208,144
2016-05-27,-0.41614732724636916,0.05796146568760631,0.49450641198159445,0.447544026985528,127
2016-05-28,-0.15744877578686728,0.12675618154490204,0.2674172380335237,0.6057914900390203,57
2016-05-29,-0.1283807686380297,0.09630268042931953,0.29081178240068256,0.6129022046282887,60
2016-05-30,-0.26676561712754987,0.10102635070376687,0.4149472309892115,0.4840277349114026,78
2016-05-31,-0.08023866441589017,0.08090733461348867,0.18435047664131912,0.7347571167663406,134
2016-06-01,-0.03998641785125154,0.15008306104632607,0.22619158034685294,0.62375506869101,141
2016-06-02,0.010900573510576168,0.23021524480438663,0.2108722693330261,0.5589235143875411,139
2016-06-03,-0.008036667983245135,0.10763595780181258,0.13598991901814042,0.7563966831002469,133
2016-06-04,-0.08799470703166819,0.12071180292531368,0.22257425189246574,0.6566978189589515,62
2016-06-05,-0.18485565722151748,0.08853842894353395,0.2944091805046741,0.6170523884431371,53
2016-06-06,0.11703181913559636,0.26759341481772286,0.1600765956821265,0.5723299900003054,137
2016-06-07,-0.031769531861553346,0.17966218674633982,0.20257183695108844,0.6177778112255293,174
2016-06-08,0.07294000422995005,0.2329115773507793,0.17599264454940067,0.591106493190463,141
2016-06-09,-0.05357199313298497,0.07265020363849234,0.1471901545179562,0.7801490790338688,143
2016-06-10,0.08746063951832822,0.2135539690838288,0.13256618992586094,0.6538699314327927,151
2016-06-11,0.005823932194176031,0.14676521024953074,0.2653099347717726,0.5878950080133196,67
2016-06-12,-0.18227810805313702,0.09882513511936283,0.2427851876169443,0.6583618957735599,72
2016-06-13,0.22594497321668702,0.31598978534567485,0.12726445498613065,0.5567290916585941,115
2016-06-14,-0.21488922563356994,0.07970360564547214,0.31331580425201505,0.606996581038967,113
2016-06-15,0.01986686362796595,0.205386050551092,0.17183025835169743,0.6227932142947223,143
2016-06-16,0.10348592602968844,0.23054101383269268,0.13234469819261463,0.6371240285141322,156
2016-06-17,-0.3582111457617989,0.05756979822375023,0.41770323697917966,0.5247301486918311,158
2016-06-18,-0.10341229805229869,0.10935555407976451,0.21489250966630977,0.6756971381994552,73
2016-06-19,-0.002223243245344897,0.08059742102932471,0.10778066427466962,0.8116142239930538,66
2016-06-20,0.07129341422419536,0.19607357446254867,0.1325856720493769,0.6713328801176524,130
2016-06-21,-0.24535194521059628,0.06940902155100842,0.3460662299194994,0.5844949239282624,155
2016-06-22,-0.25537616687737863,0.07450834273258035,0.3362198837596188,0.5892751744723745,149
2016-06-23,-0.22784703422911742,0.08302229290813852,0.3194693271372559,0.5975364664490943,164
2016-06-24,0.10973842146497252,0.19756020864458573,0.0850461273555663,0.7174076307541419,345
2016-06-25,-0.06735984275888915,0.10830535057610785,0.1683742842440879,0.7232951136893546,100
2016-06-26,-0.09700835390774531,0.08672129968842493,0.19830090359617025,0.7150152943521738,80
2016-06-27,0.19307741244334162,0.2699107809580839,0.1041602672489195,0.6259162936344083,160
2016-06-28,0.19864827435999394,0.267416242546096,0.07512007344925993,0.6509950125257249,191
2016-06-29,-0.11955692819567888,0.08125880497047205,0.20012969713011491,0.7130714734364666,223
2016-06-30,-0.11773269098703176,0.1413124458879187,0.27029956165371155,0.5800984577455354,227
2016-07-01,-0.022184143831736655,0.2256921690586724,0.24314345574755192,0.5271223490138961,211
2016-07-02,0.13505263157894737,0.1006140350877193,0.07124561403508772,0.8281052631578948,57
2016-07-03,-0.03109642857142858,0.07513333333333333,0.14592261904761905,0.7789678571428571,44
2016-07-04,0.3420907894736842,0.38589429824561405,0.05950307017543859,0.5545776315789475,59
2016-07-05,0.45179444444444444,0.4681354700854701,0.04771410256410256,0.48415042735042735,118
2016-07-06,0.26260165714285716,0.32371371428571427,0.07249685714285714,0.6037685714285714,132
2016-07-07,0.15786783439490445,0.27104203821656053,0.12138343949044586,0.6075777070063695,158
2016-07-08,-0.08542173913043477,0.150663768115942,0.2414554347826087,0.6078807971014494,140
2016-07-09,-0.01837307692307692,0.061865384615384614,0.06113461538461539,0.8769807692307693,52
2016-07-10,0.16451249999999998,0.124875,0.07039583333333332,0.8047083333333335,48
2016-07-11,0.13842427821522313,0.2110971128608924,0.09491259842519685,0.6940305774278216,130
2016-07-12,0.006749101796407193,0.07876047904191616,0.09829341317365269,0.822940119760479,167
2016-07-13,0.18078260869565216,0.25729028985507246,0.08700565217391305,0.6556968115942029,143
2016-07-14,0.102559375,0.2355492424242424,0.16797348484848487,0.5964772727272727,179
2016-07-15,-0.23443808724832216,0.06810906040268457,0.31184135906040267,0.6200495805369126,153
2016-07-16,0.00747368421052631,0.07631578947368423,0.11439473684210527,0.8092368421052631,38
2016-07-17,0.04388720930232558,0.06839767441860466,0.05182441860465116,0.8798011627906976,44
2016-07-18,-0.10263869047619048,0.16377367724867725,0.2663925264550264,0.5698186507936508,193
2016-07-19,0.32371317204301076,0.38012311827956985,0.08640860215053763,0.5335075268817204,187
2016-07-20,-0.17672740740740742,0.09164079365079364,0.30581259259259264,0.6025133862433862,194
2016-07-21,-0.287539592760181,0.07652217194570132,0.37626968325791854,0.5471968325791855,222
2016-07-22,0.01555227272727272,0.18875050505050506,0.1872222222222222,0.6240303030303029,207
2016-07-23,0.039940384615384614,0.08340384615384615,0.07115384615384615,0.8454423076923075,52
2016-07-24,0.10658571428571428,0.10944897959183672,0.08775510204081631,0.8027959183673469,49
2016-07-25,-0.0519455,0.12893,0.2233175,0.6477350000000001,204
2016-07-26,0.08630117924528302,0.22144021226415095,0.16387818396226414,0.6146768867924528,220
2016-07-27,0.1328653896103896,0.2580753246753247,0.1367534632034632,0.6051833333333334,221
2016-07-28,0.23661868686868687,0.2789080808080808,0.07037070707070707,0.6506949494949495,207
2016-07-29,0.33395888888888886,0.3625188888888889,0.05695851851851852,0.5805474074074075,140
2016-07-30,0.11143875,0.2557875,0.16035,0.583825,42
2016-07-31,-0.03312380952380953,0.07301190476190476,0.10938571428571428,0.8176261904761903,43
2016-08-01,0.23255772357723578,0.2956873983739837,0.06024837398373985,0.6440520325203252,126
2016-08-02,0.23061818181818183,0.28967049825174823,0.08540174825174826,0.6249250000000001,151
2016-08-03,-0.06898173515981734,0.12916461187214612,0.2513252283105023,0.619498401826484,152
2016-08-04,0.2612458064516129,0.3076170967741936,0.06554225806451613,0.6268541935483871,160
2016-08-05,-0.13689153225806452,0.127602688172043,0.27711505376344087,0.5952782258064516,130
2016-08-06,0.06717031250000001,0.21289375,0.1640375,0.623053125,33
2016-08-07,0.0752421052631579,0.09847368421052631,0.059,0.8424736842105264,38
2016-08-08,-0.3441530701754386,0.060628947368421046,0.4080050438596491,0.5313923245614035,118
2016-08-09,0.14415724637681157,0.2235923913043478,0.11286847826086954,0.6635224637681161,144
2016-08-10,0.2831144108280254,0.32476640127388534,0.04727388535031847,0.6279820063694268,161
2016-08-11,-0.19491006493506494,0.08097467532467532,0.3034155844155844,0.6156097402597402,161
2016-08-12,-0.0786945711678832,0.1546735401459854,0.2661734945255474,0.5791581660583941,145
2016-08-13,0.020097222222222204,0.07372222222222222,0.09975,0.8265277777777778,36
2016-08-14,0.27344918032786886,0.28912131147540987,0.05372540983606558,0.6571368852459016,62
2016-08-15,0.08209564516129032,0.20241344086021504,0.13536102150537635,0.662220430107527,161
2016-08-16,0.17415957142857144,0.2538364285714286,0.08552214285714285,0.6606492857142858,185
2016-08-17,-0.1035695754716981,0.10681560534591195,0.22270153301886791,0.670482822327044,167
2016-08-18,0.07036879032258064,0.19705685483870972,0.13296491935483873,0.6700125,159
2016-08-19,-0.005548333333333336,0.15952166666666667,0.20360666666666666,0.6368633333333334,160
2016-08-20,0.19703636363636362,0.09225454545454545,0.04447272727272727,0.8632727272727271,55
2016-08-21,0.06809019607843138,0.10988235294117647,0.06907843137254903,0.8209803921568628,51
2016-08-22,-0.21660719424460434,0.07649076738609113,0.3310149880095924,0.5924751199040766,145
2016-08-23,-0.04405592224231465,0.16713019891500905,0.22895415913200723,0.6038855334538878,165
2016-08-24,-0.23488661111111112,0.06448222222222222,0.3424175,0.5931319444444445,229
2016-08-25,0.015414062499999995,0.1731760416666667,0.19053333333333333,0.6362880208333334,198
2016-08-26,0.0058494725738396786,0.18716992163954188,0.20354707655213988,0.60926595840868,251
2016-08-27,0.09210266666666665,0.09177333333333332,0.07278666666666668,0.8354533333333333,75
2016-08-28,-0.13258281249999998,0.063409375,0.2435671875,0.6930078125,65
2016-08-29,-0.005888278145695383,0.16668688741721852,0.20488668874172183,0.628436357615894,156
2016-08-30,-0.05395781250000001,0.1458338541666667,0.21483281250000005,0.6393125,204
2016-08-31,-0.17958098086124405,0.08002757177033493,0.2774894138755981,0.6424820873205741,217
2016-09-01,0.01710101658640985,0.17915181915462813,0.16945663456393795,0.6513825307651151,274
2016-09-02,0.1302351396648045,0.26225539106145257,0.1457091061452514,0.592052122905028,189
2016-09-03,0.1292896551724138,0.11372413793103447,0.09303448275862071,0.793206896551724,58
2016-09-04,0.05384545454545455,0.08190909090909092,0.07420454545454545,0.8438636363636363,44
2016-09-05,0.09951416666666668,0.20815,0.14633333333333332,0.64555,63
2016-09-06,0.17274422619047616,0.279347380952381,0.1141642857142857,0.6064713095238095,173
2016-09-07,-0.13107592857142855,0.1277292857142857,0.26492321428571425,0.607387857142857,179
2016-09-08,-0.13395986394557818,0.1416875850340136,0.28361530612244895,0.574685544217687,199
2016-09-09,-0.08959951219512197,0.15277682926829267,0.22680804878048783,0.62041,210
2016-09-10,-0.07620666666666664,0.08642222222222223,0.09724444444444444,0.8163333333333334,45
2016-09-11,0.022346153846153835,0.09132692307692308,0.07923076923076922,0.8293846153846154,52
2016-09-12,-0.11951025974025975,0.11445411255411256,0.2640549783549784,0.6215112554112554,172
2016-09-13,-0.29282407407407407,0.06265216049382716,0.3498021604938272,0.5875685185185184,168
2016-09-14,-0.06872689161554194,0.10751656441717791,0.20330725971370145,0.6891639059304704,166
2016-09-15,-0.03270372670807452,0.1584754658385093,0.2238114906832298,0.6177375776397516,168
2016-09-16,-0.27658124999999995,0.07514441489361703,0.3447537234042553,0.5800893617021277,196
2016-09-17,0.22394912280701754,0.11261403508771929,0.05952631578947368,0.8278596491228071,57
2016-09-18,0.08171250000000001,0.09665625,0.037875,0.86546875,32
2016-09-19,0.15676165354330712,0.24730976377952751,0.08977259842519686,0.6629194488188976,132
2016-09-20,0.13462114427860697,0.24067388059701492,0.11046616915422885,0.6488549751243782,204
2016-09-21,0.1987772463768116,0.2655963768115942,0.07871449275362319,0.655695652173913,236
2016-09-22,0.19029444444444443,0.26726812865497074,0.08582602339181286,0.6468970760233917,180
2016-09-23,-0.22436023302938196,0.09543338399189463,0.33217902735562316,0.5724018237082067,148
2016-09-24,0.16348979591836738,0.0896530612244898,0.049489795918367344,0.8608367346938777,49
2016-09-25,0.02424651162790697,0.06146511627906976,0.06211627906976744,0.8763255813953489,43
2016-09-26,0.03344625,0.18251875,0.165921875,0.6515625,164
2016-09-27,-0.2649296511627907,0.05042441860465116,0.33875697674418603,0.6108273255813954,175
2016-09-28,-0.2535784003421728,0.07414662104362701,0.3258937981180496,0.5999494439692045,174
2016-09-29,-0.018557628205128206,0.1757476923076923,0.19110230769230768,0.6331503846153845,166
2016-09-30,-0.20137717932752178,0.09628493150684932,0.3035245330012453,0.6001848069738481,157
2016-10-01,-0.30096346153846154,0.06109615384615384,0.3566596153846154,0.5822346153846154,53
2016-10-02,0.054153125,0.094215625,0.0743,0.831515625,33
2016-10-03,-0.2071865891472868,0.07262054263565892,0.3016791472868217,0.625692558139535,134
2016-10-04,-0.2761870443349754,0.059333743842364534,0.35680147783251226,0.5838645320197045,152
2016-10-05,-0.09017411955514365,0.1520095922150139,0.2548666357738647,0.5931078776645042,179
2016-10-06,-0.1352390503875969,0.11069205426356589,0.2503251937984496,0.6389856589147287,178
2016-10-07,-0.06423404471544716,0.18082713414634147,0.23635162601626017,0.5828010162601626,135
2016-10-08,0.14727307692307692,0.21939615384615385,0.08100192307692308,0.699601923076923,53
2016-10-09,0.11103666666666667,0.09979999999999999,0.06003333333333334,0.8402,30
2016-10-10,0.056621592920353986,0.21742938053097344,0.17416884955752213,0.6083917699115045,118
2016-10-11,-0.3243106837606837,0.05603589743589743,0.35857350427350426,0.5853863247863247,120
2016-10-12,-0.0750418103448276,0.15488340517241378,0.22236250000000002,0.6227670258620689,124
2016-10-13,0.10906128731343286,0.2091055037313433,0.12797182835820897,0.6629052238805969,142
2016-10-14,-0.0696376923076923,0.15203653846153845,0.23450576923076927,0.6134576923076924,134
2016-10-15,0.08821739130434782,0.0932608695652174,0.06939130434782609,0.8373478260869566,46
2016-10-16,0.06228478260869566,0.09852173913043479,0.05928260869565218,0.842195652173913,46
2016-10-17,0.14759999999999998,0.2506794871794872,0.11073365384615386,0.6385580128205128,110
2016-10-18,0.17446477272727273,0.2605098484848485,0.09172651515151516,0.647760606060606,143
2016-10-19,0.19969564102564102,0.2765491025641026,0.08131166666666667,0.6421428205128206,161
2016-10-20,0.014958092105263159,0.1671011842105263,0.16674039473684207,0.6661682894736841,157
2016-10-21,0.2077786363636363,0.26376969696969693,0.09950606060606061,0.6367424242424242,119
2016-10-22,0.28105102040816327,0.14263265306122447,0.032530612244897956,0.8248571428571428,49
2016-10-23,0.10556046511627908,0.089,0.05830232558139535,0.8527209302325581,43
2016-10-24,0.0599650987224158,0.21699738675958186,0.1667979674796748,0.6162443089430895,130
2016-10-25,0.23661830065359474,0.2976528758169935,0.08091901960784313,0.6214348366013072,158
2016-10-26,-0.03874243697478992,0.1111485994397759,0.17915742296918769,0.7097190476190477,122
2016-10-27,0.23975224550898203,0.3108216067864271,0.08865289421157685,0.6005374750499002,173
2016-10-28,0.05137382812499999,0.21671562499999997,0.16058515625,0.62268515625,136
2016-10-29,0.3875125,0.351225,0.042975,0.6058125,41
2016-10-30,0.19014358974358972,0.13343589743589743,0.05335897435897436,0.8131794871794872,39
2016-10-31,-0.1348871987951807,0.12472153614457832,0.259089156626506,0.6161832831325301,87
2016-11-01,0.23837536231884057,0.3242588768115942,0.0977538043478261,0.5779873188405797,142
2016-11-02,0.19139265734265737,0.27678071095571094,0.1349721445221445,0.5882717365967366,167
2016-11-03,-0.10718466469428006,0.09535650887573963,0.2315643984220907,0.6730879684418145,175
2016-11-04,0.3441424796747967,0.3726091463414634,0.053917682926829275,0.5734853658536586,127
2016-11-05,0.4401666666666667,0.3882833333333333,0.0279,0.5838277777777777,46
2016-11-06,0.1244,0.08468085106382979,0.04317021276595744,0.8721914893617022,47
2016-11-07,-0.2885364516129032,0.060353387096774194,0.38305596774193545,0.5565925806451613,129
2016-11-08,-0.043724464285714304,0.15885535714285715,0.26779910714285715,0.5733410714285714,148
2016-11-09,0.09064039655996178,0.237872049689441,0.17480277114190157,0.5873205924510272,335
2016-11-10,-0.08879490231990232,0.1374435286935287,0.25162442002442,0.6109180708180708,191
2016-11-11,-0.3072286231884058,0.06039746376811594,0.3921666666666666,0.5474550724637681,144
2016-11-12,0.018525806451612885,0.0969516129032258,0.06369354838709677,0.8393387096774193,62
2016-11-13,0.029563829787234038,0.055170212765957446,0.04793617021276596,0.8969148936170211,47
2016-11-14,-0.14308163265306123,0.12491683673469386,0.2699074829931973,0.6051688775510204,153
2016-11-15,0.2132597193877551,0.284484056122449,0.09243609693877551,0.623088137755102,253
2016-11-16,-0.033872514285714285,0.16208542857142857,0.21715542857142855,0.6207754285714285,257
2016-11-17,-0.2517644679695983,0.06527147122692725,0.346636102062975,0.5880857220412595,313
2016-11-18,-0.30871114427860696,0.0623668656716418,0.3991793034825871,0.5384637810945274,206
2016-11-19,0.062222500000000014,0.07678750000000001,0.048675,0.8745499999999999,80
2016-11-20,0.0035357142857142822,0.048428571428571425,0.06633333333333333,0.8852142857142857,42
2016-11-21,0.24609392523364484,0.31060887850467295,0.07934158878504673,0.6100445482866044,217
2016-11-22,-0.027200668449197836,0.17629645721925133,0.2385695855614973,0.5851366310160429,191
2016-11-23,-0.0701223381294964,0.1405506115107914,0.22271539568345325,0.6367397841726619,149
2016-11-24,-0.26614000000000004,0.052713636363636365,0.36049545454545456,0.586809090909091,56
2016-11-25,-0.22325461538461538,0.05137948717948718,0.30595641025641024,0.6426961538461539,68
2016-11-26,0.07583265306122448,0.08885714285714286,0.07291836734693878,0.8381836734693878,49
2016-11-27,0.07832352941176472,0.12710294117647059,0.0514,0.8214970588235293,35
2016-11-28,0.0658261344537815,0.20792294117647056,0.17484302521008402,0.6172424369747898,124
2016-11-29,-0.21284487179487177,0.07946575091575092,0.3234919413919414,0.5970368131868131,94
2016-11-30,-0.2695292105263158,0.07110447368421052,0.3352218421052632,0.5936671052631579,81
2016-12-01,-0.2069326062639821,0.06413282997762865,0.2954559843400447,0.6403911633109619,155
2016-12-02,0.02897453703703704,0.1877662962962963,0.17202185185185184,0.6402025925925925,118
2016-12-03,0.1258438596491228,0.09649122807017543,0.06778947368421052,0.8356842105263157,57
2016-12-04,0.10618387096774196,0.0919516129032258,0.0592741935483871,0.8488064516129031,62
2016-12-05,-0.1919590285714286,0.08391685714285715,0.29684628571428573,0.6192337142857143,132
2016-12-06,-0.15485849056603773,0.13752853773584905,0.3274206761006289,0.5350195754716982,163
2016-12-07,0.24093,0.28707333333333335,0.06755666666666665,0.64537,31
2016-12-08,-0.40555555555555556,0.053644444444444446,0.459211111111111,0.4871333333333334,9
2016-12-09,-0.4869692307692308,0.0659923076923077,0.5529692307692307,0.38102307692307696,13
2016-12-11,0.2095,0.3117,0.1021,0.5862,1
2016-12-12,0.20098571428571427,0.4203857142857143,0.21942857142857145,0.3601857142857143,7
2016-12-13,-0.6106333333333334,0.023566666666666666,0.6342333333333333,0.34220000000000006,3
2016-12-14,-0.1280142857142857,0.17644285714285715,0.3044142857142857,0.5191285714285714,7
2016-12-15,-0.6041166666666666,0.04175000000000001,0.6458666666666666,0.3123833333333334,6
2016-12-16,0.007744951456310678,0.21305699029126213,0.2078319417475728,0.5791259223300971,108
2016-12-17,-0.029245833333333332,0.10783333333333334,0.15779166666666666,0.7343833333333333,61
2016-12-18,-0.03478017241379311,0.08750172413793103,0.13729568965517241,0.7752620689655173,31
2016-12-19,0.011332894736842122,0.2041811403508772,0.2081688596491228,0.587632456140351,120
2016-12-20,-0.15628452380952382,0.07618928571428571,0.27577261904761907,0.6480297619047619,111
2016-12-21,0.06711870503597123,0.20622500000000005,0.17037943645083933,0.6234027577937649,145
2016-12-22,-0.16417803030303027,0.10813385780885781,0.29302867132867133,0.5988388111888111,149
2016-12-23,0.16036666666666666,0.2460166666666667,0.12857954545454545,0.6254083333333332,116
2016-12-24,0.1662914285714286,0.151,0.059657142857142846,0.7893428571428572,35
2016-12-25,0.1278490909090909,0.09029090909090907,0.08,0.8296545454545454,55
2016-12-26,0.07513255813953491,0.09544186046511628,0.08990697674418605,0.8146744186046512,43
2016-12-27,0.17340875,0.24762895833333334,0.12045354166666666,0.6319070833333333,101
2016-12-28,0.19776319444444443,0.3121513888888889,0.11072499999999999,0.5771416666666667,76
2016-12-29,0.13891703125000002,0.27996515624999996,0.1333934375,0.58663359375,133
2016-12-30,-0.22529249999999998,0.09319000000000001,0.343275,0.5635366666666667,103
2016-12-31,0.17385681818181817,0.12393181818181818,0.06143181818181819,0.8146136363636365,44
2017-01-01,0.1216583333333333,0.10703333333333334,0.05076666666666666,0.8422,60
2017-01-02,0.09894240506329113,0.09836265822784811,0.037401265822784815,0.864229746835443,80
2017-01-03,0.063515625,0.2165859375,0.15716406249999998,0.62625859375,136
2017-01-04,0.19843923371647512,0.24596954022988504,0.07935,0.6746825670498084,154
2017-01-05,0.10352045454545455,0.2316583333333333,0.14722651515151514,0.6211295454545456,171
2017-01-06,-0.09763831168831168,0.13210844155844156,0.2623525974025974,0.6055220779220778,161
2017-01-07,0.10672241379310343,0.11263793103448277,0.08320689655172414,0.8041379310344827,58
2017-01-08,0.11449402985074626,0.1332686567164179,0.07222388059701493,0.7944626865671639,67
2017-01-09,0.09192425925925927,0.22067592592592594,0.16850555555555555,0.6108027777777778,141
2017-01-10,0.09552571428571427,0.23128214285714283,0.1597,0.6090535714285714,147
2017-01-11,0.1611644126984127,0.2674722222222222,0.11471571428571427,0.6178063492063492,184
2017-01-12,0.14748773666092943,0.22380602409638553,0.08808597246127367,0.6881486230636833,173
2017-01-13,0.01889314960629922,0.17836858267716532,0.17069094488188974,0.6509325984251969,137
2017-01-14,-0.190775,0.10622857142857145,0.35884285714285713,0.5349107142857141,29
2017-01-15,0.008937254901960788,0.06576470588235295,0.07384313725490196,0.8603725490196078,51
2017-01-16,0.30306269841269845,0.3435579365079365,0.058100000000000006,0.5984,64
2017-01-17,0.2632550219941349,0.3170440615835777,0.07264963343108505,0.6102821114369501,135
2017-01-18,-0.0027198581560283694,0.17897012411347518,0.21115890957446806,0.6098709663120567,149
2017-01-19,-0.23970833333333336,0.08059305555555556,0.3149652777777778,0.6044583333333333,129
2017-01-20,0.2632907142857143,0.28829404761904764,0.052891666666666656,0.6588273809523809,111
2017-01-21,-0.04957631578947369,0.07542105263157894,0.08944736842105264,0.835157894736842,38
2017-01-22,0.1442653846153846,0.1522692307692308,0.07161538461538462,0.7761153846153847,26
2017-01-23,0.16769880434782608,0.23498239130434784,0.10102760869565217,0.6639954347826087,97
2017-01-24,-0.09979398305084747,0.10463508474576272,0.22181677966101696,0.6735523728813559,123
2017-01-25,-0.19140086021505376,0.07706451612903226,0.28188763440860215,0.6410215053763442,161
2017-01-26,-0.22601200000000002,0.074598,0.328342,0.5970200000000001,130
2017-01-27,-0.2180442733990148,0.07364926108374385,0.3317161330049261,0.5946432266009853,123
2017-01-28,0.03768414634146342,0.10268292682926829,0.07159756097560975,0.8257195121951219,82
2017-01-29,0.139349358974359,0.1646051282051282,0.05868333333333332,0.7767551282051282,81
2017-01-30,0.2876719298245614,0.3234491228070175,0.06722675438596491,0.6093293859649123,196
2017-01-31,0.2759436247723133,0.33161493624772315,0.07070865209471766,0.5976901639344263,314
2017-02-01,-0.07180440573770493,0.14604334016393444,0.22571762295081968,0.6282432377049181,252
2017-02-02,0.24131931372549018,0.2959686274509804,0.07374264705882354,0.6302867647058823,176
2017-02-03,0.23049940059940058,0.3100485014985015,0.08684770229770229,0.6031036463536463,150
2017-02-04,0.412259649122807,0.45516929824561403,0.044296491228070174,0.5005754385964912,58
2017-02-05,0.0439357142857143,0.05360714285714286,0.055253061224489794,0.8910693877551021,50
2017-02-06,0.2940308153477218,0.3534219424460432,0.07976930455635492,0.5667956834532374,145
2017-02-07,0.2486025,0.273536875,0.0552375,0.671221875,165
2017-02-08,0.2922843525179856,0.3236736510791367,0.08931843525179856,0.5870312050359712,143
2017-02-09,-0.07303967289719623,0.12692495327102804,0.2098319626168224,0.6632230841121496,219
2017-02-10,-0.01770818181818181,0.16882939393939395,0.21687212121212118,0.6143075757575757,175
2017-02-11,0.07893913043478261,0.08071014492753623,0.05444927536231883,0.8648550724637681,69
2017-02-12,0.1488625,0.10327083333333335,0.03975,0.8569583333333334,48
2017-02-13,-0.24538409722222224,0.07597736111111111,0.35020944444444446,0.5738201388888889,149
2017-02-14,-0.026686176470588227,0.1665118449197861,0.23170048128342247,0.6017826737967914,197
2017-02-15,0.026873999999999995,0.18628166666666665,0.20270666666666665,0.6110366666666667,156
2017-02-16,0.2565574883449883,0.32374236596736594,0.09210967365967367,0.5841602564102563,167
2017-02-17,-0.057279315068493146,0.1556517808219178,0.24041876712328766,0.603898904109589,151
2017-02-18,0.13803584905660377,0.08462264150943397,0.048132075471698114,0.8672075471698114,53
2017-02-19,0.10502068965517243,0.09201724137931035,0.07175862068965519,0.8362068965517241,58
2017-02-20,0.16279038461538461,0.11425000000000002,0.059865384615384626,0.825903846153846,52
2017-02-21,-0.12990948477751757,0.11577974238875878,0.27038891491022643,0.6138088602654176,190
2017-02-22,0.10609371584699455,0.22282213114754096,0.14841393442622952,0.6287750000000001,189
2017-02-23,0.1687559523809524,0.26315324675324675,0.13625876623376623,0.6005858225108225,237
2017-02-24,0.2952254285714285,0.3447728571428571,0.08502000000000001,0.5701914285714286,180
2017-02-25,-0.039828,0.06232,0.06949999999999999,0.86824,50
2017-02-26,0.103297,0.16469,0.082315,0.753,52
2017-02-27,0.22900768049155149,0.26828241167434713,0.06157849462365591,0.6701372503840247,193
2017-02-28,-0.10582258928571428,0.10976107142857144,0.24409446428571427,0.6461483035714286,234
2017-03-01,-0.13390219844357976,0.11035735408560311,0.2664109727626459,0.6232355642023347,267
2017-03-02,-0.17273622047244092,0.08808123359580053,0.29135161854768155,0.6205714348206474,263
2017-03-03,-0.12891848013816926,0.11904729418537707,0.2664512665515256,0.6145018134715026,202
2017-03-04,0.06150735294117647,0.05942647058823529,0.07198529411764705,0.8686176470588236,68
2017-03-05,0.044187671232876716,0.08295890410958903,0.07883561643835617,0.8381643835616439,73
2017-03-06,-0.032866428571428574,0.1428809523809524,0.20934880952380952,0.6477702380952381,146
2017-03-07,-0.1753475935828877,0.09283857906799083,0.31069178762414057,0.5964794499618029,194
2017-03-08,-0.24092879746835438,0.0763505424954792,0.33768589511754077,0.5859564195298372,165
2017-03-09,-0.12403841172460804,0.11803841172460805,0.2586266189502386,0.6233411042944784,172
2017-03-10,-0.22306289682539684,0.06632321428571429,0.30789682539682545,0.6257748015873016,177
2017-03-11,0.44126,0.4445,0.047461538461538465,0.5080230769230769,66
2017-03-12,-0.16887016129032262,0.10423870967741936,0.3142709677419355,0.5814983870967743,63
2017-03-13,0.1130295,0.2130625,0.1411575,0.6457866666666665,154
2017-03-14,-0.15735493421052632,0.07377875939849625,0.2503308270676692,0.6758706766917293,159
2017-03-15,-0.003110841121495324,0.16701327102803737,0.19804051401869158,0.6349392056074766,224
2017-03-16,0.26933554292929296,0.29928813131313137,0.07606180555555556,0.6246359848484848,185
2017-03-17,0.31792724137931033,0.3617155172413793,0.06690448275862068,0.5713696551724138,150
2017-03-18,0.1005056603773585,0.10877358490566037,0.07626415094339623,0.8149056603773585,53
2017-03-19,0.19952926829268292,0.10258536585365854,0.041146341463414636,0.8563414634146341,41
2017-03-20,0.14616712643678162,0.2226255747126437,0.11140114942528737,0.6659816091954023,151
2017-03-21,0.08483037037037038,0.20557333333333336,0.13767222222222222,0.6567607407407408,140
2017-03-22,0.2670188034188034,0.3401200854700855,0.07712094017094018,0.5827461538461539,120
2017-03-23,-0.18747746478873237,0.07793028169014085,0.27858611670020117,0.6434836016096579,149
2017-03-24,0.1269831290849673,0.24948843954248365,0.15437455065359476,0.596137295751634,161
2017-03-25,-0.2614486842105263,0.08455263157894735,0.38753947368421054,0.5279710526315791,39
2017-03-26,0.10322857142857142,0.08188095238095239,0.05426190476190476,0.8638095238095238,42
2017-03-27,0.17511407657657657,0.26530923423423425,0.11978243243243245,0.61490990990991,154
2017-03-28,-0.1419167009249743,0.08800842754367932,0.28264013360739976,0.6293513874614594,146
2017-03-29,-0.09114789115646257,0.0915448299319728,0.1949153741496599,0.71356,152
2017-03-30,-0.21976464285714292,0.07172214285714285,0.3465342857142857,0.5817614285714285,145
2017-03-31,-0.010755138888888884,0.1650071759259259,0.18926921296296295,0.6457273148148148,143
2017-04-01,0.12814375,0.10171875,0.05996875000000001,0.8383437499999999,64
2017-04-02,0.1386590909090909,0.08487878787878789,0.05389393939393938,0.8612424242424244,66
2017-04-03,0.2552515503875969,0.2987325581395349,0.07675852713178295,0.6245056201550387,135
2017-04-04,0.2202131756756757,0.24759189189189185,0.07156114864864865,0.6808344594594593,152
2017-04-05,-0.12312419354838706,0.12108963133640553,0.2693062980030722,0.6096031490015361,193
2017-04-06,0.14373610465116282,0.24070697674418606,0.11189732558139537,0.6473640697674419,177
2017-04-07,0.13237069620253167,0.25663259493670887,0.11674518987341771,0.6266253797468353,168
2017-04-08,0.12426923076923077,0.08110256410256411,0.05069230769230769,0.8682051282051282,39
2017-04-09,0.17373703703703705,0.09520370370370371,0.041944444444444444,0.8628703703703704,54
2017-04-10,-0.24074774436090224,0.06714022556390978,0.32238458646616536,0.61048984962406,140
2017-04-11,0.17869015151515152,0.2765388888888889,0.10023636363636365,0.6232212121212122,207
2017-04-12,0.17993724747474746,0.2445141414141414,0.09268080808080809,0.6628219696969696,141
2017-04-13,0.20952602484472052,0.2997789440993789,0.08711838509316769,0.6130895652173913,166
2017-04-14,0.15905068493150684,0.10583561643835615,0.0579041095890411,0.8362191780821917,73
2017-04-15,0.014671794871794878,0.13453846153846152,0.10882051282051283,0.7566153846153847,39
2017-04-16,0.1658527777777778,0.14941666666666664,0.061638888888888896,0.7888888888888889,36
2017-04-17,0.23711413288288288,0.29200140765765764,0.08905929054054054,0.6189535472972971,119
2017-04-18,0.03368022388059702,0.18924328358208956,0.1940432089552239,0.6166998507462687,144
2017-04-19,-0.16301395458845785,0.10572833491012298,0.29581433301797544,0.5984264900662252,158
2017-04-20,0.29470735930735936,0.31619285714285716,0.04846277056277056,0.6353476190476192,157
2017-04-21,0.039283456221198165,0.20948294930875577,0.17741105990783412,0.6131235023041475,162
2017-04-22,-0.02109767441860465,0.06190697674418604,0.06141860465116279,0.8766511627906977,43
2017-04-23,0.13530652173913044,0.10013043478260869,0.04797826086956521,0.8519347826086957,46
2017-04-24,-0.2014924209378408,0.08366101417666302,0.304835278080698,0.6115037077426391,138
2017-04-25,-0.21796361954108068,0.09547990377498149,0.3285259067357512,0.5759870466321243,200
2017-04-26,-0.0023507499999999987,0.186985,0.207855,0.60516,204
2017-04-27,0.17355104166666668,0.22180208333333332,0.08082204861111111,0.6973892361111109,201
2017-04-28,0.13437837209302328,0.21402244186046512,0.09260178294573644,0.6933313953488371,139
2017-04-29,0.4636186274509804,0.5017490196078431,0.040397058823529404,0.457863725490196,52
2017-04-30,0.028907843137254904,0.0788627450980392,0.08052941176470586,0.8406078431372548,51
2017-05-01,-0.29323468406593406,0.052177472527472527,0.35517273351648354,0.5926546016483516,215
2017-05-02,0.13263497899159665,0.25828813025210084,0.14118718487394957,0.6005225840336135,242
2017-05-03,-0.04017312499999999,0.15560451923076923,0.20599278846153846,0.6384243269230769,218
2017-05-04,-0.03520417112299463,0.1779264705882353,0.23897406417112296,0.5831040106951872,181
2017-05-05,-0.18641386701662294,0.13164772528433946,0.3194285651793526,0.5489276465441819,136
2017-05-06,0.0751804347826087,0.0745,0.05715217391304349,0.8683260869565217,46
2017-05-07,0.11995901639344263,0.0988032786885246,0.04339344262295082,0.8578196721311477,61
2017-05-08,0.12070243421052632,0.23107927631578945,0.1436279605263158,0.6253105263157895,103
2017-05-09,-0.14348201754385967,0.10249298245614033,0.2643818713450292,0.6331334795321638,177
2017-05-10,0.16592842679127726,0.29382507788161993,0.15180607476635513,0.5543628504672896,220
2017-05-11,0.2350725786163522,0.2979705031446541,0.09816503144654089,0.603855031446541,164
2017-05-12,0.20352006802721087,0.24495884353741498,0.05872801870748299,0.6963029336734694,155
2017-05-13,0.06546666666666666,0.0918125,0.07558333333333334,0.8326041666666667,48
2017-05-14,0.086636,0.08688000000000001,0.045880000000000004,0.86728,50
2017-05-15,0.26905265151515156,0.3174950126262626,0.08306426767676767,0.5994457702020202,107
2017-05-16,0.20483055555555557,0.28232444444444443,0.0988988888888889,0.6187488888888888,159
2017-05-17,0.18618870535714283,0.26424642857142855,0.08320883928571426,0.6525541964285714,234
2017-05-18,0.0986789661319073,0.2415177807486631,0.14709982174688058,0.6113717023172905,193
2017-05-19,0.21669029999999997,0.28204300000000004,0.087762,0.6301955,129
2017-05-20,0.04396981132075472,0.0649056603773585,0.053207547169811326,0.8818867924528301,53
2017-05-21,0.12766818181818182,0.08495454545454545,0.03900000000000001,0.8760454545454546,44
2017-05-22,0.02158883928571429,0.1620767857142857,0.17329375000000002,0.6646017857142856,119
2017-05-23,-0.0870479381443299,0.1308328178694158,0.22597671821305843,0.6431801546391752,103
2017-05-24,-0.045880117449664436,0.16174702181208053,0.21829664429530202,0.6199596895973155,157
2017-05-25,0.1373671052631579,0.2389287280701754,0.14367872807017543,0.617385745614035,158
2017-05-26,0.16792010647010647,0.2785230548730549,0.11792100737100736,0.6035604013104013,122
2017-05-27,0.13742,0.06633333333333333,0.04873333333333334,0.8848333333333334,30
2017-05-28,0.07466857142857145,0.04765714285714285,0.027314285714285715,0.9250285714285715,35
2017-05-29,0.0073243243243243245,0.12162432432432432,0.14712297297297297,0.7312662162162162,39
2017-05-30,-0.10422841269841268,0.13052460317460318,0.2517468253968254,0.6177238095238096,114
2017-05-31,0.05377142857142856,0.17574642857142858,0.14989642857142857,0.6743678571428571,147
2017-06-01,-0.1456181818181818,0.08866001228501227,0.2509288697788698,0.6604190417690418,159
2017-06-02,0.154408608815427,0.27686769972451786,0.13739965564738293,0.585711914600551,127
2017-06-03,0.149992,0.10067999999999999,0.062139999999999994,0.83718,50
2017-06-04,-0.05752857142857143,0.08114285714285716,0.09030952380952381,0.8285238095238096,42
2017-06-05,0.19079026955950032,0.2786216305062459,0.08634783037475344,0.6350386916502302,178
2017-06-06,0.2714082834331337,0.34690109780439127,0.09114815369261477,0.561956736526946,173
2017-06-07,-0.1094742857142857,0.11801964285714286,0.2629325,0.61902,179
2017-06-08,-0.1413011444652908,0.08839990619136961,0.26664446529080676,0.6449483114446529,218
2017-06-09,-0.34662626344086017,0.05876989247311828,0.4103395698924731,0.5308591935483872,377
2017-06-10,0.11814352941176472,0.09150588235294119,0.050835294117647055,0.857635294117647,85
2017-06-11,-0.1807138888888889,0.07009814814814815,0.2770148148148148,0.6528648148148148,55
2017-06-12,-0.2343564606741573,0.06128286516853931,0.30610337078651684,0.6325885767790262,184
2017-06-13,-0.21071468468468468,0.08584752252252253,0.2976027027027027,0.6165414414414414,191
2017-06-14,0.10300185185185186,0.23525975308641978,0.14209,0.6226764197530864,167
2017-06-15,-0.1875409932659933,0.08259096520763187,0.2864341750841751,0.6309808641975309,173
2017-06-16,0.09812959652706843,0.21251721144024516,0.12997773237997956,0.657520837589377,189
2017-06-17,0.06279821428571429,0.075125,0.03825,0.8866428571428572,56
2017-06-18,0.05128125000000001,0.066675,0.047172916666666675,0.8861208333333332,49
2017-06-19,-0.2669117054263566,0.06766441860465115,0.3437148837209302,0.5886268217054264,134
2017-06-20,-0.2416139344262295,0.06738688524590164,0.33377472677595627,0.5988659836065574,189
2017-06-21,0.17473565022421525,0.2791243834080718,0.12358991031390135,0.5972937219730942,227
2017-06-22,0.18536996428571426,0.27450285714285716,0.09988928571428571,0.6256171428571429,207
2017-06-23,0.11297629870129869,0.23125443722943725,0.12792987012987014,0.6408258658008658,160
2017-06-24,0.1562333333333333,0.0812,0.04993333333333332,0.8688666666666668,60
2017-06-25,0.038389999999999994,0.06564,0.09,0.8443400000000001,50
2017-06-26,-0.11487759433962265,0.1112566037735849,0.2372929245283019,0.6514742138364782,215
2017-06-27,0.19450838827838826,0.2773684981684982,0.11157362637362639,0.611058424908425,202
2017-06-28,0.27176377551020403,0.3207813775510204,0.055479846938775515,0.6237538265306123,200
2017-06-29,-0.1805224926253687,0.10130036873156342,0.2897540560471976,0.608975,345
2017-06-30,-0.127523275862069,0.10150810344827586,0.2684467241379311,0.6300451724137932,155
2017-07-01,-0.29943877551020404,0.06626938775510205,0.397665306122449,0.5360857142857143,50
2017-07-02,0.11836976744186047,0.1019767441860465,0.07567441860465117,0.8223023255813954,43
2017-07-03,-0.2246305555555555,0.07018055555555557,0.3130388888888889,0.616812037037037,114
2017-07-04,0.2703398148148148,0.3015935185185185,0.07897129629629629,0.6194166666666667,56
2017-07-05,0.06490398009950249,0.194013184079602,0.13663789386401326,0.6693470978441127,143
2017-07-06,0.15540759689922484,0.2499671705426357,0.11069406976744185,0.6393287596899225,139
2017-07-07,-0.26043255813953486,0.05830121816168328,0.351909357696567,0.5897933001107419,136
2017-07-08,-0.17342105263157892,0.06079473684210526,0.2961236842105263,0.6430552631578947,39
2017-07-09,0.08932432432432431,0.07470270270270271,0.06121621621621622,0.864162162162162,37
2017-07-10,0.08067342615012106,0.21560762711864406,0.16194394673123488,0.6224200968523002,125
2017-07-11,0.09343450000000002,0.24813833333333332,0.15884083333333332,0.59304,154
2017-07-12,0.2861130239520958,0.3230011976047904,0.058370658682634725,0.6186371257485029,171
2017-07-13,0.09159468085106383,0.22714734042553192,0.15274547872340427,0.6201117021276595,192
2017-07-14,0.2794583333333333,0.34256005747126433,0.0893985632183908,0.5680359195402298,180
2017-07-15,0.16875084745762714,0.09942372881355932,0.05088135593220339,0.8496779661016949,59
2017-07-16,-0.3422271186440678,0.06250508474576272,0.43942542372881355,0.49807796610169486,60
2017-07-17,0.25518552631578945,0.32080559210526316,0.0732388157894737,0.6059430921052632,160
2017-07-18,0.15359179894179895,0.2550296296296296,0.12012910052910053,0.6248222222222223,198
2017-07-19,0.11217490958408682,0.22895822784810121,0.13218110307414105,0.6388598553345389,165
2017-07-20,-0.040620634920634925,0.1550100529100529,0.21455264550264547,0.630437037037037,198
2017-07-21,0.26151379310344824,0.34293694581280787,0.09818325123152709,0.5588975369458129,152
2017-07-22,0.003662000000000003,0.0667,0.07502,0.8582599999999999,50
2017-07-23,0.2034049180327869,0.17759754098360658,0.036191803278688525,0.7862852459016393,62
2017-07-24,-0.18122510162601627,0.0753359756097561,0.278804674796748,0.6458684959349593,170
2017-07-25,-0.040024042553191475,0.141991914893617,0.20125085106382978,0.6567672340425532,240
2017-07-26,0.03896943760262726,0.17530999589490967,0.16501639983579638,0.6596686781609196,215
2017-07-27,0.24267593085106384,0.3178983156028368,0.09987353723404255,0.5822290780141843,290
2017-07-28,0.11475033898305086,0.24750203389830505,0.1501254802259887,0.6023729943502825,192
2017-07-29,0.2701322222222222,0.32955,0.05926111111111111,0.6112222222222222,46
2017-07-30,0.06484399999999998,0.09372,0.03418,0.87208,50
2017-07-31,-0.02929148351648352,0.15304615384615383,0.17775164835164833,0.669228021978022,137
2017-08-01,0.11990014285714287,0.2375332142857143,0.12695666666666666,0.6355046428571428,187
2017-08-02,-0.03561809725158562,0.1500431289640592,0.20589735729386893,0.6440551797040169,226
2017-08-03,-0.19493992673992674,0.09922649572649574,0.31024362026862023,0.5905284798534798,248
2017-08-04,-0.21022065677966104,0.09540900423728813,0.29611387711864406,0.60845593220339,244
2017-08-05,0.12224637681159418,0.11344927536231883,0.06101449275362319,0.825536231884058,69
2017-08-06,0.014903846153846153,0.058096153846153846,0.04851153846153846,0.8933769230769231,66
2017-08-07,0.0626266865079365,0.20040337301587302,0.15498363095238096,0.6445993055555556,151
2017-08-08,-0.06034024390243903,0.13939420731707317,0.22258932926829267,0.637998018292683,213
2017-08-09,0.2733655696202531,0.32594898734177213,0.06294348101265823,0.6111120253164557,168
2017-08-10,0.14582341954022987,0.27010028735632186,0.12438390804597702,0.6055237068965518,302
2017-08-11,0.233129797979798,0.31489343434343436,0.08717929292929293,0.5979282828282828,207
2017-08-12,-0.05214561403508772,0.06420964912280702,0.1366219298245614,0.7992035087719298,58
2017-08-13,0.26870462962962965,0.3323925925925926,0.04786851851851852,0.6196888888888888,55
2017-08-14,-0.17357835365853658,0.07334115853658536,0.27369420731707317,0.6529743902439024,168
2017-08-15,-0.18646282828282826,0.10939242424242424,0.31326717171717167,0.5773287878787878,174
2017-08-16,0.04289657635467979,0.18585381773399012,0.1609981527093596,0.6531514778325125,159
2017-08-17,0.21700087991718425,0.2962376035196687,0.08761138716356108,0.6161239648033127,173
2017-08-18,-0.14453712230215826,0.12553374100719425,0.2644989928057554,0.6099708633093525,149
2017-08-19,0.08295,0.104734375,0.0631875,0.8320312500000001,64
2017-08-20,0.05716923076923076,0.07375000000000001,0.03906923076923077,0.8871935897435896,40
2017-08-21,0.02057537593984962,0.18106616541353385,0.16207568922305765,0.6568756892230576,121
2017-08-22,-0.08116911976911977,0.13152683982683983,0.23815353535353534,0.6303196248196248,137
2017-08-23,0.03841598639455782,0.19853537414965988,0.18787108843537415,0.6135976190476191,154
2017-08-24,-0.20477755102040818,0.09452431972789116,0.3054027210884354,0.6000797619047621,153
2017-08-25,0.0729025543478261,0.21786929347826087,0.13986195652173913,0.6422706521739131,123
2017-08-26,0.022341071428571432,0.11783571428571428,0.118925,0.7632392857142857,57
2017-08-27,0.1858470588235294,0.14939215686274512,0.06780392156862745,0.7828235294117647,51
2017-08-28,0.1992022448979592,0.2739191836734694,0.09087857142857145,0.6351971428571428,108
2017-08-29,0.19945847763347765,0.28582575757575757,0.08084920634920634,0.633321645021645,137
2017-08-30,-0.0989847222222222,0.11760185185185185,0.25492037037037035,0.6274759259259259,126
2017-08-31,0.04690710784313725,0.21473504901960783,0.2009166666666667,0.5843593137254903,148
2017-09-01,0.10902632812499999,0.2255759375,0.13696796875,0.63744609375,138
2017-09-02,0.11433965517241379,0.1114655172413793,0.06067241379310345,0.8278275862068966,58
2017-09-03,0.17143157894736843,0.19864736842105263,0.04391447368421053,0.7574315789473685,77
2017-09-04,0.19475767676767677,0.2707590909090909,0.08850353535353535,0.6407247474747475,64
2017-09-05,0.20696435950413222,0.2982542355371901,0.0998217458677686,0.6019053719008264,129
2017-09-06,0.08055674603174602,0.22871984126984124,0.1599468253968254,0.6113222222222222,135
2017-09-07,0.18806543681085666,0.28671908396946566,0.10935576759966073,0.60393278201866,140
2017-09-08,0.24838938564476884,0.3094435523114355,0.09237825425790755,0.5981813260340633,149
2017-09-09,0.0956875,0.10145833333333332,0.06627083333333333,0.8322916666666668,48
2017-09-10,0.07344,0.08869999999999999,0.07132,0.83998,50
2017-09-11,-0.18380811965811966,0.10863333333333332,0.31522393162393164,0.5761482905982906,126
2017-09-12,-0.17173720930232558,0.09017428940568475,0.2750343669250646,0.6347780361757105,138
2017-09-13,-0.08016944444444446,0.18827847222222222,0.26905694444444445,0.5426680555555555,152
2017-09-14,-0.07843415254237286,0.16205954802259886,0.2513398305084746,0.5866119209039548,187
2017-09-15,-0.24369449321628092,0.07011169193934556,0.3170124501197127,0.612885794094174,186
2017-09-16,-0.36328750000000004,0.05844423076923077,0.45345,0.4881153846153846,53
2017-09-17,0.27982551020408164,0.309919387755102,0.03865612244897959,0.6514142857142857,50
2017-09-18,-0.23147579102281088,0.05790014716703459,0.3025433038999264,0.6395421265636497,160
2017-09-19,-0.018560256410256402,0.14998021978021978,0.17984331501831502,0.6701709706959706,188
2017-09-20,0.04868112449799197,0.19511275100401607,0.156976656626506,0.6479286646586345,178
2017-09-21,-0.28608079268292685,0.08687581300813008,0.3789391260162602,0.5341751016260162,176
2017-09-22,0.015386513157894728,0.1723769736842105,0.16952532894736846,0.6581101973684211,160
2017-09-23,-0.2493627272727273,0.05962272727272727,0.34339545454545456,0.5969818181818182,56
2017-09-24,0.06425510204081632,0.0920408163265306,0.08091836734693877,0.8270612244897958,49
2017-09-25,-0.07509210144927538,0.14739731884057972,0.23540000000000003,0.6172099275362319,148
2017-09-26,-0.027479164313946914,0.16368178994918126,0.18863195934500282,0.6476833709768492,172
2017-09-27,-0.16439385342789598,0.10884072104018913,0.2887611702127659,0.6023956855791962,197
2017-09-28,0.05285460784313725,0.16738235294117648,0.11823725490196077,0.7143918300653596,179
2017-09-29,-0.0666486842105263,0.13248684210526315,0.2225233552631579,0.6449993421052631,160
2017-09-30,0.13425740740740744,0.11775925925925926,0.05,0.8321851851851852,54
2017-10-01,0.13108600000000004,0.10123999999999998,0.08214,0.81658,50
2017-10-02,-0.2853682584269663,0.0729770786516854,0.36301067415730337,0.5640238202247191,183
2017-10-03,-0.2641935220125786,0.06878522012578617,0.3542715094339623,0.5769427044025157,164
2017-10-04,0.15824272151898733,0.25797840189873417,0.09844833860759494,0.6435544303797467,166
2017-10-05,-0.011206500000000005,0.1595175,0.1825025,0.6579925,210
2017-10-06,-0.12136812316715542,0.13726627565982405,0.2754344574780059,0.5872960410557184,166
2017-10-07,0.18401964285714287,0.229175,0.0356375,0.7351874999999999,58
2017-10-08,0.11900909090909088,0.08423636363636364,0.08914545454545456,0.8266363636363637,55
2017-10-09,0.1888723484848485,0.26444545454545454,0.10371136363636363,0.6318348484848485,138
2017-10-10,0.2282174642857143,0.28601839285714287,0.08646625,0.6275358928571428,183
2017-10-11,-0.13712524350649352,0.09311846590909091,0.23070389610389613,0.676155073051948,235
2017-10-12,0.22984143683274022,0.29819472864768687,0.08965916370106762,0.6121576957295374,289
2017-10-13,0.068244544431946,0.2205258155230596,0.15292258155230595,0.6265512373453317,268
2017-10-14,0.34868571428571427,0.41711224489795923,0.05165816326530612,0.5312295918367348,50
2017-10-15,0.2925508474576271,0.3167923728813559,0.04951525423728814,0.6336423728813558,60
2017-10-16,0.014947457627118636,0.17218691148775894,0.17477278719397363,0.6530290018832392,186
2017-10-17,-0.12945750980392157,0.1207986274509804,0.2636405882352941,0.6155482352941176,167
2017-10-18,-0.03572541371158393,0.15896725768321512,0.20101625295508274,0.6400085106382978,206
2017-10-19,0.15143111111111113,0.24881944444444443,0.10719166666666666,0.6440027777777778,189
2017-10-20,-0.15482740506329115,0.10323367088607595,0.28730968354430375,0.6094403164556962,168
2017-10-21,-0.06427720588235294,0.07643235294117647,0.16533529411764705,0.7582573529411765,70
2017-10-22,-0.19550374999999998,0.06575,0.28691249999999996,0.6473125,41
2017-10-23,-0.19646251700680273,0.09995755102040817,0.309597074829932,0.5904691836734693,152
2017-10-24,-0.053151389440254077,0.1430528781262406,0.2055496824136562,0.6513972608177849,240
2017-10-25,0.022810571324599706,0.1988297125181951,0.18211501091703058,0.6190511098981077,241
2017-10-26,-0.2070799107142857,0.10161071428571429,0.29399687500000005,0.6044008928571429,238
2017-10-27,-0.03611496293406165,0.17252442450253608,0.21692737026921574,0.610557296137339,244
2017-10-28,0.18809157303370785,0.22313876404494382,0.062287078651685396,0.7145573033707865,91
2017-10-29,0.1403425925925926,0.11764814814814814,0.05707407407407407,0.8252592592592592,54
2017-10-30,0.05439941860465116,0.21725891472868217,0.17089903100775192,0.6118393410852713,221
2017-10-31,-0.20829909090909093,0.10167984189723323,0.3109217391304348,0.5874067193675889,241
2017-11-01,0.1133535962566845,0.231905614973262,0.12712526737967914,0.6409736631016043,237
2017-11-02,-0.003083247320365235,0.1738609964271536,0.18458551012306468,0.6415313021040095,240
2017-11-03,-0.10910209967697278,0.12309930779880018,0.24907445777572682,0.6278231656668205,208
2017-11-04,0.11854705882352941,0.08162745098039216,0.05211764705882354,0.8663137254901961,51
2017-11-05,0.08491600000000002,0.10994,0.06144,0.82866,50
2017-11-06,0.06191797297297297,0.2229971283783784,0.17728733108108108,0.5997217905405404,193
2017-11-07,-0.21799275147928993,0.06253673570019724,0.2974448717948718,0.6400159763313609,175
2017-11-08,0.13781987951807229,0.2541385829030407,0.1342956110154905,0.6115698221457257,256
2017-11-09,-0.10086635964912283,0.16223631578947367,0.25589500000000004,0.5818599122807018,243
2017-11-10,-0.0880961970899471,0.12822276785714284,0.23614161706349204,0.635638740079365,205
2017-11-11,-0.0011830508474576266,0.05605084745762712,0.07054237288135595,0.8734237288135592,59
2017-11-12,0.10436388888888888,0.1634833333333333,0.054941666666666666,0.7816083333333332,47
2017-11-13,-0.0049417553191489355,0.16223475177304963,0.17813173758865247,0.6596274822695036,194
2017-11-14,-0.19383118297042573,0.08656795580110498,0.26857861553461165,0.6448646571335718,198
2017-11-15,-0.06247521929824563,0.1377833333333333,0.2122562134502924,0.6499616959064327,161
2017-11-16,0.07490902777777775,0.1885513888888889,0.14005416666666665,0.6714048611111112,153
2017-11-17,0.12155095108695652,0.2202275815217391,0.14371739130434782,0.6360483695652174,200
2017-11-18,0.3426362068965517,0.3694862068965517,0.044,0.5865051724137931,59
2017-11-19,-0.14370108695652173,0.06838586956521739,0.19601304347826087,0.7356119565217392,48
2017-11-20,-0.02726142857142857,0.14160499999999998,0.19671785714285714,0.6616771428571429,150
2017-11-21,0.09468855491329478,0.20594578034682082,0.13042465317919077,0.6636482369942196,183
2017-11-22,0.15908810975609755,0.24369132791327913,0.10296029810298103,0.6533619918699187,182
2017-11-23,-0.07849041769041769,0.16291732186732183,0.22140761670761672,0.6156727272727273,85
2017-11-24,-0.12343538834951456,0.12545703883495146,0.24750500000000003,0.6269938349514563,113
2017-11-25,0.024952439024390247,0.05657439024390244,0.06099634146341463,0.8824353658536584,83
2017-11-26,-0.08825810810810811,0.17666216216216218,0.2493918918918919,0.5739641891891891,76
2017-11-27,0.1485649421965318,0.24062118497109825,0.09616433526011561,0.6632383815028902,183
2017-11-28,-0.005922676701570682,0.16737568717277487,0.19372454188481675,0.6388945353403142,199
2017-11-29,-0.0595883606557377,0.12958944672131145,0.19511536885245903,0.6753175204918033,313
2017-11-30,-0.18070615176151764,0.07961720867208671,0.25416476964769646,0.6662420054200542,214
2017-12-01,-0.01377125506072873,0.17941275303643725,0.1980906882591093,0.6225006072874494,260
2017-12-02,0.10119750000000001,0.09028749999999999,0.05363749999999999,0.856075,80
2017-12-03,0.03787252747252747,0.08964835164835167,0.06512087912087912,0.8452417582417583,91
2017-12-04,-0.13200884740259738,0.1071082251082251,0.2497568722943723,0.643123538961039,271
2017-12-05,0.051312314356435636,0.19429981435643567,0.1376569306930693,0.668033353960396,210
2017-12-06,0.07311506578947369,0.17989421052631577,0.11238236842105263,0.7077232894736842,157
2017-12-07,-0.030310119047619044,0.13802619047619047,0.2057848214285714,0.6561797619047618,176
2017-12-08,-0.11072251700680273,0.10505761904761904,0.2220090476190476,0.6729367346938777,152
2017-12-09,0.04248125,0.07940625,0.089890625,0.8306874999999999,64
2017-12-10,0.0615590909090909,0.07204545454545454,0.05872727272727273,0.8692272727272726,66
2017-12-11,-0.035036283185840726,0.1274629977876106,0.18296421460176993,0.6895621128318584,121
2017-12-12,-0.10936920731707317,0.1291380487804878,0.2421612195121951,0.628693780487805,174
2017-12-13,0.08820583333333333,0.2204875,0.12572916666666667,0.6537875000000001,124
2017-12-14,0.2472212264150943,0.30606433962264157,0.08777660377358491,0.6061596226415094,111
2017-12-15,0.11630521978021977,0.17240659340659342,0.1126664835164835,0.7149269230769231,33
2017-12-16,0.12734444444444443,0.10507407407407408,0.03303703703703704,0.8618888888888889,27
2017-12-17,0.05936212121212121,0.09310606060606061,0.05207575757575758,0.854878787878788,66
2017-12-18,0.01185308857808858,0.1899222027972028,0.1925869463869464,0.6174601981351981,149
2017-12-19,0.24141304347826087,0.33775797101449273,0.10628115942028984,0.5559608695652174,140
2017-12-20,0.03974367469879518,0.2031432530120482,0.1741363855421687,0.6227324096385543,171
2017-12-21,0.15732122905027934,0.26874371508379885,0.13128645251396645,0.5999448324022346,183
2017-12-22,0.0562471686746988,0.20335686746987952,0.15998710843373493,0.6366239759036145,171
2017-12-23,0.060684615384615385,0.08361538461538462,0.07423076923076923,0.8421153846153846,52
2017-12-24,0.05215666666666666,0.10769999999999999,0.04593333333333334,0.8463999999999999,30
2017-12-25,0.10871111111111112,0.0863888888888889,0.06758333333333334,0.8460555555555556,36
2017-12-26,0.202589898989899,0.2916777777777778,0.12092171717171717,0.5874055555555555,101
2017-12-27,0.25554875,0.27751607142857143,0.07351517857142857,0.6490017857142857,87
2017-12-28,0.22244737394957984,0.29640231092436975,0.11285693277310924,0.5907491596638657,127
2017-12-29,0.14729196428571428,0.158025,0.042068749999999995,0.7999107142857143,113
2017-12-30,0.4269011627906977,0.4308220930232558,0.04030813953488372,0.528796511627907,44
2017-12-31,0.10182884615384614,0.09657692307692309,0.06576923076923077,0.8376538461538462,52
2018-01-01,0.049726000000000006,0.08374999999999999,0.057620000000000005,0.85861,51
2018-01-02,0.31897992424242416,0.3261546536796536,0.0531012987012987,0.6207777056277056,139
2018-01-03,0.26030024509803923,0.32338186274509806,0.06623774509803922,0.6103279411764706,205
2018-01-04,-0.2651337142857143,0.06997476190476191,0.3477290476190476,0.582285238095238,178
2018-01-05,-0.05829117063492063,0.13942222222222223,0.23767470238095237,0.6229063492063491,151
2018-01-06,-0.24964204545454544,0.06632386363636364,0.34590113636363634,0.5878193181818182,89
2018-01-07,0.011672857142857143,0.053142857142857144,0.059957142857142855,0.8868714285714286,70
2018-01-08,-0.26171455696202534,0.07247689873417723,0.3589319620253164,0.5686006329113924,160
2018-01-09,0.0421278125,0.13905,0.09736562500000001,0.7636125,162
2018-01-10,-0.13255641304347826,0.0841475,0.2318642391304348,0.6839928260869566,189
2018-01-11,0.16012183600713012,0.21988832442067738,0.08269460784313726,0.697409046345811,193
2018-01-12,0.12666976744186045,0.23320116279069766,0.11853343023255815,0.6482475290697673,180
2018-01-13,-0.2255967741935484,0.058630645161290317,0.3188193548387097,0.6225258064516129,63
2018-01-14,0.10948076923076923,0.1038076923076923,0.05996153846153846,0.8362692307692309,52
2018-01-15,0.13789794007490636,0.25932191011235955,0.13658614232209737,0.6041310861423221,92
2018-01-16,0.12421622807017545,0.22379605263157898,0.1039938596491228,0.6722330409356724,177
2018-01-17,-0.057265229885057466,0.1649725287356322,0.22231689655172412,0.6127270689655172,184
2018-01-18,-0.02936127450980395,0.1753029411764706,0.21522908496732027,0.6094629084967321,159
2018-01-19,0.05110576923076923,0.1872548076923077,0.15826698717948717,0.6544782051282052,160
2018-01-20,-0.01827121212121212,0.08713636363636362,0.10606060606060606,0.8068030303030304,66
2018-01-21,0.2490582089552239,0.3510033582089552,0.0967544776119403,0.5522496268656716,69
2018-01-22,-0.03830057471264367,0.12111954022988505,0.17356810344827583,0.7053149425287356,180
2018-01-23,0.055234657320872266,0.1896452492211838,0.15237694704049842,0.6579744548286605,220
2018-01-24,0.22290279816513758,0.3108107339449541,0.11031128440366972,0.5789002752293578,223
2018-01-25,0.11961028225806451,0.20320314516129032,0.10261088709677418,0.6941879838709677,258
2018-01-26,0.0014123628691983178,0.13240877637130802,0.15280371308016877,0.714774852320675,242
2018-01-27,0.09138372093023253,0.1052093023255814,0.04893023255813954,0.8458488372093023,86
2018-01-28,0.169746511627907,0.11440697674418605,0.05984883720930233,0.8257441860465116,86
2018-01-29,-0.2323037414965986,0.07655017006802721,0.31586768707482993,0.6075988095238095,199
2018-01-30,-0.08423420138888889,0.091096875,0.1992295138888889,0.7096934027777777,290
2018-01-31,0.037512500000000004,0.17570616438356165,0.15940114155251142,0.6649012557077626,298
2018-02-01,0.16815074626865673,0.21238768656716417,0.058010074626865665,0.7296097014925373,272
2018-02-02,-0.17315820448877803,0.0913749127182045,0.2621977306733167,0.6464286034912718,406
2018-02-03,0.028107913669064753,0.09506474820143884,0.07299280575539568,0.8319280575539568,139
2018-02-04,0.015705063291139243,0.07921518987341772,0.06783544303797469,0.8529620253164557,79
2018-02-05,-0.0381101510067114,0.16467505592841164,0.19174664429530203,0.6435591163310963,602
2018-02-06,-0.09455371268656716,0.1443070895522388,0.23790662313432837,0.6177940298507462,678
2018-02-07,-0.09190523648648648,0.08358141891891892,0.19462263513513514,0.7218033783783784,300
2018-02-08,0.04703320312499999,0.19758723958333332,0.13706796875,0.6653101562499999,387
2018-02-09,0.03925266666666667,0.14553066666666664,0.12676166666666666,0.727705,381
2018-02-10,0.04683813559322035,0.08266949152542372,0.08164406779661017,0.8356694915254237,118
2018-02-11,0.21273521505376344,0.29782526881720434,0.0908018817204301,0.6113728494623656,95
2018-02-12,-0.023958090724441446,0.17804962762356125,0.2186683141503047,0.6032987136086663,218
2018-02-13,-0.33721121076233185,0.05325515695067265,0.40465067264573995,0.5420531390134529,224
2018-02-14,0.16559842161583735,0.24957116104868912,0.10060535045478866,0.6498306313536653,274
2018-02-15,0.05362624472573839,0.17179518987341771,0.12813130801687764,0.7000798312236287,242
2018-02-16,0.17080937198067633,0.24514246376811594,0.08292086956521738,0.671919420289855,212
2018-02-17,0.10815000000000001,0.1008,0.0460625,0.8530875,80
2018-02-18,-0.002061194029850748,0.06589552238805971,0.08286567164179105,0.8512537313432834,67
2018-02-19,-0.04222252252252251,0.14086148648648647,0.21475518018018017,0.6443666666666666,80
2018-02-20,-0.09002143790849675,0.13027450980392158,0.2344924836601307,0.6352392156862745,179
2018-02-21,-0.2573081043956044,0.086625,0.3414229395604395,0.5719548076923077,186
2018-02-22,0.06934514170040486,0.1640882186234818,0.10702708502024291,0.7288927935222671,252
2018-02-23,-0.35134,0.047185,0.4019125,0.5508875,202
2018-02-24,0.0996378787878788,0.08303030303030304,0.058333333333333334,0.8586363636363636,66
2018-02-25,0.07367999999999998,0.06718461538461538,0.05887692307692308,0.8739384615384616,65
2018-02-26,0.2382021978021978,0.2848368131868132,0.05967472527472527,0.6554829670329669,183
2018-02-27,-0.006041588785046723,0.1116822429906542,0.12405794392523364,0.7642574766355139,217
2018-02-28,-0.09611599190283399,0.11772091767881242,0.22521221322537113,0.6570585357624832,253
2018-03-01,-0.15468600000000002,0.113205,0.2635383333333333,0.6232683333333334,303
2018-03-02,0.05629025270758123,0.2504530084235861,0.1941595066185319,0.555387484957882,280
2018-03-03,0.042975,0.09357142857142857,0.05232142857142857,0.8540476190476192,84
2018-03-04,0.05991746987951807,0.10467469879518072,0.05053493975903614,0.8447722891566265,84
2018-03-05,-0.04307893518518518,0.14290999999999998,0.2173326851851852,0.6397842592592593,221
2018-03-06,-0.0945434090909091,0.056595454545454546,0.16912045454545455,0.7743022727272726,222
2018-03-07,-0.12153129921259845,0.13649773622047243,0.2675643700787401,0.5959391732283466,258
2018-03-08,-0.05073379380053908,0.1336927897574124,0.19445700808625335,0.671854986522911,219
2018-03-09,-0.14009830858085812,0.10771654290429043,0.2509582508250825,0.6413219059405941,307
2018-03-10,0.042114049586776864,0.1090413223140496,0.06701652892561985,0.8239834710743802,121
2018-03-11,-0.21650151515151517,0.04686818181818181,0.30365454545454545,0.6494772727272726,34
2018-03-12,-0.07317589285714285,0.1608419642857143,0.23759404761904762,0.601571130952381,218
2018-03-13,-0.04539189291101056,0.13891851432880845,0.20154211915535444,0.6595461538461538,227
2018-03-14,-0.03083112745098038,0.18617696078431373,0.2014049019607843,0.612393137254902,206
2018-03-15,0.013655627705627704,0.15760000000000002,0.16526904761904765,0.6771476190476191,234
2018-03-16,0.023645333333333317,0.223,0.20360666666666666,0.5733600000000001,155
2018-03-17,0.050682812499999993,0.087046875,0.069921875,0.843046875,64
2018-03-18,0.08884603174603176,0.09231746031746033,0.047619047619047616,0.860047619047619,63
2018-03-19,-0.03839571428571429,0.14379645320197043,0.18504871921182267,0.6711423645320196,208
2018-03-20,-0.02426077777777778,0.14079583333333334,0.16792305555555556,0.69129,233
2018-03-21,0.15473980392156866,0.24128882352941178,0.09448960784313726,0.6642315686274509,260
2018-03-22,-0.1609786680911681,0.12173714387464388,0.27849216524216525,0.5997706908831908,355
2018-03-23,0.17200882352941177,0.3297676470588235,0.15629199346405226,0.5139419934640522,308
2018-03-24,-0.05997542372881355,0.07906610169491525,0.16610169491525423,0.7548194915254236,119
2018-03-25,0.025283333333333328,0.081,0.07230208333333332,0.84671875,96
2018-03-26,-0.047657329317269084,0.1296870481927711,0.17232881526104418,0.6979881526104417,255
2018-03-27,0.024659692307692313,0.23235423076923079,0.21399096153846153,0.5536455769230769,329
2018-03-28,-0.010626619644723103,0.13477400731452455,0.15117633228840127,0.714037695924765,325
2018-03-29,-0.224380985915493,0.06836924882629108,0.3084544600938967,0.6231713615023473,216
2018-03-30,0.04309130434782609,0.08873913043478261,0.09545652173913044,0.815771739130435,92
2018-03-31,-0.001705263157894736,0.09903508771929825,0.08547368421052631,0.8154912280701755,57
2018-04-01,-0.04930930232558138,0.06469767441860465,0.10733720930232558,0.8279418604651163,86
2018-04-02,0.1552367537313433,0.26365,0.1023856343283582,0.6339624999999999,272
2018-04-03,-0.17399893992932863,0.10760547703180212,0.30359390459363955,0.5888059187279151,285
2018-04-04,0.017244793814433,0.18580427835051547,0.16233438144329898,0.651865206185567,393
2018-04-05,-0.011037871747211908,0.16837739312267658,0.18411440520446096,0.6474945167286246,277
2018-04-06,0.09366299342105264,0.20526842105263157,0.11079111842105263,0.6839325657894737,312
2018-04-07,0.029978350515463905,0.09512371134020618,0.06871134020618556,0.8361340206185568,97
2018-04-08,0.3934,0.10966666666666665,0.03833333333333334,0.852,3
2018-04-09,0.08830594098883573,0.17535785486443378,0.09845291068580544,0.7261892344497607,215
2018-04-10,0.10837090476190475,0.2345654761904762,0.12724476190476192,0.6381792857142856,307
2018-04-11,0.04337582887700535,0.20291791443850266,0.15991347593582889,0.6371766310160428,192
2018-04-12,-0.156855,0.07555,0.24382058823529412,0.6806573529411764,172
2018-04-13,0.16510566502463053,0.26149926108374383,0.10649267241379311,0.6320129926108374,207
2018-04-14,0.02937962962962963,0.08368518518518518,0.07264814814814814,0.8436574074074075,108
2018-04-15,0.14805925925925928,0.0875679012345679,0.03741975308641975,0.8750123456790124,81
2018-04-16,0.07955942737430169,0.17541026536312848,0.09133994413407821,0.7332608240223464,183
2018-04-17,0.00947543668122271,0.16294699781659389,0.16775054585152838,0.6693127729257642,233
2018-04-18,0.08130386029411764,0.18116097285067875,0.12205698529411763,0.6968004807692307,225
2018-04-19,0.008742282842785356,0.17075929648241206,0.16772709978463746,0.6615429648241206,206
2018-04-20,-0.0983508943089431,0.14601883468834687,0.2349147696476965,0.6190601626016261,214
2018-04-21,0.01563283582089553,0.07237313432835821,0.08086567164179105,0.8467462686567165,67
2018-04-22,0.07840169491525424,0.09618644067796611,0.08572881355932203,0.8181186440677966,59
2018-04-23,-0.0794222727272727,0.13485378787878788,0.22463484848484847,0.6404977272727272,171
2018-04-24,0.1379745283018868,0.2167580188679245,0.10001462264150943,0.6832594339622642,216
2018-04-25,-0.06534333333333332,0.16655064102564104,0.23536153846153846,0.5980897435897436,263
2018-04-26,-0.06289402356902357,0.1432358585858586,0.2111122053872054,0.6456285353535353,303
2018-04-27,0.09868012295081967,0.20910758196721313,0.1276610655737705,0.6632354508196722,248
2018-04-28,0.16622717391304348,0.1135108695652174,0.056065217391304344,0.8304239130434783,92
2018-04-29,0.07609069767441859,0.08736046511627907,0.06840697674418605,0.844186046511628,86
2018-04-30,0.25625846153846155,0.2778615384615385,0.04153461538461538,0.680648717948718,197
2018-05-01,-0.11082846045197743,0.0887225988700565,0.2131984463276836,0.6980747175141242,242
2018-05-02,-0.17983532786885245,0.08603073770491804,0.2764390710382514,0.6375434426229507,311
2018-05-03,0.012891979865771824,0.16310342281879198,0.14989241610738255,0.6870108053691275,303
2018-05-04,-0.13890287769784174,0.10069151079136691,0.2582674100719425,0.6410392805755396,283
2018-05-05,0.030066037735849052,0.09895283018867926,0.0649433962264151,0.8361037735849057,106
2018-05-06,0.05109285714285714,0.07181428571428572,0.05141428571428572,0.8767571428571429,70
2018-05-07,0.10116828054298642,0.25217570135746603,0.162158371040724,0.5856659276018099,226
2018-05-08,0.04034739583333334,0.18867881944444442,0.15326041666666668,0.6580635416666666,296
2018-05-09,-0.15404308062575212,0.08673552948255114,0.2477392900120337,0.6655256016847171,283
2018-05-10,0.24022483660130717,0.29716503267973854,0.08724509803921568,0.6155882352941177,309
2018-05-11,0.0927900291120815,0.15516069868995633,0.08699115720524019,0.757856077147016,235
2018-05-12,0.04370851063829788,0.10235106382978724,0.08251063829787235,0.8150851063829788,94
2018-05-13,-0.025854687499999994,0.07751458333333333,0.12769479166666667,0.7947510416666667,97
2018-05-14,-0.018381165158371033,0.1530879807692308,0.18384403280542985,0.6630657239819004,229
2018-05-15,0.1004760907504363,0.18698760907504364,0.0959427137870855,0.7170915794066317,197
2018-05-16,0.061472222222222234,0.08975925925925926,0.07226296296296296,0.8379777777777776,270
2018-05-17,0.04883453389830508,0.24423177966101697,0.21099152542372882,0.544768220338983,238
2018-05-18,-0.09537629504504504,0.10959588963963963,0.231915990990991,0.658483614864865,230
2018-05-19,-0.31612676056338024,0.06939014084507043,0.37276126760563383,0.5578415492957747,72
2018-05-20,0.07727142857142856,0.11708163265306122,0.07444897959183673,0.8083979591836734,98
2018-05-21,0.02295860544217687,0.15617193877551022,0.1373547619047619,0.706475,251
2018-05-22,0.06140178571428573,0.14724821428571427,0.1095345238095238,0.7432226190476191,283
2018-05-23,0.033674637681159435,0.1870305900621118,0.15462184265010354,0.6583574534161489,328
2018-05-24,-0.024549042792792807,0.1552420045045045,0.18508873873873874,0.6596542792792792,299
2018-05-25,0.07406723300970876,0.21265088996763754,0.16139377022653723,0.6259636731391586,212
2018-05-26,-0.267275,0.0586406779661017,0.3589889830508475,0.582378813559322,119
2018-05-27,0.14317525773195877,0.0940618556701031,0.04091752577319588,0.865,97
2018-05-28,-0.3377298969072165,0.05356649484536083,0.3918373711340206,0.554606443298969,99
2018-05-29,-0.07198289280469898,0.118684140969163,0.20270535976505138,0.6786315712187959,230
2018-05-30,0.17886753300330033,0.22210973597359737,0.04945396039603961,0.7284254537953796,307
2018-05-31,-0.011151964285714295,0.1581982142857143,0.16290357142857143,0.678925,284
2018-06-01,-0.16524147636749867,0.11296524163568775,0.3068435475305364,0.5802039298990972,276
2018-06-02,0.05892990654205607,0.10007476635514019,0.07331775700934579,0.8266261682242994,107
2018-06-03,0.050059000000000006,0.09859,0.06559999999999999,0.8358100000000002,100
2018-06-04,-0.17700233944954127,0.08903660550458715,0.29650275229357803,0.614436880733945,223
2018-06-05,-0.049140418353576236,0.12377955465587046,0.18603650472334682,0.6901859649122808,250
2018-06-06,-0.06282751340482574,0.16463233914209116,0.25305408847184985,0.5823341152815014,377
2018-06-07,0.18983859375000003,0.24252031250000003,0.069934375,0.6875437500000001,323
2018-06-08,0.06691925025329282,0.19709224924012156,0.14311372847011145,0.6597879432624114,335
2018-06-09,0.09277323943661972,0.10417605633802819,0.05338028169014085,0.8424366197183097,142
2018-06-10,0.048346186440677966,0.16594322033898307,0.19824661016949152,0.6358389830508474,119
2018-06-11,0.01240252152521525,0.12408874538745387,0.13609477244772447,0.7398238622386224,274
2018-06-12,-0.16652410447761196,0.0690679104477612,0.26256641791044777,0.6683481343283582,337
2018-06-13,0.05210456403269754,0.13432232061762034,0.11616178474114441,0.7495143732970028,373
2018-06-14,0.0622525,0.21063645833333336,0.17846875,0.610890625,488
2018-06-15,0.12268366228070175,0.23413311403508769,0.10353026315789474,0.6623309210526316,462
2018-06-16,-0.029390624999999997,0.11982473958333333,0.1587484375,0.7213994791666667,131
2018-06-17,0.06892611464968153,0.10434394904458598,0.07718471337579617,0.8184649681528661,157
2018-06-18,-0.22389987834549877,0.0896380778588808,0.3277109489051095,0.5826282238442821,414
2018-06-19,-0.20732327309236948,0.08652915662650601,0.30372361445783136,0.6097562248995984,503
2018-06-20,-0.004776039325842696,0.12272682584269662,0.13681207865168538,0.7404485955056179,449
2018-06-21,-0.22719167400881057,0.09700246696035242,0.3311098678414097,0.5718766519823788,459
2018-06-22,-0.053905,0.15928875000000003,0.22070625,0.620005,405
2018-06-23,0.1198579861111111,0.27917847222222225,0.1703527777777778,0.5504888888888888,147
2018-06-24,0.09306974789915967,0.1112172268907563,0.04245336134453782,0.8463210084033614,120
2018-06-25,0.03103693946188342,0.20813946188340807,0.17339265695067266,0.6184758968609866,450
2018-06-26,-0.05267677536231885,0.18023315217391306,0.23701032608695655,0.5827536231884058,349
2018-06-27,-0.16255,0.08117952622673436,0.23667571912013538,0.6821434856175972,397
2018-06-28,-0.20862433734939753,0.08643771084337348,0.3020039759036144,0.6115803614457831,337
2018-06-29,-0.008557193695983739,0.1600515760040671,0.15716179461108287,0.682797330960854,288
2018-06-30,-0.35422695652173913,0.055115217391304344,0.419904347826087,0.5249391304347826,116
2018-07-01,0.025240909090909095,0.07788282828282829,0.0680020202020202,0.854120202020202,100
2018-07-02,-0.23372916666666668,0.07341717479674795,0.3266474593495935,0.599939430894309,250
2018-07-03,-0.15807293814432988,0.1342703178694158,0.28290910652920964,0.5828041666666668,295
2018-07-04,-0.04333654580152671,0.128968893129771,0.213118893129771,0.6579285305343511,135
2018-07-05,-0.008232212340188994,0.14499071706503613,0.15874630350194552,0.6962571428571427,264
2018-07-06,-0.05795173144876324,0.14122240282685514,0.20128056537102473,0.6575087985865724,288
2018-07-07,0.08128487394957981,0.10147899159663866,0.0717310924369748,0.8267394957983194,119
2018-07-08,0.1481171568627451,0.14737549019607843,0.03798921568627451,0.8146205882352942,103
2018-07-09,-0.02404774436090226,0.12683834586466167,0.1584575187969925,0.7146966165413534,267
2018-07-10,0.09052405247813411,0.1934707725947522,0.12988185131195334,0.676651749271137,345
2018-07-11,-0.2346125174825175,0.0714006993006993,0.30759307692307697,0.6210022377622377,291
2018-07-12,-0.07217500000000002,0.11417972972972973,0.18889222972972972,0.6969179054054055,304
2018-07-13,-0.24276264591439686,0.06533813229571984,0.329068579766537,0.6056007782101168,259
2018-07-14,0.0925,0.10383783783783786,0.07721621621621623,0.8189369369369368,111
2018-07-15,0.15926403508771933,0.11016666666666668,0.05098245614035088,0.8388771929824562,114
2018-07-16,-0.03144550173010381,0.09575519031141869,0.1476084775086505,0.7566279988465974,295
2018-07-17,-0.016412987987987987,0.11804264264264264,0.16727792792792792,0.7147119369369369,335
2018-07-18,-0.09133859649122807,0.12774235588972432,0.2630812030075188,0.609154135338346,269
2018-07-19,0.04421737012987012,0.20071396103896105,0.18083685064935065,0.6184443181818181,312
2018-07-20,-0.15234494949494948,0.07642218013468013,0.2553818181818182,0.6682253367003367,301
2018-07-21,0.14439292929292927,0.09813131313131311,0.07165656565656565,0.8301919191919191,99
2018-07-22,0.08258545454545453,0.12057272727272729,0.08543636363636363,0.7940272727272726,110
2018-07-23,0.09489374225526642,0.25199857496902106,0.1649241016109046,0.5830847583643122,272
2018-07-24,-0.11628246672856701,0.1005843701640359,0.22391320024760136,0.6755163107397091,368
2018-07-25,-0.09651595281306714,0.12594402903811253,0.23972141560798546,0.6343400181488204,556
2018-07-26,-0.1620321774193548,0.11769865591397849,0.2857924731182796,0.5965053763440862,626
2018-07-27,-0.09984273100616017,0.12226911704312114,0.24164484599589325,0.6361019301848049,492
2018-07-28,0.0700632911392405,0.110126582278481,0.08365189873417721,0.8062088607594937,158
2018-07-29,0.12898017241379311,0.10993965517241379,0.06776724137931034,0.8223189655172415,116
2018-07-30,-0.06443787878787878,0.12625833333333333,0.1857080808080808,0.6880435606060606,400
2018-07-31,0.25592019660411086,0.30543775692582664,0.06499119749776586,0.6295723860589812,376
2018-08-01,-0.2619695035460993,0.07359515366430261,0.35572541371158395,0.5706841607565014,424
2018-08-02,-0.18105528473804103,0.10966177676537583,0.3160380865603645,0.5742710250569475,444
2018-08-03,0.19662108215707566,0.26629636264929424,0.09272086500180962,0.6409876583423815,316
2018-08-04,0.05885333333333334,0.07640666666666665,0.059873333333333334,0.8637466666666666,150
2018-08-05,0.03705555555555555,0.08572649572649572,0.05685470085470087,0.8574358974358974,117
2018-08-06,0.053207515576323985,0.1587460280373832,0.13930146028037382,0.7019493574766354,329
2018-08-07,0.02284569892473117,0.158865770609319,0.14921415770609317,0.6919462365591398,561
2018-08-08,0.10698505542359463,0.21071001583531274,0.1334859263657957,0.6558004750593824,427
2018-08-09,0.052790950069348135,0.2008849167822469,0.1633009015256588,0.635829680998613,419
2018-08-10,-0.036298118279569885,0.1394032258064516,0.19734408602150538,0.6632327956989248,313
2018-08-11,0.033004878048780495,0.09002439024390244,0.06552845528455285,0.8444959349593495,123
2018-08-12,0.05839677419354838,0.09851612903225808,0.08226612903225806,0.8192016129032259,124
2018-08-13,-0.06124114761092149,0.16004069965870307,0.2183035196245734,0.621655204778157,301
2018-08-14,0.04291157270029673,0.18965100890207717,0.15394810089020772,0.6564134718100891,342
2018-08-15,-0.2079649847094801,0.059021941896024464,0.28959908256880734,0.6513801223241591,439
2018-08-16,0.1855530201342282,0.23561230425055926,0.06999026845637583,0.6943713087248322,449
2018-08-17,-0.1736271653543307,0.09183228346456693,0.2903835958005249,0.6177854330708661,382
2018-08-18,-0.02747599999999999,0.09550666666666664,0.09895333333333334,0.8055066666666668,150
2018-08-19,0.05680287769784173,0.0713884892086331,0.08393525179856114,0.8446618705035972,139
2018-08-20,0.11014977628635345,0.23469871364653244,0.15077606263982102,0.6145168344519015,304
2018-08-21,-0.02131040100250627,0.1406284461152882,0.16961854636591478,0.6897725563909775,292
2018-08-22,-0.04605154761904762,0.1713456349206349,0.2355501984126984,0.5930994047619047,319
2018-08-23,-0.017215254777070046,0.15992732484076436,0.21590579617834393,0.6241505095541402,319
2018-08-24,0.11820561465721038,0.23609683806146572,0.14082656619385345,0.6230710401891253,385
2018-08-25,0.04882094594594595,0.08849324324324326,0.07617567567567568,0.835337837837838,148
2018-08-26,0.16417441860465115,0.1252558139534884,0.06115503875968992,0.8135658914728682,129
2018-08-27,0.2732340527577938,0.30145491606714625,0.05643956834532374,0.6421341127098321,419
2018-08-28,0.04766979238754325,0.1437345328719723,0.11484249134948099,0.7414029757785467,294
2018-08-29,-0.0348382951653944,0.13329071246819338,0.19108358778625956,0.6756526717557252,396
2018-08-30,-0.0891712121212121,0.12000039682539683,0.22950241702741703,0.6504849927849927,403
2018-08-31,-0.12058531553398058,0.10938199838187702,0.2593470469255663,0.6312786003236247,313
2018-09-01,-0.25321771653543307,0.07346456692913386,0.3456629921259842,0.5808685039370078,128
2018-09-02,-0.018673381294964025,0.08388489208633093,0.09779136690647482,0.8183525179856116,139
2018-09-03,-0.13465530303030304,0.1409780303030303,0.3094613636363637,0.5495598484848484,171
2018-09-04,-0.10558409090909089,0.13585426136363637,0.25648693181818183,0.6076559659090909,360
2018-09-05,-0.09081400203665987,0.16395118805159536,0.2586748642226748,0.5773741344195519,497
2018-09-06,0.17601681636726546,0.2503189870259481,0.07714947604790418,0.6725445109780437,505
2018-09-07,-0.1638875502008032,0.10657148594377511,0.2819444779116466,0.6114696787148596,504
2018-09-08,0.006415384615384609,0.06907692307692309,0.07178846153846155,0.8591282051282051,156
2018-09-09,0.1476780701754386,0.11021929824561404,0.04124561403508772,0.8485701754385964,114
2018-09-10,-0.1495066287878788,0.09964867424242424,0.26338825757575757,0.6369416666666665,272
2018-09-11,-0.029547916666666667,0.17353846153846153,0.22498397435897435,0.6014759615384616,314
2018-09-12,0.15033016241299305,0.1912977958236659,0.05387082366589327,0.7548029002320187,433
2018-09-13,0.07841543778801843,0.10716359447004609,0.07288248847926267,0.8199654377880183,434
2018-09-14,-0.0312114973262032,0.1282992869875223,0.19101550802139036,0.6806838680926914,380
2018-09-15,0.15440188679245284,0.11557861635220128,0.052930817610062894,0.831490566037736,159
2018-09-16,0.1331925925925926,0.11056296296296297,0.055748148148148144,0.8336814814814817,135
2018-09-17,0.0729457147696477,0.19541302506775068,0.1389356029810298,0.6656549119241193,377
2018-09-18,-0.09634069212410501,0.09349776252983294,0.20391196300715989,0.702590274463007,423
2018-09-19,0.1766720864661654,0.26352434210526315,0.10006174812030075,0.6364173402255637,540
2018-09-20,0.129925,0.21467194444444443,0.11123444444444441,0.6741138888888889,454
2018-09-21,0.21534577922077924,0.3061773133116883,0.10729488636363638,0.5865221185064935,359
2018-09-22,0.07893333333333334,0.07790476190476191,0.07004166666666667,0.8520714285714287,168
2018-09-23,0.069344776119403,0.17493805970149254,0.11938631840796018,0.7056644278606964,137
2018-09-24,-0.16280890784982935,0.1199981228668942,0.30746563139931743,0.5725413651877133,298
2018-09-25,0.04985509554140129,0.1752150743099788,0.161971974522293,0.662829617834395,317
2018-09-26,-0.077406419939577,0.07804206948640485,0.1849141238670695,0.7370688066465256,333
2018-09-27,0.03351359989648034,0.16044303830227746,0.13831422101449276,0.7012385998964804,491
2018-09-28,0.06177067075137054,0.19034030957755563,0.1545747823282812,0.6550935504675911,450
2018-09-29,0.0721723076923077,0.10208205128205128,0.07211794871794872,0.8257794871794871,195
2018-09-30,0.09227102272727272,0.08829545454545454,0.07420454545454545,0.8374829545454545,176
2018-10-01,-0.21766276029055687,0.07383401937046005,0.3176557142857143,0.6085005811138015,418
2018-10-02,0.282436040609137,0.33223984771573606,0.073301269035533,0.594508883248731,395
2018-10-03,0.13208149560117302,0.2523358651026393,0.14337287390029327,0.6042885923753667,346
2018-10-04,-0.02120418660287081,0.16207023239917978,0.19773034859876965,0.6402125427204375,425
2018-10-05,-0.10770606557377052,0.09677651053864167,0.2232841920374707,0.679937494145199,432
2018-10-06,0.0969939393939394,0.10387878787878789,0.08312878787878787,0.813,132
2018-10-07,0.12370462962962965,0.09862962962962964,0.059814814814814814,0.8415555555555556,108
2018-10-08,-0.1951253355704698,0.07463624161073826,0.29587894295302014,0.6294598154362416,302
2018-10-09,-0.06281747412008279,0.13248457556935817,0.223272049689441,0.6442291925465837,352
2018-10-10,0.011801047421731117,0.1609611302946593,0.1623235267034991,0.6767162638121547,551
2018-10-11,0.05432368932038836,0.21597990291262137,0.15305456310679613,0.6309855339805828,520
2018-10-12,0.044295798718253024,0.19552767624020886,0.1693176477569428,0.6351592214573938,394
2018-10-13,0.04771666666666668,0.10232758620689655,0.079316091954023,0.8183735632183907,174
2018-10-14,0.031084666666666674,0.07141333333333333,0.057113333333333335,0.8714866666666667,150
2018-10-15,0.16964996062992127,0.23365330708661416,0.10481362204724409,0.6615130708661418,259
2018-10-16,0.25738705673758866,0.3073196808510638,0.07446524822695036,0.6181882978723405,284
2018-10-17,0.01519298445202882,0.1587950701554797,0.1661736632536974,0.6750385286310201,302
2018-10-18,0.13726045150501673,0.20768411371237455,0.08859857859531772,0.7037173076923076,301
2018-10-19,0.0015599567099567155,0.17626835016835019,0.17788544973544976,0.6458340067340067,304
2018-10-20,0.11096176470588237,0.09730882352941178,0.051375000000000004,0.8513455882352943,136
2018-10-21,0.05081985294117647,0.08416176470588235,0.062308823529411764,0.8535367647058822,136
2018-10-22,0.15796370044052865,0.20232493392070483,0.0568615859030837,0.7408146696035243,232
2018-10-23,0.12457362068965519,0.23765511494252872,0.12678827586206898,0.6355551724137931,353
2018-10-24,-0.012938877822045145,0.1657379150066401,0.19618884462151395,0.6380712483399733,505
2018-10-25,0.16084777432712216,0.27042148033126295,0.11646407867494823,0.613117546583851,489
2018-10-26,0.08333489417989419,0.24649608465608464,0.1738315873015873,0.5796889417989417,388
2018-10-27,0.3116372023809524,0.33544285714285715,0.03895178571428572,0.6255964285714287,171
2018-10-28,0.011275238095238095,0.20128809523809524,0.21283571428571427,0.5858857142857143,106
2018-10-29,0.20806805555555558,0.2945875,0.10033169191919192,0.6050883838383838,202
2018-10-30,-0.06777403846153847,0.14355641025641025,0.22351858974358976,0.6329644230769231,316
2018-10-31,0.06737065337763012,0.16239939091915837,0.11509534883720929,0.722510465116279,265
2018-11-01,0.15193329081632656,0.22476381802721085,0.09728511904761905,0.6779499149659863,302
2018-11-02,0.008714307851239673,0.17520506198347108,0.17377949380165292,0.6510008780991735,250
2018-11-03,0.11912264150943398,0.12210377358490565,0.05227358490566038,0.8256509433962265,106
2018-11-04,0.09794761904761906,0.09698809523809523,0.040940476190476194,0.8620833333333332,84
2018-11-05,0.13207036541889483,0.20564688057040997,0.10736916221033868,0.686975623885918,193
2018-11-06,-0.006082808988764059,0.15114943820224722,0.18467516853932583,0.664191011235955,183
2018-11-07,0.4450056640625,0.419251953125,0.031291796875,0.54947734375,258
2018-11-08,-0.08068499999999998,0.09612361344537815,0.21316042016806724,0.6907301680672269,243
2018-11-09,-0.18100656614785993,0.0724600194552529,0.2802343385214008,0.6473181420233463,261
2018-11-10,-0.26088109243697477,0.09751176470588235,0.37572647058823533,0.5267701680672269,120
2018-11-11,0.03979090909090909,0.09227272727272728,0.08148051948051949,0.8261948051948053,77
2018-11-12,0.10610672468354432,0.1986696466244726,0.11417178270042191,0.6871690400843882,245
2018-11-13,-0.09456326530612244,0.15205714285714286,0.26772959183673467,0.5802173469387756,252
2018-11-14,0.03750936302681994,0.16913874521072797,0.1528089559386973,0.6780621647509578,241
2018-11-15,0.15403823412698414,0.2506045634920635,0.0875343253968254,0.6618626984126984,289
2018-11-16,0.10701093272171254,0.2237020642201835,0.12837301223241593,0.6479203363914373,224
2018-11-17,0.0794701612903226,0.11566935483870965,0.05835483870967743,0.8259596774193548,124
2018-11-18,0.12178865979381442,0.2335737113402062,0.12310773195876289,0.6433582474226804,98
2018-11-19,0.05880384615384615,0.19558434829059826,0.1411650106837607,0.6632526175213675,242
2018-11-20,-0.05085226973684209,0.18109368421052635,0.2510226973684211,0.5678969078947368,309
2018-11-21,0.06874451754385964,0.21287160087719298,0.16212510964912283,0.6250014254385966,236
2018-11-22,0.029696666666666677,0.19241785714285714,0.18547500000000003,0.6221309523809524,143
2018-11-23,0.23273392857142855,0.25051190476190477,0.0399952380952381,0.7095297619047619,170
2018-11-24,0.09111956521739131,0.08404347826086957,0.05976811594202899,0.8562101449275363,138
2018-11-25,0.09682323232323232,0.097010101010101,0.062040404040404035,0.840929292929293,99
2018-11-26,0.1382423611111111,0.1878784722222222,0.09504236111111111,0.7170847222222222,148
2018-11-27,0.11223021038790269,0.19528809993425375,0.12046061801446417,0.684251282051282,178
2018-11-28,-0.08984099137931033,0.08597896551724138,0.2027223275862069,0.7112958620689656,242
2018-11-29,0.054983743016759797,0.1839949441340782,0.15750505586592178,0.658508379888268,189
2018-11-30,0.0027808021390374367,0.12626636363636365,0.13615524064171125,0.7375630481283422,192
2018-12-01,-0.3291513636363636,0.07216818181818183,0.42865909090909093,0.49916363636363636,111
2018-12-02,0.09553649635036496,0.1188029197080292,0.06965693430656936,0.8115547445255475,137
2018-12-03,0.09637917012448133,0.1764554356846473,0.10261157676348548,0.720965062240664,246
2018-12-04,0.19217252252252254,0.26106299871299876,0.07814298584298585,0.6607940154440155,262
2018-12-05,0.27663726580796255,0.30577523419203745,0.049952751756440275,0.6442771077283374,251
2018-12-06,-0.051666286644951126,0.1654866042345277,0.2099193811074919,0.6245842426710098,311
2018-12-07,0.0596365350877193,0.18469013157894737,0.14880570175438596,0.6665344298245612,289
2018-12-08,0.3367205882352941,0.3570375,0.034866176470588234,0.6081000000000001,137
2018-12-09,0.010816336633663368,0.0618519801980198,0.06021930693069308,0.8778886138613861,102
2018-12-10,-0.060650983606557386,0.13824513661202184,0.19826497267759563,0.663498087431694,188
2018-12-11,0.1678514192139738,0.27248875545851525,0.13379989082969432,0.5937004366812226,231
2018-12-12,0.250507705479452,0.2956082191780822,0.06568458904109589,0.6387179794520548,296
2018-12-13,-0.13976004273504272,0.08459700854700855,0.25465950854700853,0.6607602564102564,238
2018-12-14,-0.08071111111111111,0.11676333333333333,0.2127988888888889,0.6704299999999999,230
2018-12-15,0.0451101851851852,0.08639814814814814,0.09412962962962963,0.8194814814814815,108
2018-12-16,0.06020270270270271,0.10941891891891892,0.057648648648648645,0.8329324324324324,74
2018-12-17,0.010505354058721928,0.16291381692573403,0.16880967184801382,0.6682635578583767,196
2018-12-18,-0.12322305825242717,0.1056888349514563,0.24561990291262137,0.6486839805825243,207
2018-12-19,-0.013295802919708027,0.15175291970802918,0.15922208029197082,0.6890408759124087,276
2018-12-20,0.0772105,0.18124022727272726,0.12342318181818182,0.6953654545454545,279
2018-12-21,0.08278179104477612,0.23418880597014927,0.1522589552238806,0.6135522388059702,336
2018-12-22,0.08227710280373833,0.11133177570093458,0.06781308411214954,0.8208504672897196,214
2018-12-23,0.10305984848484848,0.0928030303030303,0.05968181818181818,0.8475075757575757,132
2018-12-24,0.028595980707395507,0.19873344051446945,0.18784662379421221,0.6134183279742765,312
2018-12-25,0.3618142512077295,0.3991582125603865,0.05415434782608696,0.5467269323671498,209
2018-12-26,0.17812199312714777,0.26653333333333334,0.10242319587628866,0.6310567010309279,294
2018-12-27,0.02321707317073171,0.09095121951219513,0.07873170731707317,0.8303240418118467,287
2018-12-28,0.41521868932038836,0.442252427184466,0.04912766990291262,0.5086868932038835,207
2018-12-29,0.1016386554621849,0.09349579831932772,0.08373949579831932,0.8227394957983194,119
2018-12-30,0.04220560747663551,0.08062616822429905,0.07757943925233644,0.8417476635514016,107
2018-12-31,0.05344294478527607,0.10987116564417179,0.06280368098159508,0.8273251533742331,163
2019-01-01,0.34655223880597014,0.34097686567164176,0.04549179104477612,0.6135850746268657,135
2019-01-02,0.17550378959276017,0.24488325791855203,0.08027115384615385,0.6748274886877828,225
2019-01-03,0.0095153523489933,0.1671775167785235,0.17293682885906042,0.6598890100671141,302
2019-01-04,-0.08466550116550117,0.08356247086247087,0.1784311188811189,0.7379844988344989,289
2019-01-05,0.11784811320754716,0.09333018867924531,0.08110377358490566,0.8255660377358492,106
2019-01-06,0.08844827586206895,0.09120689655172413,0.06692241379310344,0.8418879310344827,116
2019-01-07,0.2790263005780347,0.3274664739884393,0.048672832369942194,0.6238578034682082,174
2019-01-08,0.12458670212765957,0.10835638297872344,0.07069148936170212,0.8209468085106381,188
2019-01-09,0.1925735765124555,0.28864065836298936,0.10827526690391459,0.6030626334519573,283
2019-01-10,0.0618625,0.08690999999999999,0.076075,0.8370249999999999,200
2019-01-11,0.41228042328042325,0.4274653439153439,0.04726904761904763,0.5252550264550264,190
2019-01-12,0.14966666666666667,0.11325641025641027,0.0688803418803419,0.8178547008547008,117
2019-01-13,0.12805447154471547,0.10577235772357725,0.06177235772357723,0.8324552845528455,123
2019-01-14,0.1098464480874317,0.09628415300546447,0.0681584699453552,0.8355573770491804,183
2019-01-15,0.34800647773279353,0.36261133603238865,0.04251133603238866,0.5948712550607287,248
2019-01-16,0.10740443349753695,0.10829064039408866,0.06187684729064039,0.8298374384236453,203
2019-01-17,0.09164417670682731,0.10893975903614457,0.06756224899598394,0.8234819277108434,249
2019-01-18,0.05952019867549668,0.10080132450331127,0.07145033112582781,0.8277582781456954,302
2019-01-19,0.0556047619047619,0.09991666666666668,0.07965476190476191,0.8204404761904762,168
2019-01-20,0.10039379310344829,0.11500689655172412,0.08560000000000002,0.7993862068965517,145
2019-01-21,0.14983089430894309,0.26047967479674794,0.10974552845528456,0.6297747967479674,124
2019-01-22,0.09746526946107785,0.10397005988023952,0.05786826347305388,0.8381736526946107,167
2019-01-23,0.3849764102564103,0.3757679487179487,0.04188076923076923,0.5823461538461538,196
2019-01-24,-0.2580205882352941,0.08784075630252103,0.3795147058823529,0.5325987394957983,239
2019-01-25,0.2423495024875622,0.27341318407960197,0.059032338308457714,0.667589552238806,202
2019-01-26,0.13859519230769232,0.12005769230769231,0.06710576923076923,0.8128461538461539,104
2019-01-27,0.1975719512195122,0.10103658536585367,0.055804878048780496,0.843158536585366,82
2019-01-28,0.3119850515463917,0.33700515463917524,0.05027422680412371,0.6127257731958763,195
2019-01-29,0.0316030172413793,0.09417241379310345,0.078125,0.8277241379310344,232
2019-01-30,0.4133392561983471,0.4592326446280992,0.0634090909090909,0.47735826446280993,243
2019-01-31,-0.039687091503268004,0.08202761437908498,0.17796535947712416,0.7400053921568628,308
2019-02-01,0.08981237113402063,0.110209793814433,0.05213762886597938,0.8376922680412371,195
2019-02-02,0.05208601398601398,0.08454545454545453,0.06611888111888112,0.8493636363636364,143
2019-02-03,0.08198021978021978,0.1074945054945055,0.04975824175824176,0.8427362637362636,91
2019-02-04,0.11701803278688525,0.12075956284153007,0.07434426229508197,0.8048852459016395,183
2019-02-05,0.08119934640522875,0.08890196078431375,0.07030718954248366,0.840830065359477,153
2019-02-06,0.08525410958904109,0.08667808219178083,0.06372602739726027,0.8495890410958905,146
2019-02-07,0.09408476821192054,0.11768211920529803,0.07582119205298012,0.806476821192053,151
2019-02-08,0.03375421052631579,0.09843157894736841,0.08259473684210526,0.8189736842105264,190
2019-02-09,0.1907215909090909,0.11542045454545456,0.048522727272727266,0.8360795454545454,88
2019-02-10,0.10842613636363635,0.08295454545454546,0.06589772727272727,0.8511704545454545,88
2019-02-11,0.07939000000000003,0.08091333333333335,0.07614,0.8429599999999999,150
2019-02-12,0.12118430232558143,0.09011046511627907,0.0654767441860465,0.8444127906976745,172
2019-02-13,0.11978275862068966,0.10534975369458127,0.08087684729064039,0.8137389162561578,203
2019-02-14,0.10944666666666666,0.10607111111111112,0.06825333333333333,0.8256933333333334,225
2019-02-15,0.11283206521739132,0.1083586956521739,0.06561956521739132,0.8260326086956524,184
2019-02-16,0.06066595744680851,0.15280851063829787,0.060638297872340416,0.7865744680851062,47
2019-02-17,0.16302333333333333,0.11505555555555556,0.0673,0.8176444444444444,90
2019-02-18,0.09110645161290323,0.11957258064516128,0.06724193548387097,0.8131612903225808,124
2019-02-19,0.18210215827338128,0.13325899280575537,0.05914388489208632,0.8076187050359712,139
2019-02-20,0.1590415204678363,0.10447953216374269,0.05051461988304092,0.8450175438596492,171
2019-02-21,0.08482857142857145,0.11121428571428571,0.06180219780219781,0.826978021978022,182
2019-02-22,0.0801439024390244,0.09116260162601625,0.061821138211382104,0.8470040650406504,246
2019-02-23,0.11699119496855347,0.13886792452830188,0.06108805031446542,0.8000440251572327,159
2019-02-24,0.15347125,0.12600000000000003,0.054112499999999994,0.8198624999999999,80
2019-02-25,0.11470058139534886,0.11137790697674418,0.06386627906976744,0.824767441860465,172
2019-02-26,0.07481005291005291,0.10245502645502644,0.06553439153439153,0.8320105820105822,189
2019-02-27,0.06977641509433964,0.11109905660377357,0.05952358490566038,0.829377358490566,212
2019-02-28,0.13388076923076925,0.12173076923076925,0.05600769230769231,0.8222461538461538,130
2019-03-01,0.05065138121546963,0.09688950276243095,0.07083425414364641,0.8323149171270718,181
2019-03-02,0.1029821052631579,0.11544210526315792,0.06810526315789474,0.8164631578947369,95
2019-03-03,-0.006466666666666665,0.08758024691358024,0.08887654320987654,0.8235555555555555,81
2019-03-04,0.07994275862068967,0.09353793103448275,0.07011034482758621,0.8363379310344828,145
2019-03-05,0.08511564245810059,0.09127374301675976,0.06610614525139666,0.8426424581005588,179
2019-03-06,0.07404606060606062,0.09235151515151516,0.06509696969696968,0.8425575757575757,165
2019-03-07,0.043782258064516126,0.10458602150537635,0.08555376344086021,0.8098494623655914,186
2019-03-08,0.058016,0.09721142857142857,0.07628571428571429,0.8264914285714287,175
2019-03-09,0.03507553191489362,0.11661702127659575,0.08308510638297872,0.8003191489361703,94
2019-03-10,0.09460454545454546,0.08779545454545455,0.07020454545454546,0.8419659090909092,88
2019-03-11,0.024612068965517243,0.09808045977011495,0.07714367816091953,0.8247873563218393,174
2019-03-12,0.04543979057591624,0.08944502617801046,0.07990052356020942,0.8306492146596859,191
2019-03-13,0.057885786802030464,0.08872081218274111,0.06412690355329949,0.8471675126903553,197
2019-03-14,0.0653314814814815,0.08462962962962964,0.0704074074074074,0.8449629629629629,162
2019-03-15,0.1742877300613497,0.12101226993865032,0.059288343558282205,0.8197116564417178,163
2019-03-16,0.0691673076923077,0.08254807692307693,0.05828846153846154,0.8591634615384615,104
2019-03-17,0.05104430379746836,0.06662025316455696,0.05879746835443037,0.8745569620253163,79
2019-03-18,0.09370256410256413,0.11882051282051283,0.06285897435897435,0.8183141025641026,156
2019-03-19,0.09933971631205675,0.1078368794326241,0.06493617021276596,0.8272056737588652,141
2019-03-20,0.06120427807486631,0.10221390374331552,0.07466844919786098,0.8231176470588235,187
2019-03-21,0.08845312500000002,0.11499553571428571,0.06248214285714286,0.8225223214285714,224
2019-03-22,0.09993376623376624,0.11527705627705627,0.07084415584415585,0.8138787878787879,231
2019-03-23,0.05007999999999999,0.07434000000000002,0.07453,0.8511199999999998,100
2019-03-24,0.09692336448598132,0.08850467289719625,0.06989719626168224,0.8415887850467291,107
2019-03-25,0.07213834586466165,0.08576691729323309,0.0858796992481203,0.8283308270676693,133
2019-03-26,0.10598344370860929,0.11244370860927151,0.07612582781456954,0.811476821192053,151
2019-03-27,0.1059181818181818,0.09533333333333333,0.06121212121212121,0.8434469696969696,132
2019-03-28,0.14128780487804876,0.10601829268292683,0.062115853658536585,0.8318719512195123,164
2019-03-29,0.12949938650306747,0.10433742331288344,0.07269325153374233,0.8229447852760737,163
2019-03-30,0.19121744186046513,0.10133720930232558,0.04727906976744186,0.8513372093023256,86
2019-03-31,0.0684263888888889,0.07112500000000001,0.07052777777777779,0.8582638888888889,72
2019-04-01,0.0683898648648649,0.0929054054054054,0.06012162162162162,0.8469932432432433,148
2019-04-02,0.09725961538461539,0.11739903846153846,0.07071153846153846,0.811875,208
2019-04-03,0.11510050761421318,0.09600507614213198,0.055619289340101526,0.8483908629441624,197
2019-04-04,0.08755802469135802,0.09277777777777776,0.06027572016460905,0.8469547325102879,243
2019-04-05,0.11199722222222219,0.09711666666666666,0.0627611111111111,0.8401333333333333,180
2019-04-06,0.032473404255319145,0.07159574468085106,0.0693936170212766,0.8589893617021276,94
2019-04-07,0.19359238095238096,0.14106666666666667,0.07408571428571428,0.7848285714285715,105
2019-04-08,0.12907748344370865,0.0992185430463576,0.058576158940397346,0.8421788079470197,151
2019-04-09,0.09637103825136616,0.10415846994535521,0.0763224043715847,0.8195191256830602,183
2019-04-10,0.09061623931623931,0.1012136752136752,0.05387179487179487,0.8449102564102564,234
2019-04-11,0.11501193181818183,0.10028977272727273,0.06743181818181818,0.8322784090909091,176
2019-04-12,0.17174055944055944,0.14773076923076922,0.04822377622377623,0.8040489510489509,286
2019-04-13,0.16838439716312056,0.12829078014184397,0.04448936170212767,0.8272340425531916,141
2019-04-14,0.06341240875912409,0.0923941605839416,0.06813868613138686,0.8394963503649636,137
2019-04-15,0.07273970588235294,0.09949019607843138,0.07597058823529411,0.8245392156862744,204
2019-04-16,0.153603125,0.11459375000000001,0.06052734374999999,0.8248828125000002,256
2019-04-17,0.06161981981981982,0.08661261261261262,0.06397747747747747,0.8493963963963963,222
2019-04-18,0.09775714285714288,0.08207142857142857,0.0590625,0.8588839285714286,224
2019-04-19,0.0659779411764706,0.11581617647058823,0.0726985294117647,0.8115147058823529,136
2019-04-20,0.07820842105263157,0.09495789473684212,0.05108421052631579,0.8539473684210527,95
2019-04-21,0.03474266666666667,0.08561333333333333,0.07529333333333334,0.8391333333333334,75
2019-04-22,0.09975124999999999,0.09143124999999999,0.06645000000000001,0.8421437499999997,160
2019-04-23,0.11206837944664032,0.09964031620553361,0.052932806324110654,0.847403162055336,253
2019-04-24,0.0747751937984496,0.09867441860465116,0.061038759689922485,0.8402558139534884,258
2019-04-25,0.12664018691588785,0.13234267912772588,0.06236760124610591,0.8052772585669781,321
2019-04-26,0.14173108108108107,0.11940878378378378,0.050929054054054054,0.8296689189189189,296
2019-04-27,0.08561257485029941,0.10892814371257484,0.06447305389221557,0.8265808383233532,167
2019-04-28,0.20387939393939397,0.09967272727272729,0.045478787878787875,0.8548121212121212,165
2019-04-29,0.18455278969957084,0.1239570815450644,0.050051502145922744,0.825991416309013,233
2019-04-30,0.09792720848056534,0.11043816254416963,0.06163604240282686,0.8279151943462898,283
2019-05-01,0.0626372093023256,0.09540310077519379,0.056519379844961234,0.8481007751937985,258
2019-05-02,0.09718489932885908,0.10643624161073825,0.058597315436241595,0.8349630872483222,298
2019-05-03,0.08317590361445783,0.11194377510040161,0.061983935742971875,0.8260803212851406,249
2019-05-04,0.11817862595419848,0.09776335877862595,0.06591603053435115,0.8362977099236641,131
2019-05-05,0.08329879518072288,0.0945421686746988,0.0807710843373494,0.824644578313253,166
2019-05-06,0.06700925925925928,0.10568827160493828,0.06410493827160493,0.8302006172839503,324
2019-05-07,0.07803174603174605,0.11434126984126984,0.06813492063492065,0.8175357142857143,252
2019-05-08,0.07020037313432835,0.09467537313432835,0.06684328358208955,0.8384888059701494,268
2019-05-09,0.0929519108280255,0.10507643312101908,0.05985668789808918,0.8350764331210193,314
2019-05-10,0.08339196141479098,0.09671061093247589,0.07263022508038586,0.8306784565916399,311
2019-05-11,0.10376666666666667,0.10083333333333332,0.07720370370370372,0.821962962962963,108
2019-05-12,0.029011764705882355,0.11721568627450982,0.07630392156862746,0.8064803921568627,102
2019-05-13,0.06187490196078432,0.09523921568627451,0.07123137254901961,0.8335372549019608,255
2019-05-14,0.10569105263157898,0.10773157894736843,0.07539473684210526,0.8168684210526314,190
2019-05-15,0.10085526315789473,0.0962017543859649,0.06384649122807017,0.8399473684210528,228
2019-05-16,0.15092291666666666,0.10575,0.06776562500000001,0.8264947916666666,192
2019-05-17,0.10063480662983428,0.11031491712707181,0.0735524861878453,0.8161491712707183,181
2019-05-18,0.06099898989898988,0.12325252525252525,0.08027272727272727,0.7964545454545455,99
2019-05-19,0.06791,0.07027142857142858,0.065,0.8647428571428571,70
2019-05-20,0.04175,0.08886021505376343,0.07473655913978494,0.8364086021505377,186
2019-05-21,0.07429809523809522,0.08981904761904762,0.07380952380952381,0.8363619047619049,105
2019-05-22,0.1194575471698113,0.08184905660377359,0.06968867924528302,0.8485094339622641,106
2019-05-23,0.06324391891891891,0.08788513513513514,0.08283783783783782,0.8292837837837838,148
2019-05-24,0.03481650485436895,0.07716504854368933,0.07370873786407765,0.8491747572815534,103
2019-05-25,0.1561878787878788,0.08831818181818181,0.05051515151515151,0.8611666666666665,66
2019-05-26,0.07705128205128207,0.06415384615384614,0.08056410256410257,0.8553076923076923,39
2019-05-27,0.12089599999999999,0.07118666666666668,0.050146666666666666,0.8787200000000002,75
2019-05-28,0.08978526315789476,0.09702105263157895,0.08005263157894738,0.8228947368421052,95
2019-05-29,0.08588260869565216,0.09490579710144928,0.07259420289855072,0.8324927536231883,138
2019-05-30,-0.007707284768211922,0.09048344370860928,0.08595364238410595,0.8235430463576158,151
2019-05-31,0.04700765957446809,0.09793617021276596,0.07767659574468085,0.8243829787234044,235
2019-06-01,0.06716124031007752,0.09993798449612402,0.07503100775193798,0.8250232558139536,129
2019-06-02,0.06814500000000001,0.10032,0.07629,0.82337,100
2019-06-03,0.04442176470588234,0.10234117647058821,0.07628235294117647,0.8213941176470588,170
2019-06-04,0.03484145077720206,0.08447668393782383,0.08426943005181349,0.8312487046632123,193
2019-06-05,0.05305086956521737,0.08314782608695653,0.06712173913043477,0.8497304347826087,230
2019-06-06,0.04754262295081966,0.10116803278688526,0.08572131147540983,0.8130778688524591,244
2019-06-07,0.09810889830508475,0.10452118644067797,0.07536864406779659,0.8200762711864406,236
2019-06-08,0.08536598639455781,0.1181700680272109,0.07953741496598639,0.802312925170068,147
2019-06-09,0.07911809523809524,0.11711428571428573,0.08062857142857142,0.8021999999999999,105
2019-06-10,0.045791351351351345,0.08709729729729729,0.0788,0.8340810810810809,185
2019-06-11,0.1290131868131868,0.09815934065934068,0.05735164835164835,0.8445109890109889,182
2019-06-12,0.061445493562231765,0.09128326180257512,0.07904291845493562,0.829656652360515,233
2019-06-13,0.09528,0.10313529411764706,0.0777529411764706,0.8191058823529411,170
2019-06-14,0.05632046783625731,0.08137426900584795,0.06829239766081872,0.8503625730994152,171
2019-06-15,0.00718673469387755,0.07612244897959183,0.07503061224489796,0.8488673469387754,98
2019-06-16,0.1155120879120879,0.0941868131868132,0.06254945054945055,0.8432747252747252,91
2019-06-17,0.08915062500000001,0.10339374999999999,0.05326249999999999,0.8434062499999999,160
2019-06-18,0.1877845410628019,0.13922222222222222,0.05961835748792271,0.8011497584541063,207
2019-06-19,0.0914312883435583,0.09565644171779142,0.06634969325153374,0.8380122699386502,163
2019-06-20,0.0718225296442688,0.10366798418972333,0.08187747035573123,0.8144584980237156,253
2019-06-21,0.05534837209302325,0.0919813953488372,0.06749302325581395,0.8405348837209303,215
2019-06-22,0.024565137614678892,0.07410091743119265,0.07196330275229357,0.8539174311926605,109
2019-06-23,0.06805857142857143,0.07925714285714286,0.06384285714285713,0.8568714285714286,70
2019-06-24,0.0673108843537415,0.10174149659863946,0.07693197278911564,0.8213265306122448,147
2019-06-25,0.06361158536585367,0.11209146341463413,0.10058536585365856,0.7873231707317073,164
2019-06-26,0.1119600985221675,0.098128078817734,0.06659113300492611,0.8352610837438423,203
2019-06-27,0.15330617283950618,0.10684567901234568,0.05259876543209877,0.8405370370370371,162
2019-06-28,0.08346857142857142,0.11551428571428571,0.07259428571428572,0.81188,175
2019-06-29,0.04914214876033057,0.11238016528925619,0.08640495867768595,0.8011900826446281,121
2019-06-30,0.09911832061068701,0.09206870229007633,0.06420610687022901,0.8437175572519084,131
2019-07-01,0.1237985221674877,0.1143399014778325,0.05504433497536945,0.8305960591133005,203
2019-07-02,0.11652995169082124,0.10642028985507244,0.06458937198067632,0.8289855072463768,207
2019-07-03,0.06744897959183672,0.10997448979591837,0.0698622448979592,0.8201530612244898,196
2019-07-04,0.16128363636363635,0.10964545454545457,0.060990909090909096,0.8293363636363635,110
2019-07-05,0.11316384615384617,0.11180769230769229,0.07693076923076923,0.8111846153846152,130
2019-07-06,0.11988999999999998,0.08853333333333332,0.057,0.8545000000000001,60
2019-07-07,0.14946703296703295,0.12682417582417582,0.0668021978021978,0.8063736263736265,91
2019-07-08,0.043238571428571446,0.10362142857142856,0.08064285714285714,0.8157142857142857,140
2019-07-09,0.10059447513812154,0.12322651933701659,0.0740939226519337,0.8027071823204422,181
2019-07-10,0.11283529411764706,0.10291596638655463,0.062172268907563034,0.8349285714285714,238
2019-07-11,0.08172432432432433,0.10179459459459458,0.058329729729729725,0.8398918918918918,185
2019-07-12,0.12057458563535911,0.1262707182320442,0.06493370165745857,0.8087513812154695,181
2019-07-13,-0.011057142857142864,0.07052747252747252,0.06730769230769232,0.8621868131868132,91
2019-07-14,0.05875545454545456,0.0789909090909091,0.05114545454545454,0.8698545454545454,110
2019-07-15,0.07954339622641508,0.09071698113207548,0.07405031446540881,0.8352704402515723,159
2019-07-16,0.07502582781456953,0.08839072847682118,0.07370860927152317,0.8379139072847681,151
2019-07-17,0.14193166666666668,0.11170833333333334,0.05617500000000001,0.8321083333333334,240
2019-07-18,0.14015576036866356,0.11052995391705069,0.06336405529953916,0.8261105990783408,217
2019-07-19,0.10390052083333334,0.10546875,0.06394791666666666,0.8306041666666665,192
2019-07-20,0.014797260273972603,0.08701369863013698,0.08826027397260273,0.8247260273972602,73
2019-07-21,0.14625066666666664,0.08830666666666666,0.07058666666666666,0.8412,75
2019-07-22,0.0806108280254777,0.09329936305732484,0.06849044585987261,0.8381910828025478,157
2019-07-23,0.08544913793103447,0.08538793103448275,0.06484913793103449,0.8497715517241378,232
2019-07-24,0.07155762711864405,0.09703728813559322,0.07753898305084747,0.8254169491525424,295
2019-07-25,0.10921854304635764,0.11873841059602652,0.07111258278145695,0.8101523178807946,302
2019-07-26,0.17218601694915256,0.11246610169491526,0.06612711864406778,0.8214152542372881,236
2019-07-27,0.1331453781512605,0.1095966386554622,0.06515126050420167,0.8252268907563025,119
2019-07-28,0.15338350515463917,0.12388659793814435,0.0762680412371134,0.7998556701030928,97
2019-07-29,0.14992613065326632,0.10180904522613066,0.06876884422110552,0.8294221105527637,199
2019-07-30,0.09019307692307693,0.09966153846153847,0.07216923076923076,0.8281692307692308,260
2019-07-31,0.10760639730639733,0.11373063973063975,0.07096969696969697,0.8152996632996631,297
2019-08-01,0.11904479495268139,0.1180315457413249,0.06567507886435332,0.816309148264984,317
2019-08-02,0.08275535168195716,0.11606422018348625,0.0764434250764526,0.8074954128440367,327
2019-08-03,0.12825857142857142,0.11425714285714286,0.06475000000000002,0.8209500000000002,140
2019-08-04,0.07242336448598131,0.09678504672897197,0.06746728971962618,0.8357476635514017,107
2019-08-05,0.024821038251366136,0.10045901639344262,0.08524590163934428,0.8143224043715844,366
2019-08-06,0.04964573170731706,0.1072469512195122,0.06867682926829269,0.8240579268292685,328
2019-08-07,0.08398048048048048,0.10755855855855853,0.06394294294294295,0.8284924924924925,333
2019-08-08,0.07384236453201973,0.11429556650246304,0.08226847290640395,0.8034187192118227,406
2019-08-09,0.11772992957746475,0.10223239436619717,0.0628450704225352,0.8349084507042253,284
2019-08-10,0.06929867549668875,0.0866158940397351,0.07606622516556291,0.837317880794702,151
2019-08-11,0.0958186274509804,0.12998039215686275,0.07498039215686274,0.7949901960784314,102
2019-08-12,0.08210590909090912,0.08429545454545453,0.07142272727272726,0.8442863636363637,220
2019-08-13,0.08275897435897435,0.08988141025641025,0.07212179487179488,0.8379871794871795,312
2019-08-14,0.04624846743295021,0.10041762452107279,0.08118390804597704,0.8183735632183908,522
2019-08-15,-0.007950925925925929,0.0832685185185185,0.09273842592592592,0.8239976851851852,432
2019-08-16,0.04755714285714286,0.09656493506493503,0.07612662337662336,0.8273084415584416,308
2019-08-17,0.08485025641025641,0.09114358974358974,0.08681025641025643,0.8220615384615386,195
2019-08-18,0.11001272727272728,0.10826666666666668,0.06193333333333334,0.829787878787879,165
2019-08-19,0.08788666666666667,0.10940370370370371,0.07393703703703702,0.8167,270
2019-08-20,0.0019857707509881623,0.08229249011857707,0.08395256916996048,0.8337509881422925,253
2019-08-21,0.11827264957264957,0.10910256410256411,0.06073504273504274,0.8301595441595441,351
2019-08-22,0.06223393939393939,0.09195151515151516,0.06274242424242424,0.8453121212121212,330
2019-08-23,0.05016054158607352,0.09937330754352032,0.08274661508704063,0.8178781431334622,517
2019-08-24,0.017009359605911333,0.10364532019704435,0.07723152709359607,0.8190985221674876,203
2019-08-25,0.0002567307692307666,0.08686057692307694,0.07861538461538461,0.8345048076923077,208
2019-08-26,0.03733485342019545,0.0950912052117264,0.076,0.8289087947882735,307
2019-08-27,0.06553195488721804,0.10884962406015038,0.07279699248120301,0.8183308270676691,266
2019-08-28,0.0786326359832636,0.11209205020920501,0.0815397489539749,0.8063849372384937,239
2019-08-29,0.0437981617647059,0.10652205882352941,0.07045220588235293,0.8230183823529411,272
2019-08-30,0.07951929824561405,0.10102456140350877,0.07871929824561405,0.8202456140350881,285
2019-08-31,0.12012406015037592,0.10151879699248122,0.0503984962406015,0.8480827067669174,133
2019-09-01,-0.013694505494505503,0.08503296703296703,0.06585714285714286,0.8491428571428571,91
2019-09-02,-0.026330701754385972,0.1048859649122807,0.06992105263157895,0.8251842105263156,114
2019-09-03,0.013747852760736196,0.07179754601226995,0.06941717791411042,0.8587914110429448,163
2019-09-04,0.09030752212389381,0.11592920353982303,0.06149557522123893,0.8225707964601771,226
2019-09-05,0.09603185483870967,0.10104032258064516,0.0724274193548387,0.8265362903225806,248
2019-09-06,0.11979017857142855,0.11623214285714285,0.07820089285714286,0.8055982142857143,224
2019-09-07,0.12616638655462184,0.09574789915966385,0.05347899159663866,0.8507731092436975,119
2019-09-08,0.046267816091953996,0.06964367816091953,0.06503448275862068,0.8653103448275862,87
2019-09-09,0.06602955665024628,0.09418226600985222,0.0706206896551724,0.8351773399014778,203
2019-09-10,0.13542467532467534,0.11223376623376624,0.05978354978354978,0.8280086580086582,231
2019-09-11,0.102834375,0.09585546875,0.053828125000000004,0.8503164062500002,256
2019-09-12,0.049977178423236505,0.09944813278008298,0.07787966804979253,0.8226846473029044,241
2019-09-13,0.09663443396226415,0.09529245283018868,0.05957547169811322,0.8451556603773585,212
2019-09-14,0.02573271028037383,0.08388785046728973,0.0651588785046729,0.8509999999999999,107
2019-09-15,0.006265909090909097,0.10407954545454544,0.08093181818181817,0.8149886363636363,88
2019-09-16,0.1265642105263158,0.11266315789473684,0.05822631578947369,0.8291368421052632,190
2019-09-17,0.1210864734299517,0.10258454106280195,0.06730434782608695,0.83012077294686,207
2019-09-18,0.05737040358744396,0.09934529147982063,0.07569955156950672,0.8249775784753366,223
2019-09-19,0.05530058823529412,0.1008705882352941,0.09015294117647059,0.8089882352941178,170
2019-09-20,0.03557456896551724,0.10507758620689656,0.0777801724137931,0.8171637931034482,232
2019-09-21,0.08971454545454546,0.08943636363636365,0.07733636363636363,0.8332363636363634,110
2019-09-22,0.1313090909090909,0.1004659090909091,0.06504545454545455,0.8344999999999999,88
2019-09-23,-0.04498214285714286,0.08837499999999998,0.08868452380952381,0.8228809523809526,168
2019-09-24,0.02730368852459016,0.0884672131147541,0.07847540983606559,0.833045081967213,244
2019-09-25,0.04323564814814814,0.10113425925925926,0.07264814814814816,0.8262222222222222,216
2019-09-26,0.06233856502242152,0.1003452914798206,0.07104035874439461,0.8286322869955158,223
2019-09-27,-0.00522641509433963,0.0967877358490566,0.08257075471698114,0.820627358490566,212
2019-09-28,0.08544395604395606,0.10032967032967034,0.06550549450549452,0.834131868131868,91
2019-09-29,0.16317179487179487,0.10750000000000003,0.036884615384615384,0.855628205128205,78
2019-09-30,-0.036500000000000005,0.08002649006622517,0.08231125827814569,0.8377218543046357,151
2019-10-01,0.08529054054054054,0.11842792792792792,0.05773873873873874,0.8238378378378378,222
2019-10-02,0.004408118081180823,0.09463468634686346,0.08639483394833948,0.8189667896678967,271
2019-10-03,0.0775760956175299,0.1021195219123506,0.06828685258964144,0.8295816733067729,251
2019-10-04,0.07120167597765363,0.11275977653631286,0.0721340782122905,0.8151396648044692,179
2019-10-05,0.11616333333333337,0.09511111111111112,0.06109999999999999,0.8437666666666666,90
2019-10-06,0.0745054054054054,0.10128378378378379,0.06882432432432432,0.8298513513513514,74
2019-10-07,0.09740000000000001,0.1039779411764706,0.0666764705882353,0.8293235294117646,136
2019-10-08,0.13682029702970297,0.11291089108910891,0.07099009900990098,0.8160940594059406,202
2019-10-09,0.0348806603773585,0.09494811320754719,0.07675943396226415,0.8283066037735849,212
2019-10-10,0.08507038834951454,0.0912766990291262,0.07033495145631068,0.8384223300970872,206
2019-10-11,0.02447649572649574,0.10342307692307691,0.08025213675213674,0.8163376068376069,234
2019-10-12,0.11573106796116506,0.09085436893203884,0.05421359223300971,0.8549514563106795,103
2019-10-13,0.16943690476190476,0.1162142857142857,0.05928571428571429,0.8244761904761905,84
2019-10-14,0.06813205128205127,0.09347435897435898,0.07539743589743589,0.8311538461538464,156
2019-10-15,0.0592825396825397,0.10759259259259257,0.06902116402116402,0.8233862433862434,189
2019-10-16,0.06104000000000001,0.09846666666666667,0.08365238095238095,0.8178809523809526,210
2019-10-17,0.029733333333333334,0.08966666666666667,0.08037142857142857,0.8299619047619048,210
2019-10-18,0.10503250000000001,0.109625,0.06906499999999999,0.82134,200
2019-10-19,0.1369,0.10931623931623931,0.07397435897435899,0.8167094017094018,117
2019-10-20,0.08150582524271846,0.09760194174757282,0.05023300970873787,0.8521650485436891,103
2019-10-21,0.16469175824175825,0.1156043956043956,0.052417582417582424,0.8319890109890111,182
2019-10-22,0.08221198156682027,0.10725806451612904,0.07622119815668202,0.816520737327189,217
2019-10-23,0.16227966101694916,0.10606779661016949,0.060599999999999994,0.8333220338983051,295
2019-10-24,0.11911269349845201,0.13519504643962846,0.06508049535603716,0.7997306501547989,323
2019-10-25,0.12779407114624505,0.10803952569169961,0.048114624505928856,0.8438260869565218,253
2019-10-26,0.09722016806722687,0.10467226890756302,0.05878991596638656,0.8365210084033613,119
2019-10-27,0.1330904761904762,0.09659523809523811,0.07203174603174603,0.831404761904762,126
2019-10-28,0.08112893617021277,0.08994468085106383,0.06273617021276597,0.847323404255319,235
2019-10-29,0.11826296296296297,0.11151028806584362,0.07263374485596708,0.8158559670781895,243
2019-10-30,0.1301175257731959,0.09556701030927833,0.06729896907216494,0.8371340206185567,291
2019-10-31,0.04993139013452916,0.08673094170403586,0.07214798206278027,0.8411255605381165,223
2019-11-01,0.15229775280898875,0.1306816479400749,0.06120224719101124,0.8080898876404496,267
2019-11-02,0.1629875,0.10725833333333336,0.065675,0.8270583333333335,120
2019-11-03,0.12481159420289856,0.11960144927536234,0.0727463768115942,0.8076666666666666,138
2019-11-04,0.10426666666666667,0.1154421052631579,0.06424912280701754,0.8203017543859648,285
2019-11-05,0.027746062992125987,0.09456299212598428,0.08273031496062992,0.8226968503937007,508
2019-11-06,0.0802656862745098,0.09746470588235293,0.07004901960784314,0.8324941176470588,510
2019-11-07,0.07488806682577565,0.1031861575178998,0.06840811455847257,0.8283985680190931,419
2019-11-08,0.11018841698841703,0.1013088803088803,0.07266023166023164,0.8260386100386101,259
2019-11-09,0.057647500000000004,0.07286250000000001,0.06634374999999999,0.8608187500000002,160
2019-11-10,0.05910000000000001,0.09790076335877863,0.08492366412213742,0.8171526717557253,131
2019-11-11,0.1346862068965517,0.10227586206896552,0.06984729064039409,0.8278472906403941,203
2019-11-12,0.11882053231939163,0.10206083650190113,0.06816730038022814,0.8297604562737643,263
2019-11-13,0.17077951807228917,0.12181927710843372,0.06625301204819277,0.8119196787148595,249
2019-11-14,0.08255841924398628,0.09523024054982819,0.06761855670103092,0.8371477663230241,291
2019-11-15,0.11166542372881355,0.11055593220338981,0.0720813559322034,0.8173322033898306,295
2019-11-16,0.14579862068965516,0.11128275862068965,0.062289655172413805,0.8264068965517238,145
2019-11-17,0.16126394557823132,0.10187074829931972,0.061224489795918366,0.8369251700680271,147
2019-11-18,0.09672307692307693,0.09608205128205129,0.07534358974358975,0.8285743589743589,195
2019-11-19,0.10296456140350876,0.11016491228070176,0.07574385964912281,0.8140807017543861,285
2019-11-20,0.08539009287925696,0.09854489164086688,0.07254798761609907,0.8288978328173375,323
2019-11-21,0.06957096774193548,0.08720430107526883,0.06573835125448028,0.8470430107526883,279
2019-11-22,0.07087807228915662,0.08273975903614457,0.06739277108433736,0.8498746987951808,415
2019-11-23,0.11853509615384614,0.0999903846153846,0.06113461538461539,0.8388557692307693,208
2019-11-24,0.10108384615384614,0.09396153846153847,0.060038461538461534,0.8460000000000001,130
2019-11-25,0.14514564315352693,0.11142323651452286,0.059186721991701254,0.8293858921161827,241
2019-11-26,0.16976780303030306,0.10504924242424242,0.05139015151515152,0.8435568181818183,264
2019-11-27,0.1388169741697417,0.11539114391143912,0.05502214022140222,0.8295867158671588,271
2019-11-28,0.21482156862745097,0.11347712418300655,0.055594771241830064,0.8309281045751632,153
2019-11-29,0.17157647058823527,0.11056862745098041,0.062019607843137245,0.8274183006535948,153
2019-11-30,0.07510408163265307,0.09641836734693879,0.07431632653061224,0.8292551020408163,98
2019-12-01,0.16644888888888887,0.09731851851851853,0.06597037037037036,0.8367111111111111,135
2019-12-02,0.04395000000000001,0.08178749999999999,0.06562083333333334,0.8526000000000001,240
2019-12-03,0.0733399209486166,0.0927075098814229,0.06967588932806325,0.8376086956521741,253
2019-12-04,0.11699500000000003,0.10681538461538463,0.07153461538461538,0.8216576923076924,260
2019-12-05,0.1063416356877323,0.10192193308550183,0.0751375464684015,0.8229256505576208,269
2019-12-06,0.18913580246913578,0.10969958847736624,0.07078189300411523,0.8195061728395061,243
2019-12-07,0.16954134615384617,0.11378846153846153,0.05348076923076924,0.83275,104
2019-12-08,0.05724554455445545,0.09926732673267327,0.07359405940594059,0.8271584158415841,101
2019-12-09,0.09965635359116021,0.08865193370165747,0.05366850828729282,0.8576685082872928,181
2019-12-10,0.1045635135135135,0.09634234234234235,0.05918018018018017,0.844490990990991,222
2019-12-11,0.14298480392156862,0.09932352941176473,0.06551960784313725,0.8351715686274508,204
2019-12-12,0.15982239382239385,0.1062741312741313,0.053374517374517365,0.8403745173745175,259
2019-12-13,0.06767431906614788,0.08963813229571985,0.06659143968871596,0.8437665369649805,257
2019-12-14,0.11472307692307693,0.10370000000000001,0.06683076923076924,0.8294692307692308,130
2019-12-15,0.22817042253521125,0.11157746478873239,0.03771830985915492,0.8507183098591549,71
2019-12-16,0.1230638095238095,0.09567142857142857,0.06554285714285715,0.8388190476190476,210
2019-12-17,0.13957217391304347,0.10716521739130436,0.06226521739130436,0.8305652173913042,230
2019-12-18,0.10076883720930231,0.09646046511627905,0.0774186046511628,0.826125581395349,215
2019-12-19,0.13190311111111114,0.10026666666666667,0.06549777777777778,0.83424,225
2019-12-20,0.10560294117647058,0.0958235294117647,0.07357843137254903,0.8305833333333335,204
2019-12-21,0.06671504424778761,0.0992212389380531,0.07492920353982299,0.8258761061946904,113
2019-12-22,0.20962708333333327,0.11020833333333335,0.06904166666666667,0.82078125,96
2019-12-23,0.11311220238095238,0.14256845238095237,0.04398214285714285,0.8134196428571427,336
2019-12-24,0.1587115789473684,0.1243947368421053,0.0717578947368421,0.8038526315789473,190
2019-12-25,0.21138691588785047,0.09815887850467289,0.05336448598130842,0.8484766355140188,107
2019-12-26,0.21005467980295564,0.12325615763546802,0.05845320197044335,0.81828078817734,203
2019-12-27,0.1565777777777778,0.12532275132275134,0.06104232804232804,0.8136243386243388,189
2019-12-28,0.12980697674418606,0.09760465116279071,0.058666666666666666,0.8437209302325581,129
2019-12-29,0.15584499999999998,0.11270833333333333,0.07289166666666667,0.8144083333333333,120
2019-12-30,0.1210139303482587,0.11577611940298507,0.07645771144278607,0.8077761194029851,201
2019-12-31,0.1419378378378378,0.11150900900900902,0.07055855855855855,0.81790990990991,222
2020-01-01,0.19391292517006806,0.14007482993197276,0.05738095238095239,0.8025034013605443,147
2020-01-02,0.05881578947368421,0.10985855263157894,0.07680263157894736,0.8133125,304
2020-01-03,0.020943229166666664,0.1047578125,0.08747395833333334,0.8077786458333333,384
2020-01-04,0.046728,0.10413333333333334,0.09145333333333332,0.8043866666666666,150
2020-01-05,0.06883734177215191,0.09913291139240507,0.08520253164556962,0.8156582278481013,158
2020-01-06,0.06239237668161437,0.10434529147982062,0.07553363228699553,0.8201255605381165,223
2020-01-07,0.029896296296296292,0.09375084175084175,0.08577777777777777,0.8204478114478115,297
2020-01-08,-0.0040736947791164685,0.09098795180722892,0.0891566265060241,0.8198674698795181,498
2020-01-09,0.070244801980198,0.10299257425742576,0.0781361386138614,0.8188490099009902,404
2020-01-10,0.14432389078498298,0.10913993174061433,0.06529692832764505,0.8255699658703072,293
2020-01-11,0.010192631578947373,0.07910526315789472,0.06281052631578947,0.8580526315789474,190
2020-01-12,0.17640507246376813,0.1123768115942029,0.06353623188405796,0.8241304347826086,138
2020-01-13,0.12229209039548025,0.10426271186440679,0.06391242937853107,0.831824858757062,354
2020-01-14,0.11197458033573139,0.09800000000000002,0.06562350119904077,0.8363717026378896,417
2020-01-15,0.0787,0.09679032258064516,0.06973655913978495,0.833478494623656,372
2020-01-16,0.10119291553133515,0.10137602179836513,0.07217711171662125,0.8264386920980926,367
2020-01-17,0.11912936893203883,0.10488106796116504,0.07758737864077671,0.8175412621359224,412
2020-01-18,0.16033195020746888,0.1076929460580913,0.06831120331950208,0.8240124481327803,241
2020-01-19,0.1736125714285714,0.09526857142857141,0.057714285714285704,0.8470514285714287,175
2020-01-20,0.09128811475409834,0.08674180327868851,0.07156147540983607,0.8417213114754101,244
2020-01-21,0.038259090909090916,0.09373923444976079,0.08848803827751196,0.8177679425837322,418
2020-01-22,0.09445678496868476,0.1029498956158664,0.06777661795407099,0.829275574112735,479
2020-01-23,0.10020795180722894,0.10383132530120481,0.061496385542168665,0.8346650602409641,415
2020-01-24,0.013463090909090912,0.09459818181818183,0.09793636363636364,0.8074800000000003,550
2020-01-25,0.009662548262548249,0.08773745173745173,0.0887104247104247,0.8235521235521234,259
2020-01-26,0.014370954356846469,0.09440663900414939,0.07643568464730292,0.829161825726141,241
2020-01-27,-0.0054103030303030274,0.08905252525252526,0.0881919191919192,0.8227717171717172,495
2020-01-28,0.013553546910755145,0.0832608695652174,0.08625171624713958,0.8305011441647596,437
2020-01-29,0.00608754208754207,0.08628114478114479,0.07743602693602694,0.8362811447811451,594
2020-01-30,0.018192455858748006,0.0928426966292135,0.0784109149277689,0.8287431781701445,623
2020-01-31,0.05584182444061961,0.10569191049913942,0.07195697074010327,0.8223614457831325,581
2020-02-01,0.07179612903225809,0.12844516129032257,0.07375806451612904,0.7978032258064518,310
2020-02-02,0.06687021943573668,0.1046896551724138,0.08113166144200627,0.8141598746081506,319
2020-02-03,0.07166054628224584,0.10022306525037936,0.07176783004552352,0.8280015174506828,659
2020-02-04,0.08651429582448684,0.11359023354564755,0.0691514508138712,0.817256900212314,1413
2020-02-05,0.05315944299390775,0.09502436901653613,0.08320713664055703,0.8217658833768496,1149
2020-02-06,0.09896316916488226,0.08961241970021415,0.06457815845824409,0.8458083511777301,934
2020-02-07,0.06952657004830917,0.0982644927536232,0.06969927536231885,0.8320362318840578,828
2020-02-08,0.0815079908675799,0.0947351598173516,0.07089497716894978,0.8343356164383562,438
2020-02-09,0.13768164383561646,0.11592876712328772,0.07170958904109588,0.8123616438356166,365
2020-02-10,0.11228969780219782,0.1074917582417582,0.05901510989010989,0.8334890109890111,728
2020-02-11,0.09764898550724636,0.10137101449275364,0.06257101449275361,0.8360657004830921,1035
2020-02-12,0.08956739961759079,0.10170841300191202,0.06469980879541108,0.8336013384321225,1046
2020-02-13,0.05866059907834099,0.10544930875576039,0.07377304147465437,0.8207753456221198,868
2020-02-14,0.09984681318681318,0.10872087912087912,0.06469780219780218,0.8265791208791208,910
2020-02-15,0.11989589041095888,0.09924383561643836,0.05597534246575342,0.8447780821917809,365
2020-02-16,0.09701365079365079,0.09782222222222223,0.05622222222222222,0.8459841269841271,315
2020-02-17,0.06057698924731181,0.0969806451612903,0.0742494623655914,0.8287612903225805,465
2020-02-18,0.08401705263157894,0.09575894736842104,0.06514631578947368,0.8390999999999996,950
2020-02-19,0.09577829002514669,0.10015004191114835,0.05995808885163455,0.8398885163453478,1193
2020-02-20,0.05708772609819122,0.09116731266149875,0.06816085271317827,0.8406808785529716,1548
2020-02-21,0.08407080237741456,0.10280832095096581,0.07667310549777118,0.8205193164933134,1346
2020-02-22,0.08850571428571427,0.1052971428571429,0.07052761904761906,0.8241828571428572,525
2020-02-23,0.05736683291770574,0.10129426433915216,0.07368079800498754,0.8249950124688279,401
2020-02-24,0.020538772338772347,0.09028438228438228,0.07724087024087023,0.8324739704739706,1287
2020-02-25,0.01734363188167627,0.08669186524239936,0.07252506162695155,0.840783894823336,1217
2020-02-26,0.012319719350073862,0.0874135893648449,0.07513737075332348,0.8374527326440177,1354
2020-02-27,0.02170761904761905,0.09042285714285715,0.07751380952380954,0.8320538095238093,2100
2020-02-28,0.01087020295202953,0.09262361623616237,0.07560747232472322,0.8317698339483397,2168
2020-02-29,-0.011545022026431715,0.08603083700440527,0.08728898678414097,0.8266696035242286,1135
2020-03-01,-0.026772746553552502,0.07671792152704138,0.08182184517497354,0.8414665959703077,943
2020-03-02,-0.04781360095865787,0.07801737567405631,0.09746255242660277,0.8245152786099461,1669
2020-03-03,-0.018815740162398502,0.09721673953778888,0.0973735165521549,0.8054097439100563,1601
2020-03-04,0.018894014732965005,0.09032136279926335,0.07668968692449356,0.8329990791896864,1086
2020-03-05,-0.009643583118001727,0.08549784668389321,0.0785055986218777,0.8359956933677861,1161
2020-03-06,0.041732072498029966,0.09284948778565803,0.07103546099290779,0.8361182033096929,1269
2020-03-07,0.00368941326530612,0.08669387755102043,0.07956122448979593,0.833733418367347,784
2020-03-08,-0.029786942675159234,0.07654777070063692,0.08615923566878979,0.83731050955414,628
2020-03-09,0.0018806036395916516,0.09459565024411895,0.08135330670217487,0.8240523746116284,2253
2020-03-10,0.011404822695035463,0.09401347517730495,0.08522907801418438,0.8207652482269504,1410
2020-03-11,-0.0015668845315904142,0.07969208424110384,0.07624328249818443,0.8440566448801742,1377
2020-03-12,0.009371864951768501,0.08805852090032157,0.08102572347266881,0.8309189710610934,3110
2020-03-13,-0.01481378655526016,0.08557614887960502,0.08621116597037601,0.8282199012533233,2633
2020-03-14,-0.033878238341968896,0.07914655810510732,0.08388971132494451,0.8369600296076978,1351
2020-03-15,-0.05015934219734078,0.07697830650804756,0.09068299510146954,0.8323477956613017,1429
2020-03-16,0.03519423312883437,0.09429110429447848,0.07113220858895702,0.8345760736196317,3260
2020-03-17,-0.014389079013588312,0.08206794162053348,0.0828314041268244,0.8350951182687469,1987
2020-03-18,0.00884362276692978,0.08843705857914418,0.0784740340673037,0.8330947237224763,2407
2020-03-19,-0.0035360638297872297,0.08849680851063829,0.08625478723404253,0.8252478723404255,1880
2020-03-20,-0.019164006427423667,0.08129673272629884,0.08864970540974823,0.8300514193893942,1867
2020-03-21,-0.0334052631578947,0.08393505039193726,0.09359798432250839,0.8224647256438969,893
2020-03-22,-0.03701153846153842,0.08413354700854701,0.08703098290598288,0.8288173076923075,936
2020-03-23,-0.026357392389270123,0.08045227698066128,0.08711665626949468,0.8324266999376169,1603
2020-03-24,-0.043317262265293775,0.0844827377347062,0.09000484554815268,0.8255112053301028,1651
2020-03-25,-0.02909073405535499,0.0942575210589651,0.09213598074608906,0.8136077015643801,1662
2020-03-26,-0.025904204035874435,0.08528363228699554,0.08779035874439461,0.8269288116591929,1784
2020-03-27,-0.010520542920029345,0.08531474688187818,0.08079823917828319,0.8338796771826852,1363
2020-03-28,-0.04717773279352227,0.08197975708502027,0.09387719298245616,0.8241390013495279,741
2020-03-29,-0.023574603174603168,0.08492929292929294,0.09689321789321788,0.8181688311688308,693
2020-03-30,-0.02626030303030302,0.09127676767676765,0.08780000000000004,0.8209222222222222,990
2020-03-31,-0.01814533205004811,0.08247160731472572,0.08482098171318575,0.8327237728585178,1039
2020-04-01,-0.005364936440677958,0.0919343220338983,0.08278283898305087,0.8253008474576274,944
2020-04-02,-0.03712928416485899,0.08663665943600866,0.09578850325379608,0.8175694143167028,922
2020-04-03,-0.08600041666666669,0.07366833333333334,0.10365916666666668,0.8226583333333332,1200
2020-04-04,-0.019270657276995305,0.08217605633802819,0.07818544600938968,0.8396431924882629,426
2020-04-05,0.006058682634730541,0.08018962075848306,0.06830738522954093,0.8515189620758484,501
2020-04-06,-0.005001763485477174,0.07956431535269712,0.08572406639004149,0.834728215767635,964
2020-04-07,0.011090264550264552,0.08709947089947088,0.08380952380952379,0.82909417989418,945
2020-04-08,-0.031190917968749992,0.09259179687500002,0.10717089843750002,0.8002324218749999,1024
2020-04-09,-0.014627088402270878,0.08925385239253852,0.08735523114355229,0.8234014598540144,1233
2020-04-10,-0.045017729729729734,0.07848648648648648,0.08760648648648649,0.833917837837838,925
2020-04-11,-0.012321884984025559,0.08797284345047923,0.08381309904153354,0.8282300319488819,626
2020-04-12,-0.00035222929936306094,0.07664012738853505,0.06643471337579618,0.8569251592356686,628
2020-04-13,0.02274490566037735,0.08866037735849058,0.07144654088050315,0.8398893081761007,795
2020-04-14,-0.009243568840579712,0.08849275362318844,0.08088858695652172,0.8306150362318838,1104
2020-04-15,0.028807923771313932,0.09909729187562691,0.07222768304914745,0.8286780341023068,997
2020-04-16,0.0017647357723577259,0.0820680894308943,0.07326117886178864,0.8446717479674793,984
2020-04-17,-0.0015685609532538939,0.08796700274977087,0.07663611365719525,0.8353913840513291,1091
2020-04-18,0.015408731466227355,0.08950906095551896,0.08454036243822075,0.8259341021416804,607
2020-04-19,0.05897316666666666,0.07931166666666667,0.06175333333333335,0.8589333333333335,600
2020-04-20,-0.008397783251231526,0.08870443349753696,0.08567816091954027,0.8256206896551717,1218
2020-04-21,0.015554695222405279,0.09989621087314665,0.08149176276771006,0.8186120263591434,1214
2020-04-22,0.04330283446712018,0.09762358276643991,0.07802947845804989,0.8243571428571429,882
2020-04-23,0.040439616613418536,0.09497763578274764,0.08105111821086262,0.8239872204472841,939
2020-04-24,0.018910238095238105,0.09576309523809526,0.08269285714285712,0.8215380952380955,840
2020-04-25,0.04520488322717622,0.10316772823779193,0.08306581740976646,0.8137685774946922,471
2020-04-26,0.048341573033707855,0.09401348314606742,0.0735303370786517,0.832467415730337,445
2020-04-27,0.06720180305131762,0.09414008321775312,0.0767115117891817,0.8291511789181694,721
2020-04-28,0.04738369565217392,0.08602415458937199,0.07007487922705315,0.8439106280193237,828
2020-04-29,0.09743694670280037,0.10794037940379403,0.06693405600722675,0.8251300813008132,1107
2020-04-30,0.05521541850220264,0.1033722466960352,0.06572356828193832,0.8308975770925109,908
2020-05-01,0.061363304514889555,0.10599711815561959,0.07375888568683955,0.8202305475504325,1041
2020-05-02,-0.005634354485776805,0.031173960612691464,0.021672319474835892,0.947157002188184,1828
2020-05-03,0.053316272965879256,0.10300787401574804,0.06634645669291338,0.8306430446194226,381
2020-05-04,0.0602748275862069,0.08229827586206898,0.06987586206896551,0.8478310344827589,580
2020-05-05,0.07508710144927537,0.09150869565217393,0.06252463768115943,0.8459579710144928,690
2020-05-06,0.04853445161290324,0.0974141935483871,0.0779083870967742,0.8246645161290326,775
2020-05-07,0.07900139049826188,0.08852723059096178,0.07370220162224797,0.8377578215527234,863
2020-05-08,0.052396711327649226,0.0939780755176614,0.07899634591961024,0.8270255785627284,821
2020-05-09,0.03160413793103448,0.07637701149425288,0.06460229885057472,0.8590206896551723,435
2020-05-10,0.014481137724550895,0.0750748502994012,0.07719161676646707,0.8477245508982035,334
2020-05-11,0.09208516579406634,0.0953368237347295,0.06577312390924957,0.8388778359511345,573
2020-05-12,0.07004775725593668,0.0914221635883905,0.07074406332453825,0.8378456464379948,758
2020-05-13,0.055677053824362596,0.09790793201133145,0.0786699716713881,0.8234150141643058,706
2020-05-14,0.06400109739369,0.08833058984910837,0.06485733882030177,0.8468203017832646,729
2020-05-15,0.08176630094043887,0.1029451410658307,0.07527115987460814,0.821796238244514,638
2020-05-16,0.060539522546419075,0.1013448275862069,0.07555437665782494,0.8231326259946947,377
2020-05-17,0.048068404907975475,0.09011656441717794,0.06891717791411042,0.8409723926380368,326
2020-05-18,0.07634068571428572,0.10136342857142859,0.07462285714285714,0.8240091428571429,875
2020-05-19,0.08332367724867724,0.093228835978836,0.06050793650793649,0.8462579365079365,756
2020-05-20,0.07162872200263505,0.09436627140974967,0.06866930171277996,0.8369565217391305,759
2020-05-21,0.07734277777777779,0.09489166666666665,0.07630000000000003,0.828802777777778,720
2020-05-22,0.039091572123176675,0.08754619124797405,0.07662074554294977,0.8358249594813615,617
2020-05-23,0.08607319034852547,0.08958713136729221,0.07166487935656837,0.8387345844504022,373
2020-05-24,0.06214161073825503,0.08937248322147652,0.07540939597315437,0.8352382550335571,298
2020-05-25,0.03150393442622951,0.09294426229508196,0.07568524590163936,0.8313606557377048,305
2020-05-26,0.07217541478129712,0.0949924585218703,0.06963951734539969,0.835348416289593,663
2020-05-27,0.10942487113402066,0.10522809278350514,0.0672409793814433,0.8275438144329896,776
2020-05-28,0.10713868421052632,0.10598552631578949,0.06087105263157895,0.8331473684210526,760
2020-05-29,0.08717798561151081,0.10437553956834535,0.07523165467625899,0.820395683453237,695
2020-05-30,0.026203430079155685,0.09648548812664909,0.0804221635883905,0.8230791556728232,379
2020-05-31,0.018511306532663318,0.08974120603015075,0.08446231155778892,0.8257914572864321,398
2020-06-01,0.034648652694610774,0.0899880239520958,0.08309580838323354,0.8269251497005989,668
2020-06-02,0.05002163323782234,0.09016905444126075,0.06766045845272206,0.8421690544412608,698
2020-06-03,0.07878044164037858,0.09310094637223973,0.06203627760252365,0.844864353312303,634
2020-06-04,0.0562864686468647,0.09828217821782177,0.055858085808580864,0.8458630363036301,606
2020-06-05,0.08804759825327504,0.12097379912663754,0.06145087336244541,0.8175731441048035,916
2020-06-06,0.08098121546961327,0.11371823204419887,0.07324861878453039,0.8130193370165744,362
2020-06-07,0.044220615384615386,0.09103692307692307,0.05936923076923077,0.8496030769230769,325
2020-06-08,0.0876725370531822,0.10884394071490851,0.0545937227550131,0.8365518744551004,1147
2020-06-09,0.0455959663865546,0.0932966386554622,0.06856806722689075,0.8381394957983197,1190
2020-06-10,0.0707125907990315,0.10099677158999192,0.05298547215496368,0.8460161420500402,1239
2020-06-11,0.05888625565610857,0.10110576923076926,0.06754468325791856,0.8313535067873302,1768
2020-06-12,0.049339833080424896,0.1003270106221548,0.0663361153262519,0.8333323216995443,1318
2020-06-13,0.061509601181683915,0.09697784342688333,0.063301329394387,0.839728212703102,677
2020-06-14,0.051240067340067336,0.09106228956228958,0.058452861952861944,0.850469696969697,594
2020-06-15,0.039609127789046676,0.08741176470588237,0.07501825557809332,0.837570993914807,986
2020-06-16,0.057752024291497984,0.10057085020242913,0.07038461538461538,0.8290293522267209,988
2020-06-17,0.021903987068965524,0.08830711206896552,0.08728987068965517,0.8244170258620689,928
2020-06-18,-0.017172902494331063,0.08699773242630388,0.11226757369614511,0.8007335600907031,882
2020-06-19,0.04578182844243792,0.10166027088036114,0.08134311512415353,0.8170158013544018,886
2020-06-20,0.06670626118067978,0.09168157423971378,0.0624293381037567,0.845885509838998,559
2020-06-21,0.046767934782608704,0.08004619565217391,0.0653804347826087,0.8545733695652175,368
2020-06-22,0.10487969465648858,0.09793435114503819,0.06351297709923664,0.838545038167939,655
2020-06-23,0.0877974930362117,0.0875933147632312,0.06457520891364901,0.8478356545961004,718
2020-06-24,0.054997537619699034,0.10296032831737352,0.06448837209302326,0.8325554035567719,731
2020-06-25,0.08337288629737609,0.09473760932944604,0.06965014577259475,0.8356064139941695,686
2020-06-26,0.060511052631578965,0.10634342105263157,0.08240394736842105,0.8112499999999999,760
2020-06-27,0.057438337801608584,0.09152278820375334,0.06803753351206435,0.8404369973190348,373
2020-06-28,0.09725361111111111,0.10932222222222222,0.04908888888888888,0.8415916666666665,360
2020-06-29,0.08568496621621624,0.09701351351351353,0.06358277027027028,0.8394087837837837,592
2020-06-30,0.10800777777777777,0.10684126984126985,0.0558825396825397,0.8372634920634919,630
2020-07-01,0.10891710144927538,0.09626376811594205,0.0665521739130435,0.8371811594202898,690
2020-07-02,0.1078409387222947,0.1024941329856584,0.07599478487614077,0.821490221642764,767
2020-07-03,0.12400422163588393,0.1109419525065963,0.06153298153034302,0.8275250659630604,379
2020-07-04,0.07802996389891695,0.08701805054151626,0.0541696750902527,0.8588267148014438,277
2020-07-05,0.0874043918918919,0.09483445945945945,0.055570945945945936,0.8495743243243243,296
2020-07-06,0.12533744680851067,0.11135035460992909,0.05145390070921985,0.8371716312056736,705
2020-07-07,0.09302397660818715,0.09298245614035089,0.058596491228070174,0.8484342105263157,684
2020-07-08,0.10603632653061221,0.09294557823129251,0.06492925170068027,0.8421238095238094,735
2020-07-09,0.10549544270833332,0.1003046875,0.06720833333333336,0.8324960937500002,768
2020-07-10,0.1106840562719813,0.10569988276670576,0.06110199296600237,0.8332063305978897,853
2020-07-11,0.10675111111111107,0.09546464646464647,0.054993939393939394,0.8495373737373737,495
2020-07-12,0.18033561643835613,0.11488219178082193,0.06187671232876712,0.8232630136986301,365
2020-07-13,0.14232923553719004,0.11987913223140498,0.0623801652892562,0.8177396694214877,968
2020-07-14,0.0657177556818182,0.09741335227272727,0.05978409090909091,0.8428153409090909,704
2020-07-15,0.0950733333333333,0.10443974358974355,0.06223205128205127,0.8333141025641028,780
2020-07-16,0.11070580075662041,0.09720176544766705,0.0769142496847415,0.8258852459016394,793
2020-07-17,0.10881142857142864,0.10618796992481204,0.06640601503759398,0.827393984962406,665
2020-07-18,0.04854479166666668,0.09886458333333337,0.06472395833333333,0.8364088541666668,384
2020-07-19,0.10642537764350453,0.1112809667673716,0.06122356495468278,0.8274954682779456,331
2020-07-20,0.10785204582651393,0.09801309328968903,0.05541571194762683,0.846558101472995,611
2020-07-21,0.11972239884393067,0.10813583815028899,0.06634537572254336,0.8255086705202311,692
2020-07-22,0.11780506329113928,0.10435724331926863,0.04856962025316456,0.8470759493670887,711
2020-07-23,0.05615734072022162,0.0904210526315789,0.07642243767313019,0.8331620498614957,722
2020-07-24,0.11538696774193549,0.12086064516129033,0.06977935483870967,0.8093651612903227,775
2020-07-25,0.1354798387096774,0.1303064516129032,0.05201881720430107,0.8176827956989248,372
2020-07-26,0.18797404844290652,0.11314532871972317,0.05259861591695502,0.8342802768166089,289
2020-07-27,0.11563709401709399,0.11054017094017093,0.06694700854700854,0.8225316239316242,585
2020-07-28,0.1467627358490566,0.10119654088050316,0.06709119496855344,0.8317185534591194,636
2020-07-29,0.0962957386363636,0.10440056818181818,0.07194602272727271,0.8236363636363637,704
2020-07-30,0.07525995500562432,0.1032350956130484,0.07286951631046118,0.8238976377952758,889
2020-07-31,0.1060620730270907,0.10434864546525321,0.0673922261484099,0.8282673733804474,849
2020-08-01,0.13923985507246378,0.09605555555555555,0.05950483091787439,0.8444541062801932,414
2020-08-02,0.1664795081967213,0.10306284153005466,0.06066939890710382,0.8362622950819673,366
2020-08-03,0.1652891549295775,0.10619295774647886,0.05591267605633804,0.8378816901408453,710
2020-08-04,0.11917441340782121,0.09773184357541899,0.05899776536312848,0.8432703910614524,895
2020-08-05,0.15493274021352324,0.10682918149466192,0.06178291814946619,0.831399762752076,843
2020-08-06,0.13973083235638922,0.1065533411488863,0.06303516998827666,0.8304021101992964,853
2020-08-07,0.11422831753554503,0.10787914691943126,0.07066232227488153,0.8214466824644554,844
2020-08-08,0.11089841269841269,0.10370068027210884,0.06396145124716554,0.8323106575963718,441
2020-08-09,0.12103687150837991,0.1095,0.05770670391061453,0.8328016759776535,358
2020-08-10,0.16581955128205136,0.10313942307692309,0.057721153846153846,0.8391538461538463,624
2020-08-11,0.09980606767794635,0.10525437572928822,0.06889381563593931,0.825850641773629,857
2020-08-12,0.10756150289017338,0.11533179190751448,0.06612947976878611,0.8185456647398844,865
2020-08-13,0.11359808153477216,0.10476019184652278,0.07282014388489208,0.8224184652278177,834
2020-08-14,0.10090483425414362,0.10522513812154694,0.06875966850828728,0.8259958563535911,724
2020-08-15,0.031548125,0.092525,0.10083125,0.8066374999999999,160
2020-09-29,-0.1417894810438156,0.04865780472755432,0.19044728577136993,0.7608948945999146,1
2020-10-01,0.7625,0.7919,0.0295,0.1786,10
2020-10-02,0.3768185185185183,0.4423898148148146,0.0655592592592593,0.49206296296296276,108
2020-10-03,-0.07400000000000001,0.09056666666666666,0.16453333333333334,0.7449666666666667,9
2020-10-05,-0.34396466165413525,0.16332631578947374,0.507290977443609,0.32934661654135317,133
2020-10-06,0.028945544554455506,0.20413762376237618,0.17520544554455453,0.6206569306930694,202
2020-10-07,-0.1445050632911393,0.13408607594936706,0.278620253164557,0.5872936708860759,79
2020-10-08,0.044861995249406185,0.27040095011876447,0.2255247030878858,0.5040057007125885,421
2020-10-09,0.24785210157618293,0.3360178633975474,0.08816436077057813,0.5758070928196171,1142
2020-10-10,-0.43153565088756984,0.06248380177514782,0.4941056952662764,0.44341020710059076,1352
2020-10-11,-0.535574461839526,0.02264637964774953,0.5583197651663442,0.41903375733855036,1022
2020-10-12,-0.16686901960784328,0.11801882352941184,0.2849741176470585,0.5970070588235292,255
2020-10-13,-0.12090337078651685,0.11122247191011239,0.23216067415730335,0.6566168539325842,89
2020-10-14,-0.16605909090909107,0.05461136363636363,0.2206653409090905,0.7247252840909097,352
2020-10-15,-0.29676839999999993,0.08960200000000008,0.3864228000000001,0.5239867999999995,250
2020-10-16,-0.16451734317343167,0.1473405904059042,0.31190332103321033,0.5407907749077486,271
2020-10-17,-0.20379022556390947,0.051702255639097666,0.25549586466165364,0.6928041353383464,266
2020-10-18,-0.23373815789473693,0.09221052631578948,0.32594736842105265,0.5818421052631578,76
2020-10-19,-0.27534999999999993,0.0726,0.3479571428571428,0.5794428571428573,14
2020-10-20,-0.07397319587628867,0.08928865979381441,0.16328144329896901,0.7475103092783504,97
2020-10-21,-0.08265730337078653,0.09913595505617975,0.1818157303370786,0.719103370786517,89
2020-10-22,0.02332702702702703,0.16470810810810807,0.14147297297297295,0.6938216216216215,37
2020-10-23,-0.12073999999999999,0.08345999999999999,0.2042,0.7122499999999998,10
2020-10-24,0.18309130434782608,0.36335869565217394,0.18026739130434777,0.4563260869565216,92
2020-10-25,0.10871052631578948,0.2409815789473684,0.1322710526315789,0.6267315789473685,76
2020-10-26,-0.24958163265306135,0.14870816326530617,0.39829047619047636,0.453025850340136,147
2020-10-27,0.19089466666666666,0.4002213333333333,0.2093386666666667,0.3904386666666667,75
2020-10-28,-0.17118193832599107,0.08966343612334808,0.2608096916299559,0.6495132158590309,227
2020-10-29,-0.3250695817490491,0.09737072243346016,0.42240076045627367,0.4802125475285166,263
2020-10-30,-0.48320967741935483,0.05138790322580645,0.5345814516129033,0.4140903225806451,124
2020-10-31,-0.06334864864864866,0.10333648648648647,0.16668378378378385,0.7299891891891895,74
2020-11-01,-0.07829418604651163,0.07086627906976745,0.14922906976744188,0.7799046511627906,86
2020-11-02,-0.0457,0.13998,0.18570000000000003,0.67434,5
2020-11-03,-0.28987391304347826,0.06005652173913043,0.3499347826086957,0.5900086956521737,23
2020-11-04,-0.0709,0.102575,0.17355,0.7238749999999999,4
2020-11-05,-0.20759999999999995,0.07632,0.28398,0.6396999999999999,5
2020-11-06,-0.254675,0.070925,0.325625,0.6034499999999999,4
2020-11-07,0.23415,0.28254999999999997,0.04835,0.6691,2
2020-11-08,0.13429999999999997,0.21759999999999993,0.08329999999999996,0.6991000000000004,105
2020-11-09,-0.086121875,0.14889687499999998,0.23503125,0.616071875,32
2020-11-10,-0.2459850574712642,0.051265517241379274,0.29725057471264366,0.6515724137931035,87
2020-11-11,0.27623491124260346,0.34458106508875747,0.06834142011834322,0.5871017751479294,169
2020-11-12,0.1924434065934067,0.28064835164835156,0.08821373626373628,0.6311769230769232,182
2020-11-13,-0.04810617977528089,0.15055393258426972,0.19865842696629207,0.6508061797752808,178
2020-11-14,0.0039015037593984935,0.1828112781954889,0.17893182957393497,0.6382155388471175,399
2020-11-15,0.08153297137216163,0.16931974333662403,0.08778736426456112,0.7428873642645628,1013
2020-11-16,0.07099722719141298,0.21900948121645775,0.14800760286225406,0.6329820214669051,1118
2020-11-17,0.10184631811487505,0.2196122974963179,0.11777812960235645,0.6626089101620011,1358
2020-11-18,0.10962541666666668,0.2884447916666661,0.17878583333333337,0.5327525000000006,480
2020-11-19,0.0021410958904109815,0.18433219178082189,0.18218219178082196,0.633454109589041,146
2020-11-20,0.06584520547945202,0.18458082191780834,0.11870958904109583,0.6967123287671235,146
2020-11-21,-0.07641632653061224,0.07328775510204083,0.1497061224489796,0.7770163265306124,49
2020-11-22,-0.2133035294117648,0.061469411764705884,0.27477647058823534,0.6637917647058823,85
2020-11-23,-0.04176774193548387,0.11875483870967743,0.16051612903225804,0.720758064516129,31
2020-11-24,0.101371875,0.238159375,0.13679375,0.625059375,32
2020-11-25,-0.12996369426751592,0.15964267515923575,0.289651592356688,0.5507121019108282,157
2020-11-26,-0.14701333333333336,0.11664833333333331,0.2636833333333333,0.6196333333333334,60
2020-11-27,-0.3516662337662337,0.07177142857142857,0.4234428571428571,0.504781818181818,77
2020-11-28,-0.06619512195121952,0.16557073170731706,0.23176829268292679,0.6027317073170732,41
2020-11-29,-0.14832032520325203,0.07132967479674797,0.21965040650406495,0.7090410569105688,246
2020-11-30,-0.008693103448275855,0.12668534482758623,0.13536120689655173,0.7379655172413797,116
2020-12-01,0.010958181818181813,0.13898545454545455,0.12798727272727276,0.7330127272727271,55
2020-12-02,-0.38045277777777775,0.038802777777777776,0.4192444444444445,0.5419583333333333,36
2020-12-03,0.1294932203389829,0.2061061016949154,0.07661389830508464,0.7173061016949152,295
2020-12-04,-0.045707831325301186,0.12555662650602403,0.17126445783132524,0.7031632530120482,166
2020-12-05,0.269113873873872,0.28366662162162337,0.014557342342342407,0.7016819819819741,2220
2020-12-06,0.2585527918781711,0.27444060913705376,0.015888759970993357,0.7095801305293671,1379
2020-12-07,0.3222776892430279,0.35625179282868547,0.03397330677290837,0.609724701195219,251
2020-12-08,0.35358302752293563,0.4070674311926604,0.053477064220183494,0.5393912844036698,218
2020-12-09,0.0713819209039548,0.2656186440677965,0.1942344632768362,0.5401242937853108,177
2020-12-10,-0.18159012345679018,0.12861481481481474,0.31020493827160495,0.5611234567901234,81
2020-12-11,-0.0807263636363637,0.10831090909090914,0.1890372727272726,0.7027345454545453,110
2020-12-12,0.241975,0.27392500000000003,0.03195,0.6940500000000001,8
2020-12-13,0.029273469387755095,0.11008979591836737,0.08081632653061226,0.8090816326530611,49
2020-12-14,0.08299565217391305,0.12537391304347825,0.04237826086956521,0.8322260869565218,23
2020-12-15,0.18650990566037737,0.45890707547169846,0.2723438679245281,0.2687372641509433,212
2020-12-16,-0.2749675675675676,0.19654729729729734,0.47151351351351345,0.33191621621621625,74
2020-12-17,-0.7534252336448601,0.04407757009345791,0.7975018691588789,0.1584168224299065,107
2020-12-18,-0.4128020408163266,0.08670816326530612,0.49951020408163266,0.41382653061224484,49
2020-12-19,-0.06741139240506332,0.16686962025316457,0.2342810126582278,0.5988772151898735,79
2020-12-20,0.34106190476190473,0.43880952380952387,0.09775,0.4634333333333333,42
2020-12-21,-0.08913478260869563,0.1482413043478261,0.2374413043478261,0.6143043478260869,46
2020-12-22,0.06349666666666663,0.1732773333333333,0.10974733333333325,0.7169733333333331,150
2020-12-23,0.24090824742268047,0.2727185567010309,0.03180103092783506,0.6955144329896904,97
2020-12-24,0.20266106194690262,0.2651336283185841,0.0624725663716814,0.6724743362831858,113
2020-12-25,0.22696751592356673,0.2942745222929935,0.06730700636942674,0.6384573248407643,157
2020-12-26,-0.3385234159779606,0.0980592286501377,0.4365823691460063,0.46529862258953164,363
2020-12-27,-0.010115384615384594,0.17497692307692314,0.18508681318681322,0.6399736263736265,91
2020-12-28,0.11150666666666667,0.1954933333333333,0.08398666666666665,0.7205666666666666,15
2020-12-29,0.3943829787234043,0.4352531914893618,0.04078510638297871,0.5239595744680849,47
2020-12-30,0.05750735294117647,0.20861764705882352,0.15108970588235296,0.6402838235294117,68
2020-12-31,0.25601724137931053,0.3103712643678163,0.05435402298850577,0.6353074712643678,174
2021-01-01,0.387334090909091,0.4224500000000002,0.035115909090909087,0.5424477272727273,88
2021-01-02,0.4111125,0.440825,0.0297,0.5294625000000001,8
2021-01-03,0.2893,0.2982,0.0089,0.6928,1
2021-01-04,0.0004428571428571377,0.15287857142857142,0.1524285714285714,0.6946642857142857,14
2021-01-05,-0.10504148936170211,0.09463510638297871,0.19967659574468097,0.7056851063829783,94
2021-01-06,0.12687500000000002,0.24173333333333333,0.11485833333333335,0.6433583333333334,12
2021-01-07,0.05506194690265485,0.08140176991150438,0.02625132743362832,0.89233628318584,113
2021-01-08,0.0664531690140846,0.09276866197183094,0.026257746478873235,0.8809661971830974,284
2021-01-09,0.23158973384030423,0.35210950570342225,0.12048288973384037,0.5274072243346003,263
2021-01-10,0.44778946657664037,0.4849220796758986,0.03703835246455091,0.47804152599594635,1481
2021-01-11,0.1717411111111111,0.34759444444444454,0.17577000000000004,0.47664777777777795,90
2021-01-12,0.046267692307692315,0.15974615384615384,0.11345230769230769,0.7268046153846154,65
2021-01-13,0.10437583892617454,0.20183087248322143,0.09744093959731547,0.7007288590604029,149
2021-01-14,0.13501719136894155,0.25201896002829943,0.11699235939158208,0.6309665723381679,2827
2021-01-15,0.12631842105263158,0.22452526315789473,0.09819473684210528,0.6772357894736843,190
2021-01-16,0.5318981481481481,0.6036296296296297,0.0717314814814815,0.3246407407407408,54
2021-01-17,0.23934999999999998,0.35811666666666664,0.11876666666666667,0.523125,12
2021-01-18,0.08913368421052632,0.1496252631578947,0.06048947368421053,0.7897926315789475,95
2021-01-19,-0.09107946428571427,0.14474375,0.2358178571428571,0.6193901785714288,112
2021-01-20,-0.4119660463740855,0.28430824846291186,0.6962742492581457,0.019416590701914312,2194
2021-01-21,-0.36704913512664217,0.2986519155779506,0.6657008799832954,0.035645326504481455,2343
2021-01-22,-0.31138099631629984,0.27830856657685893,0.589689416184925,0.13200188886851194,5453
2021-01-23,-0.3557468542505971,0.2939146596456828,0.6496585978223113,0.05642471550497864,2812
2021-01-24,-0.39055716204398466,0.30090619823878795,0.6914627442663455,0.0076306468172484595,1948
2021-01-25,-0.36161372648058093,0.31402079834720076,0.6756345447461167,0.010344656906682601,10041
2021-01-26,-0.3381166730073663,0.3232112442567978,0.6613291847324776,0.015459522261943458,6154
2021-01-27,-0.20369969929210735,0.25696417987335224,0.4606717862712743,0.28236847043724445,57657
2021-01-28,0.11766101622819182,0.12905170435075192,0.08861834311622147,0.7557125641283142,10021
2021-01-29,-0.0755885487001344,0.09153265838851496,0.16497602255879046,0.7434914163002643,17433
2021-01-30,-0.04285034606966838,0.13303429145689977,0.17588431941279647,0.6910818814065385,4115
2021-01-31,-0.04590739788428776,0.1048946435578554,0.15080191333808324,0.7443042828912176,2596
2021-02-01,-0.050214923428330616,0.09289356157519894,0.14310838930974967,0.7639989381036706,1095
2021-02-02,-0.06445312419539664,0.10956487366581541,0.17401737211627763,0.7164179204648877,1837
2021-02-03,-0.05069539651536076,0.10331184516009259,0.15400782332129567,0.7426804611284044,2490
2021-02-04,0.009255857257743041,0.1411586608057472,0.13190248669122343,0.7269390275174309,1708
2021-02-05,-0.11157063656142366,0.07792170460130188,0.18949230675905582,0.7325859507784285,2362
2021-02-06,-0.04395085644759311,0.10599744354372989,0.14994831723864965,0.7440542341016558,3109
2021-02-07,-0.049577782678449325,0.10106350505724532,0.15064128773569463,0.748295134066467,641
2021-02-08,-0.14786419870248096,0.12436543608127895,0.27222979201646436,0.6034044421900284,328
2021-02-09,-0.056247003950211254,0.07438420626534607,0.13063193093627803,0.7949878463092065,190
2021-02-10,-0.0026415247953300858,0.13019455094919152,0.13283685456072097,0.7369688987597532,223
2021-02-11,-0.0032049966862792768,0.1589971579092232,0.1622014912455854,0.6788033323286283,208
2021-02-12,-0.009995194316193076,0.13673972533853135,0.14673560341540817,0.7165243206367585,199
2021-02-13,0.054133782190242286,0.14533784592824556,0.09121429237819582,0.7634465503286059,283
2021-02-14,-0.11544898811773122,0.06412843233710014,0.17957897485897642,0.7562920900299992,194
2021-02-15,-0.1451914107560128,0.06614245302419458,0.21133452384621398,0.7225236980844646,104
2021-02-16,0.14903276544581553,0.2240533627243527,0.07502144653543735,0.7009218076290598,160
2021-02-17,-0.011197617621268478,0.15237633604429546,0.16357258647806394,0.6840485477623208,265
2021-02-18,-0.023115945909658757,0.15303060779960714,0.1761467099592659,0.6708163991045306,649
2021-02-19,-0.044068360649631336,0.0900190732814855,0.13408743393111683,0.7758944361324138,389
2021-02-20,0.0031642205859429492,0.13131389955697517,0.12814967897103224,0.7405397032608059,445
2021-02-21,0.2304582649010943,0.3144283450868241,0.08396602299871257,0.6016051381543575,656
2021-02-22,0.30928527385421134,0.37209141977903426,0.06281936947771724,0.5650909276500282,1007
2021-02-23,0.26252148132422315,0.32949400642956916,0.06697870812265859,0.6035280943388508,1228
2021-02-24,0.05549231162611007,0.14531442519385876,0.08981297439444567,0.7648705223085712,884
2021-02-25,0.03965330036904241,0.19843022606009106,0.1587745283895187,0.6427975175908799,8333
2021-02-26,0.11616980821126997,0.21861059355389392,0.10244124206790411,0.6789484300347082,8809
2021-02-27,0.11147284325611326,0.1802722023056822,0.06880925728305665,0.7509200617509674,2625
2021-02-28,-0.015192912832039634,0.07976574980545412,0.09495273480244223,0.8252922764202609,688
2021-03-01,0.053129259671168085,0.14018725257661377,0.08705617772392753,0.7727631569024771,207
2021-03-02,-0.09627073487166062,0.11691492787267388,0.21318918838536016,0.669897096243833,885
2021-03-03,0.27394746721087915,0.3270128395437623,0.053068748387901266,0.6199251793755581,3233
2021-03-04,0.14619566543093138,0.20183427451025762,0.0556342627181405,0.7425340654908026,1508
2021-03-05,0.007942299599771871,0.12225876717690927,0.11431465951037804,0.7634256125259116,742
2021-03-06,0.01024272396711351,0.10590913798539993,0.09566647895335136,0.7984242973164397,413
2021-03-07,-0.22937717053476536,0.09018574012603837,0.3195627023274704,0.590250727277899,170
2021-03-08,-0.026196264268129415,0.144455490603117,0.1706535021830744,0.6848821494857017,255
2021-03-09,0.15506574373067217,0.20821118755008441,0.053145528314553714,0.7386400925037733,813
2021-03-10,0.058938236381672005,0.1259198580045044,0.0669807144110729,0.8071088091704439,2238
2021-03-11,-0.004463716946781333,0.13618606339081069,0.14064476385148794,0.7231750927985157,4296
2021-03-12,0.12375245082359328,0.24567128826411383,0.12191522095607973,0.6324135083609723,1213
2021-03-13,0.006579135738015704,0.15553019623128214,0.1489550897972959,0.695515984647701,1017
2021-03-14,0.07520174954952537,0.19819018907083064,0.12299476522790015,0.6788161249793149,756
2021-03-15,0.041754653979742005,0.140811371054218,0.09905073554095568,0.760139089835111,2495
2021-03-16,-0.035810170809961565,0.0940491448462864,0.12985355640629032,0.7761080859541701,2004
2021-03-17,0.10352854810195805,0.15654771209439405,0.053022376066739395,0.7904331524252166,661
2021-03-18,0.033661005082317216,0.1195624942850573,0.08590401021114345,0.7945338057735698,245
2021-03-19,0.09680363022296747,0.2090513761426671,0.11224795959491332,0.6787013008382726,250
2021-03-20,0.13467447411631764,0.21703316175015297,0.08235890549875909,0.7006085735082167,160
2021-03-21,-0.013422001059775554,0.06740203456774353,0.08082320229418576,0.8517747534057498,61
2021-03-22,0.11051131865719198,0.2060357875648598,0.09551335779655672,0.6984508182061313,65
2021-03-23,-0.07368428339140229,0.11962113817279893,0.19330464031420122,0.6870757788179661,132
2021-03-24,-0.012256723435621945,0.12040619876882089,0.13266471861162846,0.7469295383545806,174
2021-03-25,-0.1725681813702898,0.08945271680836318,0.262020898178653,0.6485265890772349,268
2021-03-26,-0.04687449826427971,0.06971887032617974,0.11659336859045945,0.8136877800695295,194
2021-03-27,-0.08577535850135358,0.09425137626233143,0.18002673476368503,0.7257185025503453,164
2021-03-28,-0.14472842494691876,0.11071746467701321,0.25544488962393197,0.6338366355942049,52
2021-03-29,-0.15619615098754114,0.1130685321244733,0.2692646831120144,0.6176676905947924,56
2021-03-30,-0.13132128814178035,0.16890938445484008,0.3002306725966206,0.5308590200597093,224
2021-03-31,-0.2820139126390277,0.10361287871510501,0.3856304024652439,0.51075701180127,124
2021-04-01,-0.19043347144964398,0.10897063046051578,0.2994055160515743,0.5916238458764644,496
2021-04-02,-0.13893246520032235,0.05693104521793188,0.19586360807450443,0.7472056960707525,517
2021-04-03,0.2571711708956264,0.35936670311804325,0.10219553222241684,0.5384383214323064,123
2021-04-04,0.17748073603410375,0.22397096037183895,0.04649068305333135,0.7295388148931189,218
2021-04-05,0.04006907112384083,0.118498992529151,0.07842968884717064,0.8030396902109729,430
2021-04-06,0.14659313911969607,0.18013700041192413,0.03353818561655242,0.786318736411849,372
2021-04-07,0.14124421320232233,0.2376211847138644,0.09635442815894073,0.6660174505172087,173
2021-04-08,0.17633464827165532,0.21765804596721508,0.04132251469335225,0.7410307087040175,155
2021-04-09,-0.10770458468428036,0.07454654953556578,0.1822505832556588,0.7432042453136735,125
2021-04-10,-0.00965222799426245,0.10123893071247853,0.11089115870674099,0.7878726136601211,92
2021-04-11,0.022208086112439632,0.09260910521437724,0.0704010191019376,0.8369915064944327,31
2021-04-12,0.06817504893182694,0.12107958235799975,0.05290534643430289,0.826013479718518,43
2021-04-13,0.24934815723080983,0.37704706600662,0.12769921458620773,0.49525588506332396,114
2021-04-14,0.18172327914904132,0.25165586561818687,0.06993024271914555,0.6784142826417642,131
2021-04-15,0.014898932151845809,0.1375195071853846,0.12264974170020564,0.7398307562889533,790
2021-04-16,0.10176639792835046,0.2038768206079854,0.10211603165399388,0.6940127412634695,163
2021-04-17,-0.05820806758420284,0.17361229378126425,0.23181317573672455,0.5945930925392641,167
2021-04-18,0.03602960739206081,0.14804577450323858,0.11193898264515843,0.7400191245835642,206
2021-04-19,-0.05299923812479576,0.08648037527055993,0.13944158976485066,0.7740883351626966,932
2021-04-20,-0.1673787704515231,0.09844285827744509,0.2657899214118944,0.635774478694608,411
2021-04-21,0.027925785385829377,0.13215445767216105,0.10422171576459252,0.7636329653218932,118
2021-04-22,-0.05793170358048775,0.13441543973026152,0.1923454766440826,0.6732415603930382,83
2021-04-23,-0.11947059901284479,0.07648114468095016,0.1959472992493505,0.7275720900082231,62
2021-04-24,-0.01719890868142039,0.08700429776072328,0.10420401289375658,0.8087932856802169,63
2021-04-25,0.012756135496807595,0.13612857625385125,0.12336410742371033,0.7405073142657678,24
2021-04-26,0.07120287177294733,0.1410912868593609,0.06989244734447808,0.7890163028913402,125
2021-04-27,0.09762765058672356,0.17588056462372503,0.07825200079499235,0.7458726347012545,223
2021-04-28,0.12613013736165116,0.2134802838588958,0.0873499834980598,0.6991530315879623,413
2021-04-29,0.02964464518320672,0.15821440103357248,0.1285692210910075,0.7132149960319943,188
2021-04-30,-0.07152515837415761,0.0741889697371279,0.14569833209138486,0.7801118454376221,403
2021-05-01,-0.052164439578346176,0.12412712322609436,0.17628606829894602,0.6995868097081945,91
2021-05-02,-0.0063,0.17687999999999998,0.18314,0.64,5
2021-05-03,0.41946724137931096,0.4668780172413797,0.04742025862068961,0.4857862068965518,232
2021-05-04,0.0995721448467968,0.18730584958217247,0.08783050139275729,0.7248651810584966,718
2021-05-05,-0.22002133693560344,0.12354139475907501,0.3435709508727607,0.532888584824757,75
2021-05-06,-0.00932926677719248,0.08259156037590216,0.091918248884218,0.825490935064595,368
2021-05-07,0.005186070184022208,0.09439579451463417,0.0892098012536889,0.8163952556562117,334
2021-05-08,-0.3179282685293625,0.0632929945163653,0.3812212630457279,0.5554875151624212,367
2021-05-09,-0.16086671952415416,0.07978307633272382,0.24064979585687793,0.679567126993896,146
2021-05-10,-0.07504105455784026,0.07393728669317597,0.14897760051027548,0.7770850971313579,136
2021-05-11,-0.0725003642409794,0.11049060079237578,0.18299133540372556,0.7065176986687683,183
2021-05-12,0.2091798483897437,0.2554428939065012,0.04626258764129967,0.6982958853298955,366
2021-05-13,-0.0581213861573428,0.140170509425248,0.1982909379213006,0.6615383064252294,505
2021-05-14,0.057656079639293506,0.2849529656683993,0.22729694627006963,0.4877495408564211,422
2021-05-15,0.023378329624509486,0.11513763075616223,0.09176007994785214,0.7931203847154092,217
2021-05-16,-0.22623437871637717,0.06819404299819357,0.2944284217145708,0.6374127169368445,54
2021-05-17,-0.12449372229688715,0.06643950785807871,0.19093019985193557,0.7426363561415644,33
2021-05-18,0.037790960625056894,0.09344281986591195,0.055651859240855084,0.8509054865244146,205
2021-05-19,-0.1952725567566231,0.11873961150706837,0.31400971728329935,0.5672511427769766,71
2021-05-20,0.09129795018920199,0.15097779366115827,0.05968577567534611,0.7893449162091155,122
2021-05-21,-0.12211111429789287,0.08936913117701295,0.2114808201875495,0.699156364180062,90
2021-05-22,-0.0019988342486895183,0.28997588864640356,0.2919747228950931,0.41805004824193626,82
2021-05-23,-0.12076723322453016,0.08889077162479467,0.2096580048493248,0.7014469656109177,47
2021-05-24,-0.06217863295318563,0.06017685438657359,0.12235548733975922,0.8174650309755359,40
2021-05-25,0.18427791465048085,0.23965981555834867,0.055387809998776884,0.7049526263406173,117
2021-05-26,0.00966407762928384,0.20896125560062417,0.1993098878034747,0.5917295763006517,142
2021-05-27,0.10647195681468795,0.16689160695822772,0.060420259899637334,0.7726850881365954,172
2021-05-28,0.229140368586552,0.3403213360447755,0.1111808358792761,0.5484986451939826,197
2021-05-29,-0.04276736640725735,0.14195077188509855,0.184718667392885,0.6733316289064585,68
2021-05-30,0.049202375195208516,0.160894469583465,0.11169653883270093,0.7274089674004912,46
2021-05-31,0.16439527634584852,0.2427332427852161,0.07832831731656054,0.6789410965330157,43
2021-06-01,0.07468999286737821,0.1697124518597936,0.09502690343685981,0.735260650974252,45
2021-06-02,0.5420709130098214,0.5843353774124096,0.04225769020903973,0.37341534487639705,156
2021-06-03,0.46936707182320553,0.5020105524861888,0.03263662983425424,0.4653494475138119,1810
2021-06-04,0.11141661392405065,0.1826272151898737,0.07124984177215175,0.7461120253164559,632
2021-06-05,0.12253563579277822,0.14987158555729974,0.02734395604395606,0.8227844583987437,637
2021-06-06,-0.1083916417910448,0.12022268656716407,0.2286155223880598,0.6511498507462679,335
2021-06-07,0.18378837209302326,0.3446395348837209,0.1608139534883721,0.49453255813953484,43
2021-06-08,0.11208979591836733,0.19992448979591837,0.0878204081632653,0.7122428571428572,49
2021-06-09,0.20624084507042256,0.29978873239436615,0.093512676056338,0.6066816901408449,71
2021-06-10,0.21265713743267697,0.2801557485879405,0.06749827101920909,0.6523425769845229,208
2021-06-11,0.16592627137884094,0.20759146270350998,0.04166523450256204,0.7507442718801101,596
2021-06-12,-0.01974234368407557,0.1561439456738566,0.17588638334289458,0.6679682346325078,279
2021-06-13,-0.10285951572113994,0.10432335867430784,0.20718243191757166,0.688494199167693,114
2021-06-14,-0.42859423076923064,0.12365576923076922,0.5522509615384615,0.3240865384615384,104
2021-06-15,0.2825194581910653,0.3215624933916149,0.03904396112647558,0.6393923679358271,194
2021-06-16,0.07857576569324791,0.18394723407209448,0.10537255985493806,0.7106777646605568,500
2021-06-17,0.025910682666601972,0.13873377110534427,0.1128236884387423,0.7484414541328512,262
2021-06-18,0.15546289272098385,0.23236465848078874,0.07690273475205289,0.690729956562873,785
2021-06-19,-0.20096857157554626,0.1421108895649651,0.3430803351390535,0.5147889516091922,1376
2021-06-20,-0.1273707701484507,0.14517372682955149,0.27253632866117056,0.5822642017413797,404
2021-06-21,-0.019566810876581544,0.07157506097122433,0.0911393567875649,0.837245852944138,3321
2021-06-22,0.13822841107733516,0.23402135477902997,0.09579010541786616,0.6701761622292008,1015
2021-06-23,0.34086742091607025,0.37814027481803697,0.03725221693187954,0.5846077008260575,4655
2021-06-24,-0.030282324741934336,0.2024554336678385,0.23273181221418424,0.5647891475730965,2892
2021-06-25,0.06994856553298252,0.11578761358328582,0.0458327084581364,0.8383653161909396,1655
2021-06-26,0.5379127904541704,0.5864421516633723,0.0485262426525008,0.3650351569989252,978
2021-06-27,0.35738175002132283,0.38268684076005627,0.025398338587369566,0.5919214450030135,23474
2021-06-28,0.29219067551962863,0.35895825635103756,0.0667985277136266,0.5742690242494196,3464
2021-06-29,0.12347806831706698,0.15476717968864043,0.03128928007169043,0.813943713282792,11068
2021-06-30,0.0341137136261013,0.18064096986016373,0.1465366108092257,0.6728225910067752,821
2021-07-01,0.15151927165878787,0.23285703471084065,0.08135174862746847,0.6857884775322586,1070
2021-07-02,0.14894073476363429,0.2192350569582571,0.07029331432834919,0.7104536074513551,1360
2021-07-03,0.19303720168542196,0.31556779163003656,0.12252931679646646,0.5618862232597691,294
2021-07-04,0.14464954777042002,0.313355814918399,0.16870547974640382,0.5179573403029153,381
2021-07-05,0.23788447143441746,0.3046934356932363,0.06680684887420299,0.6284721561205024,1562
2021-07-06,-0.015235074036811893,0.106054922567605,0.12128973434372907,0.7726489769448798,2545
2021-07-07,-0.3454758016616538,0.09762200527918864,0.44309846360125266,0.45927343421208117,1066
2021-07-08,0.21110779321054232,0.24702849423542617,0.035920548701959064,0.7170506961750215,1316
2021-07-09,-0.02043062799448135,0.14267380679790104,0.16309555154365124,0.6942308105459093,1580
2021-07-10,0.2512016374614722,0.3187355396176902,0.0675258746332822,0.6137415807433084,219
2021-07-11,0.03294020723678256,0.12734030956640213,0.09439703719551999,0.778265338773723,176
2021-07-12,-0.01816608115071519,0.10489321488012306,0.12305860637566576,0.7720539332869738,436
2021-07-13,0.0758711157060907,0.27983126064533126,0.20395863306019052,0.516179853661462,464
2021-07-14,0.3540190215210257,0.42573723252325735,0.071715452381542,0.5025475023716175,149
2021-07-15,0.31877693855503525,0.4204318042227482,0.10165530562630481,0.47787756587903707,1934
2021-07-16,-0.0779027059896401,0.07072542142643116,0.14862385912338805,0.7806274388408707,1150
2021-07-17,-0.5931734849700157,0.04572210550931596,0.6388576493028626,0.3154176028572867,513
2021-07-18,-0.09491787515311702,0.17088665272245818,0.26580127584305474,0.5633104442521817,246
2021-07-19,0.02895459303380501,0.17346716096553358,0.14452259927969072,0.6819564258509759,957
2021-07-20,-0.44637453213630884,0.07852522102921472,0.5249001485645165,0.3965323050904748,1392
2021-07-21,0.06923289902280134,0.16844332247557023,0.09921563517915317,0.7322811074918564,307
2021-07-22,-0.029206079295154033,0.10282281938326054,0.13202863436123283,0.7650564757709258,1135
2021-07-23,-0.20508640350877197,0.07770526315789474,0.2827929824561403,0.6394473684210523,228
2021-07-24,0.3886316326530598,0.4227134693877552,0.03398632653061221,0.5432999999999989,490
2021-07-25,0.3304972222222222,0.3988361111111111,0.06824999999999998,0.5329138888888889,72
2021-07-26,-0.25222282608695656,0.09413913043478259,0.34635217391304357,0.5595891304347826,92
2021-07-27,0.1144921568627451,0.28441568627450986,0.16992549019607842,0.5456745098039215,51
2021-07-28,0.2532357142857143,0.3586595238095238,0.10541904761904763,0.5359214285714287,42
2021-07-29,-0.12012,0.2191,0.33919999999999995,0.4417,5
2021-07-30,0.33482500000000004,0.40117499999999995,0.066325,0.5325124999999999,8
2021-07-31,0.36545,0.50365,0.13815000000000002,0.3582,4
2021-08-01,-0.1077192857142856,0.20689899999999975,0.3146478571428572,0.47845014285714177,700
2021-08-02,0.19067866581855744,0.3445733001802833,0.15388992847937297,0.5015395168346518,510
2021-08-03,0.14824117612768836,0.26224780980039525,0.11397330033937353,0.623777656373124,81
2021-08-04,0.02329923364068626,0.09727524174623348,0.07397625320358643,0.8287477957897241,106
2021-08-05,0.08079740658003474,0.25088625352555705,0.17008669640788787,0.5790270488948912,93
2021-08-06,0.3405311295947409,0.40660758726926255,0.0660764576745216,0.527315958192739,89
2021-08-07,-0.02752823531422169,0.13457429047644595,0.16210252579066764,0.7033025479548434,63
2021-08-08,-0.005365249843451465,0.0922216158234604,0.09758686566691188,0.8101154889212071,146
2021-08-09,0.029475770808577533,0.08304280629012321,0.053567035481545656,0.8633803503419294,81
2021-08-10,-0.0934637744989225,0.13228710465463206,0.22575087915355455,0.6419586381554266,62
2021-08-11,0.11447963131833727,0.21678371673280847,0.10229015506621246,0.6809260958780623,137
2021-08-12,-0.12183109280602811,0.16975750201754347,0.2915851957007647,0.5386546531352638,460
2021-08-13,0.025595741108385108,0.12340958033576604,0.0978142360527778,0.7787761827762224,129
2021-08-14,0.20147854992800152,0.26122772584848486,0.05974686822817573,0.6790253839924838,132
2021-08-15,-0.048912809414954635,0.08723994673716806,0.1361527561521226,0.7766072972918002,108
2021-08-16,0.03866494255333673,0.13441120881787502,0.09574626626453828,0.7698425498450174,33
2021-08-17,0.49984400000000023,0.6085984000000004,0.10875279999999998,0.28255439999999993,125
2021-08-18,0.4068098901098902,0.5242626373626373,0.1174472527472527,0.3582208791208791,91
2021-08-19,0.01023636363636365,0.1892,0.17901818181818183,0.6317818181818182,11
2021-08-20,-0.18986923076923076,0.13821025641025642,0.32814102564102565,0.5336474358974359,78
2021-08-21,-0.3377666666666667,0.09004444444444444,0.42784444444444447,0.48211111111111116,9
2021-08-22,0.016168438538206,0.1165501661129566,0.10028172757475069,0.7831681063122936,301
2021-08-23,0.2518142857142857,0.3465428571428571,0.09471428571428572,0.5587571428571428,7
2021-08-24,0.018014285714285712,0.1792214285714286,0.16122142857142857,0.6595428571428571,14
2021-08-25,-0.13695757575757575,0.09840909090909089,0.23536666666666667,0.6662242424242426,33
2021-08-26,0.29882105263157893,0.35754473684210525,0.058710526315789456,0.5838026315789474,38
2021-08-27,0.034113559322033936,0.26677245762711865,0.2326567796610171,0.5005987288135594,236
2021-08-28,0.3105373134328358,0.37957611940298513,0.06905223880597015,0.5513776119402984,67
2021-08-29,0.25813388429752065,0.3695363636363637,0.11141157024793387,0.5191107438016531,121
2021-08-30,0.17136527545909805,0.28198080133556,0.11061552587646035,0.607404507512522,599
2021-08-31,0.1671346820809248,0.27549595375722524,0.10836820809248558,0.6161375722543353,173
2021-09-01,0.1625661157024794,0.2161801652892562,0.053615702479338834,0.7301942148760328,121
2021-09-02,0.09827727272727274,0.17501623376623376,0.07673766233766231,0.7482454545454541,154
2021-09-03,-0.04569375000000001,0.13969687499999997,0.18539375000000002,0.6749093749999999,64
2021-09-04,-0.09250966386554625,0.1751180672268907,0.26764915966386554,0.5572483193277312,238
2021-09-05,0.06249011494252865,0.2121694252873563,0.14965494252873554,0.6381680459770117,435
2021-09-06,0.14691898734177197,0.19012995780590694,0.04319451476793246,0.7666755274261597,237
2021-09-07,0.08081686746987952,0.12541566265060242,0.0446024096385542,0.8299819277108437,83
2021-09-08,0.031091891891891887,0.22585675675675676,0.19476486486486486,0.5793567567567568,37
2021-09-09,-0.2058333333333333,0.17029814814814814,0.37613148148148146,0.4535351851851851,54
2021-09-10,0.2581634615384616,0.31735096153846165,0.059184615384615384,0.6234673076923076,104
2021-09-11,0.27902777777777776,0.3345333333333333,0.05552222222222222,0.6099111111111112,18
2021-09-12,-0.04466652267818572,0.14075874730021573,0.185406911447084,0.6738738660907125,463
2021-09-13,0.01553464566929132,0.21471338582677174,0.19919212598425204,0.5861141732283464,127
2021-09-14,0.34629999999999994,0.39247272727272725,0.046154545454545455,0.5613636363636363,22
2021-09-15,0.18401428571428569,0.25802857142857144,0.07397142857142858,0.6679857142857143,7
2021-09-16,0.04673333333333334,0.1311,0.0843,0.7846000000000001,3
2021-09-17,-0.5995770491803277,0.039409836065573786,0.6389868852459015,0.3216032786885247,61
2021-09-18,-0.6274,0.032,0.6594,0.3086,1
2021-09-19,-0.6274,0.032,0.6594,0.3086,1
2021-09-20,-0.6274,0.032,0.6594,0.3086,1
2021-09-21,-0.0034999999999999845,0.27213333333333334,0.27563333333333334,0.4522333333333333,3
2021-09-22,0.431475,0.4672,0.03565,0.49715,4
2021-09-24,-0.4382000000000005,0.031000000000000017,0.4692000000000006,0.4997999999999998,425
2021-09-25,-0.4381999999999995,0.030999999999999975,0.46920000000000045,0.4998000000000004,167
2021-09-26,-0.26327999999999996,0.11579999999999999,0.37908,0.50512,5
2021-09-27,-0.028,0.0696,0.0976,0.8327,14
2021-09-28,0.09088947368421048,0.23872526315789488,0.14785684210526304,0.6134357894736844,285
2021-09-29,-0.05913396226415094,0.17223679245283025,0.23139182389937094,0.5963764150943391,318
2021-09-30,-0.5706928571428571,0.02197142857142857,0.5927571428571428,0.38527142857142854,14
2021-10-01,0.367928125,0.42879375000000003,0.06086875,0.5104093749999999,32
2021-10-02,0.2627911392405063,0.2834905063291142,0.020699367088607597,0.6958132911392402,158
2021-10-03,-0.16018333333333334,0.15510416666666668,0.31527499999999997,0.5296208333333333,24
2021-10-04,0.2689375,0.36923750000000005,0.10029999999999999,0.530475,8
2021-10-05,-0.1516875,0.09831875000000001,0.2500125,0.65168125,16
2021-10-06,0.1188544776119402,0.1812218905472641,0.06235124378109449,0.7564298507462672,402
2021-10-07,0.24379425287356318,0.29686436781609193,0.053052873563218375,0.6500850574712643,87
2021-10-08,0.2054849056603773,0.2203886792452829,0.014813207547169811,0.764798113207547,53
2021-10-09,0.11182653061224491,0.15498367346938768,0.04310816326530613,0.8019081632653061,49
2021-10-10,0.19462758620689655,0.269448275862069,0.07478965517241379,0.6557620689655173,29
2021-10-11,0.2500174757281554,0.3310466019417475,0.08102815533980588,0.5879019417475732,103
2021-10-12,-0.06465777777777777,0.17506000000000005,0.23971777777777786,0.585148888888889,45
2021-10-13,0.21335238095238093,0.2629714285714286,0.04961904761904761,0.6873619047619048,21
2021-10-14,0.37777407407407404,0.39163148148148136,0.013759259259259264,0.5946092592592591,54
2021-10-15,0.2506758620689655,0.27053448275862074,0.01983448275862069,0.7096793103448275,29
2021-10-16,0.004113333333333332,0.12314000000000001,0.11902666666666667,0.7577466666666667,15
2021-10-17,-0.10309999999999997,0.05477681159420289,0.15778188405797106,0.7874434782608696,138
2021-10-18,0.205045804195804,0.28423671328671335,0.07915454545454548,0.6365895104895103,286
2021-10-19,-0.017108450704225377,0.24344084507042246,0.26049577464788737,0.496061971830986,142
2021-10-20,0.3203418699186991,0.38094186991869905,0.06059471544715447,0.5585288617886184,246
2021-10-21,0.3180101265822786,0.36101434599156124,0.0430016877637131,0.595994936708861,237
2021-10-22,0.37062448979591817,0.4288844897959182,0.058265306122449005,0.5128510204081633,245
2021-10-23,0.3484311111111111,0.44162,0.09318888888888888,0.46522444444444455,45
2021-10-24,0.17499999999999996,0.23020000000000004,0.055216666666666664,0.7145833333333332,6
2021-10-25,0.3035135135135135,0.350497972972973,0.046987162162162165,0.6024918918918919,148
2021-10-26,0.2165914754098363,0.31202918032786914,0.09545475409836064,0.5925557377049181,305
2021-10-27,0.26849459459459485,0.31527258687258664,0.04682741312741317,0.6379038610038605,259
2021-10-28,0.3341685714285714,0.38288142857142865,0.04874285714285713,0.5683700000000002,70
2021-10-29,0.2772690058479534,0.2979298245614035,0.02066081871345029,0.6814093567251465,171
2021-10-30,0.24008322580645164,0.2794103225806451,0.03932774193548388,0.6812503225806451,155
2021-10-31,0.24792916666666667,0.27569166666666667,0.027795833333333336,0.6965083333333334,24
2021-11-01,0.43290860215053795,0.45107419354838724,0.01816559139784947,0.5306779569892476,186
2021-11-02,0.23277111111111115,0.36204666666666663,0.12927777777777777,0.5086811111111109,90
2021-11-03,0.3137049079754602,0.38056134969325156,0.06686809815950923,0.552568711656442,163
2021-11-04,0.4640610389610389,0.48752467532467514,0.023453246753246754,0.48895974025974037,77
2021-11-05,0.450535820895522,0.4634691542288554,0.012954726368159218,0.5234990049751245,201
2021-11-06,0.2167,0.24303124999999998,0.026306250000000003,0.73064375,16
2021-11-07,-0.08696333333333335,0.15450888888888895,0.2414722222222222,0.6040477777777777,90
2021-11-08,0.18853095238095233,0.3002190476190477,0.11168809523809527,0.5881857142857144,42
2021-11-09,-0.258602380952381,0.04628809523809524,0.3048928571428572,0.6489,42
2021-11-10,0.46052,0.51117,0.050570000000000004,0.43825000000000003,10
2021-11-11,-0.12262580645161288,0.1767096774193548,0.29931612903225807,0.5239774193548387,31
2021-11-12,0.123875,0.26775,0.14385,0.5884,4
2021-11-13,0.3635870967741935,0.39203870967741944,0.02850322580645161,0.5794129032258064,31
2021-11-14,0.29776875,0.32155,0.023850000000000003,0.6545812499999999,16
2021-11-15,0.35628181818181814,0.3739545454545455,0.017663636363636364,0.6083727272727273,11
2021-11-16,0.2879333333333333,0.3182666666666667,0.030366666666666667,0.6514333333333333,3
2021-11-17,0.17299863013698635,0.29101461187214583,0.11800593607305929,0.5909812785388125,219
2021-11-18,0.35123903743315504,0.4372165775401065,0.08591764705882346,0.47686524064171154,187
2021-11-19,0.3193111111111111,0.38210000000000005,0.0628111111111111,0.5551111111111111,9
2021-11-22,0.4102125,0.4223374999999999,0.012125,0.5654750000000001,8
2021-11-23,0.5334000000000001,0.6395999999999998,0.10619999999999999,0.25410000000000016,59
2021-11-24,0.3125,0.3478833333333333,0.03545,0.6166666666666666,6
2021-11-25,0.3837,0.4072,0.0236,0.5692,1
2021-11-26,0.187,0.2328,0.0458,0.7215,1
2021-11-30,0.03870664652567972,0.2831232628398793,0.24436978851963753,0.4725051359516612,331
2021-12-01,0.2636617142857142,0.3800514285714285,0.11632628571428577,0.5036080000000005,175
2021-12-02,0.013036470588235271,0.16624705882352936,0.15318941176470594,0.6805541176470588,85
2021-12-03,0.11771509433962263,0.20967735849056604,0.09196320754716986,0.6983575471698111,106
2021-12-04,0.25325000000000003,0.28230000000000005,0.02905,0.68865,2
2021-12-05,0.3229,0.34657,0.023670000000000004,0.62976,10
2021-12-06,0.011,0.1104,0.0993,0.7903,2
2021-12-07,0.02704146341463415,0.10304634146341463,0.07598536585365855,0.8209682926829265,82
2021-12-08,0.12196666666666667,0.17583333333333334,0.05386666666666667,0.7703333333333332,45
2021-12-09,0.46864882154882237,0.5037861952861952,0.03513737373737378,0.4610771043771033,297
2021-12-10,0.45337621359223274,0.4843019417475727,0.03092330097087377,0.4847558252427185,206
2021-12-11,0.3909,0.4044,0.0135,0.582,2
2021-12-12,0.15150555555555556,0.1940222222222222,0.042516666666666675,0.7634722222222222,18
2021-12-13,0.3692582191780823,0.41336232876712325,0.044104109589041096,0.54256301369863,146
2021-12-14,0.44704107142857163,0.4761035714285712,0.029063095238095256,0.49484702380952356,168
2021-12-15,-0.09348286445012793,0.08776035805626588,0.1812455242966752,0.7309864450127883,391
2021-12-16,-0.13166267605633813,0.06464084507042255,0.19630880281690136,0.7390485915492964,284
2021-12-17,0.012169208211143688,0.1461375366568916,0.1339891495601175,0.7198680351906159,341
2021-12-18,0.01385541795665631,0.11644427244582063,0.10258947368421051,0.7809656346749235,323
2021-12-19,0.04734400000000002,0.09854399999999998,0.051199999999999996,0.850256,25
2021-12-20,-0.12236250000000001,0.1602375,0.2826375,0.557125,8
2021-12-21,0.31617636363636364,0.3779018181818183,0.06173272727272724,0.5603672727272729,55
2021-12-22,0.3756328859060404,0.3945533557046975,0.018920134228187904,0.5865265100671133,298
2021-12-23,0.008016666666666656,0.1360055555555555,0.12799120370370362,0.7360032407407404,216
2021-12-24,-0.06653149606299208,0.10767125984251971,0.174202755905512,0.7181259842519689,254
2021-12-25,-0.1387636363636363,0.07656470588235303,0.21532620320855642,0.7081090909090912,187
2021-12-26,-0.13582421052631577,0.06308315789473683,0.19886842105263153,0.7380621052631579,95
2021-12-27,0.024393617021276605,0.12670091185410326,0.10232127659574461,0.7709905775075983,329
2021-12-28,0.4625037037037037,0.5041222222222224,0.04165925925925926,0.4542148148148148,27
2021-12-29,-0.6066614035087718,0.04645087719298246,0.6531122807017543,0.3004473684210526,57
2021-12-30,-0.5934666666666667,0.0237,0.6171666666666666,0.35916666666666663,3
2021-12-31,0.01733487394957986,0.26048109243697487,0.2431920168067227,0.49636554621848705,238
2022-01-01,0.23593519628408752,0.33466030866047347,0.09873581060833078,0.5666161821995805,3384
2022-01-02,0.1840886006916733,0.2778794809124766,0.09379876629422715,0.6283401968608673,3767
2022-01-03,0.27220284561049457,0.3723748082744701,0.10017260595358227,0.52747163975782,3969
2022-01-04,0.2881688248789192,0.3955373867402035,0.10733697309572918,0.49713423400458856,3934
2022-01-05,0.26781418952007835,0.33340566846229214,0.06559194417238005,0.6009999142997065,4085
2022-01-06,0.07790382888206106,0.2175998818246272,0.13969390215079203,0.6427091704088861,4231
2022-01-07,0.25447228221742263,0.3244446364290856,0.06997329013678914,0.6055832133429322,4169
2022-01-08,-0.053208965122927394,0.14517253001715266,0.19839759862778727,0.6564250085763297,3608
2022-01-09,-0.12299492513121346,0.13864593450288315,0.2616481967502913,0.5997048962244418,3363
2022-01-10,-0.18634825367647043,0.13993508403361335,0.32628350840336134,0.5337797925420167,3812
2022-01-11,0.12413018315018313,0.2309560195360196,0.10682913308913324,0.6622134065934079,4095
2022-01-12,0.04274543608508572,0.20071957457075082,0.15793570308416113,0.6413489605532992,3839
2022-01-13,0.13238597955064627,0.25010507529886666,0.1177175913234414,0.6321773207354673,4012
2022-01-14,0.15809905660377366,0.24397783897808495,0.08587110629321457,0.6701509316770188,3671
2022-01-15,0.11291785513756324,0.18464795058955633,0.0717294778214486,0.743572908478383,3631
2022-01-16,0.12734927613941024,0.20066833780160823,0.07331931635388747,0.7259651675603216,3750
2022-01-17,0.47785435220125777,0.5425495429769391,0.06474132075471699,0.39270361844863705,4011
2022-01-18,0.475067433803514,0.5383319104182129,0.06330872154169759,0.39835284583023983,4049
2022-01-19,0.027400043927189498,0.18549735795230207,0.15810083116165205,0.6563978273315955,3779
2022-01-20,0.13049550697424894,0.2584626072961374,0.12797915772532187,0.6135452387339057,3732
2022-01-21,0.07571712208118726,0.2161995080637585,0.14048329042166124,0.6433311651058988,4306
2022-01-22,0.08515268603659117,0.22846670916674555,0.14331433453407907,0.6282334576737132,3049
2022-01-23,0.023616210764809936,0.17411948704133512,0.15053063038793105,0.6753477273983195,3751
2022-01-24,0.13842224355458035,0.23033270707624798,0.09191822088133114,0.6777383662461143,3652
2022-01-25,-0.0032359517241379934,0.18679806206896554,0.1900328551724137,0.6231694000000001,3627
2022-01-26,0.06261969448990723,0.18616983087834152,0.1235512547735951,0.6902784097108563,3668
2022-01-27,0.06232859333516438,0.17711711365925112,0.11478935800604226,0.708091001556349,3701
2022-01-28,0.08824353982300875,0.18252584070796474,0.0942829793510325,0.7231912389380526,3395
2022-01-29,0.1384866159947122,0.2514232980832782,0.11293595505617995,0.6356418374091204,3026
2022-01-30,0.06693213074494213,0.18009889681518734,0.11316767726971505,0.7067319718941251,3052
2022-01-31,0.0571419601031291,0.17678579673476516,0.11964213751067765,0.7035570998123859,3534
2022-02-01,0.03663367776886032,0.16877192415730338,0.13213199839486361,0.6990696749598714,3595
2022-02-02,0.12091463558571845,0.2391246090292122,0.11820976689288888,0.642663647093538,3389
2022-02-03,-0.16250137870343218,0.13129584922264603,0.29384671457905553,0.5748556761513643,3410
2022-02-04,0.2278863592832157,0.32414227444292504,0.0962569929479005,0.5796401936382585,3262
2022-02-05,0.2828134248002778,0.36713171240013887,0.08431856547412299,0.5485982459187219,2911
2022-02-06,0.13288644197625438,0.23938379931060902,0.10649777862887773,0.6541211030256613,2611
2022-02-07,0.1282687959964674,0.23672920223726826,0.10845961142184295,0.654811304091846,3397
2022-02-08,0.33144199552749276,0.4010142835218802,0.06957250285012724,0.5294030605980882,3279
2022-02-09,0.11576668035966617,0.20852382747242487,0.0927192889816136,0.6987512659576782,3900
2022-02-10,0.13634715690077331,0.2541636809377197,0.11781781618948337,0.6280184240830082,3225
2022-02-11,0.12154190507560073,0.24460354790137395,0.12306096994792645,0.6323295909404604,2909
2022-02-12,0.10016520190023755,0.21620502771179714,0.11603895486935875,0.6677575613618371,2526
2022-02-13,0.18021152502910365,0.26802216724873884,0.08781038998835855,0.6441935681024447,2579
2022-02-14,0.13927308492201035,0.25666497400346616,0.11739242634315426,0.6259407625649911,2886
2022-02-15,-0.15088939075630253,0.11952123599439779,0.2704110644257703,0.6100686449579835,2887
2022-02-16,-0.1465448626471638,0.11974975026757043,0.2662946485907956,0.613956225472708,2804
2022-02-17,0.1104418422965116,0.21031309350775196,0.09987014292635657,0.6898169270833336,2755
2022-02-18,0.07354973604826548,0.20812300150829582,0.13457205882352943,0.6573044494720962,2652
2022-02-19,0.0874775208243882,0.1780060111635895,0.09052769600686993,0.7314674950622585,2379
2022-02-20,0.1058850669818755,0.19730589046493302,0.09142092198581563,0.7112739361702126,2544
2022-02-21,0.08445268172194778,0.20498371559633038,0.12055898023994356,0.6744477240649256,2943
2022-02-22,0.12513768838972972,0.20936821957646462,0.08425960466274635,0.7063712462643401,2873
2022-02-23,0.07760801409468737,0.23094257318395373,0.15337158926635353,0.6156858556198049,2771
2022-02-24,0.17702216417910457,0.2749943470149252,0.09797186567164187,0.626983507462687,2847
2022-02-25,-0.2189994379683597,0.15855849118789891,0.37755728386067167,0.4638741621565365,2426
2022-02-26,-0.03201242081447964,0.1368629185520362,0.16887461538461546,0.6943040045248867,2227
2022-02-27,-0.008649394323950128,0.13923790378403322,0.147886352099677,0.7129198171435163,2175
2022-02-28,-0.3331429373065015,0.12102906346749234,0.4541714202786377,0.4247990712074303,2585
2022-03-01,-0.29793780250516844,0.12103152134257567,0.4189691596740849,0.4599994284324457,2744
2022-03-02,0.10873895348837213,0.2253432170542636,0.11660418604651178,0.6580506201550383,2580
2022-03-03,-0.33757408602150535,0.1167794193548387,0.4543531612903226,0.42886778494623634,2326
2022-03-04,0.08956254876462935,0.21421556133506728,0.12465231902904204,0.6611339835283919,2307
2022-03-05,0.45429723200805244,0.5187911927528936,0.06444466532460998,0.41676497232008025,2028
2022-03-06,0.23648946125907988,0.33940533898305086,0.10288776634382567,0.5577081537530266,2093
2022-03-07,0.006895919225915016,0.14096555882765388,0.13408605384939,0.7249328565418593,2383
2022-03-08,-0.019993294216261545,0.13601592623637881,0.1560088642078793,0.7079748742665548,2390
2022-03-09,0.10512997963340123,0.21964692464358457,0.11451796334012224,0.6658368635437876,2455
2022-03-10,0.17757381658895008,0.2993086759926522,0.12173606754274413,0.578922961706938,2362
2022-03-11,0.08026883481516146,0.21318324754328502,0.1329164248947122,0.6539005615348621,2137
2022-03-12,0.10979827586206896,0.222745369458128,0.11294748768472908,0.664307536945813,2030
2022-03-13,0.10971270171785526,0.21923571056741287,0.10952264445601251,0.671241020301926,1921
2022-03-14,0.10407619718309857,0.22000093896713618,0.11592187793427229,0.6640760563380281,2130
2022-03-15,0.12943062583222376,0.2332604527296939,0.10382862849533955,0.6629142476697736,2253
2022-03-16,0.14575158993830092,0.2534327479829142,0.10768006644518274,0.6388878025628854,2107
2022-03-17,0.12479470777726645,0.23244689369535207,0.1076525080533824,0.6599023930050623,2173
2022-03-18,0.10935844277673545,0.22752363977485932,0.118166885553471,0.6543075046904315,2132
2022-03-19,-0.18986257878151255,0.1314502363445379,0.3213127100840335,0.5472375525210087,2110
2022-03-20,-0.2007012616822429,0.12782827102803743,0.32852845794392516,0.5436438317757009,1144
2022-03-21,-0.19564239130434782,0.12860736166007905,0.32425,0.5471434288537549,1019
2022-03-22,0.11107476958525345,0.22961105270737328,0.11853562788018433,0.6518612039170506,1048
2022-03-23,0.19373319805194794,0.29435365259740254,0.10062283549783546,0.6050280032467532,2112
2022-03-24,0.09205077666030026,0.17489993230665093,0.0828482303024442,0.7422944249691752,2215
2022-03-25,0.16466469757394486,0.23629475739448327,0.07162936191425723,0.6921095131272846,2009
2022-03-26,0.11469229974160207,0.22674356589147276,0.11205142118863055,0.6612050129198964,1935
2022-03-27,0.07047536996603593,0.1737855591945658,0.09326375242600676,0.7329226376758854,1850
2022-03-28,0.1563842851681262,0.1806851917930419,0.08156169054597755,0.7377532737715962,2340
2022-03-29,0.14901482807233324,0.1806707023884805,0.08523270657716878,0.7340863943052404,1874
2022-03-30,0.15942568114874814,0.15531050564555715,0.08419115733922433,0.7604991470299463,2093
2022-03-31,0.06929151190601808,0.15447948498118247,0.12588028032781118,0.7196275513523973,2343
2022-04-01,0.038847270411371024,0.16755997441641318,0.1382608988718694,0.6941860675015494,2755
2022-04-02,0.10924851789036326,0.16808805817522404,0.09069117453740927,0.7412353841571842,2219
2022-04-03,0.1283859829473096,0.16524110965070593,0.08265562486805281,0.7520822948944081,1984
2022-04-04,0.18668677836761777,0.17909971760571883,0.0799759623650238,0.7409105362475115,2313
2022-04-05,0.19613022581542708,0.210581174512135,0.07933076173974635,0.7100860058935865,2285
2022-04-06,0.05144164886149072,0.15215413205859277,0.10084723522563448,0.7469983169981653,3485
2022-04-07,0.0982637699300451,0.16457013689144562,0.10089673928482651,0.7345241521962999,2194
2022-04-08,0.12445758763227509,0.1609884093915344,0.09557050264550264,0.7434374140211639,1986
2022-04-09,0.08601025357071868,0.13738984013402614,0.07480752406508222,0.7878146300082347,1681
2022-04-10,0.08174049198232494,0.1643673680476438,0.09560718612526635,0.7400228287609869,3504
2022-04-11,0.05058193191019439,0.15970063895372485,0.1102682323127687,0.7300370606703109,2993
2022-04-12,0.061405648651881396,0.15898344498810466,0.1065912976179978,0.7344303432864718,2975
2022-04-13,0.0711050337296591,0.16182344337221571,0.10584227269317534,0.732329140282161,2897
2022-04-14,0.05338781860311159,0.15959158065260354,0.10792272025117108,0.732485122827079,2888
2022-04-15,0.07220793178730753,0.16264733762474215,0.10650212937062314,0.7308516105873795,2672
2022-04-16,0.07574676000121303,0.16042021103498472,0.10465984030951331,0.7349233176570487,1853
2022-04-17,0.04543021496311907,0.15733419072708113,0.11697733508956795,0.7256785057955744,1599
2022-04-18,0.01757490981992936,0.1441026964275375,0.14004011428116497,0.7158563081176539,1669
2022-04-19,0.05848989684883468,0.15885056542275613,0.1101967592328473,0.7309546814436971,2197
2022-04-20,0.09157894920889144,0.1785750635798874,0.09650834284604928,0.7249130559357407,2917
2022-04-21,0.06954995538099844,0.16180346737447987,0.10365208052030003,0.7345416675076994,3888
2022-04-22,0.055398572025617904,0.15390442830505408,0.10512145282644085,0.7409694148887309,2699
2022-04-23,0.06535944200818164,0.15633360784012157,0.10410622065311124,0.739558037399701,2485
2022-04-24,0.07883252587022921,0.15492371793633453,0.10182695905767469,0.7432533211485861,2386
2022-04-25,0.05789719428426248,0.16460605195341388,0.11534630271449889,0.7200429666665153,2979
2022-04-26,-0.018754329398686265,0.14788442205476704,0.17155893323929836,0.6805550173953423,3236
2022-04-27,0.006806489237748542,0.15155372208174758,0.15075201005815467,0.6976954098411517,3071
2022-04-28,0.06288238092560505,0.1530987411417306,0.10262086592795926,0.7442807293414961,2716
2022-04-29,0.0369134190098683,0.15464836677814936,0.1302953711961683,0.715057445807011,2816
2022-04-30,0.08896520183004247,0.1645329154809334,0.10396648920800312,0.7314926934386994,2369
2022-05-01,0.021044834010427317,0.1383093787154831,0.13034257860037282,0.7313510744405873,2886
2022-05-02,0.017914132180624327,0.13886392580852874,0.13217254242168658,0.7289604150341911,3121
2022-05-03,0.04868377615803222,0.1474623079299497,0.11673154499498258,0.7358068397329824,2795
2022-05-04,0.06761745483780272,0.15748881768140766,0.10436837107827562,0.7381403816263872,2712
2022-05-05,0.0364313485285602,0.14883298101553086,0.11174906668823006,0.7394180902844802,2891
2022-05-06,0.031364228960962096,0.14410269455056623,0.11540375114342599,0.7404929778175359,2577
2022-05-07,0.03657567268088209,0.14996662219792237,0.11504395225077457,0.7349889699289232,2405
2022-05-08,0.037531986192937385,0.1492422928356288,0.11487597943509617,0.7358851512139026,2325
2022-05-09,0.022933720299734492,0.13872536170865202,0.12433991219210655,0.7369388447713173,3094
2022-05-10,0.016866075117005046,0.1386669854643301,0.12884746462345228,0.7324869991244676,3219
2022-05-11,-0.014030577177102857,0.12471614649197726,0.14429094696843944,0.7309967309125922,3996
2022-05-12,-0.01116269019480906,0.12671242745738126,0.15009455855750378,0.7231874404852091,4624
2022-05-13,-0.012225906322241631,0.1294873293782519,0.14634115109231605,0.7241643553751054,3955
2022-05-14,0.03945936091462734,0.14704609581138614,0.1191948025280948,0.7337635648566221,3123
2022-05-15,0.048416352556671816,0.13696801503735195,0.11325953197449762,0.749775360638846,2901
2022-05-16,0.04323431652844347,0.1425384834234229,0.11221059846401955,0.745257937653977,2917
2022-05-17,0.04186328377249953,0.14964345309890523,0.11391648844869179,0.7364481899857733,2991
2022-05-18,0.020525848270697814,0.14597600492452018,0.12126701715521859,0.732758372074279,2171
2022-05-19,0.03687247318423434,0.15238559034451676,0.1235376973448746,0.7240716400005303,1830
2022-05-20,0.00942717816311786,0.1417471480483051,0.1270912767223426,0.731159251956552,1989
2022-05-21,0.049074998200874034,0.15583886504592676,0.11595550728809566,0.728202189045613,2308
2022-05-22,0.058908602366450784,0.15759659194759637,0.10508797418417332,0.7373210309869391,2426
2022-05-23,0.042102165512180295,0.1452734113730334,0.11256943624072985,0.7421554955341962,2683
2022-05-24,0.04478913236035389,0.15061361286504987,0.10874886598013457,0.7406349247436463,2637
2022-05-25,0.05859887750016118,0.16133248510937973,0.10982479089899179,0.7288410317798819,2622
2022-05-26,0.04531404736514707,0.1454115561776119,0.1108910142480524,0.7436962384104979,2642
2022-05-27,0.04386285250338294,0.1488398408233032,0.114023849084823,0.7371451559717968,2428
2022-05-28,0.04827550168571171,0.15213835240325807,0.11057106020825253,0.737292053659337,2353
2022-05-29,0.0441287902322431,0.15504973460721863,0.11225741308793458,0.7326983628684565,2234
2022-05-30,0.06387490831214777,0.1575921389969691,0.10591851424494864,0.736493588691157,2449
2022-05-31,0.060233720872545776,0.1565976455996873,0.10491916563937578,0.7384930142217145,2422
2022-06-01,0.04137464818045423,0.15212543204692047,0.11315722678447324,0.734715203858314,2630
2022-06-02,0.04006946186607058,0.1550676584262375,0.11980505079744141,0.7251235405032705,2519
2022-06-03,0.0473869298696034,0.14379776873184244,0.11305424261874195,0.7431484764542935,2469
2022-06-04,0.04635574534223294,0.15443790194509785,0.11064040820387905,0.7349227150970958,2276
2022-06-05,0.04138022353161241,0.14664155910961466,0.10909947624392069,0.7442581977179199,2160
2022-06-06,0.0491013222358076,0.1512846607344009,0.11052700765873624,0.7381876094610581,2426
2022-06-07,0.05278718135006668,0.15540822353791417,0.10448536976039582,0.7400990764676452,2459
2022-06-08,0.08263949091139777,0.16148144557164315,0.1000780608484855,0.7384402080046111,2497
2022-06-09,0.06498486994069634,0.16639522618445132,0.10822089545944122,0.7253837667562058,2531
2022-06-10,0.06052316777284629,0.1569890134122146,0.1031990656702528,0.7398165981909106,2526
2022-06-11,0.016404505624483045,0.1430739015715467,0.12220943052109179,0.7347161604631928,2209
2022-06-12,0.018934895916078952,0.139770884477324,0.1304412194661454,0.7297841525581781,2316
2022-06-13,-0.04774536393956938,0.12279685679489764,0.1608712909965613,0.7163316411327487,3577
2022-06-14,-0.02207864443984041,0.12663034824448915,0.14608947841019904,0.7272809546092653,3185
2022-06-15,-0.01015917968661871,0.1262047072620243,0.13885587348514183,0.7349393351454323,3145
2022-06-16,-0.0090361244748535,0.13560886303820513,0.14138618657328733,0.7230046713939191,2730
2022-06-17,0.003051662210423989,0.13166699907684512,0.1352944599012607,0.7330421155347384,2809
2022-06-18,-0.0037369308663732746,0.12503947053104938,0.13670858749215806,0.7382529426328821,3217
2022-06-19,-0.010383300503053278,0.12672901556266847,0.13728716572617938,0.7359824893637329,2619
2022-06-20,0.008764832527472004,0.1394082956032874,0.13006267050046855,0.7305249602433797,2651
2022-06-21,0.015425726599383639,0.14167527408545708,0.13121966188073514,0.7271065711608047,2647
2022-06-22,0.0375818280676808,0.14218909296481166,0.11384404627010103,0.7439618880808142,2578
2022-06-23,0.024776095006470107,0.14305401223156794,0.11560339391348547,0.7413474223588131,2535
2022-06-24,0.05375653606488898,0.150627494952308,0.11239837325071365,0.7369774416904548,2415
2022-06-25,0.027272188170756467,0.1408375339003945,0.11895242995127045,0.7402122544487472,2102
2022-06-26,0.03294165585988815,0.13763838563067238,0.10920912040758592,0.7531530434035703,2072
2022-06-27,0.050207307195060835,0.143663295163716,0.11606866338912193,0.7402665842150162,2363
2022-06-28,0.029032377786875577,0.1314832681645653,0.11782225250324396,0.75069728823909,2421
2022-06-29,0.02421659002802514,0.13093641548109383,0.12831645496234098,0.7407443336572177,2482
2022-06-30,0.015701937289270836,0.13435864347494839,0.12750244366995753,0.7381391788169018,2555
2022-07-01,0.028748764668569605,0.14270850097905372,0.12320613425447124,0.7340844589693734,2431
2022-07-02,0.05161525224673203,0.12565226205065363,0.1163259216707516,0.7580178257761438,1254
2022-07-03,-0.013435221878224981,0.12237232714138283,0.11583874097007224,0.7617799638802891,1077
2022-07-04,0.04375039569805195,0.13329178165584415,0.11590750304383118,0.750773640422078,1485
2022-07-05,0.06388264495398496,0.13666914122585183,0.10706577678129153,0.7562882192298668,1389
2022-07-06,0.07716496375453069,0.1380990460567429,0.11034133389576303,0.7515631602299715,1387
2022-07-07,0.08360830547254612,0.1475723516263185,0.10266319809859123,0.7497800282525173,1442
2022-07-08,0.0813203249405978,0.14335357585768477,0.09990906222643711,0.7567462644336987,1437
2022-07-09,0.03723381412024268,0.14948676640926642,0.1183290650854937,0.7321811224489796,2016
2022-07-10,0.04425734674922602,0.13958332411657948,0.1087699609266574,0.7516384050389666,1936
2022-07-11,0.04350091069718166,0.14312037594694224,0.11071731975444814,0.7461676528894436,2363
2022-07-12,0.045548511789121816,0.14998072593195633,0.1193704889228785,0.7306501828655305,2426
2022-07-13,0.045868567172095843,0.15387377451156947,0.11638440329123788,0.7297418565436764,2482
2022-07-14,0.026386182939561773,0.14896328849384974,0.12419455634148538,0.7268428732186938,2423
2022-07-15,0.05698457595163649,0.14845872020172046,0.10794438599061568,0.7435972211405373,2286
2022-07-16,0.04616091543362204,0.1463123695454814,0.11361088093689922,0.7400749123686192,2130
2022-07-17,0.049421084694874995,0.14334167015779917,0.11204926686217007,0.74461196760229,1947
2022-07-18,0.04954540946220128,0.14740556223994727,0.10783051776840946,0.7447627489014595,2294
2022-07-19,0.05736506665756147,0.15392144950794046,0.11019330108579362,0.7358886616512259,2323
2022-07-20,0.051532522430214285,0.15213113898654498,0.11018734520749099,0.7376820863013618,2436
2022-07-21,0.024918844041755425,0.13848599657209748,0.1186646635055564,0.7428512901578312,2466
2022-07-22,0.04195296705681855,0.14725912955400494,0.11403456051641529,0.7387004517026271,2231
2022-07-23,0.026303332295235127,0.13661604640298972,0.11725573030208658,0.7461315685663867,2002
2022-07-24,0.045402294289777295,0.14874656072649622,0.11285318263549406,0.7383973752685247,1924
2022-07-25,0.027953721164105532,0.1431596738983799,0.11404291116316528,0.7427998614160094,2222
2022-07-26,0.032320205525735154,0.14810901648495325,0.11547994107899906,0.7364206174292169,2344
2022-07-27,0.05541080110235366,0.1487553386509935,0.10739568019103851,0.7438466288381502,2307
2022-07-28,0.03785625860379236,0.14393008043677588,0.11512522660336802,0.7409416050035238,2525
2022-07-29,0.03103711288259031,0.1496508879834662,0.1182254219466588,0.7321202741462455,2254
2022-07-30,0.07628118172119967,0.15506254397837727,0.10710196963920848,0.7378364993263659,1966
2022-07-31,0.08081510886681927,0.1703038171625338,0.10090008556071134,0.7288013663468202,1952
2022-08-01,0.027740422858427462,0.14239329927864894,0.11768847799190038,0.7399179731446051,2211
2022-08-02,0.04050318541203899,0.14931694540511112,0.11454160252039856,0.7361400613948512,2421
2022-08-03,0.02323938476239601,0.14857964680130675,0.12368354269994306,0.7277401468079199,2479
2022-08-04,0.08894559971301355,0.1667117407062234,0.09734489223213363,0.7359382919126023,2339
2022-08-05,0.08493936058432663,0.16372246781864433,0.1042587327820176,0.7320199107515082,2376
2022-08-06,0.08052953941681984,0.1542330368585763,0.09916528165515873,0.746600129402414,2007
2022-08-07,0.0980034093476325,0.165864225898223,0.0961647954943434,0.7379679490246229,1982
2022-08-08,0.0844812394341013,0.16080591432952598,0.10792376886961139,0.7312706776669415,2431
2022-08-09,0.07078369136525167,0.16000234282763423,0.1095517409831736,0.730439276682888,2472
2022-08-10,0.051001743554105264,0.14332679477899288,0.1061737292932354,0.7504964782889729,2661
2022-08-11,0.07969371747620882,0.1578304513449585,0.10065308254029373,0.7415170127619781,2432
2022-08-12,0.060295474249273485,0.1509200778979658,0.11019347486815198,0.7388814309546873,2444
2022-08-13,0.07311926572256912,0.15987880984240257,0.10500723312518583,0.7351096026613144,2033
2022-08-14,0.07468817457310448,0.15339693119354328,0.10802889763929485,0.7385716716382604,1999
2022-08-15,0.07274646199139229,0.15402968764027142,0.1062242164602751,0.7397414136720091,2462
2022-08-16,0.09112372213124073,0.15254354193803196,0.09484887183512422,0.7526062466713077,2883
2022-08-17,0.08613854998353858,0.14926802222709964,0.10279621890274271,0.747934580445555,3111
2022-08-18,0.0739901991649409,0.15192231134141848,0.11116145463034383,0.736916680456809,2781
2022-08-19,0.029671632749301704,0.13847160636729683,0.13442234597031363,0.7271017932343351,3230
2022-08-20,0.06284226400552553,0.14267146882185963,0.11127925072228163,0.7460487714894586,2181
2022-08-21,0.0684229332898651,0.14963543339174373,0.11244855026692205,0.7379151381474389,1986
2022-08-22,0.052662718838238386,0.14484092794884484,0.11464258004626635,0.7405198451867923,2387
2022-08-23,0.08910195765425477,0.15583906157829747,0.09891024130383078,0.7452475075483032,2459
2022-08-24,0.08982242806810758,0.14735088797071969,0.09989829539280493,0.7527584105694849,2505
2022-08-25,0.09688182601972498,0.15829393133462283,0.09868030798988242,0.7430315564754397,2460
2022-08-26,0.07563396915495124,0.14961950976333194,0.1029700764492659,0.7474078559337682,2450
2022-08-27,0.05973877232110635,0.14984429202815913,0.1114509407224556,0.7386990289627029,2235
2022-08-28,0.053458471737652294,0.13746067738231918,0.10763850166642513,0.7548984249774282,1901
2022-08-29,0.06326154768519045,0.14232794141825314,0.10187434546959509,0.7558055545791617,2376
2022-08-30,0.07361423025018163,0.15176674452403202,0.10956778262223608,0.7386611465794665,2249
2022-08-31,0.051540757905848916,0.14202150876223474,0.11971712923897679,0.7382622291181794,2384
2022-09-01,0.05099582787408907,0.14298234388366127,0.12109217629839779,0.7359266901278816,2354
2022-09-02,0.06814857563648888,0.14747679509619147,0.10570199655170609,0.7468179828601267,2314
2022-09-03,0.06433127625521112,0.14850007987571118,0.10500799864695234,0.7464966190272824,2007
2022-09-04,0.06210583126163522,0.1513776123631234,0.10755107044158965,0.7410722705618447,1863
2022-09-05,0.05208302278345483,0.15918085764670692,0.11126157988379967,0.7295586006754735,2259
2022-09-06,0.06348417774619475,0.14825146188642335,0.11029465798642948,0.7414475629622836,2294
2022-09-07,0.039816004738110464,0.14701332578442813,0.1168299737679325,0.7361554114985409,2303
2022-09-08,0.057378284072181936,0.1568334374999999,0.11537968193803563,0.7277890050263678,2209
2022-09-09,0.06728579035136481,0.155273926157807,0.10698093787484277,0.7377411371083352,2349
2022-09-10,0.06523399711842348,0.1553354898680053,0.10811976705707378,0.7365429708124186,2078
2022-09-11,0.05570979615300642,0.15035103275532954,0.11083037394315838,0.7388189228978843,1999
2022-09-12,0.05127473030997893,0.14682518932094954,0.11069015804043986,0.7424841115725039,2246
2022-09-13,0.04917923081492041,0.1461674569375149,0.11238190692563554,0.7414485397362793,2324
2022-09-14,0.053817667869369284,0.14716454273162521,0.10730646352956488,0.7455299654511605,2418
2022-09-15,0.06786494527931011,0.1535042074059984,0.10678306194914716,0.7397148322871092,2552
2022-09-16,0.03584233177243473,0.14006500761594626,0.10995231035889891,0.7499778660401523,2232
2022-09-17,0.05246904306107014,0.15434202353942145,0.1191086972962753,0.7265476224238987,2016
2022-09-18,0.04063298768791407,0.14236851679914364,0.1180303563804469,0.7396027821187736,1979
2022-09-19,0.03295224740084699,0.13504026614952624,0.1213963402100844,0.7435642263128714,2278
2022-09-20,0.03581072181463169,0.1393320939722002,0.11908081575289878,0.7415857949476368,2395
2022-09-21,0.04848368789940219,0.14596415332462956,0.11075981874680288,0.7432823233850218,2293
2022-09-22,0.0489650996808505,0.1466429710338691,0.1070063228076168,0.7463393035110937,2312
2022-09-23,0.04769771748523295,0.14357321515741783,0.11038845523754456,0.7460365515555365,2251
2022-09-24,0.05010551423537432,0.14874635251833543,0.11051594662989059,0.7407371974226415,1972
2022-09-25,0.04503664027642479,0.14497190031270013,0.1188970522225392,0.7361347635373328,1934
2022-09-26,0.017963913664657476,0.1317738791999212,0.11821672514319245,0.7500091100215485,2367
2022-09-27,0.057379815716959756,0.1456127510255592,0.10547789648133671,0.7489127004181287,2391
2022-09-28,0.06678391678614509,0.1511990364921144,0.10312585853758449,0.7456740646548783,2372
2022-09-29,0.07172477376867284,0.15957175670029655,0.10229597639742194,0.738135125101883,2417
2022-09-30,0.04347056562469465,0.14273923718620385,0.12037823878319054,0.7368859546038025,2185
2022-10-01,0.05279607213007835,0.14497516949923778,0.11375197910267784,0.7412739197741527,2063
2022-10-02,0.020306881756697766,0.13263709864192846,0.12559711907228013,0.7417676743679504,2088
2022-10-03,0.060238911870658586,0.14875856283503103,0.11509892531499386,0.7361408625058172,2410
2022-10-04,0.07040329110849544,0.14822281469114743,0.10126475834154075,0.7505174414337228,2449
2022-10-05,0.07404838281401907,0.16052210012395488,0.1044979353004083,0.7349802875267354,2296
2022-10-06,0.061351975901477326,0.14495061344381657,0.11319815094026184,0.741847125366377,2384
2022-10-07,0.04532733693853197,0.14839589511134763,0.119606752485072,0.7319950477444193,2288
2022-10-08,0.022293999043291084,0.14455790002391772,0.1381308084190385,0.7173173140397031,1500
2022-10-09,0.05613875804322717,0.15295522603530767,0.11292081752186109,0.7341258208216466,1938
2022-10-10,0.04240617811295621,0.14608141323196758,0.11258951944671187,0.7413328106661468,2222
2022-10-11,0.03994034176977118,0.14491951000376158,0.11948292345699094,0.7356005751019185,2514
2022-10-12,0.030194281193490068,0.13794677570395253,0.1159404826487557,0.7461116986351501,2282
2022-10-13,0.039821053499530586,0.1511193135878297,0.12071442189522893,0.7281655990573399,2420
2022-10-14,0.047616689681353366,0.1461649716468551,0.11564406054997978,0.738190995563148,2060
2022-10-15,0.05536126077869501,0.1469681263911527,0.10266217576283365,0.7503721020207863,1922
2022-10-16,0.05083576122410589,0.1441217516970472,0.11366076098497288,0.7422185203725373,1294
2022-10-17,0.022598824009666584,0.13139716567061815,0.1299200759282845,0.7386813445021392,1628
2022-10-18,0.03960178731117324,0.13994441711531602,0.10981165072544322,0.7502400361269879,2203
2022-10-19,0.06101467561076046,0.14452640359900273,0.11145333021470301,0.744019351273211,2155
2022-10-20,0.06710993188340836,0.14921959263916634,0.10314785835479293,0.7476352011308391,2307
2022-10-21,0.04327227961915386,0.14243834276153297,0.11769295753326431,0.7398668540355351,2241
2022-10-22,0.0384121156554785,0.1491484260809482,0.11792732624015809,0.7329313766099166,1831
2022-10-23,0.07601368183305232,0.15814092807939475,0.10719700382286255,0.7346615343611519,1875
2022-10-24,0.07611666671809049,0.1567920797028115,0.09710174172487847,0.7461022023794832,2292
2022-10-25,0.0729770660518326,0.1544168821760349,0.10374272750359581,0.741842796585509,2308
2022-10-26,0.0692088125818576,0.15301072510149089,0.10263669610194755,0.7443546407298309,2538
2022-10-27,0.09424707176683478,0.166042204083728,0.09633253667269857,0.7376286226722619,2507
2022-10-28,0.06989391825688693,0.15481829715197884,0.10323725306350726,0.7419401549383008,2365
2022-10-29,0.06702845187024911,0.15355447900203203,0.10056481429216524,0.7458822561526305,2062
2022-10-30,0.05443354961560484,0.14552874662447182,0.10601377475246129,0.7484573804772214,1882
2022-10-31,0.07827500544559009,0.15309003063610294,0.10243354073508432,0.7444680662316268,2200
2022-11-01,0.06397167610571736,0.15067512585400933,0.10407674397698669,0.7452548094210713,2316
2022-11-02,0.06456096911203525,0.14927930676940054,0.1072963242375961,0.7434287264701521,2318
2022-11-03,0.06469825532730583,0.1544901546276477,0.11126191431583654,0.7342502404076545,2238
2022-11-04,0.05222868098159509,0.14783460141961458,0.11494577269794186,0.7372164799048453,2415
2022-11-05,0.03078325662916558,0.14364914591040995,0.12097796421350863,0.735365652979686,1563
2022-11-06,0.04289505854145853,0.13485381828171825,0.11552679140859143,0.7496215383116882,2001
2022-11-07,0.05076612323200615,0.1478355180592616,0.1121816993669231,0.7399781459390642,2420
2022-11-08,0.03189008012917308,0.13639539091935327,0.1269506781742899,0.7366471498663903,2889
2022-11-09,0.005213021272481459,0.12951323942386087,0.15174120896541632,0.7187376953737451,3222
2022-11-10,-0.004218085913655401,0.12095975754451105,0.14341155491483326,0.7356263404639121,3252
2022-11-11,0.005052245151895493,0.1304296518167148,0.1444646578751474,0.725102291880614,2948
2022-11-12,-0.024074152878153923,0.11461875769802027,0.1501391016410369,0.7352388943605208,2804
2022-11-13,-0.020013437261526816,0.12072250931197748,0.15405165076609278,0.7252231399449081,3171
2022-11-14,-0.006822180818752334,0.11957366015908777,0.14240089492035338,0.7380246791102818,2987
2022-11-15,0.0075629580921442695,0.1244584688002709,0.13064410936058715,0.7448976642536616,2783
2022-11-16,0.011236154029162417,0.12988823778189043,0.1357894274805667,0.7343268034350707,2757
2022-11-17,0.010077334080259188,0.12663810829668098,0.13487646111064852,0.7384912289832468,2584
2022-11-18,0.02672510191250528,0.14155869190681014,0.12516186556871284,0.7332739094460351,2476
2022-11-19,0.03257807660773467,0.14222328820731545,0.12189295337405837,0.7358875718045148,1774
2022-11-20,-0.012751656327543413,0.11828199028122414,0.1413240436311001,0.7403973449131513,1450
2022-11-21,0.02001128468201208,0.13187325926728988,0.1341655612609461,0.7339553054382446,1582
2022-11-22,0.020741668640637714,0.13273714507142342,0.12736955209738712,0.7398868412515321,2359
2022-11-23,0.03496846626803694,0.13021368979309347,0.11735700202802211,0.7524257047779237,2277
2022-11-24,0.03826631842617625,0.1358040491741833,0.1244177120244048,0.7397776948799017,2168
2022-11-25,0.024091810183564856,0.13825303581318196,0.1250101748485714,0.7367270480910679,1732
2022-11-26,-0.0019948024552657075,0.12346473861601656,0.1340865270512235,0.7424520207960303,1485
2022-11-27,0.01922319468119078,0.13100790040612928,0.1214926278317734,0.7474961895584751,1888
2022-11-28,0.00411403578672849,0.12099907202386205,0.13325401608544468,0.745749301872173,2274
2022-11-29,0.02697633623755335,0.13345823435277382,0.12684853425794212,0.7396877412280702,2392
2022-11-30,0.03567812267736936,0.1357641817615539,0.12591806820836246,0.7383109451204406,2417
2022-12-01,0.042671680264786696,0.13593103998049194,0.11729899120742912,0.7467690237000246,2299
2022-12-02,0.010690547914818115,0.1308612607889005,0.13408447003307256,0.7350507632895055,1992
2022-12-03,-0.01207855005334512,0.12275874556541501,0.14353496621475104,0.73371108537823,1424
2022-12-04,0.03544676540850454,0.14002345994585125,0.1202419493549928,0.7397328236980412,1807
2022-12-05,0.02044405875584793,0.1350567698511309,0.1275122758700528,0.7374314028921929,2149
2022-12-06,0.008831600985410262,0.1289833111928671,0.1311513210106006,0.7398664282419198,2051
2022-12-07,0.005423638903326401,0.1265570231288981,0.12577668594074845,0.7476657451923076,2146
2022-12-08,0.02893228832495132,0.1323610104996988,0.12056301185156126,0.7470783350027317,2144
2022-12-09,0.021784182234432237,0.13265463713369963,0.12187552999084249,0.7454684271978023,2095
2022-12-10,0.027787977525165437,0.133686570841711,0.11984537044869414,0.7464665440658151,1921
2022-12-11,0.08684254990814771,0.1671517004137174,0.10047210995822117,0.7323690849367208,1776
2022-12-12,0.0031667985369175713,0.1280138161700632,0.14123963723171334,0.730748944427765,1540
2022-12-13,0.00868641472660412,0.13088166664564188,0.1478268647937783,0.7212866479440907,1632
2022-12-14,0.001728487568485735,0.1267056528834785,0.14291899698579494,0.7303686963979417,1613
2022-12-15,0.009927942987907196,0.12877143273354896,0.141133803977828,0.7300944781175205,1557
2022-12-16,-0.012007077290959588,0.12732729156855419,0.15350018553402944,0.7191619578102926,1458
2022-12-17,-0.01871288445147936,0.12059934494094726,0.1577347948374528,0.7216702234262753,1385
2022-12-18,-0.00914014541301866,0.11764844689760183,0.14326780738484965,0.7390793490673773,1280
2022-12-19,-0.009947636797791336,0.12169025224638179,0.14475405420467796,0.7335507690856711,1454
2022-12-20,0.017112721873187485,0.1347271673728532,0.1326744714669642,0.7326018311040862,1427
2022-12-21,0.030195740890472427,0.13068483788994817,0.12384455405297343,0.7454678814184297,1416
2022-12-22,0.03113599864625639,0.13663990107258153,0.1277217598667083,0.7356342268041238,1475
2022-12-23,0.025810658089429426,0.14185082554404704,0.13201085432530946,0.7261402053484429,1426
2022-12-24,0.031172352316218507,0.14071091785128487,0.1293828368084895,0.7298978515333765,1285
2022-12-25,0.03373324271394337,0.1572492948007662,0.1319579573272863,0.7107875864320014,1163
2022-12-26,-0.00175321714057481,0.13497836801243082,0.1475083742771008,0.7175070514468926,1333
2022-12-27,-0.009795379962329761,0.11997571718342509,0.14345204288611996,0.7365843777166039,1358
2022-12-28,0.001569320643966761,0.13233150565309312,0.14882054657509663,0.718845719144354,1429
2022-12-29,-0.00027523704171934435,0.12646840094444856,0.14462179017624746,0.7289074700676732,1380
2022-12-30,0.015789333042720125,0.13219850915431564,0.13697605056669576,0.7308277143272304,1300
2022-12-31,-0.004489531429022919,0.13038970309351666,0.15387095926672198,0.715736821935127,1171
2023-01-01,0.10278671963677641,0.13083995459704884,0.0802088535754824,0.7889421112372302,881
2023-01-02,0.10822464088397789,0.12430828729281766,0.0716099447513812,0.8040740331491709,905
2023-01-03,0.045474791666666674,0.10827499999999998,0.09626145833333334,0.7954718750000003,960
2023-01-04,0.05370371155885472,0.10827571580063629,0.08026935312831389,0.8114443266171792,943
2023-01-05,0.028536479321314954,0.09333828207847293,0.09396182396606574,0.8127030752916222,943
2023-01-06,0.04602662266226622,0.10298459845984598,0.08003520352035205,0.8169900990099012,909
2023-01-07,0.0797617877094972,0.1211083798882682,0.07501564245810056,0.803850279329609,895
2023-01-08,0.26194999999999996,0.09158333333333334,0.07279166666666666,0.8355416666666667,24
2023-01-09,0.05330515789473684,0.09836315789473683,0.08096,0.8206747368421053,950
2023-01-10,0.04556941544885178,0.10102087682672233,0.0764311064718163,0.8225448851774531,958
2023-01-11,0.05369022471910113,0.1006112359550562,0.08908426966292135,0.8103044943820222,890
2023-01-12,0.17377023684210527,0.2829998684210526,0.12743249999999998,0.5895628947368422,958
2023-01-13,0.3334267342582711,0.36300103166133046,0.054810992529349,0.5821982390608326,943
2023-01-14,0.37521391061452514,0.41619413407821226,0.05548575418994414,0.5283150837988826,897
2023-01-15,0.05968930131004368,0.10905567685589523,0.08420633187772927,0.8067292576419215,916
2023-01-16,0.06675802337938364,0.10873007438894791,0.07891498405951114,0.8123538788522847,941
2023-01-17,0.06312476390346276,0.11152256033578178,0.08129380902413434,0.8071857292759703,953
2023-01-18,-0.00982534611288606,0.10122076677316297,0.13894882854100107,0.759830404685836,941
2023-01-19,0.09869854166666667,0.11779375000000002,0.08102187500000001,0.8011958333333332,960
2023-01-20,-0.36044245283018866,0.06458815513626835,0.44025817610062895,0.49520104821802946,956
2023-01-21,0.0645520127118644,0.09956038135593219,0.0808146186440678,0.8196186440677966,944
2023-01-22,0.08806741214057505,0.11224174653887112,0.07525665601703942,0.8124973375931844,939
2023-01-23,0.06675940170940171,0.09649358974358975,0.07587179487179488,0.8276346153846157,936
2023-01-24,0.07064201058201058,0.10335026455026455,0.07469312169312167,0.8219492063492063,945
2023-01-25,0.03681191222570534,0.10513061650992686,0.08353814002089867,0.8113333333333332,957
2023-01-26,0.04833583984374999,0.10356835937500006,0.07876757812500002,0.8176582031249999,1024
2023-01-27,0.39184894026974953,0.43063034682080925,0.04927861271676302,0.5200934489402698,1040
2023-01-28,0.06006293558606127,0.1137550158394932,0.0854973600844773,0.8007381203801478,947
2023-01-29,0.0879487540628386,0.11254604550379198,0.0728331527627302,0.8146208017334781,923
2023-01-30,0.06152874743326489,0.10643737166324431,0.08564476386036961,0.8079168377823407,974
2023-01-31,0.18113160152526217,0.2699247378455672,0.10282244995233555,0.6272513822688274,1051
2023-02-01,0.06056157495256169,0.10022296015180265,0.07760626185958257,0.8221698292220114,1054
2023-02-02,-0.05006205440900561,0.12964948405253282,0.20806787054409007,0.6622793621013133,1070
2023-02-03,0.24220072463768116,0.28279855072463767,0.04966400966183574,0.6675821256038647,1037
2023-02-04,0.08097374727668843,0.1152886710239651,0.0811579520697168,0.8035424836601309,918
2023-02-05,0.05830359477124185,0.10035403050108936,0.07700435729847498,0.8226350762527233,918
2023-02-06,0.05939331919406154,0.1039968186638388,0.07471261930010606,0.8212895015906679,943
2023-02-07,0.057668510638297886,0.10304361702127665,0.07412978723404257,0.8228329787234041,940
2023-02-08,-0.2650604555433589,0.06952365532381999,0.3549324094401756,0.5755439352360044,915
2023-02-09,0.06964016913319239,0.22003588794926005,0.17978091966173362,0.6001634778012684,950
2023-02-10,0.05852796019900498,0.08662363184079604,0.050514427860696515,0.8628569651741292,1007
2023-02-11,-0.057871796218487405,0.12443392857142854,0.2155873949579832,0.6599828781512604,954
2023-02-12,0.05417967391304348,0.10751086956521738,0.07911847826086958,0.8133858695652175,920
2023-02-13,0.10385766839378238,0.15429559585492228,0.0640380829015544,0.7817142487046631,967
2023-02-14,0.11841785714285713,0.22589047619047622,0.12461959706959708,0.6495176739926741,922
2023-02-15,0.09251067193675885,0.11847529644268777,0.07334584980237153,0.8081768774703555,1012
2023-02-16,-0.0539933075716846,0.11211574820788528,0.18847702732974914,0.6994001568100359,1010
2023-02-17,-0.09443928521569175,0.1517410302945693,0.2656658418260505,0.5825883673042022,1046
2023-02-18,0.039596855345911966,0.09706687631027255,0.07867117400419288,0.8242494758909853,960
2023-02-19,-0.11421273391145598,0.13202709569450785,0.27517209797657083,0.592794728434505,953
2023-02-20,-0.003225304394426566,0.1679744415862808,0.19286848660235797,0.6391602872454447,1033
2023-02-21,-0.008292853020392472,0.182251899769142,0.20643888995767606,0.6113047662562523,996
2023-02-22,-0.033930832907728956,0.17126537602145045,0.222903441011236,0.6058378830439223,1075
2023-02-23,-0.0387398993058358,0.1618198906287836,0.21948866333037376,0.6186873365485511,1057
2023-02-24,-0.03784006507592191,0.15453881995661606,0.21155259002169197,0.6339038785249458,1022
2023-02-25,0.07533511777301924,0.11133940042826554,0.08053747323340468,0.808125267665953,934
2023-02-26,0.03861266513056835,0.18969377880184335,0.17282972350230416,0.6374752688172043,944
2023-02-27,-0.04813940425364471,0.15781130993369666,0.22058813130816296,0.6215960650835186,1065
2023-02-28,0.07107977354555647,0.2149235416215791,0.1642614328998367,0.6208236901646764,1065
2023-03-01,0.03243662950843918,0.19920712199360363,0.182509009483667,0.6182852725861017,1063
2023-03-02,-0.029515450061876683,0.15652109994904273,0.2090923072723302,0.6343801703428696,1078
2023-03-03,0.026166010037052673,0.19537074128793208,0.18549581515876368,0.6191372520050656,1019
2023-03-04,-0.01075993189557322,0.178261010215664,0.21294971623155504,0.6087853007945516,883
2023-03-05,0.008475333704115674,0.18979381256952169,0.19757758620689655,0.6126319382647385,907
2023-03-06,-0.05076159161054993,0.14791584245230077,0.21283977272727272,0.6392454264870933,987
2023-03-07,-0.027872731308646953,0.17341462011905961,0.21660433356876196,0.609983155080214,1041
2023-03-08,-0.06947075554134696,0.15775500852514918,0.23715560528559254,0.6050870950554135,1022
2023-03-09,-0.03735206611570249,0.15503646694214873,0.2133796487603306,0.6315738636363636,1056
2023-03-10,0.012444589692765122,0.1856011774033697,0.18476138553022795,0.6296439326065413,1109
2023-03-11,0.03579336734693876,0.09990102040816325,0.08616428571428573,0.8139357142857142,980
2023-03-12,-0.05019511093911249,0.16967847007223943,0.2206297084623323,0.6096892414860682,977
2023-03-13,0.0057871062627385585,0.18349104595145455,0.17952813136927923,0.6369863396331295,1112
2023-03-14,-0.00453786873422286,0.18936790479624954,0.19935357014064192,0.6112752013463156,979
2023-03-15,-0.02218441625801583,0.15891484345529988,0.19782282157676348,0.6432520841192004,986
2023-03-16,-0.06732745098039214,0.10920462962962962,0.19279253812636163,0.6980028322440088,922
2023-03-17,-0.025868433327236148,0.17557893725992316,0.21091947137369674,0.6135104216206329,1038
2023-03-18,-0.07651363791923343,0.11950258384668036,0.20154753593429156,0.6789566735112936,986
2023-03-19,0.17928840155945422,0.29160989278752436,0.12134278752436646,0.587035575048733,1038
2023-03-20,0.014238947387664076,0.20001786497751456,0.19887715074403134,0.601111588241746,1121
2023-03-21,0.041488245357908675,0.20983174072722297,0.17252137072859167,0.6176468132670287,1045
2023-03-22,0.06419444687842278,0.2154769660460022,0.16092399780941946,0.6236012376779847,1023
2023-03-23,0.045333488579940434,0.2050956941410129,0.1756873088381331,0.619223507447865,1107
2023-03-24,-0.07906208012562718,0.15342113064460533,0.23994571412156726,0.6066322293079016,1075
2023-03-25,0.001210982814178304,0.08105083243823845,0.08833528464017185,0.8306345864661655,935
2023-03-26,0.052818049568965526,0.20650150862068972,0.16382273706896552,0.6296771551724137,944
2023-03-27,-0.0012977480033627559,0.1856271857923497,0.1944317202606137,0.6199395859604877,1019
2023-03-28,0.03419795314575535,0.2019769955319406,0.18496333172322182,0.6130660608622147,943
2023-03-29,-0.01732535980810232,0.17255610341151387,0.21274785447761196,0.6146956956289977,1050
2023-03-30,0.0651852601456816,0.21001099687825178,0.1628518959417274,0.6271358636836628,1061
2023-03-31,0.026067840490797554,0.19913245807770963,0.19336411247443758,0.6075055419222906,1078
2023-04-01,0.06067787418655099,0.11004013015184382,0.08357266811279827,0.8063763557483734,922
2023-04-02,-0.22431239528795818,0.07985170157068062,0.3184181282722513,0.6017327879581151,963
2023-04-03,-0.03158883771929824,0.16935099780701757,0.20975095394736848,0.6208975328947369,1046
2023-04-04,0.017692796610169512,0.19099667925571115,0.19543833364038316,0.6135654338614591,1036
2023-04-05,-0.0013761631569474443,0.19058507469402447,0.20592749055075596,0.6034854279157668,1022
2023-04-06,-0.04631594928220159,0.16437747503849787,0.22214988823207987,0.6134773135959466,1064
2023-04-07,0.029683957927347217,0.19150397741468045,0.1814855943636636,0.6270117598560936,995
2023-04-08,0.05617373737373737,0.10829068462401792,0.07892929292929293,0.8127901234567902,891
2023-04-09,-0.14341545387725096,0.12560073502388827,0.28231626240352814,0.5920846563763322,913
2023-04-10,0.028353492239467846,0.18091463414634146,0.17256178861788615,0.6465303769401329,968
2023-04-11,0.03041929337539432,0.20811796635120927,0.1996756403785489,0.5922064447949527,1051
2023-04-12,0.1090321865568154,0.2342517109878457,0.1402758198058569,0.6254810873643855,995
2023-04-13,0.041475675675675686,0.10445010395010397,0.08869958419958418,0.8068607068607069,962
2023-04-14,-0.0322334574468085,0.083456914893617,0.12845159574468085,0.7880861702127661,944
2023-04-15,0.0659993464052288,0.11243681917211329,0.07823965141612203,0.8093213507625271,918
2023-04-16,-0.17298982102908275,0.072126677852349,0.2617458612975392,0.6660974272930649,898
2023-04-17,0.03270519693654268,0.09227133479212253,0.08253391684901532,0.8251936542669582,1828
2023-04-18,0.027644243070362482,0.09300543710021324,0.09050696517412934,0.8164854655294955,944
2023-04-19,-0.04661793311988615,0.171182532906439,0.2270857879758093,0.6017279437922449,967
2023-04-20,-0.036678784535396865,0.15924914908409404,0.21017991808234088,0.63056747778248,1041
2023-04-21,-0.05842265233665438,0.1505393790939616,0.2307565090548797,0.6186968266637312,1056
2023-04-22,0.05403937708565071,0.09705450500556173,0.06873192436040045,0.8342180200222471,899
2023-04-23,-0.08761190476190477,0.12161582633053221,0.2193937675070028,0.6589815476190477,964
2023-04-24,0.02214943556816485,0.192452799761087,0.18985882484694636,0.6176805211288636,979
2023-04-25,-0.022761015861571747,0.16932533525594806,0.21370577505407357,0.61698258111031,1023
2023-04-26,-0.08491076269654799,0.14823658955358757,0.2531597776974516,0.5986015964817158,1072
2023-04-27,0.007546660360418157,0.18634577053806195,0.20210427435387676,0.6115495799397166,1068
2023-04-28,0.03767353486646884,0.19852014342235408,0.18287123763600396,0.6186076298219585,1091
2023-04-29,0.056089724576271205,0.22486970338983053,0.17522838983050845,0.5999003177966102,948
2023-04-30,-0.07432323717948716,0.14333352564102564,0.23366138888888888,0.6230188247863248,946
2023-05-01,0.0667353590974717,0.23107333881744616,0.1843487878991371,0.5845688060302858,1085
2023-05-02,-0.06680153542154568,0.14761272833723657,0.22999357728337239,0.6223969555035129,1046
2023-05-03,0.011981924999999997,0.1878081666666667,0.194262625,0.617925625,1096
2023-05-04,0.004496099758294875,0.17881410678971651,0.18755965447154474,0.6336254065040651,1058
2023-05-05,0.055381910569105706,0.10284654471544714,0.07630487804878049,0.8208384146341462,984
2023-05-06,0.07388598726114651,0.11887154989384292,0.07780467091295115,0.8033067940552014,942
2023-05-07,0.0443239420935412,0.10260022271714925,0.08295211581291757,0.8144532293986638,898
2023-05-08,0.07233355555555558,0.10731222222222224,0.07739222222222222,0.8152911111111113,900
2023-05-09,0.04506953290870487,0.09912632696390657,0.08332377919320597,0.8175467091295116,942
2023-05-10,0.06558796680497928,0.09537863070539418,0.06945020746887966,0.8351701244813281,964
2023-05-11,0.05895576289791439,0.10809001097694841,0.09199780461031834,0.7999055982436882,911
2023-05-12,0.04555925925925924,0.10113804713804714,0.08242648709315376,0.8164388327721659,891
2023-05-13,0.04183151581243184,0.09267829880043622,0.08021592148309704,0.827090512540894,917
2023-05-14,0.06003125000000002,0.10573684210526314,0.07495942982456137,0.8193146929824561,912
2023-05-15,0.0508341957255343,0.09530258717660293,0.07855230596175478,0.826138357705287,889
2023-05-16,0.06417510638297873,0.11068617021276592,0.08076702127659574,0.8085308510638296,940
2023-05-17,0.0696826780021254,0.11484590860786399,0.0807672688629118,0.8043825717322,941
2023-05-18,0.06742276080084299,0.09845310853530033,0.07409483667017913,0.8274436248682823,949
2023-05-19,0.06715313174946005,0.11050000000000001,0.07873434125269979,0.8107732181425484,926
2023-05-20,0.061331388564760794,0.11372345390898485,0.07464994165694282,0.811617269544924,857
2023-05-21,0.044055085714285735,0.10402285714285715,0.07839885714285716,0.817587428571429,875
2023-05-22,0.06970231023102309,0.11787898789878987,0.08339053905390538,0.7987381738173819,909
2023-05-23,0.03957809110629068,0.10721366594360086,0.08733947939262475,0.8054479392624729,922
2023-05-24,0.0761687174139729,0.10726485922836285,0.07459436913451514,0.8181324296141816,959
2023-05-25,0.06753792372881355,0.10311016949152543,0.07804555084745762,0.8188379237288136,944
2023-05-26,0.0684495248152059,0.11105279831045403,0.08166631467793029,0.8072745512143612,947
2023-05-27,0.07556103603603606,0.10336599099099099,0.07712162162162162,0.8195315315315315,888
2023-05-28,0.0515491150442478,0.103162610619469,0.07756526548672568,0.8192610619469025,904
2023-05-29,0.05515857461024501,0.10245322939866366,0.07502561247216037,0.8225044543429845,898
2023-05-30,0.08342869660460021,0.1012814895947426,0.07443373493975902,0.8242858707557503,913
2023-05-31,0.060610560344827584,0.09852586206896553,0.06990948275862069,0.8315646551724138,928
2023-06-01,0.05589714587737843,0.10356448202959832,0.07736152219873149,0.8190708245243127,946
2023-06-02,0.07465923970432949,0.10886166842661031,0.07864308342133051,0.8124952481520591,947
2023-06-03,0.06383270089285717,0.11105691964285715,0.08296875000000001,0.8059854910714285,896
2023-06-04,0.08744498910675386,0.11969934640522878,0.07103376906318082,0.8092701525054465,918
2023-06-05,0.07005869565217394,0.10026708074534162,0.0725455486542443,0.8271873706004139,966
2023-06-06,0.07784572333685323,0.10403590285110878,0.07283632523759241,0.8231288278775077,947
2023-06-07,0.09364771033013845,0.1038423855165069,0.07360596379126728,0.8225559105431308,939
2023-06-08,0.04468079034028539,0.10018880351262346,0.08108232711306257,0.818740944017563,911
2023-06-09,0.0709344537815126,0.10234558823529415,0.072343487394958,0.8253214285714288,952
2023-06-10,0.07831127395715895,0.11145885005636977,0.06846223224351745,0.8200868094701239,887
2023-06-11,0.07827463359639232,0.10935512965050734,0.07554678692220972,0.8150913190529877,887
2023-06-12,0.08118336933045356,0.10504103671706265,0.07271166306695463,0.8222580993520516,926
2023-06-13,0.0710068607068607,0.10750207900207896,0.07368814968814971,0.8188180873180874,962
2023-06-14,0.05454917355371903,0.09883367768595037,0.0856177685950413,0.8155495867768596,968
2023-06-15,0.05968439073514602,0.10462336354481369,0.07624974823766363,0.8191369587109766,993
2023-06-16,0.08696439232409384,0.10647441364605544,0.07211513859275052,0.8214157782515993,938
2023-06-17,0.04097950108459871,0.10510195227765728,0.09368221258134489,0.8012147505422994,922
2023-06-18,0.08354184239733625,0.1145382907880133,0.07128412874583796,0.8141831298557158,901
2023-06-19,0.04835261437908496,0.09809803921568627,0.07624836601307187,0.8256590413943352,918
2023-06-20,0.06665678879310345,0.10049892241379313,0.07216056034482757,0.8273362068965519,928
2023-06-21,0.06443472367049011,0.11296871741397291,0.07472784150156413,0.8123003128258601,959
2023-06-22,0.02124051546391753,0.09602371134020617,0.09005463917525774,0.813922680412371,970
2023-06-23,0.029867995802728236,0.112894018887723,0.10277229800629592,0.7843294858342079,953
2023-06-24,0.005489669421487607,0.1022582644628099,0.09711880165289258,0.8006157024793387,968
2023-06-25,0.05424545454545455,0.1033164108618654,0.08606611570247934,0.8106198347107436,847
2023-06-26,-0.013479461279461275,0.0851851851851852,0.10134567901234569,0.8134725028058364,891
2023-06-27,0.0312222808870116,0.09644350580781416,0.08238014783526929,0.8211742344244984,947
2023-06-28,0.04171085353003161,0.10730769230769231,0.08476290832455216,0.8079283456269757,949
2023-06-29,0.09380171122994653,0.12777219251336897,0.06968770053475934,0.8025262032085563,935
2023-06-30,0.06893229278794402,0.11484499461786868,0.07864155005382134,0.8065177610333694,929
2023-07-01,0.03501149171270719,0.1021779005524862,0.09101215469613261,0.8068044198895027,905
2023-07-02,0.071851598676957,0.10554134509371557,0.07963395810363838,0.8148125689084899,907
2023-07-03,0.06939925531914894,0.10035212765957445,0.06666170212765955,0.8329808510638292,940
2023-07-04,0.07339717698154181,0.11296525515743756,0.07396959826275787,0.8130618892508148,921
2023-07-05,0.06750732758620691,0.1044040948275862,0.08094827586206897,0.8146487068965516,928
2023-07-06,0.250821568627451,0.10733333333333334,0.04952941176470588,0.8430588235294116,51
2023-07-07,0.22776000000000002,0.083,0.03382500000000001,0.88315,40
2023-07-08,0.22555882352941178,0.05976470588235294,0.03564705882352942,0.9044705882352941,17
2023-07-09,0.3130105263157895,0.10673684210526313,0.051894736842105264,0.8412631578947367,19
2023-07-10,0.4292652173913044,0.12236956521739131,0.01808695652173913,0.8596304347826087,46
2023-07-11,0.19348793103448278,0.08139655172413793,0.049948275862068965,0.8686379310344826,58
2023-07-12,0.21824736842105266,0.10238596491228069,0.05585964912280701,0.841719298245614,57
2023-07-13,0.2218139534883721,0.09540697674418606,0.05334883720930233,0.8512209302325581,86
2023-07-14,0.15857818181818178,0.10414545454545454,0.06158181818181818,0.834290909090909,55
2023-07-15,0.09967741585233443,0.11508143322475572,0.07181541802388708,0.8131053203040173,921
2023-07-16,0.055957017543859705,0.1014967105263158,0.07692872807017545,0.8215811403508773,912
2023-07-17,0.05899568106312293,0.10137541528239202,0.07584939091915835,0.8227763012181618,903
2023-07-18,0.041773662551440334,0.09904732510288068,0.08281893004115225,0.8181203703703702,972
2023-07-19,0.07516391752577319,0.11178659793814434,0.07218144329896908,0.8160278350515466,970
2023-07-20,0.05795152471083071,0.1010578338590957,0.08421240799158781,0.8147371188222926,951
2023-07-21,0.038816050686378036,0.09576135163674761,0.08270749736008448,0.8215332629355858,947
2023-07-22,0.06435373626373628,0.10845604395604395,0.08564615384615386,0.8058978021978024,910
2023-07-23,0.06192866449511402,0.10284473398479914,0.07387079261672097,0.8232877307274702,921
2023-07-24,0.07487846320346321,0.10053896103896104,0.07082359307359307,0.8286309523809521,924
2023-07-25,0.08320368364030334,0.10689815817984831,0.07091765980498377,0.8221700975081258,923
2023-07-26,0.08145910041841004,0.10789435146443517,0.0722008368200837,0.8199027196652717,956
2023-07-27,0.08479590163934428,0.10103073770491805,0.06533299180327867,0.8336362704918037,976
2023-07-28,0.08760444685466376,0.11206290672451194,0.07431344902386115,0.8136344902386118,922
2023-07-29,0.12775185995623628,0.13005470459518598,0.07405142231947485,0.7958938730853391,914
2023-07-30,0.08287977528089888,0.1123022471910112,0.07484269662921349,0.812844943820225,890
2023-07-31,0.052082645502645505,0.10679470899470903,0.08755978835978837,0.8056380952380949,945
2023-08-01,0.09100701381509033,0.11681721572794897,0.0767056323060574,0.806469713071201,941
2023-08-02,0.06258812095032397,0.11145572354211662,0.08093196544276454,0.8076047516198706,926
2023-08-03,0.05849520697167758,0.10628322440087141,0.0795806100217865,0.81412962962963,918
2023-08-04,0.06406358695652174,0.11251304347826094,0.0788717391304348,0.8085934782608699,920
2023-08-05,0.060761315496098096,0.11812374581939797,0.07805574136008916,0.8038138238573024,897
2023-08-06,0.04011666666666668,0.09694917257683215,0.07402955082742316,0.8290212765957445,846
2023-08-07,0.0345361334867664,0.10603452243958571,0.08241426927502876,0.811542002301496,869
2023-08-08,0.039721179039301314,0.09432532751091705,0.0882772925764192,0.8173820960698688,916
2023-08-09,0.08155032467532468,0.1083441558441558,0.0737002164502164,0.8179556277056279,924
2023-08-10,0.03955513812154697,0.09863425414364642,0.08804861878453037,0.8133082872928177,905
2023-08-11,0.05448809248554913,0.09999653179190748,0.0761907514450867,0.8238069364161851,865
2023-08-12,0.08030183150183151,0.1231184371184371,0.07376312576312578,0.8031172161172163,819
2023-08-13,0.0539198697068404,0.09853094462540718,0.07139087947882736,0.8300749185667751,921
2023-08-14,0.0629493136219641,0.10409186906019012,0.0823453009503696,0.813554382259768,947
2023-08-15,0.05351211477151969,0.09914558979808713,0.08302337938363444,0.8178257173219977,941
2023-08-16,0.050645426515930105,0.10898458376156218,0.08263412127440901,0.8083782117163413,973
2023-08-17,0.06346613247863249,0.09766132478632479,0.06895299145299143,0.8333878205128207,936
2023-08-18,0.03351598360655738,0.0911526639344262,0.08212397540983606,0.8267305327868852,976
2023-08-19,0.06769091903719912,0.1123621444201313,0.08024945295404812,0.8073741794310723,914
2023-08-20,0.04104070175438598,0.11078479532163743,0.07941988304093567,0.8098058479532165,855
2023-08-21,0.04299215896885071,0.10185714285714284,0.0837669172932331,0.8143705692803438,931
2023-08-22,0.045580042462845034,0.10255944798301485,0.08131634819532908,0.8161135881104034,942
2023-08-23,0.045192047930283225,0.10572549019607842,0.07745098039215685,0.8168355119825711,918
2023-08-24,0.0633152704135737,0.10390562036055141,0.07535737009544007,0.8207370095440083,943
2023-08-25,0.037868972142171005,0.08989913544668586,0.07497982708933715,0.8351181556195967,1041
2023-08-26,0.04980671462829735,0.10693645083932854,0.0828165467625899,0.8102362110311752,834
2023-08-27,0.06488288288288288,0.10230968468468465,0.08120382882882884,0.8164932432432433,888
2023-08-28,0.047695973884657225,0.10123286180631119,0.08034494015233952,0.8184080522306856,919
2023-08-29,0.04487420718816067,0.11036575052854124,0.0819059196617336,0.8077346723044397,946
2023-08-30,0.041135674470457094,0.11119509476031215,0.08628985507246376,0.8025072463768115,897
2023-08-31,0.05717596982758619,0.10295689655172413,0.07750969827586206,0.8195269396551722,928
2023-09-01,0.044521086956521724,0.11104130434782611,0.08446521739130432,0.8044847826086956,920
2023-09-02,0.04710778727445397,0.11011396011396013,0.08523741690408357,0.8046571699905032,1053
2023-09-03,0.04469190371991249,0.10571115973741792,0.08320678336980306,0.811065645514223,914
2023-09-04,0.049072655217965666,0.10489564068692207,0.08725495376486128,0.8078718626155879,757
2023-09-05,0.07368957189901205,0.10441822173435791,0.07305378704720086,0.8225203073545554,911
2023-09-06,0.06541343612334802,0.10789317180616738,0.08144383259911891,0.8106662995594714,908
2023-09-07,0.021589123548046475,0.09440549102428722,0.08730200633579727,0.8182882787750793,947
2023-09-08,0.029171381215469628,0.0969900552486188,0.08864088397790051,0.8143823204419888,905
2023-09-09,0.05744599109131405,0.1056314031180401,0.0765066815144766,0.8178663697104677,898
2023-09-10,0.07172410196987256,0.10805098493626886,0.07789223638470452,0.8140579374275781,863
2023-09-11,0.08107929936305733,0.10119214437367303,0.06390764331210191,0.8349140127388534,942
2023-09-12,0.06406565762004177,0.11469206680584554,0.07964509394572027,0.8056617954070981,958
2023-09-13,0.035896972860125255,0.09193006263048017,0.08438517745302712,0.8236805845511485,958
2023-09-14,0.058291235480464644,0.10979725448785642,0.07685850052798313,0.8133611404435062,947
2023-09-15,0.07257830687830687,0.1047830687830688,0.08592804232804231,0.8092973544973544,945
2023-09-16,0.05044910714285715,0.11166964285714287,0.08488392857142855,0.8034424603174606,1008
2023-09-17,0.05281692111959288,0.0993498727735369,0.07734223918575064,0.8233117048346058,786
2023-09-18,0.06520554973821988,0.1133591623036649,0.08505130890052356,0.8015832460732983,955
2023-09-19,0.0664629707112971,0.10560146443514645,0.07952092050209206,0.8148734309623432,956
2023-09-20,0.0496100518134715,0.10153367875647665,0.08593575129533679,0.8125295336787564,965
2023-09-21,0.06700030927835053,0.09966288659793815,0.07095051546391751,0.8293835051546393,970
2023-09-22,0.07303385365853658,0.11942243902439023,0.07902243902439023,0.8015482926829267,1025
2023-09-23,0.06186946946946946,0.11762762762762764,0.08407407407407409,0.7982872872872874,999
2023-09-24,0.03631375464684014,0.10516976456009913,0.09134200743494424,0.8034832713754646,807
2023-09-25,0.042825728155339825,0.10074271844660196,0.0860376213592233,0.813234223300971,824
2023-09-26,0.025925889967637547,0.10242826321467098,0.09055555555555558,0.8070215749730311,927
2023-09-27,0.041129617834394915,0.10550424628450109,0.08431847133757958,0.8101815286624203,942
2023-09-28,0.06862071428571427,0.09988163265306121,0.0744469387755102,0.8256632653061226,980
2023-09-29,0.06370266940451749,0.10573921971252566,0.08294558521560577,0.811316221765914,974
2023-09-30,0.08736929637526653,0.1288475479744136,0.0848230277185501,0.786326226012793,938
2023-10-01,0.03010053705692802,0.10616756176154668,0.10351664876476903,0.7903093447905479,931
2023-10-02,0.05226210191082804,0.10090658174097662,0.07554033970276006,0.8235626326963909,942
2023-10-03,0.03407826086956524,0.10367762460233299,0.09714422057264048,0.7991876988335099,943
2023-10-04,0.02828040685224839,0.09809100642398286,0.0838693790149893,0.8180353319057814,934
2023-10-05,0.05683465665236051,0.1053959227467811,0.07854721030042916,0.8160557939914161,932
2023-10-06,0.036017307692307675,0.09809615384615386,0.08427226720647775,0.8176315789473682,988
2023-10-07,0.06931493362831859,0.1092278761061947,0.08132853982300886,0.8094369469026549,904
2023-10-08,0.05579083710407243,0.11214366515837108,0.08434049773755659,0.8035180995475115,884
2023-10-09,0.019949789029535876,0.10706856540084386,0.09200632911392406,0.8009219409282703,948
2023-10-10,0.042524626865671655,0.11171002132196162,0.09265458422174838,0.7956407249466952,938
2023-10-11,0.004046162046908317,0.0934179104477612,0.08284221748400852,0.823734541577825,938
2023-10-12,0.03888569892473119,0.10649139784946238,0.08894408602150536,0.8045505376344086,930
2023-10-13,0.03128126951092611,0.10059521331945888,0.08230280957336107,0.8171082206035378,961
2023-10-14,0.07313124312431245,0.11057535753575355,0.07481298129812981,0.8145929592959298,909
2023-10-15,0.05688055248618786,0.10792486187845302,0.08146519337016575,0.8106022099447513,905
2023-10-16,0.05921393534002231,0.09704570791527316,0.07998996655518395,0.8229520624303234,897
2023-10-17,0.06419288840262581,0.10306236323851205,0.07976148796498908,0.8171794310722104,914
2023-10-18,0.02682921589688506,0.10007841031149303,0.08509881847475832,0.814827067669173,931
2023-10-19,0.04053705692803438,0.0851858216970999,0.07367561761546722,0.8411353383458644,931
2023-10-20,0.03617445414847162,0.09589737991266375,0.07841048034934499,0.8256823144104809,916
2023-10-21,0.044642324561403525,0.09395065789473686,0.08372149122807017,0.8223289473684212,912
2023-10-22,0.048869012485811596,0.10111237230419975,0.08183200908059021,0.8170522133938705,881
2023-10-23,0.032743632336655594,0.09824916943521594,0.08345514950166115,0.8182890365448507,903
2023-10-24,0.06026514657980457,0.09801954397394141,0.07674049945711185,0.8252399565689469,921
2023-10-25,0.04875435729847494,0.10501742919389975,0.07979520697167755,0.8151917211328977,918
2023-10-26,0.059635020242914984,0.10992712550607288,0.08504554655870449,0.8050273279352229,988
2023-10-27,0.05523561786085152,0.10237798546209763,0.07474454828660436,0.8228805815160956,963
2023-10-28,0.04849530132788561,0.10687027579162414,0.08884269662921349,0.8042829417773238,979
2023-10-29,0.037044075829383884,0.10196208530805685,0.09783886255924172,0.800196682464455,844
2023-10-30,0.033067695700110276,0.09842006615214997,0.08887210584343988,0.8127056229327456,907
2023-10-31,0.061654239130434794,0.10416086956521743,0.07594782608695651,0.8198945652173911,920
2023-11-01,0.050696327387198335,0.09527701993704092,0.07581532004197271,0.8288961175236095,953
2023-11-02,0.06809191489361702,0.10611170212765958,0.08007340425531916,0.8138031914893616,940
2023-11-03,0.07021930960086299,0.11678748651564184,0.07568824163969796,0.8075091693635381,927
2023-11-04,0.05797132146204311,0.10391658856607315,0.07878069353327087,0.8172877225866917,1067
2023-11-05,0.048392884371029246,0.10902414231257938,0.08019313850063532,0.8107789072426942,787
2023-11-06,0.04345650793650794,0.10384444444444443,0.09137142857142855,0.8047830687830687,945
2023-11-07,0.041358071278826,0.09503144654088046,0.0773029350104822,0.8276687631027256,954
2023-11-08,0.06328379237288134,0.10685699152542374,0.07926694915254237,0.8138813559322035,944
2023-11-09,0.032907218683651804,0.09308598726114649,0.0876995753715499,0.8192101910828024,942
2023-11-10,0.05240734824281149,0.0998594249201278,0.07963471778487755,0.8205090521831737,939
2023-11-11,0.04785458089668617,0.11353606237816764,0.09068226120857699,0.7957884990253411,1026
2023-11-12,0.05286869871043377,0.103588511137163,0.08458733880422042,0.811828839390387,853
2023-11-13,0.03239938524590164,0.09254098360655741,0.0853534836065574,0.8221209016393441,976
2023-11-14,0.06315057113187954,0.1031277258566979,0.0773457943925234,0.8195306334371756,963
2023-11-15,0.07149784102060842,0.10425122669283614,0.07993130520117764,0.8158145240431794,1019
2023-11-16,0.0704487473903967,0.10413256784968683,0.0697400835073069,0.8261356993736957,958
2023-11-17,0.057106156901688195,0.10250744786494541,0.08074975173783516,0.8167467725918569,1007
2023-11-18,0.08700606060606063,0.1130270562770563,0.07046861471861472,0.8165010822510821,924
2023-11-19,0.07541626898047724,0.10656182212581344,0.06849240780911063,0.824945770065076,922
2023-11-20,0.06469174406604747,0.10508152734778123,0.07443550051599586,0.8204860681114551,969
2023-11-21,0.06150019841269839,0.10606051587301583,0.08072519841269839,0.8132083333333335,1008
2023-11-22,0.030072549019607858,0.10359236326109394,0.08152321981424146,0.8148813209494326,969
2023-11-23,0.0784312292358804,0.11198338870431894,0.06783222591362126,0.820187707641196,1204
2023-11-24,0.04918013833992095,0.10458498023715412,0.07988833992094858,0.8155217391304344,1012
2023-11-25,0.08390651105651104,0.10632309582309582,0.08208230958230958,0.8115995085995087,814
2023-11-26,0.07980438356164381,0.10945616438356168,0.07504931506849315,0.8154999999999998,730
2023-11-27,0.09084225352112678,0.10914788732394368,0.07736720321931588,0.8134798792756541,994
2023-11-28,0.0936011122345804,0.1148928210313448,0.07539332659251771,0.8096976744186049,989
2023-11-29,0.041397311271975205,0.1060889348500517,0.09120785935884178,0.8027135470527403,967
2023-11-30,0.063,0.11083476394849785,0.09406008583690986,0.7951169527896993,932
2023-12-01,0.04837120418848167,0.10808167539267015,0.0827696335078534,0.8091455497382198,955
2023-12-02,0.0793857935627081,0.11111986681465039,0.0797591564927858,0.8091043285238627,901
2023-12-03,0.034921460176991166,0.09734623893805308,0.0898738938053097,0.8127710176991151,904
2023-12-04,0.055271475409836054,0.1088120218579235,0.07879781420765027,0.8123857923497269,915
2023-12-05,0.07708476890756304,0.1084894957983193,0.07878151260504201,0.812716386554622,952
2023-12-06,0.07691286610878663,0.10901778242677825,0.07821234309623432,0.8127583682008368,956
2023-12-07,0.07392440290758048,0.1012191069574247,0.07213395638629286,0.8266417445482869,963
2023-12-08,0.05327012448132783,0.10287136929460582,0.08006431535269706,0.8170632780082986,964
2023-12-09,0.07165989743589744,0.11202153846153846,0.07471487179487177,0.8132748717948718,975
2023-12-10,0.08469357060849597,0.1180321469575201,0.08724569460390356,0.794727898966705,871
2023-12-11,0.09437787056367433,0.11210229645093946,0.07292588726513571,0.8149665970772445,958
2023-12-12,0.038335350318471344,0.1085180467091295,0.08510934182590234,0.8063874734607214,942
2023-12-13,0.06210240722166498,0.11097392176529589,0.08227281845536612,0.8067552657973924,997
2023-12-14,0.07354562438544741,0.1079046214355949,0.08137758112094395,0.8107089478859393,1017
2023-12-15,0.037850517598343694,0.09872153209109731,0.08571221532091097,0.8155734989648038,966
2023-12-16,0.07074804003336112,0.10611926605504586,0.07144453711426187,0.822437030859049,1199
2023-12-17,0.06781368267831152,0.1079592430858806,0.08460553129548763,0.8074308588064047,687
2023-12-18,0.06362707468879668,0.10579771784232365,0.07439937759336099,0.8197956431535268,964
2023-12-19,0.05682550264550265,0.10446243386243388,0.07471111111111112,0.820824338624339,945
2023-12-20,0.07987087857847976,0.10954985192497535,0.07555873642645607,0.8148914116485687,1013
2023-12-21,0.029164389233954462,0.0993374741200828,0.08966045548654246,0.8110020703933749,966
2023-12-22,0.06701796714579057,0.11696919917864478,0.07933367556468174,0.8037022587268995,974
2023-12-23,0.08634724576271192,0.11123411016949152,0.07582309322033898,0.812945974576271,944
2023-12-24,0.05515546875000001,0.11688828125000002,0.08402890625000001,0.7990703125000002,1280
2023-12-25,0.06902047511312219,0.11967194570135746,0.08411764705882352,0.7962058823529412,884
2023-12-26,0.09550161290322581,0.11391202346041054,0.07691935483870971,0.8091612903225806,682
2023-12-27,0.08067359667359668,0.11594074844074845,0.08220582120582118,0.8018399168399172,962
2023-12-28,0.07536196447230932,0.11136259143155698,0.07538557993730406,0.8132507836990597,957
2023-12-29,0.047501975850713515,0.09992206366630077,0.08106147091108673,0.8190098792535674,911
2023-12-30,0.07915550891920253,0.12307869884575026,0.08881741867785936,0.7881133263378802,953
2023-12-31,0.08881736662883087,0.106155505107832,0.07379568671963677,0.8200578887627694,881
2024-01-01,0.07255920770877944,0.11256316916488224,0.07274411134903642,0.8146873661670236,934
2024-01-02,0.016763225806451617,0.09918602150537631,0.08125483870967742,0.8195645161290321,930
2024-01-03,0.0510012711864407,0.09674576271186441,0.07911334745762712,0.8241493644067795,944
2024-01-04,0.06353002070393376,0.09758074534161491,0.06906728778467908,0.8333426501035196,966
2024-01-05,0.03659315352697096,0.10604979253112036,0.08290560165975105,0.8110331950207468,964
2024-01-06,0.045130176899063484,0.10627055150884493,0.08376899063475546,0.8099614984391262,961
2024-01-07,0.03353236607142858,0.09622433035714285,0.08658816964285712,0.8171785714285715,896
2024-01-08,0.043597885835095156,0.08859830866807611,0.08016384778012688,0.8312272727272728,946
2024-01-09,0.08660871413390009,0.10652391073326249,0.06816684378320938,0.825314558979809,941
2024-01-10,0.06908880753138075,0.11169560669456068,0.07971966527196651,0.8085889121338912,956
2024-01-11,0.08507241725175528,0.11465095285857568,0.07282046138415248,0.8125386158475425,997
2024-01-12,0.034545134575569354,0.09583333333333334,0.08818737060041405,0.8159689440993785,966
2024-01-13,0.06799196525515744,0.10659826275787189,0.07409229098805646,0.8193094462540716,921
2024-01-14,0.06974326086956521,0.10311086956521738,0.07633804347826084,0.820554347826087,920
2024-01-15,0.03968374717832958,0.09633860045146726,0.08988036117381493,0.813781038374718,886
2024-01-16,0.06465375661375662,0.09284126984126982,0.07406243386243386,0.8330984126984127,945
2024-01-17,0.08751059322033902,0.1194756355932203,0.0768591101694915,0.8036737288135593,944
2024-01-18,0.08411332644628094,0.12019421487603307,0.07707231404958678,0.8027303719008269,968
2024-01-19,0.057303834510595314,0.09621594349142285,0.0713531786074672,0.8324369323915236,991
2024-01-20,0.07959206008583693,0.1150536480686695,0.07600214592274679,0.8089431330472102,932
2024-01-21,0.06789030837004406,0.10659471365638766,0.07800660792951541,0.8154129955947136,908
2024-01-22,0.0852165605095541,0.10488853503184711,0.06943099787685776,0.8256868365180465,942
2024-01-23,0.05708977272727275,0.0984163223140496,0.07205371900826446,0.8295258264462813,968
2024-01-24,0.08677795591182365,0.10282464929859719,0.07009018036072143,0.8270831663326654,998
2024-01-25,0.05834571723426212,0.10760061919504646,0.0886264189886481,0.803767801857585,969
2024-01-26,0.07334475890985324,0.10457966457023062,0.07579140461215933,0.8196425576519915,954
2024-01-27,0.08080030120481925,0.1056957831325301,0.07067570281124497,0.8236325301204819,996
2024-01-28,0.08159128440366976,0.11017087155963305,0.06790940366972475,0.8219208715596329,872
2024-01-29,0.03569537037037036,0.10561316872427982,0.09016666666666669,0.8042181069958848,972
2024-01-30,0.08519106967615311,0.110297350343474,0.0660323846908734,0.8236751717369973,1019
2024-01-31,0.03849742828882294,0.09501879327398617,0.07622551928783382,0.8287626112759646,1011
2024-02-01,0.03597615062761507,0.10686610878661086,0.09218096234309624,0.8009571129707115,956
2024-02-02,0.09668110000000002,0.11883799999999994,0.075642,0.805529,1000
2024-02-03,0.09020523138832996,0.11567404426559352,0.07282997987927563,0.8115020120724346,994
2024-02-04,0.06937578313253012,0.1069132530120482,0.08689277108433735,0.8061975903614458,830
2024-02-05,0.06171462409886715,0.10447476828012359,0.07976725025746653,0.8157548918640578,971
2024-02-06,0.07868440366972479,0.10999592252803263,0.0749092762487258,0.8150937818552498,981
2024-02-07,0.06503019057171516,0.10493279839518557,0.07408926780341026,0.8209809428284854,997
2024-02-08,0.10886060885608859,0.11590682656826568,0.07594741697416975,0.8081476014760146,1084
2024-02-09,0.10204849699398795,0.10946292585170338,0.07624549098196393,0.8142855711422846,998
2024-02-10,0.120833085106383,0.11690531914893616,0.07217978723404254,0.8109117021276593,940
2024-02-11,0.11645375782881001,0.1215991649269311,0.07292066805845511,0.8054780793319417,958
2024-02-12,0.09105290000000002,0.12161,0.07525800000000002,0.8031280000000004,1000
2024-02-13,0.08604711067580802,0.11242409402546528,0.07650734573947111,0.8110695396669935,1021
2024-02-14,0.08843798283261801,0.11453218884120174,0.07029399141630903,0.8151706008583691,932
2024-02-15,0.0900017324350337,0.11591819056785371,0.07785274302213668,0.8062281039461021,1039
2024-02-16,0.10326208897485491,0.10731237911025143,0.06707543520309477,0.8255938104448742,1034
2024-02-17,0.10260286016949152,0.1258389830508474,0.08132097457627119,0.7928432203389832,944
2024-02-18,0.10326884210526315,0.10601368421052633,0.06489157894736843,0.8291105263157895,950
2024-02-19,0.11142852631578945,0.1063821052631579,0.06929263157894738,0.8243221052631581,950
2024-02-20,0.0816978,0.10253899999999999,0.07799900000000001,0.8194670000000001,1000
2024-02-21,0.07697835748792273,0.10494492753623186,0.06836425120772945,0.8266811594202896,1035
2024-02-22,0.1003834084761046,0.11038412984670876,0.07568620378719566,0.8139296663660956,1109
2024-02-23,0.11200822966507175,0.1184421052631579,0.07446602870813396,0.8071052631578947,1045
2024-02-24,0.10245150862068966,0.11432219827586204,0.06756250000000001,0.8181185344827585,928
2024-02-25,0.1083244111349036,0.11493147751605995,0.07055246252676661,0.8145235546038543,934
2024-02-26,0.1095617710583153,0.10861771058315334,0.06577213822894167,0.8256112311015119,926
2024-02-27,0.11899234642497478,0.11636354481369587,0.06076837865055388,0.822865055387714,993
2024-02-28,0.08432697302697303,0.10501898101898106,0.0741768231768232,0.8208031968031968,1001
2024-02-29,0.09959251012145749,0.11486842105263159,0.07035323886639677,0.8147702429149799,988
2024-03-01,0.08879466537342387,0.1094655674102813,0.07242774005819591,0.8181202715809891,1031
2024-03-02,0.09408220164609048,0.1160956790123457,0.07226337448559672,0.8116388888888889,972
2024-03-03,0.092582863340564,0.11051843817787421,0.07206399132321042,0.8174132321041214,922
2024-03-04,0.09030109452736321,0.10444179104477612,0.0664149253731343,0.8291383084577113,1005
2024-03-05,0.11025756048387093,0.11422479838709684,0.06897580645161291,0.8168114919354836,992
2024-03-06,0.09802141434262943,0.11162649402390439,0.06735756972111552,0.8210059760956173,1004
2024-03-07,0.11568790882061443,0.11034588701684839,0.07047373637264617,0.8191665014866202,1009
2024-03-08,0.13466941789748033,0.11441702867072108,0.06903301476976542,0.8165386620330147,1151
2024-03-09,0.1060676258992806,0.11531140801644404,0.07752106885919836,0.8071891058581707,973
2024-03-10,0.09829469302809575,0.10364308012486989,0.0685483870967742,0.8278272632674298,961
2024-03-11,0.08375661691542287,0.09304477611940297,0.06785373134328358,0.8391054726368161,1005
2024-03-12,0.08305524475524478,0.10593306693306692,0.07376923076923077,0.8202937062937063,1001
2024-03-13,0.0954128,0.109113,0.068985,0.8218890000000001,1000
2024-03-14,0.0808815458937198,0.10160483091787442,0.06877681159420293,0.8296347826086962,1035
2024-03-15,0.07446143540669856,0.101666028708134,0.07677416267942586,0.8215607655502395,1045
2024-03-16,0.05001487513572205,0.11415309446254071,0.0853344191096634,0.8005190010857761,921
2024-03-17,0.09001030818278428,0.11068119022316686,0.07388947927736453,0.8154410201912858,941
2024-03-18,0.07766407563025209,0.09737710084033616,0.07055042016806724,0.8320819327731092,952
2024-03-19,0.08588261738261742,0.10250149850149852,0.06554845154845157,0.8319640359640361,1001
2024-03-20,0.09317919191919191,0.10579090909090909,0.07187373737373735,0.822327272727273,990
2024-03-21,0.08749145383104125,0.10628781925343814,0.07448624754420434,0.8192278978389002,1018
2024-03-22,0.09277389999999999,0.11080099999999997,0.074987,0.8142219999999998,1000
2024-03-23,0.05830095137420721,0.11039006342494714,0.09198731501057081,0.7976321353065539,946
2024-03-24,0.06593625997719497,0.10157924743443558,0.07652907639680731,0.8218893956670468,877
2024-03-25,0.04981532846715328,0.0974713242961418,0.07897914494264856,0.8235443169968717,959
2024-03-26,0.10135851619644727,0.11133228840125389,0.0683657262277952,0.8203019853709506,957
2024-03-27,0.11281553985872858,0.11298789101917259,0.073941473259334,0.8130726538849645,991
2024-03-28,0.08327782299084441,0.10500712105798578,0.0742583926754832,0.820741607324517,983
2024-03-29,0.06428787255909557,0.10328365878725593,0.08465981500513875,0.8120606372045219,973
2024-03-30,0.10932893235533823,0.10834474327628366,0.0738720456397718,0.817780766096169,1227
2024-03-31,0.0654381679389313,0.09634503816793892,0.07230534351145038,0.831369465648855,655
2024-04-01,0.08083368644067795,0.10404131355932207,0.06736122881355933,0.8286091101694916,944
2024-04-02,0.08794689800210302,0.11182334384858042,0.07406834910620398,0.8141062039957937,951
2024-04-03,0.07871430051813472,0.1046455958549223,0.07555958549222797,0.8197968911917098,965
2024-04-04,0.09863172205438069,0.1031812688821752,0.07353877139979859,0.8232759315206447,993
2024-04-05,0.06093084677419358,0.10843649193548384,0.08675504032258068,0.8047993951612904,992
2024-04-06,0.05546957264957266,0.10224017094017096,0.07650683760683762,0.8212452991452991,1170
2024-04-07,0.04507223837209303,0.10250290697674415,0.0865595930232558,0.810934593023256,688
2024-04-08,0.06011705508474577,0.08984110169491526,0.07066843220338981,0.839491525423729,944
2024-04-09,0.0987348670756646,0.11151840490797545,0.07578527607361964,0.8127075664621679,978
2024-04-10,0.07654613861386135,0.10612772277227725,0.07978712871287127,0.814081188118812,1010
2024-04-11,0.06613248472505093,0.1144317718940937,0.07662830957230142,0.8089439918533604,982
2024-04-12,0.06649181636726546,0.10487524950099801,0.07137225548902193,0.8237534930139724,1002
2024-04-13,0.06506463157894737,0.11132947368421053,0.08274105263157897,0.805938947368421,950
2024-04-14,-0.03093050483351233,0.09394522019334053,0.09806229860365198,0.8079763694951665,931
2024-04-15,0.05427156348373558,0.09722245540398741,0.08306505771248689,0.8197114375655824,953
2024-04-16,0.0468332977588047,0.10170224119530417,0.08775667022411954,0.8105261472785484,937
2024-04-17,0.08427329317269078,0.11518574297188759,0.08336244979919677,0.8014518072289153,996
2024-04-18,0.07530271629778673,0.11103420523138832,0.08093259557344065,0.8080392354124747,994
2024-04-19,0.032549416342412436,0.09335992217898836,0.09003307392996107,0.8166147859922177,1028
2024-04-20,0.07591051606621231,0.11204771178188898,0.0828597857838364,0.8051022395326194,1027
2024-04-21,0.05166442953020135,0.10512639821029084,0.08245861297539152,0.8124071588366888,894
2024-04-22,0.0435217659137577,0.09483264887063654,0.07640759753593432,0.828770020533881,974
2024-04-23,0.07482234580384227,0.10711324570272998,0.07409908998988875,0.8187906976744186,989
2024-04-24,0.057685445026178,0.10460418848167537,0.07728062827225128,0.8181287958115185,955
2024-04-25,0.050218518518518517,0.1075565843621399,0.08417489711934155,0.8082767489711932,972
2024-04-26,0.08602869318181816,0.1131789772727273,0.06833049242424244,0.8184981060606061,1056
2024-04-27,0.08841548672566367,0.11415486725663718,0.07357433628318584,0.8122787610619469,1130
2024-04-28,0.0670562401263823,0.10932069510268563,0.08122274881516588,0.8094676145339653,633
2024-04-29,0.059164835164835165,0.10007032967032967,0.07662747252747253,0.8233065934065932,910
2024-04-30,0.0822888888888889,0.11495781893004116,0.0759783950617284,0.8090689300411522,972
2024-05-01,0.07406520039100684,0.1191710654936462,0.08746920821114369,0.7933597262952102,1023
2024-05-02,0.06454745762711864,0.1038504486540379,0.07925324027916256,0.8168933200398806,1003
2024-05-03,0.07281194029850745,0.1075900497512438,0.08596716417910447,0.8064487562189054,1005
2024-05-04,0.08498219727345628,0.11038251804330397,0.07374258219727345,0.81587730553328,1247
2024-05-05,0.09225908346972177,0.10943535188216041,0.08007692307692309,0.8104795417348608,611
2024-05-06,0.08284189473684211,0.10079263157894741,0.06951789473684211,0.8296705263157896,950
2024-05-07,0.05891317122593718,0.10403343465045592,0.07531408308004052,0.8206524822695035,987
2024-05-08,0.10436670135275754,0.11611758584807491,0.06821123829344432,0.8156680541103019,961
2024-05-09,0.05374813278008298,0.10032780082987555,0.09013589211618259,0.8095321576763482,964
2024-05-10,0.07520751802265706,0.10029248197734293,0.0830267765190525,0.8166735324407829,971
2024-05-11,0.07517952941176474,0.11465254901960784,0.08369411764705881,0.8016564705882353,1275
2024-05-12,0.08384901531728667,0.10753829321663022,0.07639824945295404,0.8160831509846828,457
2024-05-13,0.07709349186483103,0.10375344180225278,0.06322528160200251,0.8330250312891111,799
2024-05-14,0.12704280821917804,0.11532762557077622,0.06748401826484017,0.8171906392694063,876
2024-05-15,0.09057096412556054,0.11753139013452915,0.07586322869955157,0.8066109865470851,892
2024-05-16,0.0870684549356223,0.10841845493562231,0.07174570815450645,0.8198358369098714,932
2024-05-17,0.09650348837209305,0.11279186046511629,0.07532209302325583,0.811867441860465,860
2024-05-18,0.09621701199563798,0.11992257360959657,0.08606215921483096,0.7940065430752453,917
2024-05-19,0.11047101827676238,0.1174503916449086,0.07167362924281985,0.8108590078328982,766
2024-05-20,0.06848177623990773,0.1058246828143022,0.07831372549019605,0.8158523644752022,867
2024-05-21,0.07567423033067276,0.10068643101482323,0.07163169897377422,0.8276613454960093,877
2024-05-22,0.09250340659340658,0.11005164835164834,0.0803923076923077,0.8095505494505495,910
2024-05-23,0.11513689217758984,0.1127198731501057,0.0728245243128964,0.8144545454545457,946
2024-05-24,0.06336358574610246,0.09615478841870824,0.07569487750556793,0.8281447661469932,898
2024-05-25,0.10519532627865959,0.11484920634920635,0.07108730158730157,0.8140740740740742,1134
2024-05-26,0.08126655290102387,0.1072502844141069,0.07495221843003413,0.8177986348122868,879
2024-05-27,0.050515417867435165,0.09764553314121038,0.07927377521613832,0.8230878962536021,694
2024-05-28,0.10077001209189844,0.10447400241837969,0.07011850060459494,0.8254074969770255,827
2024-05-29,0.10964336842105264,0.10942421052631579,0.07007789473684212,0.8205,950
2024-05-30,0.08866954689146467,0.09984826132771342,0.07387144362486829,0.8262802950474183,949
2024-05-31,0.12468045851528385,0.11667139737991271,0.06783733624454148,0.8154989082969433,916
2024-06-01,0.13544351145038167,0.13416316793893124,0.07464885496183207,0.7911812977099236,1048
2024-06-02,0.09184425363276087,0.10484676354029063,0.0727873183619551,0.8223685601056804,757
2024-06-03,0.10917935483870962,0.10416774193548389,0.07201419354838709,0.8238270967741934,775
2024-06-04,0.10947442872687707,0.1237399347116431,0.06989009793253538,0.8063819368879215,919
2024-06-05,0.1311686900958466,0.11811182108626199,0.0647241746538871,0.8171618743343981,939
2024-06-06,0.10648493003229274,0.11041657696447796,0.06740150699677072,0.8221862217438105,929
2024-06-07,0.15015581395348832,0.11891583610188261,0.06719269102990032,0.8138914728682168,903
2024-06-08,0.10055831873905423,0.11388353765323991,0.07499211908931701,0.8111366024518388,1142
2024-06-09,0.09367862453531599,0.10897397769516726,0.0769553903345725,0.8140631970260221,538
2024-06-10,0.056203169014084516,0.09612910798122068,0.07383098591549297,0.8300469483568075,852
2024-06-11,0.09613033333333332,0.10251777777777778,0.06947777777777779,0.8280100000000004,900
2024-06-12,0.0939900205761317,0.1058641975308642,0.07528189300411524,0.8188580246913579,972
2024-06-13,0.0984593555093555,0.1011871101871102,0.06545841995841996,0.8333596673596674,962
2024-06-14,0.12145131938125565,0.11398726114649681,0.06260418562329392,0.8234131028207461,1099
2024-06-15,0.1276607076350092,0.11431750465549352,0.06672811918063316,0.818946927374301,1074
2024-06-16,0.09202645051194536,0.10753412969283276,0.07992320819112626,0.8125290102389081,586
2024-06-17,0.11075068493150683,0.09953108535300317,0.06261959957850369,0.8378587987355113,949
2024-06-18,0.13256074240719906,0.11321147356580429,0.06857480314960628,0.8182069741282337,889
2024-06-19,0.11139807228915659,0.11069638554216862,0.07568313253012048,0.8136180722891564,830
2024-06-20,0.11490751322751329,0.10765079365079366,0.06111111111111111,0.8312402116402116,945
2024-06-21,0.08632987012987015,0.10260865800865802,0.07342683982683983,0.8239783549783547,1155
2024-06-22,0.09127974238875874,0.10515222482435599,0.07331850117096018,0.8215234192037468,854
2024-06-23,0.08747648578811368,0.11043798449612405,0.06631395348837209,0.8232325581395349,774
2024-06-24,0.08559447852760735,0.10070674846625773,0.06780245398773008,0.8314920245398773,815
2024-06-25,0.13223874285714282,0.11192228571428575,0.06125942857142859,0.8268079999999999,875
2024-06-26,0.12606398809523806,0.11436111111111112,0.06487202380952382,0.8207589285714284,1008
2024-06-27,0.0630035067873303,0.10611538461538463,0.08261651583710405,0.8112680995475111,884
2024-06-28,0.08462624237140366,0.1142755013077594,0.07709851787271142,0.8086251089799479,1147
2024-06-29,0.10796988485385296,0.11920814880425161,0.07554118689105403,0.8052435783879535,1129
2024-06-30,0.0605315619967794,0.093109500805153,0.07350885668276973,0.8333832528180355,621
2024-07-01,0.08561814814814814,0.09569753086419751,0.06869506172839507,0.8356074074074071,810
2024-07-02,0.07864107744107746,0.10589786756453419,0.08028170594837263,0.8138215488215488,891
2024-07-03,0.10533542688910699,0.10671736997055936,0.06627968596663394,0.8270117762512267,1019
2024-07-04,0.10016939834024893,0.11062344398340254,0.07085788381742737,0.8184968879668046,964
2024-07-05,0.06778452696728557,0.10275419982316535,0.08463395225464189,0.8126180371352785,1131
2024-07-06,0.10733073341094296,0.11286495925494762,0.06762630966239813,0.8195238649592548,859
2024-07-07,0.06931882352941177,0.10474705882352942,0.07901568627450982,0.8162392156862744,510
2024-07-08,0.10307139761646802,0.11442036836403034,0.07809100758396535,0.8074821235102927,923
2024-07-09,0.10410298013245031,0.10469977924944811,0.06939514348785872,0.8258973509933777,906
2024-07-10,0.10556993865030671,0.11276482617586914,0.06655010224948874,0.8206656441717791,978
2024-07-11,0.09366038500506586,0.10914589665653499,0.07293819655521784,0.8179057750759877,987
2024-07-12,0.09977374031007752,0.11792829457364341,0.0690823643410853,0.8129951550387595,1032
2024-07-13,0.09018410138248847,0.10655529953917055,0.07186520737327186,0.8215817972350232,868
2024-07-14,0.014215714285714292,0.09153214285714285,0.10092499999999997,0.8075464285714288,840
2024-07-15,0.055458051689860836,0.10292942345924454,0.0773041749502982,0.8197693836978129,1006
2024-07-16,0.12425194228634848,0.12064594894561595,0.06796670366259712,0.8113851276359602,901
2024-07-17,0.06712226066897346,0.10594694348327569,0.07801614763552482,0.8160403690888121,867
2024-07-18,0.08818466386554621,0.102968487394958,0.06960714285714287,0.8274243697478992,952
2024-07-19,0.06672927689594353,0.10915608465608467,0.07878659611992946,0.81205291005291,1134
2024-07-20,0.0604813911472448,0.1089557362240289,0.08423486901535683,0.8068157181571816,1107
2024-07-21,0.037974999999999995,0.0950773381294964,0.08109712230215828,0.8238093525179854,556
2024-07-22,0.07886694367497692,0.09938965835641737,0.06678485687903969,0.8338227146814404,1083
2024-07-23,0.053459840425531924,0.09173670212765958,0.0775558510638298,0.8307034574468085,752
2024-07-24,0.05952095933263816,0.10338060479666322,0.08415432742440042,0.8124619395203336,959
2024-07-25,0.037750365726227794,0.09265621734587252,0.08502925809822362,0.8223187042842216,957
2024-07-26,0.10605435720448664,0.1074288179465056,0.06879637618636757,0.8237782571182052,1159
2024-07-27,0.0694372269705603,0.11061538461538463,0.0841187084520418,0.8052687559354229,1053
2024-07-28,0.08543218045112785,0.1165082706766917,0.08159699248120302,0.8019082706766918,665
2024-07-29,0.08725228113440198,0.105288532675709,0.065577065351418,0.8291307028360045,811
2024-07-30,0.04522107438016531,0.10714462809917356,0.08659090909090908,0.8062592975206614,968
2024-07-31,0.07946413502109706,0.10855063291139239,0.07182805907172995,0.8196107594936709,948
2024-08-01,0.08745234619395204,0.1088915537017727,0.07351511991657975,0.8175974973931178,959
2024-08-02,0.06499231536926148,0.11287724550898202,0.08942714570858287,0.797705588822355,1002
2024-08-03,0.09094191106906344,0.11244560075685908,0.07820624408703879,0.8093538315988643,1057
2024-08-04,0.042736036036036054,0.10386357786357786,0.09277220077220076,0.8033732303732304,777
2024-08-05,0.021860249042145608,0.10043773946360149,0.08867816091954027,0.8108936781609196,1044
2024-08-06,0.046248140900195696,0.10354403131115457,0.08499706457925635,0.8114598825831703,1022
2024-08-07,0.055031287726358145,0.09617203219315895,0.08970020120724344,0.8141317907444666,994
2024-08-08,0.08334036144578313,0.11297891566265059,0.07929518072289155,0.8077399598393574,996
2024-08-09,0.09462081784386621,0.12363568773234199,0.07844795539033454,0.7979200743494422,1076
2024-08-10,0.08159402546523012,0.11456807051909891,0.07692556317335947,0.8085279138099899,1021
2024-08-11,0.06916315049226443,0.10983825597749648,0.08465260196905766,0.8055232067510548,711
2024-08-12,0.046136514522821574,0.10750103734439835,0.08239522821576763,0.8101089211618256,964
2024-08-13,0.02905788423153695,0.09843512974051895,0.09331137724550895,0.8082704590818363,1002
2024-08-14,0.061208773784355186,0.10650000000000001,0.07666067653276955,0.8168456659619452,946
2024-08-15,0.09764237954768926,0.11132153392330384,0.07347787610619469,0.8152015732546708,1017
2024-08-16,0.1063103921568627,0.11680686274509801,0.07602549019607842,0.8071784313725492,1020
2024-08-17,0.08983956133225023,0.11617709179528835,0.07703249390739236,0.80678716490658,1231
2024-08-18,0.10457419962335215,0.1370320150659134,0.07872881355932204,0.784235404896422,531
2024-08-19,0.07155243644067794,0.10559851694915255,0.07737711864406778,0.8170233050847459,944
2024-08-20,0.09943037433155076,0.10842459893048133,0.06644919786096257,0.8251304812834228,935
2024-08-21,0.08884633123689728,0.11000838574423483,0.07260796645702307,0.8173815513626836,954
2024-08-22,0.10660675818373813,0.11064730728616683,0.06724181626187964,0.8221246040126715,947
2024-08-23,0.1177874208144797,0.11670226244343893,0.07081447963800905,0.8124914027149323,1105
2024-08-24,0.0991375979112271,0.12080591818973023,0.08477110530896431,0.794430809399478,1149
2024-08-25,0.08551043723554301,0.10814668547249648,0.06593229901269393,0.8259139633286319,709
2024-08-26,0.08082332968236582,0.10249507119386639,0.06916648411829135,0.8283472070098575,913
2024-08-27,0.0970318681318681,0.11265567765567767,0.06567765567765568,0.8216727716727716,819
2024-08-28,0.10190060606060604,0.1123070707070707,0.07418787878787879,0.8135020202020204,990
2024-08-29,0.07143069207622867,0.10358876629889666,0.07936108324974923,0.8170401203610833,997
2024-08-30,0.0598195652173913,0.10256340579710146,0.0774836956521739,0.8199710144927537,1104
2024-08-31,0.06266940602115537,0.10730756712774618,0.08896175752644427,0.8037485760781116,1229
2024-09-01,0.1000883422459893,0.11813903743315508,0.0753144385026738,0.8065593582887701,935
2024-09-02,0.06491001317523055,0.10073913043478262,0.07795520421607377,0.8213017127799735,759
2024-09-03,0.06270847457627121,0.10279506933744224,0.08036363636363637,0.8168366718027738,649
2024-09-04,0.03296980952380952,0.0935104761904762,0.07780571428571428,0.8286742857142857,1050
2024-09-05,0.05725075376884422,0.10481909547738698,0.08027035175879396,0.8149145728643213,995
2024-09-06,0.07488006902502156,0.10465228645383952,0.07547540983606559,0.8198705780845559,1159
2024-09-07,0.059270570570570565,0.11741441441441444,0.0892282282282282,0.7933553553553553,999
2024-09-08,0.04965462328767124,0.09385616438356165,0.08767123287671232,0.818470890410959,584
2024-09-09,0.06122930693069304,0.1059207920792079,0.0766306930693069,0.8174574257425744,1010
2024-09-10,0.0765853575482406,0.09914642451759367,0.0727264472190692,0.8281191827468783,881
2024-09-11,0.05758,0.10974463276836156,0.08704180790960453,0.8032135593220341,885
2024-09-12,0.08582179341657205,0.11413053348467651,0.06798070374574344,0.8178944381384792,881
2024-09-13,0.08971316553727006,0.11144627299128754,0.07075217812197485,0.8178092933204263,1033
2024-09-14,0.09860436607892528,0.11725356842989085,0.0758690176322418,0.8068891687657431,1191
2024-09-15,0.08682054108216429,0.11333466933867731,0.09218937875751503,0.7944769539078158,998
2024-09-16,0.09684317789291882,0.10877029360967184,0.07387737478411055,0.8173696027633851,579
2024-09-17,0.07940828779599268,0.11052914389799634,0.08119307832422586,0.8082759562841528,1098
2024-09-18,0.08048233695652171,0.10925271739130436,0.07726902173913044,0.8135000000000001,736
2024-09-19,0.04007510000000001,0.10309499999999998,0.091112,0.8057860000000001,1000
2024-09-20,0.06585624133148403,0.10133356449375869,0.0788356449375867,0.8198335644937585,1442
2024-09-21,0.11264887365328101,0.1118168462291871,0.07250636630754159,0.8156758080313418,1021
2024-09-22,0.08595042630937881,0.10874665042630942,0.06542752740560295,0.8258197320341049,821
2024-09-23,0.08363951701427007,0.1085664105378705,0.07032930845225027,0.8210987925356755,911
2024-09-24,0.07682391826923077,0.10481490384615383,0.07283293269230766,0.8223497596153846,832
2024-09-25,0.09698035470668487,0.10665347885402457,0.07468485675306956,0.8186643929058661,733
2024-09-26,0.09317785407725322,0.11616995708154504,0.07496909871244638,0.808867811158798,1165
2024-09-27,0.1100314183123878,0.11567953321364455,0.07172890484739677,0.8125960502693,1114
2024-09-28,0.11346604651162785,0.11378976744186046,0.07746790697674417,0.8087506976744181,1075
2024-09-29,0.06500133333333333,0.10212666666666667,0.07709599999999998,0.8207773333333332,750
2024-09-30,0.05192967525195971,0.10476483762597985,0.07342105263157894,0.8218174692049274,893
2024-10-01,0.0858224489795919,0.11030504833512352,0.07984103114930183,0.8098528464017186,931
2024-10-02,0.059378675496688745,0.10725827814569538,0.07835099337748343,0.8143854304635763,755
2024-10-03,0.059219854721549635,0.10677845036319611,0.0832687651331719,0.8099297820823246,826
2024-10-04,0.06743175718849838,0.10776293929712466,0.08295335463258792,0.8092792332268367,1565
2024-10-05,0.06594267352185089,0.10447557840616968,0.0795192802056555,0.816016709511568,778
2024-10-06,0.07777833859095688,0.1023091482649842,0.08152155625657205,0.8161724500525761,951
2024-10-07,0.06093891352549891,0.0956119733924612,0.07262638580931262,0.8317671840354766,902
2024-10-08,0.08437794432548179,0.11200214132762311,0.06933511777301926,0.8186605995717344,934
2024-10-09,0.07418002481389577,0.10306079404466499,0.07179032258064516,0.8251550868486353,806
2024-10-10,0.044013250714966645,0.10034318398474737,0.07802478551000953,0.8216406101048619,1049
2024-10-11,0.06123506988564169,0.10411689961880559,0.07386785260482845,0.8220228716645491,787
2024-10-12,0.0810391833810888,0.10865687679083093,0.08264541547277936,0.8087106017191974,1396
2024-10-13,0.06826393210749648,0.11242432814710043,0.0736874115983027,0.8138826025459687,707
2024-10-14,0.084572807991121,0.10512319644839067,0.06863706992230856,0.826243063263041,901
2024-10-15,0.11415849889624723,0.11098454746136865,0.07080132450331128,0.8182218543046356,906
2024-10-16,0.08850828571428573,0.11557904761904762,0.06955999999999998,0.8148609523809527,1050
2024-10-17,0.0753649857278782,0.10664224548049478,0.07650523311132254,0.8168544243577547,1051
2024-10-18,0.09448919382504285,0.11085677530017155,0.07582332761578045,0.8133370497427101,1166
2024-10-19,0.11083919129082423,0.11857542768273717,0.06936236391912907,0.8120715396578538,643
2024-10-20,0.1224172801635992,0.10745092024539876,0.06554294478527609,0.82699591002045,978
2024-10-21,0.09934159378036933,0.11245772594752187,0.06860835762876578,0.8189329446064134,1029
2024-10-22,0.07699937810945275,0.10438432835820895,0.07546890547263684,0.8201592039800996,804
2024-10-23,0.09958780737704918,0.10795901639344264,0.07998668032786883,0.8120604508196722,976
2024-10-24,0.11380232365145226,0.11184066390041496,0.07380663900414938,0.814365975103734,1205
2024-10-25,0.08103297872340422,0.10896926713947992,0.08334397163120566,0.8076938534278961,846
2024-10-26,0.08905051935788481,0.10811898016997167,0.07277903682719547,0.8191048158640224,1059
2024-10-27,0.10810841514726507,0.10926086956521738,0.06947124824684434,0.8212580645161293,713
2024-10-28,0.11174999999999997,0.11317287784679095,0.06615217391304348,0.8206728778467913,966
2024-10-29,0.1243334494773519,0.10937166085946574,0.06964343786295009,0.8209802555168411,861
2024-10-30,0.11563384991843388,0.12278384991843397,0.07434094616639478,0.8028792822185971,1226
2024-10-31,0.08222500000000002,0.11096972656250001,0.07549511718750002,0.8135410156250003,1024
2024-11-01,0.05951457564575646,0.10909594095940961,0.08622509225092251,0.8046780442804428,1084
2024-11-02,0.08362218905472638,0.10944079601990052,0.07767363184079602,0.812887562189055,1005
2024-11-03,0.07672449748743718,0.11054899497487439,0.07656532663316583,0.8128869346733671,796
2024-11-04,0.11270387499999998,0.11635625000000001,0.0632925,0.8203625,800
2024-11-05,0.11265542949756889,0.11105996758508914,0.07097406807131282,0.8179578606158833,617
2024-11-06,0.08479867549668871,0.1097426679280984,0.07548912015137181,0.8147710501419111,1057
2024-11-07,0.12515207792207791,0.11273246753246753,0.06818961038961038,0.8190896103896105,770
2024-11-08,0.08718899371069186,0.10443396226415094,0.07074842767295599,0.8248246855345911,1272
2024-11-09,0.09967148936170213,0.11406382978723408,0.07836702127659576,0.8075585106382979,940
2024-11-10,0.141337865497076,0.12016228070175439,0.06588157894736842,0.8139590643274854,684
2024-11-11,0.10713796526054596,0.10566004962779157,0.06669975186104221,0.8276377171215881,806
2024-11-12,0.14256310043668122,0.12042467248908297,0.06487772925764194,0.8147052401746726,916
2024-11-13,0.1242934267241379,0.11285344827586205,0.0670571120689655,0.820094827586207,928
2024-11-14,0.09681715246636771,0.10873878923766817,0.06870291479820628,0.8225627802690584,892
2024-11-15,0.08518364839319471,0.11177977315689978,0.0783194706994329,0.8099017013232516,1058
2024-11-16,0.10746009104704092,0.11641198786039453,0.0751578148710167,0.8084226100151745,1318
2024-11-17,0.07773328591749645,0.11830583214793743,0.07973684210526316,0.8019573257467993,703
2024-11-18,0.06215066666666667,0.09845200000000004,0.07271999999999999,0.828832,750
2024-11-19,0.1018690758293839,0.11044312796208533,0.06420142180094789,0.8253447867298578,844
2024-11-20,0.08005268817204303,0.10473870967741937,0.06910000000000001,0.8261645161290323,930
2024-11-21,0.11029482948294826,0.11588338833883384,0.07197249724972496,0.8121617161716171,909
2024-11-22,0.08973235294117644,0.11534287925696596,0.08484055727554184,0.7998273993808053,1292
2024-11-23,0.11910780532598712,0.12659871441689619,0.08034894398530762,0.7930651974288336,1089
2024-11-24,0.1121649386084584,0.11753478854024552,0.06297680763983629,0.8194870395634377,733
2024-11-25,0.14687515657620043,0.12272025052192068,0.05886638830897702,0.8184112734864301,479
2024-11-26,0.02786122448979593,0.10092006802721089,0.09546768707482992,0.8036181972789114,1176
2024-11-27,0.09474258639910814,0.11118394648829433,0.06961204013377925,0.8191939799331106,897
2024-11-28,0.09509599236641221,0.11225381679389312,0.07569083969465648,0.812051526717557,1048
2024-11-29,0.08177767857142858,0.11394047619047622,0.08168452380952382,0.8043839285714286,1008
2024-11-30,0.0902784250269687,0.11058360302049625,0.07541747572815535,0.8140151024811217,927
2024-12-01,0.08252041467304624,0.10663157894736842,0.07596969696969698,0.8174066985645931,627
2024-12-02,0.08979520547945205,0.10921095890410962,0.0753972602739726,0.815395890410959,730
2024-12-03,0.08267272727272729,0.10474025974025974,0.07657251082251083,0.8186980519480518,924
2024-12-04,0.10978473118279575,0.11878924731182794,0.0812301075268817,0.799983870967742,930
2024-12-05,0.08376341201716736,0.10827682403433472,0.07497639484978541,0.81675,932
2024-12-06,0.12475782312925171,0.12994472789115644,0.0792295918367347,0.7908299319727887,1176
2024-12-07,0.12757169159953968,0.12401956271576528,0.07600115074798619,0.7999861910241658,869
2024-12-08,0.13464880319148936,0.11654787234042557,0.06891356382978725,0.814534574468085,752
2024-12-09,0.06991483715319664,0.10565138721351026,0.08114113389626056,0.8132026537997585,829
2024-12-10,0.08031414581066376,0.1112796517954298,0.08255059847660498,0.8061610446137107,919
2024-12-11,0.11036796536796542,0.11579545454545458,0.07097294372294373,0.8132261904761905,924
2024-12-12,0.07350566448801747,0.10305119825708063,0.06933115468409588,0.8276176470588237,918
2024-12-13,0.09467364016736397,0.12114016736401674,0.07848744769874479,0.8003838912133892,956
2024-12-14,0.0630881682109765,0.10721026372059876,0.07770277975766215,0.8150898075552387,1403
2024-12-15,0.1245753623188406,0.1187230273752013,0.06369565217391301,0.817571658615137,621
2024-12-16,0.08921819425444599,0.10216415868673052,0.06827496580027359,0.8295663474692203,731
2024-12-17,0.11266877076411963,0.1157718715393134,0.06543410852713179,0.8187862679955705,903
2024-12-18,0.07165957873620864,0.10794684052156468,0.07465897693079235,0.8173921765295891,997
2024-12-19,0.055642099567099576,0.09787878787878791,0.07900000000000003,0.8231352813852811,924
2024-12-20,0.05994701815038895,0.0987199654278306,0.08236041486603284,0.8189239412273122,1157
2024-12-21,0.08440637583892616,0.11108892617449663,0.07390016778523488,0.8150134228187919,1192
2024-12-22,0.07363965763195435,0.10898573466476462,0.07634807417974324,0.8146562054208273,701
2024-12-23,0.07264108858057634,0.10027641408751334,0.07753255069370334,0.822196371398079,937
2024-12-24,0.0785295698924731,0.12099103942652331,0.07759318996415772,0.8014184587813622,1116
2024-12-25,0.09404702450408398,0.11863710618436407,0.07685414235705948,0.8045087514585766,857
2024-12-26,0.0827551075268817,0.10188844086021505,0.07390725806451613,0.8242002688172045,744
2024-12-27,0.083477117384844,0.10700445765230314,0.07405794947994054,0.8189420505200591,673
2024-12-28,0.08049751693002256,0.11323401053423626,0.07877577125658389,0.807989465763732,1329
2024-12-29,0.024444144144144146,0.09315135135135132,0.08419819819819821,0.8226486486486485,555
2024-12-30,0.05076739606126913,0.10401969365426694,0.0786466083150985,0.8173457330415753,914
2024-12-31,0.05630494559841738,0.10724431256181999,0.0747734915924827,0.8179802176063302,1011
2025-01-01,0.08636536412078152,0.11673889875666076,0.08389698046181174,0.7993872113676732,563
2025-01-02,0.09678720573183212,0.11552405322415558,0.0804216990788127,0.8040511770726716,977
2025-01-03,0.10369524647887324,0.11803609154929583,0.06920862676056339,0.8127526408450703,1136
2025-01-04,0.09384355769230768,0.11745192307692312,0.07573942307692308,0.8068038461538464,1040
2025-01-05,0.08237507598784195,0.10814893617021275,0.08256838905775078,0.8092811550151975,658
2025-01-06,0.10109779220779222,0.11176363636363637,0.06219740259740259,0.8260402597402596,770
2025-01-07,0.0904747346072187,0.11273566878980895,0.07250318471337579,0.8147505307855625,942
2025-01-08,0.04320678294573643,0.1027732558139535,0.08729457364341085,0.8099350775193797,1032
2025-01-09,0.0700544155844156,0.10678831168831167,0.08375454545454546,0.8094662337662336,770
2025-01-10,0.032036051502145946,0.1015587982832618,0.08687296137339055,0.8115836909871241,1165
2025-01-11,0.06503275154004105,0.11270123203285423,0.07520533880903488,0.8120944558521559,974
2025-01-12,0.0623886018237082,0.09477203647416414,0.07671884498480243,0.8285197568389057,658
2025-01-13,0.06204888059701496,0.09819402985074624,0.07684203980099502,0.8249701492537312,804
2025-01-14,0.073137032967033,0.10194945054945058,0.07190219780219781,0.826157142857143,910
2025-01-15,0.08240132248219735,0.1134913530010173,0.08548016276703968,0.8010233977619532,983
2025-01-16,0.07297642706131079,0.10573890063424947,0.07921353065539113,0.8150507399577166,946
2025-01-17,0.08047989778534924,0.10304344122657584,0.07097955706984668,0.8259846678023853,1174
2025-01-18,0.08892369765066394,0.11066905005107253,0.08002145045965273,0.8093197139938707,979
2025-01-19,0.06616796368352788,0.10645525291828793,0.07880025940337222,0.814745784695201,771
2025-01-20,0.0588375,0.10071830985915493,0.07249471830985915,0.8267781690140842,568
2025-01-21,0.07894559643255292,0.11415719063545154,0.07387290969899667,0.8119855072463769,897
2025-01-22,0.08608538461538459,0.10978021978021979,0.08021538461538465,0.810002197802198,910
2025-01-23,0.05969128959276018,0.10693212669683261,0.08645135746606335,0.8066255656108599,884
2025-01-24,0.07342117552334942,0.10588486312399358,0.0734621578099839,0.8206626409017714,1242
2025-01-25,0.05456393442622953,0.09988875878220144,0.08468852459016392,0.815434426229508,854
2025-01-26,0.09226765217391307,0.10634086956521739,0.06964869565217392,0.8240052173913044,575
2025-01-27,0.05370511770726714,0.1013336745138178,0.0849477993858751,0.8137215967246675,977
2025-01-28,0.07298088235294117,0.10814915966386557,0.08277521008403366,0.8090703781512604,952
2025-01-29,0.050804162219850596,0.10484738527214515,0.07596691568836714,0.8191889007470654,937
2025-01-30,0.04831574468085104,0.09880425531914894,0.07580744680851065,0.825396808510638,940
2025-01-31,0.053582435344827595,0.10252693965517243,0.08490625,0.8125668103448274,928
2025-02-01,0.045739891304347836,0.11506304347826089,0.08825760869565216,0.7966858695652174,920
2025-02-02,0.03227643979057593,0.10618429319371726,0.08593717277486913,0.8078774869109946,955
2025-02-03,0.044286483739837415,0.10414532520325205,0.08461077235772356,0.8112388211382114,984
2025-02-04,0.051474002047082905,0.10753428863868987,0.08158546571136133,0.8108833162743091,977
2025-02-05,0.06112997967479674,0.1060487804878049,0.08574593495934958,0.8081941056910568,984
2025-02-06,0.09309696663296253,0.11392821031344787,0.07877957532861478,0.8072901921132459,989
2025-02-07,0.09126815286624204,0.11061889596602971,0.07488747346072187,0.8144904458598724,942
2025-02-08,0.06395833333333333,0.10777014652014655,0.07943223443223445,0.8127985347985353,1092
2025-02-09,0.11010708661417325,0.120250656167979,0.06964566929133857,0.8101115485564306,762
2025-02-10,0.061693930041152256,0.11228497942386831,0.0892829218106996,0.7984187242798355,972
2025-02-11,0.06449053627760251,0.10639852786540481,0.07875499474237645,0.8148443743427972,951
2025-02-12,0.07738631256384065,0.1065556690500511,0.07836874361593461,0.8150786516853933,979
2025-02-13,0.08576626626626625,0.12160060060060053,0.07966866866866867,0.798730730730731,999
2025-02-14,0.06538125996810208,0.10411802232854864,0.08466507177033494,0.8112232854864431,1254
2025-02-15,0.09033327120223673,0.10904659832246039,0.07792264678471576,0.8130288909599254,1073
2025-02-16,0.08956836734693878,0.10296938775510206,0.07681292517006803,0.8202176870748301,882
2025-02-17,0.06750827285921626,0.09808127721335269,0.08212917271407838,0.8198084179970974,689
2025-02-18,0.06570471938775511,0.10080867346938774,0.07465051020408163,0.8245510204081635,784
2025-02-19,0.0833795116772824,0.11147558386411892,0.07976326963906584,0.8087813163481954,942
2025-02-20,0.08352816479400747,0.12251086142322097,0.0786187265917603,0.7988741573033705,1335
2025-02-21,0.07159624060150376,0.10289285714285715,0.08467669172932331,0.812437969924812,532
2025-02-22,0.11462870159453303,0.12321867881548977,0.08262642369020502,0.794138952164009,439
2025-02-23,0.045551063829787235,0.10796453900709219,0.0922695035460993,0.7997765957446811,564
2025-02-24,0.026637923497267763,0.10603606557377046,0.09218142076502735,0.8017956284153007,915
2025-02-25,0.03669753593429159,0.10813963039014374,0.09639733059548254,0.7954763860369611,974
2025-02-26,0.05627702265372166,0.10287594390507011,0.08122222222222222,0.8158985976267529,927
2025-02-27,0.0736918283963228,0.11381307456588356,0.07813585291113381,0.8080541368743618,979
2025-02-28,0.057343560209424035,0.11244712041884816,0.08804293193717277,0.7995183246073301,955
2025-03-01,0.037428435672514644,0.10923611111111109,0.08933187134502923,0.80144298245614,1368
2025-03-02,0.01774212678936604,0.10168098159509201,0.10034151329243353,0.7979938650306748,489
2025-03-03,0.017097883064516123,0.09226612903225806,0.09035887096774196,0.8173800403225806,992
2025-03-04,0.053082638888888874,0.10437599206349206,0.0851051587301587,0.8105198412698412,1008
2025-03-05,0.07748091528724443,0.1065404089581305,0.07765043816942553,0.8158276533592992,1027
2025-03-06,0.027853818615751796,0.10631861575178997,0.09642482100238665,0.7972482100238663,838
2025-03-07,0.03411213720316625,0.10420492524186457,0.0944564643799472,0.8013280562884786,1137
2025-03-08,0.06058109339407742,0.11112186788154894,0.08424487471526194,0.8046400911161733,878
2025-03-09,0.032807496823379946,0.10118551461245236,0.08431385006353241,0.8145082592121982,787
2025-03-10,0.02887394136807818,0.0959847991313789,0.08372312703583062,0.8202931596091207,921
2025-03-11,0.025539653304442057,0.10741711809317445,0.08753629469122425,0.8050487540628385,923
2025-03-12,0.029623415682062296,0.1048152524167562,0.09015467239527393,0.8050332975295382,931
2025-03-13,0.06834386339381002,0.115735325506937,0.08670330843116329,0.7975645677694773,937
2025-03-14,0.03756571146245061,0.10567193675889325,0.08987747035573122,0.804451581027668,1012
2025-03-15,0.06232785947712418,0.11163235294117645,0.07865849673202614,0.8097116013071894,1224
2025-03-16,0.023706818181818183,0.10787603305785126,0.09779132231404959,0.7943388429752067,484
2025-03-17,0.04168284360189574,0.09375639810426539,0.07554123222748815,0.8306985781990522,1055
2025-03-18,0.05968333333333332,0.11145772946859904,0.08719565217391309,0.8013514492753626,828
2025-03-19,0.038275081967213125,0.10139125683060107,0.08632568306010932,0.8122939890710381,915
2025-03-20,0.03306382189239333,0.10036178107606678,0.09565213358070501,0.8039842300556586,1078
2025-03-21,0.04820811030008109,0.11072749391727497,0.08542903487429038,0.8038459042984593,1233
2025-03-22,0.05296550116550117,0.1024825174825175,0.08275058275058275,0.8147773892773897,858
2025-03-23,0.07411158620689656,0.11571724137931035,0.0808951724137931,0.8033820689655172,725
2025-03-24,0.04217585170340681,0.10378957915831663,0.08636072144288576,0.8098557114228458,998
2025-03-25,0.0434963911525029,0.10459371362048894,0.08917229336437722,0.8062491268917347,859
2025-03-26,0.04388719424460431,0.10382014388489214,0.08811942446043167,0.8080604316546763,695
2025-03-27,0.026450592216582074,0.09866610265087422,0.08704230118443317,0.8142961082910323,1773
2025-03-28,0.15000000000000002,0.37250000000000005,0.213125,0.414375,16
2025-03-29,0.10666666666666669,0.4066666666666666,0.29333333333333333,0.3,15
2025-03-30,0.04210526315789475,0.3636842105263158,0.31894736842105265,0.3173684210526315,19
2025-03-31,-0.13333333333333336,0.2711111111111111,0.4127777777777778,0.3161111111111111,18
2025-04-01,-0.10666666666666669,0.24333333333333332,0.35666666666666663,0.4,15
2025-04-02,0.0,0.4425,0.4425,0.11500000000000002,16
2025-04-03,-0.13333333333333336,0.3127777777777778,0.45444444444444443,0.2327777777777778,18
2025-04-04,-0.10666666666666669,0.3086666666666667,0.422,0.26933333333333337,15
2025-04-05,0.0,0.4044444444444444,0.4044444444444444,0.19111111111111112,18
2025-04-06,0.2285714285714286,0.5057142857142857,0.2628571428571428,0.23142857142857148,14
2025-04-07,0.4,0.5535714285714286,0.1285714285714286,0.3178571428571429,14
2025-04-08,-0.05333333333333335,0.3466666666666667,0.4033333333333333,0.25000000000000006,15
2025-04-09,0.0,0.4068181818181818,0.4068181818181818,0.1863636363636364,22
2025-04-10,0.25,0.49062500000000003,0.225,0.28437500000000004,16
2025-04-11,0.12307692307692308,0.4315384615384615,0.3007692307692308,0.26769230769230773,13
2025-04-12,0.16000000000000003,0.41000000000000003,0.24000000000000005,0.35,15
2025-04-13,-0.044444444444444446,0.40166666666666667,0.4488888888888888,0.14944444444444444,18
2025-04-14,9.654113257610057e-18,0.33826086956521734,0.33826086956521745,0.3234782608695652,23
2025-04-15,0.0,0.35000000000000003,0.35000000000000003,0.30000000000000004,6
2025-04-16,0.12631578947368424,0.46315789473684216,0.32894736842105265,0.2078947368421053,19
2025-04-17,-0.16000000000000003,0.30533333333333335,0.47533333333333333,0.21933333333333332,15
2025-04-18,0.13333333333333333,0.27166666666666667,0.13,0.5983333333333334,6
2025-04-19,-0.17777777777777778,0.22666666666666668,0.41555555555555557,0.3577777777777778,18
2025-04-20,0.16842105263157894,0.3957894736842105,0.2168421052631579,0.38736842105263153,19
2025-04-21,-0.16000000000000003,0.24000000000000005,0.41,0.35,10
2025-04-22,0.13333333333333333,0.3583333333333334,0.2166666666666667,0.425,12
2025-04-23,0.07272727272727274,0.3195454545454546,0.24227272727272728,0.43818181818181806,22
2025-04-24,-0.3733333333333333,0.14200000000000002,0.5386666666666666,0.3193333333333334,15
2025-04-25,0.1,0.38750000000000007,0.28125,0.33125000000000004,8
2025-04-26,-0.16000000000000003,0.21400000000000002,0.384,0.40199999999999997,20
2025-04-27,-0.044444444444444446,0.31833333333333336,0.3655555555555556,0.3161111111111111,18
2025-04-28,0.09411764705882353,0.42823529411764705,0.32823529411764707,0.2435294117647059,17
2025-04-29,0.08000000000000003,0.48,0.395,0.12500000000000003,10
2025-04-30,-0.05714285714285715,0.2571428571428572,0.3178571428571429,0.425,14
2025-05-01,-0.064,0.33599999999999997,0.4039999999999999,0.26,25
2025-05-02,0.3428571428571429,0.6035714285714285,0.2392857142857143,0.15714285714285717,14
2025-05-03,-0.13333333333333336,0.2166666666666667,0.35833333333333334,0.42500000000000004,12
2025-05-04,2.0185873175002847e-17,0.44090909090909086,0.44090909090909086,0.11818181818181818,11
2025-05-05,-0.13333333333333336,0.22944444444444448,0.3711111111111111,0.39944444444444444,18
2025-05-06,0.11428571428571431,0.46142857142857147,0.33999999999999997,0.1985714285714286,14
2025-05-07,-0.3428571428571429,0.095,0.45928571428571424,0.44571428571428573,14
2025-05-08,-0.16000000000000003,0.2706666666666667,0.44066666666666665,0.2886666666666666,15
2025-05-09,0.14117647058823532,0.41764705882352937,0.2676470588235294,0.31470588235294117,17
2025-05-10,-0.32,0.23000000000000004,0.5700000000000001,0.2,10
2025-05-11,0.0,0.25000000000000006,0.25000000000000006,0.5,10
2025-05-12,3.172065784643304e-17,0.42142857142857143,0.42142857142857143,0.15714285714285717,7
2025-05-13,0.0,0.3142857142857142,0.31428571428571433,0.37142857142857144,7
2025-05-14,0.10000000000000002,0.35125,0.24500000000000005,0.40375,16
2025-05-15,-0.10666666666666667,0.3086666666666667,0.422,0.2693333333333333,15
2025-05-16,0.3111111111111111,0.5488888888888889,0.21833333333333332,0.2327777777777778,18
2025-05-17,-0.1,0.24875000000000003,0.35500000000000004,0.39625,16
2025-05-18,-0.28235294117647064,0.18411764705882358,0.48411764705882354,0.33176470588235296,17
2025-05-19,-0.044444444444444446,0.3472222222222222,0.39444444444444443,0.25833333333333336,18
2025-05-20,0.05333333333333334,0.3686666666666667,0.312,0.3193333333333334,15
2025-05-21,0.16000000000000003,0.4753333333333334,0.30533333333333335,0.21933333333333332,15
2025-05-22,-0.18461538461538465,0.26153846153846155,0.45769230769230773,0.28076923076923077,13
2025-05-23,0.24615384615384617,0.4615384615384616,0.2,0.3384615384615385,13
2025-05-24,-0.2,0.228125,0.44062500000000004,0.33125000000000004,16
2025-05-25,0.0,0.38833333333333336,0.38833333333333336,0.22333333333333336,6
2025-05-26,-0.24615384615384617,0.31538461538461543,0.5769230769230769,0.10769230769230768,13
2025-05-27,0.17391304347826086,0.43695652173913047,0.25217391304347825,0.31086956521739134,23
2025-05-28,-0.05714285714285715,0.3807142857142857,0.4414285714285714,0.17785714285714288,14
2025-05-29,-0.20000000000000004,0.21250000000000002,0.425,0.36250000000000004,12
2025-05-30,-0.10666666666666667,0.29333333333333333,0.4066666666666666,0.3,15
2025-05-31,-1.057355261547768e-17,0.2895238095238095,0.28952380952380946,0.42095238095238097,21
2025-06-01,0.0,0.2973684210526316,0.2973684210526316,0.4052631578947368,19
2025-06-02,-0.4,0.08937500000000001,0.514375,0.39625,16
2025-06-03,-1.3877787807814457e-17,0.34875,0.34875,0.3025,16
2025-06-04,0.0,0.35000000000000003,0.35000000000000003,0.30000000000000004,12
2025-06-05,-0.1142857142857143,0.28238095238095234,0.40380952380952384,0.31380952380952387,21
2025-06-06,-0.05,0.345625,0.39875000000000005,0.255625,16
2025-06-07,0.20000000000000004,0.48750000000000004,0.275,0.23750000000000004,8
2025-06-08,0.05333333333333334,0.33399999999999996,0.2773333333333333,0.38866666666666666,15
2025-06-09,0.29090909090909095,0.48000000000000004,0.17090909090909093,0.3490909090909091,11
2025-06-10,-0.06153846153846154,0.4423076923076923,0.5076923076923077,0.05,13
2025-06-11,-0.0888888888888889,0.3155555555555556,0.41000000000000003,0.27444444444444444,18
2025-06-12,0.3333333333333333,0.515,0.16083333333333336,0.32416666666666666,12
2025-06-13,-0.16842105263157894,0.2715789473684211,0.4505263157894737,0.27789473684210525,19
2025-06-14,-0.05333333333333334,0.3466666666666667,0.4033333333333333,0.25,15
2025-06-15,0.32,0.42000000000000004,0.07999999999999999,0.5,10
2025-06-16,-0.1142857142857143,0.28238095238095234,0.40380952380952384,0.3138095238095238,21
2025-06-17,0.14545454545454548,0.5181818181818181,0.36363636363636365,0.11818181818181818,11
2025-06-18,0.13333333333333336,0.44,0.2983333333333334,0.26166666666666666,12
2025-06-19,-0.09411764705882353,0.32823529411764707,0.42823529411764705,0.24352941176470586,17
2025-06-20,0.0,0.3261538461538462,0.3261538461538462,0.34769230769230774,13
2025-06-21,-0.10000000000000002,0.28125,0.38749999999999996,0.33125000000000004,16
2025-06-22,0.0,0.31428571428571433,0.31428571428571433,0.37142857142857144,14
2025-06-23,-0.047058823529411764,0.2735294117647059,0.3235294117647059,0.40294117647058825,17
2025-06-24,0.06153846153846154,0.3346153846153846,0.2692307692307692,0.3961538461538462,13
2025-06-25,0.05333333333333335,0.4186666666666667,0.36200000000000004,0.21933333333333335,15
2025-06-26,0.07999999999999999,0.454,0.369,0.177,20
2025-06-27,-0.0888888888888889,0.2738888888888889,0.36833333333333335,0.3577777777777778,18
2025-06-28,0.14545454545454548,0.4263636363636364,0.2718181818181818,0.30181818181818176,22
2025-06-29,-0.05,0.29875,0.35187500000000005,0.349375,16
2025-06-30,0.2,0.4615,0.24900000000000003,0.2895,20
2025-07-01,0.07272727272727274,0.3772727272727273,0.30000000000000004,0.32272727272727275,11
2025-07-02,0.2,0.39375,0.18125000000000002,0.42500000000000004,8
2025-07-03,-0.04705882352941178,0.30058823529411766,0.35058823529411764,0.34882352941176475,17
2025-07-04,-0.05333333333333335,0.312,0.36866666666666664,0.3193333333333333,15
2025-07-05,-0.08888888888888892,0.34444444444444444,0.4388888888888889,0.21666666666666667,9
2025-07-06,-0.13333333333333336,0.23583333333333334,0.3775,0.3866666666666667,12
2025-07-07,0.05333333333333334,0.4033333333333333,0.3466666666666666,0.25000000000000006,15
2025-07-08,0.11428571428571431,0.32142857142857145,0.2,0.4785714285714286,14
2025-07-09,0.0,0.2907692307692308,0.2907692307692308,0.4184615384615385,13
2025-07-10,-0.2222222222222222,0.25277777777777777,0.48888888888888893,0.25833333333333336,18
2025-07-11,-0.22857142857142862,0.19285714285714287,0.43571428571428567,0.3714285714285715,7
2025-07-12,-0.08000000000000003,0.3315,0.4165,0.252,20
2025-07-13,0.06153846153846154,0.41000000000000003,0.34461538461538466,0.24538461538461537,13
2025-07-14,0.25,0.41125,0.145625,0.443125,16
2025-07-15,0.2,0.45499999999999996,0.24250000000000005,0.3025,16
2025-07-16,-0.29090909090909095,0.23909090909090908,0.5481818181818182,0.21272727272727276,11
2025-07-17,-0.042105263157894736,0.3463157894736842,0.3910526315789474,0.26263157894736844,19
2025-07-18,0.24615384615384617,0.4215384615384616,0.16,0.4184615384615385,13
2025-07-19,-0.12000000000000002,0.25400000000000006,0.3815,0.36449999999999994,20
2025-07-20,-0.20000000000000004,0.29416666666666663,0.5066666666666667,0.1991666666666667,12
2025-07-21,0.16,0.48500000000000004,0.31499999999999995,0.2,10
2025-07-22,1.708035422500241e-17,0.3484615384615385,0.34846153846153843,0.30307692307692313,13
2025-07-23,-0.3692307692307693,0.22769230769230772,0.62,0.1523076923076923,13
2025-07-24,0.18461538461538465,0.4753846153846154,0.2792307692307693,0.24538461538461542,13
2025-07-25,-0.09411764705882353,0.2535294117647059,0.3535294117647059,0.39294117647058824,17
2025-07-26,-0.06153846153846154,0.2692307692307693,0.33461538461538465,0.3961538461538462,13
2025-07-27,-0.26666666666666666,0.2123809523809524,0.4957142857142857,0.29190476190476183,21
2025-07-28,0.0,0.325,0.325,0.3500000000000001,10
2025-07-29,-0.2,0.22300000000000003,0.43549999999999994,0.3415,20
2025-07-30,-0.06153846153846154,0.3046153846153846,0.37000000000000005,0.3253846153846153,13
2025-07-31,0.24615384615384617,0.4215384615384616,0.16,0.41846153846153844,13
2025-08-01,-0.08,0.343,0.42799999999999994,0.229,20
2025-08-02,0.3428571428571429,0.5664285714285714,0.20214285714285715,0.23142857142857148,14
2025-08-03,-0.06666666666666667,0.3458333333333334,0.4166666666666667,0.23750000000000004,12
2025-08-04,-0.17142857142857146,0.26642857142857146,0.44857142857142857,0.28500000000000003,14
2025-08-05,-0.13333333333333333,0.2983333333333334,0.44,0.2616666666666667,12
2025-08-06,0.03636363636363637,0.41954545454545455,0.3809090909090909,0.19954545454545458,22
2025-08-07,0.05000000000000002,0.384375,0.33125,0.28437500000000004,16
2025-08-08,0.0,0.38550000000000006,0.38550000000000006,0.22899999999999995,20
2025-08-09,-0.2666666666666667,0.25,0.5333333333333333,0.21666666666666667,9
2025-08-10,0.17142857142857146,0.48571428571428577,0.30357142857142855,0.21071428571428572,14
2025-08-11,0.05714285714285716,0.3878571428571429,0.3271428571428571,0.28500000000000003,14
2025-08-12,-0.05000000000000002,0.29875,0.35187500000000005,0.349375,16
2025-08-13,-0.17142857142857146,0.31999999999999995,0.5021428571428571,0.17785714285714288,14
2025-08-14,-0.16000000000000003,0.29,0.46,0.25000000000000006,15
2026-01-24,-0.008179574729116446,0.10278497003452544,0.12654739702082385,0.7706774634660065,164
2026-01-25,-0.01306022336912214,0.10504081029169948,0.12866915530130305,0.766285488952452,194
2026-01-26,0.015566970009157528,0.09311823816064888,0.10232678407901623,0.8045645931449503,198
2026-01-27,-0.03798994154532967,0.08634448496565934,0.12465750915750916,0.7889915956204212,171
2026-01-28,0.013871427698645439,0.10508179723502303,0.10914495182237119,0.7857689219382767,162
2026-01-29,0.07967018337955696,0.11141487289384439,0.0989433383016834,0.7827386989225801,431
2026-01-30,0.01606655112455069,0.07580198265768798,0.09587625602040184,0.7849248276240288,1615
2026-01-31,0.017952534859482866,0.08279730528437276,0.07772414170973654,0.8394974640058679,10177
2026-02-01,0.09810341588312041,0.2819112636999672,0.18539071386818246,0.5326980224317909,124016
2026-02-02,0.11258573324485736,0.26301031851360307,0.15042873258128736,0.5865605839416059,3014
