date,ciss,vix,sentiment,text_count,returns
2010-01-05,0.1739,19.350000381469727,-0.32874746710205305,26,0.002643598856945032
2010-01-06,0.1676,19.15999984741211,-0.27956391862481833,28,0.0007038078265661165
2010-01-07,0.1615,19.059999465942383,-0.22493524823861902,29,0.004212409508558978
2010-01-08,0.1535,18.1299991607666,-0.29677094705807316,28,0.003322238148105345
2010-01-11,0.1419,17.549999237060547,-0.1961527283733281,26,0.001395583828601838
2010-01-12,0.1421,18.25,-0.2731432282150938,26,-0.009370002981638407
2010-01-13,0.1488,17.850000381469727,-0.06247262556978634,28,0.008410764997257939
2010-01-14,0.147,17.6299991607666,-0.1614726952963405,27,0.0027009169498924896
2010-01-15,0.1525,17.90999984741211,-0.0641495523472818,26,-0.01128769842092077
2010-01-19,0.1552,17.579999923706055,-0.27453967675908847,27,0.012418158601532813
2010-01-20,0.1799,18.68000030517578,-0.04779891859251878,29,-0.010220645289470582
2010-01-21,0.2133,22.270000457763672,-0.18963935838187734,30,-0.019416386172991826
2010-01-22,0.231,27.309999465942383,-0.1680654030149946,26,-0.022544052927681114
2010-01-25,0.2415,25.40999984741211,-0.16988743454791033,26,0.005114611291248728
2010-01-26,0.2466,24.549999237060547,-0.10912074621595719,27,-0.004199377146661329
2010-01-27,0.2504,23.139999389648438,-0.0893824564166643,27,0.004745872500929444
2010-01-28,0.251,23.729999542236328,-0.15812276432917075,27,-0.011538609039077309
2010-01-29,0.2456,24.6200008392334,-0.3059184164381944,26,-0.010928061246273754
2010-02-01,0.2431,22.59000015258789,-0.32762977416412187,26,0.01543110492539478
2010-02-02,0.2349,21.479999542236328,-0.1711561852851166,26,0.012030766016371344
2010-02-03,0.2105,21.600000381469727,-0.007233726846772648,28,-0.0049952006564152355
2010-02-04,0.2383,26.079999923706055,-0.2574362253340391,26,-0.0313522634255587
2010-02-05,0.2279,26.110000610351562,-0.11946800576809508,26,0.0020647704604640923
2010-02-08,0.2168,26.510000228881836,-0.19648566163154665,27,-0.007245425828528924
2010-02-09,0.2242,26.0,-0.28638379598179686,26,0.012481996106075654
2010-02-10,0.2281,25.399999618530273,-0.17175992880703084,28,-0.001960501782608886
2010-02-11,0.2443,23.959999084472656,-0.2750596543513771,28,0.01041187355489067
2010-02-12,0.2439,22.729999542236328,-0.08202016120776534,26,-0.0008326441583239722
2010-02-16,0.2464,22.25,-0.3301552022909676,27,0.015612374766159553
2010-02-17,0.2574,21.719999313354492,-0.2661445446025867,26,0.004727320371479247
2010-02-18,0.2498,20.6299991607666,-0.16375367432975999,26,0.005877862099377857
2010-02-19,0.249,20.020000457763672,-0.17443619241962832,27,0.002071567724640939
2010-02-22,0.2439,19.940000534057617,-0.2201486987133439,26,0.00017997545875216554
2010-02-23,0.2682,21.3700008392334,-0.21963648260783938,28,-0.012219060442174298
2010-02-24,0.2627,20.270000457763672,-0.35583437846686977,26,0.009155683308789709
2010-02-25,0.2796,20.100000381469727,-0.11879781700352142,29,-0.0013544769538892949
2010-02-26,0.2768,19.5,-0.04694229163802587,26,0.0006323083727991272
2010-03-01,0.2812,19.260000228881836,-0.32915601051914006,26,0.010331148260388218
2010-03-02,0.2664,19.059999465942383,-0.13759481090042328,27,0.0027667255246233763
2010-03-03,0.254,18.829999923706055,-0.1323954112804894,28,0.0008909230301162593
2010-03-04,0.2445,18.719999313354492,-0.35923443806286043,26,0.003022998071683764
2010-03-05,0.2644,17.420000076293945,-0.14379982908184713,26,0.014192142783185868
2010-03-08,0.2442,17.790000915527344,-0.18395386656591933,28,0.00017501000709962364
2010-03-09,0.2271,17.920000076293945,-0.1483978574052967,29,0.0016613692008763492
2010-03-10,0.221,18.56999969482422,-0.2212733365829344,27,0.004445826400938398
2010-03-11,0.2072,18.059999465942383,-0.1668336968612458,28,0.004166273983687038
2010-03-12,0.1926,17.579999923706055,-0.18485214457230437,27,8.663233648235834e-05
2010-03-15,0.1764,18.0,-0.09786182041747703,27,0.00025978592649476313
2010-03-16,0.178,17.690000534057617,-0.15869811188324737,27,0.00793454608897478
2010-03-17,0.1713,16.90999984741211,-0.21488834670386636,26,0.005909783854241464
2010-03-18,0.1651,16.6200008392334,-0.15654191305930062,28,-0.0005124930388941876
2010-03-19,0.1647,16.969999313354492,-0.2537481802251604,27,-0.00918421703957773
2010-03-22,0.1464,16.8700008392334,-0.24211076320900962,27,0.005331928040412715
2010-03-23,0.1343,16.350000381469727,-0.22981800046794945,27,0.007008638297849411
2010-03-24,0.1272,17.549999237060547,-0.21952102849116692,26,-0.004866667656301655
2010-03-25,0.1236,18.399999618530273,-0.029668226238499792,28,-0.0016274346283278308
2010-03-26,0.1275,17.770000457763672,-0.0900073590186926,26,-0.0006002632244438974
2010-03-29,0.12,17.59000015258789,-0.30907010541369134,26,0.006327493184199144
2010-03-30,0.1298,17.1299991607666,-0.3386122819137984,29,0.0006816788832363015
2010-03-31,0.129,17.59000015258789,-0.215822309467402,29,-0.00341298559350487
2010-04-01,0.1364,17.469999313354492,-0.15195175008707576,27,0.006814362325993116
2010-04-05,0.1389,17.020000457763672,-0.11842762471105044,26,0.008116370759604164
2010-04-06,0.1297,16.229999542236328,-0.11376519114352189,26,0.0023549108923503737
2010-04-07,0.13,16.6200008392334,-0.2794865148792112,27,-0.005728746086956263
2010-04-08,0.1206,16.479999542236328,-0.26150653853731026,27,0.0034579888332470334
2010-04-09,0.1281,16.139999389648438,-0.18240195787223404,27,0.006545897909380512
2010-04-12,0.149,15.579999923706055,-0.13196455115201297,27,0.0015879882252557648
2010-04-13,0.1409,16.200000762939453,-0.21164396066399555,28,0.0007513793182308664
2010-04-14,0.133,15.59000015258789,-0.23731958818970053,29,0.011285495150812497
2010-04-15,0.1377,15.890000343322754,-0.3084233588767976,29,0.0008247977433660892
2010-04-16,0.1546,18.360000610351562,-0.3636745565006243,28,-0.016040238300054046
2010-04-19,0.1469,17.34000015258789,-0.22726811919934475,26,0.003762992705505476
2010-04-20,0.1519,15.729999542236328,-0.11460380530710573,27,0.008891160968433695
2010-04-21,0.1599,16.31999969482422,-0.1454291090082664,26,-0.0018215918796602485
2010-04-22,0.1661,16.469999313354492,-0.22519019374081067,28,0.002979090092242369
2010-04-23,0.1834,16.6200008392334,-0.14896320670167248,28,0.006506640213619445
2010-04-26,0.1792,17.469999313354492,-0.0744475951886177,30,-0.0037835140707141238
2010-04-27,0.235,22.809999465942383,-0.1650477791270172,27,-0.023934721305534017
2010-04-28,0.252,21.079999923706055,-0.3449779870346762,26,0.007567461440571651
2010-04-29,0.2594,18.440000534057617,-0.23602841300173447,26,0.01232119625003323
2010-04-30,0.267,22.049999237060547,-0.07231953740119934,26,-0.017107298062115472
2010-05-03,0.272,20.190000534057617,-0.05654138104431331,28,0.012878593629034965
2010-05-04,0.3266,23.84000015258789,-0.20377423585460142,27,-0.02379564824956689
2010-05-05,0.3666,24.90999984741211,-0.3841057229930392,26,-0.005974217301031707
2010-05-06,0.3975,32.79999923706055,-0.2561789053271043,29,-0.03377756013827084
2010-05-07,0.4265,40.95000076293945,-0.025441217791403712,26,-0.014986902014040687
2010-05-10,0.43,28.84000015258789,-0.1403314985639519,27,0.043098758755416446
2010-05-11,0.4594,28.31999969482422,-0.1805361754589315,28,-0.002844967850533354
2010-05-12,0.463,25.520000457763672,-0.24975124521570075,27,0.013889070369081925
2010-05-13,0.4665,26.68000030517578,-0.21161734619417363,28,-0.012508723045040719
2010-05-14,0.4936,31.239999771118164,-0.18119399432657018,28,-0.01827089714928948
2010-05-17,0.4979,30.84000015258789,-0.12522414183924938,29,0.0005266639830137934
2010-05-18,0.4809,33.54999923706055,-0.24104130529583648,26,-0.013695777875115493
2010-05-19,0.5083,35.31999969482422,-0.42559666033520227,28,-0.005710216971873679
2010-05-20,0.5275,45.790000915527344,-0.20855683386629378,27,-0.038490854168254394
2010-05-21,0.5367,40.099998474121094,-0.1043649120810217,29,0.0144936733660201
2010-05-24,0.5523,38.31999969482422,-0.3551188415059677,26,-0.012914131398167888
2010-05-25,0.5753,34.61000061035156,-0.2922692563599692,26,0.0010207453303537242
2010-05-26,0.5811,35.02000045776367,-0.10844294038325547,30,-0.006046825553713463
2010-05-27,0.5837,29.68000030517578,-0.03718272555525656,27,0.032949375950392046
2010-05-28,0.5867,32.06999969482422,-0.011804188137116103,29,-0.012629063129892903
2010-06-01,0.5925,35.540000915527344,-0.06249269879554156,27,-0.016966787409664248
2010-06-02,0.5856,30.170000076293945,-0.41013501226328886,26,0.02570602431815267
2010-06-03,0.581,29.459999084472656,-0.2163785143024155,28,0.0034382702333982623
2010-06-04,0.6207,35.47999954223633,-0.2531582256908218,27,-0.03576898954706794
2010-06-07,0.611,36.56999969482422,-0.16597753246144523,28,-0.012529030611540445
2010-06-08,0.6165,33.70000076293945,-0.26308214796993595,26,0.01065499571192364
2010-06-09,0.6016,33.72999954223633,0.012684108977130168,27,-0.005360427367806205
2010-06-10,0.5993,30.56999969482422,-0.1483772680736505,26,0.028812387188318606
2010-06-11,0.596,28.790000915527344,-0.08302437483333051,28,0.004843941060874733
2010-06-14,0.5886,28.579999923706055,-0.19676631302982567,29,-0.0015511492416383926
2010-06-15,0.5663,25.8700008392334,-0.33087468308468276,26,0.022482982500254326
2010-06-16,0.5404,25.920000076293945,-0.1168163362532281,26,-0.0003572148251135461
2010-06-17,0.5188,25.049999237060547,-0.07945413288537946,28,0.0016064287827814688
2010-06-18,0.494,23.950000762939453,-0.19878451999704683,31,-0.0036628086484648773
2010-06-21,0.4694,24.8799991607666,-0.1524121731618355,29,-0.002868153662510322
2010-06-22,0.4616,27.049999237060547,-0.1839100403589231,27,-0.016653511309698187
2010-06-23,0.4617,26.90999984741211,-0.2208653771697923,27,-0.0031078300439305855
2010-06-24,0.459,29.739999771118164,-0.39375872451439364,27,-0.016709414156597283
2010-06-25,0.4344,28.530000686645508,-0.17214455601495726,27,0.004180456417740076
2010-06-28,0.442,29.0,-0.24779100225378686,26,-0.0031569567990760968
2010-06-29,0.4954,34.130001068115234,-0.122961136397173,30,-0.03136178183129671
2010-06-30,0.4921,34.540000915527344,-0.24527277871535882,27,-0.009545440672120495
2010-07-01,0.5207,32.86000061035156,-0.2570768397668312,29,-0.004466451516584146
2010-07-02,0.5074,30.1200008392334,-0.4026229476427393,28,-0.005464545121263898
2010-07-06,0.4924,29.649999618530273,-0.3207978254351351,27,0.006534433933522147
2010-07-07,0.4694,26.84000015258789,-0.2833807362386814,26,0.03101021579508176
2010-07-08,0.4629,25.709999084472656,-0.3556166057123669,28,0.009846781213063644
2010-07-09,0.4177,24.979999542236328,-0.23435011291160032,26,0.007437700818930991
2010-07-12,0.3987,24.43000030517578,-0.5705537894525781,26,0.0006481753596675234
2010-07-13,0.4048,24.559999465942383,-0.337416607179709,28,0.014975748341800932
2010-07-14,0.3804,24.889999389648438,-0.30805910016911536,26,-9.12145912251244e-05
2010-07-15,0.3746,25.139999389648438,-0.24153441126848813,27,0.00027354925667707266
2010-07-16,0.408,26.25,-0.2501089283398456,27,-0.02792079852960168
2010-07-19,0.3951,25.969999313354492,-0.1872065981577581,27,0.005889217674980952
2010-07-20,0.3827,23.93000030517578,-0.2642863078200612,29,0.011030397955411464
2010-07-21,0.3624,25.639999389648438,-0.29120199038450206,28,-0.013083031817336045
2010-07-22,0.3576,24.6299991607666,-0.3941386645803085,26,0.02207635403180313
2010-07-23,0.3648,23.469999313354492,-0.489604503990939,26,0.008641565267584804
2010-07-26,0.3526,22.729999542236328,-0.23383068849220873,28,0.010361798255722676
2010-07-27,0.3498,23.190000534057617,-0.3461369830027223,27,-8.959263874577318e-05
2010-07-28,0.325,24.25,-0.5106887721026746,26,-0.006475435927445757
2010-07-29,0.3122,24.1299991607666,-0.3600045087603995,26,-0.004884243689705883
2010-07-30,0.3074,23.5,-0.43294825281105165,29,-0.00018139529141471419
2010-08-02,0.3367,22.010000228881836,-0.4834679992009814,26,0.02232981186311117
2010-08-03,0.3432,22.6299991607666,-0.36091822084210534,27,-0.004800443990249213
2010-08-04,0.3349,22.209999084472656,-0.2418471138601324,28,0.00666106634379463
2010-08-05,0.3179,22.100000381469727,-0.440712088610839,27,-0.0010628178021457471
2010-08-06,0.3198,21.739999771118164,-0.4402841995828427,26,-0.004084529642724342
2010-08-09,0.3005,22.139999389648438,-0.387800905852075,27,0.005324340215268623
2010-08-10,0.276,22.3700008392334,-0.43770620466821963,28,-0.005413339070867241
2010-08-11,0.4135,25.389999389648438,-0.2510008640681152,27,-0.027789538140495923
2010-08-12,0.4228,25.729999542236328,-0.32299308108080316,27,-0.006148835941590866
2010-08-13,0.4244,26.239999771118164,-0.37283123240865046,31,-0.0029501238551002756
2010-08-16,0.415,26.100000381469727,-0.33124533446226956,27,-0.000461702205493389
2010-08-17,0.4224,24.329999923706055,-0.26463929635400957,26,0.012210334957605155
2010-08-18,0.4116,24.59000015258789,-0.34530404242328727,26,0.0018233625266918447
2010-08-19,0.4117,26.440000534057617,-0.2370140208866062,29,-0.01754998577361119
2010-08-20,0.4167,25.489999771118164,-0.28856211617335126,27,-0.0032496057617003382
2010-08-23,0.4012,25.65999984741211,-0.5623470075213566,26,-0.0038201400270727
2010-08-24,0.439,27.459999084472656,-0.3191228477070044,29,-0.014954465907509937
2010-08-25,0.4251,26.700000762939453,-0.4236440397598401,27,0.003877658045916859
2010-08-26,0.4003,27.3700008392334,-0.34077089527048743,26,-0.006724456507921019
2010-08-27,0.3804,24.450000762939453,-0.2995649007942776,30,0.015371109587680456
2010-08-30,0.3829,27.209999084472656,-0.36202893325934804,27,-0.01461121403185606
2010-08-31,0.3738,26.049999237060547,-0.3129141921857993,27,0.0
2010-09-01,0.4202,23.889999389648438,-0.46433852482002513,26,0.029473074762299892
2010-09-02,0.4041,23.190000534057617,-0.2592035061812295,28,0.009269117295732054
2010-09-03,0.4006,21.309999465942383,-0.444471736483849,26,0.01288816319351248
2010-09-07,0.4456,23.799999237060547,-0.37519042058262436,28,-0.011336447593291653
2010-09-08,0.4387,23.25,-0.35598053154248216,28,0.006998476751605747
2010-09-09,0.4288,22.809999465942383,-0.4248288534209132,25,0.004608461620370114
2010-09-10,0.4161,21.989999771118164,-0.47021262705519246,27,0.005036028486484737
2010-09-13,0.4322,21.209999084472656,-0.36102822511925775,29,0.011061645693765295
2010-09-14,0.4149,21.559999465942383,-0.37995352020843165,27,-0.0006211979963804253
2010-09-15,0.434,22.100000381469727,-0.2517050003431737,26,0.0038098685943884405
2010-09-16,0.4271,21.719999313354492,-0.23633856416195634,28,-0.0002653232992093284
2010-09-17,0.4174,22.010000228881836,-0.2820735673379685,28,-0.004965915904409151
2010-09-20,0.4082,21.5,-0.2930966295840012,27,0.015174541232009573
2010-09-21,0.3948,22.350000381469727,-0.26337778195059963,27,-0.002015827187534707
2010-09-22,0.4391,22.510000228881836,-0.4901609320838291,26,-0.004925297416943684
2010-09-23,0.4412,23.8700008392334,-0.36815697412970994,27,-0.008144504797387559
2010-09-24,0.4469,21.709999084472656,-0.34706914762311747,28,0.02041246043715341
2010-09-27,0.4294,22.540000915527344,-0.34464281805349245,28,-0.004801642300214529
2010-09-28,0.424,22.600000381469727,-0.36573501400132974,30,0.003494382300763337
2010-09-29,0.3953,23.25,-0.3005791902269103,28,-0.0017456314878353456
2010-09-30,0.3628,23.700000762939453,-0.48303657362924685,27,-0.002974665094215054
2010-10-01,0.3195,22.5,-0.29729439592852636,27,0.004196940333946503
2010-10-04,0.3304,23.530000686645508,-0.5080349898421653,27,-0.007532008003013176
2010-10-05,0.3591,21.760000228881836,-0.3953847052062933,26,0.019931909311899858
2010-10-06,0.3627,21.489999771118164,-0.17135476506405642,28,-8.61993040877103e-05
2010-10-07,0.3506,21.559999465942383,-0.330630220000978,28,-0.0012073077592180878
2010-10-08,0.3329,20.709999084472656,-0.46947331850285884,27,0.005593109491180671
2010-10-11,0.3038,18.959999084472656,-0.46508282333469164,26,0.0009434419774351266
2010-10-12,0.289,18.93000030517578,-0.415722164725871,27,0.0030814079394163698
2010-10-13,0.2878,19.06999969482422,-0.2707277300147661,29,0.007746993425400246
2010-10-14,0.2849,19.8799991607666,-0.34527837607369377,27,-0.003908570613088435
2010-10-15,0.2942,19.030000686645508,-0.32866267057513193,30,0.0020411460379590823
2010-10-18,0.2734,19.09000015258789,-0.32860221069019574,26,0.004915696325866874
2010-10-19,0.282,20.6299991607666,-0.45795949421572896,28,-0.013191080241147462
2010-10-20,0.2874,19.790000915527344,-0.49320328885761017,26,0.00971874111759183
2010-10-21,0.298,19.270000457763672,-0.25059021898287315,27,0.00220334416965626
2010-10-22,0.2747,18.780000686645508,-0.4772709227431951,29,0.0018606333571330367
2010-10-25,0.2634,19.850000381469727,-0.43166644486188893,27,0.002952952838726183
2010-10-26,0.259,20.219999313354492,-0.2846195809243568,29,0.0001685137954895532
2010-10-27,0.2438,20.709999084472656,-0.4036372317139591,28,-0.0028680236400969593
2010-10-28,0.2247,20.8799991607666,-0.5035376847506716,26,0.00016896927621975281
2010-10-29,0.2058,21.200000762939453,-0.21263890423310491,26,0.0007598154624697652
2010-11-01,0.1999,21.829999923706055,-0.37930078727500194,29,0.00033753199285844657
2010-11-02,0.2004,21.56999969482422,-0.2204706232942365,27,0.00789922125406232
2010-11-03,0.2026,19.559999465942383,-0.38473626124033966,28,0.004009659797000971
2010-11-04,0.2023,18.520000457763672,-0.4663625350026069,27,0.019074978229640414
2010-11-05,0.2289,18.260000228881836,-0.42047213715932985,27,0.0037554054925776144
2010-11-08,0.2299,18.290000915527344,-0.3519994339191803,27,-0.0018759710064512286
2010-11-09,0.2312,19.079999923706055,-0.27273892788035525,28,-0.007210168547720283
2010-11-10,0.2409,18.469999313354492,-0.2959948951163544,26,0.004021160607864356
2010-11-11,0.2528,18.639999389648438,-0.3115539490458267,29,-0.00377451082822221
2010-11-12,0.2502,20.610000610351562,-0.34383351711939125,29,-0.011908861079369145
2010-11-15,0.2454,20.200000762939453,-0.4190777222958526,28,-0.001415295344837037
2010-11-16,0.2615,22.579999923706055,-0.31575348965356065,29,-0.01570203215134482
2010-11-17,0.2629,21.760000228881836,-0.3671968027168087,28,0.0005076365059888257
2010-11-18,0.2903,18.75,-0.45303135732822125,28,0.014611040526956012
2010-11-19,0.2906,18.040000915527344,-0.40541838848199696,28,0.002747155368112735
2010-11-22,0.2875,18.3700008392334,-0.39451638922946797,28,-0.0008316573393951529
2010-11-23,0.3664,20.6299991607666,-0.28206769763284495,28,-0.014582939436894508
2010-11-24,0.3773,19.559999465942383,-0.26022977213353987,28,0.014666091871414004
2010-11-26,0.3682,22.219999313354492,-0.4010860940330006,27,-0.011715564095365463
2010-11-29,0.3903,21.530000686645508,-0.2834560323412929,28,0.003025725961046843
2010-11-30,0.4329,23.540000915527344,-0.35330063280497986,30,-0.00563860777792251
2010-12-01,0.4695,21.360000610351562,-0.22360121042969924,29,0.02104465366343367
2010-12-02,0.4832,19.389999389648438,-0.1913455529226311,29,0.012727481608891575
2010-12-03,0.4782,18.010000228881836,-0.35619109655905656,27,0.0026889552576654517
2010-12-06,0.4652,18.020000457763672,-0.34798714226870625,27,-0.0010583941766391873
2010-12-07,0.4685,17.989999771118164,-0.3045122311299046,27,0.0005700533050127482
2010-12-08,0.4486,17.739999771118164,-0.4090893748574532,26,0.00365688065175551
2010-12-09,0.4348,17.25,-0.31569364725979315,28,0.0038860424158987726
2010-12-10,0.4264,17.610000610351562,-0.2687296834215522,25,0.005800863871851226
2010-12-13,0.4288,17.549999237060547,-0.3325806680963547,27,0.0006424205277645551
2010-12-14,0.4133,17.610000610351562,-0.2861955956443041,27,0.000882723744171901
2010-12-15,0.3986,17.940000534057617,-0.4223449996068152,29,-0.0045825517546696
2010-12-16,0.3719,17.389999389648438,-0.465862999849308,26,0.005785017145967775
2010-12-17,0.348,16.110000610351562,-0.40250954490441543,26,-0.0041746739927536365
2010-12-20,0.3476,16.40999984741211,-0.2704770627896543,27,0.002410571038917316
2010-12-21,0.3229,16.489999771118164,-0.4053261253552941,26,0.00632028122768749
2010-12-22,0.3028,15.449999809265137,-0.1970958214773238,30,0.0031054640754708323
2010-12-23,0.2601,16.469999313354492,-0.2935506254792787,26,-0.0014320975249110487
2010-12-27,0.2138,17.670000076293945,-0.3194347446154665,27,0.0003980342481033424
2010-12-28,0.2026,17.520000457763672,-0.30201486079201656,27,0.0014315280222058227
2010-12-29,0.1859,17.280000686645508,-0.4114759113066472,26,0.0007149659719904494
2010-12-30,0.1889,17.520000457763672,-0.36619498934310213,26,-0.0015895484886163213
2010-12-31,0.1834,17.75,-0.43295827857101604,28,0.000238587340784555
2011-01-03,0.1813,17.610000610351562,-0.17184987961529538,26,0.010284924806456493
2011-01-04,0.1822,17.3799991607666,-0.15902101910241223,27,-0.0005511136072903331
2011-01-05,0.1862,17.020000457763672,-0.27871387233384526,26,0.005184176449207462
2011-01-06,0.1785,17.399999618530273,-0.35850271168303277,28,-0.0019605542977314794
2011-01-07,0.1906,17.139999389648438,-0.42089377138211775,27,-0.0019644056228539015
2011-01-10,0.1911,17.540000915527344,-0.3549199204267613,29,-0.0012592165286221444
2011-01-11,0.1976,16.889999389648438,-0.439862381181452,27,0.0035375764400234224
2011-01-12,0.262,16.239999771118164,-0.37481434885470993,28,0.008984096335089451
2011-01-13,0.2898,16.389999389648438,-0.3191938570100814,28,-0.001634611894315131
2011-01-14,0.2966,15.460000038146973,-0.1805237846477792,29,0.007218628320147511
2011-01-18,0.3051,15.869999885559082,-0.14861193833627084,27,0.0017000329763009424
2011-01-19,0.2892,17.309999465942383,-0.293389973367591,28,-0.009853858305382115
2011-01-20,0.2946,17.989999771118164,-0.34107471714881915,28,-0.0013264010662401664
2011-01-21,0.2789,18.469999313354492,-0.4001398209165092,27,0.0022615980751737276
2011-01-24,0.2596,17.649999618530273,-0.36930412677331614,26,0.005670664070208581
2011-01-25,0.2481,17.59000015258789,-0.44401663670796776,29,0.00054200693836145
2011-01-26,0.231,16.639999389648438,-0.4647517064944483,26,0.0038633953715288857
2011-01-27,0.2156,16.149999618530273,-0.3283721184592822,29,0.002464819238374171
2011-01-28,0.2287,20.040000915527344,-0.32238731541718757,28,-0.01761718927405389
2011-01-31,0.2252,19.530000686645508,-0.28655216194545996,26,0.007488268048510469
2011-02-01,0.2578,17.6299991607666,-0.27463550787921304,27,0.015882014747780775
2011-02-02,0.2403,17.299999237060547,-0.27251631752229655,26,-0.0019140226299316067
2011-02-03,0.2581,16.690000534057617,-0.45833548413746317,29,0.002219875228518332
2011-02-04,0.2451,15.930000305175781,-0.33945500051820915,28,0.002825146975337663
2011-02-07,0.2209,16.280000686645508,-0.38768391930856383,26,0.006232973504143775
2011-02-08,0.2016,15.8100004196167,-0.3755004501973207,26,0.004536229780100495
2011-02-09,0.19,15.869999885559082,-0.4646698177991102,26,-0.002265542719678451
2011-02-10,0.1931,16.09000015258789,-0.23208468589352235,27,0.00037796628868440123
2011-02-11,0.1743,15.6899995803833,-0.3423628909430018,27,0.00595257201654703
2011-02-14,0.169,15.949999809265137,-0.412281885750371,27,0.0024010822182387254
2011-02-15,0.1469,16.3700008392334,-0.5777901025274053,26,-0.003152668796160044
2011-02-16,0.1493,16.719999313354492,-0.4047925059716084,28,0.006295543499705147
2011-02-17,0.1326,16.59000015258789,-0.347643703606079,30,0.002983917822945191
2011-02-18,0.1296,16.43000030517578,-0.4853523548405904,26,0.0020834800346416875
2011-02-22,0.1018,20.799999237060547,-0.514086299504225,26,-0.020273985764222773
2011-02-23,0.0942,22.1299991607666,-0.31773037381040364,26,-0.006163211746435969
2011-02-24,0.1009,21.31999969482422,-0.31222201863138804,28,-0.0006872426132549282
2011-02-25,0.0926,19.219999313354492,-0.33757375451817556,27,0.010636043322289847
2011-02-28,0.0939,18.350000381469727,-0.32572927552996966,27,0.006177449798552023
2011-03-01,0.0863,21.010000228881836,-0.23865252129236858,27,-0.016813493120841887
2011-03-02,0.081,20.700000762939453,-0.31474033568254833,29,0.0021363709867891836
2011-03-03,0.088,18.600000381469727,-0.3416535944848739,29,0.017077598345467793
2011-03-04,0.085,19.059999465942383,-0.4421150925140138,27,-0.00752052872084866
2011-03-07,0.0965,20.65999984741211,-0.3273261959934341,28,-0.007881879144340674
2011-03-08,0.0994,19.81999969482422,-0.31802522083653345,27,0.008711915857417783
2011-03-09,0.0992,20.219999313354492,-0.4003715977302087,28,-0.0014341432848760949
2011-03-10,0.0897,21.8799991607666,-0.47095099540501834,28,-0.018679283098206725
2011-03-11,0.1021,20.079999923706055,-0.3645708570214885,27,0.006902350439859637
2011-03-14,0.1032,21.1299991607666,-0.2514827605288604,29,-0.006056159320269047
2011-03-15,0.1769,24.31999969482422,-0.2499421045470696,26,-0.011523312921841292
2011-03-16,0.2269,29.399999618530273,-0.49609879848487104,26,-0.018686241077615323
2011-03-17,0.2671,26.3700008392334,-0.3287892618144934,26,0.013148228441042051
2011-03-18,0.3048,24.440000534057617,-0.13363540546960598,28,-0.000704169174871776
2011-03-21,0.3161,20.610000610351562,-0.47464821892432296,26,0.015378969497287495
2011-03-22,0.3181,20.209999084472656,-0.30772515744543993,26,-0.003474598786978691
2011-03-23,0.3139,19.170000076293945,-0.4167206428975971,27,0.002857776653072565
2011-03-24,0.34,18.0,-0.4715817634620048,27,0.00951795829774732
2011-03-25,0.3416,17.90999984741211,-0.4589894981212382,28,0.003051178262846453
2011-03-28,0.3248,19.440000534057617,-0.4694612810845314,28,-0.0024401973806626944
2011-03-29,0.3181,18.15999984741211,-0.47507480198804003,26,0.006696151143217117
2011-03-30,0.2961,17.709999084472656,-0.36710295422174805,29,0.006877581773286894
2011-03-31,0.2922,17.739999771118164,-0.10903261548302003,28,-0.001356707580398848
2011-04-01,0.2827,17.399999618530273,-0.3286025833538837,27,0.004214633913717411
2011-04-04,0.2687,17.5,-0.332725030513337,26,0.0008257994924441352
2011-04-05,0.2704,17.25,-0.4046036187235763,27,-0.0001500113599201931
2011-04-06,0.2599,16.899999618530273,-0.2701892690247408,27,0.003147234928549288
2011-04-07,0.2402,17.110000610351562,-0.3421830921173096,27,-0.0025469811049454493
2011-04-08,0.2368,17.8700008392334,-0.34426695810893065,27,-0.0034563615456314934
2011-04-11,0.2264,16.59000015258789,-0.337714699272705,28,-0.0030151830882110937
2011-04-12,0.2387,17.09000015258789,-0.35751532883026194,26,-0.007502065749284654
2011-04-13,0.2254,16.920000076293945,-0.31340906793097295,28,-7.602408655647419e-05
2011-04-14,0.2288,16.270000457763672,-0.44391210281401877,27,0.0007603288565081602
2011-04-15,0.217,15.319999694824219,-0.3702125848720116,28,0.0036418533742727916
2011-04-18,0.2836,16.959999084472656,-0.4420609161017118,27,-0.011271983621468707
2011-04-19,0.3095,15.829999923706055,-0.3420490314941849,27,0.005728048761922306
2011-04-20,0.3494,15.069999694824219,-0.286833170116267,28,0.013539849979458639
2011-04-21,0.3459,14.6899995803833,-0.3951933725296937,29,0.0050958793078750555
2011-04-25,0.3035,15.770000457763672,-0.4526652402626543,29,-0.0010470376441327701
2011-04-26,0.2977,15.619999885559082,-0.47312912243582583,27,0.008568349018922112
2011-04-27,0.3017,15.350000381469727,-0.25063839998932325,31,0.006507491060485546
2011-04-28,0.2837,14.619999885559082,-0.47290582587670627,27,0.0032379338274032936
2011-04-29,0.2677,14.75,-0.27916363220330204,31,0.002348222061735955
2011-05-02,0.2418,15.989999771118164,-0.2588880421082731,27,-0.0015403741155360815
2011-05-03,0.2208,16.700000762939453,-0.5178041390071695,26,-0.003603647942207419
2011-05-04,0.2147,17.079999923706055,-0.17750984215140342,28,-0.006652847605774444
2011-05-05,0.2668,18.200000762939453,-0.3792752305624349,30,-0.0090896260574921
2011-05-06,0.3053,18.399999618530273,-0.43933263079330875,27,0.004406088628249448
2011-05-09,0.3221,17.15999984741211,-0.3459864532121354,27,0.003867357757845281
2011-05-10,0.3285,15.90999984741211,-0.4763967166581324,28,0.0084999507437913
2011-05-11,0.3205,16.950000762939453,-0.45159411332792254,29,-0.010580489282121406
2011-05-12,0.3085,16.030000686645508,-0.47796750730366583,28,0.004749188055977086
2011-05-13,0.2923,17.06999969482422,-0.5504201596889359,26,-0.007728996292128419
2011-05-16,0.2684,18.239999771118164,-0.37470841742706085,28,-0.006361514237382823
2011-05-17,0.2554,17.549999237060547,-0.36538739381857493,27,-0.00015020477889104715
2011-05-18,0.2391,16.229999542236328,-0.41948784182795457,28,0.008896275522450333
2011-05-19,0.2223,15.520000457763672,-0.38430992769662825,28,0.002378770623743367
2011-05-20,0.2339,17.43000030517578,-0.44692814677192105,27,-0.007976426741533248
2011-05-23,0.266,18.270000457763672,-0.42017740674493487,27,-0.011668766889634
2011-05-24,0.2652,17.81999969482422,-0.5315542278023293,26,-0.0008333064581316544
2011-05-25,0.2643,17.06999969482422,-0.3221139285283593,26,0.0033290675181164124
2011-05-26,0.249,16.09000015258789,-0.5020088079891034,28,0.004597020882442528
2011-05-27,0.2613,15.979999542236328,-0.4531791885287674,27,0.0038272120360345356
2011-05-31,0.275,15.449999809265137,-0.4289118941941195,27,0.010357377711179271
2011-06-01,0.2676,18.299999237060547,-0.5750606168138056,29,-0.022717166176830932
2011-06-02,0.2939,18.09000015258789,-0.4981537430798901,28,-0.0010622109838710119
2011-06-03,0.287,17.950000762939453,-0.47082762793249316,28,-0.009994342882886753
2011-06-06,0.2704,18.489999771118164,-0.4970780338296184,27,-0.010637616137775861
2011-06-07,0.2531,18.06999969482422,-0.3124260912065362,29,-0.0006200509676611306
2011-06-08,0.2506,18.790000915527344,-0.39099982829601676,27,-0.004196202712369402
2011-06-09,0.2342,17.770000457763672,-0.4171261421601529,27,0.007602206791408592
2011-06-10,0.2505,18.860000610351562,-0.39815537430016057,28,-0.014007975946590421
2011-06-13,0.254,19.610000610351562,-0.5407798141679593,28,0.0007833801882340768
2011-06-14,0.2524,18.260000228881836,-0.4411194585263729,26,0.012606270353002092
2011-06-15,0.2952,21.31999969482422,-0.33743333977718765,26,-0.01794548154718442
2011-06-16,0.3193,22.729999542236328,-0.3420991681946012,26,0.0022020015898782607
2011-06-17,0.3207,21.850000381469727,-0.33277189322392786,31,-0.0019657957500154952
2011-06-20,0.3139,19.989999771118164,-0.4592129563411268,26,0.005103005354319755
2011-06-21,0.3166,18.860000610351562,-0.31500197100783034,28,0.01361094348212197
2011-06-22,0.3073,18.520000457763672,-0.30070264599568075,28,-0.006043709656474322
2011-06-23,0.3341,19.290000915527344,-0.4084793354312961,26,-0.0028796775585726827
2011-06-24,0.3286,21.100000381469727,-0.2985697197207312,30,-0.011681411413365773
2011-06-27,0.3379,20.559999465942383,-0.315749760540695,31,0.008871539110088738
2011-06-28,0.3397,19.170000076293945,-0.3687059834609429,27,0.012968523040000554
2011-06-29,0.3295,17.270000457763672,-0.43246557976106803,27,0.008527694305573862
2011-06-30,0.3085,16.520000457763672,-0.3050932543646958,27,0.009516992828594329
2011-07-01,0.2758,15.869999885559082,-0.2020071088754925,29,0.014667959789823864
2011-07-05,0.2314,16.059999465942383,-0.5059575135711166,27,-0.0008217279968376062
2011-07-06,0.2484,16.34000015258789,-0.31504662249572574,28,0.0011950383290817402
2011-07-07,0.2384,15.949999809265137,-0.25742132670990064,28,0.010321996966352439
2011-07-08,0.2984,15.949999809265137,-0.37503662719749487,26,-0.00711751769102607
2011-07-11,0.4089,18.389999389648438,-0.6310230033973662,26,-0.01824574939739419
2011-07-12,0.4451,19.8700008392334,-0.47653054461644756,27,-0.004328573677972774
2011-07-13,0.4597,19.90999984741211,-0.4292763765670616,29,0.003342978783620863
2011-07-14,0.4744,20.799999237060547,-0.28275629749989933,28,-0.006926265084537383
2011-07-15,0.4667,19.530000686645508,-0.3069393179433213,27,0.005787920961467227
2011-07-18,0.4802,20.950000762939453,-0.46840340473297337,29,-0.008234905998654835
2011-07-19,0.4677,19.209999084472656,-0.5133341278950551,28,0.01610116918648337
2011-07-20,0.4506,19.09000015258789,-0.44361257390704534,28,-0.0006029228774295955
2011-07-21,0.4615,17.559999465942383,-0.39947346082313784,28,0.013775853108294189
2011-07-22,0.4407,17.520000457763672,-0.5466198211771569,28,0.0006689436860065935
2011-07-25,0.4262,19.350000381469727,-0.29042306303217497,29,-0.005588479875640823
2011-07-26,0.4161,20.229999542236328,-0.25685168471511066,29,-0.003743079629607383
2011-07-27,0.4387,22.979999542236328,-0.1800420793229783,27,-0.020688008283868003
2011-07-28,0.4327,23.739999771118164,-0.4006143080893262,29,-0.002913926393876417
2011-07-29,0.4324,25.25,-0.19015805318072954,29,-0.006858045597718971
2011-08-01,0.4501,23.65999984741211,-0.4314540776536401,28,-0.004261778954100261
2011-08-02,0.4568,24.790000915527344,-0.35408514420194875,29,-0.02587945553195333
2011-08-03,0.4678,23.3799991607666,-0.36739707323728965,29,0.005404132327946673
2011-08-04,0.4977,31.65999984741211,-0.40689208394982695,29,-0.04797410605219454
2011-08-05,0.4816,32.0,-0.46870104038859994,34,-0.0014978808010258596
2011-08-08,0.5273,48.0,-0.32349874151936353,34,-0.06734057403046549
2011-08-09,0.5663,35.060001373291016,-0.35399777708674474,30,0.045450506361566
2011-08-10,0.6278,42.9900016784668,-0.46942905417327524,27,-0.045183316167242776
2011-08-11,0.6441,39.0,-0.30808340885197116,30,0.04390567430386801
2011-08-12,0.6446,36.36000061035156,-0.33655048834543144,28,0.006710587086638596
2011-08-15,0.6691,31.8700008392334,-0.36043970664783764,27,0.02094405066518224
2011-08-16,0.6731,32.849998474121094,-0.36707253282517194,30,-0.008575935434864694
2011-08-17,0.6604,31.579999923706055,-0.38899393407933675,29,0.0006687439260467234
2011-08-18,0.6879,42.66999816894531,-0.21526273524761197,29,-0.044075765203905146
2011-08-19,0.6917,43.04999923706055,-0.377848790389189,27,-0.01646528708952503
2011-08-22,0.6629,42.439998626708984,-0.22378882327558738,28,0.0007987218438405377
2011-08-23,0.6403,36.27000045776367,-0.3035296996119722,29,0.03238053100952896
2011-08-24,0.6156,35.900001525878906,-0.3272092850670699,31,0.013986236514564057
2011-08-25,0.5831,39.7599983215332,-0.3625680185225702,31,-0.015361311166349485
2011-08-26,0.5688,35.59000015258789,-0.30592095129475,30,0.0144293000086114
2011-08-29,0.5347,32.279998779296875,-0.32986718509346247,34,0.02833097486821802
2011-08-30,0.5086,32.88999938964844,-0.2686972238580231,32,0.002633310389515277
2011-08-31,0.4808,31.6200008392334,-0.36565043944433845,29,0.004428058995465284
2011-09-01,0.4642,31.81999969482422,-0.30346176397198665,26,-0.01052813442253418
2011-09-02,0.4836,33.91999816894531,-0.3245062797350343,32,-0.02588195859748386
2011-09-06,0.4903,37.0,-0.32621097241982816,30,-0.0073241736349348215
2011-09-07,0.4851,33.380001068115234,-0.4055593116340041,30,0.02781705881741318
2011-09-08,0.5236,34.31999969482422,-0.2700348234068105,30,-0.010445922841278862
2011-09-09,0.5831,38.52000045776367,-0.3437684255365569,26,-0.0265592965591247
2011-09-12,0.618,38.59000015258789,-0.3614949363761935,29,0.006449138924880436
2011-09-13,0.6236,36.90999984741211,-0.36164291836161694,28,0.009129364315030244
2011-09-14,0.6233,34.599998474121094,-0.5734784790773083,27,0.013749150659437749
2011-09-15,0.6366,31.969999313354492,-0.391650979191219,29,0.017110031462982917
2011-09-16,0.629,30.979999542236328,-0.4889747015841029,27,0.0007408630840709541
2011-09-19,0.6527,32.72999954223633,-0.28158925272835533,34,-0.01000710591017769
2011-09-20,0.635,32.86000061035156,-0.46273978265862054,26,-0.0011643330667982065
2011-09-21,0.6502,37.31999969482422,-0.4088614036289079,27,-0.02990088453258005
2011-09-22,0.673,41.349998474121094,-0.3978987381906279,31,-0.03285838920438979
2011-09-23,0.6682,41.25,-0.394713415136834,30,0.006007087857023056
2011-09-26,0.6482,39.02000045776367,-0.33754648301040135,30,0.023501795078211662
2011-09-27,0.6304,37.709999084472656,-0.34705985144420015,31,0.0111217080893046
2011-09-28,0.6033,41.08000183105469,-0.32450161234058184,29,-0.020629935026862865
2011-09-29,0.5781,38.84000015258789,-0.38371997554285653,27,0.007872385070655765
2011-09-30,0.6588,42.959999084472656,-0.2669481563385044,28,-0.02530677345236948
2011-10-03,0.6913,45.45000076293945,-0.09692611446619034,30,-0.028870583198134143
2011-10-04,0.7154,40.81999969482422,-0.35375580077412827,29,0.021686152138976265
2011-10-05,0.7084,37.810001373291016,-0.2961623946807558,31,0.018345918331616917
2011-10-06,0.7056,36.27000045776367,-0.33505647980664616,27,0.017929541235911752
2011-10-07,0.6888,36.20000076293945,-0.18151296213776805,32,-0.006718361097380832
2011-10-10,0.7058,33.02000045776367,-0.37500083064157214,35,0.032898565789152207
2011-10-11,0.6985,32.86000061035156,-0.20275715384628212,36,0.0010029683037337549
2011-10-12,0.6984,31.260000228881836,-0.15934029043995235,38,0.008733705463807771
2011-10-13,0.6922,30.700000762939453,-0.4598077500823885,32,-0.0019895377667991324
2011-10-14,0.6847,28.239999771118164,-0.2647657294814371,36,0.016949538097382644
2011-10-17,0.6806,33.38999938964844,-0.48204404287962244,32,-0.019275689955516838
2011-10-18,0.6717,31.559999465942383,-0.36694801793834475,33,0.0193572900874667
2011-10-19,0.6485,34.439998626708984,-0.32959911494548433,32,-0.011899566641168823
2011-10-20,0.6375,34.779998779296875,-0.355945856242929,37,0.004365972639690508
2011-10-21,0.6242,31.31999969482422,-0.10767872896445649,35,0.01880931170308042
2011-10-24,0.5918,29.260000228881836,-0.003632782627567649,40,0.012186446402285757
2011-10-25,0.5614,32.220001220703125,-0.3109618322094967,29,-0.019635255461081465
2011-10-26,0.5306,29.860000610351562,-0.30223462231354464,29,0.010107221430194213
2011-10-27,0.6312,25.459999084472656,-0.24516319598339753,29,0.034242080982544706
2011-10-28,0.6162,24.530000686645508,-0.3418396579698142,36,-0.00023324478600182926
2011-10-31,0.6583,29.959999084472656,-0.30510619300915437,33,-0.024401100692920532
2011-11-01,0.684,34.77000045776367,-0.31621806420061516,34,-0.02828471383858199
2011-11-02,0.6765,32.7400016784668,-0.23564062838400565,31,0.016179855229439512
2011-11-03,0.6638,30.5,-0.33794757699107136,30,0.018063168192773142
2011-11-04,0.6151,30.15999984741211,-0.2723672186488105,31,-0.006117658080253967
2011-11-07,0.6316,29.850000381469727,-0.2210423192395732,29,0.0061968797835613475
2011-11-08,0.633,27.479999542236328,-0.29225028374423273,32,0.012749012855056313
2011-11-09,0.7057,36.15999984741211,-0.39604442482104063,32,-0.037607949922965934
2011-11-10,0.693,32.810001373291016,-0.43237272296095336,27,0.009374531373710209
2011-11-11,0.6928,30.040000915527344,-0.3797111496292295,31,0.018647475836618268
2011-11-14,0.6868,31.1299991607666,-0.38099930432232865,34,-0.00951938462996258
2011-11-15,0.6716,31.219999313354492,-0.22343928488086573,33,0.004929665261295321
2011-11-16,0.6545,33.5099983215332,-0.48448424637171134,30,-0.015990107007195373
2011-11-17,0.6376,34.5099983215332,-0.43603621214998617,35,-0.016004250782027264
2011-11-18,0.6274,32.0,-0.194881979595215,33,-0.001065158454634802
2011-11-21,0.6488,32.90999984741211,-0.43530177408445164,32,-0.019202705822494955
2011-11-22,0.6185,31.969999313354492,-0.37403946420743184,34,-0.003935539588244083
2011-11-23,0.6412,33.97999954223633,-0.37322851876490043,33,-0.022312738036471796
2011-11-25,0.6079,34.470001220703125,-0.42309151233613485,35,-0.0018892339364911
2011-11-28,0.6022,32.130001068115234,-0.16535167181151256,35,0.028555236610433046
2011-11-29,0.5906,30.639999389648438,-0.3880564274358837,34,0.002836204472583442
2011-11-30,0.5775,27.799999237060547,-0.27299657347730616,33,0.04032536892293411
2011-12-01,0.5536,27.40999984741211,-0.25639664006754753,34,-0.00015999874525770224
2011-12-02,0.5304,27.520000457763672,-0.33316367525883456,34,-0.0008806037437761391
2011-12-05,0.4995,27.84000015258789,-0.46570653642298915,28,0.010833311305441844
2011-12-06,0.4717,28.1299991607666,-0.3840001007500394,29,0.00031686403144940925
2011-12-07,0.4597,28.670000076293945,-0.28445287552144255,31,0.0037155757240585952
2011-12-08,0.4421,30.59000015258789,-0.2693456054822604,30,-0.022180631722513985
2011-12-09,0.449,26.3799991607666,-0.3857884924285687,26,0.016800443984299855
2011-12-12,0.4752,25.670000076293945,-0.2520161578073524,26,-0.014705003659321118
2011-12-13,0.4896,25.40999984741211,-0.3059297555654744,30,-0.009382872547278114
2011-12-14,0.5141,26.040000915527344,-0.46322813536273316,32,-0.010703196119725814
2011-12-15,0.5154,25.110000610351562,-0.5875476898671793,28,0.003607764201080332
2011-12-16,0.5028,24.290000915527344,-0.32612990869943587,28,-0.004840670529557982
2011-12-19,0.4866,24.920000076293945,-0.4671761007617078,31,-0.010749197572835998
2011-12-20,0.4793,23.219999313354492,-0.2976387655779719,31,0.02981139092228546
2011-12-21,0.4621,21.43000030517578,-0.3708211719017604,29,0.0019346871431293285
2011-12-22,0.4406,21.15999984741211,-0.3738647859710952,30,0.008819801376116914
2011-12-23,0.4167,20.729999542236328,-0.2752869223239699,28,0.008900978771407796
2011-12-27,0.3817,21.90999984741211,-0.4603301545011997,30,0.0007908769409957418
2011-12-28,0.3569,23.520000457763672,-0.41961526250754794,30,-0.013210410439571862
2011-12-29,0.3684,22.649999618530273,-0.22297510556116185,29,0.010281030123043508
2011-12-30,0.3456,23.399999618530273,-0.24400154467220106,30,-0.004928097882550799
2012-01-03,0.3532,22.969999313354492,-0.3648040884156679,29,0.015810606026642245
2012-01-04,0.3496,22.219999313354492,-0.357321647040117,33,0.0015673745421439895
2012-01-05,0.3796,21.479999542236328,-0.4702653903053239,29,0.002658923525334799
2012-01-06,0.3806,20.6299991607666,-0.4529491882721229,28,-0.002580601326588266
2012-01-09,0.3772,21.06999969482422,-0.44395452732435214,26,0.002424473747871864
2012-01-10,0.3793,20.690000534057617,-0.5762281916649253,27,0.00863315158446976
2012-01-11,0.3712,21.049999237060547,-0.46675082744359975,29,0.0005418810563717929
2012-01-12,0.3626,20.469999313354492,-0.539856645027892,26,0.002396488092430158
2012-01-13,0.4072,20.90999984741211,-0.35196568322442473,28,-0.00518675978121626
2012-01-17,0.4299,22.200000762939453,-0.20582513570329175,32,0.0038732716653284865
2012-01-18,0.424,20.889999389648438,-0.42434359767362473,30,0.010995519885351227
2012-01-19,0.4417,19.8700008392334,-0.3755150493921712,32,0.005262586317009751
2012-01-20,0.4734,18.280000686645508,-0.3411257153831662,31,0.003720365914206534
2012-01-23,0.4931,18.670000076293945,-0.14929179051351368,33,-0.0025800313373851107
2012-01-24,0.4894,18.90999984741211,-0.39934696020701754,26,-0.0011403345768214964
2012-01-25,0.4841,18.309999465942383,-0.36575392086866404,31,0.008332680793951502
2012-01-26,0.4836,18.56999969482422,-0.5510909167440752,26,-0.005142899472747521
2012-01-27,0.4992,18.530000686645508,-0.28498154174238444,29,-0.0004550440413475089
2012-01-30,0.5307,19.399999618530273,-0.41276422783023325,29,-0.003419678873827171
2012-01-31,0.5219,19.440000534057617,-0.30716697342642424,29,-0.00038058390580182833
2012-02-01,0.5238,18.549999237060547,-0.40753278398184944,29,0.008719065503894516
2012-02-02,0.491,17.979999542236328,-0.4183288520367609,27,0.001583944965608829
2012-02-03,0.4754,17.100000381469727,-0.5150670167058706,26,0.01392134381835218
2012-02-06,0.4284,17.760000228881836,-0.479285561139522,29,-0.0006691426782849391
2012-02-07,0.4479,17.649999618530273,-0.5485712402845693,27,0.002525601923559161
2012-02-08,0.4427,18.15999984741211,-0.3359695704409922,27,0.002963252495042481
2012-02-09,0.4242,18.6299991607666,-0.46489300529802485,28,0.0012566859316234706
2012-02-10,0.4317,20.790000915527344,-0.3354082093754603,31,-0.007415131080261282
2012-02-13,0.3993,19.040000915527344,-0.5056781826128562,30,0.007415131080261385
2012-02-14,0.368,19.540000915527344,-0.3606690722098574,28,-0.0012566859316235118
2012-02-15,0.3443,21.139999389648438,-0.46334407938511835,27,-0.004671036354375908
2012-02-16,0.3315,19.219999313354492,-0.44739841260011,30,0.011012309579391845
2012-02-17,0.3218,17.780000686645508,-0.37144004622580745,28,0.002642595690965567
2012-02-21,0.2895,18.190000534057617,-0.35767131357485876,29,0.0004397358434986928
2012-02-22,0.2854,18.190000534057617,-0.3957727727304454,27,-0.00322937852330844
2012-02-23,0.2696,16.799999237060547,-0.3494751450727212,29,0.004401137416320357
2012-02-24,0.2651,17.309999465942383,-0.4654247132537541,27,0.002193214767479755
2012-02-27,0.2589,18.190000534057617,-0.31101100033433343,27,0.00167836143890253
2012-02-28,0.2482,17.959999084472656,-0.40807412967234846,28,0.0029120135218652925
2012-02-29,0.2424,18.43000030517578,-0.4906284195372462,30,-0.003933236060081258
2012-03-01,0.2589,17.260000228881836,-0.14346427670861592,32,0.005168284152638876
2012-03-02,0.2732,17.290000915527344,-0.22852522854764873,26,-0.0030540903552762613
2012-03-05,0.2729,18.049999237060547,-0.4354981820770988,27,-0.004086684251318728
2012-03-06,0.3245,20.8700008392334,-0.30560312070901746,27,-0.014733231512984004
2012-03-07,0.3253,19.06999969482422,-0.35226629304380286,28,0.006951680361283761
2012-03-08,0.3413,17.950000762939453,-0.4024476597889154,27,0.009899914873447515
2012-03-09,0.3483,17.110000610351562,-0.4534939765926579,29,0.0038601266890066765
2012-03-12,0.3422,15.640000343322754,-0.3067350438579403,29,7.264769404171427e-05
2012-03-13,0.3452,14.800000190734863,-0.3147001624956727,28,0.01786530538934012
2012-03-14,0.3615,15.3100004196167,-0.5648040943994567,27,-0.0010714998762810766
2012-03-15,0.3597,15.420000076293945,-0.4953121329045502,29,0.0057727241840531155
2012-03-16,0.3633,14.470000267028809,-0.2378497787656969,29,-0.002989100243923629
2012-03-19,0.3567,15.039999961853027,-0.30027652730919696,27,0.0039125287957505715
2012-03-20,0.3391,15.579999923706055,-0.1856829053805934,27,-0.002915168971612883
2012-03-21,0.3154,15.130000114440918,-0.3227950785523997,26,-0.00163902206680534
2012-03-22,0.3327,15.569999694824219,-0.5567989702795942,27,-0.007229620640635165
2012-03-23,0.3203,14.819999694824219,-0.3768232244571222,29,0.0032275227086085503
2012-03-26,0.3277,14.260000228881836,-0.2487511934974896,28,0.0139375558596752
2012-03-27,0.3147,15.59000015258789,-0.27356006337961664,27,-0.003111979619512397
2012-03-28,0.3203,15.470000267028809,-0.14979880416478428,28,-0.004970873392590558
2012-03-29,0.3228,15.479999542236328,-0.3440329840120215,26,-0.0017100502619177978
2012-03-30,0.3239,15.5,-0.20586003710555617,29,0.004127545319883938
2012-04-02,0.3248,15.640000343322754,-0.21803245624497986,33,0.007288189356439629
2012-04-03,0.3185,15.65999984741211,-0.3423062265277482,26,-0.0040975108534866776
2012-04-04,0.3223,16.440000534057617,-0.4258892508457814,28,-0.00996019845413259
2012-04-05,0.316,16.700000762939453,-0.39424186225842156,28,-0.0005006781849393335
2012-04-09,0.2932,18.809999465942383,-0.25817220873361635,31,-0.01129462095995572
2012-04-10,0.3414,20.389999389648438,-0.18604129645466802,30,-0.016927351249561472
2012-04-11,0.3444,20.020000457763672,-0.3266555655716253,28,0.00806164958284261
2012-04-12,0.336,17.200000762939453,-0.386325342314716,29,0.012981025165336122
2012-04-13,0.3374,19.549999237060547,-0.5119636678136885,26,-0.01195965358781548
2012-04-16,0.3247,19.549999237060547,-0.3321697083038943,28,-0.0006564523893733154
2012-04-17,0.3206,18.459999084472656,-0.26743331008159343,31,0.014703475288866496
2012-04-18,0.3048,18.639999389648438,-0.20597082943096756,26,-0.0033850816765037045
2012-04-19,0.3005,18.360000610351562,-0.33240648367327863,29,-0.006441591294652862
2012-04-20,0.2792,17.440000534057617,-0.4805559547841017,28,0.0016686312071105618
2012-04-23,0.2859,18.969999313354492,-0.18162172192278606,29,-0.008444424521305168
2012-04-24,0.2901,18.100000381469727,-0.20789406511197486,30,0.003794271533622065
2012-04-25,0.2985,16.81999969482422,-0.2897807177267503,32,0.013598798225997724
2012-04-26,0.2999,16.239999771118164,-0.12212054899483919,33,0.006944729536737264
2012-04-27,0.2893,16.31999969482422,-0.28820718309249604,31,0.0016396063201724895
2012-04-30,0.2854,17.149999618530273,-0.25669736159010365,33,-0.0037108747547531236
2012-05-01,0.2805,16.600000381469727,-0.17267712265784543,30,0.006200870687420012
2012-05-02,0.2716,16.8799991607666,-0.1383354867614593,35,-0.002988674748570388
2012-05-03,0.2702,17.559999465942383,-0.2863913638599457,31,-0.007654702013019944
2012-05-04,0.2679,19.15999984741211,-0.24378964043374984,31,-0.016289952979268458
2012-05-07,0.2602,18.940000534057617,-0.054738796752975105,42,0.0007297052588564099
2012-05-08,0.2702,19.049999237060547,-0.06158475436976268,42,-0.004019760818253804
2012-05-09,0.2575,20.079999923706055,-0.11402726626437158,40,-0.005949538524837831
2012-05-10,0.256,18.829999923706055,-0.1007683895805196,37,0.0020606334141373803
2012-05-11,0.2483,19.889999389648438,-0.2442945302683769,41,-0.0030188415573872214
2012-05-14,0.2424,21.8700008392334,-0.3896341406145516,34,-0.011122760326664573
2012-05-15,0.2409,21.969999313354492,-0.19674753352599708,38,-0.005758133548508667
2012-05-16,0.2443,22.270000457763672,-0.34166510945741213,31,-0.0038321007961062774
2012-05-17,0.2453,24.489999771118164,-0.37482171871995457,38,-0.014942074823610709
2012-05-18,0.2435,25.100000381469727,-0.19158403134036223,38,-0.008595563981053293
2012-05-21,0.2439,22.010000228881836,-0.0986114760361612,38,0.017042143153895094
2012-05-22,0.2287,22.479999542236328,-0.30849713244101695,31,0.0017412710545933409
2012-05-23,0.2747,22.329999923706055,-0.23399670855743,39,0.0005294160058288494
2012-05-24,0.2948,21.540000915527344,-0.20971158038352927,30,0.0019637053428055115
2012-05-25,0.2938,21.760000228881836,-0.3708444035155007,35,-0.0032497679497885865
2012-05-29,0.2732,21.030000686645508,-0.3760801225649193,32,0.01203920355045307
2012-05-30,0.3028,24.139999389648438,-0.2837809393324679,31,-0.014616417103779963
2012-05-31,0.3281,24.059999465942383,-0.3617831718353289,35,-0.0022033461851589573
2012-06-01,0.3335,26.65999984741211,-0.2234902124955347,33,-0.025499186098984584
2012-06-04,0.3501,26.1200008392334,-0.4924034344412883,30,-0.0004682553453806065
2012-06-05,0.3495,24.68000030517578,-0.2742758896453306,32,0.007543693044012312
2012-06-06,0.3836,22.15999984741211,-0.2772198207957205,32,0.022219683685399394
2012-06-07,0.3775,21.719999313354492,-0.26530620776493297,38,0.0006060285751731634
2012-06-08,0.3781,21.229999542236328,-0.27720879522207026,34,0.007920109403916806
2012-06-11,0.3597,23.559999465942383,-0.26623117340261737,30,-0.01277853673432137
2012-06-12,0.3627,22.09000015258789,-0.258223026856272,34,0.011425195187419059
2012-06-13,0.3445,24.270000457763672,-0.26377753383917735,32,-0.006415289197970859
2012-06-14,0.3405,21.68000030517578,-0.27772427756488327,31,0.010544602119150941
2012-06-15,0.3598,21.110000610351562,-0.22119324848776864,31,0.005007283489523609
2012-06-18,0.3571,18.31999969482422,-0.26990234374227845,33,0.0019363565545029568
2012-06-19,0.3636,18.3799991607666,-0.20901701375320555,32,0.009626161675834072
2012-06-20,0.3664,17.239999771118164,-0.4049707851399202,32,-0.0016225479379806827
2012-06-21,0.3459,20.079999923706055,-0.24566439540124144,29,-0.022694265300738328
2012-06-22,0.3489,18.110000610351562,-0.43146353558927775,30,0.007672126668571888
2012-06-25,0.3961,20.3799991607666,-0.1548548117925139,34,-0.016164709374456528
2012-06-26,0.4042,19.719999313354492,-0.30647291981174096,31,0.005013215176026021
2012-06-27,0.3975,19.450000762939453,-0.21125458666026592,35,0.008976130181058067
2012-06-28,0.3907,19.709999084472656,-0.17707962714564057,40,-0.0028576113221010406
2012-06-29,0.4372,17.079999923706055,-0.3164277705448214,32,0.02462107206103697
2012-07-02,0.4486,16.799999237060547,-0.24444621652797796,32,0.0030078772716375956
2012-07-03,0.4398,16.65999984741211,-0.18585097371244597,36,0.006571352219776147
2012-07-05,0.435,17.5,-0.28921749544076386,31,-0.004522329974862246
2012-07-06,0.429,17.100000381469727,-0.3317007260795217,32,-0.009548976618500212
2012-07-09,0.4372,17.979999542236328,-0.24879956411292983,36,-0.001255479363605407
2012-07-10,0.4468,18.719999313354492,-0.4239455377987233,29,-0.008758371916199225
2012-07-11,0.4427,17.950000762939453,-0.2898478616671697,31,0.00014911869005202993
2012-07-12,0.4374,18.329999923706055,-0.15532210412025452,31,-0.004856804553746215
2012-07-13,0.4258,16.739999771118164,-0.44964442213658357,31,0.016638618556256375
2012-07-16,0.4072,17.110000610351562,-0.2519154949741645,36,-0.0023601112279798006
2012-07-17,0.3834,16.479999542236328,-0.3268319710005075,28,0.006843604159668158
2012-07-18,0.3671,16.15999984741211,-0.28356718919785584,34,0.007379528046410284
2012-07-19,0.3451,15.449999809265137,-0.3314193874895059,29,0.002617236116542275
2012-07-20,0.38,16.270000457763672,-0.3253566304036975,30,-0.009190396713817285
2012-07-23,0.3773,18.6200008392334,-0.4927564109821618,30,-0.01016362332194233
2012-07-24,0.3758,20.469999313354492,-0.354698978194048,30,-0.008623975160813382
2012-07-25,0.3638,19.34000015258789,-0.2559039936486067,33,0.00022407733233724853
2012-07-26,0.3868,17.530000686645508,-0.3806732418609659,30,0.01636279364520529
2012-07-27,0.3908,16.700000762939453,-0.10159350767795527,28,0.01826497631335944
2012-07-30,0.3794,18.030000686645508,-0.31434223962744073,30,0.0
2012-07-31,0.366,18.93000030517578,-0.28000827734566786,34,-0.0070189945103160956
2012-08-01,0.3521,18.959999084472656,-0.30872705269390166,34,-0.0008718516690747392
2012-08-02,0.3538,17.56999969482422,-0.2563790256212796,31,-0.006928496250222446
2012-08-03,0.4021,15.640000343322754,-0.19176342923380435,32,0.019639072154451945
2012-08-06,0.404,15.949999809265137,-0.39693538647140225,31,0.001935613842245032
2012-08-07,0.3972,15.989999771118164,-0.34336681607997777,33,0.005001169250315094
2012-08-08,0.3921,15.319999694824219,-0.17024482220597564,32,0.0012107701431819514
2012-08-09,0.376,15.279999732971191,-0.40666394370645287,29,0.0008537539798698818
2012-08-10,0.3677,14.739999771118164,-0.3281273834993282,31,0.0016343633414736432
2012-08-13,0.3398,13.699999809265137,-0.2844226558347046,30,-0.0004970850944157594
2012-08-14,0.3149,14.850000381469727,-0.30875612857830714,32,0.000141987596809055
2012-08-15,0.2916,14.630000114440918,-0.2426987784651018,31,0.0011358251214389945
2012-08-16,0.2816,14.289999961853027,-0.2684664100170601,32,0.0073514753644729515
2012-08-17,0.2611,13.449999809265137,-0.3983951001334575,31,0.0013371377143855268
2012-08-20,0.2422,14.020000457763672,-0.3918118265317946,29,7.039959068116194e-05
2012-08-21,0.2229,15.020000457763672,-0.16365430772967873,31,-0.0030287604712871475
2012-08-22,0.2274,15.109999656677246,-0.2628118336344138,32,0.0004232514132957488
2012-08-23,0.2265,15.960000038146973,-0.23776306445787057,34,-0.008213042605260772
2012-08-24,0.2179,15.180000305175781,-0.15062933008324716,31,0.006024690231016378
2012-08-27,0.2081,16.350000381469727,-0.3527265180758635,30,0.00021196806714667913
2012-08-28,0.1978,16.489999771118164,-0.38027809940114105,29,-0.0009896049156417712
2012-08-29,0.1861,17.059999465942383,-0.3906405732529386,29,0.0007776368484949471
2012-08-30,0.1879,17.829999923706055,-0.4122760953856011,30,-0.007233996182479838
2012-08-31,0.1844,17.469999313354492,-0.42382885394918596,28,0.004757673786441624
2012-09-04,0.1848,17.979999542236328,-0.2608265048770234,32,-0.0009213997015155756
2012-09-05,0.1779,17.739999771118164,-0.25995993047330307,34,-0.0008512103525127161
2012-09-06,0.1968,15.600000381469727,-0.1160940601557959,32,0.020093415455824763
2012-09-07,0.1479,14.380000114440918,-0.4299537974120251,28,0.003887526914222616
2012-09-10,0.1465,16.280000686645508,-0.21599253813561167,33,-0.005697676160437924
2012-09-11,0.1461,16.40999984741211,-0.18071908202564174,33,0.002783448723683429
2012-09-12,0.1545,15.800000190734863,-0.3098745124567519,34,0.003329838126721963
2012-09-13,0.1555,14.050000190734863,-0.32919537043395364,33,0.01512158156392947
2012-09-14,0.1514,14.510000228881836,-0.1799506992639014,33,0.004424396498419365
2012-09-17,0.1576,14.59000015258789,-0.34907033512777297,29,-0.003401595097850954
2012-09-18,0.1654,14.180000305175781,-0.3543223166375359,30,-0.0008181782275811471
2012-09-19,0.1637,13.880000114440918,-0.45996889424765935,29,0.0005454918532837904
2012-09-20,0.1585,14.069999694824219,-0.36323503091197323,27,6.823056817389438e-05
2012-09-21,0.1441,13.979999542236328,-0.3664276680005654,31,-0.005742114290003215
2012-09-24,0.1403,14.149999618530273,-0.4963737174023475,28,-0.0015093391243115365
2012-09-25,0.1281,15.430000305175781,-0.14461955399254958,30,-0.010698896138496448
2012-09-26,0.1571,16.809999465942383,-0.27809471892586773,28,-0.005637043488175715
2012-09-27,0.1576,14.84000015258789,-0.2588247743761828,31,0.009377390550657554
2012-09-28,0.165,15.729999542236328,-0.19597700214082445,27,-0.004642939406933167
2012-10-01,0.1523,16.31999969482422,-0.46098901180855695,31,0.002635995374562496
2012-10-02,0.1472,15.710000038146973,-0.3883902822133686,28,0.001038559160788957
2012-10-03,0.1436,15.430000305175781,-0.33184624087281267,29,0.004074706734846275
2012-10-04,0.1306,14.550000190734863,-0.33290600053600444,29,0.007142455613396262
2012-10-05,0.1348,14.329999923706055,-0.20533803967027925,32,6.83922858572033e-05
2012-10-08,0.136,15.109999656677246,-0.3695231422822803,31,-0.003427243070177479
2012-10-09,0.1221,16.3700008392334,-0.45652657475035924,26,-0.009936615428929485
2012-10-10,0.1186,16.290000915527344,-0.2715187725690228,27,-0.006400454454726661
2012-10-11,0.1123,15.59000015258789,-0.3762952848148067,32,0.000558204251342108
2012-10-12,0.1119,16.139999389648438,-0.35249826135231604,31,-0.0032838542746947688
2012-10-15,0.1105,15.270000457763672,-0.22830393938007099,28,0.0082936143668975
2012-10-16,0.1064,15.220000267028809,-0.3763503591578068,29,0.010082203211906414
2012-10-17,0.1183,15.069999694824219,-0.3965695313011264,29,0.004524609653617291
2012-10-18,0.1079,15.029999732971191,-0.41493390448410067,32,-0.0026024918357319808
2012-10-19,0.1088,17.059999465942383,-0.250070084638607,26,-0.016804848135725563
2012-10-22,0.1058,16.6200008392334,-0.3161957440104336,34,0.00013949980669822847
2012-10-23,0.12,18.829999923706055,-0.31467397975464984,31,-0.013973513048603455
2012-10-24,0.1118,18.329999923706055,-0.23351506663506233,30,-0.0028324186407206386
2012-10-25,0.1014,18.1200008392334,-0.3555828465160781,28,0.002903088657786816
2012-10-26,0.1067,17.809999465942383,-0.4795130749334251,31,-0.0005657159257664017
2012-10-31,0.1193,18.600000381469727,-0.3876545929976048,31,0.0
2012-11-01,0.1236,16.690000534057617,-0.28729421679697653,27,0.010415997374597061
2012-11-02,0.1137,17.59000015258789,-0.43217841410450636,28,-0.008931486463534484
2012-11-05,0.1199,18.420000076293945,-0.425443089660848,29,0.0020465660519948573
2012-11-06,0.1204,17.579999923706055,-0.2024552208295961,30,0.007794713531612405
2012-11-07,0.1317,19.079999923706055,-0.25549357642670795,31,-0.02292448913901554
2012-11-08,0.1295,18.489999771118164,-0.2847218662106786,29,-0.012096979082725046
2012-11-09,0.1327,18.610000610351562,-0.1787962101551314,31,0.0008690107520277212
2012-11-12,0.1259,16.68000030517578,-0.28612136847073666,29,0.0007958659552173828
2012-11-13,0.1193,16.649999618530273,-0.49600515807603796,30,-0.0034775880194807783
2012-11-14,0.1038,17.920000076293945,-0.13944654283270239,30,-0.013590744815579842
2012-11-15,0.1091,17.989999771118164,-0.43611062528642286,33,-0.0016934491130524733
2012-11-16,0.1212,16.40999984741211,-0.4898914776988824,30,0.004925199712301825
2012-11-19,0.1333,15.239999771118164,-0.3955082924854131,31,0.020037038884988225
2012-11-20,0.1327,15.079999923706055,-0.390038666598595,31,0.0004311408302978512
2012-11-21,0.138,15.3100004196167,-0.4086789054698521,31,0.0018661684098468076
2012-11-23,0.131,15.140000343322754,-0.44448596987597366,27,0.013533035130504684
2012-11-26,0.1345,15.5,-0.2910181531700492,30,-0.002124668235753366
2012-11-27,0.1264,15.920000076293945,-0.1955961426228723,34,-0.005117654272755331
2012-11-28,0.1105,15.510000228881836,-0.19181227370130605,29,0.008020234257834215
2012-11-29,0.1146,15.0600004196167,-0.37981864781235825,29,0.004654697726772232
2012-11-30,0.0993,15.869999885559082,-0.2645875741472344,30,0.00021105836400327273
2012-12-03,0.0887,16.639999389648438,-0.3729920672996291,29,-0.004936518987100227
2012-12-04,0.0839,17.1200008392334,-0.3753002579524599,29,-0.0014149061462090321
2012-12-05,0.0741,16.459999084472656,-0.48776963399294765,32,0.0017683470567419492
2012-12-06,0.0599,16.579999923706055,-0.3994032224661924,33,0.0033864554359557186
2012-12-07,0.0582,15.899999618530273,-0.39138358998387124,32,0.003024074427342408
2012-12-10,0.064,16.049999237060547,-0.4857348936791631,30,0.0004212128506911867
2012-12-11,0.0522,15.569999694824219,-0.4309777400854285,27,0.006785386519996082
2012-12-12,0.0508,15.949999809265137,-0.07390244185679098,34,0.0004878345883405068
2012-12-13,0.0542,16.559999465942383,-0.43838340520247304,29,-0.006150782136168171
2012-12-14,0.0488,17.0,-0.30199539358197686,31,-0.0037228207141397356
2012-12-17,0.0461,16.34000015258789,-0.47565732660020393,27,0.011683752096523075
2012-12-18,0.0428,15.569999694824219,-0.3624180057841128,29,0.011067352697539948
2012-12-19,0.0389,17.360000610351562,-0.4489697280393541,30,-0.007457066070580858
2012-12-20,0.0392,17.670000076293945,-0.28359214951333267,31,0.005735835941309844
2012-12-21,0.0366,17.84000015258789,-0.3396005830842873,29,-0.01618598029706901
2012-12-24,0.0347,17.84000015258789,-0.40662615368967425,29,-0.0030861158221656805
2012-12-26,0.0356,19.479999542236328,-0.39070974409780623,29,-0.004223913993006298
2012-12-27,0.0337,19.469999313354492,-0.23460564924288413,29,-0.001341304377040368
2012-12-28,0.0228,22.719999313354492,-0.4545430451228311,33,-0.010866961580575455
2012-12-31,0.0235,18.020000457763672,-0.21073184665734726,31,0.016853570296344864
2013-01-02,0.0141,14.680000305175781,-0.4065890501757463,30,0.025307232530281845
2013-01-03,0.019,14.5600004196167,-0.23463689708243454,31,-0.002261914248915973
2013-01-04,0.0274,13.829999923706055,-0.5197696229758763,31,0.004382063908518389
2013-01-07,0.0334,13.789999961853027,-0.39471027266740794,30,-0.0027364996312892855
2013-01-08,0.0393,13.619999885559082,-0.4091712501241692,28,-0.0028814383464779896
2013-01-09,0.0415,13.8100004196167,-0.2875338145283276,29,0.002538822618967544
2013-01-10,0.0291,13.489999771118164,-0.32614329622904104,28,0.007918155104775441
2013-01-11,0.0282,13.359999656677246,-0.29230670293380817,30,-6.795516932659728e-05
2013-01-14,0.028,13.520000457763672,-0.2568781379040863,28,-0.0006802210887327481
2013-01-15,0.0303,13.550000190734863,-0.3042749497602063,31,0.0006802210887327338
2013-01-16,0.0307,13.420000076293945,-0.2428567246148532,33,-0.0001360279599216413
2013-01-17,0.0293,13.569999694824219,-0.2277176132993897,30,0.0064395880109128344
2013-01-18,0.0318,12.460000038146973,-0.1316805206860183,32,0.0022272599158720922
2013-01-22,0.0258,12.430000305175781,-0.22348157417101636,37,0.005378907836690007
2013-01-23,0.0244,12.460000038146973,-0.30966946316356625,31,0.0016079751161445402
2013-01-24,0.0243,12.6899995803833,-0.32278877144844403,28,0.00026781274064164483
2013-01-25,0.0252,12.890000343322754,-0.4503607726402049,28,0.005606344041853558
2013-01-28,0.0264,13.569999694824219,-0.3204351614342204,35,-0.0011986727020707087
2013-01-29,0.0273,13.3100004196167,-0.2548002049759544,29,0.003923765991413277
2013-01-30,0.0302,14.319999694824219,-0.2479152243680531,31,-0.003923765991413354
2013-01-31,0.0372,14.279999732971191,-0.2429299623660022,31,-0.0024686296734874246
2013-02-01,0.048,12.899999618530273,-0.2619184775355272,32,0.010234744303814203
2013-02-04,0.0801,14.670000076293945,-0.3610086865099768,30,-0.011304144668602559
2013-02-05,0.0946,13.720000267028809,-0.43342416504611236,29,0.010047057361337028
2013-02-06,0.1031,13.40999984741211,-0.3474895631501271,31,0.0007279746716896792
2013-02-07,0.1174,13.5,-0.24161860250085593,28,-0.001323957173225456
2013-02-08,0.1256,13.020000457763672,-0.37801994787994125,29,0.005548939530563959
2013-02-11,0.1252,12.9399995803833,-0.14410751843976255,33,-0.00019763994248934072
2013-02-12,0.123,12.640000343322754,-0.36169920647021,29,0.0016458741196453063
2013-02-13,0.1174,12.979999542236328,-0.34273385974280535,28,0.0008547169853668696
2013-02-14,0.1125,12.65999984741211,-0.36999458754817327,31,0.0009197175496727924
2013-02-15,0.1069,12.460000038146973,-0.31842525753238626,34,-0.001182606441312753
2013-02-19,0.0935,12.3100004196167,-0.35793392188553846,31,0.007466627480102244
2013-02-20,0.087,14.680000305175781,-0.28485167182157434,30,-0.012541637747840189
2013-02-21,0.1029,15.220000267028809,-0.3557119779882624,34,-0.006097567843170686
2013-02-22,0.1087,14.170000076293945,-0.3407317593350455,27,0.00972520140623874
2013-02-25,0.1043,18.989999771118164,-0.10909099586138439,29,-0.019210264686089513
2013-02-26,0.1275,16.8700008392334,-0.33845329489011095,34,0.006822341075306378
2013-02-27,0.1384,14.729999542236328,-0.44148790556069684,34,0.012519617305904326
2013-02-28,0.1462,15.510000228881836,-0.26480343538697426,29,-0.001976826207379364
2013-03-01,0.1534,15.359999656677246,-0.26634376928823694,30,0.003292509216928123
2013-03-04,0.1551,14.010000228881836,-0.30394568659071963,31,0.0053109495180547524
2013-03-05,0.1616,13.479999542236328,-0.3819263857618906,32,0.00891900808606313
2013-03-06,0.1475,13.529999732971191,-0.32460518407855304,31,0.0013601913974636344
2013-03-07,0.1464,13.0600004196167,-0.34319764993076524,30,0.0018106496178148855
2013-03-08,0.1433,12.59000015258789,-0.24465245122628554,35,0.004255074819991709
2013-03-11,0.1337,11.5600004196167,-0.5067402688802353,28,0.003788467853968727
2013-03-12,0.1187,12.270000457763672,-0.29049942359876246,31,-0.002245717238507568
2013-03-13,0.107,11.829999923706055,-0.2647502815598622,32,0.0014121655224659311
2013-03-14,0.1001,11.300000190734863,-0.2650319023528269,28,0.005309815492435571
2013-03-15,0.0853,11.300000190734863,-0.3978046161427066,29,-0.005758871198111227
2013-03-18,0.0934,13.359999656677246,-0.16162055936517083,34,-0.0055341235315858415
2013-03-19,0.103,14.390000343322754,-0.3860425400418264,27,-0.0023257366140840134
2013-03-20,0.1105,12.670000076293945,-0.41417421490473133,31,0.006961045320596425
2013-03-21,0.1129,13.989999771118164,-0.42228456100560724,28,-0.00857932575928796
2013-03-22,0.105,13.569999694824219,-0.257805567728132,30,0.008001110346472698
2013-03-25,0.1141,13.739999771118164,-0.40358130003917836,29,-0.004186186431325619
2013-03-26,0.11,12.770000457763672,-0.2812772936203118,28,0.007970765961989446
2013-03-27,0.1167,13.149999618530273,-0.35027319339595997,29,0.0
2013-03-28,0.1124,12.699999809265137,-0.2903374921527505,30,0.003068440217427903
2013-04-01,0.0952,13.579999923706055,-0.23234535665663503,31,-0.0039651824449908925
2013-04-02,0.0939,12.779999732971191,-0.19030155629420445,36,0.0049222092343260155
2013-04-03,0.0889,14.210000038146973,-0.3230781781858926,29,-0.010190836992467653
2013-04-04,0.1008,13.890000343322754,-0.2446823642619632,33,0.004050311816510627
2013-04-05,0.1098,13.920000076293945,-0.21343964062916004,34,-0.004501306157524532
2013-04-08,0.1266,13.1899995803833,-0.17817404953704066,38,0.006744432648754667
2013-04-09,0.1217,12.84000015258789,-0.13688345911026245,29,0.0034508806903607403
2013-04-10,0.1323,12.359999656677246,-0.08830515732914208,33,0.012174382692949959
2013-04-11,0.1293,12.239999771118164,-0.31152520029490194,30,0.003271910497494264
2013-04-12,0.1317,12.0600004196167,-0.009867458132803443,35,-0.0024529046728204904
2013-04-15,0.1289,17.270000457763672,-0.3656904778799269,41,-0.0234465885739041
2013-04-16,0.1122,13.960000038146973,-0.30804811126324466,41,0.014654910174762463
2013-04-17,0.1198,16.510000228881836,-0.37574689545472784,31,-0.014719343059893182
2013-04-18,0.1241,17.559999465942383,-0.23164133311686547,38,-0.006273270181493821
2013-04-19,0.127,14.970000267028809,-0.45386037552074115,29,0.008655802114729601
2013-04-22,0.1264,14.390000343322754,-0.1479902169735233,30,0.004428067270146573
2013-04-23,0.1367,13.479999542236328,-0.35290887930384457,34,0.010256504155200347
2013-04-24,0.1248,13.609999656677246,-0.2183923036613577,37,0.0006336317918098495
2013-04-25,0.1064,13.619999885559082,-0.11683760612077182,36,0.0040455135524108034
2013-04-26,0.1068,13.609999656677246,-0.32092950270320286,32,-0.0017678926858903429
2013-04-29,0.1006,13.710000038146973,-0.3961477710898966,32,0.006676333484770011
2013-04-30,0.0924,13.520000457763672,-0.24058752844182232,31,0.0023825306217472595
2013-05-01,0.0836,14.489999771118164,-0.16584171795457603,30,-0.008806157890127678
2013-05-02,0.0658,13.59000015258789,-0.3307844512228385,29,0.009244484452722372
2013-05-03,0.0664,12.850000381469727,-0.25527059739619495,35,0.010089741437126454
2013-05-06,0.0592,12.65999984741211,-0.377792021350851,31,0.0025375453495845883
2013-05-07,0.0487,12.829999923706055,-0.40817250409342587,31,0.005055854606350943
2013-05-08,0.046,12.65999984741211,-0.29416172966579596,30,0.0045406608592606645
2013-05-09,0.0389,13.130000114440918,-0.19371815386605448,32,-0.0028201321698346125
2013-05-10,0.0308,12.59000015258789,-0.36970246528838757,32,0.0032486391341189657
2013-05-13,0.0286,12.550000190734863,-0.3179965144525994,34,0.0007951652062149737
2013-05-14,0.0281,12.770000457763672,-0.08442475787345319,32,0.010280849124774243
2013-05-15,0.0243,12.8100004196167,-0.32524434581194606,35,0.00537197256402703
2013-05-16,0.0216,13.069999694824219,-0.2572265744765289,32,-0.004706451693700021
2013-05-17,0.0201,12.449999809265137,-0.46035919632118727,28,0.009630543371476553
2013-05-20,0.0168,13.020000457763672,-0.2687798023026217,34,-5.996205573657439e-05
2013-05-21,0.0147,13.369999885559082,-0.17331958845150142,36,0.0014367287699826572
2013-05-22,0.0129,13.819999694824219,-0.23566809147846174,34,-0.00744527922700781
2013-05-23,0.0159,14.069999694824219,-0.45410154084324833,30,-0.0028969526118580733
2013-05-24,0.013,13.989999771118164,-0.4941847146097105,32,-0.0008465316261579002
2013-05-28,0.0101,14.479999542236328,-0.454829662049737,34,0.0059709202535344254
2013-05-29,0.009,14.829999923706055,-0.2928312268804871,33,-0.00651547802709189
2013-05-30,0.0077,14.529999732971191,-0.27102304005469596,35,0.0036852517450562663
2013-05-31,0.0084,16.299999237060547,-0.32233485755114816,32,-0.014456063768440826
2013-06-03,0.009,16.280000686645508,-0.4203219585007339,33,0.005491222748205635
2013-06-04,0.0086,16.270000457763672,-0.4637159904883755,31,-0.004818456677759147
2013-06-05,0.0102,17.5,-0.34375882343903186,30,-0.014099875084750964
2013-06-06,0.0151,16.6299991607666,-0.30329943006183424,35,0.009012353932596352
2013-06-07,0.0153,15.140000343322754,-0.06624586294512538,34,0.012640276575702901
2013-06-10,0.0194,15.4399995803833,-0.2308930825620393,30,0.0
2013-06-11,0.028,17.06999969482422,-0.08917454843219069,37,-0.010369088944428652
2013-06-12,0.0316,18.59000015258789,-0.3284731403742587,31,-0.008311613667880477
2013-06-13,0.034,16.40999984741211,-0.22159076632170532,32,0.01509420400859605
2013-06-14,0.0388,17.149999618530273,-0.12155292620654218,32,-0.006292296273244697
2013-06-17,0.0406,16.799999237060547,-0.3681713624742524,29,0.007691935760106994
2013-06-18,0.0363,16.610000610351562,-0.31377554215426245,30,0.007874551687688627
2013-06-19,0.0359,16.639999389648438,-0.426930561929124,31,-0.01391321406483253
2013-06-20,0.079,20.489999771118164,-0.4337847100644401,33,-0.025090386433772593
2013-06-21,0.1019,18.899999618530273,-0.3931133039404364,34,-0.002072325111285639
2013-06-24,0.1208,20.110000610351562,-0.47094000495455923,31,-0.012716520551955237
2013-06-25,0.1234,18.469999313354492,-0.3927898799617092,30,0.009568299988347332
2013-06-26,0.1183,17.209999084472656,-0.2678708079115871,34,0.009852246442467346
2013-06-27,0.1118,16.860000610351562,-0.34380706425011154,28,0.005852718517490001
2013-06-28,0.1159,16.860000610351562,-0.42875307855566347,30,-0.004105782825966687
2013-07-01,0.1247,16.3700008392334,-0.2386318544579204,32,0.0058425329038531955
2013-07-02,0.1197,16.440000534057617,-0.32949075258135796,30,-0.0009299928938790574
2013-07-03,0.1363,16.200000762939453,-0.4273009510603445,29,0.0004340727795370589
2013-07-05,0.1327,14.890000343322754,-0.34954576362237333,30,0.01073094156035213
2013-07-08,0.1225,14.779999732971191,-0.37424865663709317,29,0.00568856580219072
2013-07-09,0.1055,14.350000381469727,-0.3239747645295195,31,0.007171587367699543
2013-07-10,0.0963,14.210000038146973,-0.21902270357326878,37,0.0003632693020297336
2013-07-11,0.0952,14.010000228881836,-0.2767849187103325,29,0.013528751372094909
2013-07-12,0.1004,13.84000015258789,-0.12349029915305702,33,0.0004179254640164185
2013-07-15,0.096,13.789999961853027,-0.22724178193879538,29,0.003813383705693657
2013-07-16,0.0928,14.420000076293945,-0.2630341799133203,33,-0.0037536292618262097
2013-07-17,0.0843,13.779999732971191,-0.28974721937003456,33,0.0025635252612579034
2013-07-18,0.0814,13.770000457763672,-0.3998956346412354,34,0.005462861341752235
2013-07-19,0.0724,12.539999961853027,-0.25111243103598246,32,0.0017749564340242825
2013-07-22,0.0602,12.289999961853027,-0.16438961195850912,33,0.0019488111570598785
2013-07-23,0.0533,12.65999984741211,-0.3315858790507074,32,-0.0021261560749871247
2013-07-24,0.0561,13.180000305175781,-0.38984170753087316,35,-0.003672308281860282
2013-07-25,0.0499,12.970000267028809,-0.3352143759336074,30,0.002429922114447677
2013-07-26,0.042,12.720000267028809,-0.3513428753280434,29,0.001065009792686694
2013-07-29,0.0371,13.390000343322754,-0.25359679594817575,32,-0.003079684265066841
2013-07-30,0.0326,13.390000343322754,-0.24995968080618802,34,0.0
2013-07-31,0.0283,13.449999809265137,-0.09828284398006541,35,0.0007115943074703315
2013-08-01,0.0299,12.9399995803833,-0.30152751112955234,31,0.011491990153753543
2013-08-02,0.0235,11.979999542236328,-0.3882128445576275,31,0.0016978036666044569
2013-08-05,0.0171,11.84000015258789,-0.45250220275798747,29,-0.0014634863110602509
2013-08-06,0.0152,12.720000267028809,-0.3764690387259703,32,-0.005698697921155843
2013-08-07,0.0106,12.979999542236328,-0.2381184287593207,34,-0.0032457204179320064
2013-08-08,0.0088,12.729999542236328,-0.22708011201620104,33,0.003658098266502237
2013-08-09,0.007,13.40999984741211,-0.27371189207763513,29,-0.0028899521295076844
2013-08-12,0.0065,12.8100004196167,-0.19593843506829395,31,-0.0011819453496080385
2013-08-13,0.006,12.3100004196167,-0.26729667622982645,37,0.002952293111514549
2013-08-14,0.0051,13.039999961853027,-0.25463375584036113,31,-0.005142586190813852
2013-08-15,0.0047,14.729999542236328,-0.46042492974041793,27,-0.014084743088398959
2013-08-16,0.0052,14.369999885559082,-0.36438025765697163,30,-0.003311179935328551
2013-08-19,0.0049,15.100000381469727,-0.46220791344399254,30,-0.006412590268578053
2013-08-20,0.0045,14.90999984741211,-0.40103656182495445,26,0.004903884769901881
2013-08-21,0.0043,15.9399995803833,-0.35738309796406276,29,-0.006179242260351285
2013-08-22,0.004,14.760000228881836,-0.46890927637835345,30,0.009073923623194202
2013-08-23,0.0033,13.979999542236328,-0.30554598408941835,34,0.0033665871097505054
2013-08-26,0.003,14.989999771118164,-0.34082186023674665,31,-0.003727952885139062
2013-08-27,0.0126,16.770000457763672,-0.2137778378151357,34,-0.016215083080727662
2013-08-28,0.0182,16.489999771118164,-0.1577208642896513,30,0.003544813767649206
2013-08-29,0.0173,16.809999465942383,-0.2744604739439208,32,0.001584946109555965
2013-08-30,0.0179,17.010000228881836,-0.2912269411134449,33,-0.0031725015019858902
2013-09-03,0.0177,16.610000610351562,-0.18697323826046192,32,0.0045116861575577125
2013-09-04,0.0153,15.880000114440918,-0.15120795861884123,36,0.008238979257379415
2013-09-05,0.0151,15.770000457763672,-0.30846111223762857,32,0.0012662068534256092
2013-09-06,0.0133,15.850000381469727,-0.2699389844065408,30,0.0004818468302001357
2013-09-09,0.0108,15.630000114440918,-0.33526222930023714,28,0.009530516022100581
2013-09-10,0.0178,14.529999732971191,-0.28093532647984104,32,0.0073699604577225734
2013-09-11,0.0164,13.819999694824219,-0.12887155676335096,32,0.0031335869583339654
2013-09-12,0.0175,14.289999961853027,-0.16578460954967245,29,-0.0026599510905387694
2013-09-13,0.014,14.15999984741211,-0.3683229806032938,37,0.002246689393560989
2013-09-16,0.0165,14.380000114440918,-0.2498082063332714,29,0.005770807024894481
2013-09-17,0.0152,14.529999732971191,-0.3415005185344722,32,0.0044525807626902185
2013-09-18,0.0081,13.59000015258789,-0.28780236675366755,32,0.011507715438112824
2013-09-19,0.0156,13.15999984741211,-0.3413010873157006,27,-0.0016772714204791152
2013-09-20,0.0123,13.119999885559082,-0.24965319158049196,34,-0.011878521592229619
2013-09-23,0.011,14.3100004196167,-0.5168633099501154,28,-0.00463825025914021
2013-09-24,0.0095,14.079999923706055,-0.412345965330175,35,-0.0023566493352781682
2013-09-25,0.0089,14.010000228881836,-0.39361917539953156,29,-0.0028945615191714137
2013-09-26,0.0082,14.0600004196167,-0.2786580676072475,33,0.0038379237820074645
2013-09-27,0.0064,15.460000038146973,-0.17164525110202306,33,-0.00460720699909815
2013-09-30,0.0063,16.600000381469727,-0.3614023318395019,30,-0.005342581627234101
2013-10-01,0.007,15.539999961853027,-0.20366228177593698,29,0.007885037842500666
2013-10-02,0.0064,16.600000381469727,-0.4894531062946175,33,-0.0009453130049468067
2013-10-03,0.0056,17.670000076293945,-0.438152273356041,29,-0.009263710042895584
2013-10-04,0.0056,16.739999771118164,-0.3892778798754873,29,0.007548128275420309
2013-10-07,0.0045,19.40999984741211,-0.17169111691069217,31,-0.008682302092439639
2013-10-08,0.0044,20.34000015258789,-0.12609191312389445,32,-0.011714993948873946
2013-10-09,0.004,19.600000381469727,-0.2525918001991014,30,0.000724963033520689
2013-10-10,0.005,16.479999542236328,-0.33789863561165906,31,0.02132883685530792
2013-10-11,0.0045,15.720000267028809,-0.3245739477112889,31,0.006422532529079709
2013-10-14,0.0037,16.06999969482422,-0.091147629729112,30,0.0039859838275880565
2013-10-15,0.0034,18.65999984741211,-0.13754666643342933,32,-0.007280477763183888
2013-10-16,0.0031,14.710000038146973,-0.2983689130610228,30,0.01386925907348073
2013-10-17,0.0028,13.479999542236328,-0.2826017897256712,30,0.0066610566196149456
2013-10-18,0.0032,13.039999961853027,-0.4294998471212573,32,0.006731696931421397
2013-10-21,0.0028,13.15999984741211,-0.28532806929388216,35,5.730959621005006e-05
2013-10-22,0.0029,13.329999923706055,-0.3431090832523231,29,0.005774635255459071
2013-10-23,0.0036,13.420000076293945,-0.3502573346720022,34,-0.004800262440657756
2013-10-24,0.0028,13.199999809265137,-0.30057032090927166,30,0.003316865503675075
2013-10-25,0.0025,13.09000015258789,-0.25407526171282957,31,0.004557131627001405
2013-10-28,0.002,13.3100004196167,-0.27250228743912547,34,0.0015900894094799476
2013-10-29,0.0023,13.40999984741211,-0.3658166459377984,29,0.005319777444716878
2013-10-30,0.0029,13.649999618530273,-0.2664482183803954,31,-0.004979385063899464
2013-10-31,0.0076,13.75,-0.3224151972412531,28,-0.00284026559417544
2013-11-01,0.0077,13.279999732971191,-0.10312394465650948,36,0.0023864410628936217
2013-11-04,0.005,12.930000305175781,-0.37093465312082663,33,0.003512325739623857
2013-11-05,0.0077,13.270000457763672,-0.25146039248751473,32,-0.003171894751748496
2013-11-06,0.0049,12.670000076293945,-0.31840143586510056,33,0.0050927786073059
2013-11-07,0.0107,13.90999984741211,-0.2149985680474078,34,-0.012723861244583412
2013-11-08,0.0108,12.899999618530273,-0.3224873082299717,32,0.01340092000813424
2013-11-11,0.0068,12.529999732971191,-0.36145254805875676,28,0.00016927914106175856
2013-11-12,0.0068,12.819999694824219,-0.27165069452798174,31,-0.0020322949079467256
2013-11-13,0.0054,12.520000457763672,-0.08104485241379057,35,0.007992377337158595
2013-11-14,0.0042,12.369999885559082,-0.12650328012595052,38,0.004976939488140353
2013-11-15,0.0042,12.1899995803833,-0.29889935810642854,31,0.004341533945090801
2013-11-18,0.0048,13.100000381469727,-0.2940282094336115,32,-0.0035051911186586623
2013-11-19,0.0058,13.390000343322754,-0.3199719188961024,34,-0.002176033180973402
2013-11-20,0.0079,13.399999618530273,-0.16408342359469216,34,-0.0031328560370073636
2013-11-21,0.0098,12.65999984741211,-0.22619003604225377,34,0.008036219496011009
2013-11-22,0.0124,12.260000228881836,-0.14900913884531836,29,0.004989996456698458
2013-11-25,0.0157,12.789999961853027,-0.5191520197463758,33,-0.0009959754838664901
2013-11-26,0.0187,12.8100004196167,-0.2294696760586956,34,0.0002767030728486098
2013-11-27,0.0187,12.979999542236328,-0.42981988550460704,33,0.0024322978063884737
2013-11-29,0.0154,13.699999809265137,-0.4195827289771002,26,-0.0006627367900007738
2013-12-02,0.0216,14.229999542236328,-0.3840164622571976,34,-0.002600069079033429
2013-12-03,0.0475,14.550000190734863,-0.38877608497227945,35,-0.004329965585636263
2013-12-04,0.0464,14.699999809265137,-0.09807783774836706,39,-0.000111295608764601
2013-12-05,0.0478,15.079999923706055,-0.22682554786273024,33,-0.0044051332292273275
2013-12-06,0.0467,13.789999961853027,-0.25230287545363106,30,0.011114930327336266
2013-12-09,0.0406,13.489999771118164,-0.2846727626048693,31,0.0025390059438117393
2013-12-10,0.0375,13.90999984741211,0.013461070362363905,37,-0.0035896429954381825
2013-12-11,0.04,15.420000076293945,-0.11852026054486631,36,-0.011294518887728793
2013-12-12,0.0409,15.539999961853027,-0.3846354799368449,31,-0.003306693935240864
2013-12-13,0.039,15.760000228881836,-0.3502630800574115,33,-0.00011230783838704457
2013-12-16,0.0353,16.030000686645508,-0.2246511571535468,35,0.006212767889755312
2013-12-17,0.0341,16.209999084472656,-0.3294802724382374,32,-0.0031855579625094804
2013-12-18,0.0411,13.800000190734863,-0.26379209407030635,33,0.016928408301777012
2013-12-19,0.0318,14.149999618530273,-0.27668490928556577,38,-0.0011563725711971535
2013-12-20,0.0234,13.789999961853027,-0.28185685134852256,37,0.00038557810609273727
2013-12-23,0.0169,13.039999961853027,-0.39646728888062704,31,0.005328372245571922
2013-12-24,0.0137,12.479999542236328,-0.22067749786665664,32,0.0021889895778297104
2013-12-26,0.0144,12.329999923706055,-0.23874876829036512,32,0.0050710757904248675
2013-12-27,0.0168,12.460000038146973,-0.29782642925454034,35,-5.436080963754459e-05
2013-12-30,0.0154,13.5600004196167,-0.37354111611279656,32,-0.00016318317114723317
2013-12-31,0.0154,13.720000267028809,0.0007364294988077992,37,0.00472169933228343
2014-01-02,0.0289,14.229999542236328,-0.15073335571661592,38,-0.009629868327046057
2014-01-03,0.0279,13.760000228881836,-0.3361562256895776,29,-0.00016401290049113769
2014-01-06,0.0247,13.550000190734863,-0.34237195348967797,32,-0.002902117187023616
2014-01-07,0.0174,12.920000076293945,-0.4251706684773969,31,0.006122887751066847
2014-01-08,0.0141,12.869999885559082,-0.1652819249955671,35,0.00021803021842171992
2014-01-09,0.0107,12.890000343322754,-0.12633255472406746,40,0.0006536393957016858
2014-01-10,0.0116,12.140000343322754,-0.26800941927970356,33,0.002719018487703163
2014-01-13,0.0124,13.279999732971191,-0.4237750141248621,29,-0.013394382993537016
2014-01-14,0.0139,12.279999732971191,-0.0006032694786361386,35,0.010838707619623187
2014-01-15,0.0131,12.279999732971191,-0.1624869793887649,35,0.005375657004934926
2014-01-16,0.0152,12.529999732971191,-0.17073627081658033,34,-0.0013005609938404182
2014-01-17,0.0171,12.4399995803833,-0.012645176419303862,43,-0.004238439124883918
2014-01-21,0.01,12.869999885559082,-0.30847064226348747,33,0.0029361844691950666
2014-01-22,0.0082,12.84000015258789,-0.32501483784294444,38,0.0006513807078344103
2014-01-23,0.0111,13.770000457763672,-0.2236675357744882,38,-0.008226965035855842
2014-01-24,0.0329,18.139999389648438,-0.061821296029628776,41,-0.021566827807321755
2014-01-27,0.0325,17.420000076293945,-0.18316244706747434,48,-0.004931390760639816
2014-01-28,0.0265,15.800000190734863,-0.2098943517990623,35,0.005937134119493119
2014-01-29,0.0249,17.350000381469727,-0.20247598725488272,41,-0.00965161611537867
2014-01-30,0.0254,17.290000915527344,-0.12713035065454245,50,0.010544657770921622
2014-01-31,0.0327,18.40999984741211,-0.176286565354104,37,-0.005875639218870396
2014-02-03,0.0412,21.440000534057617,-0.4021049245086644,35,-0.022762410956105997
2014-02-04,0.039,19.110000610351562,-0.11956458033536738,37,0.006980239059416479
2014-02-05,0.0276,19.950000762939453,-0.10302293962477928,42,-0.0012551417795379596
2014-02-06,0.0301,17.229999542236328,0.03379585515000657,51,0.013100981927253019
2014-02-07,0.0263,15.289999961853027,-0.10416242805226492,39,0.012319547789767769
2014-02-10,0.0215,15.260000228881836,-0.14701440207118668,41,0.0018349241591687877
2014-02-11,0.0188,14.510000228881836,-0.16642171447525422,42,0.010884393064174505
2014-02-12,0.0179,14.300000190734863,-0.2157239913646991,39,0.0004945012924563468
2014-02-13,0.0146,14.140000343322754,-0.13644962621380888,45,0.005149497398179926
2014-02-14,0.0123,13.569999694824219,-0.22982245127491652,40,0.005503704430046969
2014-02-18,0.0093,13.869999885559082,-0.29978191053761466,38,0.0011948147561046214
2014-02-19,0.0083,15.5,-0.16248613882620885,41,-0.006643825496230725
2014-02-20,0.0088,14.789999961853027,-0.21883213162496684,44,0.0058836615608325316
2014-02-21,0.0088,14.680000305175781,-0.09717875588175863,43,-0.0011413719586445905
2014-02-24,0.0088,14.229999542236328,-0.14562509331745815,40,0.005531490590065675
2014-02-25,0.0092,13.670000076293945,-0.15628923809406084,39,-0.0003786738339705235
2014-02-26,0.0097,14.350000381469727,-0.17144056176459646,41,5.415221164403405e-05
2014-02-27,0.0105,14.039999961853027,-0.12139830124183068,42,0.005233784227441233
2014-02-28,0.0092,14.0,-0.3038977048780947,42,0.0025260606329176537
2014-03-03,0.0385,16.0,-0.20556538540717018,38,-0.007056875232514314
2014-03-04,0.0309,14.100000381469727,-0.09432390043688256,41,0.013957742813019232
2014-03-05,0.0243,13.890000343322754,-0.14623874101893683,38,0.0009058598019917311
2014-03-06,0.0255,14.210000038146973,0.0006428109524890222,47,0.002287622013029504
2014-03-07,0.0254,14.109999656677246,-0.12886634892647725,40,0.0004250442831957784
2014-03-10,0.021,14.199999809265137,-0.21607610827911466,42,-0.000531272767466321
2014-03-11,0.0158,14.800000190734863,-0.09344237439989422,48,-0.004954899378260192
2014-03-12,0.0146,14.470000267028809,-0.039305356481576216,47,0.0002670318698479846
2014-03-13,0.0166,16.219999313354492,0.039893400151819684,43,-0.01127653119657927
2014-03-14,0.0145,17.81999969482422,-0.15032581716977061,40,-0.0028119692918967985
2014-03-17,0.012,15.640000343322754,-0.22301003714284726,35,0.00900298889015155
2014-03-18,0.0093,14.520000457763672,-0.13881022687725725,40,0.007112529310234612
2014-03-19,0.0089,15.119999885559082,-0.13665089469153435,40,-0.005343034619756702
2014-03-20,0.0081,14.520000457763672,-0.19803702249559457,39,0.005822490887499918
2014-03-21,0.0079,15.0,-0.213868242321773,33,-0.008289942190954327
2014-03-24,0.0081,15.09000015258789,-0.3157028583208099,32,-0.004143935612563078
2014-03-25,0.0058,14.020000457763672,-0.03438179368307958,39,0.004734527087535646
2014-03-26,0.0044,14.930000305175781,-0.21564997995152244,36,-0.007218283562339287
2014-03-27,0.0037,14.619999885559082,-0.2718401885485742,32,-0.002110672608378221
2014-03-28,0.0033,14.40999984741211,-0.1662188098392066,34,0.004918018095382473
2014-03-31,0.0027,13.880000114440918,-0.14338751783202092,30,0.0081610601340628
2014-04-01,0.0024,13.100000381469727,-0.30547081151526223,38,0.006608804693012863
2014-04-02,0.0026,13.09000015258789,-0.21747672328999954,38,0.003341051948654623
2014-04-03,0.0023,13.369999885559082,-0.19915276312597774,33,-0.0013244683853621871
2014-04-04,0.0032,13.960000038146973,-0.23207455487465248,39,-0.01189258073598757
2014-04-07,0.0044,15.569999694824219,-0.37379595949389044,32,-0.011113010807849042
2014-04-08,0.0058,14.890000343322754,-0.1660673062633421,37,0.004114393854145101
2014-04-09,0.0056,13.819999694824219,-0.22228975279778243,32,0.010693512369671362
2014-04-10,0.0081,15.890000343322754,-0.24323025859043834,36,-0.021229657140335145
2014-04-11,0.0076,17.030000686645508,-0.3082442750705827,31,-0.009049389440753466
2014-04-14,0.0074,16.110000610351562,-0.09004529443902629,35,0.00784752523142513
2014-04-15,0.0098,15.609999656677246,-0.2618334721274235,34,0.006863863679962793
2014-04-16,0.0085,14.180000305175781,-0.2416239036256397,37,0.010423273290011996
2014-04-17,0.0074,13.359999656677246,-0.2008272371269124,35,0.001395868925531808
2014-04-21,0.004,13.25,-0.35177374861118466,33,0.0034812123592844494
2014-04-22,0.0037,13.1899995803833,-0.25277398715070204,38,0.0045342201285770226
2014-04-23,0.0029,13.270000457763672,-0.17730706011789538,36,-0.002344555055441828
2014-04-24,0.0026,13.319999694824219,-0.11976997327612982,42,0.0020251812722585937
2014-04-25,0.0038,14.0600004196167,-0.3870945006542839,32,-0.008232744912048813
2014-04-28,0.0031,13.970000267028809,-0.1730202954227987,38,0.0031621625061776805
2014-04-29,0.0025,13.710000038146973,-0.22981956620961427,35,0.004644564876318868
2014-04-30,0.0026,13.40999984741211,-0.26056359776427085,38,0.002978237388480504
2014-05-01,0.0024,13.25,-0.3184758530476904,37,0.00010622489651740348
2014-05-02,0.0029,12.90999984741211,-0.15364587908242558,34,-0.0014347050623716305
2014-05-05,0.0029,13.289999961853027,-0.19764682347757476,35,0.0019124560357089329
2014-05-06,0.0029,13.800000190734863,-0.19312975455075504,40,-0.008742056756520605
2014-05-07,0.0029,13.399999618530273,-0.250054779703634,40,0.005872040001730826
2014-05-08,0.0033,13.430000305175781,-0.2392226182796889,36,-0.001065141267661032
2014-05-09,0.0026,12.920000076293945,-0.21112904729127885,35,0.0014908640741451138
2014-05-12,0.0017,12.229999542236328,-0.08497217573417642,38,0.00968895241931179
2014-05-13,0.002,12.130000114440918,-0.3775371431337161,33,0.0008953966509186361
2014-05-14,0.0041,12.170000076293945,-0.28746914014324204,43,-0.004749146940660102
2014-05-15,0.0131,13.170000076293945,-0.18289205551280788,38,-0.008819074848976698
2014-05-16,0.012,12.4399995803833,-0.3401924145140538,38,0.0034625639099159088
2014-05-19,0.01,12.420000076293945,-0.3404522268503227,33,0.0036625345528009737
2014-05-20,0.0076,12.960000038146973,-0.20804716926862796,33,-0.006324942897985657
2014-05-21,0.0066,11.90999984741211,-0.22418314339707832,37,0.008389142317992792
2014-05-22,0.0054,12.029999732971191,-0.3388545630828477,32,0.002429191380413593
2014-05-23,0.0038,11.359999656677246,-0.32254767582474486,36,0.004000688395200657
2014-05-27,0.0021,11.510000228881836,-0.41656767154450214,30,0.0061277492246281
2014-05-28,0.0033,11.680000305175781,-0.2395978411349654,35,-0.0007312582530142972
2014-05-29,0.0028,11.569999694824219,-0.34471283670709363,36,0.005159569670869052
2014-05-30,0.0024,11.399999618530273,-0.4045145418193291,37,0.0016101682139850486
2014-06-02,0.0024,11.579999923706055,-0.2823611065968871,36,0.0011411445211815911
2014-06-03,0.0042,11.869999885559082,-0.21909594789111253,33,-0.0005184902657909735
2014-06-04,0.0044,12.079999923706055,-0.2205147723217221,34,0.002020775236730499
2014-06-05,0.0042,11.680000305175781,-0.2158495834593661,32,0.006500871665655083
2014-06-06,0.0088,10.729999542236328,-0.24687409120359355,36,0.004771360308708942
2014-06-09,0.0077,11.149999618530273,-0.19518915492964956,41,0.0010231070301474096
2014-06-10,0.0068,10.989999771118164,-0.2622899768168862,37,0.00010227655847740272
2014-06-11,0.0066,11.600000381469727,-0.20188365046329013,38,-0.0034825802233566547
2014-06-12,0.0061,12.5600004196167,-0.13716027330472702,41,-0.0071050338184486484
2014-06-13,0.0049,12.180000305175781,-0.09156138222185951,33,0.003043888126587143
2014-06-16,0.0042,12.649999618530273,-0.28514039384045387,33,0.0008237908095477173
2014-06-17,0.0044,12.0600004196167,-0.2174003867948221,36,0.002775539156899192
2014-06-18,0.0039,10.609999656677246,-0.2933923486523744,36,0.007312889933115217
2014-06-19,0.0037,10.619999885559082,-0.24129606707402404,36,0.0011203404246319865
2014-06-20,0.0031,10.850000381469727,-0.051158559729509494,34,-0.0027521208372956207
2014-06-23,0.0033,10.979999542236328,-0.2027806230152079,35,-0.0003062506147779578
2014-06-24,0.0033,12.130000114440918,-0.23798235872830778,36,-0.006042355057687075
2014-06-25,0.0054,11.59000015258789,-0.0966752536226366,37,0.0045096155423069
2014-06-26,0.0052,11.630000114440918,-0.09752693632413797,34,-0.0007160728049762725
2014-06-27,0.0051,11.260000228881836,-0.21136208654409822,34,0.0019424678874069455
2014-06-30,0.0062,11.569999694824219,-0.26945304691534616,29,-0.0005108346708272296
2014-07-01,0.0068,11.149999618530273,-0.12442359628731556,33,0.006670922554447326
2014-07-02,0.0064,10.819999694824219,-0.2716700981675702,34,0.0010145435407266552
2014-07-03,0.0065,10.319999694824219,-0.2516814778012948,36,0.004906067745438288
2014-07-07,0.008,11.329999923706055,-0.31402834722530665,33,-0.003487418339836897
2014-07-08,0.0117,11.979999542236328,-0.28051639917319754,34,-0.006450760216380564
2014-07-09,0.0094,11.649999618530273,-0.29565180892120113,32,0.0044742276320883885
2014-07-10,0.0138,12.59000015258789,-0.27375896735148775,35,-0.003964823961894276
2014-07-11,0.012,12.079999923706055,-0.13386371709125383,35,0.0013742426112776122
2014-07-14,0.0107,11.819999694824219,-0.22752780037182901,36,0.005022741978227536
2014-07-15,0.0125,11.960000038146973,-0.2337634886289898,38,-0.001874277448919999
2014-07-16,0.0118,11.0,-0.31084021325096967,31,0.0036944852458726377
2014-07-17,0.0132,14.539999961853027,-0.19700011378953586,37,-0.011431017976897126
2014-07-18,0.0113,12.0600004196167,-0.3445294817633206,31,0.010167338522886066
2014-07-21,0.0109,12.8100004196167,-0.33324001321532737,41,-0.001873233673284749
2014-07-22,0.0101,12.239999771118164,-0.24966176986827665,38,0.004348495626861532
2014-07-23,0.0085,11.520000457763672,-0.2815106530905534,39,0.00221753162873713
2014-07-24,0.0069,11.84000015258789,-0.3631701232669815,31,5.0313408376554216e-05
2014-07-25,0.007,12.6899995803833,-0.16319366679513775,37,-0.004692556922979242
2014-07-28,0.0066,12.5600004196167,-0.31544290748117493,32,0.0004045400044576213
2014-07-29,0.0067,13.279999732971191,-0.32215739246689173,38,-0.004306560695288627
2014-07-30,0.0074,13.329999923706055,-0.07764497045756151,39,0.00015230512990941898
2014-07-31,0.0071,16.950000762939453,-0.191580145178847,40,-0.019945796563103725
2014-08-01,0.0102,17.030000686645508,-0.3576710472472012,30,-0.003060228760792488
2014-08-04,0.0088,15.119999885559082,-0.3076246277638711,32,0.007194831067147849
2014-08-05,0.0083,16.8700008392334,-0.3074017750988404,30,-0.009743559398901468
2014-08-06,0.0123,16.3700008392334,-0.31594739936751975,35,0.00031250165374449124
2014-08-07,0.016,16.65999984741211,-0.2265380174309892,34,-0.005429449664381589
2014-08-08,0.0194,15.770000457763672,-0.33635979042024383,31,0.01150249072739809
2014-08-11,0.0194,14.229999542236328,-0.38891287584272216,32,0.0028937470907637024
2014-08-12,0.0175,14.130000114440918,-0.05613577394492458,32,-0.001394182298915415
2014-08-13,0.0174,12.899999618530273,-0.16825954377157934,29,0.006746157238177152
2014-08-14,0.0146,12.420000076293945,-0.37614787265437116,33,0.004710700930836769
2014-08-15,0.0154,13.149999618530273,-0.24442053952614465,36,-0.00020431841579859373
2014-08-18,0.0155,12.319999694824219,-0.27461074967812144,31,0.00834440265577117
2014-08-19,0.0124,12.210000038146973,-0.2478296096994158,34,0.005205311964475726
2014-08-20,0.011,11.779999732971191,-0.415569316151971,32,0.0026679373634005605
2014-08-21,0.011,11.760000228881836,-0.2930812458162346,31,0.002911511688360783
2014-08-22,0.0112,11.470000267028809,-0.31053669674098494,34,-0.0015550809860649785
2014-08-25,0.0104,11.699999809265137,-0.23406417019240783,33,0.005057696293721403
2014-08-26,0.0082,11.630000114440918,-0.1527346248608751,39,0.0006491642961786279
2014-08-27,0.0085,11.779999732971191,-0.3404159017253787,31,-0.0003994299852845429
2014-08-28,0.0082,12.050000190734863,-0.1308900202429375,37,-0.0005494673357816639
2014-08-29,0.0093,12.09000015258789,-0.15165317971357278,35,0.002843995009300593
2014-09-02,0.0197,12.25,-0.21713319907601802,31,-0.000498385845512326
2014-09-03,0.0162,12.359999656677246,-0.07698576902563081,34,-0.0005484810298512821
2014-09-04,0.0238,12.640000343322754,-0.06672493521148959,36,-0.0014473975288912405
2014-09-05,0.0228,12.09000015258789,-0.10655301094559523,39,0.004485175863692967
2014-09-08,0.0194,12.65999984741211,-0.2416478172259734,34,-0.0025890195015090887
2014-09-09,0.0174,13.5,-0.3166771618409503,31,-0.006351395420682992
2014-09-10,0.0137,12.880000114440918,-0.1130165946306153,33,0.0037557317613714147
2014-09-11,0.0101,12.800000190734863,-0.06440389394796255,33,0.0011489159871027328
2014-09-12,0.01,13.3100004196167,-0.28452610202599316,32,-0.005858355616396487
2014-09-15,0.009,14.119999885559082,-0.19547868104331634,34,-0.0007536066019086681
2014-09-16,0.0091,12.729999542236328,-0.0064582017514440825,36,0.007510174147197439
2014-09-17,0.0099,12.649999618530273,-0.15080416843069566,37,0.0013458829902710334
2014-09-18,0.0113,12.029999732971191,-0.21228271135673635,42,0.005315894500358037
2014-09-19,0.0156,12.109999656677246,-0.24423884280310434,33,-0.005565006730506278
2014-09-22,0.016,13.6899995803833,-0.17582364570143466,34,-0.007752961616901403
2014-09-23,0.0217,14.930000305175781,-0.15268330450192097,30,-0.005740772251970257
2014-09-24,0.0219,13.270000457763672,-0.10522881320952437,32,0.007797424031039491
2014-09-25,0.0249,15.640000343322754,-0.20373701273316613,38,-0.016267099146391652
2014-09-26,0.0264,14.850000381469727,-0.15885303692081662,33,0.007913990154607694
2014-09-29,0.0233,15.979999542236328,-0.3633355098440312,32,-0.001820760274506641
2014-09-30,0.0232,16.309999465942383,-0.16754169174406458,34,-0.0026357933796497157
2014-10-01,0.0276,16.709999084472656,-0.2134680455076344,34,-0.013644579409955858
2014-10-02,0.0336,16.15999984741211,-0.2549734120660407,34,0.00015434249226246204
2014-10-03,0.0334,14.550000190734863,-0.40701444833716083,31,0.010949197845781487
2014-10-06,0.0335,15.460000038146973,-0.27187774455341346,34,-0.0011711056950984994
2014-10-07,0.031,17.200000762939453,-0.18535542742013933,34,-0.015556719198476667
2014-10-08,0.03,15.109999656677246,-0.23789109793330943,35,0.017338238566358213
2014-10-09,0.0273,18.760000228881836,-0.12698628360101502,37,-0.020032483790296044
2014-10-10,0.0273,21.239999771118164,-0.3862549910821678,34,-0.011480047880891237
2014-10-13,0.0292,24.639999389648438,-0.13272234942131875,33,-0.01656336132841643
2014-10-14,0.0298,22.790000915527344,-0.2792965610704187,33,0.001546177619546366
2014-10-15,0.0691,25.270000457763672,-0.13752543934002104,36,-0.006789133113090686
2014-10-16,0.087,25.200000762939453,-0.19661367150285416,35,-0.0008585372388379305
2014-10-17,0.0863,21.989999771118164,-0.09549958578233209,35,0.011741592523610402
2014-10-20,0.0857,18.56999969482422,-0.08624266051730595,37,0.00966294083322011
2014-10-21,0.077,16.079999923706055,-0.036089540013900176,39,0.019617166125424336
2014-10-22,0.0685,17.8700008392334,-0.08620027527632192,32,-0.007136263856155378
2014-10-23,0.0523,16.530000686645508,-0.3079802082899958,36,0.011557789576533795
2014-10-24,0.0455,16.110000610351562,-0.13623365070707089,37,0.007665614275054814
2014-10-27,0.0383,16.040000915527344,-0.3020910612285236,41,-0.001375425042685637
2014-10-28,0.0299,14.390000343322754,-0.2500946208519595,35,0.011404943846823197
2014-10-29,0.0295,15.149999618530273,-0.07915381465799669,34,-0.0015131801965537893
2014-10-30,0.0272,14.520000457763672,-0.202783227696956,38,0.00639014101743165
2014-10-31,0.0231,14.029999732971191,-0.11492654293481791,35,0.011370553040350334
2014-11-03,0.0154,14.729999542236328,-0.23549660751600116,37,0.0005453268766036159
2014-11-04,0.0156,14.890000343322754,-0.2955441200371004,36,-0.003475313437724476
2014-11-05,0.0128,14.170000076293945,-0.26948407446336414,36,0.0062962901151845125
2014-11-06,0.0125,13.670000076293945,-0.14131401865813467,36,0.003995159710403093
2014-11-07,0.0114,13.119999885559082,-0.250211038291262,31,0.0009348444478750926
2014-11-10,0.0101,12.670000076293945,-0.16246500621834178,41,0.0031424920396511623
2014-11-11,0.0094,12.920000076293945,-0.10191812384988252,39,0.0009799929926043276
2014-11-12,0.0091,13.020000457763672,-0.24410231520334877,36,-0.001077992764964315
2014-11-13,0.0072,13.789999961853027,-0.1349674763676193,36,0.0011270157869625015
2014-11-14,0.0062,13.3100004196167,-0.295914325910039,33,0.00024485493737586646
2014-11-17,0.0057,13.989999771118164,-0.20074797028370206,40,0.0006362527995617031
2014-11-18,0.0056,13.859999656677246,-0.18327962059383432,31,0.005757275562255267
2014-11-19,0.0051,13.960000038146973,-0.20054234389634362,42,-0.0016067478083489474
2014-11-20,0.0046,13.579999923706055,-0.2873300559291322,38,0.0017526811092214323
2014-11-21,0.0082,12.899999618530273,-0.3771764492740389,32,0.005336406489951131
2014-11-24,0.0079,12.619999885559082,-0.4041677542883774,29,0.0028023492708348792
2014-11-25,0.0062,12.25,-0.2538093312078101,34,-0.0007239612172844485
2014-11-26,0.0048,12.069999694824219,-0.33201584606253925,34,0.0025557519845063425
2014-11-28,0.005,13.329999923706055,-0.2495416967538425,35,-0.0021213123627911875
2014-12-01,0.0057,14.15999984741211,-0.3144184010470004,33,-0.006974081304460973
2014-12-02,0.0082,12.850000381469727,-0.3119076149608009,32,0.0064430493475267124
2014-12-03,0.0085,12.5,-0.37082946012226803,31,0.0038556270232549296
2014-12-04,0.0086,12.380000114440918,-0.3046999222779816,33,-0.001106946212658195
2014-12-05,0.0083,11.890000343322754,-0.390638575517945,32,0.0016359351908886233
2014-12-08,0.0103,14.210000038146973,-0.34932472951166105,33,-0.006705118522477449
2014-12-09,0.0135,15.350000381469727,-0.386532442869833,33,-0.0006778318697984036
2014-12-10,0.0134,18.530000686645508,-0.13901312918871642,35,-0.016161265350257942
2014-12-11,0.011,20.079999923706055,-0.16488840025862056,30,0.00505708093270082
2014-12-12,0.0175,21.079999923706055,-0.3489856407881297,29,-0.01629345335566466
2014-12-15,0.0209,20.420000076293945,-0.21716857741690346,36,-0.006893158682127761
2014-12-16,0.0201,23.56999969482422,-0.13989303090077912,44,-0.008051932446890809
2014-12-17,0.0239,19.440000534057617,-0.31885681169516333,37,0.019415118999434836
2014-12-18,0.0241,16.809999465942383,-0.28460950453928424,38,0.024427900848919635
2014-12-19,0.026,16.489999771118164,-0.22180415247104623,34,-0.0012581395558283978
2014-12-22,0.022,15.25,-0.12679555032478912,35,0.004589476089477543
2014-12-23,0.02,14.800000190734863,-0.2988425227577167,31,0.0013486769467520566
2014-12-24,0.0168,14.369999885559082,-0.26834291414353584,36,9.628548455284291e-05
2014-12-26,0.0128,14.5,-0.3181553005776834,32,0.003219522533656475
2014-12-29,0.0098,15.0600004196167,-0.4107615397449334,30,0.0013424049232263024
2014-12-30,0.0077,15.920000076293945,-0.3662999054253582,31,-0.005380465984895672
2014-12-31,0.0072,19.200000762939453,-0.30682111442893745,30,-0.00997255115969937
2015-01-02,0.0065,17.790000915527344,-0.3234304852474481,32,-0.0005353218810906789
2015-01-05,0.0128,19.920000076293945,-0.16851504405338216,37,-0.018224704391309896
2015-01-06,0.0264,21.1200008392334,-0.22477151936220272,35,-0.009463605301043171
2015-01-07,0.0297,19.309999465942383,-0.17392734465675821,33,0.01238416446271821
2015-01-08,0.0264,17.010000228881836,-0.14354754228281125,35,0.01758942196896442
2015-01-09,0.0312,17.549999237060547,-0.25312633224051034,36,-0.008045850650524594
2015-01-12,0.0259,19.600000381469727,-0.14861443274536304,35,-0.007864410784303022
2015-01-13,0.0226,20.559999465942383,-0.068786620331995,39,-0.0028166552925896677
2015-01-14,0.0242,21.479999542236328,-0.12067958632908588,43,-0.006055516659335229
2015-01-15,0.0332,22.389999389648438,-0.2693707164147922,35,-0.00920280734937316
2015-01-16,0.0372,20.950000762939453,-0.18278212485756065,34,0.013029015212169084
2015-01-20,0.0429,19.889999389648438,-0.1312788600196059,39,0.0021303120503250923
2015-01-21,0.043,18.850000381469727,-0.04202746422721639,46,0.005035328178608657
2015-01-22,0.0826,16.399999618530273,-0.3022771907770553,37,0.01476151841513954
2015-01-23,0.109,16.65999984741211,-0.22277905879994997,39,-0.005497884589195941
2015-01-26,0.1202,15.520000457763672,-0.18564115699423211,42,0.002339047553843913
2015-01-27,0.1156,17.219999313354492,-0.08084960587361169,62,-0.01327828342652442
2015-01-28,0.1164,20.440000534057617,-0.06710106237838666,45,-0.012907278436190254
2015-01-29,0.1201,18.760000228881836,-0.26938897017544633,49,0.009201099807839798
2015-01-30,0.115,20.969999313354492,-0.22612919717232385,39,-0.012654655369977563
2015-02-02,0.1107,19.43000030517578,-0.1294535998092287,44,0.012308007234080716
2015-02-03,0.1325,17.329999923706055,-0.20241863401613777,42,0.014357598431818042
2015-02-04,0.1343,18.329999923706055,-0.18021474889105088,38,-0.003815112433447579
2015-02-05,0.125,16.850000381469727,-0.007414824452716841,48,0.010044443487849221
2015-02-06,0.1113,17.290000915527344,-0.18781102549370796,45,-0.002769171580171533
2015-02-09,0.1,18.549999237060547,-0.1758877074193582,40,-0.004485833994275648
2015-02-10,0.0987,17.229999542236328,-0.15705055267607296,41,0.01059699136311393
2015-02-11,0.086,16.959999084472656,-0.06865573825892565,37,0.0005800508695519904
2015-02-12,0.0948,15.34000015258789,-0.13275821987228545,46,0.009570858374647587
2015-02-13,0.0903,14.6899995803833,-0.09877582165483724,44,0.004107961910773728
2015-02-17,0.0758,15.800000190734863,-0.21798619902065164,39,0.0015718492913825036
2015-02-18,0.0804,15.449999809265137,-0.34128374539800943,39,9.520403681022817e-05
2015-02-19,0.0727,15.289999961853027,-0.151647629406663,48,-0.0007141423028772691
2015-02-20,0.0617,14.300000190734863,-0.14052084567358097,45,0.00598268610330135
2015-02-23,0.0586,14.5600004196167,-0.051432126739974084,38,-0.00014202285941751803
2015-02-24,0.0485,13.6899995803833,-0.050536360603036,39,0.002836703895820476
2015-02-25,0.034,13.84000015258789,-0.08223786152776551,51,-0.0008501449347451169
2015-02-26,0.0504,13.90999984741211,-0.14767064885733028,48,-0.001182005263873215
2015-02-27,0.0413,13.34000015258789,-0.10019706338258778,41,-0.003412007888514674
2015-03-02,0.0322,13.039999961853027,-0.20743951841076214,45,0.006293652868157811
2015-03-03,0.0242,13.859999656677246,-0.09055009949850408,38,-0.004112460593604039
2015-03-04,0.0273,14.229999542236328,0.002535664365782092,48,-0.004224519912689943
2015-03-05,0.026,14.039999961853027,-0.16669579943730073,44,0.0010934940593430274
2015-03-06,0.0323,15.199999809265137,-0.11378701817958305,48,-0.014164303542830515
2015-03-09,0.0318,15.0600004196167,-0.10885286304960025,48,0.0041360161355503125
2015-03-10,0.0619,16.690000534057617,-0.2437647194493486,49,-0.01635496324619298
2015-03-11,0.1116,16.8700008392334,-0.07548131702040634,60,-0.0023444170772539082
2015-03-12,0.1351,15.420000076293945,-0.15334536556420808,47,0.012633822390026958
2015-03-13,0.1472,16.0,-0.19447375635126463,52,-0.006151203606017958
2015-03-16,0.1549,15.609999656677246,-0.1809272244235001,41,0.01327207520486987
2015-03-17,0.1506,15.65999984741211,-0.09902597274184227,46,-0.0029768836718046376
2015-03-18,0.1706,13.970000267028809,-0.1003830144451285,49,0.011949857413652766
2015-03-19,0.1747,14.069999694824219,0.05952868862327255,57,-0.004571903851391089
2015-03-20,0.1932,13.020000457763672,-0.17953819936291843,51,0.004334286293663943
2015-03-23,0.1948,13.40999984741211,-0.23000821574200422,39,-0.0019504949383876927
2015-03-24,0.1958,13.619999885559082,-0.17575128124709638,35,-0.005634858781188561
2015-03-25,0.1843,15.4399995803833,-0.12786734330473762,38,-0.014762257583974083
2015-03-26,0.1782,15.800000190734863,-0.1538995772318024,46,-0.0023842078093592196
2015-03-27,0.1662,15.069999694824219,-0.17501708080454453,37,0.0022870558594804166
2015-03-30,0.1727,14.510000228881836,-0.32359309169577305,43,0.012126018644524963
2015-03-31,0.1735,15.289999961853027,-0.19271298289926247,43,-0.008777944644853434
2015-04-01,0.1652,15.109999656677246,-0.015971088679288994,58,-0.0035425545791513123
2015-04-02,0.166,14.670000076293945,-0.2631935211846152,37,0.0035910432838057197
2015-04-06,0.1244,14.739999771118164,-0.24485502164780334,39,0.006710621534576819
2015-04-07,0.1288,14.779999732971191,-0.16027781063979255,39,-0.002649916276626036
2015-04-08,0.1106,13.979999542236328,-0.28645178183632236,35,0.0033713703247297945
2015-04-09,0.1157,13.09000015258789,0.0489875925016279,48,0.004413738655682361
2015-04-10,0.1126,12.579999923706055,0.03266485014138173,49,0.0054423174598343445
2015-04-13,0.1066,13.9399995803833,-0.06417967338302862,46,-0.004533193036131167
2015-04-14,0.0859,13.670000076293945,-0.2162850127067831,36,0.001911267978839088
2015-04-15,0.0728,12.84000015258789,-0.009837540474776616,43,0.004476989696910224
2015-04-16,0.0629,12.600000381469727,0.03306220518109345,42,-0.00028515950922429695
2015-04-17,0.0692,13.890000343322754,-0.07867119155610945,58,-0.011570210421864109
2015-04-20,0.0736,13.300000190734863,-0.13593527344419407,52,0.00909536735125444
2015-04-21,0.0679,13.25,-0.15028961767484536,47,-0.0011920372980215694
2015-04-22,0.0589,12.710000038146973,-0.1429697384379252,54,0.004902081312495939
2015-04-23,0.0654,12.479999542236328,-0.0009118778839436459,55,0.0025130944190238187
2015-04-24,0.0663,12.289999961853027,-0.079270105471462,48,0.002317780830921687
2015-04-27,0.0745,13.119999885559082,-0.0007024459579493825,64,-0.004166426309473084
2015-04-28,0.0719,12.40999984741211,-0.13863538797316452,60,0.003173770022919549
2015-04-29,0.0782,13.390000343322754,-0.08968536337441925,58,-0.004123107649340438
2015-04-30,0.1046,14.550000190734863,-0.06357807241239637,53,-0.010070965675104416
2015-05-01,0.1149,12.699999809265137,-0.2081130000127024,45,0.010783035269824706
2015-05-04,0.1193,12.850000381469727,-0.07052302882535301,46,0.0028433631675065375
2015-05-05,0.1194,14.3100004196167,-0.07726633181820314,54,-0.011517967610371698
2015-05-06,0.136,15.149999618530273,-0.016037508683200127,66,-0.00412530271224632
2015-05-07,0.1307,15.130000114440918,0.024201107584804676,81,0.0039816888570755144
2015-05-08,0.1421,12.859999656677246,-0.13842760637855192,53,0.013080164912577465
2015-05-11,0.1366,13.850000381469727,-0.21766820149291302,48,-0.004784105551113027
2015-05-12,0.1268,13.859999656677246,0.018702396414583097,58,-0.0029958171116046452
2015-05-13,0.1304,13.760000228881836,-0.025587039003993076,60,0.0001905168811565613
2015-05-14,0.1229,12.739999771118164,-0.19221137833006005,44,0.010373597439841523
2015-05-15,0.1165,12.380000114440918,-0.1756182952528591,57,0.0010832249856105275
2015-05-18,0.1135,12.729999542236328,-0.0951752337847908,52,0.0031019606997134404
2015-05-19,0.1292,12.850000381469727,-0.1012814265573254,65,-0.00032857261420882785
2015-05-20,0.1226,12.880000114440918,0.0242739545258291,81,-0.0007043455255603524
2015-05-21,0.1145,12.109999656677246,-0.0829892605852384,77,0.0029081830623212813
2015-05-22,0.1059,12.130000114440918,0.003914664911983481,62,-0.002391590627457102
2015-05-26,0.0959,14.0600004196167,-0.21094837313300033,53,-0.01080993571497929
2015-05-27,0.1002,13.270000457763672,-0.08387205316843895,65,0.009447401532239053
2015-05-28,0.0908,13.3100004196167,0.03707294627478423,71,-0.0011289409059975048
2015-05-29,0.0941,13.84000015258789,-0.07398289943833189,52,-0.00623234928167894
2015-06-01,0.0912,13.970000267028809,-0.031234256788693817,68,0.0020345299428383883
2015-06-02,0.1103,14.239999771118164,0.10430420158963313,55,-0.0009931039518940384
2015-06-03,0.1183,13.65999984741211,0.051793356924359484,67,0.002645992661753648
2015-06-04,0.1203,14.710000038146973,-0.047698804629175,64,-0.008482426280820986
2015-06-05,0.1282,14.210000038146973,0.026727864120100392,54,-0.0017146972646251792
2015-06-08,0.1416,15.289999961853027,-0.0033501266440228764,63,-0.006168619894907657
2015-06-09,0.1419,14.470000267028809,0.024095510175699983,60,-0.00014390319658276506
2015-06-10,0.1554,13.220000267028809,-0.12152619316431765,52,0.011921934417045426
2015-06-11,0.1477,12.850000381469727,-0.06795427959834943,61,0.003218365841152159
2015-06-12,0.1522,13.779999732971191,-0.013317180452189019,51,-0.007684367470106338
2015-06-15,0.1592,15.390000343322754,-0.060570828717574486,48,-0.004294690257143493
2015-06-16,0.1565,14.8100004196167,0.06476921742861826,56,0.005436866635543014
2015-06-17,0.1574,14.5,-0.07345900102787865,52,0.0016157989488703656
2015-06-18,0.1579,13.1899995803833,-0.05893046136003345,62,0.010345664549366142
2015-06-19,0.1479,13.960000038146973,-0.0699058351489316,56,-0.009301520060152167
2015-06-22,0.1558,12.739999771118164,-0.04125341352882056,58,0.0051100269172874
2015-06-23,0.1677,12.109999656677246,-0.09663222856026676,56,0.0007076352479650247
2015-06-24,0.1594,13.260000228881836,0.024682280229844814,66,-0.0072892513339581156
2015-06-25,0.1519,14.010000228881836,-0.034545957795711166,66,-0.0030450084842962195
2015-06-26,0.1469,14.020000457763672,-0.024034162449798033,77,-0.00019058942764842233
2015-06-29,0.1749,18.850000381469727,-0.03171845620499005,79,-0.021193400386544974
2015-06-30,0.1944,18.229999542236328,-0.07576569671134929,64,0.002091123042273471
2015-07-01,0.2009,16.09000015258789,-0.003273510598858522,59,0.007983561804533027
2015-07-02,0.2005,16.790000915527344,-0.020543807782097887,55,-0.0009160939023287139
2015-07-06,0.208,17.010000228881836,-0.16109306398514492,67,-0.002850019269083222
2015-07-07,0.2277,16.09000015258789,-0.18925466506639213,66,0.006269022964348443
2015-07-08,0.2274,19.65999984741211,-0.13847318800723313,86,-0.0169195914419475
2015-07-09,0.2288,19.969999313354492,-0.08132008696182684,85,0.0018073674353340466
2015-07-10,0.2307,16.829999923706055,0.013260606061263258,83,0.012512903433965095
2015-07-13,0.2608,13.899999618530273,-0.1455168038811482,71,0.010976783887015968
2015-07-14,0.2621,13.369999885559082,0.05912082720683968,69,0.004328647072469884
2015-07-15,0.2601,13.229999542236328,0.19402597869843913,89,-0.0003322749991173715
2015-07-16,0.2554,12.109999656677246,0.07219045182920021,92,0.007992298232542884
2015-07-17,0.2455,11.949999809265137,-0.05907144714405816,73,0.0008474630965250066
2015-07-20,0.23,12.25,0.050633441020817835,94,0.0005175647063325456
2015-07-21,0.2306,12.220000267028809,0.0015696415420161066,89,-0.003959077354646671
2015-07-22,0.2139,12.119999885559082,-0.032748151690604986,89,-0.0017962043362016416
2015-07-23,0.2011,12.640000343322754,-0.03761975692040646,91,-0.0056458576058752
2015-07-24,0.1843,13.739999771118164,-0.002321926555792489,75,-0.010426191888768848
2015-07-27,0.1978,15.600000381469727,-0.05873778486001493,100,-0.005834326602727022
2015-07-28,0.1933,13.4399995803833,-0.036098106527771096,101,0.012208209755053484
2015-07-29,0.1852,12.5,-0.008898292992501462,91,0.006855548966037117
2015-07-30,0.1781,12.130000114440918,-0.08479623299375283,66,0.000237211748935537
2015-07-31,0.1639,12.119999885559082,-0.11832584909327841,58,-0.0015190704461810003
2015-08-03,0.1486,12.5600004196167,-0.14706478802874073,73,-0.0033786547413504576
2015-08-04,0.1416,13.0,-0.018407513862867625,77,-0.0019561921695385102
2015-08-05,0.139,12.510000228881836,-0.004376679042302348,79,0.0032900371616514136
2015-08-06,0.1306,13.770000457763672,-0.0393031247777752,83,-0.008221456210205291
2015-08-07,0.1225,13.390000343322754,0.06060148464356151,77,-0.0019217356495132233
2015-08-10,0.1117,12.229999542236328,-0.024024655502047392,80,0.012520522679780615
2015-08-11,0.1108,13.710000038146973,-0.038157193317393465,75,-0.009064126222849762
2015-08-12,0.1335,13.609999656677246,-0.1281824079007637,82,0.0011973468333049738
2015-08-13,0.132,13.489999771118164,0.05820894917331233,74,-0.001245244213287163
2015-08-14,0.1298,12.829999923706055,0.028521912544557482,73,0.003635645525430537
2015-08-17,0.1262,13.020000457763672,-0.05113500822277533,72,0.005571301686068404
2015-08-18,0.1304,13.789999961853027,0.050336280294934685,89,-0.0029008300621226205
2015-08-19,0.1303,15.25,-0.01753219319136571,92,-0.007936873561101215
2015-08-20,0.163,19.139999389648438,0.01473478089866129,103,-0.021102463987507057
2015-08-21,0.2024,28.030000686645508,-0.01938240638068296,133,-0.030564844895498506
2015-08-24,0.2399,40.7400016784668,-0.09789477929275728,167,-0.043019060773217356
2015-08-25,0.263,36.02000045776367,0.013816174591158649,137,-0.011837575935620176
2015-08-26,0.2859,30.31999969482422,0.018126049199133323,113,0.03767507232034739
2015-08-27,0.284,26.100000381469727,0.011132540261803327,103,0.024434189577847116
2015-08-28,0.2909,26.049999237060547,-0.05074637627908734,82,5.015434330204552e-05
2015-08-31,0.2949,28.43000030517578,-0.0025961114328311714,87,-0.00811190049770867
2015-09-01,0.3033,31.399999618530273,-0.017561265153300996,98,-0.03030220476613541
2015-09-02,0.3076,26.09000015258789,0.006958873646729385,97,0.01880317454798349
2015-09-03,0.2983,25.610000610351562,-0.05521579500201947,79,0.0007161826950495659
2015-09-04,0.3094,27.799999237060547,0.023928431793172722,92,-0.015252558886480107
2015-09-08,0.3025,24.899999618530273,-0.08600032082474546,95,0.024820496117270316
2015-09-09,0.2891,26.229999542236328,-0.03419848164669067,108,-0.013462033317038494
2015-09-10,0.2873,24.3700008392334,-0.024508031660457445,75,0.005427070554778015
2015-09-11,0.2894,23.200000762939453,0.010193392962364715,91,0.004533996729467052
2015-09-14,0.2789,24.25,-0.018880811441219638,84,-0.0037174376932770856
2015-09-15,0.2762,22.540000915527344,0.009447763708930306,92,0.012421952003654629
2015-09-16,0.2669,21.350000381469727,0.12708746611579166,96,0.008629322886787182
2015-09-17,0.2586,21.139999389648438,-0.06923426580706546,87,-0.002250492116810325
2015-09-18,0.3157,22.280000686645508,0.05369795958500457,74,-0.021661856460941403
2015-09-21,0.3309,20.139999389648438,-0.05485894714779692,81,0.00515430579598654
2015-09-22,0.3658,22.440000534057617,-0.08277910987633542,78,-0.013064729640802282
2015-09-23,0.3824,22.1299991607666,0.06659269489888103,72,-0.0015999464112404114
2015-09-24,0.3834,23.469999313354492,-0.05759797800794582,88,-0.003622318098044462
2015-09-25,0.3693,23.6200008392334,-0.027446979940449135,67,-0.0002591719675881542
2015-09-28,0.3668,27.6299991607666,-0.056347259202907264,92,-0.025417592615977622
2015-09-29,0.3455,26.829999923706055,0.06646274446366089,84,0.0005849074337178979
2015-09-30,0.3358,24.5,-0.14021030153191172,74,0.01848642383981401
2015-10-01,0.3137,22.549999237060547,-0.012206455962035134,78,0.0026057966968957543
2015-10-02,0.2953,20.940000534057617,-0.05703463464547362,90,0.014827306906029528
2015-10-05,0.2795,19.540000915527344,0.08407600854570518,99,0.017638402790987828
2015-10-06,0.2666,19.399999618530273,0.0517949042020411,82,-0.0034321335058390325
2015-10-07,0.2665,18.399999618530273,0.06431226021583591,98,0.008157197237427178
2015-10-08,0.2501,17.420000076293945,-0.084180349291829,93,0.008986147060895028
2015-10-09,0.2397,17.079999923706055,0.07512119057454371,74,0.0005961897858329525
2015-10-12,0.2333,16.170000076293945,0.0517719228573065,95,0.0009432913124797186
2015-10-13,0.2335,17.670000076293945,-0.059062292302012445,100,-0.006322067297061622
2015-10-14,0.2374,18.030000686645508,0.0663656361862415,99,-0.004805569292141318
2015-10-15,0.2235,16.049999237060547,0.0003002210282565393,96,0.015237884828707922
2015-10-16,0.2128,15.050000190734863,0.035950830870130915,81,0.004536264104484977
2015-10-19,0.1985,14.979999542236328,-0.14667967035643928,86,0.0004917905119611764
2015-10-20,0.1982,15.75,-0.06249167163511882,65,-0.001279248893057329
2015-10-21,0.1966,16.700000762939453,0.06581071481354459,97,-0.0062228296715968155
2015-10-22,0.2229,14.449999809265137,-0.07667223510895668,100,0.01675256391876057
2015-10-23,0.2224,14.460000038146973,0.01579579340499817,101,0.010902063353210822
2015-10-26,0.2188,15.289999961853027,-0.06830754609788897,79,-0.0024607115434295357
2015-10-27,0.2248,15.430000305175781,-0.010302574178960291,99,-0.001934207037161375
2015-10-28,0.2279,14.329999923706055,-0.05327102918800679,89,0.011310388060510447
2015-10-29,0.2295,14.609999656677246,0.002527984506603752,90,-0.0005744416718742212
2015-10-30,0.2226,15.069999694824219,-0.1603810177687662,70,-0.004319083243286122
2015-11-02,0.2122,14.149999618530273,0.026077196829460376,78,0.011761498942322644
2015-11-03,0.1993,14.539999961853027,0.03680480635050609,98,0.0028951851601861857
2015-11-04,0.1922,15.510000228881836,0.055648205638884216,115,-0.003037781853460959
2015-11-05,0.1844,15.050000190734863,0.07599150271738568,114,-0.0009988192150948924
2015-11-06,0.1897,14.329999923706055,0.04104212088176224,101,-0.0005235756025601468
2015-11-09,0.1999,16.520000457763672,0.08085288059559853,115,-0.009375326864791323
2015-11-10,0.192,15.289999961853027,-0.008863601621349037,96,0.0023041279790732326
2015-11-11,0.1821,16.059999465942383,0.04851357085437674,82,-0.00393943367707168
2015-11-12,0.2027,18.3700008392334,-0.02574178846794732,98,-0.014058155525712998
2015-11-13,0.2052,20.079999923706055,-0.03269639745159922,88,-0.01129180396066122
2015-11-16,0.2106,18.15999984741211,-0.057144939842991446,87,0.015092416612007657
2015-11-17,0.2107,18.84000015258789,0.01452300415492371,95,-0.0007297375488420926
2015-11-18,0.1975,16.850000381469727,-0.003401768237610276,104,0.015741486470022985
2015-11-19,0.1946,16.989999771118164,0.013862832632578743,127,-0.0008626950128019091
2015-11-20,0.1789,15.470000267028809,-0.019263960410737323,90,0.003637559679012878
2015-11-23,0.1677,15.619999885559082,-0.07457470168052448,90,-0.0011472358042738835
2015-11-24,0.1668,15.930000305175781,-0.08707160819803968,85,0.001338362468840361
2015-11-25,0.1634,15.1899995803833,0.006343689094219784,79,-0.00014330512521115962
2015-11-27,0.124,15.119999885559082,-0.09205694463532922,74,0.0011458663953237897
2015-11-30,0.1074,16.1299991607666,-0.004820865982218405,89,-0.004160173924404083
2015-12-01,0.0917,14.670000076293945,-0.013168771895471913,81,0.009490450885066217
2015-12-02,0.0846,15.90999984741211,-0.02105089491259048,101,-0.010257449923871885
2015-12-03,0.1837,18.110000610351562,0.020896133626283713,119,-0.014101736427653467
2015-12-04,0.2069,14.8100004196167,0.25314478243243727,86,0.01931517094939084
2015-12-07,0.2286,15.84000015258789,0.05007393280018757,82,-0.006076957285399038
2015-12-08,0.2641,17.600000381469727,0.02232818640715212,109,-0.006742183714605439
2015-12-09,0.2711,19.610000610351562,-0.08325538686795726,92,-0.00781007941193869
2015-12-10,0.2838,19.34000015258789,-0.11062142004150637,86,0.002577753866826495
2015-12-11,0.2954,24.389999389648438,-0.021161721017185987,87,-0.01957139224450698
2015-12-14,0.3043,22.729999542236328,-0.11566478349157586,82,0.005039731091601978
2015-12-15,0.3001,20.950000762939453,0.09073828861305906,98,0.010443087190806444
2015-12-16,0.2861,17.860000610351562,0.03288473516278438,111,0.014525990261195328
2015-12-17,0.2796,18.940000534057617,-0.03760251890143156,125,-0.015355472214624757
2015-12-18,0.2786,20.700000762939453,-0.055864040664790844,97,-0.023909439079209505
2015-12-21,0.279,18.700000762939453,-0.04772939779751003,80,0.008215306163752094
2015-12-22,0.2773,16.600000381469727,-0.023470522461360017,79,0.009033315810359144
2015-12-23,0.2724,15.569999694824219,-0.024456873223468463,79,0.012307267310985573
2015-12-24,0.2641,15.739999771118164,-0.13364050134109953,48,-0.0016517448457780042
2015-12-28,0.2419,16.90999984741211,-0.13152480867854008,60,-0.0022876495781282502
2015-12-29,0.2324,16.079999923706055,0.007153807013671284,59,0.010615388596981797
2015-12-30,0.2154,17.290000915527344,-0.10054883502968588,64,-0.007112996716000444
2015-12-31,0.1966,18.209999084472656,-0.16492343807795873,65,-0.010053757792281173
2016-01-04,0.1981,20.700000762939453,-0.0618911742108629,76,-0.014078085007925907
2016-01-05,0.18,19.34000015258789,-0.21133621140674222,64,0.001689927007703208
2016-01-06,0.1815,20.59000015258789,-0.021231167976164596,106,-0.012694424235767466
2016-01-07,0.2114,24.989999771118164,0.06509388243383168,150,-0.02428405608086669
2016-01-08,0.2322,27.010000228881836,0.007040119450154544,91,-0.011037264550851656
2016-01-11,0.2416,24.299999237060547,-0.10861676091506428,92,0.00098951882672483
2016-01-12,0.2419,22.469999313354492,-0.04224036059341565,98,0.008035935275933019
2016-01-13,0.2346,25.219999313354492,-0.08137034140340983,108,-0.025256914003050034
2016-01-14,0.2347,23.950000762939453,-0.0646604839001547,91,0.016283534966571953
2016-01-15,0.2617,27.020000457763672,-0.11716310216540043,114,-0.02169988356339567
2016-01-19,0.2479,26.049999237060547,-0.06543222761555449,127,0.0013302473733657163
2016-01-20,0.2729,27.59000015258789,-0.023598719898408952,162,-0.012897900120246417
2016-01-21,0.2695,26.690000534057617,-0.08167099263797843,124,0.00558635257993934
2016-01-22,0.2589,22.34000015258789,-0.03353468897788386,112,0.02030769803135791
2016-01-25,0.256,24.149999618530273,0.0031220007429766327,101,-0.015231968150443788
2016-01-26,0.2579,22.5,-0.025583503864171367,106,0.013550903858818436
2016-01-27,0.2537,23.110000610351562,-0.07027469790459805,106,-0.010942894888797574
2016-01-28,0.255,22.420000076293945,-0.07151782733810762,117,0.0051956203891779336
2016-01-29,0.2431,20.200000762939453,-0.04743416285599752,93,0.024084964269730853
2016-02-01,0.2324,19.979999542236328,-0.036303971685332115,87,-0.00036144939393017284
2016-02-02,0.2403,21.979999542236328,0.06221222334604199,102,-0.01818653213249616
2016-02-03,0.2464,21.649999618530273,-0.006653871644534238,103,0.005977050088959229
2016-02-04,0.2642,21.84000015258789,-0.015619023114495215,128,0.0015670049933292577
2016-02-05,0.2706,23.3799991607666,-0.11587688770157153,112,-0.019233943619154967
2016-02-08,0.3173,26.0,-0.015589034189795164,102,-0.013552441469451462
2016-02-09,0.3356,26.540000915527344,-0.053477259728929104,116,5.390053706405582e-05
2016-02-10,0.305,26.290000915527344,-0.053065031926783135,136,-0.0008631692180783777
2016-02-11,0.3461,28.139999389648438,0.056632672266450836,134,-0.013093407548559899
2016-02-12,0.3584,25.399999618530273,0.00015954187007957108,122,0.02040723728401265
2016-02-16,0.3592,24.110000610351562,0.017170901605933916,110,0.016737426755310383
2016-02-17,0.3393,22.309999465942383,0.052354721335749935,127,0.016202759074790542
2016-02-18,0.3215,21.639999389648438,-0.058666681302078375,123,-0.004104266053931545
2016-02-19,0.309,20.530000686645508,-0.08159470155173684,82,-0.00046862110648894636
2016-02-22,0.3187,19.3799991607666,0.026840408130836765,88,0.014375338238185034
2016-02-23,0.3109,20.979999542236328,-0.08618161351597783,88,-0.012710020835624369
2016-02-24,0.314,20.719999313354492,-0.027660403142424145,87,0.0045652165522275185
2016-02-25,0.295,19.110000610351562,-0.0098750392737281,108,0.01203902175994836
2016-02-26,0.2815,19.809999465942383,-0.053680297632349855,99,-0.0023039559647323607
2016-02-29,0.2948,20.549999237060547,-0.03605196878076583,91,-0.007873442465843388
2016-03-01,0.3037,17.700000762939453,0.030887204025831873,102,0.023234905755165118
2016-03-02,0.3184,17.09000015258789,0.015474814126126276,113,0.004482389657385098
2016-03-03,0.3054,16.700000762939453,0.014022873316856758,118,0.003911930269274466
2016-03-04,0.3006,16.860000610351562,-0.011935278481774583,121,0.003248267069200911
2016-03-07,0.2978,17.350000381469727,-0.042169075057971274,118,0.0007979835169487722
2016-03-08,0.2942,18.670000076293945,-0.06281558190008955,136,-0.010977841492832026
2016-03-09,0.2897,18.34000015258789,-0.036353663887628,104,0.004927411997454838
2016-03-10,0.2997,18.049999237060547,-0.1759559574290392,83,0.0008021077540981509
2016-03-11,0.3212,16.5,-0.15516552614112694,90,0.016008302673559786
2016-03-14,0.3126,16.920000076293945,-0.05802626173813672,83,-0.001283099965603017
2016-03-15,0.3108,16.84000015258789,-0.09610575654150061,89,-0.00163096797736353
2016-03-16,0.3064,14.989999771118164,-0.0803302818644021,116,0.005770518268001061
2016-03-17,0.319,14.4399995803833,0.061578163925511034,126,0.006324057359171008
2016-03-18,0.3077,14.020000457763672,-0.09561629902704254,92,-0.0012224641214868177
2016-03-21,0.2891,13.789999961853027,0.050780151225873926,97,0.001417886970066765
2016-03-22,0.278,14.170000076293945,0.016333219043233184,121,-0.0005375979969664496
2016-03-23,0.2556,14.9399995803833,-0.04336855365402777,136,-0.006621358917105653
2016-03-24,0.2526,14.739999771118164,-0.08714207459759275,109,-0.00044304677354087214
2016-03-28,0.2116,15.239999771118164,0.01091175839134625,133,0.0005906603961285388
2016-03-29,0.2,13.819999694824219,-0.03561088729605396,141,0.00920757617414379
2016-03-30,0.2006,13.5600004196167,-0.05013202849120863,155,0.004378122265993535
2016-03-31,0.1979,13.949999809265137,0.07157378894581616,173,-0.0024298986034664554
2016-04-01,0.196,13.100000381469727,-0.048182841566175985,154,0.006788862696050751
2016-04-04,0.1871,14.119999885559082,0.0004412251501587728,161,-0.0032432110714291375
2016-04-05,0.1944,15.420000076293945,-0.02370849680142195,151,-0.010038080323305401
2016-04-06,0.1914,14.09000015258789,-0.017758171750237684,146,0.010861974375772835
2016-04-07,0.1885,16.15999984741211,0.07138212019768825,166,-0.012038068466954956
2016-04-08,0.1963,15.359999656677246,0.02009379786797018,149,0.0026931246825536883
2016-04-11,0.1959,16.260000228881836,0.0375838857797615,173,-0.0023499262871009264
2016-04-12,0.1829,14.850000381469727,0.050827516456524294,163,0.009269685759992688
2016-04-13,0.1848,13.84000015258789,-0.009807573599233585,188,0.010050344745569607
2016-04-14,0.1819,13.720000267028809,-0.04160049337342862,155,4.804935924526134e-05
2016-04-15,0.172,13.619999885559082,-0.010692566159301954,159,-0.001106307293156729
2016-04-18,0.1635,13.350000381469727,-0.016379114095777397,217,0.007002122987938071
2016-04-19,0.1623,13.239999771118164,0.02977420212065851,185,0.0031492529930353965
2016-04-20,0.1556,13.279999732971191,-0.00309551883164574,187,0.0009524391531007965
2016-04-21,0.1461,13.949999809265137,0.006631346673251174,184,-0.0053929300679508956
2016-04-22,0.1599,13.220000267028809,0.05970900371907056,157,0.0
2016-04-25,0.1705,14.079999923706055,-0.007293568664429509,145,-0.0017242238515329578
2016-04-26,0.1724,13.960000038146973,0.004797568491678423,142,0.0014849118217189086
2016-04-27,0.1721,13.770000457763672,-0.048360826308146726,173,0.0020561268160365796
2016-04-28,0.1823,15.220000267028809,0.04007086195732751,184,-0.009117189551687043
2016-04-29,0.2155,15.699999809265137,-0.004469818645277455,136,-0.005413494396528191
2016-05-02,0.2117,14.680000305175781,-0.032472119000819435,146,0.007917006727903951
2016-05-03,0.2527,15.600000381469727,0.006806093442366741,122,-0.008741260291898584
2016-05-04,0.2564,16.049999237060547,-0.059111132996731645,151,-0.005593852465674445
2016-05-05,0.2552,15.90999984741211,-0.07365223628918077,117,-0.00019509872031052427
2016-05-06,0.254,14.720000267028809,0.03926786440567209,116,0.003652393918966363
2016-05-09,0.2415,14.569999694824219,0.005539180415766885,117,0.0008260157836741845
2016-05-10,0.235,13.630000114440918,-0.010511418902303296,141,0.012357147062368385
2016-05-11,0.2256,14.6899995803833,-0.013146851928165,138,-0.009398777285479427
2016-05-12,0.2133,14.40999984741211,-0.1075477063132988,135,0.0002905028778884563
2016-05-13,0.1972,15.039999961853027,-0.0495333188141345,122,-0.008752380516923645
2016-05-16,0.1758,14.680000305175781,-0.029006951035989652,135,0.00981688549310407
2016-05-17,0.1596,15.569999694824219,0.03918254373699946,172,-0.009377386467228545
2016-05-18,0.1566,15.949999809265137,-0.05859078340535419,178,0.0002928424326074842
2016-05-19,0.1451,16.329999923706055,-0.13649302017749884,117,-0.0034709854349154676
2016-05-20,0.1415,15.199999809265137,0.015208104395020648,111,0.006297506898184872
2016-05-23,0.1432,15.819999694824219,0.01150588953354779,119,-0.0013635199140756289
2016-05-24,0.1621,14.420000076293945,0.06437160309095297,124,0.012878983047929088
2016-05-25,0.1704,13.899999618530273,0.0486278919791039,139,0.006760201618305196
2016-05-26,0.1721,13.430000305175781,-0.017101723680717662,144,0.00028664449717812366
2016-05-27,0.1615,13.119999885559082,-0.06707973595342531,127,0.004290054491167181
2016-05-31,0.1622,14.1899995803833,-0.08023866441589016,134,-0.001904443317603481
2016-06-01,0.1603,14.199999809265137,0.020154245908188477,141,0.0020471213925653863
2016-06-02,0.1549,13.630000114440918,-0.07814827821431614,139,0.003039080061627184
2016-06-03,0.1383,13.470000267028809,-0.008036667983245125,133,-0.0029915494147823756
2016-06-06,0.1503,13.649999618530273,-0.05544896958678091,137,0.0050755857453942625
2016-06-07,0.1526,14.050000190734863,-0.031985872236810535,174,0.001560109874706457
2016-06-08,0.1524,14.079999923706055,-0.025207793018538902,141,0.003254347695984139
2016-06-09,0.1538,14.640000343322754,-0.00868074160676736,143,-0.0013664428476379365
2016-06-10,0.1897,17.030000686645508,-0.06660364703691952,151,-0.009522727241363724
2016-06-13,0.212,20.969999313354492,0.0439733971061266,115,-0.007741653686631843
2016-06-14,0.2254,20.5,-0.07332352292612854,113,-0.001968853053697048
2016-06-15,0.2275,20.139999389648438,-0.0877529942948918,143,-0.0013949028973121098
2016-06-16,0.2478,19.3700008392334,-0.027140607582409996,156,0.002979888413175233
2016-06-17,0.2473,19.40999984741211,-0.05737911246332188,158,-0.00891804144940485
2016-06-20,0.2622,18.3700008392334,-0.0941733804132388,130,0.006419414364319795
2016-06-21,0.2677,18.479999542236328,-0.026900589316266193,155,0.0028345466901189614
2016-06-22,0.2605,21.170000076293945,-0.03804760444261284,149,-0.0016324790244543145
2016-06-23,0.2748,17.25,-0.04642950664776854,164,0.01293847956182914
2016-06-24,0.3593,25.760000228881836,-0.006879772640257211,345,-0.0365696685376438
2016-06-27,0.4163,23.850000381469727,-0.012669610424400301,160,-0.018072179297399276
2016-06-28,0.4459,18.75,-0.018505527451320964,191,0.01787530622973483
2016-06-29,0.4606,16.639999389648438,-0.05479989290978217,223,0.01688424782083095
2016-06-30,0.47,15.630000114440918,-0.021025005842019173,227,0.013553300509066859
2016-07-01,0.463,14.770000457763672,-0.06951535739018669,211,0.002098248017361924
2016-07-05,0.4656,15.579999923706055,0.08117881355932201,118,-0.007219186088535558
2016-07-06,0.4581,14.960000038146973,0.06863106060606061,132,0.005979877546764581
2016-07-07,0.4455,14.760000228881836,0.04182341772151899,158,-0.0006202671162166356
2016-07-08,0.4292,13.199999809265137,-0.0005399999999999921,140,0.014780671622370336
2016-07-11,0.4133,13.539999961853027,0.06799,130,0.0035207172688849625
2016-07-12,0.4095,13.550000190734863,0.006749101796407183,167,0.007237118478405407
2016-07-13,0.3962,13.039999961853027,0.05446293706293706,143,-0.00013957140384917246
2016-07-14,0.3841,12.819999694824219,0.08676648044692736,179,0.005567929041885831
2016-07-15,0.3792,12.670000076293945,0.004491503267973849,153,-0.0013427171281419333
2016-07-18,0.3658,12.4399995803833,0.016399999999999994,193,0.0026837042929593294
2016-07-19,0.3566,11.970000267028809,0.09509786096256687,187,-0.001017111588374389
2016-07-20,0.3462,11.770000457763672,0.07528865979381444,194,0.004154335272333999
2016-07-21,0.3324,12.739999771118164,0.06025900900900902,222,-0.003784350391765712
2016-07-22,0.3206,12.020000457763672,0.02104782608695651,207,0.004475111612983524
2016-07-25,0.3061,12.869999885559082,0.09429019607843137,204,-0.002719638439119201
2016-07-26,0.2921,13.050000190734863,0.0955981818181818,220,0.00046149564697253075
2016-07-27,0.2958,12.829999923706055,0.051105882352941175,221,-0.0010616739994665047
2016-07-28,0.2847,12.720000267028809,0.08136763285024154,207,0.0011539616552978648
2016-07-29,0.2759,11.869999885559082,0.11366357142857143,140,0.0016132702810723982
2016-08-01,0.2638,12.4399995803833,0.01788253968253968,126,-0.0008293447316518964
2016-08-02,0.2872,13.369999885559082,0.09304172185430465,151,-0.006427913514755386
2016-08-03,0.273,12.859999656677246,0.12135526315789477,152,0.0029184447567219564
2016-08-04,0.2894,12.420000076293945,0.06981375,160,0.0010634134397508202
2016-08-05,0.2893,11.390000343322754,0.03839153846153847,130,0.008145603052374027
2016-08-08,0.2833,11.5,-0.008376271186440682,118,-0.000595968315540014
2016-08-09,0.2791,11.65999984741211,0.11229444444444445,144,0.0005959683155400788
2016-08-10,0.2657,12.050000190734863,0.04714223602484473,161,-0.002478057786678795
2016-08-11,0.2526,11.680000305175781,0.07723291925465839,161,0.004629931131066985
2016-08-12,0.2384,11.550000190734863,0.09693931034482764,145,-0.000869287796278908
2016-08-15,0.2255,11.8100004196167,0.05169006211180124,161,0.002879625436932779
2016-08-16,0.2097,12.640000343322754,0.04418378378378379,185,-0.0051709970669315255
2016-08-17,0.2038,12.1899995803833,0.034505389221556895,167,0.0018792589198994053
2016-08-18,0.191,11.430000305175781,0.0172754716981132,159,0.0022414093410686566
2016-08-19,0.1895,11.34000015258789,0.09660937500000001,160,-0.0014632253579312236
2016-08-22,0.1864,12.270000457763672,0.09644068965517243,145,-4.573412505607312e-05
2016-08-23,0.186,12.380000114440918,0.04854545454545456,165,0.002011440410315236
2016-08-24,0.1789,13.449999809265137,0.09785676855895196,229,-0.005127959125894508
2016-08-25,0.1724,13.630000114440918,0.0666242424242424,198,-0.0006888263581850463
2016-08-26,0.1575,13.649999618530273,0.0688398406374502,251,-0.0018851182451652374
2016-08-29,0.1519,12.9399995803833,0.08346346153846156,156,0.004912243731562431
2016-08-30,0.1476,13.119999885559082,0.04427058823529412,204,-0.0016500169196297673
2016-08-31,0.1448,13.420000076293945,0.04908571428571428,217,-0.0028480661919428932
2016-09-01,0.1457,13.479999542236328,0.03347737226277372,274,4.597606430745329e-05
2016-09-02,0.1333,11.979999542236328,0.017939682539682544,189,0.004497876776550799
2016-09-06,0.1161,12.020000457763672,0.0442514450867052,173,0.0030178517248761133
2016-09-07,0.1213,11.9399995803833,0.03729608938547488,179,-9.133537020113622e-05
2016-09-08,0.1234,12.510000228881836,0.029660301507537686,199,-0.0022856108530928034
2016-09-09,0.1125,17.5,-0.05556095238095238,210,-0.024225904232664935
2016-09-12,0.1149,15.15999984741211,0.05857151162790698,172,0.014245376567656747
2016-09-13,0.1368,17.850000381469727,-0.0410642857142857,168,-0.014479851973302187
2016-09-14,0.136,18.139999389648438,0.09092590361445782,166,-0.00037526072489496744
2016-09-15,0.1305,16.299999237060547,0.11602857142857143,168,0.009943386171964634
2016-09-16,0.1392,15.369999885559082,-0.020833163265306126,196,-0.008911775715804298
2016-09-19,0.1382,15.529999732971191,0.028367424242424246,132,0.00018749025330848054
2016-09-20,0.1399,15.920000076293945,0.015679901960784316,204,4.683132298528012e-05
2016-09-21,0.1291,13.300000190734863,0.057505932203389835,236,0.011182714263452255
2016-09-22,0.1564,12.020000457763672,0.05088944444444445,180,0.006281708192279977
2016-09-23,0.1766,12.289999961853027,0.010072297297297285,148,-0.005494333315913308
2016-09-26,0.196,14.5,0.08219268292682926,164,-0.008135228165556755
2016-09-27,0.2048,13.100000381469727,0.025045714285714286,175,0.00618880917830181
2016-09-28,0.2032,12.390000343322754,-0.002878735632183901,174,0.004951270145156846
2016-09-29,0.1965,14.020000457763672,-0.007456024096385541,166,-0.009088473714841045
2016-09-30,0.1891,13.289999961853027,-0.01721974522292994,157,0.00751783387621049
2016-10-03,0.1884,13.569999694824219,0.06679179104477613,134,-0.002406982601896969
2016-10-04,0.1719,13.630000114440918,0.024636184210526314,152,-0.005110851274313622
2016-10-05,0.1755,12.989999771118164,0.052959217877094976,179,0.00441548537526153
2016-10-06,0.1689,12.84000015258789,0.051179213483146066,178,0.0006953658990521912
2016-10-07,0.1713,13.479999542236328,-0.022225925925925923,135,-0.0034353383527250857
2016-10-10,0.1711,13.380000114440918,0.055579661016949146,118,0.005194865040245661
2016-10-11,0.158,15.359999656677246,-0.05097416666666666,120,-0.012710015414798806
2016-10-12,0.1462,15.90999984741211,-0.0035717741935483815,124,0.0013111114791328417
2016-10-13,0.1541,16.690000534057617,0.071637323943662,142,-0.0032809000419824937
2016-10-14,0.1573,16.1200008392334,0.06572985074626868,134,0.0005162772650287091
2016-10-17,0.1619,16.209999084472656,0.04897636363636365,110,-0.003478218474305837
2016-10-18,0.1771,15.279999732971191,0.061734965034965054,143,0.006242841251259704
2016-10-19,0.1733,14.40999984741211,0.010294409937888202,161,0.0026635780981098226
2016-10-20,0.1706,13.75,0.04312038216560509,157,-0.0018684324057799974
2016-10-21,0.1516,13.34000015258789,0.16235294117647056,119,0.00046739983361037736
2016-10-24,0.1459,13.020000457763672,0.05446538461538462,130,0.004243733710348447
2016-10-25,0.1411,13.460000038146973,0.08217215189873418,158,-0.0033561828212316756
2016-10-26,0.1408,14.239999771118164,0.07930901639344262,122,-0.002009734835974423
2016-10-27,0.1426,15.359999656677246,0.07940578034682082,173,-0.0026703879415080705
2016-10-28,0.1388,16.190000534057617,0.018295588235294123,136,-0.0029597864996322065
2016-10-31,0.1461,17.059999465942383,-0.008816091954022998,87,4.709480680828749e-05
2016-11-01,0.1423,18.559999465942383,0.07896760563380281,142,-0.007271769477388027
2016-11-02,0.1516,19.31999969482422,0.1447131736526946,167,-0.006036805088636923
2016-11-03,0.1682,22.079999923706055,0.08369485714285714,175,-0.004587634463296051
2016-11-04,0.1717,22.510000228881836,0.07746299212598425,127,-0.0011022248571398241
2016-11-07,0.159,18.709999084472656,0.08020077519379845,129,0.021817279300208343
2016-11-08,0.1573,18.739999771118164,0.14791013513513512,148,0.004493789925349073
2016-11-09,0.1597,14.380000114440918,0.10279641791044777,335,0.010546239323610773
2016-11-10,0.1695,14.739999771118164,0.051713089005235614,191,0.002492469706366672
2016-11-11,0.1737,14.170000076293945,0.04763263888888889,144,-0.0023076578488590255
2016-11-14,0.163,14.479999542236328,-0.020557516339869276,153,0.0007851928585295469
2016-11-15,0.1678,13.369999885559082,0.06370355731225295,253,0.007772488184279982
2016-11-16,0.1715,13.720000267028809,0.06673035019455252,257,-0.0018801044990033242
2016-11-17,0.1702,13.350000381469727,0.08598913738019173,313,0.0051275595309297475
2016-11-18,0.1656,12.850000381469727,0.07174660194174755,206,-0.002240077221939921
2016-11-21,0.1628,12.420000076293945,0.05647972350230414,217,0.007523089941767798
2016-11-22,0.1732,12.40999984741211,0.09567696335078536,191,0.001951344701679288
2016-11-23,0.1712,12.430000305175781,0.009240939597315437,149,0.0005438502559692207
2016-11-25,0.1569,12.34000015258789,0.038189705882352945,68,0.0037085987146661397
2016-11-28,0.1618,13.149999618530273,0.055020161290322576,124,-0.004705929702431552
2016-11-29,0.1562,12.899999618530273,0.09695425531914893,94,0.0019484268841791865
2016-11-30,0.1537,13.329999923706055,-0.045299999999999986,81,-0.0024020441155120547
2016-12-01,0.1492,14.069999694824219,0.03639870967741935,155,-0.003682229577616673
2016-12-02,0.1688,14.119999885559082,0.07351016949152545,118,0.0005007870409156275
2016-12-05,0.1623,12.140000343322754,0.045367424242424244,132,0.005990792838490881
2016-12-06,0.1712,11.789999961853027,0.07092944785276073,163,0.0031624013392542805
2016-12-07,0.1728,12.220000267028809,0.1422096774193548,31,0.01299596662238256
2016-12-08,0.1725,12.640000343322754,-0.40555555555555556,9,0.002445750159526804
2016-12-09,0.1866,11.75,-0.4869692307692307,13,0.006022250168650405
2016-12-12,0.1916,12.640000343322754,0.2009857142857143,7,-0.0011484872275314443
2016-12-13,0.1924,12.720000267028809,-0.6106333333333334,3,0.006651836271533833
2016-12-14,0.2042,13.1899995803833,-0.12801428571428572,7,-0.008288512430090727
2016-12-15,0.2027,12.789999961853027,-0.6041166666666666,6,0.004108745406762527
2016-12-16,0.1981,12.199999809265137,0.03190462962962964,108,-0.007834517480746128
2016-12-19,0.2019,11.710000038146973,0.035467500000000006,120,0.0021750480279245188
2016-12-20,0.1954,11.449999809265137,0.11636576576576575,111,0.0038501369946166023
2016-12-21,0.1895,11.270000457763672,0.08713172413793104,145,-0.0027865184962017906
2016-12-22,0.1849,11.430000305175781,0.049969798657718126,149,-0.0017289126848319208
2016-12-23,0.1709,11.4399995803833,0.14076206896551727,116,0.0014631310002082348
2016-12-27,0.1433,11.989999771118164,0.12595247524752476,101,0.0024779761561614494
2016-12-28,0.1295,12.949999809265137,0.014174999999999998,76,-0.008298848896098833
2016-12-29,0.1225,13.369999885559082,-0.031898496240601495,133,-0.0002227868219520829
2016-12-30,0.1154,14.039999961853027,0.06326601941747574,103,-0.0036617318546013607
2017-01-03,0.1082,12.850000381469727,0.02244485294117648,136,0.007620897001746236
2017-01-04,0.1017,11.850000381469727,0.10355844155844154,154,0.005931566752148794
2017-01-05,0.0997,11.670000076293945,0.07457543859649121,171,-0.0007947721565786297
2017-01-06,0.0997,11.319999694824219,0.0804223602484472,161,0.003571410142046549
2017-01-09,0.1017,11.5600004196167,0.11010709219858154,141,-0.0033063709791562737
2017-01-10,0.1031,11.489999771118164,0.0758251700680272,147,0.0
2017-01-11,0.0993,11.260000228881836,0.04113315217391304,184,0.0028221174544804995
2017-01-12,0.1001,11.539999961853027,0.0736878612716763,173,-0.0025130948926670037
2017-01-13,0.0934,11.229999542236328,0.06356934306569342,137,0.00229288989012677
2017-01-17,0.1044,11.869999885559082,0.0966622222222222,135,-0.003529688404831017
2017-01-18,0.1037,12.479999542236328,0.06447651006711409,149,0.00220750641521052
2017-01-19,0.104,12.779999732971191,-0.005726356589147291,129,-0.00371138291563596
2017-01-20,0.1021,11.539999961853027,0.12752162162162164,111,0.0036673047365514515
2017-01-23,0.1054,11.770000457763672,0.11851134020618556,97,-0.0026055418811031677
2017-01-24,0.1008,11.069999694824219,0.05534308943089431,123,0.006391260133969621
2017-01-25,0.1019,10.8100004196167,0.053137267080745336,161,0.008618296722527514
2017-01-26,0.1011,10.630000114440918,0.07296153846153847,130,-0.0010460035313087782
2017-01-27,0.1011,10.579999923706055,0.06349349593495936,123,-0.0015710263233611212
2017-01-30,0.1031,11.880000114440918,0.12576938775510205,196,-0.006220988062862284
2017-01-31,0.1055,11.989999771118164,0.041928980891719744,314,-8.79154100085011e-05
2017-02-01,0.1098,11.8100004196167,0.027871031746031748,252,0.00039545793813170556
2017-02-02,0.1201,11.930000305175781,0.0676153409090909,176,0.0006588162274107837
2017-02-03,0.1201,10.970000267028809,0.055836000000000004,150,0.006869236012564833
2017-02-06,0.1302,11.369999885559082,0.08560068965517242,145,-0.0017893546657388251
2017-02-07,0.1341,11.289999961853027,0.11173515151515151,165,4.372317790355026e-05
2017-02-08,0.1405,11.449999809265137,0.14126783216783217,143,0.0013095424917520316
2017-02-09,0.1292,10.880000114440918,0.06799269406392697,219,0.005915120656897009
2017-02-10,0.1199,10.850000381469727,0.09198914285714285,175,0.003938411107139749
2017-02-13,0.1092,11.069999694824219,0.08205503355704698,149,0.005427814518752642
2017-02-14,0.1039,10.739999771118164,0.08113451776649745,197,0.003987368557542392
2017-02-15,0.0966,11.970000267028809,0.12609615384615383,156,0.0052067943735727325
2017-02-16,0.0928,11.760000228881836,0.12209760479041919,167,-0.000851703264593723
2017-02-17,0.0892,11.489999771118164,0.0813682119205298,151,0.0015750843771027802
2017-02-21,0.0792,11.569999694824219,0.06152473684210526,190,0.0059375429953654295
2017-02-22,0.0798,11.739999771118164,0.09232116402116404,189,-0.000888409695124651
2017-02-23,0.082,11.710000038146973,0.11271729957805907,237,0.0006769490091659686
2017-02-24,0.0833,11.470000267028809,0.11166833333333334,180,0.0012680294472507694
2017-02-27,0.0793,12.09000015258789,0.07717616580310882,193,0.0015616553239042482
2017-02-28,0.0767,12.920000076293945,0.05953119658119659,234,-0.002702815899256432
2017-03-01,0.0785,12.539999961853027,0.06979213483146067,267,0.013900476034819913
2017-03-02,0.0821,11.8100004196167,0.041768060836501884,263,-0.0063173288108460054
2017-03-03,0.0803,10.960000038146973,0.03286930693069308,202,0.0006293142321694911
2017-03-06,0.0828,11.239999771118164,0.057430821917808204,146,-0.0029823450487956103
2017-03-07,0.0856,11.449999809265137,0.09368041237113402,194,-0.002991330425974492
2017-03-08,0.0875,11.859999656677246,0.06150242424242423,165,-0.0018582759113619427
2017-03-09,0.0849,12.300000190734863,0.05582267441860465,172,0.0012673866464249699
2017-03-10,0.0862,11.65999984741211,0.020760451977401128,177,0.0034980620464540755
2017-03-13,0.0935,11.350000381469727,0.10999999999999999,154,0.000504711334320593
2017-03-14,0.0926,12.300000190734863,0.034286792452830187,159,-0.003833939850330953
2017-03-15,0.085,11.630000114440918,0.081175,224,0.008616226851996199
2017-03-16,0.0872,11.210000038146973,0.14477459459459463,185,-0.001968880798203005
2017-03-17,0.0837,11.279999732971191,0.09705133333333331,150,-0.006098721201673768
2017-03-20,0.0818,11.34000015258789,0.0869774834437086,151,-0.00109748641307614
2017-03-21,0.0689,12.470000267028809,0.012615714285714277,140,-0.012922639108276665
2017-03-22,0.0685,12.8100004196167,0.03390666666666667,120,0.0023503912797317797
2017-03-23,0.0619,13.119999885559082,0.013321476510067116,149,-0.0010676689588160469
2017-03-24,0.0607,12.960000038146973,0.0914496894409938,161,-0.0007266587302462943
2017-03-27,0.0532,12.5,0.11158051948051947,154,-0.0010268054951853855
2017-03-28,0.0511,11.529999732971191,0.12338561643835617,146,0.00725047829387214
2017-03-29,0.0522,11.420000076293945,0.006843421052631579,152,0.0009344007884925202
2017-03-30,0.0524,11.539999961853027,0.12741379310344825,145,0.003179113888548334
2017-03-31,0.0517,12.369999885559082,0.05945664335664336,143,-0.002330309697588091
2017-04-03,0.0604,12.380000114440918,0.10539037037037036,135,-0.0017407339005489856
2017-04-04,0.0698,11.789999961853027,0.09005723684210527,152,0.0006371738167705391
2017-04-05,0.0708,12.890000343322754,0.07533005181347152,193,-0.002977065765407665
2017-04-06,0.0723,12.390000343322754,0.03247457627118644,177,0.0028072140437375797
2017-04-07,0.072,12.869999885559082,-0.02409464285714285,168,-0.0010199112454537345
2017-04-10,0.0648,14.050000190734863,0.024336428571428575,140,0.0005950584255413305
2017-04-11,0.0545,15.069999694824219,0.018097101449275354,207,-0.001190471156455239
2017-04-12,0.0553,15.770000457763672,0.10065460992907801,141,-0.004391483266076876
2017-04-13,0.0488,15.960000038146973,0.026128313253012042,166,-0.006516095822653078
2017-04-17,0.048,14.65999984741211,0.11719411764705884,119,0.008820870798886493
2017-04-18,0.0454,14.420000076293945,0.15658680555555554,144,-0.002988697482894407
2017-04-19,0.0435,14.930000305175781,0.04251835443037975,158,-0.0018402893127950092
2017-04-20,0.0437,14.149999618530273,0.08911719745222932,157,0.008106166241988226
2017-04-21,0.0458,14.630000114440918,0.04989197530864197,162,-0.0031919675206105603
2017-04-24,0.0403,10.84000015258789,0.05356159420289854,138,0.010937881902130022
2017-04-25,0.0636,10.760000228881836,0.0248135,200,0.005801768898692426
2017-04-26,0.0741,10.850000381469727,0.04547156862745097,204,-0.0006290351658648944
2017-04-27,0.0837,10.359999656677246,0.11721044776119405,201,0.0008386256551509145
2017-04-28,0.0851,10.819999694824219,0.07085323741007195,139,-0.002181775908701382
2017-05-01,0.0839,10.109999656677246,-0.04806046511627908,215,0.0025169526318786625
2017-05-02,0.0815,10.59000015258789,0.020140909090909084,242,0.00037705141196537673
2017-05-03,0.0717,10.680000305175781,0.022738990825688074,218,-0.0012153319250617428
2017-05-04,0.0757,10.460000038146973,0.07702651933701658,181,0.0011734088389643792
2017-05-05,0.0732,10.569999694824219,-0.0016845588235294075,136,0.003929288415371179
2017-05-08,0.0618,9.770000457763672,0.11146601941747572,103,-0.00016686117395984122
2017-05-09,0.0566,9.960000038146973,0.057750847457627125,177,-0.0009183937940459313
2017-05-10,0.049,10.210000038146973,0.07503409090909093,220,0.001794215824099324
2017-05-11,0.0401,10.600000381469727,0.12769756097560975,164,-0.0020448217218897295
2017-05-12,0.0396,10.399999618530273,0.06669032258064514,155,-0.001672419299264369
2017-05-15,0.0367,10.420000076293945,0.1211373831775701,107,0.005508306898499835
2017-05-16,0.0325,10.649999618530273,0.08439182389937107,159,-0.000915946683242044
2017-05-17,0.0417,15.59000015258789,0.02914444444444444,234,-0.017903375551923166
2017-05-18,0.0397,14.65999984741211,0.007752849740932639,193,0.004020390632640581
2017-05-19,0.041,12.039999961853027,0.08838837209302326,129,0.006483113050925737
2017-05-22,0.0381,10.930000305175781,0.07913361344537816,119,0.005064601618306679
2017-05-23,0.0316,10.720000267028809,0.021491262135922333,103,0.002210309181044507
2017-05-24,0.0246,10.020000457763672,0.05649745222929937,157,0.0023301202833640117
2017-05-25,0.0195,9.989999771118164,0.13308607594936708,158,0.004768107829548058
2017-05-26,0.0192,9.8100004196167,0.06976967213114754,122,-0.00020678756911771007
2017-05-30,0.0148,10.380000114440918,0.04388333333333336,114,-0.0008692151411252482
2017-05-31,0.0118,10.40999984741211,0.0752142857142857,147,-0.0002484679612337303
2017-06-01,0.01,9.890000343322754,0.020951572327044036,159,0.007920825887608271
2017-06-02,0.0089,9.75,0.061254330708661424,127,0.003322865488960124
2017-06-05,0.0075,10.069999694824219,0.03721348314606742,178,-0.0007374331472786077
2017-06-06,0.0049,10.449999809265137,0.05110346820809248,173,-0.003201968087731701
2017-06-07,0.0053,10.390000343322754,0.13950335195530728,179,0.0018485306828973202
2017-06-08,0.0047,10.15999984741211,0.08423348623853212,218,0.0004923482644446555
2017-06-09,0.0108,10.699999809265137,-0.005332095490716177,377,-0.0015188948314465666
2017-06-12,0.0108,11.460000038146973,0.0260679347826087,184,-0.00020544836984530822
2017-06-13,0.013,10.420000076293945,0.037216230366492166,191,0.004877968445439268
2017-06-14,0.0125,10.640000343322754,0.07432994011976049,167,-0.0012684285469737472
2017-06-15,0.0072,10.899999618530273,0.015856647398843925,173,-0.0019261955968753132
2017-06-16,0.0073,10.380000114440918,0.0726920634920635,189,-0.004646314455727953
2017-06-19,0.0077,10.369999885559082,0.0296410447761194,134,0.00829064572206334
2017-06-20,0.0085,10.859999656677246,0.06276931216931218,189,-0.0067669344344192285
2017-06-21,0.0091,10.75,0.0705762114537445,227,-0.0002469238618551728
2017-06-22,0.0099,10.479999542236328,0.04672560386473431,207,-0.0004528731087584111
2017-06-23,0.0092,10.020000457763672,0.04348687500000001,160,0.0011935246151813209
2017-06-26,0.0096,9.899999618530273,0.049233488372093036,215,0.0006578200308041038
2017-06-27,0.0086,11.0600004196167,0.08531930693069308,202,-0.008088820773010475
2017-06-28,0.0091,10.029999732971191,0.04456899999999999,200,0.00891059742278559
2017-06-29,0.0167,11.4399995803833,0.002123188405797099,345,-0.008827709082089772
2017-06-30,0.0167,11.180000305175781,0.08240322580645162,155,0.0018627634061266214
2017-07-03,0.0162,11.220000267028809,0.009584210526315797,114,0.0016941953757414919
2017-07-05,0.012,11.069999694824219,0.026416783216783216,143,0.0023093644883827986
2017-07-06,0.0143,12.539999961853027,0.0840654676258993,139,-0.009186529833769774
2017-07-07,0.0119,11.1899995803833,0.04785735294117647,136,0.006464190025662
2017-07-10,0.0108,11.109999656677246,0.0542128,125,0.0010732931559087027
2017-07-11,0.0086,10.890000343322754,0.0460883116883117,154,-0.0007429118580426037
2017-07-12,0.0117,10.300000190734863,0.10906549707602338,171,0.007486633392334205
2017-07-13,0.0111,9.899999618530273,0.060731250000000014,192,0.0016788639705180453
2017-07-14,0.0104,9.510000228881836,0.10028166666666666,180,0.004653257098670055
2017-07-17,0.01,9.819999694824219,0.05277374999999999,160,-0.00012217222732245696
2017-07-18,0.0085,9.890000343322754,0.0692308080808081,198,0.0005293466284006042
2017-07-19,0.0087,9.789999961853027,0.05775272727272728,165,0.005399391200699996
2017-07-20,0.0075,9.579999923706055,0.05486565656565657,198,0.000445265476278358
2017-07-21,0.0086,9.359999656677246,0.05216578947368421,152,-0.0008907293022224442
2017-07-24,0.0074,9.430000305175781,0.04187235294117647,170,-0.00024305269356146515
2017-07-25,0.0077,9.430000305175781,0.060577916666666676,240,0.0024279343347230285
2017-07-26,0.0067,9.600000381469727,0.08388651162790699,215,4.039408718685109e-05
2017-07-27,0.0062,10.109999656677246,0.08953206896551724,290,-0.0009299708830424845
2017-07-28,0.0054,10.289999961853027,0.0786296875,192,-0.0011738006479158243
2017-07-31,0.0047,10.260000228881836,0.018723357664233567,137,-0.0005671665497943276
2017-08-01,0.0054,10.09000015258789,0.054133689839572195,187,0.002226328264181252
2017-08-02,0.0048,10.279999732971191,0.07987256637168143,226,0.00048506393876542676
2017-08-03,0.0051,10.4399995803833,0.01937258064516129,248,-0.0019417308635190523
2017-08-04,0.0048,10.029999732971191,-0.08515532786885244,244,0.0018204869352030433
2017-08-07,0.0049,9.930000305175781,0.0509728476821192,151,0.0018575011648817466
2017-08-08,0.0051,10.960000038146973,0.05643521126760563,213,-0.0024640031174037115
2017-08-09,0.0079,11.109999656677246,0.06354523809523809,168,-4.0421859814094676e-05
2017-08-10,0.009,16.040000915527344,0.01490728476821192,302,-0.014215858360501283
2017-08-11,0.0107,15.510000228881836,0.0383743961352657,207,0.001475775532283997
2017-08-14,0.0112,12.329999923706055,0.06298988095238094,168,0.00986433721640411
2017-08-15,0.0094,12.039999961853027,0.0017965517241379323,174,-0.00012168656353959788
2017-08-16,0.0079,11.739999771118164,0.05103270440251571,159,0.00174286369876638
2017-08-17,0.0074,15.550000190734863,0.04447456647398843,173,-0.015713671950320925
2017-08-18,0.0065,14.260000228881836,-0.03757718120805371,149,-0.001564387398651075
2017-08-21,0.0058,13.1899995803833,0.016359504132231407,121,0.0007824682031745127
2017-08-22,0.0054,11.350000381469727,0.042724087591240884,137,0.010402717245512966
2017-08-23,0.0041,12.25,0.07500194805194806,154,-0.0035918605262235397
2017-08-24,0.0035,12.229999542236328,-0.003916339869281038,153,-0.002333404239043672
2017-08-25,0.0018,11.279999732971191,0.015261788617886187,123,0.0023334042390438093
2017-08-28,0.0014,11.319999694824219,0.0905648148148148,108,4.0928855422689685e-05
2017-08-29,0.0034,11.699999809265137,0.04091897810218978,137,0.0011442066207465451
2017-08-30,0.0045,11.220000267028809,0.06252222222222222,126,0.0047263601077370794
2017-08-31,0.0036,10.59000015258789,0.09284054054054054,148,0.005998036163940785
2017-09-01,0.0028,10.130000114440918,0.05442681159420291,138,0.0014131625448807665
2017-09-05,0.003,12.229999542236328,0.05611317829457364,129,-0.007207963182428161
2017-09-06,0.0023,11.630000114440918,0.052275555555555554,135,0.003407972920508354
2017-09-07,0.0023,11.550000190734863,0.06691642857142859,140,-0.00012150912368609306
2017-09-08,0.0024,12.119999885559082,0.08281140939597315,149,-0.001175370640639
2017-09-11,0.0036,10.729999542236328,0.04107063492063492,126,0.010609449593480138
2017-09-12,0.0077,10.579999923706055,0.017853623188405797,138,0.0033649686098124413
2017-09-13,0.0069,10.5,-0.013316447368421051,152,0.0004797693782589755
2017-09-14,0.0084,10.4399995803833,0.03626524064171124,187,-0.00031984101313377365
2017-09-15,0.0097,10.170000076293945,-0.012916129032258071,186,-0.0036051709400428365
2017-09-18,0.0091,10.149999618530273,-3.375000000000184e-05,160,0.0021246275872453704
2017-09-19,0.0083,10.180000305175781,0.02450957446808511,188,0.0010006204632380786
2017-09-20,0.0068,9.779999732971191,0.050279775280898886,178,0.0003599637585029596
2017-09-21,0.0064,9.670000076293945,-0.04100738636363636,176,-0.002682945539843174
2017-09-22,0.0078,9.59000015258789,0.037536875,160,0.00020048133328691878
2017-09-25,0.0049,10.210000038146973,0.007630405405405413,148,-0.002046712076003897
2017-09-26,0.0057,10.170000076293945,0.027155813953488376,172,0.0006024343345111111
2017-09-27,0.0047,9.869999885559082,0.029705076142131973,197,0.0038867727139802652
2017-09-28,0.0055,9.550000190734863,0.019594413407821237,179,0.0011990530863811022
2017-09-29,0.0076,9.510000228881836,0.052332500000000004,160,0.003508874052771569
2017-10-02,0.0073,9.449999809265137,0.008099999999999994,183,0.004329315033571895
2017-10-03,0.0097,9.510000228881836,0.03701402439024389,164,0.0021378260553165727
2017-10-04,0.009,9.630000114440918,0.013251204819277116,166,0.0011857360751527833
2017-10-05,0.0109,9.1899995803833,0.011225714285714289,210,0.005907622152979601
2017-10-06,0.0114,9.649999618530273,0.03438614457831326,166,-0.0011394557373643071
2017-10-09,0.0143,10.329999923706055,0.08523188405797102,138,-0.0016524955582182808
2017-10-10,0.0123,10.079999923706055,0.09336721311475409,183,0.0026348332265438115
2017-10-11,0.0118,9.850000381469727,-0.01095489361702128,235,0.0015697717521929854
2017-10-12,0.0113,9.90999984741211,0.07147681660899656,289,-0.0014912096319125536
2017-10-13,0.0084,9.609999656677246,0.007555223880597014,268,0.0012166549542219028
2017-10-16,0.0067,9.90999984741211,0.04609139784946237,186,0.0013326920457795463
2017-10-17,0.0058,10.3100004196167,0.017499401197604788,167,0.0007048631214624703
2017-10-18,0.0034,10.069999694824219,0.015826699029126222,206,0.0009781099737367755
2017-10-19,0.0045,10.050000190734863,0.03165873015873016,189,0.0002736684194568484
2017-10-20,0.0043,9.970000267028809,0.059545833333333346,168,0.005147182821886276
2017-10-23,0.0039,11.069999694824219,0.017637499999999997,152,-0.003896969419021379
2017-10-24,0.0041,11.15999984741211,0.02599208333333334,240,0.0017555633745319232
2017-10-25,0.004,11.229999542236328,0.0169298755186722,241,-0.004962418292052873
2017-10-26,0.0082,11.300000190734863,-0.0711357142857143,238,0.0012918200248079085
2017-10-27,0.0101,9.800000190734863,0.030322540983606556,244,0.008142940958378798
2017-10-30,0.0096,10.5,-0.007686425339366516,221,-0.0037320397514387566
2017-10-31,0.0091,10.180000305175781,-0.009364315352697094,241,0.001556699677022446
2017-11-01,0.0075,10.199999809265137,0.03432573839662448,237,0.0013212979863173313
2017-11-02,0.0088,9.930000305175781,0.017311666666666666,240,0.0003883129120887515
2017-11-03,0.0074,9.140000343322754,0.01865721153846154,208,0.00333313948964476
2017-11-06,0.0068,9.399999618530273,0.0678497409326425,193,0.0015464680535225
2017-11-07,0.0059,9.890000343322754,0.010726285714285725,175,-0.000695596986573822
2017-11-08,0.0075,9.779999732971191,0.05332773437500001,256,0.0016994554859494032
2017-11-09,0.003,10.5,-0.030374485596707804,243,-0.0036342907541265517
2017-11-10,0.0032,11.289999961853027,0.03453658536585366,205,-0.0003099875604187004
2017-11-13,0.0035,11.5,0.022131443298969072,194,0.0009294382850910487
2017-11-14,0.0018,11.59000015258789,-0.07306414141414141,198,-0.002325217451833892
2017-11-15,0.0019,13.130000114440918,0.02461987577639751,161,-0.005017839305914511
2017-11-16,0.0022,11.760000228881836,0.08212287581699347,153,0.008465055348010226
2017-11-17,0.0018,11.430000305175781,0.13565850000000002,200,-0.0029430388124721918
2017-11-20,0.0025,10.649999618530273,0.059993333333333315,150,0.001704907667696995
2017-11-21,0.0028,9.729999542236328,0.07260655737704917,183,0.006521478333189071
2017-11-22,0.0019,9.880000114440918,0.07861813186813187,182,-0.0008849657864718609
2017-11-24,0.0011,9.670000076293945,-0.008630088495575207,113,0.002307067052553484
2017-11-27,0.0007,9.869999885559082,0.022952459016393444,183,-0.0004993348656304272
2017-11-28,0.0012,10.029999732971191,0.053129145728643225,199,0.010093697243671753
2017-11-29,0.0008,10.699999809265137,0.01348658146964857,313,-0.000608865143803894
2017-11-30,0.0013,11.279999732971191,-0.011649065420560753,214,0.008716868297143729
2017-12-01,0.0042,11.430000305175781,0.0006407692307692349,260,-0.0020776191554762393
2017-12-04,0.0052,11.680000305175781,0.01935129151291513,271,-0.0012106577450937816
2017-12-05,0.0043,11.329999923706055,0.026069047619047624,210,-0.0036031069881391526
2017-12-06,0.0045,11.020000457763672,0.02468471337579618,157,0.00018991240550295883
2017-12-07,0.0032,10.15999984741211,0.09007840909090908,176,0.0031481207607982854
2017-12-08,0.0032,9.579999923706055,0.009825657894736842,152,0.005438294285834409
2017-12-11,0.0032,9.34000015258789,0.05578760330578512,121,0.0030084930440527815
2017-12-12,0.0032,9.920000076293945,0.009477011494252873,174,0.0017633095564034158
2017-12-13,0.002,10.180000305175781,-0.00994435483870968,124,-0.00011245395534321217
2017-12-14,0.0016,10.489999771118164,0.0931927927927928,111,-0.004094580692557239
2017-12-15,0.0017,9.420000076293945,0.13604848484848484,33,0.0031944935073848556
2017-12-18,0.0018,9.529999732971191,0.0388268456375839,149,0.0063212133655446145
2017-12-19,0.003,10.029999732971191,0.06666571428571427,140,-0.003847806193067688
2017-12-20,0.0035,9.720000267028809,0.0488233918128655,171,-0.0005242031016257336
2017-12-21,0.0023,9.619999885559082,0.07605737704918034,183,0.00205752979580027
2017-12-22,0.0019,9.899999618530273,0.01800935672514619,171,-0.000261551542800174
2017-12-26,0.0016,10.25,0.052086138613861396,101,-0.001196960370748745
2017-12-27,0.0015,10.470000267028809,0.15926321839080457,87,0.0004864450917694262
2017-12-28,0.0012,10.180000305175781,0.10989370078740157,127,0.0020552999273804086
2017-12-29,0.0013,11.039999961853027,0.08510442477876105,113,-0.0037776485465138097
2018-01-02,0.0015,9.770000457763672,0.17363812949640287,139,0.007131832978848311
2018-01-03,0.0014,9.149999618530273,0.009372682926829273,205,0.006305236517900342
2018-01-04,0.0024,9.220000267028809,0.03622022471910113,178,0.004205969006937856
2018-01-05,0.0019,9.220000267028809,0.11919470198675497,151,0.006641963688015134
2018-01-08,0.0019,9.520000457763672,0.07844875,160,0.001827018359887614
2018-01-09,0.0017,10.079999923706055,0.014651234567901239,162,0.00226085897400062
2018-01-10,0.0032,9.819999694824219,0.029001587301587306,189,-0.0015310520430786246
2018-01-11,0.0058,9.880000114440918,0.07830155440414509,193,0.007269587246673126
2018-01-12,0.0091,10.15999984741211,0.052136111111111105,180,0.006497814656286375
2018-01-16,0.0035,11.65999984741211,-0.006914124293785307,177,-0.0034241493275315635
2018-01-17,0.0039,11.90999984741211,0.006360326086956525,184,0.00948652123001412
2018-01-18,0.002,12.220000267028809,0.026808805031446534,159,-0.0016822221528580157
2018-01-19,0.0012,11.270000457763672,0.04719249999999999,160,0.004539330364915846
2018-01-22,0.0012,11.029999732971191,0.04572999999999999,180,0.008098068600671672
2018-01-23,0.0011,11.100000381469727,0.044977727272727266,220,0.0021202385831359228
2018-01-24,0.0023,11.470000267028809,0.07777892376681612,223,-0.0003884261136045274
2018-01-25,0.002,11.579999923706055,0.05822868217054263,258,0.0004236517551174197
2018-01-26,0.0013,11.079999923706055,0.07142685950413223,242,0.011511318685595344
2018-01-29,0.0015,13.84000015258789,0.024379396984924626,199,-0.006651965730186924
2018-01-30,0.002,14.789999961853027,0.046453793103448285,290,-0.01031003729590082
2018-01-31,0.0013,13.539999961853027,0.049521140939597315,298,0.000496697061447709
2018-02-01,0.0016,13.470000267028809,0.03768014705882352,272,-0.0011358251214389856
2018-02-02,0.0073,17.309999465942383,-0.01151822660098522,406,-0.022010383111866608
2018-02-05,0.0207,37.31999969482422,-0.030230564784053154,602,-0.042722279513735646
2018-02-06,0.0342,29.979999542236328,0.004510766961651926,678,0.019510663660577923
2018-02-07,0.0448,27.729999542236328,0.048712000000000005,300,-0.005439623715762403
2018-02-08,0.0503,33.459999084472656,-0.034680103359173126,387,-0.03823046263704881
2018-02-09,0.0496,29.059999465942383,0.05699501312335959,381,0.014909817475535768
2018-02-12,0.0455,25.610000610351562,0.0519862385321101,218,0.01457772518222007
2018-02-13,0.0409,24.969999313354492,0.030068749999999998,224,0.0024843000945013955
2018-02-14,0.035,19.260000228881836,0.051389416058394165,274,0.013405963996401723
2018-02-15,0.0311,19.1299991607666,0.04212809917355373,242,0.012679402008324459
2018-02-16,0.0318,19.459999084472656,0.018327358490566034,212,0.00029291601113895456
2018-02-20,0.0248,20.600000381469727,0.043536312849162005,179,-0.006280865885799406
2018-02-21,0.0212,20.020000457763672,-0.041347311827956985,186,-0.004986643075721539
2018-02-22,0.0188,18.719999313354492,0.038370238095238096,252,0.0012952397605923607
2018-02-23,0.0165,16.489999771118164,-0.0037029702970297015,202,0.015813643085869314
2018-02-26,0.0139,15.800000190734863,0.04701693989071039,183,0.011545350102960344
2018-02-27,0.0118,18.59000015258789,0.037382027649769584,217,-0.01256512215254109
2018-02-28,0.0094,19.850000381469727,0.020082213438735178,253,-0.01018174210369951
2018-03-01,0.0111,22.469999313354492,-0.024011881188118814,303,-0.014647454403250413
2018-03-02,0.0153,19.59000015258789,0.006862857142857152,280,0.005141687129042214
2018-03-05,0.0155,18.729999542236328,0.08249095022624434,221,0.011491677564123457
2018-03-06,0.0134,18.360000610351562,0.04205675675675676,222,0.0025317951848754217
2018-03-07,0.0128,17.760000228881836,0.025967441860465124,258,-0.00036655098033279134
2018-03-08,0.0108,16.540000915527344,0.018330136986301374,219,0.004827420552534636
2018-03-09,0.0093,14.640000343322754,-0.00839543973941368,307,0.017252680326730694
2018-03-12,0.0083,15.779999732971191,-0.008163761467889899,218,-0.0012558752739862213
2018-03-13,0.0085,16.350000381469727,0.03946343612334801,227,-0.006483661588719202
2018-03-14,0.0075,17.229999542236328,-0.03218543689320389,206,-0.00514480123251495
2018-03-15,0.0056,16.59000015258789,0.04687051282051282,234,-0.0010902701411566486
2018-03-16,0.0048,15.800000190734863,0.015642580645161296,155,-0.002913286019644701
2018-03-19,0.0062,19.020000457763672,0.015601442307692307,208,-0.013622718723915883
2018-03-20,0.0053,18.200000762939453,0.013913733905579385,233,0.001699254141819521
2018-03-21,0.0048,17.860000610351562,0.02743192307692308,260,-0.0019210893881974704
2018-03-22,0.0159,23.34000015258789,-0.01846788732394366,355,-0.025314885505682536
2018-03-23,0.0232,24.8700008392334,-0.010875974025974032,308,-0.021545054881122266
2018-03-26,0.0321,21.030000686645508,-0.02628666666666666,255,0.026991461654006305
2018-03-27,0.0366,22.5,0.01632705167173253,329,-0.017158090832078213
2018-03-28,0.0387,22.8700008392334,0.022461538461538467,325,-0.0029591687796165682
2018-03-29,0.0366,19.969999313354492,0.03979027777777778,216,0.01269666927359303
2018-04-02,0.0264,23.6200008392334,0.0016525735294117795,272,-0.021820975402381346
2018-04-03,0.0219,21.100000381469727,0.04597087719298245,285,0.012735537427426051
2018-04-04,0.0193,20.059999465942383,-0.0300944020356234,393,0.010642286151652277
2018-04-05,0.0217,18.940000534057617,0.013777978339350185,277,0.007861027034026642
2018-04-06,0.02,21.489999771118164,-0.012557371794871802,312,-0.022537931476096573
2018-04-09,0.0188,21.770000457763672,0.050150697674418605,215,0.004916274982333761
2018-04-10,0.0171,20.469999313354492,0.014853094462540717,307,0.015775273241340624
2018-04-11,0.0168,20.239999771118164,0.02365520833333334,192,-0.00525604477589649
2018-04-12,0.0135,18.489999771118164,0.023935465116279073,172,0.008193452924804723
2018-04-13,0.0139,17.40999984741211,0.050614009661835754,207,-0.0029374081489083083
2018-04-16,0.0124,16.559999465942383,0.01475628415300547,183,0.008188119499643706
2018-04-17,0.0129,15.25,0.049285407725321896,233,0.010641624190932739
2018-04-18,0.01,15.600000381469727,0.06061422222222223,225,0.0007399911570353793
2018-04-19,0.0056,15.960000038146973,0.0034291262135922305,206,-0.005562986896832211
2018-04-20,0.0047,16.8799991607666,-0.012609345794392525,214,-0.008515567039637552
2018-04-23,0.0035,16.34000015258789,0.019970760233918135,171,-0.00014996071858595708
2018-04-24,0.0034,18.020000457763672,0.07022962962962964,216,-0.013558875321530377
2018-04-25,0.0035,17.84000015258789,0.018912927756653996,263,0.00246859804023608
2018-04-26,0.0028,16.239999771118164,0.04875775577557757,303,0.010114411105506966
2018-04-27,0.0025,15.40999984741211,0.05895927419354839,248,0.0009383152387381556
2018-04-30,0.0025,15.930000305175781,0.07144720812182741,197,-0.007720255132814476
2018-05-01,0.0027,15.489999771118164,0.032957851239669426,242,0.0017752982142209552
2018-05-02,0.0025,15.970000267028809,0.016884244372990357,311,-0.00674014707048817
2018-05-03,0.0017,15.899999618530273,-0.003303300330033014,303,-0.0022061439922913396
2018-05-04,0.0017,14.770000457763672,0.052097879858657235,283,0.012863350788101215
2018-05-07,0.0024,14.75,0.04830398230088496,226,0.003377585715348559
2018-05-08,0.0023,14.710000038146973,0.023223310810810822,296,0.0
2018-05-09,0.0029,13.420000076293945,0.016431802120141344,283,0.009619352007434372
2018-05-10,0.0036,13.229999542236328,0.11117184466019416,309,0.009307162267612242
2018-05-11,0.0041,12.649999618530273,0.08325957446808512,235,0.003046663385067629
2018-05-14,0.0035,12.930000305175781,0.040490393013100416,229,0.00047635667222540955
2018-05-15,0.0025,14.630000114440918,0.042105076142131985,197,-0.006910793655447388
2018-05-16,0.0023,13.420000076293945,0.061472222222222234,270,0.004196215302757945
2018-05-17,0.0024,13.430000305175781,0.06523865546218487,238,-0.0008451280934807857
2018-05-18,0.0044,13.420000076293945,0.06148217391304347,230,-0.0025031234696764274
2018-05-21,0.0072,13.079999923706055,0.019221513944223112,251,0.007490428315173807
2018-05-22,0.0092,13.220000267028809,0.07295335689045938,283,-0.0027840224319636165
2018-05-23,0.0123,12.579999923706055,-0.010779268292682932,328,0.002747405579097633
2018-05-24,0.0158,12.529999732971191,0.028776588628762537,299,-0.0020506729982943967
2018-05-25,0.0206,13.220000267028809,0.061630660377358495,212,-0.002385518768943073
2018-05-29,0.0557,17.020000457763672,0.03376826086956522,230,-0.01156767701107844
2018-05-30,0.0722,14.9399995803833,0.04455374592833876,307,0.013256463199218327
2018-05-31,0.0797,15.430000305175781,-0.017786619718309863,284,-0.006144745477856272
2018-06-01,0.0768,13.460000038146973,0.07096666666666665,276,0.009769804893101726
2018-06-04,0.0747,12.739999771118164,0.07911121076233185,223,0.004740164911957537
2018-06-05,0.0776,12.399999618530273,0.06497960000000001,250,0.0007273171485391942
2018-06-06,0.08,11.640000343322754,0.08917453580901859,377,0.008325795761088207
2018-06-07,0.0777,12.130000114440918,0.04609783281733747,323,-0.00010814852973372621
2018-06-08,0.0782,12.180000305175781,0.048393432835820906,335,0.002952004907865754
2018-06-11,0.0778,12.350000381469727,0.07171058394160584,274,0.001329124999213643
2018-06-12,0.0742,12.34000015258789,0.08962492581602376,337,0.0012915832391962585
2018-06-13,0.0709,12.9399995803833,0.11235630026809652,373,-0.003196033347797097
2018-06-14,0.078,12.119999885559082,0.09951680327868852,488,0.0025145935900984335
2018-06-15,0.0754,11.979999542236328,-0.0071374458874458825,462,-0.0057568829444289435
2018-06-18,0.0715,12.3100004196167,0.040511835748792274,414,-0.0020589410069597174
2018-06-19,0.0684,13.350000381469727,0.03852664015904571,503,-0.0038401581926364673
2018-06-20,0.0624,12.789999961853027,0.04001046770601337,449,0.0017045399875246503
2018-06-21,0.0591,14.640000343322754,0.001874945533769061,459,-0.006288568780855549
2018-06-22,0.0514,13.770000457763672,0.0013316049382716135,405,0.0018215605524504461
2018-06-25,0.0519,17.329999923706055,-0.003329111111111115,450,-0.013706339472387726
2018-06-26,0.0485,15.920000076293945,0.03662636103151863,349,0.0022115972772832767
2018-06-27,0.0516,17.90999984741211,-0.012896473551637283,397,-0.008318746370276053
2018-06-28,0.0487,16.850000381469727,0.010529376854599419,337,0.005701216707823484
2018-06-29,0.0516,16.09000015258789,-0.013898611111111105,288,0.0014386048230611169
2018-07-02,0.0593,15.600000381469727,0.04684160000000001,250,0.0021356807072243403
2018-07-03,0.06,16.139999389648438,-0.03599864406779659,295,-0.003537447464279723
2018-07-05,0.0443,14.970000267028809,0.0029791666666666686,264,0.00812486423702682
2018-07-06,0.0421,13.369999885559082,-0.0055291666666666545,288,0.008422663255079442
2018-07-09,0.0392,12.6899995803833,0.03535617977528092,267,0.008964060732821678
2018-07-10,0.039,12.640000343322754,0.0821463768115942,345,0.003591957963733901
2018-07-11,0.0407,13.630000114440918,-0.0008828178694158036,291,-0.007341362398798512
2018-07-12,0.0414,12.579999923706055,0.021389473684210524,304,0.009025140287613701
2018-07-13,0.0391,12.180000305175781,0.07636872586872588,259,0.0007871806047899389
2018-07-16,0.0345,12.829999923706055,0.07154203389830509,295,-0.0008945664750428539
2018-07-17,0.0341,12.0600004196167,0.10268477611940297,335,0.004037106955921009
2018-07-18,0.0351,12.100000381469727,0.13414535315985132,269,0.0021013892624929227
2018-07-19,0.0324,12.869999885559082,0.057339423076923066,312,-0.0037785578169255564
2018-07-20,0.0253,12.859999656677246,0.08171926910299002,301,-0.0011435368899324159
2018-07-23,0.0226,12.619999885559082,0.0566827205882353,272,0.0018576111890104257
2018-07-24,0.0197,12.40999984741211,0.030761684782608694,368,0.005019405531929277
2018-07-25,0.0201,12.289999961853027,0.04800125899280575,556,0.008486400193444807
2018-07-26,0.0168,12.140000343322754,0.02875686900958468,626,-0.0023619061672846917
2018-07-27,0.0185,13.029999732971191,0.06103678861788618,492,-0.006799313952093535
2018-07-30,0.0136,14.260000228881836,-0.006336500000000003,400,-0.005237203675095492
2018-07-31,0.0135,12.829999923706055,0.08563510638297873,376,0.00491725038771483
2018-08-01,0.0093,13.149999618530273,0.05894009433962266,424,-0.0016720374025657521
2018-08-02,0.0067,12.1899995803833,0.09410923423423426,444,0.00543287371593472
2018-08-03,0.0069,11.640000343322754,0.09069588607594936,316,0.004275670079224741
2018-08-06,0.0079,11.270000457763672,0.10437446808510639,329,0.003660459201019565
2018-08-07,0.0072,10.930000305175781,0.04340249554367201,561,0.00329687760242284
2018-08-08,0.0067,10.850000381469727,0.08003278688524591,427,-0.0004202687152244611
2018-08-09,0.0056,11.270000457763672,0.07002887828162292,419,-0.0013670944295027395
2018-08-10,0.0143,13.15999984741211,0.08849808306709266,313,-0.006722667999259242
2018-08-13,0.0182,14.779999732971191,0.006667774086378744,301,-0.0037504821950417855
2018-08-14,0.0194,13.3100004196167,0.03166198830409357,342,0.006360402336152668
2018-08-15,0.0235,14.640000343322754,0.0482858769931663,439,-0.007495421687086555
2018-08-16,0.0225,13.449999809265137,0.07083719376391984,449,0.008058854565280422
2018-08-17,0.021,12.640000343322754,0.08349240837696337,382,0.0035142010040534032
2018-08-20,0.0196,12.489999771118164,0.09005855263157896,304,0.0021376696150321346
2018-08-21,0.0173,12.859999656677246,0.04016883561643835,292,0.0023425576654248943
2018-08-22,0.0151,12.25,0.07091316614420062,319,-0.0005938163953526431
2018-08-23,0.0142,12.40999984741211,0.12188777429467083,319,-0.0013287814676808238
2018-08-24,0.0127,11.989999771118164,0.08352337662337661,385,0.006000370927635234
2018-08-27,0.0092,12.15999984741211,0.10370214797136038,419,0.007864333972650215
2018-08-28,0.0112,12.5,0.07115272108843539,294,0.0004830589898629278
2018-08-29,0.0071,12.25,0.0865558080808081,396,0.005366361323691596
2018-08-30,0.0077,13.529999732971191,0.07726749379652607,403,-0.004056601512742224
2018-08-31,0.0122,12.859999656677246,0.1035747603833866,313,3.448017043630606e-05
2018-09-04,0.014,13.15999984741211,0.04881305555555557,360,-0.0017237817279795312
2018-09-05,0.0163,13.90999984741211,0.02466478873239437,497,-0.0026950426934643306
2018-09-06,0.018,14.649999618530273,0.02757306930693071,505,-0.003014590593621199
2018-09-07,0.0196,14.880000114440918,0.03938373015873017,504,-0.001945247067113778
2018-09-10,0.0185,14.15999984741211,0.038440073529411777,272,0.0017370162067597659
2018-09-11,0.0177,13.220000267028809,0.06350350318471336,314,0.0032919780210391766
2018-09-12,0.0178,13.140000343322754,0.05703025404157045,433,0.0002421686584574769
2018-09-13,0.0126,12.369999885559082,0.07841543778801842,434,0.005897047898963309
2018-09-14,0.0104,12.069999694824219,0.1174784210526316,380,0.00017196992111143846
2018-09-17,0.0094,13.680000305175781,0.05322785145888595,377,-0.005308373230784791
2018-09-18,0.0091,12.789999961853027,0.037635933806146576,423,0.005411499028350448
2018-09-19,0.0086,11.75,0.05714388888888889,540,0.001065045901419516
2018-09-20,0.0047,11.800000190734863,0.07916057268722468,454,0.008071129316734715
2018-09-21,0.0055,11.680000305175781,0.06757381615598886,359,-0.005430607129735593
2018-09-24,0.0054,12.199999809265137,0.08066812080536914,298,-0.0033275660804232346
2018-09-25,0.0049,12.420000076293945,0.12339148264984226,317,-0.0009281641822477785
2018-09-26,0.0047,12.890000343322754,0.09741171171171169,333,-0.0029967303134387914
2018-09-27,0.0041,12.40999984741211,0.06127942973523423,491,0.0027903545616681496
2018-09-28,0.0059,12.119999885559082,0.07873933333333334,450,0.00010319319975419512
2018-10-01,0.0065,12.0,0.07888612440191388,418,0.003468145787024826
2018-10-02,0.0102,12.050000190734863,0.0645807594936709,395,-0.0005829464933681313
2018-10-03,0.0122,11.609999656677246,0.0735257225433526,346,0.0005486341601209336
2018-10-04,0.0143,14.220000267028809,0.019311529411764693,425,-0.007846412218619621
2018-10-05,0.017,14.819999694824219,0.06962569444444443,432,-0.005612719892668467
2018-10-08,0.031,15.6899995803833,0.08697317880794701,302,0.0
2018-10-09,0.0391,15.949999809265137,0.06980056818181818,352,-0.0014603577813288276
2018-10-10,0.0548,22.959999084472656,0.04601633393829401,551,-0.032175327738924224
2018-10-11,0.0797,24.979999542236328,-0.01768076923076923,520,-0.022272704268319985
2018-10-12,0.0944,21.309999465942383,0.08346598984771572,394,0.013792813721223516
2018-10-15,0.0984,21.299999237060547,0.10526563706563706,259,-0.005632860513300101
2018-10-16,0.1041,17.6200008392334,0.06807852112676058,284,0.021630259784663514
2018-10-17,0.1032,17.399999618530273,0.05978211920529801,302,0.00017836608767098192
2018-10-18,0.1073,20.059999465942383,0.06563554817275749,301,-0.01454642966960099
2018-10-19,0.1046,19.889999389648438,-0.0022667763157894747,304,-0.0005428169793680889
2018-10-22,0.1049,19.639999389648438,0.04821120689655173,232,-0.004498756680096918
2018-10-23,0.1259,20.709999084472656,0.04761104815864022,353,-0.005103814901447561
2018-10-24,0.1217,25.229999542236328,0.061263366336633665,505,-0.030767008987836523
2018-10-25,0.1252,24.219999313354492,0.047594683026584886,489,0.017781489427391158
2018-10-26,0.1356,24.15999984741211,0.04703273195876288,388,-0.017743878014358665
2018-10-29,0.1446,24.700000762939453,0.044986138613861394,202,-0.005555679735930936
2018-10-30,0.1395,23.350000381469727,0.02033829113924051,316,0.01470975811483792
2018-10-31,0.1313,21.229999542236328,0.04267584905660377,265,0.010624230324527811
2018-11-01,0.1088,19.34000015258789,0.0943741721854305,302,0.010585627590690578
2018-11-02,0.111,19.510000228881836,0.057153999999999996,250,-0.005940593358602918
2018-11-05,0.1154,19.959999084472656,0.09620207253886011,193,0.005501774145743519
2018-11-06,0.114,19.90999984741211,0.0919289617486339,183,0.0063079476191934235
2018-11-07,0.1218,16.360000610351562,0.18623643410852717,258,0.021182942264952046
2018-11-08,0.1157,16.719999313354492,0.10325555555555557,243,-0.0018165656782744369
2018-11-09,0.1041,17.360000610351562,0.07002413793103449,261,-0.009816258332266129
2018-11-12,0.0842,20.450000762939453,0.061960408163265285,245,-0.018861977910483718
2018-11-13,0.0817,20.020000457763672,0.054261904761904775,252,-0.001872867488496103
2018-11-14,0.0854,21.25,0.05437925311203319,241,-0.006860150527645864
2018-11-15,0.0918,19.979999542236328,-0.004129065743944636,289,0.01038254163095934
2018-11-16,0.0949,18.139999389648438,0.0678075892857143,224,0.002597246901833087
2018-11-19,0.1052,20.100000381469727,0.015568595041322313,242,-0.017059178822574482
2018-11-20,0.1296,22.479999542236328,0.06339449838187701,309,-0.01867955357480556
2018-11-21,0.1438,20.799999237060547,0.06680508474576273,236,0.0034017265425041
2018-11-23,0.1503,21.520000457763672,0.06583941176470587,170,-0.006701102367690993
2018-11-26,0.1591,18.899999618530273,0.14949189189189188,148,0.016015415321976274
2018-11-27,0.1604,19.020000457763672,0.11806011235955056,178,0.0033588160210941014
2018-11-28,0.1478,18.489999771118164,0.08213471074380166,242,0.022764226209489338
2018-11-29,0.1456,18.790000915527344,0.08428042328042329,189,-0.0021874574443871125
2018-11-30,0.129,18.06999969482422,0.0330390625,192,0.006076771771168585
2018-12-03,0.1386,16.440000534057617,0.06301219512195123,246,0.01315450635189911
2018-12-04,0.1358,20.739999771118164,0.03525610687022901,262,-0.032938972726007744
2018-12-06,0.1556,21.190000534057617,-0.006329581993569145,311,-0.001518279337333273
2018-12-07,0.1631,23.229999542236328,0.0697598615916955,289,-0.023510162043045117
2018-12-10,0.1873,22.639999389648438,0.0023771276595744737,188,0.0018952321119764235
2018-12-11,0.191,21.760000228881836,0.09542900432900436,231,0.00022717742319274082
2018-12-12,0.199,21.459999084472656,0.06859358108108107,296,0.005022713334834678
2018-12-13,0.2002,20.649999618530273,0.08191932773109244,238,-0.0003390778254033106
2018-12-14,0.1877,21.6299991607666,0.031095652173913045,230,-0.018637364083155077
2018-12-17,0.1957,24.520000457763672,0.05232346938775508,196,-0.019813379448779447
2018-12-18,0.1957,25.579999923706055,0.060362801932367156,207,-0.001097088026179746
2018-12-19,0.1887,25.579999923706055,0.013169202898550714,276,-0.015088990911623237
2018-12-20,0.1964,28.3799991607666,0.07632222222222222,279,-0.016411886126272028
2018-12-21,0.1749,30.110000610351562,0.02759404761904762,336,-0.02652501947718206
2018-12-24,0.1768,36.06999969482422,0.09814326923076923,312,-0.026778295497672407
2018-12-26,0.1589,30.40999984741211,0.05442108843537417,294,0.049289909317996004
2018-12-27,0.162,29.959999084472656,0.023217073170731704,287,0.007648047996319477
2018-12-28,0.1724,28.34000015258789,0.0803048309178744,207,-0.0012908207168937115
2018-12-31,0.1701,25.420000076293945,0.053442944785276086,163,0.008720686114660408
2019-01-02,0.1176,23.219999313354492,0.0510217777777778,225,0.0010397701860406516
2019-01-03,0.1345,25.450000762939453,0.05277847682119206,302,-0.024152091139486728
2019-01-04,0.1543,21.3799991607666,0.059479584775086504,289,0.03294696944123263
2019-01-07,0.1585,21.399999618530273,0.0010844827586206916,174,0.007853723405748247
2019-01-08,0.1618,20.469999313354492,0.12458670212765956,188,0.009351468556684412
2019-01-09,0.1544,19.979999542236328,0.06561731448763251,283,0.004662604047895456
2019-01-10,0.1524,19.5,0.061862499999999994,200,0.003521348908550946
2019-01-11,0.1396,18.190000534057617,0.10997684210526316,190,0.0003862283308007157
2019-01-14,0.1381,19.06999969482422,0.1098464480874317,183,-0.00611960961238011
2019-01-15,0.1312,18.600000381469727,0.08693548387096775,248,0.011395631602565357
2019-01-16,0.1326,19.040000915527344,0.10740443349753696,203,0.0024169150781274914
2019-01-17,0.1337,18.059999465942383,0.0916441767068273,249,0.007558078730287087
2019-01-18,0.1481,17.799999237060547,0.05952019867549668,302,0.013222209602931542
2019-01-22,0.1433,20.799999237060547,0.09746526946107784,167,-0.013602591137040479
2019-01-23,0.1422,19.520000457763672,0.15433061224489794,196,0.0020902522366409632
2019-01-24,0.1206,18.889999389648438,0.08119623430962344,239,0.0005312894201534258
2019-01-25,0.1066,17.420000076293945,0.09210148514851486,202,0.00842583732694401
2019-01-28,0.1133,18.8700008392334,0.10471794871794873,195,-0.007629258522316065
2019-01-29,0.1159,19.1299991607666,0.0316030172413793,232,-0.0013278682247815595
2019-01-30,0.1111,17.65999984741211,0.04840699588477366,243,0.01570676929998593
2019-01-31,0.1039,16.56999969482422,0.16947370129870123,308,0.008744102128510768
2019-02-01,0.1022,16.139999389648438,0.10942153846153845,195,0.0004815085008072138
2019-02-04,0.089,15.729999542236328,0.11701803278688527,183,0.007010817745824104
2019-02-05,0.0966,15.569999694824219,0.08119934640522877,153,0.004183085590188793
2019-02-06,0.0926,15.380000114440918,0.0852541095890411,146,-0.001319126204606274
2019-02-07,0.0976,16.3700008392334,0.09408476821192054,151,-0.009578527266094447
2019-02-08,0.0976,15.720000267028809,0.033754210526315775,190,0.0012207935612057648
2019-02-11,0.0947,15.970000267028809,0.07939,150,0.0005544138732615392
2019-02-12,0.0897,15.430000305175781,0.12118430232558139,172,0.01277742078377807
2019-02-13,0.0873,15.649999618530273,0.11978275862068967,203,0.0032416722801614796
2019-02-14,0.0854,16.219999313354492,0.10944666666666668,225,-0.0022206731625570315
2019-02-15,0.0935,14.90999984741211,0.1128320652173913,184,0.010838312654595526
2019-02-19,0.0893,14.880000114440918,0.18210215827338128,139,0.0017290843444572733
2019-02-20,0.0892,14.020000457763672,0.15904152046783623,171,0.002013438816184354
2019-02-21,0.0786,14.460000038146973,0.08482857142857145,182,-0.0035622087717305444
2019-02-22,0.0706,13.510000228881836,0.0801439024390244,246,0.006180848820195919
2019-02-25,0.0675,14.850000381469727,0.11470058139534886,172,0.0013603065239562613
2019-02-26,0.0608,15.170000076293945,0.07481005291005292,189,-0.0007157028820414423
2019-02-27,0.0563,14.699999809265137,0.06977641509433964,212,-0.0004296895897642695
2019-02-28,0.056,14.779999732971191,0.13388076923076922,130,-0.0018642707295814414
2019-03-01,0.0548,13.569999694824219,0.05065138121546961,181,0.006224383297258263
2019-03-04,0.0492,14.630000114440918,0.07994275862068966,145,-0.0036441021995717456
2019-03-05,0.0476,14.739999771118164,0.08511564245810056,179,-0.0013610005125166476
2019-03-06,0.042,15.739999771118164,0.07404606060606063,165,-0.006075340033059994
2019-03-07,0.0276,16.59000015258789,0.043782258064516126,186,-0.00840058828033787
2019-03-08,0.0382,16.049999237060547,0.058015999999999984,175,-0.002001996443957229
2019-03-11,0.0519,14.329999923706055,0.02461206896551724,174,0.014397105360716386
2019-03-12,0.0563,13.770000457763672,0.04543979057591624,191,0.003763873770286568
2019-03-13,0.0616,13.40999984741211,0.057885786802030464,197,0.006597410473970337
2019-03-14,0.0596,13.5,0.06533148148148149,162,-0.000639973980175984
2019-03-15,0.058,12.880000114440918,0.17428773006134968,163,0.0005333400882334389
2019-03-18,0.0615,13.100000381469727,0.09370256410256413,156,0.0036192965574422
2019-03-19,0.0551,13.5600004196167,0.09933971631205674,141,0.00024793202768967686
2019-03-20,0.0565,13.90999984741211,0.061204278074866315,187,-0.003014475661975376
2019-03-21,0.0576,13.630000114440918,0.08845312500000001,224,0.011231393051487988
2019-03-22,0.0586,16.479999542236328,0.09993376623376622,231,-0.01943396344627371
2019-03-25,0.0717,16.329999923706055,0.07213834586466167,133,-0.0007522666061259927
2019-03-26,0.0736,14.680000305175781,0.10598344370860929,151,0.007426435726463338
2019-03-27,0.0837,15.149999618530273,0.1059181818181818,132,-0.005242807627602643
2019-03-28,0.0902,14.430000305175781,0.14128780487804876,164,0.0037832780734960493
2019-03-29,0.0869,13.710000038146973,0.1294993865030675,163,0.006285712996999891
2019-04-01,0.0902,13.399999618530273,0.06838986486486487,148,0.011789391005819612
2019-04-02,0.0868,13.359999656677246,0.0972596153846154,208,0.0004897329633613274
2019-04-03,0.0794,13.739999771118164,0.1151005076142132,197,0.0015723974501072329
2019-04-04,0.0795,13.579999923706055,0.087558024691358,243,0.0026498594304710924
2019-04-05,0.0726,12.819999694824219,0.1119972222222222,180,0.00482854485141518
2019-04-08,0.0646,13.180000305175781,0.12907748344370865,151,0.0007620937553832577
2019-04-09,0.055,14.279999732971191,0.09637103825136614,183,-0.005138046264924557
2019-04-10,0.0477,13.300000190734863,0.09061623931623931,234,0.0034051838877499486
2019-04-11,0.0426,13.020000457763672,0.11501193181818183,176,-0.0002775961504166229
2019-04-12,0.0394,12.010000228881836,0.17174055944055944,286,0.00674315615413969
2019-04-15,0.0374,12.319999694824219,0.07273970588235296,204,-0.0006550340323746307
2019-04-16,0.0359,12.180000305175781,0.153603125,256,0.0006550340323745708
2019-04-17,0.0311,12.600000381469727,0.06161981981981981,222,-0.002449894897439293
2019-04-18,0.0286,12.09000015258789,0.09775714285714288,224,0.001967235540263141
2019-04-22,0.0255,12.420000076293945,0.09975124999999999,160,0.0008616382323780712
2019-04-23,0.0248,12.279999732971191,0.11206837944664032,253,0.008951499012848906
2019-04-24,0.0246,13.140000343322754,0.0747751937984496,258,-0.002221784437925413
2019-04-25,0.0224,13.25,0.12664018691588788,321,-0.0006162223571992094
2019-04-26,0.0202,12.729999542236328,0.141731081081081,296,0.004645982083609567
2019-04-29,0.017,13.109999656677246,0.1845527896995708,233,0.0015665152911773707
2019-04-30,0.0144,13.119999885559082,0.09792720848056534,283,0.0005102788065382311
2019-05-01,0.0132,14.800000190734863,0.0626372093023256,258,-0.007544857686864009
2019-05-02,0.0126,14.420000076293945,0.09718489932885907,298,-0.0021612896914326185
2019-05-03,0.0096,12.869999885559082,0.08317590361445783,249,0.009740191305968461
2019-05-06,0.0074,15.4399995803833,0.06700925925925927,324,-0.004123688019534811
2019-05-07,0.0092,19.31999969482422,0.07803174603174605,252,-0.016840741177932043
2019-05-08,0.0117,19.399999618530273,0.07020037313432836,268,-0.0013901712259481384
2019-05-09,0.0244,19.100000381469727,0.09295191082802547,314,-0.0030303411039887115
2019-05-10,0.0298,16.040000915527344,0.083391961414791,311,0.005010806005722352
2019-05-13,0.0429,20.549999237060547,0.0618749019607843,255,-0.02545139089151207
2019-05-14,0.0511,18.059999465942383,0.10569105263157896,190,0.0090030333354504
2019-05-15,0.0538,16.440000534057617,0.10085526315789473,228,0.0058403701425228565
2019-05-16,0.0563,15.289999961853027,0.15092291666666666,192,0.009218637124873778
2019-05-17,0.0556,15.960000038146973,0.10063480662983429,181,-0.006486112083815541
2019-05-20,0.0642,16.309999465942383,0.04175000000000001,186,-0.006633991589894881
2019-05-21,0.0616,14.949999809265137,0.07429809523809525,105,0.008975264330872007
2019-05-22,0.0608,14.75,0.11945754716981132,106,-0.0030761895837895115
2019-05-23,0.0718,16.920000076293945,0.06324391891891891,148,-0.012293830495202978
2019-05-24,0.0736,15.850000381469727,0.034816504854368935,103,0.002265752281506773
2019-05-28,0.0685,17.5,0.08978526315789474,95,-0.009344053622205415
2019-05-29,0.0804,17.899999618530273,0.08588260869565216,138,-0.006733326325221417
2019-05-30,0.0814,17.299999237060547,-0.007707284768211914,151,0.0027274726482023966
2019-05-31,0.0823,18.709999084472656,0.04700765957446809,235,-0.013566904278608705
2019-06-03,0.0807,18.860000610351562,0.04442176470588235,170,-0.002546130046076572
2019-06-04,0.086,16.969999313354492,0.034841450777202077,193,0.021474402541057206
2019-06-05,0.0821,16.09000015258789,0.0530508695652174,230,0.00862484793483843
2019-06-06,0.0781,15.930000305175781,0.04754262295081967,244,0.0064816219771665325
2019-06-07,0.0789,16.299999237060547,0.09810889830508475,236,0.009957305414700513
2019-06-10,0.0706,15.9399995803833,0.04579135135135134,185,0.004578438629390509
2019-06-11,0.0648,15.989999771118164,0.12901318681318683,182,-0.0002422943746959857
2019-06-12,0.0647,15.90999984741211,0.061445493562231765,233,-0.0017668048057677373
2019-06-13,0.0584,15.819999694824219,0.09528,170,0.00411776944390607
2019-06-14,0.0547,15.279999732971191,0.05632046783625731,171,-0.0011055795772838002
2019-06-17,0.0447,15.350000381469727,0.08915062500000001,160,0.0003801577932667984
2019-06-18,0.0308,15.149999618530273,0.1877845410628019,207,0.010416577802197647
2019-06-19,0.0247,14.329999923706055,0.09143128834355829,163,0.0022546508773736394
2019-06-20,0.0257,14.75,0.0718225296442688,253,0.00950896207356596
2019-06-21,0.0252,15.399999618530273,0.055348372093023256,215,-0.006306552614024858
2019-06-24,0.0214,15.260000228881836,0.06731088435374152,147,-0.0012251902104004116
2019-06-25,0.0215,16.280000686645508,0.06361158536585367,164,-0.009856358925298136
2019-06-26,0.0192,16.209999084472656,0.11196009852216751,203,-0.0009979132649959425
2019-06-27,0.0215,15.819999694824219,0.15330617283950618,162,0.0035397008525598983
2019-06-28,0.0204,15.079999923706055,0.08346857142857142,175,0.005132603226520216
2019-07-01,0.0166,14.0600004196167,0.12379852216748768,203,0.009037548842095075
2019-07-02,0.0162,12.930000305175781,0.11652995169082128,207,0.002600920307729814
2019-07-03,0.0145,12.569999694824219,0.06744897959183672,196,0.007963334238251185
2019-07-05,0.0126,13.279999732971191,0.11316384615384614,130,-0.0011385205318621082
2019-07-08,0.0128,13.960000038146973,0.04323857142857144,140,-0.005509972729984998
2019-07-09,0.0133,14.09000015258789,0.10059447513812154,181,0.001245753973685271
2019-07-10,0.0114,13.029999732971191,0.11283529411764706,238,0.00476665199014585
2019-07-11,0.0129,12.930000305175781,0.08172432432432433,185,0.0023414923296165937
2019-07-12,0.0145,12.390000343322754,0.12057458563535911,181,0.004466959747767127
2019-07-15,0.016,12.680000305175781,0.0795433962264151,159,0.00033257767027727755
2019-07-16,0.0135,12.859999656677246,0.07502582781456953,151,-0.0032304866243351086
2019-07-17,0.0134,13.970000267028809,0.14193166666666665,240,-0.0068282785807129015
2019-07-18,0.0115,13.529999732971191,0.1401557603686636,217,0.003654215241084162
2019-07-19,0.0113,14.449999809265137,0.1039005208333333,192,-0.005570394083371622
2019-07-22,0.0131,13.529999732971191,0.08061082802547771,157,0.002453428423312244
2019-07-23,0.0097,12.609999656677246,0.08544913793103447,232,0.007124626357165882
2019-07-24,0.0091,12.069999694824219,0.07155762711864407,295,0.0046885338992122775
2019-07-25,0.0083,12.739999771118164,0.1092185430463576,302,-0.004788524830942085
2019-07-26,0.0068,12.15999984741211,0.17218601694915256,236,0.006677687088676026
2019-07-29,0.0051,12.829999923706055,0.14992613065326635,199,-0.001822852707620898
2019-07-30,0.0106,13.9399995803833,0.0901930769230769,260,-0.0024577057220653642
2019-07-31,0.0139,16.1200008392334,0.10760639730639733,297,-0.011000724758174285
2019-08-01,0.0157,17.8700008392334,0.11904479495268142,317,-0.008746054656595139
2019-08-02,0.0343,17.610000610351562,0.08275535168195716,327,-0.007558001636935497
2019-08-05,0.058,24.59000015258789,0.02482103825136613,366,-0.030534562051236183
2019-08-06,0.0714,20.170000076293945,0.04964573170731707,328,0.013925491826036846
2019-08-07,0.076,19.489999771118164,0.0839804804804805,333,0.0005905602442628199
2019-08-08,0.0811,16.90999984741211,0.07384236453201969,406,0.019430085399064805
2019-08-09,0.104,17.969999313354492,0.11772992957746481,284,-0.006834829537225516
2019-08-12,0.1074,21.09000015258789,0.08210590909090908,220,-0.012248036560968258
2019-08-13,0.1049,17.520000457763672,0.08275897435897435,312,0.01543201892451634
2019-08-14,0.1184,22.100000381469727,0.04624846743295019,522,-0.030013508527833754
2019-08-15,0.1257,21.18000030517578,-0.007950925925925919,432,0.002638291974810791
2019-08-16,0.1462,18.469999313354492,0.04755714285714285,308,0.014647209402758953
2019-08-19,0.1526,16.8799991607666,0.08788666666666668,270,0.011975711839357873
2019-08-20,0.1631,17.5,0.001985770750988164,253,-0.0076920481599652675
2019-08-21,0.1606,15.800000190734863,0.11827264957264955,351,0.008102546592543804
2019-08-22,0.1749,16.68000030517578,0.06223393939393939,330,-0.0003078841215291663
2019-08-23,0.1816,19.8700008392334,0.0501605415860735,517,-0.026023122154553956
2019-08-26,0.1705,19.31999969482422,0.03733485342019545,307,0.01099773278241975
2019-08-27,0.1671,20.309999465942383,0.06553195488721804,266,-0.003931345687920276
2019-08-28,0.1675,19.350000381469727,0.07863263598326363,239,0.007016909077711493
2019-08-29,0.159,17.8799991607666,0.043798161764705884,272,0.01269204412996975
2019-08-30,0.1375,18.979999542236328,0.07951929824561405,285,-0.00044433402609787723
2019-09-03,0.1225,19.65999984741211,0.013747852760736196,163,-0.005864390220290473
2019-09-04,0.1115,17.329999923706055,0.09030752212389381,226,0.011286478156974084
2019-09-05,0.1312,16.270000457763672,0.09603185483870968,248,0.012773460188535899
2019-09-06,0.1314,15.0,0.11979017857142857,224,0.0007719149547857201
2019-09-09,0.1247,15.270000457763672,0.06602955665024632,203,0.0005032265567412442
2019-09-10,0.1187,15.199999809265137,0.13542467532467534,231,-0.00023479389778833577
2019-09-11,0.1173,14.609999656677246,0.102834375,256,0.007085811591525635
2019-09-12,0.1067,14.220000267028809,0.04997717842323651,241,0.0034578234743840117
2019-09-13,0.135,13.739999771118164,0.09663443396226415,212,-0.0006640732187665699
2019-09-16,0.1124,14.670000076293945,0.12656421052631578,190,-0.0030935331973263717
2019-09-17,0.1035,14.4399995803833,0.12108647342995169,207,0.0025288152959086615
2019-09-18,0.1041,13.949999809265137,0.057370403587443955,223,0.0005979624441213626
2019-09-19,0.113,14.050000190734863,0.055300588235294115,170,-6.649019064353332e-05
2019-09-20,0.1012,15.319999694824219,0.03557456896551726,232,-0.009343326984650329
2019-09-23,0.1061,14.90999984741211,-0.04498214285714285,168,-0.00023473092821791204
2019-09-24,0.1002,17.049999237060547,0.02730368852459016,244,-0.007877755495086642
2019-09-25,0.0896,15.960000038146973,0.04323564814814814,216,0.005897336435891073
2019-09-26,0.0843,16.06999969482422,0.062338565022421535,223,-0.002085349793006957
2019-09-27,0.0784,17.219999313354492,-0.005226415094339621,212,-0.005401789367287827
2019-09-30,0.0731,16.239999771118164,-0.03649999999999999,151,0.004627041562282594
2019-10-01,0.0637,18.559999465942383,0.08529054054054055,222,-0.011966037944808815
2019-10-02,0.0617,20.559999465942383,0.004408118081180816,271,-0.01782256975732099
2019-10-03,0.0741,19.1200008392334,0.07757609561752986,251,0.008159414042596264
2019-10-04,0.0762,17.040000915527344,0.07120167597765363,179,0.013441358871681356
2019-10-07,0.0769,17.860000610351562,0.09740000000000001,136,-0.004323992734015643
2019-10-08,0.0751,20.280000686645508,0.13682029702970297,202,-0.01564650102944047
2019-10-09,0.0716,18.639999389648438,0.03488066037735849,212,0.009451571885068203
2019-10-10,0.0726,17.56999969482422,0.08507038834951458,206,0.00674071872143132
2019-10-11,0.0928,15.579999923706055,0.024476495726495722,234,0.010313595972103153
2019-10-14,0.0971,14.569999694824219,0.0681320512820513,156,-0.0011143866413178003
2019-10-15,0.1076,13.539999961853027,0.0592825396825397,189,0.009851608993839914
2019-10-16,0.1078,13.680000305175781,0.061040000000000004,210,-0.0016073235020462092
2019-10-17,0.1026,13.789999961853027,0.029733333333333334,210,0.0029447380856263902
2019-10-18,0.097,14.25,0.1050325,200,-0.004386771567574111
2019-10-21,0.0954,14.0,0.16469175824175822,182,0.006756293820613877
2019-10-22,0.0893,14.460000038146973,0.08221198156682026,217,-0.0032720579067960155
2019-10-23,0.082,14.010000228881836,0.16227966101694916,295,0.002905360610081085
2019-10-24,0.0749,13.710000038146973,0.11911269349845201,323,0.001632620885338126
2019-10-25,0.0687,12.649999618530273,0.12779407114624508,253,0.004086624568167749
2019-10-28,0.0612,13.109999656677246,0.08112893617021277,235,0.005620718076230189
2019-10-29,0.0563,13.199999809265137,0.11826296296296296,243,-0.0002967678740017448
2019-10-30,0.0522,12.329999923706055,0.1301175257731959,291,0.003062563302630958
2019-10-31,0.0487,13.220000267028809,0.04993139013452914,223,-0.0026668923721071673
2019-11-01,0.0461,12.300000190734863,0.15229775280898877,267,0.009221284008705375
2019-11-04,0.0445,12.829999923706055,0.10426666666666669,285,0.0040096562307791505
2019-11-05,0.0446,13.100000381469727,0.027746062992125984,508,-0.001106759036372921
2019-11-06,0.039,12.619999885559082,0.08026568627450979,510,0.00022798861467572957
2019-11-07,0.0421,12.729999542236328,0.07488806682577565,419,0.003510556766204136
2019-11-08,0.0416,12.069999694824219,0.11018841698841703,259,0.002463087100965253
2019-11-11,0.0382,12.6899995803833,0.13468620689655172,203,-0.001911569957013029
2019-11-12,0.0355,12.680000305175781,0.11882053231939162,263,0.002105755666127964
2019-11-13,0.0399,13.0,0.17077951807228917,249,0.00032359198641246465
2019-11-14,0.0405,13.050000190734863,0.08255841924398626,291,0.0014547216463183545
2019-11-15,0.0397,12.050000190734863,0.11166542372881358,295,0.007210321143979856
2019-11-18,0.0366,12.460000038146973,0.09672307692307691,195,0.0007373414343136282
2019-11-19,0.0359,12.859999656677246,0.10296456140350879,285,-0.00028847292621450566
2019-11-20,0.0318,12.779999732971191,0.08539009287925697,323,-0.0037257267963938866
2019-11-21,0.0292,13.130000114440918,0.06957096774193548,279,-0.001610202646275832
2019-11-22,0.0298,12.34000015258789,0.07087807228915663,415,0.0022214083249144432
2019-11-25,0.0239,11.869999885559082,0.145145643153527,241,0.007720326379659303
2019-11-26,0.0242,11.539999961853027,0.16976780303030306,264,0.002263102331097842
2019-11-27,0.0175,11.75,0.13881697416974173,271,0.004447635578399138
2019-11-29,0.0152,12.619999885559082,0.17157647058823527,153,-0.003715571088483604
2019-12-02,0.0084,14.90999984741211,0.043949999999999996,240,-0.008531029798460417
2019-12-03,0.0146,15.960000038146973,0.07333992094861662,253,-0.00672913193653607
2019-12-04,0.0209,14.800000190734863,0.11699500000000003,260,0.006151301101662149
2019-12-05,0.0238,14.520000457763672,0.10634163568773236,269,0.0017963614766311558
2019-12-06,0.0259,13.619999885559082,0.18913580246913583,243,0.009092586613345464
2019-12-09,0.0259,15.859999656677246,0.09965635359116025,181,-0.003149076906539473
2019-12-10,0.0243,15.680000305175781,0.10456351351351352,222,-0.00111571743447098
2019-12-11,0.0247,14.989999771118164,0.14298480392156862,204,0.0028346690886243957
2019-12-12,0.0231,13.9399995803833,0.15982239382239385,259,0.00858208537583208
2019-12-13,0.0254,12.630000114440918,0.06767431906614786,257,0.0005989516697319707
2019-12-16,0.0266,12.140000343322754,0.12306380952380955,210,0.006846522302296509
2019-12-17,0.0281,12.289999961853027,0.1395721739130435,230,0.00021909125352912617
2019-12-18,0.0289,12.579999923706055,0.10076883720930234,215,6.254776132376092e-05
2019-12-19,0.0278,12.5,0.1319031111111111,225,0.004090616263375843
2019-12-20,0.0277,12.510000228881836,0.10560294117647058,204,-0.0005298471481675991
2019-12-23,0.0307,12.609999656677246,0.11311220238095235,336,0.0015265684873094025
2019-12-24,0.0326,12.670000076293945,0.15871157894736843,190,3.116122791065835e-05
2019-12-26,0.0341,12.649999618530273,0.2100546798029557,203,0.005309143350541635
2019-12-27,0.0337,13.430000305175781,0.15657777777777776,189,-0.0002478076548954347
2019-12-30,0.0262,14.819999694824219,0.12101393034825873,201,-0.0055284759156675346
2019-12-31,0.0365,13.779999732971191,0.14193783783783784,222,0.0024263514356685496
2020-01-02,0.027,12.470000267028809,0.05881578947368422,304,0.009308464399828981
2020-01-03,0.0231,14.020000457763672,0.02094322916666666,384,-0.0076010483986278365
2020-01-06,0.02,13.850000381469727,0.06239237668161435,223,0.00380779332143604
2020-01-07,0.0184,13.789999961853027,0.0298962962962963,297,-0.002815737819690788
2020-01-08,0.0176,13.449999809265137,-0.0040736947791164616,498,0.005315384309479369
2020-01-09,0.0168,12.539999961853027,0.07024480198019799,404,0.006757763910630538
2020-01-10,0.0159,12.5600004196167,0.144323890784983,293,-0.0028818539244586834
2020-01-13,0.0174,12.319999694824219,0.12229209039548024,354,0.006853806284860935
2020-01-14,0.0178,12.390000343322754,0.1119745803357314,417,-0.001525786018845352
2020-01-15,0.0151,12.420000076293945,0.07869999999999999,372,0.0022573074615838975
2020-01-16,0.0133,12.319999694824219,0.10119291553133512,367,0.008283978494246641
2020-01-17,0.0098,12.100000381469727,0.11912936893203885,412,0.0031076970399105484
2020-01-21,0.008,12.850000381469727,0.03825909090909091,418,-0.001960119478876216
2020-01-22,0.0072,12.90999984741211,0.09445678496868479,479,0.00012075499797367417
2020-01-23,0.0068,12.979999542236328,0.10020795180722888,415,0.001146215804953398
2020-01-24,0.0052,14.5600004196167,0.013463090909090912,550,-0.008932858535968823
2020-01-27,0.0202,18.229999542236328,-0.005410303030303026,495,-0.016159270785999106
2020-01-28,0.0236,16.280000686645508,0.01355354691075515,437,0.01042465373821599
2020-01-29,0.0223,16.389999389648438,0.00608754208754209,594,-0.0008263669800950709
2020-01-30,0.0251,15.489999771118164,0.018192455858748,623,0.0032400993602699547
2020-01-31,0.0332,18.84000015258789,0.055841824440619595,581,-0.018324781429623002
2020-02-03,0.0281,17.969999313354492,0.07166054628224582,659,0.007401083897971815
2020-02-04,0.0307,16.049999237060547,0.08651429582448684,1413,0.015126295011474384
2020-02-05,0.0313,15.149999618530273,0.05315944299390778,1149,0.011481839611606393
2020-02-06,0.0279,14.960000038146973,0.0989631691648822,934,0.003359206688677661
2020-02-07,0.023,15.470000267028809,0.06952657004830919,828,-0.005343909914229443
2020-02-10,0.0178,15.039999961853027,0.11228969780219786,728,0.007437595617929694
2020-02-11,0.0188,15.180000305175781,0.09764898550724638,1035,0.0017315497884897969
2020-02-12,0.0192,13.739999771118164,0.08956739961759085,1046,0.006422105641496987
2020-02-13,0.0194,14.149999618530273,0.058660599078341015,868,-0.0010675361685061084
2020-02-14,0.0172,13.680000305175781,0.09984681318681315,910,0.0016008319963013102
2020-02-18,0.0149,14.829999923706055,0.08401705263157895,950,-0.0025803258874645633
2020-02-19,0.012,14.380000114440918,0.09577829002514668,1193,0.004769841309919101
2020-02-20,0.0131,15.5600004196167,0.05708772609819121,1548,-0.0041167086031452735
2020-02-21,0.0111,17.079999923706055,0.08407080237741459,1346,-0.010351661133344124
2020-02-24,0.0324,25.030000686645508,0.020538772338772337,1287,-0.03372784139233276
2020-02-25,0.0459,27.850000381469727,0.01734363188167626,1217,-0.030770750603140915
2020-02-26,0.0641,27.559999465942383,0.012319719350073862,1354,-0.0036849962639194165
2020-02-27,0.1139,39.15999984741211,0.021707619047619066,2100,-0.04595146753683802
2020-02-28,0.1705,40.11000061035156,0.010870202952029503,2168,-0.004210390573741874
2020-03-02,0.2149,33.41999816894531,-0.04781360095865788,1669,0.04239500466012263
2020-03-03,0.2529,36.81999969482422,-0.018815740162398505,1601,-0.02905036247634815
2020-03-04,0.2565,31.989999771118164,0.018894014732965005,1086,0.04117363701185871
2020-03-05,0.2836,39.619998931884766,-0.009643583118001725,1161,-0.03380675024137826
2020-03-06,0.3174,41.939998626708984,0.04173207249802995,1269,-0.016669275633020057
2020-03-09,0.4007,54.459999084472656,0.0018806036395916529,2253,-0.08131252304186744
2020-03-10,0.451,47.29999923706055,0.011404822695035463,1410,0.050450587293811376
2020-03-11,0.4694,53.900001525878906,-0.0015668845315904077,1377,-0.04997673845028892
2020-03-12,0.5116,75.47000122070312,0.009371864951768496,3110,-0.10056886056624313
2020-03-13,0.5636,57.83000183105469,-0.014813786555260132,2633,0.08202809219873311
2020-03-16,0.5848,82.69000244140625,0.03519423312883431,3260,-0.11588653747701536
2020-03-17,0.6186,75.91000366210938,-0.014389079013588322,1987,0.05258492094923695
2020-03-18,0.6359,76.44999694824219,0.008843622766929782,2407,-0.05195975100253782
2020-03-19,0.6347,72.0,-0.0035360638297872267,1880,0.0021227225413289978
2020-03-20,0.6722,66.04000091552734,-0.019164006427423667,1867,-0.04991337303957533
2020-03-23,0.6655,61.59000015258789,-0.026357392389270127,1603,-0.025900755458341244
2020-03-24,0.653,61.66999816894531,-0.043317262265293775,1651,0.08673099436253733
2020-03-25,0.6641,63.95000076293945,-0.02909073405535501,1662,0.014859233619037203
2020-03-26,0.6545,61.0,-0.02590420403587444,1784,0.05674869876971943
2020-03-27,0.6716,65.54000091552734,-0.010520542920029345,1363,-0.030238259991311155
2020-03-30,0.6822,57.08000183105469,-0.02626030303030303,990,0.03195952534580669
2020-03-31,0.6642,53.540000915527344,-0.018145332050048115,1039,-0.015017586594124019
2020-04-01,0.6825,57.060001373291016,-0.005364936440677965,944,-0.04604904148877963
2020-04-02,0.6692,50.90999984741211,-0.03712928416485902,922,0.022813182552417124
2020-04-03,0.662,46.79999923706055,-0.08600041666666665,1200,-0.01455967225366192
2020-04-06,0.64,45.2400016784668,-0.005001763485477174,964,0.06500673748543066
2020-04-07,0.6254,46.70000076293945,0.011090264550264569,945,0.0010189609599744974
2020-04-08,0.6047,43.349998474121094,-0.031190917968749995,1024,0.033017294838593204
2020-04-09,0.5863,41.66999816894531,-0.014627088402270881,1233,0.015102738376915347
2020-04-13,0.5416,41.16999816894531,0.022744905660377367,795,-0.009172087816788214
2020-04-14,0.519,37.7599983215332,-0.009243568840579709,1104,0.029066322582236008
2020-04-15,0.5255,40.84000015258789,0.02880792377131396,997,-0.021477091502921486
2020-04-16,0.5078,40.11000061035156,0.0017647357723577259,984,0.004812695780353366
2020-04-17,0.4892,38.150001525878906,-0.0015685609532538967,1091,0.026656961689813345
2020-04-20,0.4672,43.83000183105469,-0.008397783251231524,1218,-0.01777502481605561
2020-04-21,0.4798,45.40999984741211,0.01555469522240527,1214,-0.030833763390650033
2020-04-22,0.4761,41.97999954223633,0.0433028344671202,882,0.021951826516892335
2020-04-23,0.4604,41.380001068115234,0.04043961661341852,939,-7.173145408748019e-05
2020-04-24,0.445,35.93000030517578,0.018910238095238105,840,0.013842458314098777
2020-04-27,0.43,33.290000915527344,0.06720180305131762,721,0.014315484816994305
2020-04-28,0.4112,33.56999969482422,0.04738369565217391,828,-0.004609026663486172
2020-04-29,0.3948,31.229999542236328,0.09743694670280036,1107,0.025841699275864903
2020-04-30,0.3813,34.150001525878906,0.055215418502202664,908,-0.009354281772853417
2020-05-01,0.3924,37.189998626708984,0.06136330451488953,1041,-0.02683016199258795
2020-05-04,0.3694,35.970001220703125,0.0602748275862069,580,0.002754429163740411
2020-05-05,0.3631,33.61000061035156,0.07508710144927538,690,0.009196902343131827
2020-05-06,0.3665,34.119998931884766,0.04853445161290322,775,-0.006801801811007939
2020-05-07,0.3662,31.440000534057617,0.07900139049826191,863,0.011994593193006048
2020-05-08,0.3612,27.979999542236328,0.0523967113276492,821,0.01641079994986407
2020-05-11,0.3496,27.56999969482422,0.09208516579406631,573,0.00020514089839544992
2020-05-12,0.3542,33.040000915527344,0.07004775725593665,758,-0.020132891412706133
2020-05-13,0.3446,35.279998779296875,0.0556770538243626,706,-0.017844129300901634
2020-05-14,0.3355,32.61000061035156,0.06400109739369002,729,0.011896269895517233
2020-05-15,0.343,31.889999389648438,0.08176630094043887,638,0.004586432752557939
2020-05-18,0.3236,29.299999237060547,0.0763406857142857,875,0.03000500773344127
2020-05-19,0.3214,30.530000686645508,0.08332367724867724,756,-0.010324294894732978
2020-05-20,0.313,27.989999771118164,0.07162872200263505,759,0.016845334676130815
2020-05-21,0.3057,29.530000686645508,0.07734277777777776,720,-0.006927885641062185
2020-05-22,0.2872,28.15999984741211,0.03909157212317666,617,0.001897268327780096
2020-05-26,0.2634,28.010000228881836,0.07217541478129716,663,0.012245272426979939
2020-05-27,0.2662,27.6200008392334,0.10942487113402062,776,0.014769397145406274
2020-05-28,0.2476,28.59000015258789,0.10713868421052634,760,-0.0018466536446246286
2020-05-29,0.2464,27.510000228881836,0.0871779856115108,695,0.004446008688818559
2020-06-01,0.2614,28.229999542236328,0.034648652694610774,668,0.004033587965397369
2020-06-02,0.2445,26.84000015258789,0.050021633237822355,698,0.008246054531519834
2020-06-03,0.2442,25.65999984741211,0.07878044164037856,634,0.013220475147309174
2020-06-04,0.2437,25.809999465942383,0.056286468646864686,606,-0.0026301691177292247
2020-06-05,0.2399,24.520000457763672,0.08804759825327509,916,0.02530660249279807
2020-06-08,0.2475,25.809999465942383,0.08767253705318223,1147,0.01201500997240837
2020-06-09,0.2509,27.56999969482422,0.04559596638655463,1190,-0.0074846343424244625
2020-06-10,0.2489,27.56999969482422,0.0707125907990315,1239,-0.005595627288950511
2020-06-11,0.2769,40.790000915527344,0.058886255656108576,1768,-0.059377407948608144
2020-06-12,0.2739,36.09000015258789,0.04933983308042488,1318,0.011904529469550793
2020-06-15,0.264,34.400001525878906,0.03960912778904666,986,0.009292336713778283
2020-06-16,0.2543,33.66999816894531,0.057752024291497984,988,0.019064798523327483
2020-06-17,0.2517,33.470001220703125,0.02190398706896552,928,-0.004162497775089666
2020-06-18,0.25,32.939998626708984,-0.017172902494331056,882,0.0003849452014608686
2020-06-19,0.2437,35.119998931884766,0.04578182844243793,886,-0.010122210350604972
2020-06-22,0.2232,31.770000457763672,0.10487969465648855,655,0.0063946878036367834
2020-06-23,0.2083,31.3700008392334,0.0877974930362117,718,0.0045931078389241774
2020-06-24,0.2064,33.84000015258789,0.05499753761969905,731,-0.025839694081199537
2020-06-25,0.2066,32.220001220703125,0.08337288629737612,686,0.010663485031515948
2020-06-26,0.2061,34.72999954223633,0.06051105263157895,760,-0.024038096459339246
2020-06-29,0.1981,31.780000686645508,0.08568496621621624,592,0.014590600813082581
2020-06-30,0.2011,30.43000030517578,0.10800777777777776,630,0.012728196521442903
2020-07-01,0.2152,28.6200008392334,0.10891710144927538,690,0.006980392070335714
2020-07-02,0.2284,27.68000030517578,0.10784093872229467,767,0.005491854742917902
2020-07-06,0.2176,27.940000534057617,0.12533744680851067,705,0.01531932074415112
2020-07-07,0.2126,29.43000030517578,0.09302397660818713,684,-0.010367352129633484
2020-07-08,0.2041,28.079999923706055,0.10603632653061225,735,0.007619548988834753
2020-07-09,0.1917,29.260000228881836,0.10549544270833329,768,-0.0057091876716751115
2020-07-10,0.1819,27.290000915527344,0.11068405627198122,853,0.010158770368597723
2020-07-13,0.183,32.189998626708984,0.14232923553719007,968,-0.008696669557654454
2020-07-14,0.1893,29.520000457763672,0.06571775568181817,704,0.012875768095466747
2020-07-15,0.1952,27.760000228881836,0.0950733333333333,780,0.009145287724412185
2020-07-16,0.1959,28.0,0.11070580075662043,793,-0.00329888738868124
2020-07-17,0.1851,25.68000030517578,0.10881142857142857,665,0.002894875756376014
2020-07-20,0.1801,24.459999084472656,0.10785204582651393,611,0.008049099456827503
2020-07-21,0.1583,24.84000015258789,0.11972239884393066,692,0.002125275847297115
2020-07-22,0.1475,24.31999969482422,0.11780506329113924,711,0.005675918714983156
2020-07-23,0.1407,26.079999923706055,0.0561573407202216,722,-0.012003449762736863
2020-07-24,0.1364,25.84000015258789,0.11538696774193553,775,-0.0064612134078021995
2020-07-27,0.1298,24.739999771118164,0.11563709401709399,585,0.007265973018451793
2020-07-28,0.1216,25.440000534057617,0.1467627358490566,636,-0.006362589928741833
2020-07-29,0.1134,24.100000381469727,0.09629573863636365,704,0.012223710163119286
2020-07-30,0.1377,24.760000228881836,0.07525995500562431,889,-0.003574304927252317
2020-07-31,0.1326,24.459999084472656,0.10606207302709071,849,0.007871143932114598
2020-08-03,0.1437,24.280000686645508,0.16528915492957746,710,0.006928106146781003
2020-08-04,0.138,23.760000228881836,0.11917441340782128,895,0.0038551736353535687
2020-08-05,0.1324,22.989999771118164,0.15493274021352316,843,0.00619174651583392
2020-08-06,0.1406,22.649999618530273,0.1397308323563892,853,0.006662293756877345
2020-08-07,0.132,22.209999084472656,0.11422831753554501,844,0.0007176581385700891
2020-08-10,0.1214,22.1299991607666,0.16581955128205125,624,0.002984453160198847
2020-08-11,0.1333,24.030000686645508,0.09980606767794632,857,-0.008288928022774745
2020-08-12,0.1209,22.280000686645508,0.10756150289017342,865,0.013846051698275444
2020-08-13,0.1264,22.1299991607666,0.1135980815347722,834,-0.0018094117950114884
2020-08-14,0.1293,22.049999237060547,0.10090483425414366,724,2.9717119300824814e-05
2020-09-29,0.1234,26.270000457763672,-0.1417894810438156,1,-0.005460909306988011
2020-10-01,0.1258,26.700000762939453,0.7625,10,0.006399479587811491
2020-10-02,0.1312,27.6299991607666,0.3768185185185183,108,-0.009539817709959986
2020-10-05,0.1137,27.959999084472656,-0.3439646616541353,133,0.017577689434087954
2020-10-06,0.1077,29.479999542236328,0.028945544554455492,202,-0.014317981848638596
2020-10-07,0.1042,28.059999465942383,-0.1445050632911392,79,0.017256912933913654
2020-10-08,0.0955,26.360000610351562,0.044861995249406206,421,0.008823468516178457
2020-10-09,0.0928,25.0,0.24785210157618304,1142,0.008890513079114816
2020-10-12,0.0872,25.06999969482422,-0.16686901960784328,255,0.015959572761759168
2020-10-13,0.0817,26.06999969482422,-0.12090337078651682,89,-0.006547472151973233
2020-10-14,0.0771,26.399999618530273,-0.16605909090909102,352,-0.006303238972997072
2020-10-15,0.0929,26.969999313354492,-0.29676839999999993,250,-0.0012366240602409524
2020-10-16,0.0955,27.40999984741211,-0.16451734317343167,271,-0.0006044746150335752
2020-10-19,0.0917,29.18000030517578,-0.27535,14,-0.01532018543497615
2020-10-20,0.081,29.350000381469727,-0.07397319587628867,97,0.003997714914079781
2020-10-21,0.0926,28.649999618530273,-0.08265730337078653,89,-0.0018947226418669315
2020-10-22,0.0929,28.110000610351562,0.02332702702702702,37,0.005470303091080673
2020-10-23,0.0996,27.549999237060547,-0.12073999999999999,10,0.0033894308282106864
2020-10-26,0.1146,32.459999084472656,-0.2495816326530613,147,-0.01865279937878164
2020-10-27,0.1135,33.349998474121094,0.19089466666666666,75,-0.003453356836822834
2020-10-28,0.1253,40.279998779296875,-0.17118193832599105,227,-0.0347766890949763
2020-10-29,0.1223,37.59000015258789,-0.3250695817490491,263,0.010112194021458154
2020-10-30,0.1197,38.02000045776367,-0.4832096774193548,124,-0.01047960099113011
2020-11-02,0.1248,37.130001068115234,-0.0457,5,0.011146089588536665
2020-11-03,0.1192,35.54999923706055,-0.28987391304347826,23,0.01750186960441162
2020-11-04,0.1244,29.56999969482422,-0.0709,4,0.022103140022991602
2020-11-05,0.1121,27.579999923706055,-0.2076,5,0.01931502780985749
2020-11-06,0.1072,24.860000610351562,-0.254675,4,-0.00022840255085774324
2020-11-09,0.0583,25.75,-0.086121875,32,0.012487373892100521
2020-11-10,0.0689,24.799999237060547,-0.2459850574712642,87,-0.001467651996983042
2020-11-11,0.0717,23.450000762939453,0.2762349112426036,169,0.007401096949917688
2020-11-12,0.0897,25.350000381469727,0.19244340659340672,182,-0.00974826547845668
2020-11-13,0.0969,23.100000381469727,-0.04810617977528092,178,0.013749537340944966
2020-11-16,0.1003,22.450000762939453,0.070997227191413,1118,0.012405285253222402
2020-11-17,0.1012,22.709999084472656,0.10184631811487498,1358,-0.005392820493601607
2020-11-18,0.099,23.84000015258789,0.10962541666666671,480,-0.012107823670750925
2020-11-19,0.0979,23.110000610351562,0.002141095890410948,146,0.004201333813765502
2020-11-20,0.0921,23.700000762939453,0.06584520547945202,146,-0.006871371590023763
2020-11-23,0.0855,22.65999984741211,-0.04176774193548387,31,0.005976546496514336
2020-11-24,0.0733,21.639999389648438,0.10137187500000001,32,0.015985270793455963
2020-11-25,0.0647,21.25,-0.12996369426751592,157,-0.0015429483273409826
2020-11-27,0.0586,20.84000015258789,-0.3516662337662337,77,0.0027811336248563354
2020-11-30,0.0536,20.56999969482422,-0.008693103448275858,116,-0.004436962743950226
2020-12-01,0.0315,20.770000457763672,0.010958181818181815,55,0.010878009496786719
2020-12-02,0.0305,21.170000076293945,-0.38045277777777775,36,0.002101553792160207
2020-12-03,0.0283,21.280000686645508,0.1294932203389829,295,-0.00027268937840814114
2020-12-04,0.0277,20.790000915527344,-0.045707831325301186,166,0.008580723421316999
2020-12-07,0.026,21.299999237060547,0.3222776892430281,251,-0.0020570277183633748
2020-12-08,0.0229,20.68000030517578,0.35358302752293574,218,0.0029218890348672224
2020-12-09,0.0198,22.270000457763672,0.07138192090395484,177,-0.009009334055422738
2020-12-10,0.0217,22.520000457763672,-0.18159012345679018,81,-0.00032714936465622605
2020-12-11,0.0243,23.309999465942383,-0.08072636363636367,110,-0.0011732759734402675
2020-12-14,0.0244,24.719999313354492,0.08299565217391305,23,-0.004487213805949941
2020-12-15,0.0278,22.889999389648438,0.1865099056603774,212,0.013428850562282912
2020-12-16,0.0237,22.5,-0.27496756756756746,74,0.0015681226371862288
2020-12-17,0.0216,21.93000030517578,-0.7534252336448601,107,0.0055763854485796
2020-12-18,0.0227,21.56999969482422,-0.41280204081632654,49,-0.008254471160338154
2020-12-21,0.0259,25.15999984741211,-0.08913478260869563,46,-0.0035819189593352158
2020-12-22,0.0289,24.229999542236328,0.06349666666666665,150,-0.0016868324984086337
2020-12-23,0.0278,23.309999465942383,0.24090824742268047,97,0.000898237947576225
2020-12-24,0.0283,21.530000686645508,0.20266106194690262,113,0.003882847409394716
2020-12-28,0.0336,21.700000762939453,0.11150666666666667,15,0.008554131171718198
2020-12-29,0.0308,23.079999923706055,0.3943829787234042,47,-0.0019096114566623322
2020-12-30,0.0284,22.770000457763672,0.05750735294117648,68,0.0014257821834272697
2020-12-31,0.0248,22.75,0.2560172413793105,174,0.005067957435210907
2021-01-04,0.0244,26.969999313354492,0.00044285714285713373,14,-0.013707503856706086
2021-01-05,0.0209,25.34000015258789,-0.10504148936170211,94,0.0068637194394418535
2021-01-06,0.0208,25.06999969482422,0.126875,12,0.005960712786412508
2021-01-07,0.0218,22.3700008392334,0.055061946902654854,113,0.014748206878934089
2021-01-08,0.0218,21.559999465942383,0.0664531690140846,284,0.00568154407760871
2021-01-11,0.0155,24.079999923706055,0.1717411111111111,90,-0.006763647820054094
2021-01-12,0.0152,23.329999923706055,0.046267692307692315,65,0.0002111968248231544
2021-01-13,0.014,22.209999084472656,0.10437583892617454,149,0.002689359178759961
2021-01-14,0.0181,23.25,0.13501719136894155,2827,-0.0035081264856747932
2021-01-15,0.0113,24.34000015258789,0.12631842105263158,190,-0.007319379326411326
2021-01-19,0.0105,23.239999771118164,-0.09107946428571426,112,0.007821294369327695
2021-01-20,0.0104,21.579999923706055,-0.4119660463740855,2194,0.013743811934587761
2021-01-21,0.0097,21.31999969482422,-0.3670491351266421,2343,0.0009112405658674767
2021-01-22,0.0111,21.90999984741211,-0.3113809963162999,5453,-0.0035456950282216223
2021-01-25,0.0098,23.190000534057617,-0.36161372648058104,10041,0.003936063384946354
2021-01-26,0.0105,23.020000457763672,-0.3381166730073663,6154,-0.0015621500362329908
2021-01-27,0.0125,37.209999084472656,-0.2036996992921079,57657,-0.024744086832159302
2021-01-28,0.0161,30.209999084472656,-0.14021605240304408,10021,0.008563429768650509
2021-01-29,0.0178,33.09000015258789,-0.10784893877412223,17433,-0.02022269647323826
2021-02-01,0.0202,30.239999771118164,-0.0505814035212937,1095,0.016508490980280167
2021-02-02,0.023,25.559999465942383,-0.06843540379892692,1837,0.014041184037211015
2021-02-03,0.0276,22.90999984741211,-0.06122935464829352,2490,0.000786005576084967
2021-02-04,0.0215,21.770000457763672,-0.04545143634953315,1708,0.011301605342968543
2021-02-05,0.0195,20.8700008392334,-0.10218247505167198,2362,0.003928132782376073
2021-02-08,0.0221,21.239999771118164,-0.022398661176673107,328,0.007195986710037045
2021-02-09,0.0198,21.6299991607666,-0.05421819531701625,190,-0.0006660427582991057
2021-02-10,0.0196,21.989999771118164,-0.054795198200128535,223,-0.0004357475256623747
2021-02-11,0.0215,21.25,-0.01166971865534209,208,0.0016137630790994486
2021-02-12,0.0201,19.969999313354492,-0.03476050696938332,199,0.004927623881120012
2021-02-16,0.0132,21.459999084472656,-0.08266113593699412,160,-0.0008663767311644201
2021-02-17,0.0105,21.5,-0.09238476168776925,265,0.00022945839907139974
2021-02-18,0.0093,22.489999771118164,-0.12149239630556136,649,-0.0042650864514255605
2021-02-19,0.0094,22.049999237060547,-0.03950518967080529,389,-0.0017675379341602648
2021-02-22,0.0079,23.450000762939453,0.22738388893136044,1007,-0.007721449861292021
2021-02-23,0.0068,23.110000610351562,0.20361256396176436,1228,0.0012136425422739111
2021-02-24,0.0066,21.34000015258789,0.10360017121212674,884,0.010959056064222558
2021-02-25,0.0055,28.889999389648438,-0.14041287794753618,8333,-0.02439082995098161
2021-02-26,0.0095,27.950000762939453,0.21552061558404775,8809,-0.005165940747434498
2021-03-01,0.015,23.350000381469727,0.01264036642691802,207,0.02395106712203497
2021-03-02,0.0154,24.100000381469727,0.1166927642900576,885,-0.007833823617744123
2021-03-03,0.0154,26.670000076293945,0.3099010955749414,3233,-0.013334212282538064
2021-03-04,0.0143,28.56999969482422,0.17307631270337887,1508,-0.012452018277786133
2021-03-05,0.0132,24.65999984741211,-0.055806579689391914,742,0.018229412041131404
2021-03-08,0.0163,25.469999313354492,0.11404482434678308,255,-0.004991200397351102
2021-03-09,0.0162,24.030000686645508,0.2982708517847118,813,0.014176548996697468
2021-03-10,0.0161,22.559999465942383,0.10935677757069945,2238,0.006205293537590554
2021-03-11,0.0139,21.90999984741211,0.11430263980435038,4296,0.010088099450077105
2021-03-12,0.0119,20.690000534057617,0.1253664284195982,1213,0.0013458750409823536
2021-03-15,0.0123,20.030000686645508,-0.02257666578953306,2495,0.005945862646910351
2021-03-16,0.0112,19.790000915527344,-0.05263729740932476,2004,-0.0012621164725121602
2021-03-17,0.0092,19.229999542236328,0.1324557941255148,661,0.0034040808005609087
2021-03-18,0.0081,21.579999923706055,0.06982809980993694,245,-0.01465654612606892
2021-03-19,0.0077,20.950000762939453,-0.01702798441221986,250,-0.00512191230295539
2021-03-22,0.0063,18.8799991607666,-0.004361617603555099,65,0.007953256654126096
2021-03-23,0.0038,20.299999237060547,-0.0037399140052356596,132,-0.007901935661560477
2021-03-24,0.0027,21.200000762939453,0.030209463697885595,174,-0.00509643329642724
2021-03-25,0.0022,19.809999465942383,-0.023442874336168488,268,0.005609811654462973
2021-03-26,0.0021,18.860000610351562,-0.04254574655882415,194,0.01598648900436745
2021-03-29,0.0023,20.739999771118164,0.035351824631621794,56,-0.0005052344367457635
2021-03-30,0.0032,19.610000610351562,0.21893166604991746,224,-0.002656483529543106
2021-03-31,0.0028,19.399999618530273,0.08909066973685008,124,0.004045148971267885
2021-04-01,0.0033,17.329999923706055,-0.23509473495414965,496,0.010741185232806828
2021-04-05,0.0049,17.90999984741211,0.04006907112384086,430,0.014251081264420035
2021-04-06,0.0074,18.1200008392334,0.2111856919592108,372,-0.0005907597654681743
2021-04-07,0.0076,17.15999984741211,0.14124421320232233,173,0.0011566272792055982
2021-04-08,0.0067,16.950000762939453,0.15589735317753778,155,0.004735548127749245
2021-04-09,0.0077,16.690000534057617,-0.020800466964481137,125,0.007243848936019295
2021-04-12,0.007,16.90999984741211,-0.0014757631143871206,43,0.0003645218005266528
2021-04-13,0.0059,16.649999618530273,-0.04601841619656639,114,0.002959300408599511
2021-04-14,0.0047,16.989999771118164,0.024415260981242946,131,-0.0034209812420000177
2021-04-15,0.0062,16.56999969482422,-0.22337029592163485,790,0.010685163961720182
2021-04-16,0.0087,16.25,-0.08704834035396604,163,0.0033368524241360826
2021-04-19,0.0114,17.290000915527344,-0.14000384970490642,932,-0.004925156345594385
2021-04-20,0.0239,18.68000030517578,-0.45318469145370716,411,-0.007348477578193882
2021-04-21,0.0183,17.5,-0.056655898178783026,118,0.009417614757574322
2021-04-22,0.0148,18.709999084472656,0.029161193051412928,83,-0.009175085074076507
2021-04-23,0.0127,17.329999923706055,-0.08443035764734505,62,0.01078405484306848
2021-04-26,0.0098,17.639999389648438,-0.01119457309650182,125,0.002085444856357964
2021-04-27,0.0085,17.559999465942383,0.10488815805386904,223,-0.00021552654317645608
2021-04-28,0.0067,17.280000686645508,0.12929557049426676,413,-0.0002874410014608353
2021-04-29,0.0067,17.610000610351562,0.045084852864854814,188,0.006352572384720713
2021-04-30,0.0083,18.610000610351562,-0.16351177745774587,403,-0.006592194060024323
2021-05-03,0.0088,18.309999465942383,0.41946724137931096,232,0.0021544578388955128
2021-05-04,0.0134,19.479999542236328,0.0995721448467968,718,-0.006188446669683591
2021-05-05,0.0096,19.149999618530273,0.03672875502216815,75,0.0003127485587299854
2021-05-06,0.0082,18.389999389648438,-0.1139274565759996,368,0.007953869811847956
2021-05-07,0.0069,16.690000534057617,-0.08270126157053802,334,0.007251634350647923
2021-05-10,0.0092,19.65999984741211,-0.1440584959987599,136,-0.009951734842057724
2021-05-11,0.0117,21.84000015258789,0.05779921450729667,183,-0.008964816426748533
2021-05-12,0.0113,27.59000015258789,0.04193831828524423,366,-0.02147416122439174
2021-05-13,0.009,23.1299991607666,-0.13983714040739728,505,0.011940940721582477
2021-05-14,0.0072,18.809999465942383,-0.18538405362320254,422,0.015238637296052007
2021-05-17,0.0051,19.719999313354492,-0.12449372229688715,33,-0.0025477662854817987
2021-05-18,0.0048,21.34000015258789,0.04308087977642878,205,-0.008653007871549738
2021-05-19,0.0042,22.18000030517578,0.08081813343031938,71,-0.002625225391685325
2021-05-20,0.0032,20.670000076293945,0.0038291808089490993,122,0.010700500368250966
2021-05-21,0.0024,20.149999618530273,-0.01876639603594938,90,-0.0008190512307528181
2021-05-24,0.0024,18.399999618530273,-0.11863411727248985,40,0.010142660245798076
2021-05-25,0.0036,18.84000015258789,0.18633782221942377,117,-0.0022211905080248458
2021-05-26,0.0065,17.360000610351562,0.3279102532971834,142,0.0019825807983610447
2021-05-27,0.0095,16.739999771118164,0.13911008355857904,172,0.0005248371143394763
2021-05-28,0.0083,16.760000228881836,0.12977097607430021,197,0.0017871401816827895
2021-06-01,0.0109,17.899999618530273,0.07468999286737822,45,-0.0008812450285228658
2021-06-02,0.0112,17.479999542236328,0.28980910749675165,156,0.0015713649531690686
2021-06-03,0.0134,18.040000915527344,0.4693670718232054,1810,-0.0037182681475316022
2021-06-04,0.0115,16.420000076293945,0.11141661392405071,632,0.009104302666706848
2021-06-07,0.009,16.420000076293945,0.18378837209302323,43,-0.0009706641654232866
2021-06-08,0.0083,17.06999969482422,0.11208979591836735,49,0.00021314277144534677
2021-06-09,0.0084,17.889999389648438,0.20624084507042253,71,-0.0014930266854129297
2021-06-10,0.0087,16.100000381469727,0.035991403453792294,208,0.004637614499841
2021-06-11,0.0077,15.649999618530273,0.16039186196289112,596,0.0016511283615731592
2021-06-14,0.005,16.389999389648438,-0.42859423076923064,104,0.0022364551356958834
2021-06-15,0.0053,17.020000457763672,0.22520605584066944,194,-0.0018358532711675475
2021-06-16,0.0094,18.149999618530273,0.28601854512406444,500,-0.005599007397880924
2021-06-17,0.0156,17.75,0.18471993047766214,262,-0.0003316845189309103
2021-06-18,0.0315,20.700000762939453,0.061939430273389745,785,-0.01684846142861668
2021-06-21,0.0311,17.889999389648438,-0.035771229955601114,3321,0.01421443907866227
2021-06-22,0.0247,16.65999984741211,0.0565735114933138,1015,0.0053319558957808455
2021-06-23,0.024,16.31999969482422,0.07655569859963152,4655,-0.001206038275566232
2021-06-24,0.0197,15.970000267028809,0.3830533486429978,2892,0.005898330097850598
2021-06-25,0.0165,15.619999885559082,0.055699851448750275,1655,0.0035457628657765165
2021-06-28,0.0173,15.760000228881836,0.2921906755196283,3464,0.0020139007430977347
2021-06-29,0.0127,16.020000457763672,0.33987946466290636,11068,0.000537930442515654
2021-06-30,0.0163,15.829999923706055,0.30789422958372276,821,0.0008413231950273803
2021-07-01,0.0143,15.479999542236328,0.15560149191125344,1070,0.005521325035644198
2021-07-02,0.0138,15.069999694824219,0.353107054253892,1360,0.00761447541383626
2021-07-06,0.0179,16.440000534057617,-0.08988953242180105,2545,-0.0018231322201708873
2021-07-07,0.0161,16.200000762939453,-0.3454758016616536,1066,0.0035278257625641373
2021-07-08,0.0281,19.0,0.08375654940453585,1316,-0.008181371774258997
2021-07-09,0.0271,16.18000030517578,0.0731154598265567,1580,0.010618205050717838
2021-07-12,0.0191,16.170000076293945,-0.06535200833932484,436,0.003575519743758136
2021-07-13,0.0157,17.1200008392334,0.3282819650079776,464,-0.0034147884341721576
2021-07-14,0.0121,16.329999923706055,0.08175521704121526,149,0.0014911026849908
2021-07-15,0.0109,17.010000228881836,-0.08526364772115351,1934,-0.0034213749975135267
2021-07-16,0.0093,18.450000762939453,-0.12230443899118563,1150,-0.00787451950063324
2021-07-19,0.0169,22.5,0.02895459303380502,957,-0.014878052663657744
2021-07-20,0.0156,19.729999542236328,-0.0009207069337938193,1392,0.014228704817839114
2021-07-21,0.0137,17.90999984741211,0.06923289902280134,307,0.008063698904327666
2021-07-22,0.0123,17.690000534057617,-0.029206079295154033,1135,0.0020919392091566717
2021-07-23,0.0098,17.200000762939453,-0.20508640350877194,228,0.010235435525559838
2021-07-26,0.0083,17.579999923706055,-0.25222282608695656,92,0.0024518414542581742
2021-07-27,0.0068,19.360000610351562,0.11449215686274508,51,-0.004567986877577146
2021-07-28,0.006,18.309999465942383,0.2532357142857143,42,-0.00041015036141902467
2021-07-29,0.0054,17.700000762939453,-0.12012,5,0.004138831952258488
2021-07-30,0.0043,18.239999771118164,0.33482500000000004,8,-0.004868256855177465
2021-08-02,0.0043,19.459999084472656,0.1906786658185575,510,-0.0021002482810405123
2021-08-03,0.0037,18.040000915527344,0.14824117612768833,81,0.008102549274361074
2021-08-04,0.0036,17.969999313354492,0.09347344144087805,106,-0.004931060854894027
2021-08-05,0.0034,17.280000686645508,0.08079740658003476,93,0.006312891310267438
2021-08-06,0.003,16.149999618530273,0.031149440700100377,89,0.001651072964839652
2021-08-09,0.0029,16.719999313354492,0.032143090657945024,81,-0.000813875728381726
2021-08-10,0.0026,16.790000915527344,-0.018441600067985637,62,0.0012431773269283135
2021-08-11,0.0025,16.170000076293945,0.08751130234127057,137,0.0024817965361683763
2021-08-12,0.0022,15.59000015258789,0.017809748109123964,460,0.002992468333533074
2021-08-13,0.0019,15.449999809265137,0.011377156882323035,129,0.0018181841249573095
2021-08-16,0.0029,16.1200008392334,-0.05293651514170747,33,0.0023518871523535295
2021-08-17,0.003,17.90999984741211,0.4998440000000002,125,-0.0065768132903881865
2021-08-18,0.0024,21.56999969482422,0.4068098901098902,91,-0.011005332567218418
2021-08-19,0.0083,21.670000076293945,0.010236363636363655,11,0.0015471260202363857
2021-08-20,0.0073,18.559999465942383,-0.18986923076923076,78,0.007925586914016684
2021-08-23,0.0067,17.149999618530273,0.2518142857142857,7,0.008758054757839811
2021-08-24,0.0051,17.219999313354492,0.018014285714285715,14,0.0015861657791226762
2021-08-25,0.0061,16.790000915527344,-0.13695757575757572,33,0.0020961617618364863
2021-08-26,0.0052,18.84000015258789,0.298821052631579,38,-0.005920666684245556
2021-08-27,0.0048,16.389999389648438,0.034113559322033984,236,0.008901220366445443
2021-08-30,0.0043,16.190000534057617,0.17136527545909805,599,0.0043879402073269185
2021-08-31,0.0061,16.479999542236328,0.16713468208092483,173,-0.0014826752766506047
2021-09-01,0.0067,16.110000610351562,0.16256611570247936,121,0.0005313280284991321
2021-09-02,0.0057,16.40999984741211,0.09827727272727278,154,0.0030718919689984346
2021-09-03,0.0078,16.40999984741211,-0.04569375000000002,64,-0.00024278828829097984
2021-09-07,0.0088,18.139999389648438,0.08081686746987952,83,-0.0035819242678236233
2021-09-08,0.0129,17.959999084472656,0.03109189189189191,37,-0.0012189852589251802
2021-09-09,0.012,18.799999237060547,-0.20583333333333334,54,-0.004289403379351001
2021-09-10,0.0099,20.950000762939453,0.2581634615384615,104,-0.007915804602961613
2021-09-13,0.0082,19.3700008392334,0.015534645669291304,127,0.002555962345060828
2021-09-14,0.008,19.459999084472656,0.34629999999999994,22,-0.005411123266716993
2021-09-15,0.0116,18.18000030517578,0.18401428571428569,7,0.008317948028820436
2021-09-16,0.0086,18.690000534057617,0.04673333333333334,3,-0.0015864847538577863
2021-09-17,0.0099,20.809999465942383,-0.5995770491803277,61,-0.012987385545187127
2021-09-20,0.0274,25.709999084472656,-0.6274,1,-0.016814764556054212
2021-09-21,0.0212,24.360000610351562,-0.0034999999999999845,3,-0.0009450682547066522
2021-09-22,0.0158,20.8700008392334,0.431475,4,0.009707543940329367
2021-09-24,0.0141,17.75,-0.43820000000000037,425,0.0016458558976701042
2021-09-27,0.0119,18.760000228881836,-0.028,14,-0.002865015749021722
2021-09-28,0.0173,23.25,0.0908894736842105,285,-0.020357664264720066
2021-09-29,0.015,22.559999465942383,-0.05913396226415092,318,0.0016817239644042515
2021-09-30,0.0141,23.139999389648438,-0.5706928571428571,14,-0.012297651231544271
2021-10-01,0.0125,21.100000381469727,0.367928125,32,0.01181411400616329
2021-10-04,0.011,22.959999084472656,0.2689375,8,-0.01297991418698259
2021-10-05,0.011,21.299999237060547,-0.1516875,16,0.010351222342687637
2021-10-06,0.0098,21.0,0.1188544776119402,402,0.004147443256090675
2021-10-07,0.0094,19.540000915527344,0.24379425287356318,87,0.008608528312384057
2021-10-08,0.0076,18.770000457763672,0.2054849056603773,53,-0.0018254427571049513
2021-10-11,0.0062,20.0,0.2500174757281554,103,-0.0072660521488330685
2021-10-12,0.0053,19.850000381469727,-0.06465777777777777,45,-0.0024645757133769123
2021-10-13,0.004,18.639999389648438,0.21335238095238096,21,0.0035911585106904727
2021-10-14,0.0043,16.860000610351562,0.37777407407407404,54,0.0166807426749286
2021-10-15,0.004,16.299999237060547,0.2506758620689656,29,0.0075869543117504275
2021-10-18,0.0034,16.309999465942383,0.2050458041958039,286,0.002956146931003544
2021-10-19,0.0034,15.699999809265137,-0.01710845070422535,142,0.007685261401572693
2021-10-20,0.0032,15.489999771118164,0.3203418699186991,246,0.003920029332475949
2021-10-21,0.0027,15.010000228881836,0.31801012658227856,237,0.0026048418167514496
2021-10-22,0.0031,15.430000305175781,0.3706244897959182,245,-0.0010367179522190301
2021-10-25,0.0036,15.239999771118164,0.3035135135135135,148,0.0053484730742988295
2021-10-26,0.0037,15.979999542236328,0.2165914754098363,305,0.0008996142644518357
2021-10-27,0.0071,16.979999542236328,0.2684945945945949,259,-0.004440031532488743
2021-10-28,0.0067,16.530000686645508,0.3341685714285714,70,0.009602609985319628
2021-10-29,0.0105,16.260000228881836,0.2772690058479533,171,0.002027078014334198
2021-11-01,0.0101,16.40999984741211,0.432908602150538,186,0.00171873670344748
2021-11-02,0.0103,16.030000686645508,0.23277111111111115,90,0.004034943423944309
2021-11-03,0.0092,15.100000381469727,0.31370490797546025,163,0.0060866720883999866
2021-11-04,0.0127,15.4399995803833,0.4640610389610388,77,0.004701451142290312
2021-11-05,0.0115,16.479999542236328,0.450535820895522,201,0.0034636037212191872
2021-11-08,0.0085,17.219999313354492,0.18853095238095235,42,0.0008533567819509025
2021-11-09,0.0093,17.780000686645508,-0.258602380952381,42,-0.0033108462216263693
2021-11-10,0.0103,18.729999542236328,0.46052,10,-0.00807740109324133
2021-11-11,0.0117,17.65999984741211,-0.1226258064516129,31,0.00032347534555880655
2021-11-12,0.0154,16.290000915527344,0.123875,4,0.0075185095590189445
2021-11-15,0.0209,16.489999771118164,0.35628181818181814,11,0.00034236368205134573
2021-11-16,0.0249,16.3700008392334,0.2879333333333333,3,0.0039500133996668236
2021-11-17,0.0285,17.110000610351562,0.17299863013698633,219,-0.0024321748554379046
2021-11-18,0.0292,17.59000015258789,0.35123903743315504,187,0.0033906571651105342
2021-11-19,0.031,17.90999984741211,0.3193111111111111,9,-0.0017898543376422005
2021-11-22,0.0342,19.170000076293945,0.41021250000000004,8,-0.002819144795260718
2021-11-23,0.0332,19.3799991607666,0.5334000000000001,59,0.0013251158447456824
2021-11-24,0.0367,18.579999923706055,0.3125,6,0.0026662985058638765
2021-11-26,0.0872,28.6200008392334,0.187,1,-0.022555649048239746
2021-11-30,0.1215,27.190000534057617,0.03870664652567973,331,-0.01964940742643132
2021-12-01,0.1202,31.1200008392334,0.2636617142857142,175,-0.011169348998625553
2021-12-02,0.1256,27.950000762939453,0.013036470588235274,85,0.015200191196353595
2021-12-03,0.1296,30.670000076293945,0.11771509433962263,106,-0.00873939036972244
2021-12-06,0.1316,27.18000030517578,0.011,2,0.011773729778026496
2021-12-07,0.1294,21.889999389648438,0.02704146341463415,82,0.020473797351641076
2021-12-08,0.1327,19.899999618530273,0.12196666666666667,45,0.0026444678463242634
2021-12-09,0.1316,21.579999923706055,0.46864882154882237,297,-0.0067744345903001085
2021-12-10,0.1293,18.690000534057617,0.45337621359223274,206,0.009369465607831392
2021-12-13,0.1095,20.309999465942383,0.36925821917808227,146,-0.00889782554948822
2021-12-14,0.1047,21.889999389648438,0.44704107142857163,168,-0.00690382017527565
2021-12-15,0.0941,19.290000915527344,-0.09348286445012792,391,0.01550423111912541
2021-12-16,0.0873,20.56999969482422,-0.13166267605633813,284,-0.008857629685864326
2021-12-17,0.0708,21.56999969482422,0.012169208211143688,341,-0.01420702934872906
2021-12-20,0.0681,22.8700008392334,-0.12236250000000001,8,-0.010690344140578838
2021-12-21,0.0773,21.010000228881836,0.31617636363636364,55,0.01760314396298361
2021-12-22,0.0731,18.6299991607666,0.37563288590604027,298,0.00994905844539419
2021-12-23,0.0779,17.959999084472656,0.00801666666666666,216,0.006202800766794267
2021-12-27,0.0697,17.68000030517578,0.024393617021276588,329,0.014052946964016847
2021-12-28,0.0656,17.540000915527344,0.4625037037037037,27,-0.0008175294103820851
2021-12-29,0.0658,16.950000762939453,-0.6066614035087717,57,0.0012783904192747832
2021-12-30,0.0593,17.329999923706055,-0.5934666666666667,3,-0.0027683573402238052
2021-12-31,0.0512,17.219999313354492,0.017334873949579846,238,-0.002523367923998611
2022-01-03,0.0545,16.600000381469727,0.1492761904761906,3969,0.0057732639583171685
2022-01-04,0.0558,16.90999984741211,0.14802577529232355,3934,-0.00033499501095328297
2022-01-05,0.0528,19.729999542236328,0.12080039167686647,4085,-0.01938889823036019
2022-01-06,0.0527,19.610000610351562,0.07790382888206109,4231,-0.0009398549007887172
2022-01-07,0.048,18.760000228881836,0.09419848884624607,4169,-0.003961347119826814
2022-01-10,0.0423,19.399999618530273,0.14311062434417668,3812,-0.0012451409261460564
2022-01-11,0.0413,18.40999984741211,0.12413018315018322,4095,0.009067038551736909
2022-01-12,0.0379,17.6200008392334,0.15118223495701993,3839,0.002699894341785254
2022-01-13,0.0358,20.309999465942383,0.1787391326021928,4012,-0.013874393518961387
2022-01-14,0.0339,19.190000534057617,0.15273930809043876,3671,0.0004089371946281227
2022-01-18,0.0239,22.790000915527344,0.14404811064460366,4049,-0.017868303713834164
2022-01-19,0.0225,23.850000381469727,0.14157456999206142,3779,-0.01043784312485474
2022-01-20,0.0221,25.59000015258789,0.12894434619506986,3732,-0.011129775432800469
2022-01-21,0.023,28.850000381469727,0.029148815606131005,4306,-0.019825881722007412
2022-01-24,0.0506,29.899999618530273,0.08247891566265064,3652,0.004237743773401898
2022-01-25,0.0621,31.15999984741211,0.088077281499862,3627,-0.012284115838726838
2022-01-26,0.0682,31.959999084472656,0.1279680479825519,3668,-0.0025119476945792865
2022-01-27,0.0684,30.489999771118164,0.12565187787084556,3701,-0.004950195532161598
2022-01-28,0.0762,27.65999984741211,0.14228742268041225,3395,0.02453202410233454
2022-01-31,0.0624,24.829999923706055,0.148659649122807,3534,0.01785078977354817
2022-02-01,0.067,21.959999084472656,0.12253018080667577,3595,0.006734200164012837
2022-02-02,0.0695,22.09000015258789,0.12091463558571837,3389,0.009667204382406813
2022-02-03,0.0741,24.350000381469727,0.11473454545454534,3410,-0.023785622375082246
2022-02-04,0.1037,23.219999313354492,0.10842881667688531,3262,0.004691187114582218
2022-02-07,0.1235,22.860000610351562,0.1282687959964675,3397,-0.0032144373543599647
2022-02-08,0.1371,21.440000534057617,0.11425437633424819,3279,0.00819419553949726
2022-02-09,0.1386,19.959999084472656,0.12579717948717975,3900,0.014530032891025087
2022-02-10,0.1404,23.90999984741211,0.126852992248062,3225,-0.018128986189386964
2022-02-11,0.1371,27.360000610351562,0.12452471639738745,2909,-0.019915729123292567
2022-02-14,0.1482,28.329999923706055,0.10077286902286905,2886,-0.003274670851420668
2022-02-15,0.1523,25.700000762939453,0.08876162105992377,2887,0.015998210716834927
2022-02-16,0.1486,24.290000915527344,0.10253248930099854,2804,0.0011201972565205234
2022-02-17,0.1478,28.110000610351562,0.07645785843920153,2755,-0.02159287321665315
2022-02-18,0.1415,27.75,0.0735497360482655,2652,-0.006496106913848236
2022-02-22,0.1434,28.809999465942383,0.12101033762617462,2873,-0.010789647538041604
2022-02-23,0.1374,31.020000457763672,0.11086972212197764,2771,-0.017897872870124194
2022-02-24,0.1385,30.31999969482422,0.04278556375131717,2847,0.014937003586184076
2022-02-25,0.1338,27.59000015258789,0.08927852431986805,2426,0.02182411504576
2022-02-28,0.1372,30.149999618530273,0.09388348162475822,2585,-0.002561805447203176
2022-03-01,0.1648,33.31999969482422,0.10131614431486875,2744,-0.015347444189967911
2022-03-02,0.169,30.739999771118164,0.10873895348837219,2580,0.018229049206145667
2022-03-03,0.1851,30.479999542236328,0.08498817712811696,2326,-0.004990905914229309
2022-03-04,0.2415,31.979999542236328,0.08956254876462943,2307,-0.00815780439569187
2022-03-07,0.2981,36.45000076293945,0.09166281997482166,2383,-0.029922431219487004
2022-03-08,0.3241,35.130001068115234,0.09901372384937229,2390,-0.007610587910874293
2022-03-09,0.354,32.45000076293945,0.10512997963340126,2455,0.026457707170737758
2022-03-10,0.3851,30.229999542236328,0.10815774767146484,2362,-0.004525779260906256
2022-03-11,0.3958,30.75,0.08026883481516141,2137,-0.012796587712040324
2022-03-14,0.3964,31.770000457763672,0.10407619718309853,2130,-0.007335159693643303
2022-03-15,0.3908,29.829999923706055,0.1294306258322237,2253,0.021752137407685203
2022-03-16,0.3826,26.670000076293945,0.14575158993830092,2107,0.021931933271714867
2022-03-17,0.3768,25.670000076293945,0.12479470777726648,2173,0.012433317136645933
2022-03-18,0.3718,23.8700008392334,0.10935844277673543,2132,0.0077914139875613605
2022-03-21,0.3591,23.530000686645508,0.10315289499509325,1019,-0.0002924353773164843
2022-03-22,0.3557,22.940000534057617,0.09564255725190839,1048,0.011633459968707478
2022-03-23,0.3437,23.56999969482422,0.13154730113636365,2112,-0.012962065201010127
2022-03-24,0.3328,21.670000076293945,0.11791164785553056,2215,0.014961874573180461
2022-03-25,0.3086,20.809999465942383,0.11384828272772521,2009,0.004871712340952904
2022-03-28,0.3089,19.6299991607666,0.13255794871794885,2340,0.007087859739227372
2022-03-29,0.3224,18.899999618530273,0.12775848452508007,1874,0.012294934342103209
2022-03-30,0.3318,19.329999923706055,0.11249402771141896,2093,-0.006193935772894751
2022-03-31,0.3681,20.559999465942383,0.1077795134443022,2343,-0.015510993469158118
2022-04-01,0.3556,19.6299991607666,0.07866660617059908,2755,0.0028301043466709796
2022-04-04,0.3701,18.56999969482422,0.13013614353653255,2313,0.008530092526005388
2022-04-05,0.3668,21.030000686645508,0.1344491903719912,2285,-0.012711778187951285
2022-04-06,0.3556,22.100000381469727,0.06939982783357244,3485,-0.010049685888730729
2022-04-07,0.333,21.549999237060547,0.12402210574293526,2194,0.005026315031306617
2022-04-08,0.3066,21.15999984741211,0.0972527693856999,1986,-0.0026775161462258518
2022-04-11,0.2956,24.3700008392334,0.057566254594052804,2993,-0.01724004370458936
2022-04-12,0.2852,24.260000228881836,0.06586621848739488,2975,-0.0037121114853793627
2022-04-13,0.2755,21.81999969482422,0.07865498791853645,2897,0.011388482839123713
2022-04-14,0.2553,22.700000762939453,0.06686551246537392,2888,-0.012529931210354926
2022-04-18,0.2134,22.170000076293945,0.019178609946075495,1669,0.0004110548011065768
2022-04-19,0.2235,21.3700008392334,0.0629194811106053,2197,0.016013767300200717
2022-04-20,0.2268,20.31999969482422,0.09699324648611586,2917,-0.0007418198482218364
2022-04-21,0.224,22.68000030517578,0.06734809670781891,3888,-0.015066483396335524
2022-04-22,0.2427,28.209999084472656,0.060932234160800285,2699,-0.02782262309124242
2022-04-25,0.2879,27.020000457763672,0.05907579724739854,2979,0.0057808391465373225
2022-04-26,0.3119,33.52000045776367,-0.010297775030902331,3236,-0.02938846712083878
2022-04-27,0.3192,31.600000381469727,0.017836926082709214,3071,0.0028078373008030367
2022-04-28,0.3348,29.989999771118164,0.07026244477172312,2716,0.024945698119335478
2022-04-29,0.3367,33.400001525878906,0.042412499999999985,2816,-0.037655816727894316
2022-05-02,0.3426,32.34000015258789,0.01417215636014098,3121,0.006001399663298588
2022-05-03,0.3322,29.25,0.05000375670840787,2795,0.004573567561620413
2022-05-04,0.322,25.420000076293945,0.07271755162241882,2712,0.029998447023786144
2022-05-05,0.3597,31.200000762939453,0.04563448633690769,2891,-0.03618983821471714
2022-05-06,0.378,30.190000534057617,0.03785087310826543,2577,-0.005986811165077935
2022-05-09,0.3564,34.75,0.0196406916612799,3094,-0.03254103072846203
2022-05-10,0.3341,32.9900016784668,0.011536874805840319,3219,0.0023078626978000794
2022-05-11,0.3204,32.560001373291016,-0.03117642642642644,3996,-0.01601366905204431
2022-05-12,0.3725,31.770000457763672,-0.04888116349480972,4624,-0.0010444756685108931
2022-05-13,0.3825,28.8700008392334,-0.024601238938053053,3955,0.02362653009661004
2022-05-16,0.3768,27.469999313354492,0.048556633527596864,2917,-0.004065818917765487
2022-05-17,0.3935,26.100000381469727,0.045207221664994995,2991,0.020361686007753992
2022-05-18,0.4011,30.959999084472656,0.024785260248733298,2171,-0.04114660289301177
2022-05-19,0.4054,29.350000381469727,0.03739120218579234,1830,-0.0061434534278095535
2022-05-20,0.4002,29.43000030517578,0.00914700854700856,1989,0.00043644105618661204
2022-05-23,0.4084,28.479999542236328,0.048036377189712966,2683,0.018537199486682282
2022-05-24,0.4232,29.450000762939453,0.04912445961319683,2637,-0.007663063186207389
2022-05-25,0.4295,28.3700008392334,0.06478806254767351,2622,0.008796104601187101
2022-05-26,0.4261,27.5,0.04832846328538985,2642,0.01978437609715666
2022-05-27,0.4121,25.719999313354492,0.04606985172981876,2428,0.0242526532107174
2022-05-31,0.4035,26.190000534057617,0.07016940545004131,2422,-0.0056267842656148054
2022-06-01,0.3944,25.690000534057617,0.046181558935361196,2630,-0.008121418909250052
2022-06-02,0.3882,24.719999313354492,0.04591393410083364,2519,0.018864421193364102
2022-06-03,0.3724,24.790000915527344,0.04703260429323613,2469,-0.01654768451432691
2022-06-06,0.3704,25.06999969482422,0.05232493816982687,2426,0.003040144313791592
2022-06-07,0.3631,24.020000457763672,0.0586535176901179,2459,0.009546509960919805
2022-06-08,0.3694,23.959999084472656,0.08554132959551466,2497,-0.010931687318656349
2022-06-09,0.4118,26.09000015258789,0.0725980244962465,2531,-0.02407026535921321
2022-06-10,0.4733,27.75,0.0635979809976247,2526,-0.02942433294241372
2022-06-13,0.4766,34.02000045776367,-0.05807050601062342,3577,-0.0387077297869094
2022-06-14,0.4959,32.689998626708984,-0.027449199372056532,3185,-0.003017895623606632
2022-06-15,0.5161,29.6200008392334,-0.01584273449920508,3145,0.014155672225600201
2022-06-16,0.5424,32.95000076293945,-0.009526080586080576,2730,-0.03365610467930433
2022-06-17,0.5597,31.1299991607666,-0.0022452830188679222,2809,-0.0021569913683171533
2022-06-21,0.5521,30.190000534057617,0.01712693615413676,2647,0.02486198821984487
2022-06-22,0.5471,28.950000762939453,0.037789992242048064,2578,-0.0018146207734581258
2022-06-23,0.5537,29.049999237060547,0.026783195266272226,2535,0.009754832753127888
2022-06-24,0.5353,27.229999542236328,0.05447035196687373,2415,0.03129890514558157
2022-06-27,0.5044,26.950000762939453,0.04732890393567498,2363,-0.0038270180837005926
2022-06-28,0.4779,28.360000610351562,0.027913011152416338,2421,-0.02064449206841294
2022-06-29,0.472,28.15999984741211,0.02004669621273166,2482,-0.0008147218221505732
2022-06-30,0.4609,28.709999084472656,0.012100900195694722,2555,-0.00815748224765673
2022-07-01,0.4495,26.700000762939453,0.027795269436445898,2431,0.010520974806040478
2022-07-05,0.4382,27.540000915527344,0.0572580273578114,1389,0.0018867962567546738
2022-07-06,0.4426,26.729999542236328,0.03929142033165104,1387,0.003371649041169943
2022-07-07,0.4416,26.079999923706055,0.06295852981969485,1442,0.014866093490139646
2022-07-08,0.4332,24.639999389648438,0.0643482254697286,1437,-0.0008229221592758011
2022-07-11,0.4402,26.170000076293945,0.04393444773592891,2363,-0.011489328872573118
2022-07-12,0.4233,27.290000915527344,0.04583738664468259,2426,-0.008888314142629599
2022-07-13,0.4139,26.81999969482422,0.047238759065269934,2482,-0.0052655258712118085
2022-07-14,0.4168,26.399999618530273,0.027685307470078413,2423,-0.0024314384736241856
2022-07-15,0.4045,24.229999542236328,0.05664199475065613,2286,0.018924870585949317
2022-07-18,0.3901,25.299999237060547,0.05045248474280731,2294,-0.008291210361567363
2022-07-19,0.4037,24.5,0.057949203616013745,2323,0.026660608249491968
2022-07-20,0.3863,23.8799991607666,0.05337577996715927,2436,0.0063529388038422304
2022-07-21,0.3744,23.110000610351562,0.025687875101378755,2466,0.01013169497427413
2022-07-22,0.3685,23.030000686645508,0.04216360376512777,2231,-0.00932140619483879
2022-07-25,0.3557,23.360000610351562,0.02986359135913591,2222,0.0012142034327721227
2022-07-26,0.3676,24.690000534057617,0.03480575938566555,2344,-0.011901553256690168
2022-07-27,0.3772,23.239999771118164,0.05553424360641526,2307,0.025634966306172267
2022-07-28,0.3957,22.329999923706055,0.038797267326732665,2525,0.012464382307969491
2022-07-29,0.3968,21.329999923706055,0.031007985803016863,2254,0.014473476936627391
2022-08-01,0.3894,22.84000015258789,0.02845594753505202,2211,-0.002965633102317808
2022-08-02,0.3947,23.93000030517578,0.04129698471705905,2421,-0.006619203971790231
2022-08-03,0.3894,21.950000762939453,0.02420496167809601,2479,0.015538153058459486
2022-08-04,0.3791,21.440000534057617,0.09126468576314657,2339,-0.0006758195102500098
2022-08-05,0.3835,21.149999618530273,0.08532386363636363,2376,-0.001691586587316715
2022-08-08,0.3731,21.290000915527344,0.08402402303578775,2431,-0.0011616074468590203
2022-08-09,0.3631,21.770000457763672,0.07057030744336566,2472,-0.003978907493970385
2022-08-10,0.3729,19.739999771118164,0.05330357008643363,2661,0.020786429765404738
2022-08-11,0.3541,20.200000762939453,0.08051611842105261,2432,0.0
2022-08-12,0.3407,19.530000686645508,0.05931313420621926,2444,0.01678731391991028
2022-08-15,0.3388,19.950000762939453,0.07298505280259947,2462,0.0041122990463738915
2022-08-16,0.3168,19.690000534057617,0.09643329864724244,2883,0.0019568280048181492
2022-08-17,0.2984,19.899999618530273,0.09023564770170364,3111,-0.007123328512293311
2022-08-18,0.3084,19.559999465942383,0.07671672060409922,2781,0.0029021967606395493
2022-08-19,0.3264,20.600000381469727,0.04183027863777092,3230,-0.01352914016466342
2022-08-22,0.3654,23.799999237060547,0.05174046920821113,2387,-0.02104234080823713
2022-08-23,0.3632,24.110000610351562,0.08938275721838147,2459,-0.0024221883835108577
2022-08-24,0.3495,22.81999969482422,0.08808467065868258,2505,0.0031960689006255184
2022-08-25,0.3315,21.780000686645508,0.09693105691056907,2460,0.014018799822279613
2022-08-26,0.3268,25.559999465942383,0.07580653061224485,2450,-0.03443518641605107
2022-08-29,0.3228,26.209999084472656,0.06304974747474747,2376,-0.006634162182883885
2022-08-30,0.3151,26.209999084472656,0.07561556247220985,2249,-0.011038555340141412
2022-08-31,0.3191,25.8700008392334,0.05424039429530202,2384,-0.007638144093185962
2022-09-01,0.3489,25.559999465942383,0.05076253186066275,2354,0.003132950370552341
2022-09-02,0.3665,25.469999313354492,0.06820038893690578,2314,-0.01060041669643158
2022-09-06,0.3679,26.90999984741211,0.06184376634699214,2294,-0.0037802866698074516
2022-09-07,0.4051,24.639999389648438,0.03980521059487624,2303,0.017805499790206458
2022-09-08,0.4134,23.610000610351562,0.057929696695337214,2209,0.006515022772704955
2022-09-09,0.4262,22.790000915527344,0.06776632609621114,2349,0.015415807866336319
2022-09-12,0.4324,23.8700008392334,0.0525459928762244,2246,0.01069030589635327
2022-09-13,0.4498,27.270000457763672,0.04897280550774527,2324,-0.04445617414726737
2022-09-14,0.4575,26.15999984741211,0.05384644334160463,2418,0.0038085611016787993
2022-09-15,0.4661,26.270000457763672,0.06777562695924769,2552,-0.011418237468483304
2022-09-16,0.4802,26.299999237060547,0.036752284946236564,2232,-0.011757555003970535
2022-09-19,0.4567,25.760000228881836,0.029401668129938538,2278,0.00772501365470151
2022-09-20,0.4662,27.15999984741211,0.033605678496868505,2395,-0.011544939646675469
2022-09-21,0.4945,27.989999771118164,0.048692847797644996,2293,-0.017597716278495924
2022-09-22,0.5035,27.350000381469727,0.04928737024221453,2312,-0.008435311285113283
2022-09-23,0.6079,29.920000076293945,0.047826788094180374,2251,-0.016896770479683878
2022-09-26,0.6283,32.2599983215332,0.017930038022813698,2367,-0.009941945708146676
2022-09-27,0.6495,32.599998474121094,0.05702354663320786,2391,-0.0025560147287469804
2022-09-28,0.6749,30.18000030517578,0.06695902192242832,2372,0.019485277712052225
2022-09-29,0.6984,31.84000015258789,0.07147256930078612,2417,-0.0211102318049051
2022-09-30,0.6949,31.6200008392334,0.04442173913043478,2185,-0.015584342130975551
2022-10-03,0.6937,30.100000381469727,0.0612769709543568,2410,0.026058736876293866
2022-10-04,0.7211,29.06999969482422,0.07042927725602281,2449,0.03051625785631023
2022-10-05,0.7245,28.549999237060547,0.07466459059233453,2296,-0.0023309545840216068
2022-10-06,0.7288,30.520000457763672,0.061020595637583885,2384,-0.010369374353980875
2022-10-07,0.7272,31.360000610351562,0.04571542832167834,2288,-0.02829032366362611
2022-10-10,0.7106,32.45000076293945,0.043079747974797473,2222,-0.007664623071973914
2022-10-11,0.7033,33.630001068115234,0.039736833731105814,2514,-0.006353116679683497
2022-10-12,0.7053,33.56999969482422,0.030211437335670492,2282,-0.003303916475803451
2022-10-13,0.7115,31.940000534057617,0.039966322314049556,2420,0.02604884437309545
2022-10-14,0.7026,32.02000045776367,0.048086796116504855,2060,-0.023052420113011996
2022-10-17,0.7352,31.3700008392334,0.03361044226044226,1628,0.025372338438406875
2022-10-18,0.714,30.5,0.04012528370403995,2203,0.011681134209780814
2022-10-19,0.7029,30.760000228881836,0.060721160092807355,2155,-0.007111707070068097
2022-10-20,0.6766,29.979999542236328,0.0670328131772865,2307,-0.008420690769296463
2022-10-21,0.672,29.690000534057617,0.04293556448014278,2241,0.024010899985540957
2022-10-24,0.6664,29.850000381469727,0.07883429319371724,2292,0.01216220459272166
2022-10-25,0.6689,28.459999084472656,0.0731208405545927,2308,0.015842429934322933
2022-10-26,0.6445,27.280000686645508,0.06968293932230098,2538,-0.007562620874207404
2022-10-27,0.6467,27.389999389648438,0.09594946150777818,2507,-0.0053542858291678735
2022-10-28,0.6212,25.75,0.06988177589852006,2365,0.02351207926820392
2022-10-31,0.5965,25.8799991607666,0.07761536363636364,2200,-0.007249487083864056
2022-11-01,0.5594,25.809999465942383,0.06366955958549222,2316,-0.0043854662275687375
2022-11-02,0.5454,25.860000610351562,0.06429408973252805,2318,-0.025416488450460573
2022-11-03,0.5629,25.299999237060547,0.06458672922252012,2238,-0.010350243431810614
2022-11-04,0.5897,24.549999237060547,0.05193718426501033,2415,0.01429053495439394
2022-11-07,0.5729,24.350000381469727,0.0487298347107438,2420,0.009520119545588271
2022-11-08,0.5494,25.540000915527344,0.021637937002422964,2889,0.005380911362788072
2022-11-09,0.5318,26.09000015258789,-0.022215176908752316,3222,-0.020817264954697857
2022-11-10,0.5744,23.530000686645508,-0.020810362853628552,3252,0.05349730918360128
2022-11-11,0.5552,22.520000457763672,-0.012535108548168247,2948,0.009631963688169896
2022-11-14,0.5153,23.729999542236328,-0.027814797455641138,2987,-0.008543112649075422
2022-11-15,0.4929,24.540000915527344,-0.0005317283507006785,2783,0.008492875431373566
2022-11-16,0.4806,24.110000610351562,-0.0032388828436706574,2757,-0.007657991471811043
2022-11-17,0.4558,23.93000030517578,-0.002405882352941173,2584,-0.0030645516997969695
2022-11-18,0.4361,23.1200008392334,0.02533235056542811,2476,0.004530126744089201
2022-11-21,0.4274,22.360000610351562,0.030176864728192167,1582,-0.0036427210104271073
2022-11-22,0.4038,21.290000915527344,0.015438448495125049,2359,0.013367258722167092
2022-11-23,0.3931,20.350000381469727,0.02837931488801054,2277,0.006281852116995351
2022-11-25,0.3518,20.5,0.025956928406466514,1732,-0.00022373869113219644
2022-11-28,0.3516,22.209999084472656,-0.002017282321899731,2274,-0.016085692069329978
2022-11-29,0.3245,21.889999389648438,0.018163127090301018,2392,-0.0017190202256002212
2022-11-30,0.3164,20.579999923706055,0.02706768721555647,2417,0.0310146332570357
2022-12-01,0.3216,19.84000015258789,0.03786133101348415,2299,-0.0007361122062505647
2022-12-02,0.3023,19.059999465942383,0.009991817269076301,1992,-0.0011543830035115122
2022-12-05,0.2941,20.75,0.015607026523964637,2149,-0.01815302749679934
2022-12-06,0.288,22.170000076293945,0.006856021452949794,2051,-0.014519702260977834
2022-12-07,0.2734,22.68000030517578,0.0017658434296365481,2146,-0.0017026469976163603
2022-12-08,0.2609,22.290000915527344,0.025550513059701505,2144,0.007803400621268784
2022-12-09,0.2353,22.829999923706055,0.020619665871121712,2095,-0.007498240360482925
2022-12-12,0.2314,25.0,0.016736298701298703,1540,0.014314303078420583
2022-12-13,0.2225,22.549999237060547,0.02524424019607844,1632,0.007541335653240813
2022-12-14,0.2238,21.139999389648438,0.01730192188468692,1613,-0.006414056305424778
2022-12-15,0.2527,22.829999923706055,0.033075208734746286,1557,-0.024765822310819672
2022-12-16,0.2939,22.6200008392334,0.006435390946502075,1458,-0.016457910405921157
2022-12-19,0.302,22.420000076293945,0.0084436726272352,1454,-0.008515818978745046
2022-12-20,0.311,21.479999542236328,0.034924386825508066,1427,0.0013674650624644056
2022-12-21,0.3263,20.06999969482422,0.04632980225988699,1416,0.014841756314111894
2022-12-22,0.3375,21.969999313354492,0.04894867796610171,1475,-0.014368875361936895
2022-12-23,0.3259,20.8700008392334,0.03632896213183732,1426,0.005735784166452185
2022-12-27,0.3199,21.649999618530273,0.013810677466863033,1358,-0.00395130702221525
2022-12-28,0.3164,22.139999389648438,0.024810706787963616,1429,-0.012505743674206015
2022-12-29,0.3046,21.440000534057617,0.014155289855072467,1380,0.017840227729302435
2022-12-30,0.2984,21.670000076293945,0.03984238461538463,1300,-0.0026375503873759484
2023-01-03,0.2431,22.899999618530273,0.045474791666666674,960,-0.004218769051922785
2023-01-04,0.2503,22.010000228881836,0.053703711558854735,943,0.007690540861836688
2023-01-05,0.2386,22.459999084472656,0.02853647932131494,943,-0.01147902847194515
2023-01-06,0.2453,21.1299991607666,0.046026622662266224,909,0.02267311516744916
2023-01-09,0.2463,21.969999313354492,0.05330515789473684,950,-0.0005670573357700661
2023-01-10,0.2392,20.579999923706055,0.04556941544885177,958,0.006988367474913615
2023-01-11,0.2318,21.09000015258789,0.05369022471910113,890,0.012568547576673746
2023-01-12,0.2367,18.829999923706055,0.06339029227557412,958,0.003634171365240132
2023-01-13,0.229,18.350000381469727,0.07942735949098623,943,0.003871999812680603
2023-01-17,0.1848,19.360000610351562,0.06312476390346276,953,-0.001833577055333756
2023-01-18,0.1749,20.34000015258789,0.09360775770456964,941,-0.015913973799226742
2023-01-19,0.1851,20.520000457763672,0.09869854166666671,960,-0.007306444430314214
2023-01-20,0.1862,19.850000381469727,0.05248012552301257,956,0.018457644417167424
2023-01-23,0.1858,19.809999465942383,0.06675940170940171,936,0.011927172921546549
2023-01-24,0.1855,19.200000762939453,0.07064201058201058,945,-0.00107386763214943
2023-01-25,0.1771,19.079999923706055,0.03681191222570532,957,0.0003747271121324628
2023-01-26,0.1705,18.729999542236328,0.04833583984374998,1024,0.010930412793652575
2023-01-27,0.1641,18.510000228881836,0.047626923076923074,1040,0.0022950608748414985
2023-01-30,0.1599,19.940000534057617,0.061528747433264905,974,-0.012626202210392873
2023-01-31,0.1492,19.399999618530273,0.05733615604186492,1051,0.0145963030912504
2023-02-01,0.1164,17.8700008392334,0.06056157495256166,1054,0.010571694025693542
2023-02-02,0.1402,18.729999542236328,0.08480990654205608,1070,0.014452053374916023
2023-02-03,0.1489,18.329999923706055,0.038490260366441674,1037,-0.01068598363290454
2023-02-06,0.1411,19.43000030517578,0.05939331919406153,943,-0.006130111277800135
2023-02-07,0.1504,18.65999984741211,0.057668510638297886,940,0.012993845860082188
2023-02-08,0.1413,19.6299991607666,0.04935584699453553,915,-0.010994997340289235
2023-02-09,0.1392,20.709999084472656,0.0851982105263158,950,-0.00870697310092209
2023-02-10,0.1378,20.530000686645508,0.06951211519364449,1007,0.0023309475334816784
2023-02-13,0.1458,20.34000015258789,0.045159152016546036,967,0.011670623663536151
2023-02-14,0.1444,18.90999984741211,0.07041854663774406,922,-0.0004602757868875422
2023-02-15,0.1347,18.229999542236328,0.09251067193675887,1012,0.003242112385601186
2023-02-16,0.1253,20.170000076293945,0.07322247524752477,1010,-0.013864479472520551
2023-02-17,0.124,20.020000457763672,0.04930573613766731,1046,-0.0025013844442150304
2023-02-21,0.1005,22.8700008392334,0.036660441767068265,996,-0.020264879913440236
2023-02-22,0.0878,22.290000915527344,0.04624967441860467,1075,-0.0013790551427742468
2023-02-23,0.0857,21.139999389648438,0.039345506149479646,1057,0.005305305448697813
2023-02-24,0.0865,21.670000076293945,0.04323385518590999,1022,-0.010739837078983187
2023-02-27,0.0881,20.950000762939453,0.026376807511737092,1065,0.0034000513205539825
2023-02-28,0.0989,20.700000762939453,0.06827539906103286,1065,-0.003702824624668304
2023-03-01,0.0902,20.579999923706055,0.05112615239887112,1063,-0.0038432905240252365
2023-03-02,0.089,19.59000015258789,0.05072755102040817,1078,0.007747202640651336
2023-03-03,0.0929,18.489999771118164,0.04865112855740924,1019,0.015910572248883096
2023-03-06,0.0933,18.610000610351562,0.029146909827760907,987,0.0006925006534723625
2023-03-07,0.09,19.59000015258789,0.04787732949087416,1041,-0.01544743147428181
2023-03-08,0.0947,19.110000610351562,0.03479970645792564,1022,0.0016307895385843638
2023-03-09,0.0933,22.610000610351562,0.05522765151515153,1056,-0.018622175035731294
2023-03-10,0.1153,24.799999237060547,0.02895788999098288,1109,-0.014534563011705798
2023-03-13,0.1561,26.520000457763672,0.009078866906474818,1112,-0.0014262668368289762
2023-03-14,0.1695,23.729999542236328,0.02777773237997958,979,0.016394930701474304
2023-03-15,0.2385,26.139999389648438,0.058881034482758644,986,-0.0062739791116780946
2023-03-16,0.2707,22.989999771118164,0.04659793926247292,922,0.01739303757900711
2023-03-17,0.284,25.510000228881836,0.03807620423892101,1038,-0.015570840749814475
2023-03-20,0.2933,24.149999618530273,0.045178590544157016,1121,0.009569695461115801
2023-03-21,0.3131,21.3799991607666,0.035324210526315784,1045,0.013045068527290258
2023-03-22,0.3374,22.260000228881836,0.050437829912023474,1023,-0.017193461403886095
2023-03-23,0.3527,22.610000610351562,0.06135591689250225,1107,0.002699747151757449
2023-03-24,0.3768,21.739999771118164,0.0059152558139534865,1075,0.006540576296236363
2023-03-27,0.3719,20.600000381469727,0.02624602551521098,1019,0.0018680966845833614
2023-03-28,0.3571,19.969999313354492,0.0602290562036055,943,-0.002247180268645281
2023-03-29,0.3561,19.1200008392334,0.05918752380952382,1050,0.014430264607990103
2023-03-30,0.3451,19.020000457763672,0.06966088595664471,1061,0.005838178311722907
2023-03-31,0.3366,18.700000762939453,0.05195649350649353,1078,0.013996224623975942
2023-04-03,0.3255,18.549999237060547,0.026568068833652012,1046,0.0038032995781799427
2023-04-04,0.3052,19.0,0.06205501930501932,1036,-0.005563565040138121
2023-04-05,0.3003,19.079999923706055,0.03509951076320939,1022,-0.002621700935942733
2023-04-06,0.2833,18.399999618530273,0.03063392857142857,1064,0.003893285494786008
2023-04-10,0.2481,18.969999313354492,0.06886497933884296,968,0.0010258499102318234
2023-04-11,0.2369,19.100000381469727,0.07165214081826833,1051,0.0002685508198280116
2023-04-12,0.2218,19.09000015258789,0.06378773869346734,995,-0.004084316547969953
2023-04-13,0.2102,17.799999237060547,0.041475675675675686,962,0.01319527739381285
2023-04-14,0.1955,17.06999969482422,0.04794777542372882,944,-0.002445752734606423
2023-04-17,0.1809,16.950000762939453,0.032705196936542676,1828,0.0035818310251139345
2023-04-18,0.1713,16.829999923706055,0.09117055084745763,944,0.0006520292826832333
2023-04-19,0.1626,16.459999084472656,0.03354767321613239,967,-0.0001689546841105706
2023-04-20,0.161,17.170000076293945,0.048789721421709877,1041,-0.00547205963912668
2023-04-21,0.1564,16.770000457763672,0.05708664772727271,1056,0.0007766414272094301
2023-04-24,0.1497,16.889999389648438,0.06490337078651683,979,0.001042621402772541
2023-04-25,0.1494,18.760000228881836,0.06225493646138806,1023,-0.01600116801417094
2023-04-26,0.1438,18.84000015258789,0.047653917910447784,1072,-0.0042446173996722346
2023-04-27,0.1452,17.030000686645508,0.07439897003745322,1068,0.019712474971588356
2023-04-28,0.148,15.779999732971191,0.07326746104491291,1091,0.008498950231163765
2023-05-01,0.1538,16.079999923706055,0.08054820276497698,1085,-0.0010102543650607994
2023-05-02,0.1583,17.780000686645508,0.042788240917782064,1046,-0.011302869513427875
2023-05-03,0.1612,18.34000015258789,0.0491198905109489,1096,-0.006887669499263906
2023-05-04,0.1641,20.09000015258789,0.04614083175803402,1058,-0.007108150576824931
2023-05-05,0.1661,17.190000534057617,0.05538191056910568,984,0.018343304165668557
2023-05-08,0.1725,16.979999542236328,0.07233355555555555,900,0.00026651163202968074
2023-05-09,0.1628,17.709999084472656,0.0450695329087049,942,-0.004394965239957476
2023-05-10,0.1651,16.940000534057617,0.06558796680497926,964,0.004661479781751272
2023-05-11,0.1631,16.93000030517578,0.058955762897914384,911,-0.0017455002398152337
2023-05-12,0.1575,17.030000686645508,0.04555925925925925,891,-0.001311146072652117
2023-05-15,0.1529,17.1200008392334,0.0508341957255343,889,0.003444130053141995
2023-05-16,0.1466,17.989999771118164,0.06417510638297874,940,-0.006705099417769526
2023-05-17,0.1423,16.8700008392334,0.06968267800212542,941,0.012065880064935735
2023-05-18,0.1336,16.049999237060547,0.067422760800843,949,0.009587111502516284
2023-05-19,0.1287,16.809999465942383,0.06715313174946001,926,-0.0014561460225211089
2023-05-22,0.1272,17.209999084472656,0.06970231023102309,909,0.0004060458540662169
2023-05-23,0.1129,18.530000686645508,0.03957809110629069,922,-0.01128628870935317
2023-05-24,0.1019,20.030000686645508,0.07616871741397287,959,-0.0072711729419161625
2023-05-25,0.1112,19.139999389648438,0.06753792372881356,944,0.008622616459603612
2023-05-26,0.1141,17.950000762939453,0.0684495248152059,947,0.012867526857071395
2023-05-30,0.1333,17.459999084472656,0.08342869660460019,913,0.00038087042973229825
2023-05-31,0.1324,17.940000534057617,0.06061056034482758,928,-0.005560642409936827
2023-06-01,0.1375,15.649999618530273,0.05589714587737845,946,0.009456169066444198
2023-06-02,0.1521,14.600000381469727,0.07465923970432947,947,0.01435759348122755
2023-06-05,0.1625,14.729999542236328,0.07005869565217392,966,-0.0019181014640489555
2023-06-06,0.167,13.960000038146973,0.07784572333685326,947,0.002175091593377299
2023-06-07,0.1671,13.9399995803833,0.09364771033013845,939,-0.003463718994750308
2023-06-08,0.1547,13.649999618530273,0.0446807903402854,911,0.006030349968389047
2023-06-09,0.1457,13.829999923706055,0.07093445378151264,952,0.001792694599673949
2023-06-12,0.1334,15.010000228881836,0.08118336933045356,926,0.009030960948294134
2023-06-13,0.1224,14.609999656677246,0.07100686070686069,962,0.006571298368602579
2023-06-14,0.1206,13.880000114440918,0.05454917355371903,968,0.00119012422692229
2023-06-15,0.0929,14.5,0.059684390735146045,993,0.012321448558557475
2023-06-16,0.088,13.539999961853027,0.0869643923240938,938,-0.007119760382108064
2023-06-20,0.0993,13.880000114440918,0.0666567887931035,928,-0.005201688176449508
2023-06-21,0.0846,13.199999809265137,0.06443472367049007,959,-0.005136896694487098
2023-06-22,0.09,12.90999984741211,0.021240515463917534,970,0.0036032107426930415
2023-06-23,0.0938,13.4399995803833,0.029867995802728232,953,-0.007588727735143791
2023-06-26,0.0924,14.25,-0.013479461279461277,891,-0.004094122473882703
2023-06-27,0.0841,13.739999771118164,0.03122228088701162,947,0.010903649709285458
2023-06-28,0.078,13.430000305175781,0.04171085353003162,949,0.0005042661095765424
2023-06-29,0.0784,13.539999961853027,0.09380171122994654,935,0.003933614456099705
2023-06-30,0.0714,13.59000015258789,0.06893229278794401,929,0.011731634842625023
2023-07-03,0.0748,13.569999694824219,0.06939925531914894,940,0.0011498750213830315
2023-07-05,0.0702,14.180000305175781,0.0675073275862069,928,-0.001488305087145732
2023-07-06,0.0871,15.4399995803833,0.250821568627451,51,-0.007861482478151452
2023-07-07,0.0955,14.829999923706055,0.22775999999999996,40,-0.0025279066989746814
2023-07-10,0.1071,15.069999694824219,0.4292652173913044,46,0.0025279066989747885
2023-07-11,0.1056,14.84000015258789,0.19348793103448275,58,0.00634833630815346
2023-07-12,0.0993,13.539999961853027,0.21824736842105266,57,0.008013723862516888
2023-07-13,0.1058,13.609999656677246,0.2218139534883721,86,0.007905551787355664
2023-07-14,0.11,13.34000015258789,0.15857818181818184,55,-0.0006230225390383416
2023-07-17,0.1108,13.479999542236328,0.05899568106312292,903,0.003466202570648931
2023-07-18,0.111,13.300000190734863,0.04177366255144033,972,0.007403116820647034
2023-07-19,0.108,13.760000228881836,0.07516391752577319,970,0.0022212915573065956
2023-07-20,0.0999,13.989999771118164,0.05795152471083071,951,-0.006656595178376628
2023-07-21,0.089,13.600000381469727,0.03881605068637803,947,0.0
2023-07-24,0.0763,13.90999984741211,0.0748784632034632,924,0.00445734209675547
2023-07-25,0.0686,13.859999656677246,0.08320368364030334,923,0.002726333456018575
2023-07-26,0.0718,13.1899995803833,0.0814591004184101,956,0.00015370179135724575
2023-07-27,0.0696,14.40999984741211,0.08479590163934426,976,-0.006652049928426125
2023-07-28,0.0803,13.329999923706055,0.08760444685466377,922,0.009742708386939452
2023-07-31,0.0853,13.630000114440918,0.05208264550264549,945,0.0019022320924179325
2023-08-01,0.0888,13.930000305175781,0.09100701381509033,941,-0.0028656708129788785
2023-08-02,0.0904,16.09000015258789,0.06258812095032397,926,-0.01400847075222544
2023-08-03,0.1018,15.920000076293945,0.05849520697167756,918,-0.0028699721428423856
2023-08-04,0.0941,17.100000381469727,0.06406358695652171,920,-0.004533025778414631
2023-08-07,0.0925,15.770000457763672,0.0345361334867664,869,0.008690655340468388
2023-08-08,0.0999,15.989999771118164,0.03972117903930132,916,-0.0043581583971775105
2023-08-09,0.1005,15.960000038146973,0.08155032467532468,924,-0.006707683059238894
2023-08-10,0.1111,15.850000381469727,0.03955513812154697,905,0.0003588894044134793
2023-08-11,0.1184,14.84000015258789,0.05448809248554913,865,-0.0005832692666972918
2023-08-14,0.117,14.819999694824219,0.06294931362196413,947,0.005504828419965597
2023-08-15,0.1186,16.459999084472656,0.05351211477151966,941,-0.011717240012162844
2023-08-16,0.1062,16.780000686645508,0.050645426515930105,973,-0.007365221768905127
2023-08-17,0.1085,17.889999389648438,0.06346613247863249,936,-0.00764906407671764
2023-08-18,0.109,17.299999237060547,0.033515983606557366,976,0.00048119583651082097
2023-08-21,0.105,17.1299991607666,0.04299215896885069,931,0.0064852171709036625
2023-08-22,0.0962,16.969999313354492,0.045580042462845,942,-0.0027122888788976324
2023-08-23,0.0877,15.979999542236328,0.04519204793028321,918,0.01107618151551332
2023-08-24,0.082,17.200000762939453,0.0633152704135737,943,-0.013956004395686512
2023-08-25,0.0828,15.680000305175781,0.037868972142170984,1041,0.007025064852663816
2023-08-28,0.0817,15.079999923706055,0.04769597388465725,919,0.0063213390295188574
2023-08-29,0.0782,14.449999809265137,0.044874207188160674,946,0.014351295283905607
2023-08-30,0.0749,13.880000114440918,0.04113567447045708,897,0.004110354001076374
2023-08-31,0.0583,13.569999694824219,0.0571759698275862,928,-0.0014644620760757739
2023-09-01,0.0619,13.09000015258789,0.044521086956521724,920,0.0018634704461354505
2023-09-05,0.0665,14.010000228881836,0.0736895718990121,911,-0.004331297871981201
2023-09-06,0.0615,14.449999809265137,0.06541343612334799,908,-0.006745137677816119
2023-09-07,0.0634,14.399999618530273,0.021589123548046464,947,-0.0030749462677503296
2023-09-08,0.067,13.84000015258789,0.029171381215469614,905,0.0015049542106842105
2023-09-11,0.0631,13.800000190734863,0.08107929936305733,942,0.006555105162656671
2023-09-12,0.0658,14.229999542236328,0.06406565762004175,958,-0.005500711436984432
2023-09-13,0.0672,13.479999542236328,0.035896972860125276,958,0.0011653100058186942
2023-09-14,0.057,12.819999694824219,0.05829123548046462,947,0.008585412055525241
2023-09-15,0.0592,13.789999961853027,0.07257830687830688,945,-0.01564260552722776
2023-09-18,0.0552,14.0,0.0652055497382199,955,0.0005862678085058179
2023-09-19,0.0601,14.109999656677246,0.06646297071129707,956,-0.0020759838480750876
2023-09-20,0.0599,15.140000343322754,0.049610051813471515,965,-0.009235844351152545
2023-09-21,0.0614,17.540000915527344,0.06700030927835053,970,-0.016666477191231367
2023-09-22,0.0636,17.200000762939453,0.07303385365853658,1025,-0.0022510799334294423
2023-09-25,0.0703,16.899999618530273,0.042825728155339825,824,0.0041963720245047674
2023-09-26,0.0806,18.940000534057617,0.025925889967637547,927,-0.014800251479124848
2023-09-27,0.0803,18.219999313354492,0.04112961783439489,942,0.0003990537106883037
2023-09-28,0.0909,17.34000015258789,0.06862071428571431,980,0.005780704134190364
2023-09-29,0.1048,17.520000457763672,0.06370266940451748,974,-0.002429856399603727
2023-10-02,0.0959,17.610000610351562,0.05226210191082803,942,-0.00039778993267751666
2023-10-03,0.1043,19.780000686645508,0.03407826086956522,943,-0.01347647032989409
2023-10-04,0.1071,18.579999923706055,0.028280406852248408,934,0.007255588282934912
2023-10-05,0.1074,18.489999771118164,0.056834656652360524,932,-0.0003768516258725016
2023-10-06,0.0971,17.450000762939453,0.0360173076923077,988,0.011802882777938796
2023-10-09,0.1028,17.700000762939453,0.019949789029535862,948,0.0063817905591359225
2023-10-10,0.1283,17.030000686645508,0.04252462686567165,938,0.0051913408829109865
2023-10-11,0.1404,16.09000015258789,0.0040461620469083226,938,0.004087915912236972
2023-10-12,0.1331,16.690000534057617,0.03888569892473119,930,-0.006115110502897607
2023-10-13,0.1503,19.31999969482422,0.031281269510926114,961,-0.004993314857244581
2023-10-16,0.1507,17.209999084472656,0.059213935340022304,897,0.01046649133332179
2023-10-17,0.1491,17.8799991607666,0.06419288840262581,914,-4.5913197049638914e-05
2023-10-18,0.1535,19.219999313354492,0.026829215896885063,931,-0.013414646956172782
2023-10-19,0.1491,21.399999618530273,0.04053705692803438,931,-0.00882523202971711
2023-10-20,0.1604,21.709999084472656,0.03617445414847162,916,-0.012364165589842322
2023-10-23,0.1398,20.3700008392334,0.032743632336655594,903,-0.0017347143698367156
2023-10-24,0.1243,18.969999313354492,0.06026514657980458,921,0.007511114561209817
2023-10-25,0.1204,20.190000534057617,0.04875435729847495,918,-0.014456175911054608
2023-10-26,0.1157,20.68000030517578,0.05963502024291498,988,-0.012046887403205692
2023-10-27,0.1078,21.270000457763672,0.05523561786085152,963,-0.004543076364740735
2023-10-30,0.1006,19.75,0.03306769570011026,907,0.011884883929670366
2023-10-31,0.0846,18.139999389648438,0.06165423913043478,920,0.006260627657925518
2023-11-01,0.0853,16.8700008392334,0.05069632738719833,953,0.010608265814448672
2023-11-02,0.095,15.65999984741211,0.06809191489361702,940,0.018983031132927274
2023-11-03,0.0891,14.90999984741211,0.07021930960086299,927,0.009082025844375438
2023-11-06,0.0967,14.890000343322754,0.04345650793650796,945,0.002297847915620259
2023-11-07,0.0992,14.8100004196167,0.041358071278826,954,0.00284199554427769
2023-11-08,0.0993,14.449999809265137,0.06328379237288136,944,0.0007321314630716516
2023-11-09,0.1018,15.289999961853027,0.032907218683651804,942,-0.007829319807058255
2023-11-10,0.1042,14.170000076293945,0.0524073482428115,939,0.01548430309641447
2023-11-13,0.0963,14.760000228881836,0.032399385245901656,976,-0.000953639754326823
2023-11-14,0.0901,14.15999984741211,0.06315057113187955,963,0.019214937613587866
2023-11-15,0.0955,14.180000305175781,0.07149784102060841,1019,0.0021148073588667295
2023-11-16,0.1,14.319999694824219,0.07044874739039667,958,0.00122238529807709
2023-11-17,0.1027,13.800000190734863,0.05710615690168817,1007,0.0012430303845870662
2023-11-20,0.1034,13.40999984741211,0.06469174406604747,969,0.007668124752286348
2023-11-21,0.1046,13.350000381469727,0.0615001984126984,1008,-0.0021817926592202913
2023-11-22,0.1052,12.850000381469727,0.030072549019607847,969,0.0038533997022272832
2023-11-24,0.1025,12.460000038146973,0.049180138339920965,1012,0.0006151656456207858
2023-11-27,0.1015,12.6899995803833,0.09084225352112676,994,-0.0018025831074994956
2023-11-28,0.1004,12.6899995803833,0.0936011122345804,989,0.0009896124396357015
2023-11-29,0.1047,12.979999542236328,0.04139731127197519,967,-0.0007036685470760853
2023-11-30,0.1016,12.920000076293945,0.06299999999999997,932,0.003929728299914877
2023-12-01,0.0797,12.630000114440918,0.04837120418848168,955,0.005898459934950831
2023-12-04,0.0857,13.079999923706055,0.05527147540983607,915,-0.005263235464555216
2023-12-05,0.0916,12.850000381469727,0.07708476890756306,952,-0.00019708162213514347
2023-12-06,0.0941,12.970000267028809,0.07691286610878662,956,-0.004037918727864448
2023-12-07,0.0787,13.0600004196167,0.07392440290758048,963,0.007601436708841672
2023-12-08,0.088,12.350000381469727,0.05327012448132781,964,0.004289938682770291
2023-12-11,0.0949,12.630000114440918,0.0943778705636743,958,0.003882020560905879
2023-12-12,0.097,12.069999694824219,0.038335350318471344,942,0.004556834710761382
2023-12-13,0.0936,12.1899995803833,0.062102407221664976,997,0.013695899627010042
2023-12-14,0.0782,12.479999542236328,0.0735456243854474,1017,0.003204233465814398
2023-12-15,0.0908,12.279999732971191,0.03785051759834368,966,-0.0056940753497524595
2023-12-18,0.0942,12.5600004196167,0.06362707468879668,964,0.005609309688445641
2023-12-19,0.1092,12.529999732971191,0.05682550264550265,945,0.0060624706430893955
2023-12-20,0.1178,13.670000076293945,0.07987087857847976,1013,-0.013954179408550985
2023-12-21,0.1278,13.649999618530273,0.02916438923395445,966,0.009437245558765753
2023-12-22,0.1344,13.029999732971191,0.06701796714579054,974,0.0020076758121667965
2023-12-26,0.131,12.989999771118164,0.0955016129032258,682,0.004213637385105742
2023-12-27,0.1323,12.430000305175781,0.08067359667359666,962,0.0018064529064549342
2023-12-28,0.1302,12.470000267028809,0.0753619644723093,957,0.0003776598313376663
2023-12-29,0.1304,12.449999809265137,0.04750197585071351,911,-0.0028991719525495417
2024-01-02,0.0934,13.199999809265137,0.016763225806451607,930,-0.005612073647762583
2024-01-03,0.0714,14.039999961853027,0.05100127118644068,944,-0.008200218753116065
2024-01-04,0.0759,14.130000114440918,0.06353002070393375,966,-0.003226278085188268
2024-01-05,0.0776,13.350000381469727,0.03659315352697098,964,0.001368722711720566
2024-01-08,0.0734,13.079999923706055,0.043597885835095135,946,0.014174987030583994
2024-01-09,0.0667,12.760000228881836,0.08660871413390013,941,-0.0015182214715403436
2024-01-10,0.0695,12.6899995803833,0.06908880753138079,956,0.005639492806995132
2024-01-11,0.0613,12.4399995803833,0.08507241725175528,997,-0.0004407372315755655
2024-01-12,0.0657,12.699999809265137,0.034545134575569354,966,0.0006924998916625722
2024-01-16,0.0658,13.84000015258789,0.06465375661375661,945,-0.0036779815254260047
2024-01-17,0.0648,14.789999961853027,0.08751059322033901,944,-0.005574187544936197
2024-01-18,0.0589,14.130000114440918,0.08411332644628097,968,0.008853494233072969
2024-01-19,0.051,13.300000190734863,0.05730383451059536,991,0.012389101331860433
2024-01-22,0.0467,13.1899995803833,0.08521656050955416,942,0.002112104827275948
2024-01-23,0.0455,12.550000190734863,0.057089772727272746,968,0.002912237082337803
2024-01-24,0.0404,13.140000343322754,0.08677795591182366,998,0.0010925624315369024
2024-01-25,0.0376,13.449999809265137,0.058345717234262115,969,0.005424155178897727
2024-01-26,0.0423,13.260000228881836,0.07334475890985324,954,-0.0012712113489856446
2024-01-29,0.0435,13.600000381469727,0.03569537037037039,972,0.007888186936642857
2024-01-30,0.046,13.3100004196167,0.08519106967615311,1019,-0.0007737525103342413
2024-01-31,0.0482,14.350000381469727,0.03849742828882295,1011,-0.016451914258144705
2024-02-01,0.0393,13.880000114440918,0.035976150627615056,956,0.013003243074726334
2024-02-02,0.0366,13.850000381469727,0.09668110000000002,1000,0.010472351923623717
2024-02-05,0.0374,13.670000076293945,0.06171462409886714,971,-0.0036478271713354265
2024-02-06,0.0374,13.0600004196167,0.07868440366972478,981,0.0028990992604667125
2024-02-07,0.0438,12.829999923706055,0.06503019057171516,997,0.008305819554012096
2024-02-08,0.0412,12.789999961853027,0.10886060885608856,1084,0.0004415833108797068
2024-02-09,0.0478,12.930000305175781,0.10204849699398795,998,0.005762791733809747
2024-02-12,0.0444,13.930000305175781,0.09105289999999998,1000,-0.00043904531949477997
2024-02-13,0.0359,15.850000381469727,0.08604711067580802,1021,-0.013868781838918256
2024-02-14,0.0342,14.380000114440918,0.08843798283261803,932,0.00904659527888467
2024-02-15,0.0389,14.010000228881836,0.09000173243503369,1039,0.0068760437671022455
2024-02-16,0.0416,14.239999771118164,0.10326208897485492,1034,-0.004992421806456445
2024-02-20,0.0414,15.420000076293945,0.08169779999999999,1000,-0.0055206057201699224
2024-02-21,0.0464,15.34000015258789,0.0769783574879227,1035,0.0009054231408219095
2024-02-22,0.0391,14.539999961853027,0.10038340847610461,1109,0.02048425603665073
2024-02-23,0.043,13.75,0.11200822966507175,1045,0.00068942948791089
2024-02-26,0.043,13.739999771118164,0.10956177105831531,926,-0.003669253457560932
2024-02-27,0.0454,13.430000305175781,0.1189923464249748,993,0.0018560256034270653
2024-02-28,0.0437,13.84000015258789,0.084326973026973,1001,-0.0013225219478980774
2024-02-29,0.0431,13.399999618530273,0.09959251012145749,988,0.003588498464511727
2024-03-01,0.0413,13.109999656677246,0.08879466537342384,1031,0.009344468082401325
2024-03-04,0.039,13.489999771118164,0.09030109452736318,1005,-0.0010729900314741514
2024-03-05,0.0398,14.460000038146973,0.11025756048387095,992,-0.0100444113894327
2024-03-06,0.0388,14.5,0.09802141434262943,1004,0.005054453726737115
2024-03-07,0.0362,14.4399995803833,0.11568790882061446,1009,0.009877486355824644
2024-03-08,0.0303,14.739999771118164,0.13466941789748033,1151,-0.006020292976064564
2024-03-11,0.0272,15.220000267028809,0.08375661691542285,1005,-0.0008602198798415472
2024-03-12,0.0211,13.84000015258789,0.08305524475524477,1001,0.010699925765846127
2024-03-13,0.0209,13.75,0.0954128,1000,-0.0015687412440107565
2024-03-14,0.0192,14.399999618530273,0.08088154589371978,1035,-0.0019787351992332034
2024-03-15,0.0165,14.40999984741211,0.07446143540669854,1045,-0.009992521797621997
2024-03-18,0.0162,14.329999923706055,0.07766407563025211,952,0.005925564400416204
2024-03-19,0.0092,13.819999694824219,0.08588261738261738,1001,0.005541759714507747
2024-03-20,0.0082,13.039999961853027,0.09317919191919187,990,0.009206790605195993
2024-03-21,0.0072,12.920000076293945,0.08749145383104126,1018,0.0032992544416057122
2024-03-22,0.0117,13.0600004196167,0.0927739,1000,-0.0018976059248372494
2024-03-25,0.0167,13.1899995803833,0.04981532846715326,959,-0.0027666301033714116
2024-03-26,0.0169,13.239999771118164,0.10135851619644723,957,-0.001848720811659766
2024-03-27,0.0188,12.779999732971191,0.11281553985872855,991,0.008368703582209678
2024-03-28,0.0175,13.010000228881836,0.08327782299084435,983,-0.00019111406020605603
2024-04-01,0.0171,13.649999618530273,0.08083368644067798,944,-0.0017413094278576045
2024-04-02,0.0188,14.609999656677246,0.08794689800210305,951,-0.006378400662397819
2024-04-03,0.0166,14.329999923706055,0.0787143005181347,965,0.0010978980906576894
2024-04-04,0.0187,16.350000381469727,0.09863172205438064,993,-0.012281197944720696
2024-04-05,0.0127,16.030000686645508,0.06093084677419355,992,0.010392697227312885
2024-04-08,0.0133,15.1899995803833,0.06011705508474575,944,0.0005591824618205978
2024-04-09,0.0106,14.979999542236328,0.09873486707566463,978,0.0011560955273918782
2024-04-10,0.0087,15.800000190734863,0.07654613861386138,1010,-0.010063585851018561
2024-04-11,0.0115,14.90999984741211,0.06613248472505093,982,0.007518550514969957
2024-04-12,0.0156,17.309999465942383,0.06649181636726546,1002,-0.013899225274285687
2024-04-15,0.0185,19.229999542236328,0.05427156348373558,953,-0.012607265932115247
2024-04-16,0.0206,18.399999618530273,0.04683329775880468,937,-0.0018254601741845044
2024-04-17,0.0237,18.209999084472656,0.08427329317269076,996,-0.005935821400641787
2024-04-18,0.03,18.0,0.07530271629778672,994,-0.0020598541449591205
2024-04-19,0.0293,18.709999084472656,0.032549416342412464,1028,-0.008766665273877018
2024-04-22,0.0327,16.940000534057617,0.04352176591375769,974,0.009166993946983032
2024-04-23,0.0334,15.6899995803833,0.07482234580384227,989,0.011796774271143656
2024-04-24,0.0378,15.970000267028809,0.05768544502617802,955,-0.0004747299655049409
2024-04-25,0.0329,15.369999885559082,0.0502185185185185,972,-0.0038061567197108415
2024-04-26,0.0264,15.029999732971191,0.08602869318181815,1056,0.009429315293021177
2024-04-29,0.0251,14.670000076293945,0.059164835164835186,910,0.003535214185462806
2024-04-30,0.0222,15.649999618530273,0.0822888888888889,972,-0.015968060924207314
2024-05-01,0.021,15.390000343322754,0.07406520039100684,1023,-0.0032524344116499487
2024-05-02,0.0218,14.680000305175781,0.06454745762711868,1003,0.00930996529944333
2024-05-03,0.0227,13.489999771118164,0.07281194029850745,1005,0.01231912958333033
2024-05-06,0.0267,13.489999771118164,0.08284189473684213,950,0.010273860527033316
2024-05-07,0.0362,13.229999542236328,0.058913171225937186,987,0.0011028380684626946
2024-05-08,0.0373,13.0,0.10436670135275754,961,9.665733795148855e-05
2024-05-09,0.0352,12.6899995803833,0.053748132780082995,964,0.005745331819169011
2024-05-10,0.0381,12.550000190734863,0.07520751802265706,971,0.0012872960520189931
2024-05-13,0.0318,13.600000381469727,0.07709349186483104,799,0.00013428613231119228
2024-05-14,0.0314,13.420000076293945,0.12704280821917807,876,0.004577659496461211
2024-05-15,0.0313,12.449999809265137,0.09057096412556055,892,0.012306991279978533
2024-05-16,0.0243,12.420000076293945,0.08706845493562232,932,-0.0020596279688887354
2024-05-17,0.0228,11.989999771118164,0.09650348837209304,860,0.0014365015702952906
2024-05-20,0.0202,12.149999618530273,0.06848177623990774,867,0.0011514481474172668
2024-05-21,0.0167,11.859999656677246,0.07567423033067275,877,0.0024495269806736565
2024-05-22,0.0144,12.289999961853027,0.09250340659340653,910,-0.0028834974288917308
2024-05-23,0.0183,12.770000457763672,0.11513689217758982,946,-0.0073310266367182745
2024-05-24,0.0175,11.930000305175781,0.06336358574610247,898,0.006594642789596251
2024-05-28,0.0163,12.920000076293945,0.10077001209189841,827,0.0006985983143454546
2024-05-29,0.0091,14.279999732971191,0.1096433684210526,950,-0.007027184767931233
2024-05-30,0.01,14.470000267028809,0.08866954689146472,949,-0.006655802363201398
2024-05-31,0.0104,12.920000076293945,0.12468045851528378,916,0.0090669202532969
2024-06-03,0.0114,13.109999656677246,0.10917935483870961,775,0.0008150207199744992
2024-06-04,0.0066,13.15999984741211,0.10947442872687704,919,0.0011172741940039222
2024-06-05,0.0075,12.630000114440918,0.13116869009584664,939,0.011815027054442569
2024-06-06,0.0095,12.579999923706055,0.10648493003229278,929,-1.872156590881285e-05
2024-06-07,0.0084,12.220000267028809,0.1501558139534883,903,-0.001216396959663698
2024-06-10,0.0088,12.739999771118164,0.05620316901408455,852,0.0030849976419914907
2024-06-11,0.0109,12.850000381469727,0.09613033333333335,900,0.0024054217322930335
2024-06-12,0.0152,12.039999961853027,0.0939900205761317,972,0.008179461827137285
2024-06-13,0.0224,11.9399995803833,0.09845935550935546,962,0.002011472906592374
2024-06-14,0.0454,12.65999984741211,0.12145131938125571,1099,0.0006081975017191718
2024-06-17,0.0527,12.75,0.1107506849315068,949,0.007927421171589219
2024-06-18,0.0603,12.300000190734863,0.1325607424071991,889,0.002537473758677731
2024-06-20,0.0753,13.279999732971191,0.1149075132275132,945,-0.0027202277819783596
2024-06-21,0.0802,13.199999809265137,0.08632987012987012,1155,-0.0045624768099957755
2024-06-24,0.0838,13.329999923706055,0.08559447852760733,815,-0.0032559597055963445
2024-06-25,0.0847,12.84000015258789,0.13223874285714285,875,0.003843484859423134
2024-06-26,0.0861,12.550000190734863,0.12606398809523806,1008,0.0012473040467964628
2024-06-27,0.084,12.239999771118164,0.06300350678733031,884,0.0015752381681971572
2024-06-28,0.0831,12.4399995803833,0.08462624237140365,1147,-0.003942869945335037
2024-07-01,0.0866,12.220000267028809,0.08561814814814815,810,0.0020559795686297933
2024-07-02,0.0774,12.029999732971191,0.07864107744107741,891,0.006707171463487453
2024-07-03,0.074,12.09000015258789,0.10533542688910698,1019,0.004452672374999366
2024-07-05,0.0655,12.479999542236328,0.06778452696728558,1131,0.00574993460235957
2024-07-08,0.0583,12.369999885559082,0.10307139761646802,923,0.0011532627469240334
2024-07-09,0.0546,12.510000228881836,0.1041029801324503,906,0.0009719702134054468
2024-07-10,0.0515,12.850000381469727,0.10556993865030678,978,0.009846651925863915
2024-07-11,0.0427,12.920000076293945,0.09366038500506584,987,-0.008659969863070056
2024-07-12,0.045,12.460000038146973,0.09977374031007749,1032,0.006287712919899016
2024-07-15,0.0419,13.119999885559082,0.05545805168986085,1006,0.0027463442535965747
2024-07-16,0.0406,13.1899995803833,0.1242519422863485,901,0.005912633656968921
2024-07-17,0.0346,14.479999542236328,0.06712226066897348,867,-0.014120368318038583
2024-07-18,0.0313,15.930000305175781,0.08818466386554624,952,-0.007714582945409498
2024-07-19,0.0348,16.520000457763672,0.06672927689594353,1134,-0.006662727016045844
2024-07-22,0.0393,14.90999984741211,0.07886694367497692,1083,0.010257119582686927
2024-07-23,0.0346,14.720000267028809,0.053459840425531945,752,-0.0015697793341651323
2024-07-24,0.0425,18.040000915527344,0.0595209593326382,959,-0.022923257821525943
2024-07-25,0.0588,18.459999084472656,0.03775036572622779,957,-0.005223989215959486
2024-07-26,0.0562,16.389999389648438,0.10605435720448661,1159,0.011137446118047623
2024-07-29,0.0622,16.600000381469727,0.08725228113440198,811,0.0005876006791036112
2024-07-30,0.0636,17.690000534057617,0.045221074380165295,968,-0.005079347187582497
2024-07-31,0.0717,16.360000610351562,0.07946413502109705,948,0.016123916227965614
2024-08-01,0.1023,18.59000015258789,0.08745234619395204,959,-0.014262163712746048
2024-08-02,0.1383,23.389999389648438,0.06499231536926148,1002,-0.01879391883853948
2024-08-05,0.1854,38.56999969482422,0.021860249042145594,1044,-0.029556211486463296
2024-08-06,0.1929,27.709999084472656,0.046248140900195696,1022,0.009177326052492472
2024-08-07,0.2132,27.850000381469727,0.05503128772635817,994,-0.006706438943734617
2024-08-08,0.2186,23.790000915527344,0.08334036144578306,996,0.022854205477053902
2024-08-09,0.2134,20.3700008392334,0.09462081784386621,1076,0.0043999277257457175
2024-08-12,0.1928,20.709999084472656,0.04613651452282156,964,0.0005252551924453704
2024-08-13,0.1795,18.1200008392334,0.029057884231536945,1002,0.016311859783682058
2024-08-14,0.1644,16.190000534057617,0.06120877378435522,946,0.0031498234853460628
2024-08-15,0.1665,15.229999542236328,0.09764237954768928,1017,0.01699500662990351
2024-08-16,0.1487,14.800000190734863,0.1063103921568627,1020,0.002239503597967925
2024-08-19,0.138,14.649999618530273,0.07155243644067798,944,0.009515993731818054
2024-08-20,0.1323,15.880000114440918,0.09943037433155079,935,-0.0016274080484896213
2024-08-21,0.1222,16.270000457763672,0.08884633123689728,954,0.0034306271319162495
2024-08-22,0.1116,17.549999237060547,0.10660675818373812,947,-0.007879458675625204
2024-08-23,0.1025,15.859999656677246,0.11778742081447964,1105,0.010569301785965204
2024-08-26,0.0915,16.149999618530273,0.08082332968236579,913,-0.0023866838456129227
2024-08-27,0.0802,15.430000305175781,0.0970318681318681,819,0.0013721560454702131
2024-08-28,0.0661,17.110000610351562,0.10190060606060608,990,-0.005822190304537772
2024-08-29,0.0567,15.649999618530273,0.07143069207622864,997,8.953171475672746e-05
2024-08-30,0.048,15.0,0.059819565217391284,1104,0.009500739432925398
2024-09-03,0.06,20.719999313354492,0.0627084745762712,649,-0.020793707331630266
2024-09-04,0.0659,21.31999969482422,0.03296980952380951,1050,-0.0020489111776035253
2024-09-05,0.0671,19.899999618530273,0.057250753768844254,995,-0.002435173948982236
2024-09-06,0.0845,22.3799991607666,0.07488006902502155,1159,-0.016973352148319156
2024-09-09,0.0737,19.450000762939453,0.061229306930693096,1010,0.011134003557898288
2024-09-10,0.0698,19.079999923706055,0.07658535754824061,881,0.0043462540822322504
2024-09-11,0.0715,17.690000534057617,0.05758,885,0.010206676803407814
2024-09-12,0.0702,17.06999969482422,0.08582179341657209,881,0.008388018582504528
2024-09-13,0.0698,16.559999465942383,0.08971316553727007,1033,0.0052091506870809165
2024-09-16,0.0639,17.139999389648438,0.09684317789291884,579,0.0014757829283282722
2024-09-17,0.0665,17.610000610351562,0.07940828779599268,1098,0.0004085237096515261
2024-09-18,0.065,18.229999542236328,0.08048233695652177,736,-0.002970259928318526
2024-09-19,0.0682,16.329999923706055,0.04007509999999999,1000,0.016920441150731776
2024-09-20,0.0673,16.149999618530273,0.065856241331484,1442,-0.004792685833681076
2024-09-23,0.0581,15.890000343322754,0.08363951701427005,911,0.0024957530732319768
2024-09-24,0.0648,15.390000343322754,0.07682391826923077,832,0.0028572285574197773
2024-09-25,0.0677,15.40999984741211,0.09698035470668484,733,-0.002207949104108439
2024-09-26,0.0665,15.369999885559082,0.09317785407725317,1165,0.003956812826083578
2024-09-27,0.0715,16.959999084472656,0.11003141831238782,1114,-0.00145137093237895
2024-09-30,0.0585,16.729999542236328,0.05192967525195969,893,0.003999270284267758
2024-10-01,0.0732,19.260000228881836,0.08582244897959183,931,-0.008998843314137523
2024-10-02,0.0782,18.899999618530273,0.059378675496688745,755,0.00042196828437733976
2024-10-03,0.0634,20.489999771118164,0.059219854721549635,826,-0.0018298524197309597
2024-10-04,0.0655,19.209999084472656,0.06743175718849836,1565,0.009046298016799974
2024-10-07,0.0615,22.639999389648438,0.06093891352549891,902,-0.00908155546442886
2024-10-08,0.059,21.420000076293945,0.08437794432548178,934,0.009413104474973047
2024-10-09,0.0543,20.860000610351562,0.07418002481389578,806,0.006902569758639199
2024-10-10,0.0521,20.93000030517578,0.04401325071496664,1049,-0.001751558623292343
2024-10-11,0.0491,20.459999084472656,0.06123506988564169,787,0.0059703946311481515
2024-10-14,0.0422,19.700000762939453,0.084572807991121,901,0.00814505771963461
2024-10-15,0.0449,20.639999389648438,0.11415849889624721,906,-0.007800018730859806
2024-10-16,0.039,19.579999923706055,0.08850828571428573,1050,0.004336986109308254
2024-10-17,0.0331,19.110000610351562,0.0753649857278782,1051,8.58417457111971e-05
2024-10-18,0.0305,18.030000686645508,0.09448919382504285,1166,0.0038391931312019055
2024-10-21,0.0312,18.3700008392334,0.09934159378036929,1029,-0.0016435639908294927
2024-10-22,0.0271,18.200000762939453,0.07699937810945275,804,-0.0005312953642281611
2024-10-23,0.0244,19.239999771118164,0.09958780737704923,976,-0.009179382812641815
2024-10-24,0.0229,19.079999923706055,0.11380232365145224,1205,0.0021603320122126016
2024-10-25,0.021,20.329999923706055,0.08103297872340422,846,-0.0003453607322924641
2024-10-28,0.0183,19.799999237060547,0.11174999999999997,966,0.0030866226235923304
2024-10-29,0.0195,19.34000015258789,0.12433344947735192,861,0.0016170697000382715
2024-10-30,0.0178,20.350000381469727,0.11563384991843387,1226,-0.00302985258422532
2024-10-31,0.0231,23.15999984741211,0.08222499999999999,1024,-0.019797790881375572
2024-11-01,0.0208,21.8799991607666,0.05951457564575646,1084,0.00421165053677275
2024-11-04,0.0225,21.979999542236328,0.11270387499999998,800,-0.0021562536207746716
2024-11-05,0.0237,20.489999771118164,0.11265542949756888,617,0.012019254145644384
2024-11-06,0.0179,16.270000457763672,0.08479867549668872,1057,0.024561438046209704
2024-11-07,0.0248,15.199999809265137,0.12515207792207791,770,0.007702406032089402
2024-11-08,0.0341,14.9399995803833,0.0871889937106918,1272,0.004322367453619879
2024-11-11,0.0413,14.970000267028809,0.10713796526054595,806,0.0009524330364589737
2024-11-12,0.0603,14.710000038146973,0.1425631004366812,916,-0.0031112302807517547
2024-11-13,0.0683,14.020000457763672,0.12429342672413791,928,0.0004856887278553604
2024-11-14,0.0783,14.3100004196167,0.0968171524663677,892,-0.006450921838880147
2024-11-15,0.0687,16.139999389648438,0.0851836483931947,1058,-0.012891325577101638
2024-11-18,0.0606,15.579999923706055,0.06215066666666667,750,0.004088981528469609
2024-11-19,0.0516,16.350000381469727,0.10186907582938387,844,0.003648802650900327
2024-11-20,0.0513,17.15999984741211,0.08005268817204303,930,0.0003387740701419968
2024-11-21,0.0503,16.8700008392334,0.11029482948294828,909,0.005353945004731207
2024-11-22,0.067,15.239999771118164,0.08973235294117647,1292,0.0030946170222222015
2024-11-25,0.0686,14.600000381469727,0.14687515657620046,479,0.003386343115840129
2024-11-26,0.0681,14.100000381469727,0.02786122448979592,1176,0.005207902033243618
2024-11-27,0.0693,14.100000381469727,0.09474258639910817,897,-0.0030346627838302746
2024-11-29,0.0582,13.510000228881836,0.08177767857142856,1008,0.00619284918482512
2024-12-02,0.0628,13.34000015258789,0.08979520547945205,730,0.0017908063224980327
2024-12-03,0.0551,13.300000190734863,0.08267272727272729,924,0.0004637002034376687
2024-12-04,0.047,13.449999809265137,0.10978473118279569,930,0.006190335088049891
2024-12-05,0.0487,13.539999961853027,0.08376341201716735,932,-0.0016470127648157316
2024-12-06,0.0449,12.770000457763672,0.12475782312925174,1176,0.0018938710475220276
2024-12-09,0.0372,14.1899995803833,0.06991483715319666,829,-0.005162948743187375
2024-12-10,0.0307,14.180000305175781,0.08031414581066376,919,-0.003113933866162911
2024-12-11,0.0229,13.579999923706055,0.11036796536796535,924,0.007700919095089764
2024-12-12,0.0237,13.920000076293945,0.07350566448801744,918,-0.00516593096615969
2024-12-13,0.0248,13.8100004196167,0.09467364016736406,956,-0.00019857863819705597
2024-12-16,0.0258,14.6899995803833,0.08921819425444598,731,0.004260875240226695
2024-12-17,0.0246,15.869999885559082,0.11266877076411955,903,-0.004128552435420416
2024-12-18,0.0215,27.6200008392334,0.07165957873620864,997,-0.030256637667440828
2024-12-19,0.0325,24.09000015258789,0.055642099567099576,924,-0.0003071593026207189
2024-12-20,0.0345,18.360000610351562,0.059947018150388914,1157,0.008579451781121527
2024-12-23,0.0369,16.780000686645508,0.07264108858057629,937,0.00597043186718211
2024-12-24,0.0366,14.270000457763672,0.0785295698924731,1116,0.011053692268884356
2024-12-26,0.0298,14.729999542236328,0.08275510752688173,744,6.658528242378701e-05
2024-12-27,0.0253,15.949999809265137,0.08347711738484401,673,-0.010582314487253601
2024-12-30,0.0276,17.399999618530273,0.050767396061269156,914,-0.011477250763649458
2024-12-31,0.0254,17.350000381469727,0.05630494559841739,1011,-0.0036446495858981865
2025-01-02,0.0194,17.93000030517578,0.09678720573183212,977,-0.0024600299449544388
2025-01-03,0.0179,16.1299991607666,0.10369524647887327,1136,0.012425894234247573
2025-01-06,0.0141,16.040000915527344,0.10109779220779222,770,0.00574404751460413
2025-01-07,0.0164,17.81999969482422,0.0904747346072187,942,-0.011368428798641033
2025-01-08,0.0133,17.700000762939453,0.04320678294573645,1032,0.0014599285435674945
2025-01-10,0.0112,19.540000915527344,0.032036051502145925,1165,-0.015385182101261236
2025-01-13,0.0109,19.190000534057617,0.062048880597014945,804,0.0015492556723576232
2025-01-14,0.009,18.709999084472656,0.07313703296703296,910,0.0013750458193974
2025-01-15,0.0178,16.1200008392334,0.08240132248219735,983,0.018026525514547472
2025-01-16,0.019,16.600000381469727,0.07297642706131077,946,-0.001925018081736614
2025-01-17,0.0181,15.970000267028809,0.08047989778534922,1174,0.009989828092638322
2025-01-21,0.0165,15.0600004196167,0.07894559643255297,897,0.009111897132251471
2025-01-22,0.0167,15.100000381469727,0.08608538461538458,910,0.0056057074520837295
2025-01-23,0.0154,15.020000457763672,0.05969128959276017,884,0.0054432378568486876
2025-01-24,0.0151,14.850000381469727,0.07342117552334941,1242,-0.002923546640516025
2025-01-27,0.0169,17.899999618530273,0.05370511770726716,977,-0.014246395022121112
2025-01-28,0.0157,16.40999984741211,0.07298088235294117,952,0.008555691577218085
2025-01-29,0.0147,16.559999465942383,0.05080416221985058,937,-0.004493010193278008
2025-01-30,0.0182,15.84000015258789,0.04831574468085105,940,0.005352758414401837
2025-01-31,0.0166,16.43000030517578,0.05358243534482758,928,-0.005336125785463275
2025-02-03,0.0139,18.6200008392334,0.0442864837398374,984,-0.006752312190203094
2025-02-04,0.012,17.209999084472656,0.051474002047082905,977,0.0066858814388869895
2025-02-05,0.0128,15.770000457763672,0.06112997967479676,984,0.004046342844649405
2025-02-06,0.015,15.5,0.09309696663296256,989,0.0034695900439601513
2025-02-07,0.013,16.540000915527344,0.09126815286624204,942,-0.009195713292096888
2025-02-10,0.0126,15.8100004196167,0.06169393004115229,972,0.006768254750559075
2025-02-11,0.0144,16.020000457763672,0.06449053627760254,951,0.0007602664193542381
2025-02-12,0.0178,15.890000343322754,0.07738631256384064,979,-0.003226710229439137
2025-02-13,0.0162,15.100000381469727,0.08576626626626627,999,0.010502194965520788
2025-02-14,0.0139,14.770000457763672,0.06538125996810208,1254,-4.915126231891812e-05
2025-02-18,0.0114,15.350000381469727,0.0657047193877551,784,0.0029315328583930616
2025-02-19,0.0079,15.270000457763672,0.08337951167728243,942,0.002352139176774632
2025-02-20,0.0055,15.65999984741211,0.08352816479400749,1335,-0.004169002936971839
2025-02-21,0.0064,18.209999084472656,0.07159624060150377,532,-0.01725206774810884
2025-02-24,0.0051,18.979999542236328,0.026637923497267766,915,-0.004560807159101966
2025-02-25,0.0066,19.43000030517578,0.03669753593429162,974,-0.004985585395593816
2025-02-26,0.0057,19.100000381469727,0.05627702265372167,927,0.0005046986109214692
2025-02-27,0.0041,21.1299991607666,0.07369182839632277,979,-0.01609066754142619
2025-02-28,0.0036,19.6299991607666,0.05734356020942408,955,0.015484998634637115
2025-03-03,0.0034,22.780000686645508,0.017097883064516123,992,-0.017675188339395635
2025-03-04,0.0234,23.510000228881836,0.05308263888888889,1008,-0.01190752573646592
2025-03-05,0.0369,21.93000030517578,0.07748091528724442,1027,0.010690515460946317
2025-03-06,0.0365,24.8700008392334,0.027853818615751803,838,-0.01791057405732893
2025-03-07,0.0328,23.3700008392334,0.03411213720316624,1137,0.0055892137246351834
2025-03-10,0.031,27.860000610351562,0.028873941368078176,921,-0.026996739968135883
2025-03-11,0.0341,26.920000076293945,0.02553965330444204,923,-0.008347624254402936
2025-03-12,0.0303,24.229999542236328,0.029623415682062317,931,0.005292510968269806
2025-03-13,0.0257,24.65999984741211,0.06834386339381,937,-0.013420140983913241
2025-03-14,0.0283,21.770000457763672,0.037565711462450614,1012,0.020445350796967156
2025-03-17,0.0263,20.510000228881836,0.04168284360189575,1055,0.007681773006130907
2025-03-18,0.022,21.700000762939453,0.05968333333333334,828,-0.010867271727039338
2025-03-19,0.0178,19.899999618530273,0.038275081967213125,915,0.010831972628518661
2025-03-20,0.0143,19.799999237060547,0.03306382189239332,1078,-0.002895968288907007
2025-03-21,0.0109,19.280000686645508,0.04820811030008112,1233,-0.0026738394192555807
2025-03-24,0.0111,17.479999542236328,0.04217585170340681,998,0.017750033954183515
2025-03-25,0.0112,17.149999618530273,0.04349639115250291,859,0.0024009699512088666
2025-03-26,0.0097,18.329999923706055,0.04388719424460432,695,-0.01201009991267193
2025-03-27,0.0089,18.690000534057617,0.02645059221658207,1773,-0.0026592418520149856
2025-03-28,0.0076,21.649999618530273,0.15000000000000002,16,-0.02034386930652222
2025-03-31,0.008,22.280000686645508,-0.13333333333333336,18,0.00669038241901932
2025-04-01,0.0072,21.770000457763672,-0.10666666666666669,15,0.002820445433097604
2025-04-02,0.0058,21.510000228881836,0.0,16,0.006308471212191712
2025-04-03,0.0401,30.020000457763672,-0.13333333333333336,18,-0.050536545216391456
2025-04-04,0.1159,45.310001373291016,-0.10666666666666667,15,-0.06032657327600828
2025-04-07,0.1718,46.97999954223633,0.4,14,-0.0017827667365008367
2025-04-08,0.1752,52.33000183105469,-0.05333333333333335,15,-0.015786739086371803
2025-04-09,0.1833,33.619998931884766,0.0,22,0.09986280254486124
2025-04-10,0.2029,40.720001220703125,0.25,16,-0.0448080503743717
2025-04-11,0.2106,37.560001373291016,0.12307692307692308,13,0.017685502670261567
2025-04-14,0.1975,30.889999389648438,0.0,23,0.00965469391169509
2025-04-15,0.1846,30.1200008392334,0.0,6,-0.0028048086018717766
2025-04-16,0.1851,32.63999938964844,0.12631578947368424,19,-0.022478798161806254
2025-04-17,0.18,29.649999618530273,-0.16000000000000003,15,0.001425760957615131
2025-04-21,0.1636,33.81999969482422,-0.16000000000000003,10,-0.024090541109631346
2025-04-22,0.1519,30.56999969482422,0.13333333333333333,12,0.025685034693621645
2025-04-23,0.1437,28.450000762939453,0.07272727272727274,22,0.015376634359514635
2025-04-24,0.1451,26.469999313354492,-0.3733333333333333,15,0.020830464913471305
2025-04-25,0.1295,24.84000015258789,0.1,8,0.007199346060805608
2025-04-28,0.1219,25.149999618530273,0.09411764705882353,17,0.00038123077268862877
2025-04-29,0.114,24.170000076293945,0.08000000000000003,10,0.006279655066741137
2025-04-30,0.1121,24.700000762939453,-0.05714285714285715,14,0.0003967510937655479
2025-05-01,0.0838,24.600000381469727,-0.064,25,0.007061947672627353
2025-05-02,0.0816,22.68000030517578,0.3428571428571429,14,0.014735101628145874
2025-05-05,0.0637,23.639999389648438,-0.13333333333333336,18,-0.005750854045354971
2025-05-06,0.0556,24.760000228881836,0.11428571428571431,14,-0.008393491343563316
2025-05-07,0.0524,23.549999237060547,-0.3428571428571429,14,0.00419668743173332
2025-05-08,0.0488,22.479999542236328,-0.16000000000000003,15,0.006943622908376454
2025-05-09,0.0425,21.899999618530273,0.14117647058823532,17,-0.001274961546111479
2025-05-12,0.0442,18.389999389648438,3.172065784643304e-17,7,0.03251306246206715
2025-05-13,0.0319,18.219999313354492,0.0,7,0.006582239240497496
2025-05-14,0.0256,18.6200008392334,0.1,16,0.0012772154452027908
2025-05-15,0.0222,17.829999923706055,-0.10666666666666667,15,0.00487245987223399
2025-05-16,0.0196,17.239999771118164,0.3111111111111111,18,0.006314052220422412
2025-05-19,0.0211,18.139999389648438,-0.044444444444444446,18,0.0010932483080018517
2025-05-20,0.0225,18.09000015258789,0.05333333333333334,15,-0.003367857156913426
2025-05-21,0.0204,20.8700008392334,0.16000000000000003,15,-0.016994379563572647
2025-05-22,0.0182,20.280000686645508,-0.18461538461538465,13,0.00039459926151677404
2025-05-23,0.0268,22.290000915527344,0.24615384615384617,13,-0.006849177458516927
2025-05-27,0.0211,18.959999084472656,0.17391304347826086,23,0.020577416645726487
2025-05-28,0.0185,19.309999465942383,-0.05714285714285713,14,-0.005802208072010942
2025-05-29,0.0175,19.18000030517578,-0.20000000000000004,12,0.003939632847248321
2025-05-30,0.0163,18.56999969482422,-0.10666666666666669,15,-0.0011191297769231792
2025-06-02,0.0155,18.360000610351562,-0.4,16,0.005617149058231328
2025-06-03,0.0127,17.690000534057617,-1.3877787807814457e-17,16,0.005686429764165146
2025-06-04,0.0114,17.610000610351562,-1.850371707708594e-17,12,-0.0002685092163333994
2025-06-05,0.0174,18.479999542236328,-0.1142857142857143,21,-0.0048445063209598994
2025-06-06,0.015,16.770000457763672,-0.05,16,0.010216626235265189
2025-06-09,0.0138,17.15999984741211,0.29090909090909095,11,0.0009008492693849346
2025-06-10,0.0202,16.950000762939453,-0.061538461538461556,13,0.00565371885186638
2025-06-11,0.0214,17.260000228881836,-0.0888888888888889,18,-0.0028561537379599026
2025-06-12,0.0253,18.020000457763672,0.3333333333333333,12,0.0039664724564183835
2025-06-13,0.0321,20.81999969482422,-0.16842105263157894,19,-0.011243091574180354
2025-06-16,0.0331,19.110000610351562,-0.11428571428571428,21,0.009469250387736591
2025-06-17,0.0357,21.600000381469727,0.14545454545454548,11,-0.008581823000128084
2025-06-18,0.0261,20.139999389648438,0.13333333333333336,12,-0.00015067634040682423
2025-06-20,0.0268,20.6200008392334,0.0,13,-0.005303226372552535
2025-06-23,0.0217,19.829999923706055,-0.047058823529411764,17,0.009829026584035939
2025-06-24,0.0233,17.479999542236328,0.06153846153846154,13,0.010986670773378289
2025-06-25,0.0229,16.760000228881836,0.05333333333333335,15,0.0005601216284098168
2025-06-26,0.0225,16.59000015258789,0.08000000000000002,20,0.007793376614487851
2025-06-27,0.0319,16.31999969482422,-0.08888888888888889,18,0.004956038292762487
2025-06-30,0.0253,16.729999542236328,0.2,20,0.004769798075326805
2025-07-01,0.0265,16.829999923706055,0.07272727272727274,11,-0.0003236765254887332
2025-07-02,0.032,16.639999389648438,0.2,8,0.004523047384945118
2025-07-03,0.034,16.3799991607666,-0.047058823529411764,17,0.007850503872320804
2025-07-07,0.0334,17.790000915527344,0.05333333333333334,15,-0.007479905352460058
2025-07-08,0.0308,16.809999465942383,0.11428571428571431,14,-0.0005478812967819988
2025-07-09,0.0231,15.9399995803833,0.0,13,0.005978755562775531
2025-07-10,0.0227,15.779999732971191,-0.2222222222222222,18,0.002816287838894747
2025-07-11,0.0305,16.399999618530273,-0.22857142857142862,7,-0.00352160083939128
2025-07-14,0.0295,17.200000762939453,0.25,16,0.001906398931130222
2025-07-15,0.0301,17.3799991607666,0.2,16,-0.0042824282681121675
2025-07-16,0.0324,17.15999984741211,-0.29090909090909095,11,0.0033376520588141207
2025-07-17,0.0312,16.520000457763672,-0.042105263157894736,19,0.006101000318943925
2025-07-18,0.0306,16.40999984741211,0.24615384615384617,13,-0.0007326435702887922
2025-07-21,0.0427,16.649999618530273,0.16,10,0.00189438096485408
2025-07-22,0.045,16.5,1.708035422500241e-17,13,0.00014307200069432695
2025-07-23,0.0355,15.369999885559082,-0.3692307692307693,13,0.00847153140570549
2025-07-24,0.0238,15.390000343322754,0.18461538461538465,13,0.00033100421495464624
2025-07-25,0.0191,14.930000305175781,-0.09411764705882353,17,0.004215422064666547
2025-07-28,0.0322,15.029999732971191,0.0,10,-0.00025112735570457557
2025-07-29,0.0234,15.979999542236328,-0.2,20,-0.0026410841631859436
2025-07-30,0.0229,15.479999542236328,-0.06153846153846154,13,-0.0012601012488224184
2025-07-31,0.0282,16.719999313354492,0.24615384615384617,13,-0.0037582825821688677
2025-08-01,0.0595,20.3799991607666,-0.08000000000000002,20,-0.016526211959548707
2025-08-04,0.0498,17.520000457763672,-0.17142857142857146,14,0.015085429316188507
2025-08-05,0.0408,17.850000381469727,-0.13333333333333333,12,-0.005082864835385939
2025-08-06,0.0345,16.770000457763672,0.036363636363636376,22,0.007630508716870996
2025-08-07,0.0302,16.56999969482422,0.05,16,-0.0008379711399972514
2025-08-08,0.0233,15.149999618530273,0.0,20,0.007767293178963315
2025-08-11,0.0195,16.25,0.05714285714285715,14,-0.0019794363383848048
2025-08-12,0.0159,14.729999542236328,-0.05000000000000002,16,0.010589754305315703
2025-08-13,0.0123,14.489999771118164,-0.17142857142857146,14,0.0034172856347253642
2025-08-14,0.0107,14.829999923706055,-0.16000000000000003,15,9.303100754794766e-05
2026-01-26,0.051,16.149999618530273,0.013367676767676766,198,0.005065280590233361
2026-01-27,0.0498,16.350000381469727,-0.03743079358187134,171,0.0039763343857141765
2026-01-28,0.0502,16.350000381469727,0.006862345679012348,162,-0.00010066406256274772
2026-01-29,0.0436,16.8799991607666,0.10962061721508122,431,-0.0019863909365824294
