date,compound_mean,compound_std,compound_median,volume,pct_positive,pct_negative,pct_neutral,positive_mean,negative_mean,neutral_mean,reliability
2008-08-08,-0.8677125200629234,,-0.8677125200629234,1,0.0,1.0,0.0,0.019569851458072662,0.8872823715209961,0.09314776957035065,very_low
2008-08-11,-0.5785399936139584,,-0.5785399936139584,1,0.0,1.0,0.0,0.05822804942727089,0.6367680430412292,0.3050038516521454,very_low
2008-08-12,-0.9287529811263084,,-0.9287529811263084,1,0.0,1.0,0.0,0.010862506926059723,0.9396154880523682,0.049521975219249725,very_low
2008-08-13,-0.8682872112840414,,-0.8682872112840414,1,0.0,1.0,0.0,0.014283055439591408,0.8825702667236328,0.10314665734767914,very_low
2008-08-14,-0.901246540248394,,-0.901246540248394,1,0.0,1.0,0.0,0.01681656390428543,0.9180631041526794,0.06512027978897095,very_low
2008-08-15,-0.8839502995833755,,-0.8839502995833755,1,0.0,1.0,0.0,0.014998787082731724,0.8989490866661072,0.08605216443538666,very_low
2008-08-18,-0.8605704428628087,,-0.8605704428628087,1,0.0,1.0,0.0,0.013467597775161266,0.87403804063797,0.11249431222677231,very_low
2008-08-19,-0.8754799608141184,,-0.8754799608141184,1,0.0,1.0,0.0,0.014281725510954857,0.8897616863250732,0.09595661610364914,very_low
2008-08-20,-0.19940032064914703,,-0.19940032064914703,1,0.0,0.0,1.0,0.045876890420913696,0.24527721107006073,0.7088459134101868,very_low
2008-08-21,-0.632613867521286,,-0.632613867521286,1,0.0,1.0,0.0,0.02915927767753601,0.661773145198822,0.30906757712364197,very_low
2008-08-22,0.24390162527561188,,0.24390162527561188,1,0.0,0.0,1.0,0.3256189823150635,0.0817173570394516,0.5926636457443237,very_low
2008-08-25,-0.7082616873085499,,-0.7082616873085499,1,0.0,1.0,0.0,0.019668977707624435,0.7279306650161743,0.25240036845207214,very_low
2008-08-26,-0.8595696855336428,,-0.8595696855336428,1,0.0,1.0,0.0,0.014864666387438774,0.8744343519210815,0.11070095002651215,very_low
2008-08-27,-0.7529758177697659,,-0.7529758177697659,1,0.0,1.0,0.0,0.017715338617563248,0.7706911563873291,0.21159352362155914,very_low
2008-08-28,-0.8757846103981137,,-0.8757846103981137,1,0.0,1.0,0.0,0.015386606566607952,0.8911712169647217,0.09344220161437988,very_low
2008-08-29,-0.9182175155729055,,-0.9182175155729055,1,0.0,1.0,0.0,0.013635838404297829,0.9318533539772034,0.054510876536369324,very_low
2008-09-02,-0.8867408577352762,,-0.8867408577352762,1,0.0,1.0,0.0,0.010972803458571434,0.8977136611938477,0.09131357073783875,very_low
2008-09-03,0.07459982484579086,,0.07459982484579086,1,0.0,0.0,1.0,0.09401290863752365,0.019413083791732788,0.8865739703178406,very_low
2008-09-04,-0.537201777100563,,-0.537201777100563,1,0.0,1.0,0.0,0.0654640644788742,0.6026658415794373,0.3318701386451721,very_low
2008-09-05,-0.8074544873088598,,-0.8074544873088598,1,0.0,1.0,0.0,0.020024994388222694,0.8274794816970825,0.15249550342559814,very_low
2008-09-08,-0.8482501823455095,,-0.8482501823455095,1,0.0,1.0,0.0,0.021413473412394524,0.869663655757904,0.1089228168129921,very_low
2008-09-09,-0.1453142762184143,,-0.1453142762184143,1,0.0,0.0,1.0,0.0364050418138504,0.1817193180322647,0.7818756699562073,very_low
2008-09-10,-0.8019864745438099,,-0.8019864745438099,1,0.0,1.0,0.0,0.019586961716413498,0.8215734362602234,0.1588396281003952,very_low
2008-09-11,-0.8954319320619106,,-0.8954319320619106,1,0.0,1.0,0.0,0.01509052887558937,0.9105224609375,0.07438698410987854,very_low
2008-09-12,-0.8948705531656742,,-0.8948705531656742,1,0.0,1.0,0.0,0.011885013431310654,0.9067555665969849,0.08135940879583359,very_low
2008-09-15,-0.2887037731707096,,-0.2887037731707096,1,0.0,0.0,1.0,0.055635567754507065,0.3443393409252167,0.6000251173973083,very_low
2008-09-16,-0.8786841090768576,,-0.8786841090768576,1,0.0,1.0,0.0,0.01924198307096958,0.8979260921478271,0.08283185958862305,very_low
2008-09-17,-0.9568205792456865,,-0.9568205792456865,1,0.0,1.0,0.0,0.010585932061076164,0.9674065113067627,0.022007539868354797,very_low
2008-09-18,-0.9293854748830199,,-0.9293854748830199,1,0.0,1.0,0.0,0.012284704484045506,0.9416701793670654,0.04604510962963104,very_low
2008-09-19,-0.9011383671313524,,-0.9011383671313524,1,0.0,1.0,0.0,0.011261401697993279,0.9123997688293457,0.07633879780769348,very_low
2008-09-22,-0.38115109503269196,,-0.38115109503269196,1,0.0,1.0,0.0,0.21832643449306488,0.5994775295257568,0.18219605088233948,very_low
2008-09-23,-0.6368015073239803,,-0.6368015073239803,1,0.0,1.0,0.0,0.051293227821588516,0.6880947351455688,0.26061198115348816,very_low
2008-09-24,-0.856564805842936,,-0.856564805842936,1,0.0,1.0,0.0,0.015214039944112301,0.8717788457870483,0.11300710588693619,very_low
2008-09-25,-0.08335323259234428,,-0.08335323259234428,1,0.0,0.0,1.0,0.06245141103863716,0.14580464363098145,0.7917439341545105,very_low
2008-09-26,-0.48740212991833687,,-0.48740212991833687,1,0.0,1.0,0.0,0.028920244425535202,0.5163223743438721,0.454757422208786,very_low
2008-09-29,-0.42694486305117607,,-0.42694486305117607,1,0.0,0.0,1.0,0.04133154824376106,0.46827641129493713,0.4903920888900757,very_low
2008-09-30,-0.811880050227046,,-0.811880050227046,1,0.0,1.0,0.0,0.019675197079777718,0.8315552473068237,0.1487695425748825,very_low
2008-10-01,-0.8746001422405243,,-0.8746001422405243,1,0.0,1.0,0.0,0.01793542504310608,0.8925355672836304,0.08952895551919937,very_low
2008-10-02,-0.37703076377511024,,-0.37703076377511024,1,0.0,0.0,1.0,0.03525673970580101,0.41228750348091125,0.552455723285675,very_low
2008-10-03,-0.7954715490341187,,-0.7954715490341187,1,0.0,1.0,0.0,0.035844504833221436,0.8313160538673401,0.13283950090408325,very_low
2008-10-06,-0.9043284952640533,,-0.9043284952640533,1,0.0,1.0,0.0,0.02265670895576477,0.9269852042198181,0.05035813897848129,very_low
2008-10-07,-0.42876241356134415,,-0.42876241356134415,1,0.0,1.0,0.0,0.06590624898672104,0.4946686625480652,0.4394250810146332,very_low
2008-10-08,-0.29124582186341286,,-0.29124582186341286,1,0.0,0.0,1.0,0.04080682620406151,0.33205264806747437,0.6271405220031738,very_low
2008-10-09,-0.8920382680371404,,-0.8920382680371404,1,0.0,1.0,0.0,0.013857084326446056,0.9058953523635864,0.08024755865335464,very_low
2008-10-10,-0.9281410425901413,,-0.9281410425901413,1,0.0,1.0,0.0,0.010017648339271545,0.9381586909294128,0.051823634654283524,very_low
2008-10-13,0.07770495116710663,,0.07770495116710663,1,0.0,0.0,1.0,0.22555433213710785,0.14784938097000122,0.6265962719917297,very_low
2008-10-14,-0.10340257734060287,,-0.10340257734060287,1,0.0,0.0,1.0,0.07858116179704666,0.18198373913764954,0.739435076713562,very_low
2008-10-15,0.17309557646512985,,0.17309557646512985,1,0.0,0.0,1.0,0.20436742901802063,0.03127185255289078,0.764360785484314,very_low
2008-10-16,-0.0032828114926815033,,-0.0032828114926815033,1,0.0,0.0,1.0,0.050623372197151184,0.05390618368983269,0.895470380783081,very_low
2008-10-17,-0.6261329799890518,,-0.6261329799890518,1,0.0,1.0,0.0,0.0317331999540329,0.6578661799430847,0.3104006350040436,very_low
2008-10-20,-0.1017509363591671,,-0.1017509363591671,1,0.0,0.0,1.0,0.0378514863550663,0.1396024227142334,0.8225460648536682,very_low
2008-10-21,-0.062401458621025085,,-0.062401458621025085,1,0.0,0.0,1.0,0.16218648850917816,0.22458794713020325,0.6132255792617798,very_low
2008-10-22,-0.8186983168125153,,-0.8186983168125153,1,0.0,1.0,0.0,0.028731495141983032,0.8474298119544983,0.12383868545293808,very_low
2008-10-23,-0.6234471499919891,,-0.6234471499919891,1,0.0,1.0,0.0,0.03388598561286926,0.6573331356048584,0.30878084897994995,very_low
2008-10-24,-0.8938013659790158,,-0.8938013659790158,1,0.0,1.0,0.0,0.014410222880542278,0.9082115888595581,0.07737820595502853,very_low
2008-10-27,-0.7751229740679264,,-0.7751229740679264,1,0.0,1.0,0.0,0.025515343993902206,0.8006383180618286,0.1738462746143341,very_low
2008-10-28,-0.9122397182509303,,-0.9122397182509303,1,0.0,1.0,0.0,0.012224924750626087,0.9244646430015564,0.06331045925617218,very_low
2008-10-29,-0.10688456892967224,,-0.10688456892967224,1,0.0,0.0,1.0,0.0638425201177597,0.17072708904743195,0.7654303908348083,very_low
2008-10-30,-0.12831075489521027,,-0.12831075489521027,1,0.0,0.0,1.0,0.22658242285251617,0.35489317774772644,0.4185243844985962,very_low
2008-10-31,-0.8349702507257462,,-0.8349702507257462,1,0.0,1.0,0.0,0.019213303923606873,0.854183554649353,0.12660308182239532,very_low
2008-11-03,-0.5363921709358692,,-0.5363921709358692,1,0.0,1.0,0.0,0.023711901158094406,0.5601040720939636,0.4161840081214905,very_low
2008-11-04,-0.9204597845673561,,-0.9204597845673561,1,0.0,1.0,0.0,0.010513685643672943,0.930973470211029,0.05851287394762039,very_low
2008-11-05,-0.02443932741880417,,-0.02443932741880417,1,0.0,0.0,1.0,0.06256649643182755,0.08700582385063171,0.8504277467727661,very_low
2008-11-06,-0.1255166009068489,,-0.1255166009068489,1,0.0,0.0,1.0,0.06955502182245255,0.19507162272930145,0.735373318195343,very_low
2008-11-07,-0.028308600187301636,,-0.028308600187301636,1,0.0,0.0,1.0,0.07530058175325394,0.10360918194055557,0.8210901618003845,very_low
2008-11-10,-0.03894554823637009,,-0.03894554823637009,1,0.0,0.0,1.0,0.06708342581987381,0.1060289740562439,0.8268875479698181,very_low
2008-11-11,-0.3560012597590685,,-0.3560012597590685,1,0.0,0.0,1.0,0.028603224083781242,0.38460448384284973,0.5867922902107239,very_low
2008-11-12,-0.8116737492382526,,-0.8116737492382526,1,0.0,1.0,0.0,0.020493697375059128,0.8321674466133118,0.14733891189098358,very_low
2008-11-13,-0.7417584583163261,,-0.7417584583163261,1,0.0,1.0,0.0,0.025825627148151398,0.7675840854644775,0.20659026503562927,very_low
2008-11-14,-0.4563696123659611,,-0.4563696123659611,1,0.0,1.0,0.0,0.03446435555815697,0.49083396792411804,0.47470173239707947,very_low
2008-11-17,-0.24056057631969452,,-0.24056057631969452,1,0.0,0.0,1.0,0.03938378393650055,0.27994436025619507,0.6806719303131104,very_low
2008-11-18,-0.5320749171078205,,-0.5320749171078205,1,0.0,1.0,0.0,0.038995396345853806,0.5710703134536743,0.3899342715740204,very_low
2008-11-19,-0.7638709545135498,,-0.7638709545135498,1,0.0,1.0,0.0,0.01612454652786255,0.7799955010414124,0.20388002693653107,very_low
2008-11-20,-0.5934769846498966,,-0.5934769846498966,1,0.0,1.0,0.0,0.025840844959020615,0.6193178296089172,0.35484129190444946,very_low
2008-11-21,-0.872882416471839,,-0.872882416471839,1,0.0,1.0,0.0,0.014700302854180336,0.8875827193260193,0.0977170467376709,very_low
2008-11-24,-0.6538444980978966,,-0.6538444980978966,1,0.0,1.0,0.0,0.05008993297815323,0.7039344310760498,0.24597565829753876,very_low
2008-11-25,-0.64137196354568,,-0.64137196354568,1,0.0,1.0,0.0,0.024705829098820686,0.6660777926445007,0.30921638011932373,very_low
2008-11-26,-0.6756327860057354,,-0.6756327860057354,1,0.0,1.0,0.0,0.03175782039761543,0.7073906064033508,0.26085156202316284,very_low
2008-11-28,-0.01916920766234398,,-0.01916920766234398,1,0.0,0.0,1.0,0.04480815306305885,0.06397736072540283,0.8912144899368286,very_low
2008-12-01,-0.9306243052706122,,-0.9306243052706122,1,0.0,1.0,0.0,0.009023369289934635,0.9396476745605469,0.051328886300325394,very_low
2008-12-02,-0.0635717324912548,,-0.0635717324912548,1,0.0,0.0,1.0,0.037187907844781876,0.10075964033603668,0.8620525002479553,very_low
2008-12-03,-0.6922417655587196,,-0.6922417655587196,1,0.0,1.0,0.0,0.01964946836233139,0.711891233921051,0.268459290266037,very_low
2008-12-04,-0.8268074709922075,,-0.8268074709922075,1,0.0,1.0,0.0,0.013659803196787834,0.8404672741889954,0.14587296545505524,very_low
2008-12-05,-0.1878903266042471,,-0.1878903266042471,1,0.0,0.0,1.0,0.02687872387468815,0.21476905047893524,0.7583522796630859,very_low
2008-12-08,-0.46956607699394226,,-0.46956607699394226,1,0.0,1.0,0.0,0.03345707058906555,0.5030231475830078,0.46351978182792664,very_low
2008-12-09,-0.9052899684756994,,-0.9052899684756994,1,0.0,1.0,0.0,0.011755386367440224,0.9170453548431396,0.07119932025671005,very_low
2008-12-10,-0.8310905825346708,,-0.8310905825346708,1,0.0,1.0,0.0,0.015961574390530586,0.8470521569252014,0.13698634505271912,very_low
2008-12-11,-0.8693187152966857,,-0.8693187152966857,1,0.0,1.0,0.0,0.013164111413061619,0.8824828267097473,0.10435302555561066,very_low
2008-12-12,-0.7362797018140554,,-0.7362797018140554,1,0.0,1.0,0.0,0.02004244364798069,0.7563221454620361,0.22363540530204773,very_low
2008-12-15,-0.6918066274374723,,-0.6918066274374723,1,0.0,1.0,0.0,0.024954544380307198,0.7167611718177795,0.2582843005657196,very_low
2008-12-16,-0.8108672257512808,,-0.8108672257512808,1,0.0,1.0,0.0,0.01566901244223118,0.826536238193512,0.1577947437763214,very_low
2008-12-17,-0.7988441530615091,,-0.7988441530615091,1,0.0,1.0,0.0,0.022417491301894188,0.8212616443634033,0.15632082521915436,very_low
2008-12-18,-0.6298882830888033,,-0.6298882830888033,1,0.0,1.0,0.0,0.025125278159976006,0.6550135612487793,0.31986120343208313,very_low
2008-12-19,-0.9272899869829416,,-0.9272899869829416,1,0.0,1.0,0.0,0.015008604153990746,0.9422985911369324,0.04269273951649666,very_low
2008-12-22,-0.6409582681953907,,-0.6409582681953907,1,0.0,1.0,0.0,0.028485100716352463,0.6694433689117432,0.3020715117454529,very_low
2008-12-23,-0.8034900519996881,,-0.8034900519996881,1,0.0,1.0,0.0,0.01934044621884823,0.8228304982185364,0.15782904624938965,very_low
2008-12-24,0.11411405354738235,,0.11411405354738235,1,0.0,0.0,1.0,0.14841850101947784,0.03430444747209549,0.8172770142555237,very_low
2008-12-26,-0.7136694844812155,,-0.7136694844812155,1,0.0,1.0,0.0,0.019265050068497658,0.7329345345497131,0.24780039489269257,very_low
2008-12-29,-0.5391087848693132,,-0.5391087848693132,1,0.0,1.0,0.0,0.025692610070109367,0.5648013949394226,0.40950602293014526,very_low
2008-12-30,-0.8999042110517621,,-0.8999042110517621,1,0.0,1.0,0.0,0.01431212853640318,0.9142163395881653,0.07147148251533508,very_low
2012-04-11,0.028353024274110794,,0.028353024274110794,1,0.0,0.0,1.0,0.04843859374523163,0.020085569471120834,0.9314758777618408,very_low
2012-04-12,0.4095444865524769,,0.4095444865524769,1,0.0,0.0,1.0,0.4477759301662445,0.038231443613767624,0.5139926075935364,very_low
2012-04-16,-0.1279650628566742,,-0.1279650628566742,1,0.0,0.0,1.0,0.10831195116043091,0.2362770140171051,0.6554110050201416,very_low
2012-04-17,0.18682530894875526,,0.18682530894875526,1,0.0,0.0,1.0,0.21144184470176697,0.024616535753011703,0.7639415860176086,very_low
2012-04-19,0.026447015814483166,1.2375806681723103,0.026447015814483166,2,0.5,0.5,0.0,0.4796559913083911,0.45320897549390793,0.06713497918099165,very_low
2012-04-23,0.012053726240992546,0.030152938071864713,0.012053726240992546,2,0.0,0.0,1.0,0.07293019071221352,0.06087646447122097,0.8661933541297913,very_low
2012-04-24,0.0024018604308366776,0.0066180799114647845,0.0024018604308366776,2,0.0,0.0,1.0,0.03629671409726143,0.03389485366642475,0.9298083782196045,very_low
2012-04-25,0.026897923400004704,0.06376642315165554,0.010159466415643692,6,0.0,0.0,1.0,0.07180066468815009,0.044902741288145386,0.8832965989907583,very_low
2012-04-26,0.3240872710943222,0.37845179938047424,0.09719488024711609,5,0.4,0.0,0.6,0.37214923873543737,0.048061967641115186,0.5797887876629829,very_low
2012-04-27,0.039872233755886555,0.36398868631004666,-0.062101807445287704,4,0.25,0.25,0.5,0.20901167765259743,0.16913944389671087,0.6218488588929176,very_low
2012-04-30,-0.1859912236686796,0.3246610351678642,-0.1521280650049448,4,0.0,0.25,0.75,0.07738733477890491,0.2633785584475845,0.6592341288924217,very_low
2012-05-01,-0.1252811977174133,0.8169721006631125,-0.24148731492459774,4,0.25,0.5,0.25,0.27356332656927407,0.3988445242866874,0.3275921163149178,very_low
2012-05-02,0.049641747726127505,0.3983115505856125,0.02456273790448904,8,0.125,0.125,0.75,0.1802685158327222,0.13062676810659468,0.6891047116369009,very_low
2012-05-03,0.0375099265947938,0.06165258665322631,0.006118543446063995,3,0.0,0.0,1.0,0.08007009699940681,0.04256017040461302,0.87736976146698,very_low
2012-05-04,-0.19803927885368466,0.48819349327970335,0.007402651943266392,4,0.0,0.25,0.75,0.0848041269928217,0.28284340584650636,0.6323524797335267,very_low
2012-05-07,-0.12570948334177956,0.2923620383916139,-0.007631154730916023,16,0.0,0.1875,0.8125,0.06316238263389096,0.18887186597567052,0.7479657516814768,low
2012-05-08,-0.14479570339123407,0.3317337277835054,0.01391756720840931,12,0.0,0.16666666666666666,0.8333333333333334,0.08750036917626858,0.23229607256750265,0.6802035346627235,low
2012-05-09,-0.19026568420231343,0.34544857853226846,-0.029331088066101074,10,0.0,0.2,0.8,0.0440292390063405,0.23429492320865392,0.721675835736096,low
2012-05-10,-0.16359658456510967,0.5227574652827784,-0.0515869464725256,9,0.1111111111111111,0.4444444444444444,0.4444444444444444,0.1495842838452922,0.3131808684104019,0.5372348307735391,very_low
2012-05-11,-0.061135405928573826,0.42211532594496226,-0.0264408141374588,11,0.09090909090909091,0.18181818181818182,0.7272727272727273,0.13642579334026034,0.19756119926883417,0.6660129990090023,low
2012-05-14,-0.08889058105308902,0.36243068775991477,-0.011000368744134903,11,0.09090909090909091,0.18181818181818182,0.7272727272727273,0.1298792673782869,0.2187698484313759,0.6513508639552377,low
2012-05-15,-0.05229606470093131,0.1642915149151409,0.0036796806380152702,10,0.0,0.1,0.9,0.07681887578219175,0.12911494048312305,0.7940662056207657,low
2012-05-16,-0.09324902910739183,0.3086387695554317,0.0017945170402526855,5,0.0,0.2,0.8,0.09588939622044564,0.18913842532783748,0.7149721562862397,very_low
2012-05-17,0.1036610584706068,0.3341372137175491,-0.003172982484102249,7,0.14285714285714285,0.0,0.8571428571428571,0.1731445568480662,0.06948349837745939,0.7573719620704651,very_low
2012-05-18,-0.05462599250798424,0.14344014307699562,-0.010564803145825863,12,0.0,0.0,1.0,0.052594296323756375,0.10722028883174062,0.84018541375796,low
2012-05-21,-0.21375778038054705,0.4009470431595262,-0.02013799361884594,10,0.0,0.2,0.8,0.06147619280964136,0.2752339731901884,0.6632898500189185,low
2012-05-22,-0.01102631762623787,0.1445079184473863,0.04831843450665474,5,0.0,0.0,1.0,0.07571479603648186,0.08674111366271972,0.837544059753418,very_low
2012-05-23,0.029148385032183595,0.07486690337109092,0.03575468435883522,9,0.0,0.0,1.0,0.0881781383521027,0.05902975331991911,0.8527921107080247,very_low
2012-05-24,-0.12853469885885715,0.22627284819651858,-0.03656534291803837,4,0.0,0.25,0.75,0.05335044115781784,0.181885140016675,0.7647644206881523,very_low
2012-05-25,-0.14656533347442746,0.19501944615044975,-0.11709980107843876,4,0.0,0.25,0.75,0.0611434867605567,0.20770882023498416,0.7311477139592171,very_low
2012-05-28,0.003160943742841482,0.04824112210250627,0.01305670291185379,4,0.0,0.0,1.0,0.04676344059407711,0.04360249685123563,0.9096340984106064,very_low
2012-05-29,0.0363944231842955,0.06930037318026745,0.06083512585610151,3,0.0,0.0,1.0,0.10606763263543446,0.06967320945113897,0.8242591619491577,very_low
2012-05-30,0.1923628211952746,0.42700067807094166,0.023724817670881748,4,0.25,0.25,0.5,0.3212683377787471,0.1289055165834725,0.5498261507600546,very_low
2012-05-31,-0.20072929002344608,0.3126839731073514,-0.02548191323876381,6,0.0,0.3333333333333333,0.6666666666666666,0.0807636088381211,0.2814928988615672,0.6377435078223547,very_low
2012-06-01,0.03282758966088295,0.2063435078624801,0.005499174818396568,5,0.2,0.0,0.8,0.1602034091949463,0.12737581953406335,0.7124207764863968,very_low
2012-06-04,0.07028097135480493,0.3138353714176106,0.050954888574779034,8,0.125,0.0,0.875,0.17409474402666092,0.10381377267185599,0.7220914866775274,very_low
2012-06-05,0.0634146798402071,0.05781776591784715,0.0634146798402071,2,0.0,0.0,1.0,0.12188896536827087,0.058474285528063774,0.8196367621421814,very_low
2012-06-06,0.17152048107236623,0.2036371832911728,0.08860195428133011,5,0.0,0.0,1.0,0.22122630327939988,0.04970582220703364,0.7290678858757019,very_low
2012-06-07,-0.2309466399518507,0.3765345586807937,-0.10512704774737358,7,0.0,0.2857142857142857,0.7142857142857143,0.04937884357890913,0.2803254835307598,0.6702956807400499,very_low
2012-06-08,-0.1953420579433441,0.4232833374273479,-0.039820700883865356,5,0.0,0.2,0.8,0.06563750058412551,0.2609795585274696,0.673382943123579,very_low
2012-06-11,-0.37735827593132854,0.46489240529622844,-0.3671303875744343,4,0.0,0.5,0.5,0.07302860449999571,0.45038688043132424,0.47658455092459917,very_low
2012-06-12,0.09647470992058516,0.14944832735847338,0.03865141421556473,4,0.0,0.0,1.0,0.1311116712167859,0.03463696129620075,0.8342513889074326,very_low
2012-06-13,-0.32487653102725744,0.5397995964378589,-0.045739538967609406,3,0.0,0.3333333333333333,0.6666666666666666,0.02819619917621215,0.3530727302034696,0.6187310305734476,very_low
2012-06-14,-0.06890929536893964,0.14262214419863836,-0.019713912159204483,4,0.0,0.0,1.0,0.047925978899002075,0.11683527426794171,0.8352387696504593,very_low
2012-06-15,-0.22268463857471943,0.3380950408167853,-0.22268463857471943,2,0.0,0.5,0.5,0.08848480321466923,0.31116944178938866,0.6003457605838776,very_low
2012-06-18,-0.004548209042034366,0.3677862817736059,0.014565102756023407,11,0.09090909090909091,0.09090909090909091,0.8181818181818182,0.12637134370478717,0.13091955274682154,0.742709098214453,low
2012-06-19,-0.01894538104534149,0.04920276729042858,0.005440918728709221,3,0.0,0.0,1.0,0.037126440554857254,0.056071821600198746,0.9068017601966858,very_low
2012-06-20,0.25592535990290344,0.4392806475748921,0.044630405493080616,4,0.25,0.0,0.75,0.27944731805473566,0.023521958151832223,0.6970307137817144,very_low
2012-06-21,0.03361736610531807,,0.03361736610531807,1,0.0,0.0,1.0,0.05312775447964668,0.019510388374328613,0.9273619055747986,very_low
2012-06-22,-0.16145546361804008,0.23298519506220974,-0.03225187212228775,3,0.0,0.3333333333333333,0.6666666666666666,0.05449628705779711,0.2159517506758372,0.7295519709587097,very_low
2012-06-25,-0.02684617694467306,0.3882606508909414,0.024426419287919998,4,0.0,0.25,0.75,0.14867726061493158,0.17552343755960464,0.6757992878556252,very_low
2012-06-26,-0.06776762132843335,0.1881185817644735,-0.0013413913547992706,3,0.0,0.0,1.0,0.08800429478287697,0.15577191611131033,0.7562237977981567,very_low
2012-06-27,-0.05623810971155763,0.5373065735095071,-0.08439447171986103,8,0.25,0.25,0.5,0.21438076510094106,0.2706188748124987,0.5150003558956087,very_low
2012-06-28,0.03253477977381812,0.1450403764464817,-0.0021020229905843735,9,0.0,0.0,1.0,0.10634949761960241,0.07381471784578429,0.8198357820510864,very_low
2012-06-29,-0.2562048180649678,0.3360172440880545,-0.11012367531657219,3,0.0,0.3333333333333333,0.6666666666666666,0.03696712416907152,0.2931719422340393,0.6698609292507172,very_low
2012-07-02,0.05130441540053913,0.09039094895996544,0.04820393305271864,7,0.0,0.0,1.0,0.08665337253894125,0.03534895713840212,0.8779976623398917,very_low
2012-07-03,0.04322456435433456,0.10319833386566402,0.03745332919061184,7,0.0,0.0,1.0,0.09081469848752022,0.047590134133185656,0.8615951878683907,very_low
2012-07-04,-0.8711458705365658,,-0.8711458705365658,1,0.0,1.0,0.0,0.044423554092645645,0.9155694246292114,0.04000703617930412,very_low
2012-07-05,-0.03064588022728761,0.08218046249035504,-0.05176454409956932,3,0.0,0.0,1.0,0.04717071602741877,0.07781659625470638,0.8750126957893372,very_low
2012-07-06,0.0010147248394787312,0.5214827367341409,-0.06609890423715115,4,0.25,0.25,0.5,0.2749104406684637,0.273895715828985,0.45119386352598667,very_low
2012-07-09,-0.1301512347223858,0.27689471000826116,-0.013535043224692345,6,0.0,0.16666666666666666,0.8333333333333334,0.041227683424949646,0.17137891814733544,0.7873934060335159,very_low
2012-07-10,-0.1583809908479452,,-0.1583809908479452,1,0.0,0.0,1.0,0.031233185902237892,0.1896141767501831,0.7791526913642883,very_low
2012-07-11,-0.26676421891897917,0.4640899315130655,-0.05251625832170248,4,0.0,0.25,0.75,0.03003532998263836,0.2967995489016175,0.6731651350855827,very_low
2012-07-12,-0.31363456541051465,0.32905450336718406,-0.20730593334883451,6,0.0,0.3333333333333333,0.6666666666666666,0.03478555784871181,0.3484201232592265,0.6167943353454272,very_low
2012-07-13,-0.049142275005578995,0.1032603820784597,-0.049142275005578995,2,0.0,0.0,1.0,0.04065922927111387,0.08980150427669287,0.8695392906665802,very_low
2012-07-16,-0.08733646431937814,0.2722408742745968,0.00855995249003172,12,0.0,0.16666666666666666,0.8333333333333334,0.076998731897523,0.16433519621690115,0.7586660670737425,low
2012-07-17,-0.06533931288868189,0.02756492532703244,-0.06533931288868189,2,0.0,0.0,1.0,0.022298733703792095,0.08763804659247398,0.8900632262229919,very_low
2012-07-18,-0.11695568962022662,0.36996148764433234,0.027198849245905876,6,0.0,0.16666666666666666,0.8333333333333334,0.06445722964902718,0.18141291926925382,0.7541298692425092,very_low
2012-07-19,0.03785436600446701,0.18337071726013604,0.03785436600446701,2,0.0,0.0,1.0,0.12759880349040031,0.0897444374859333,0.7826567888259888,very_low
2012-07-20,-0.04200488515198231,0.0384424671648624,-0.04200488515198231,2,0.0,0.0,1.0,0.028488921001553535,0.07049380615353584,0.9010172784328461,very_low
2012-07-23,0.05276297405362129,0.07766062349346706,0.04204730689525604,3,0.0,0.0,1.0,0.08421611537535985,0.03145314132173856,0.8843307495117188,very_low
2012-07-24,0.026114385575056076,,0.026114385575056076,1,0.0,0.0,1.0,0.05979558825492859,0.03368120267987251,0.9065231680870056,very_low
2012-07-25,0.025697773881256582,0.060793490099533776,-0.004273820668458939,5,0.0,0.0,1.0,0.06482339650392532,0.03912562262266874,0.8960509777069092,very_low
2012-07-26,-0.2309970948845148,0.31642992696841127,-0.06449824571609497,3,0.0,0.3333333333333333,0.6666666666666666,0.03978547267615795,0.27078256756067276,0.6894319256146749,very_low
2012-07-27,-0.2295646220445633,,-0.2295646220445633,1,0.0,0.0,1.0,0.0926627665758133,0.3222273886203766,0.5851098895072937,very_low
2012-07-30,0.011985044926404953,0.07660274430201287,0.02349104732275009,5,0.0,0.0,1.0,0.06131935156881809,0.04933430664241314,0.8893463611602783,very_low
2012-07-31,-0.022555662939945858,0.019614107242291044,-0.025742581114172935,6,0.0,0.0,1.0,0.052439142018556595,0.07499480495850246,0.8725660741329193,very_low
2012-08-01,0.06143384817987681,0.06435621901213101,0.036776432767510414,5,0.0,0.0,1.0,0.08520294353365898,0.023769095353782178,0.8910279393196106,very_low
2012-08-02,0.13919307788213095,0.2246138867507243,0.04515520855784416,3,0.0,0.0,1.0,0.19083701198299727,0.05164393410086632,0.7575190464655558,very_low
2012-08-03,-0.11072469316422939,0.1636634731275425,-0.14913511276245117,5,0.0,0.2,0.8,0.13289259411394597,0.24361728727817536,0.6234901160001755,very_low
2012-08-06,-0.1253463112645679,0.33327298675934,0.02096264809370041,9,0.0,0.1111111111111111,0.8888888888888888,0.06966431583795282,0.19501062710252073,0.7353250773416625,very_low
2012-08-07,-0.08931841794401407,0.18722738410661538,-0.007189447060227394,4,0.0,0.0,1.0,0.04146971832960844,0.1307881362736225,0.8277421444654465,very_low
2012-08-08,-0.022678730823099614,0.09211925798107391,-0.0017969906330108643,5,0.0,0.0,1.0,0.049574556201696394,0.07225328702479601,0.8781721115112304,very_low
2012-08-09,-0.2665817718952894,0.36575275111372546,-0.2665817718952894,2,0.0,0.5,0.5,0.03905227221548557,0.305634044110775,0.655313715338707,very_low
2012-08-10,0.007012125104665756,0.033735052105744255,-0.0020396076142787933,3,0.0,0.0,1.0,0.04729866981506348,0.04028654471039772,0.9124147494633993,very_low
2012-08-13,0.011163555706540743,0.04280588568009401,0.013869646936655045,3,0.0,0.0,1.0,0.057479036351044975,0.04631548064450423,0.896205484867096,very_low
2012-08-14,-0.24980795243754983,0.4651974490729964,-0.21157194394618273,4,0.0,0.5,0.5,0.14167890325188637,0.3914868556894362,0.4668342415243387,very_low
2012-08-15,0.35777964629232883,0.7852853735186437,0.35777964629232883,2,0.5,0.0,0.5,0.4893910400569439,0.13161139376461506,0.3789975345134735,very_low
2012-08-16,0.02302392292767763,0.08902909731774747,0.006463164463639259,4,0.0,0.0,1.0,0.08939498849213123,0.0663710655644536,0.8442339450120926,very_low
2012-08-17,-0.5112898088991642,0.3574326575388247,-0.5852866973727942,4,0.0,0.75,0.25,0.05618087016046047,0.5674706790596247,0.3763484600931406,very_low
2012-08-20,-0.16277436104913554,0.3264391682327767,-0.02071060985326767,3,0.0,0.3333333333333333,0.6666666666666666,0.05571642021338145,0.21849078126251698,0.7257927457491556,very_low
2012-08-21,-0.03694444056600332,0.010339571560902818,-0.03694444056600332,2,0.0,0.0,1.0,0.023382672108709812,0.060327112674713135,0.9162901341915131,very_low
2012-08-22,-0.057416288554668425,0.26089572049141724,0.03383767604827881,5,0.0,0.2,0.8,0.11286271587014199,0.17027900442481042,0.7168582737445831,very_low
2012-08-23,0.04005640931427479,0.07620616692549924,-0.0007692538201808929,3,0.0,0.0,1.0,0.08073020229736964,0.04067379298309485,0.8785959680875143,very_low
2012-08-24,-0.05114398151636124,0.20042876147746438,-0.0016098786145448685,3,0.0,0.0,1.0,0.06574106651047866,0.1168850480268399,0.8173738916714987,very_low
2012-08-27,-0.4430572373792529,0.29704064322826923,-0.5085060149431229,5,0.0,0.6,0.4,0.041462440975010395,0.4845196783542633,0.4740178644657135,very_low
2012-08-28,0.03888828307390213,,0.03888828307390213,1,0.0,0.0,1.0,0.06300711631774902,0.024118833243846893,0.9128741025924683,very_low
2012-08-29,0.06764055136591196,,0.06764055136591196,1,0.0,0.0,1.0,0.07770323753356934,0.010062686167657375,0.9122340679168701,very_low
2012-08-30,-0.5415781177580357,,-0.5415781177580357,1,0.0,1.0,0.0,0.058230217546224594,0.5998083353042603,0.34196147322654724,very_low
2012-08-31,-0.8530581053346395,,-0.8530581053346395,1,0.0,1.0,0.0,0.019700640812516212,0.8727587461471558,0.10754061490297318,very_low
2012-09-03,0.016446450725197792,,0.016446450725197792,1,0.0,0.0,1.0,0.04114924371242523,0.02470279298722744,0.9341480135917664,very_low
2012-09-04,-0.04702618718147278,,-0.04702618718147278,1,0.0,0.0,1.0,0.038792870938777924,0.0858190581202507,0.8753880262374878,very_low
2012-09-05,-0.4987668565784891,0.4514836423290461,-0.4917016699910164,3,0.0,0.6666666666666666,0.3333333333333333,0.03196791342149178,0.5307347699999809,0.4372972895701726,very_low
2012-09-06,0.039515639344851174,0.03284303031859554,0.02325698360800743,3,0.0,0.0,1.0,0.10061301663517952,0.061097377290328346,0.8382895787556967,very_low
2012-09-07,-0.007167510688304901,,-0.007167510688304901,1,0.0,0.0,1.0,0.04464927315711975,0.05181678384542465,0.903533935546875,very_low
2012-09-10,0.08122542779892683,0.14765344029529673,0.08122542779892683,2,0.0,0.0,1.0,0.14738444704562426,0.06615901924669743,0.7864565253257751,very_low
2012-09-11,0.020168185979127885,0.5984098036576777,0.0249113030731678,5,0.2,0.2,0.6,0.23343733698129654,0.21326915100216864,0.5532935192808509,very_low
2012-09-12,0.06438223901204765,0.10484881508005363,0.027002936229109764,4,0.0,0.0,1.0,0.09175265952944756,0.027370420517399907,0.8808769136667252,very_low
2012-09-13,-0.017012249678373337,0.05212708832221208,0.009104372933506966,3,0.0,0.0,1.0,0.03841902315616608,0.05543127283453941,0.906149685382843,very_low
2012-09-14,0.04774467212458452,0.010002101573316043,0.04639117419719696,3,0.0,0.0,1.0,0.07396142681439717,0.02621675468981266,0.8998218377431234,very_low
2012-09-17,-0.07042617909610271,0.14357166405029145,0.010693058371543884,3,0.0,0.0,1.0,0.037653480346004166,0.10807965944210689,0.8542668223381042,very_low
2012-09-18,-0.11817305907607079,,-0.11817305907607079,1,0.0,0.0,1.0,0.03249821439385414,0.15067127346992493,0.816830575466156,very_low
2012-09-19,0.10435738414525986,,0.10435738414525986,1,0.0,0.0,1.0,0.12204210460186005,0.01768472045660019,0.8602732419967651,very_low
2012-09-21,0.028103447053581476,0.1460871559663477,0.016089960001409054,4,0.0,0.0,1.0,0.09390324167907238,0.0657997946254909,0.8402969390153885,very_low
2012-09-26,-0.04290910065174103,0.11013075829346675,-0.04290910065174103,2,0.0,0.0,1.0,0.07387936860322952,0.11678846925497055,0.8093321621417999,very_low
2012-09-27,0.039001952235897384,0.009799532084137209,0.04090498387813568,3,0.0,0.0,1.0,0.07411223277449608,0.035110280538598694,0.8907775282859802,very_low
2012-09-28,-0.42574981041252613,,-0.42574981041252613,1,0.0,0.0,1.0,0.0253464262932539,0.45109623670578003,0.5235573053359985,very_low
2012-10-01,-0.5153807923197746,0.5622420817176668,-0.8103625513613224,3,0.0,0.6666666666666666,0.3333333333333333,0.06310753213862579,0.5784883244584004,0.35840417196353275,very_low
2012-10-02,-0.1204618476331234,0.21761672281753394,-0.1204618476331234,2,0.0,0.5,0.5,0.16578488796949387,0.28624673560261726,0.5479684174060822,very_low
2012-10-05,-0.030698015665014584,0.46326711411506416,0.20545286498963833,3,0.0,0.3333333333333333,0.6666666666666666,0.18532277519504228,0.21602079086005688,0.5986564457416534,very_low
2012-10-08,0.25160389331479865,0.41310526012614035,0.035199061036109924,3,0.3333333333333333,0.0,0.6666666666666666,0.27513007385035354,0.023526180535554886,0.7013437350591024,very_low
2012-10-11,0.04277178272604942,,0.04277178272604942,1,0.0,0.0,1.0,0.07851260900497437,0.03574082627892494,0.8857466578483582,very_low
2012-10-15,0.07836752943694592,0.11159365433185563,0.07836752943694592,2,0.0,0.0,1.0,0.09925407078117132,0.020886541344225407,0.8798593580722809,very_low
2012-10-16,-0.042845215648412704,0.041149348510474575,-0.042845215648412704,2,0.0,0.0,1.0,0.034714264795184135,0.07755948044359684,0.887726217508316,very_low
2012-10-17,0.05479523818939924,0.20036512341858317,0.05479523818939924,2,0.0,0.0,1.0,0.12444530334323645,0.0696500651538372,0.8059045970439911,very_low
2012-10-18,0.2846014006063342,,0.2846014006063342,1,0.0,0.0,1.0,0.29311373829841614,0.008512337692081928,0.6983739137649536,very_low
2012-10-22,-0.8203952191397548,0.13507950375803876,-0.8180900737643242,3,0.0,1.0,0.0,0.04609476743886868,0.8664899865786234,0.08741526926557223,very_low
2012-10-23,0.007858817155162493,0.045899755836490974,0.013876112177968025,3,0.0,0.0,1.0,0.04658689225713412,0.038728075101971626,0.914685070514679,very_low
2012-10-24,-0.2131652683019638,0.3185187490116082,-0.2131652683019638,2,0.0,0.0,1.0,0.043401213362812996,0.2565664816647768,0.7000323235988617,very_low
2012-10-25,-0.4218270583078265,0.6285105307078656,-0.4218270583078265,2,0.0,0.5,0.5,0.04040618147701025,0.46223323978483677,0.49736058712005615,very_low
2012-10-26,-0.02948317863047123,0.07566361085611022,-0.02948317863047123,2,0.0,0.0,1.0,0.1421392224729061,0.17162240110337734,0.6862383782863617,very_low
2012-11-05,0.03871934488415718,,0.03871934488415718,1,0.0,0.0,1.0,0.05748984217643738,0.018770497292280197,0.9237397313117981,very_low
2012-11-06,0.028971416875720024,,0.028971416875720024,1,0.0,0.0,1.0,0.0450851246714592,0.016113707795739174,0.9388011693954468,very_low
2012-11-07,0.08994621224701405,0.0744490335124354,0.08994621224701405,2,0.0,0.0,1.0,0.19895115122199059,0.10900493897497654,0.6920438557863235,very_low
2012-11-09,0.02829856052994728,,0.02829856052994728,1,0.0,0.0,1.0,0.04607028514146805,0.017771724611520767,0.9361579418182373,very_low
2012-11-12,0.12334097549319267,0.18809063686603464,0.03648003004491329,4,0.0,0.0,1.0,0.17607170064002275,0.05273072514683008,0.7711975947022438,very_low
2012-11-14,0.05835443828254938,0.06016564465963944,0.04404017701745033,4,0.0,0.0,1.0,0.08173816464841366,0.023383726365864277,0.8948781043291092,very_low
2012-11-15,0.049795362167060375,0.02379912021765225,0.049795362167060375,2,0.0,0.0,1.0,0.17891238443553448,0.1291170222684741,0.691970631480217,very_low
2012-11-16,0.07249041274189949,,0.07249041274189949,1,0.0,0.0,1.0,0.09178317338228226,0.019292760640382767,0.8889241218566895,very_low
2012-11-19,-0.01089501939713955,,-0.01089501939713955,1,0.0,0.0,1.0,0.025516433641314507,0.036411453038454056,0.9380720257759094,very_low
2012-11-20,0.04621633794158697,0.07083614902325389,0.04621633794158697,2,0.0,0.0,1.0,0.07955739088356495,0.03334105294197798,0.8871015310287476,very_low
2012-11-22,0.007990742102265358,,0.007990742102265358,1,0.0,0.0,1.0,0.03342942148447037,0.02543867938220501,0.9411318898200989,very_low
2012-11-23,0.01701911725103855,,0.01701911725103855,1,0.0,0.0,1.0,0.038031838834285736,0.021012721583247185,0.9409555196762085,very_low
2012-11-26,-0.03581028307477633,0.25277497990848646,-0.008935406804084778,6,0.16666666666666666,0.0,0.8333333333333334,0.12702954156945148,0.16283982464422783,0.7101306344072024,very_low
2012-11-27,-0.013629336282610894,0.07304868793190336,-0.025150634348392487,5,0.0,0.0,1.0,0.05145561620593071,0.0650849524885416,0.8834594249725342,very_low
2012-11-28,-0.11202614506085713,0.13968150248815747,-0.05933098495006561,3,0.0,0.0,1.0,0.08326739072799683,0.19529353578885397,0.7214390436808268,very_low
2012-11-29,-0.13192468881607056,0.15632275595731512,-0.13192468881607056,2,0.0,0.0,1.0,0.054694633930921555,0.1866193227469921,0.7586860358715057,very_low
2012-11-30,-0.014525678008794785,0.03377954531150358,-0.014525678008794785,2,0.0,0.0,1.0,0.04705236293375492,0.061578040942549706,0.8913696110248566,very_low
2012-12-03,0.02814164198935032,0.03496087554103786,0.027807585895061493,3,0.0,0.0,1.0,0.05271844379603863,0.02457680180668831,0.9227047165234884,very_low
2012-12-04,0.0023287683725357056,,0.0023287683725357056,1,0.0,0.0,1.0,0.037273604422807693,0.03494483605027199,0.9277816414833069,very_low
2012-12-05,-0.4409931180998683,0.6238406335510782,-0.4409931180998683,2,0.0,0.5,0.5,0.02738755103200674,0.46838066913187504,0.5042317695915699,very_low
2012-12-06,-0.5978146536896626,0.5306155276831483,-0.8406637404114008,3,0.0,0.6666666666666666,0.3333333333333333,0.01921744334201018,0.6170320970316728,0.36375045279661816,very_low
2012-12-07,0.0041764117777347565,,0.0041764117777347565,1,0.0,0.0,1.0,0.04591399431228638,0.04173758253455162,0.9123484492301941,very_low
2012-12-11,-0.6919398028403521,,-0.6919398028403521,1,0.0,1.0,0.0,0.02207299880683422,0.7140128016471863,0.26391416788101196,very_low
2012-12-12,-0.04211507644504309,0.057324759742836046,-0.04211507644504309,2,0.0,0.0,1.0,0.02901607286185026,0.07113114930689335,0.8998527824878693,very_low
2012-12-14,-0.04844382405281067,,-0.04844382405281067,1,0.0,0.0,1.0,0.08893179893493652,0.1373756229877472,0.7736926078796387,very_low
2012-12-18,-0.5805704295635223,0.5327579919768731,-0.5805704295635223,2,0.0,0.5,0.5,0.030006825923919678,0.610577255487442,0.3594159344211221,very_low
2012-12-19,0.04734593629837036,,0.04734593629837036,1,0.0,0.0,1.0,0.06553580611944199,0.018189869821071625,0.9162742495536804,very_low
2012-12-20,-0.2411807281896472,0.4686821207450759,-0.009510954841971397,4,0.0,0.25,0.75,0.04445080738514662,0.2856315355747938,0.6699176072143018,very_low
2012-12-24,-0.18915770823756853,0.5279503858041235,-0.015923164784908295,3,0.0,0.3333333333333333,0.6666666666666666,0.10184116971989472,0.29099887795746326,0.6071599374214808,very_low
2012-12-25,-0.08333935588598251,,-0.08333935588598251,1,0.0,0.0,1.0,0.029408209025859833,0.11274756491184235,0.8578442335128784,very_low
2012-12-26,-0.03802265785634518,,-0.03802265785634518,1,0.0,0.0,1.0,0.026943432167172432,0.06496609002351761,0.9080904126167297,very_low
2012-12-27,-0.8586928956210613,,-0.8586928956210613,1,0.0,1.0,0.0,0.016003597527742386,0.8746964931488037,0.10929986834526062,very_low
2012-12-28,0.050563517957925797,,0.050563517957925797,1,0.0,0.0,1.0,0.07147027552127838,0.020906757563352585,0.9076230525970459,very_low
2012-12-31,-0.1469992706552148,0.3895417384266561,-0.009613124653697014,6,0.0,0.16666666666666666,0.8333333333333334,0.05450174895425638,0.20150101960947117,0.7439972348511219,very_low
2013-01-02,-0.02917034737765789,,-0.02917034737765789,1,0.0,0.0,1.0,0.0239871796220541,0.05315752699971199,0.9228553175926208,very_low
2013-01-03,-0.00830640085041523,0.01711484736351209,-0.00830640085041523,2,0.0,0.0,1.0,0.03775809146463871,0.04606449231505394,0.9161773920059204,very_low
2013-01-07,-0.13910315558314323,0.1657145015300356,-0.13910315558314323,2,0.0,0.0,1.0,0.023965725675225258,0.1630688812583685,0.8129653930664062,very_low
2013-01-08,0.005957596004009247,,0.005957596004009247,1,0.0,0.0,1.0,0.029165059328079224,0.023207463324069977,0.9476273655891418,very_low
2013-01-09,0.10846778657287359,0.1099172700177799,0.10846778657287359,2,0.0,0.0,1.0,0.1316207628697157,0.023152976296842098,0.8452262580394745,very_low
2013-01-10,0.047838158905506134,,0.047838158905506134,1,0.0,0.0,1.0,0.06210704520344734,0.014268886297941208,0.9236240983009338,very_low
2013-01-11,-0.022553646937012672,,-0.022553646937012672,1,0.0,0.0,1.0,0.025296581909060478,0.04785022884607315,0.9268531799316406,very_low
2013-01-14,-0.28116435557603836,,-0.28116435557603836,1,0.0,0.0,1.0,0.12189870327711105,0.4030630588531494,0.47503817081451416,very_low
2013-01-15,-0.11529238397876422,0.20469288410925185,-0.0014129579067230225,3,0.0,0.0,1.0,0.042513215293486915,0.15780559927225113,0.7996812264124552,very_low
2013-01-16,0.02092459350824356,0.08694443075066129,0.030154455453157425,5,0.0,0.0,1.0,0.07187736928462982,0.05095277577638626,0.8771698474884033,very_low
2013-01-17,0.11728729959577322,0.002181933127785872,0.11728729959577322,2,0.0,0.0,1.0,0.1340974047780037,0.016810105182230473,0.8490925133228302,very_low
2013-01-18,0.015247616916894913,0.059652673748795466,0.015247616916894913,2,0.0,0.0,1.0,0.08460621908307076,0.06935860216617584,0.8460352122783661,very_low
2013-01-21,0.05075662583112717,0.026635983761161032,0.05075662583112717,2,0.0,0.0,1.0,0.0706891305744648,0.01993250474333763,0.909378319978714,very_low
2013-01-22,0.48008027113974094,0.6369379102885412,0.48008027113974094,2,0.5,0.0,0.5,0.5049591101706028,0.024878839030861855,0.4701620191335678,very_low
2013-01-23,-0.08649747384091218,0.43216450142663443,0.0024232976138591766,3,0.0,0.3333333333333333,0.6666666666666666,0.12871025440593561,0.21520772824684778,0.6560820738474528,very_low
2013-01-28,0.007554640807211399,0.39764320864628794,0.05454324930906296,5,0.2,0.2,0.6,0.18226731717586517,0.17471267636865379,0.6430199921131134,very_low
2013-01-29,-0.4296748461201787,0.6193503320183298,-0.4296748461201787,2,0.0,0.5,0.5,0.04032584559172392,0.4700006917119026,0.4896734580397606,very_low
2013-01-30,0.2503435369580984,0.3568100768598192,0.12160882912576199,4,0.25,0.0,0.75,0.28472473518922925,0.03438119823113084,0.6808940209448338,very_low
2013-01-31,0.05429837806150317,0.0686812498060652,0.05429837806150317,2,0.0,0.0,1.0,0.07190191838890314,0.01760354032739997,0.9104945361614227,very_low
2013-02-01,-0.008196608473857244,0.034669245469958664,-0.017039136961102486,3,0.0,0.0,1.0,0.038543169076244034,0.04673977755010128,0.9147170384724935,very_low
2013-02-04,-0.22636156901717186,0.25726902053725764,-0.22636156901717186,2,0.0,0.0,1.0,0.040815576910972595,0.26717714592814445,0.6920072734355927,very_low
2013-02-11,0.08961347676813602,0.18013595601350518,0.0745266992598772,7,0.0,0.0,1.0,0.14369636295097216,0.054082886182836125,0.8022207021713257,very_low
2013-02-12,-0.0856513250619173,,-0.0856513250619173,1,0.0,0.0,1.0,0.027937760576605797,0.1135890856385231,0.8584731221199036,very_low
2013-02-14,0.1916795251891017,,0.1916795251891017,1,0.0,0.0,1.0,0.20310401916503906,0.011424493975937366,0.785471498966217,very_low
2013-02-15,-0.12682637944817543,,-0.12682637944817543,1,0.0,0.0,1.0,0.04304855689406395,0.16987493634223938,0.7870765328407288,very_low
2013-02-19,-0.030585646629333496,,-0.030585646629333496,1,0.0,0.0,1.0,0.03243487328290939,0.06302051991224289,0.9045445919036865,very_low
2013-02-20,0.2588451113551855,,0.2588451113551855,1,0.0,0.0,1.0,0.2790249288082123,0.02017981745302677,0.7007952332496643,very_low
2013-02-21,0.036155263893306255,0.021033217479056638,0.036155263893306255,2,0.0,0.0,1.0,0.07576418668031693,0.03960892278701067,0.8846268951892853,very_low
2013-02-25,-0.013336077332496643,0.02028241747095062,-0.013336077332496643,2,0.0,0.0,1.0,0.04669031873345375,0.060026396065950394,0.8932832777500153,very_low
2013-02-26,-0.12100176140666008,0.13671909240820818,-0.12100176140666008,2,0.0,0.0,1.0,0.09250715374946594,0.21350891515612602,0.6939839422702789,very_low
2013-02-27,-0.09609163738787174,,-0.09609163738787174,1,0.0,0.0,1.0,0.02651657722890377,0.12260821461677551,0.8508751392364502,very_low
2013-02-28,0.14089879393577576,,0.14089879393577576,1,0.0,0.0,1.0,0.16035790741443634,0.019459113478660583,0.8201829195022583,very_low
2013-03-01,-0.09539792872965336,,-0.09539792872965336,1,0.0,0.0,1.0,0.023868566378951073,0.11926649510860443,0.8568649888038635,very_low
2013-03-04,-0.21347570481399694,0.36243383443565014,-0.07237954251468182,3,0.0,0.3333333333333333,0.6666666666666666,0.04849737323820591,0.2619730780522029,0.6895295282204946,very_low
2013-03-05,-0.03943247068673372,0.05766903648667856,-0.026646118611097336,4,0.0,0.0,1.0,0.045342436991631985,0.08477490767836571,0.8698826283216476,very_low
2013-03-06,-0.06899207923561335,0.06908275583150367,-0.06899207923561335,2,0.0,0.0,1.0,0.025695222429931164,0.09468730166554451,0.87961745262146,very_low
2013-03-07,-0.02355174208059907,0.17033827883929542,-0.02355174208059907,2,0.0,0.0,1.0,0.06784759741276503,0.0913993394933641,0.840753048658371,very_low
2013-03-08,0.17856454445670047,0.07546632258201277,0.17352529242634773,3,0.0,0.0,1.0,0.19390072176853815,0.015336177311837673,0.7907631198565165,very_low
2013-03-11,-0.11174914287403226,0.22020906245460525,-0.007032841444015503,4,0.0,0.0,1.0,0.034276698250323534,0.1460258411243558,0.8196974843740463,very_low
2013-03-12,0.02207561582326889,,0.02207561582326889,1,0.0,0.0,1.0,0.05761587247252464,0.03554025664925575,0.906843900680542,very_low
2013-03-13,-0.11923571117222309,,-0.11923571117222309,1,0.0,0.0,1.0,0.02667584829032421,0.1459115594625473,0.8274126648902893,very_low
2013-03-15,-0.07110517658293247,,-0.07110517658293247,1,0.0,0.0,1.0,0.027777357026934624,0.0988825336098671,0.8733400702476501,very_low
2013-03-18,-0.12852266952395439,0.3297955769240401,-0.035623395815491676,5,0.0,0.2,0.8,0.1067546185106039,0.2352772880345583,0.6579680867493153,very_low
2013-03-19,0.03333572298288345,,0.03333572298288345,1,0.0,0.0,1.0,0.07730722427368164,0.04397150129079819,0.8787212371826172,very_low
2013-03-21,-0.13281624391674995,0.01757697965489995,-0.13281624391674995,2,0.0,0.0,1.0,0.035155508667230606,0.16797175258398056,0.7968727350234985,very_low
2013-03-25,0.1535430227716764,0.2510614208267898,0.02272973768413067,3,0.0,0.0,1.0,0.18125679343938828,0.027713770667711895,0.7910294532775879,very_low
2013-03-26,0.7860121466219425,,0.7860121466219425,1,1.0,0.0,0.0,0.8113274574279785,0.025315310806035995,0.16335731744766235,very_low
2013-03-27,-0.020656179636716843,,-0.020656179636716843,1,0.0,0.0,1.0,0.042095545679330826,0.06275172531604767,0.8951526284217834,very_low
2013-03-28,-0.036953866481781006,,-0.036953866481781006,1,0.0,0.0,1.0,0.10072949528694153,0.13768336176872253,0.7615871429443359,very_low
2013-04-01,0.025976541452109814,0.026173228936439537,0.026162143796682358,4,0.0,0.0,1.0,0.05807837378233671,0.0321018323302269,0.9098198115825653,very_low
2013-04-02,0.08657106198370457,0.7309878585162958,0.15387184731662273,4,0.25,0.25,0.5,0.33005131781101227,0.2434802558273077,0.4264684598892927,very_low
2013-04-04,0.16619675094261765,0.47385296340589755,0.09512976184487343,4,0.25,0.0,0.75,0.28433677460998297,0.11814002366736531,0.5975232198834419,very_low
2013-04-05,0.022590160369873047,0.0027623202564721863,0.022590160369873047,2,0.0,0.0,1.0,0.05217297188937664,0.029582811519503593,0.9182441532611847,very_low
2013-04-08,-0.18577253283001482,0.6444917543839788,-0.20461632125079632,8,0.125,0.375,0.5,0.2151917323935777,0.4009642652235925,0.38384401076473296,very_low
2013-04-09,0.18137344221274057,0.17095624957428793,0.24980676919221878,3,0.0,0.3333333333333333,0.6666666666666666,0.33992154399553937,0.15854810178279877,0.5015303790569305,very_low
2013-04-10,0.03395133372396231,0.04552332153170797,0.010837428271770477,5,0.0,0.0,1.0,0.06718751490116119,0.033236181177198884,0.8995763063430786,very_low
2013-04-11,0.19415704673156142,0.35101356063151756,0.06635231804102659,4,0.25,0.0,0.75,0.25818184576928616,0.06402479903772473,0.6777933277189732,very_low
2013-04-12,0.011201321333646774,0.48377376177895126,-0.006881002336740494,5,0.2,0.2,0.6,0.19920713379979132,0.18800581246614456,0.612787064909935,very_low
2013-04-15,-0.11634384049102664,0.29107975867071545,0.017377263866364956,4,0.0,0.25,0.75,0.05268362583592534,0.16902746632695198,0.7782888859510422,very_low
2013-04-16,0.1146988037507981,0.0658060871275927,0.10881240433081985,4,0.0,0.0,1.0,0.14092673175036907,0.026227927999570966,0.8328453600406647,very_low
2013-04-17,-0.13442736864089966,,-0.13442736864089966,1,0.0,0.0,1.0,0.20092183351516724,0.3353492021560669,0.46372899413108826,very_low
2013-04-18,-0.11676026955246925,0.4665230920832086,-0.033490099012851715,5,0.0,0.2,0.8,0.13359731808304787,0.25035758763551713,0.6160450778901577,very_low
2013-04-22,0.009485192596912384,0.013778958548189245,0.009485192596912384,2,0.0,0.0,1.0,0.045281315222382545,0.03579612262547016,0.9189225435256958,very_low
2013-04-23,0.04669356532394886,,0.04669356532394886,1,0.0,0.0,1.0,0.07047424465417862,0.02378067933022976,0.9057450890541077,very_low
2013-04-24,0.14375198694566885,0.7831322051162553,0.23825033754110336,3,0.3333333333333333,0.3333333333333333,0.3333333333333333,0.41700772071878117,0.2732557337731123,0.30973652253548306,very_low
2013-04-25,0.10985043132677674,0.10344215373880575,0.08780206739902496,4,0.0,0.0,1.0,0.13287260849028826,0.023022177163511515,0.8441051989793777,very_low
2013-04-26,-0.22508796025067568,0.1775321572803936,-0.289068853482604,4,0.0,0.0,1.0,0.051847404800355434,0.2769353650510311,0.6712172329425812,very_low
2013-04-29,0.2538680084981024,0.4470508320411836,0.040508728474378586,4,0.25,0.0,0.75,0.28032525535672903,0.026457246858626604,0.6932174870744348,very_low
2013-04-30,-0.0840916143109401,0.08331597888786654,-0.05617908388376236,3,0.0,0.0,1.0,0.04741223839422067,0.13150385270516077,0.8210839430491129,very_low
2013-05-01,0.1677377917803824,0.16359885419970074,0.1677377917803824,2,0.0,0.0,1.0,0.17997249588370323,0.012234704103320837,0.8077927827835083,very_low
2013-05-02,0.10769974719733,0.17470842958510685,0.10769974719733,2,0.0,0.0,1.0,0.13788740243762732,0.030187655240297318,0.8319249749183655,very_low
2013-05-03,0.09315935126505792,0.11467409715637177,0.050987448543310165,4,0.0,0.0,1.0,0.1371053345501423,0.04394598328508437,0.8189487010240555,very_low
2013-05-06,0.3730385551850001,0.49940446306242303,0.28873200714588165,3,0.3333333333333333,0.0,0.6666666666666666,0.44558809387187165,0.07254953868687153,0.4818623786171277,very_low
2013-05-07,0.022123951464891434,,0.022123951464891434,1,0.0,0.0,1.0,0.04774561524391174,0.02562166377902031,0.9266327619552612,very_low
2013-05-08,0.7873191237449646,,0.7873191237449646,1,1.0,0.0,0.0,0.8214486241340637,0.03412950038909912,0.14442190527915955,very_low
2013-05-09,-0.10837627351284027,0.6298879681276263,0.014034919440746307,5,0.2,0.4,0.4,0.21032153069972992,0.3186978042125702,0.47098066136240957,very_low
2013-05-10,0.05478602601215243,0.05127243607672372,0.05478602601215243,2,0.0,0.0,1.0,0.07480059564113617,0.020014569628983736,0.905184805393219,very_low
2013-05-13,0.1403584662824869,0.4620008101634842,0.0589945986866951,5,0.2,0.0,0.8,0.25904764235019684,0.11868917606770993,0.6222632169723511,very_low
2013-05-14,0.015382598775128523,0.6204659537179028,0.12038578372448683,3,0.3333333333333333,0.3333333333333333,0.3333333333333333,0.2597277561823527,0.24434515740722418,0.49592703580856323,very_low
2013-05-15,0.32164590526372194,0.5746353944342695,0.3896835930645466,4,0.5,0.0,0.5,0.4490451030433178,0.12739919777959585,0.4235557075589895,very_low
2013-05-16,0.11649068421684206,0.17272339955830662,0.058593989815562963,4,0.0,0.0,1.0,0.1416477165184915,0.02515703230164945,0.8331952691078186,very_low
2013-05-20,0.06793434009887278,0.45220781689943423,0.01564688701182604,8,0.125,0.125,0.75,0.202319978736341,0.13438563863746822,0.6632943758741021,very_low
2013-05-21,-0.20533041879534722,0.44170074799934494,0.056215349584817886,5,0.0,0.2,0.8,0.08626895472407341,0.2915993735194206,0.6221316590905189,very_low
2013-05-22,-0.19280969677492976,0.2932510425188656,-0.07445180229842663,4,0.0,0.25,0.75,0.07131951209157705,0.2641292088665068,0.6645512580871582,very_low
2013-05-23,-0.23652711572746435,0.47002783146175553,0.003720328211784363,3,0.0,0.3333333333333333,0.6666666666666666,0.07325380792220433,0.3097809236496687,0.6169652255872885,very_low
2013-05-24,-0.01237979531288147,0.1304614620688927,0.060287849977612495,3,0.0,0.0,1.0,0.06638677914937337,0.07876657446225484,0.8548466165860494,very_low
2013-05-28,0.31016311212442815,0.4076544403784822,0.2053060415200889,4,0.25,0.0,0.75,0.3410917865112424,0.030928674386814237,0.6279795356094837,very_low
2013-05-29,-0.03734326952447494,0.2337141918866654,0.024985636584460735,6,0.0,0.16666666666666666,0.8333333333333334,0.09273282748957475,0.13007609701404968,0.7771910677353541,very_low
2013-05-30,-0.03545067459344864,0.04830893228594213,-0.02423594705760479,4,0.0,0.0,1.0,0.04318309295922518,0.07863376755267382,0.878183126449585,very_low
2013-05-31,-0.25681106746196747,0.4727379098112683,-0.2739910129457712,4,0.0,0.5,0.5,0.10173705127090216,0.3585481187328696,0.539714839309454,very_low
2013-06-03,-0.3141306918114424,0.41217457046093336,-0.24849457666277885,3,0.0,0.3333333333333333,0.6666666666666666,0.04570262196163336,0.35983331377307576,0.5944640835126241,very_low
2013-06-04,0.880375174805522,,0.880375174805522,1,1.0,0.0,0.0,0.894039511680603,0.013664336875081062,0.09229622781276703,very_low
2013-06-05,0.006952587515115738,,0.006952587515115738,1,0.0,0.0,1.0,0.03561827540397644,0.028665687888860703,0.9357160329818726,very_low
2013-06-06,-0.04395509449144205,0.10299021135164291,-0.0077390121296048164,6,0.0,0.0,1.0,0.04578000276039044,0.08973509725183249,0.8644849061965942,very_low
2013-06-07,0.22317320629954338,0.240198744867472,0.09863090887665749,5,0.2,0.0,0.8,0.24363652989268303,0.020463323593139647,0.7359001219272614,very_low
2013-06-10,0.10805765326533999,0.19321123986346875,0.07216316275298595,7,0.14285714285714285,0.0,0.8571428571428571,0.16556709446012974,0.05750944119478975,0.7769234691347394,very_low
2013-06-11,0.05333825235720724,0.16729226503709393,0.0587005028501153,8,0.0,0.125,0.875,0.14350209617987275,0.09016384382266551,0.7663340549916029,very_low
2013-06-12,-0.016438542554775875,0.07901553676609538,0.022070065140724182,3,0.0,0.0,1.0,0.09974814703067143,0.11618668958544731,0.7840651671091715,very_low
2013-06-13,-0.009627205630143484,0.14004281750521796,-0.010510389693081379,6,0.0,0.0,1.0,0.07088531615833442,0.0805125217884779,0.848602165778478,very_low
2013-06-14,-0.06855337438173592,0.22931410913979267,0.013943729922175407,4,0.0,0.25,0.75,0.0700421929359436,0.13859556731767952,0.7913622036576271,very_low
2013-06-17,-0.2965289019048214,0.4470135424774234,-0.2965289019048214,2,0.0,0.5,0.5,0.04023180715739727,0.33676070906221867,0.6230075508356094,very_low
2013-06-18,-0.04821434679130713,0.10660013018373225,-0.006878126412630081,3,0.0,0.0,1.0,0.04083385815223058,0.08904820494353771,0.8701179027557373,very_low
2013-06-19,-0.27927255677059293,0.3016486350997028,-0.23922016844153404,4,0.0,0.25,0.75,0.04179838113486767,0.3210709379054606,0.6371306851506233,very_low
2013-06-20,0.0016616533199946086,0.047342582190075665,-0.023086626082658768,3,0.0,0.0,1.0,0.048400153716405235,0.04673850039641062,0.904861330986023,very_low
2013-06-21,0.1314727868884802,0.37397477412629887,0.1314727868884802,2,0.0,0.0,1.0,0.23765859566628933,0.10618580877780914,0.6561556458473206,very_low
2013-06-24,0.48836416751146317,,0.48836416751146317,1,1.0,0.0,0.0,0.536706268787384,0.04834210127592087,0.4149516224861145,very_low
2013-06-26,-0.2519783293828368,0.6014628550814742,0.07053370587527752,3,0.0,0.3333333333333333,0.6666666666666666,0.07847362539420526,0.3304519547770421,0.5910743996500969,very_low
2013-06-28,-0.9646773766726255,,-0.9646773766726255,1,0.0,1.0,0.0,0.00866963155567646,0.973347008228302,0.01798332668840885,very_low
2013-07-01,0.01558908416579167,0.12116300906404108,0.05727468058466911,3,0.0,0.3333333333333333,0.6666666666666666,0.1726432889699936,0.15705420480420193,0.6703025301297506,very_low
2013-07-02,0.046449245885014534,0.16375496810221862,0.046449245885014534,2,0.0,0.0,1.0,0.10138707514852285,0.05493782926350832,0.8436750769615173,very_low
2013-07-03,-0.018547918647527695,,-0.018547918647527695,1,0.0,0.0,1.0,0.03131898120045662,0.049866899847984314,0.9188140630722046,very_low
2013-07-04,0.09236646443605423,0.43600635561648493,0.09236646443605423,2,0.5,0.0,0.5,0.32469091564416885,0.23232445120811462,0.4429846554994583,very_low
2013-07-05,0.024998268112540245,,0.024998268112540245,1,0.0,0.0,1.0,0.04925436154007912,0.024256093427538872,0.9264895915985107,very_low
2013-07-08,0.32759111033131677,0.5276142394205392,0.039764877408742905,3,0.3333333333333333,0.0,0.6666666666666666,0.38123302658398944,0.05364191625267267,0.5651250667870045,very_low
2013-07-09,0.0547066672394673,0.080079128213367,0.016391005367040634,3,0.0,0.0,1.0,0.07543409181137879,0.020727424571911495,0.9038384954134623,very_low
2013-07-10,-0.11239654229333003,0.3086388564698336,0.03924569766968489,6,0.0,0.16666666666666666,0.8333333333333334,0.09540902264416218,0.20780556493749222,0.6967853854099909,very_low
2013-07-11,0.43749332474544644,0.6538284554170009,0.43749332474544644,2,0.5,0.0,0.5,0.48919977992773056,0.05170645518228412,0.45909374207258224,very_low
2013-07-12,-0.058701820050676666,0.20527346664310336,0.047397056594491005,3,0.0,0.0,1.0,0.0805249313513438,0.13922675140202045,0.7802483240763346,very_low
2013-07-15,0.1633961832150817,0.35580801521243494,0.09332923870533705,5,0.2,0.0,0.8,0.2387281358242035,0.0753319526091218,0.6859398901462554,very_low
2013-07-16,-0.20393979114790758,0.44270653351411554,-0.15742875169962645,6,0.16666666666666666,0.5,0.3333333333333333,0.17329800625642142,0.377237797404329,0.44946419820189476,very_low
2013-07-17,-0.14155320823192596,0.3331169586087461,0.009898468852043152,5,0.0,0.2,0.8,0.06492881178855896,0.20648202002048494,0.7285891532897949,very_low
2013-07-18,0.011060623824596405,0.06496310640831471,-0.004926059395074844,5,0.0,0.0,1.0,0.05773549228906631,0.04667486846446991,0.8955896615982055,very_low
2013-07-19,-0.6482736114412546,0.41771836126138423,-0.6482736114412546,2,0.0,0.5,0.5,0.02413383685052395,0.6724074482917786,0.30345869436860085,very_low
2013-07-22,-0.29978136345744133,0.4534231630549935,-0.21480534225702286,4,0.0,0.5,0.5,0.1091228500008583,0.40890421345829964,0.48197294026613235,very_low
2013-07-23,0.3659266655643781,0.40381648518378094,0.29258187115192413,3,0.3333333333333333,0.0,0.6666666666666666,0.4074802299340566,0.0415535643696785,0.5509661907951037,very_low
2013-07-24,-0.14841812010854483,0.21141380467761664,-0.06436588242650032,4,0.0,0.25,0.75,0.05053561646491289,0.19895373657345772,0.750510647892952,very_low
2013-07-25,0.04536146173874537,0.07843515460520878,0.009570121765136719,3,0.0,0.0,1.0,0.08953977624575298,0.0441783145070076,0.8662818868954977,very_low
2013-07-26,-0.16102013736963272,,-0.16102013736963272,1,0.0,0.0,1.0,0.038582347333431244,0.19960248470306396,0.7618152499198914,very_low
2013-07-29,-0.013742051552981138,0.08601049644534177,-0.03135362081229687,6,0.0,0.0,1.0,0.07635736217101415,0.09009941372399528,0.8335432012875875,very_low
2013-07-30,-0.026586782187223434,0.6136291176788302,0.05098873842507601,6,0.16666666666666666,0.3333333333333333,0.5,0.24004584861298403,0.26663263080020744,0.4933215109631419,very_low
2013-07-31,0.008855524472892284,0.35152136153498126,-0.07691609859466553,6,0.16666666666666666,0.16666666666666666,0.6666666666666666,0.19643975545962652,0.18758423098673424,0.6159759958585104,very_low
2013-08-01,0.8674698565155268,,0.8674698565155268,1,1.0,0.0,0.0,0.8873699307441711,0.01990007422864437,0.09273004531860352,very_low
2013-08-02,0.25253959000110626,0.31484123842639644,0.0932069718837738,3,0.3333333333333333,0.0,0.6666666666666666,0.291803943614165,0.039264353613058724,0.6689317226409912,very_low
2013-08-05,0.2798098048195243,0.47689038099218134,-0.014298476278781891,5,0.4,0.0,0.6,0.37129534408450127,0.09148553926497698,0.5372191071510315,very_low
2013-08-06,0.3326470296209057,0.49940334446624735,0.055375888012349606,3,0.3333333333333333,0.0,0.6666666666666666,0.36077947666247684,0.02813244704157114,0.6110881045460701,very_low
2013-08-07,0.36805153513948125,0.2727394831491727,0.3711812822148204,6,0.3333333333333333,0.0,0.6666666666666666,0.3881601778169473,0.020108642677466076,0.5917312155167261,very_low
2013-08-08,0.33417711903651554,0.501028736642627,0.0747572910040617,3,0.3333333333333333,0.0,0.6666666666666666,0.3561399094760418,0.02196279043952624,0.6218972864250342,very_low
2013-08-09,-0.16654659186800322,0.4005473463812925,0.06315791234374046,3,0.0,0.3333333333333333,0.6666666666666666,0.07415479669968288,0.24070138856768608,0.6851438085238138,very_low
2013-08-12,0.46477240789681673,0.6153362319218378,0.46477240789681673,2,0.5,0.0,0.5,0.4873428512364626,0.022570443339645863,0.4900866933166981,very_low
2013-08-13,0.20529152881354093,0.7195333663453938,0.07282642275094986,5,0.4,0.2,0.4,0.40524347871541977,0.19995194990187884,0.3948045790195465,very_low
2013-08-14,-0.2944914922118187,0.5709643381076793,0.025627680122852325,3,0.0,0.3333333333333333,0.6666666666666666,0.0481890303393205,0.3426805225511392,0.6091304458677769,very_low
2013-08-15,0.09111701417714357,,0.09111701417714357,1,0.0,0.0,1.0,0.10640488564968109,0.015287871472537518,0.8783072233200073,very_low
2013-08-19,-0.25977424811571836,0.41348102443890905,-0.08123299852013588,4,0.0,0.25,0.75,0.0353541262447834,0.29512837436050177,0.6695175319910049,very_low
2013-08-21,0.8684358261525631,,0.8684358261525631,1,1.0,0.0,0.0,0.883379340171814,0.01494351401925087,0.10167715698480606,very_low
2013-08-22,-0.045936462469398975,0.030326995336591594,-0.045936462469398975,2,0.0,0.0,1.0,0.028290816582739353,0.07422727905213833,0.8974819779396057,very_low
2013-08-23,0.32736236713826655,0.3918063731816942,0.09345061331987381,5,0.4,0.0,0.6,0.3520090252161026,0.024646658077836038,0.6233443260192871,very_low
2013-08-26,-0.41390886902809143,,-0.41390886902809143,1,0.0,1.0,0.0,0.0726870596408844,0.48659592866897583,0.4407169818878174,very_low
2013-08-27,-0.08476287421459953,0.3484560231045952,-0.027302776463329792,6,0.0,0.16666666666666666,0.8333333333333334,0.09259457668910424,0.17735745090370378,0.7300479287902514,very_low
2013-08-28,-0.2986870426684618,0.5297092180303187,-0.2986870426684618,2,0.0,0.5,0.5,0.09838564321398735,0.39707268588244915,0.5045416504144669,very_low
2013-08-29,0.0794696615387996,0.6750607761468933,0.040172331035137177,3,0.3333333333333333,0.3333333333333333,0.3333333333333333,0.29812082337836426,0.21865116183956465,0.48322803278764087,very_low
2013-08-30,0.0342567153275013,0.18248339599177082,0.007834415882825851,3,0.3333333333333333,0.0,0.6666666666666666,0.25640414158503216,0.22214742625753084,0.5214484284321467,very_low
2013-09-02,0.4038720056414604,,0.4038720056414604,1,0.0,0.0,1.0,0.4136684834957123,0.009796477854251862,0.5765349864959717,very_low
2013-09-03,0.8780579306185246,,0.8780579306185246,1,1.0,0.0,0.0,0.9112663865089417,0.0332084558904171,0.055525217205286026,very_low
2013-09-04,-0.17460395023226738,0.4262167236315384,-0.01399223506450653,4,0.25,0.25,0.5,0.1714268159121275,0.3460307661443949,0.48254239931702614,very_low
2013-09-05,-0.14064143132418394,0.3059887142368139,0.006075533106923103,4,0.0,0.25,0.75,0.04053142387419939,0.18117285519838333,0.778295710682869,very_low
2013-09-06,0.09124754182994366,,0.09124754182994366,1,0.0,0.0,1.0,0.10793518275022507,0.01668764092028141,0.8753771781921387,very_low
2013-09-09,0.22751736920326948,0.3291135679922826,0.15624023322016,5,0.2,0.0,0.8,0.251850588619709,0.024333219416439532,0.7238161712884903,very_low
2013-09-10,0.04431935176253319,0.48848485030899086,-0.006004750728607178,5,0.2,0.2,0.6,0.20443048402667047,0.16011113226413726,0.6354583859443664,very_low
2013-09-11,0.06960446666926146,0.5186824708468495,-0.028970224782824516,4,0.25,0.25,0.5,0.30210579466074705,0.2325013279914856,0.4653929006308317,very_low
2013-09-12,-0.9129684884101152,,-0.9129684884101152,1,0.0,1.0,0.0,0.018019763752818108,0.9309882521629333,0.05099204555153847,very_low
2013-09-13,-0.3532883293926716,0.49372304694679553,-0.5386979840695858,5,0.0,0.6,0.4,0.09604615457355976,0.4493344839662313,0.4546193540096283,very_low
2013-09-16,-0.18207366205751896,0.3115498615956781,-0.016423817723989487,5,0.0,0.4,0.6,0.1143844835460186,0.29645814560353756,0.5891573756933213,very_low
2013-09-17,0.24098424962721765,0.2254617837941599,0.3159410390071571,4,0.5,0.0,0.5,0.3953120019286871,0.15432775230146945,0.4503602460026741,very_low
2013-09-18,0.039026892744004726,0.005569652030064992,0.039026892744004726,2,0.0,0.0,1.0,0.06576525419950485,0.026738361455500126,0.9074964225292206,very_low
2013-09-20,-0.028875474585220218,0.35767079718215156,0.002273391932249069,8,0.125,0.125,0.75,0.1690661725588143,0.1979416471440345,0.6329921707510948,very_low
2013-09-23,0.06339909508824348,,0.06339909508824348,1,0.0,0.0,1.0,0.09854341298341751,0.035144317895174026,0.8663122653961182,very_low
2013-09-24,0.06966359913349152,,0.06966359913349152,1,0.0,0.0,1.0,0.09688282757997513,0.027219228446483612,0.8758978843688965,very_low
2013-09-25,-0.28607224735120934,0.48575314935814384,-0.01818263903260231,3,0.0,0.3333333333333333,0.6666666666666666,0.03981753624975681,0.32588978360096615,0.6342926720778147,very_low
2013-09-26,0.03820162576933702,0.2706968373762886,0.06839203834533691,3,0.0,0.0,1.0,0.14921349038680395,0.11101186461746693,0.7397746245066324,very_low
2013-09-27,0.00349553395062685,0.15423679356404763,0.07718813046813011,4,0.0,0.0,1.0,0.09703647159039974,0.09354093763977289,0.8094225972890854,very_low
2013-09-30,-0.39583897218108177,0.6043008633072248,-0.39583897218108177,2,0.0,0.5,0.5,0.0361149488016963,0.4319539209827781,0.531931184232235,very_low
2013-10-01,-0.09748193062841892,,-0.09748193062841892,1,0.0,0.0,1.0,0.028213923797011375,0.1256958544254303,0.8460903167724609,very_low
2013-10-02,-0.030884460359811784,0.6091330811135673,0.043249160051345825,5,0.2,0.4,0.4,0.29314054027199743,0.3240250006318092,0.382834455370903,very_low
2013-10-03,-0.6286450633779168,0.4313825789657696,-0.6286450633779168,2,0.0,0.5,0.5,0.02489848341792822,0.653543546795845,0.3215579725801945,very_low
2013-10-04,0.21597990626469254,0.2613703283902192,0.21597990626469254,2,0.0,0.0,1.0,0.23600625433027744,0.020026348065584898,0.7439673542976379,very_low
2013-10-07,0.04169787218173345,0.061756535406520166,0.0206250362098217,3,0.0,0.0,1.0,0.06937161833047867,0.02767374614874522,0.9029545585314432,very_low
2013-10-08,0.14874513167887926,0.15396588526043908,0.1657555140554905,4,0.25,0.0,0.75,0.27803532127290964,0.12929018959403038,0.592674482613802,very_low
2013-10-09,-0.46199715696275234,0.7027147410798352,-0.46199715696275234,2,0.0,0.5,0.5,0.02954060724005103,0.4915377642028034,0.47892160154879093,very_low
2013-10-10,0.7784551065415144,,0.7784551065415144,1,1.0,0.0,0.0,0.797439455986023,0.018984349444508553,0.18357610702514648,very_low
2013-10-11,0.11158164846710861,0.07288785266156679,0.09667278453707695,4,0.0,0.0,1.0,0.12531493045389652,0.013733281986787915,0.8609517961740494,very_low
2013-10-14,0.33147697150707245,0.24267318611956504,0.23979095742106438,3,0.3333333333333333,0.0,0.6666666666666666,0.3865826080242793,0.055105636517206825,0.5583117206891378,very_low
2013-10-15,0.01596546033397317,0.03347013833877951,0.023499020375311375,4,0.0,0.0,1.0,0.055275977589190006,0.03931051725521684,0.9054135382175446,very_low
2013-10-16,-0.6179720163345337,,-0.6179720163345337,1,0.0,1.0,0.0,0.09036099910736084,0.7083330154418945,0.20130597054958344,very_low
2013-10-17,-0.11646344264348348,0.2755973730364411,-0.15662089735269547,3,0.0,0.3333333333333333,0.6666666666666666,0.14188722521066666,0.2583506678541501,0.5997621516386668,very_low
2013-10-18,0.20719883730635047,0.5615278316232077,0.16779034212231636,4,0.25,0.0,0.75,0.34061330650001764,0.13341446919366717,0.5259721968322992,very_low
2013-10-21,0.023987334966659547,0.3381909032492026,0.08346189185976982,5,0.2,0.0,0.8,0.17549870535731316,0.1515113703906536,0.6729898810386657,very_low
2013-10-22,-0.4142088061198592,0.699672498577711,-0.4142088061198592,2,0.0,0.5,0.5,0.05496998177841306,0.4691787878982723,0.4758512172847986,very_low
2013-10-23,0.11203488583366077,0.3480829611847049,0.054783972911536694,6,0.16666666666666666,0.0,0.8333333333333334,0.1957166533296307,0.08368176749596994,0.7206015636523565,very_low
2013-10-24,0.02516176241139571,0.44174742342104795,-0.2239811159670353,3,0.3333333333333333,0.0,0.6666666666666666,0.21856756756703058,0.19340580515563488,0.588026612997055,very_low
2013-10-25,0.326956570148468,0.8041352749264478,0.326956570148468,2,0.5,0.0,0.5,0.48891109228134155,0.16195452213287354,0.34913436882197857,very_low
2013-10-28,-0.12719197906553745,0.4580326980356637,0.04562971834093332,5,0.0,0.2,0.8,0.09314673468470573,0.2203387137502432,0.6865145303308964,very_low
2013-10-29,0.14433524757623672,0.1415175795998023,0.14433524757623672,2,0.0,0.0,1.0,0.19731255993247032,0.0529773123562336,0.7497101128101349,very_low
2013-10-30,-0.5741949348400036,0.640146133660913,-0.929962981492281,3,0.0,0.6666666666666666,0.3333333333333333,0.0838169710089763,0.65801190584898,0.25817110513647396,very_low
2013-10-31,0.8836556151509285,,0.8836556151509285,1,1.0,0.0,0.0,0.9024759531021118,0.01882033795118332,0.07870371639728546,very_low
2013-11-01,0.28288657564137665,0.3404853793119754,0.10702441819012165,7,0.42857142857142855,0.0,0.5714285714285714,0.3226730796907629,0.039786504049386294,0.637540380869593,very_low
2013-11-04,-0.10211896593682468,0.30842281564079665,0.008330626413226128,8,0.0,0.125,0.875,0.10149384988471866,0.20361281582154334,0.6948933489620686,very_low
2013-11-05,-0.07785323138038318,0.1410208400176674,0.0026872605085372925,3,0.0,0.0,1.0,0.0537851390739282,0.13163837045431137,0.8145765264829,very_low
2013-11-06,-0.05211440306156874,0.5422406347599774,0.03684893250465393,5,0.2,0.2,0.6,0.16374949607998132,0.21586389914155008,0.620386591553688,very_low
2013-11-07,-0.16006754897534847,0.23212550936542797,-0.16006754897534847,2,0.0,0.5,0.5,0.17768617160618305,0.3377537205815315,0.4845600463449955,very_low
2013-11-08,-0.060786661505699155,0.26038337623239494,-0.01202089712023735,5,0.0,0.0,1.0,0.09783834889531136,0.1586250104010105,0.7435366094112397,very_low
2013-11-12,-0.11726402153726667,0.6560970178129396,-0.05852417927235365,4,0.25,0.25,0.5,0.19489632232580334,0.31216034386307,0.49294333392754197,very_low
2013-11-13,0.15484958354915893,0.6071279128076915,0.06030487269163132,7,0.2857142857142857,0.14285714285714285,0.5714285714285714,0.32146602775901556,0.16661644420985663,0.5119175426661968,very_low
2013-11-14,-0.10652385714153449,0.477928490840566,0.044734494760632515,9,0.1111111111111111,0.2222222222222222,0.6666666666666666,0.14550693871246445,0.2520307958539989,0.6024622724701961,very_low
2013-11-15,-0.21513778530061245,0.507678403924828,-0.3785776421427727,3,0.0,0.3333333333333333,0.6666666666666666,0.15656059111158052,0.371698376412193,0.4717410107453664,very_low
2013-11-18,0.3251150327601603,0.3847310035241493,0.07553042657673359,7,0.42857142857142855,0.0,0.5714285714285714,0.3693957549652883,0.044280722205127986,0.5863235028726714,very_low
2013-11-19,-0.3041519867256284,0.4309317487974028,-0.18417264334857464,4,0.0,0.25,0.75,0.039277448784559965,0.34342943551018834,0.6172931091859937,very_low
2013-11-20,-0.13243857895334563,0.3422940598533467,0.022241564467549324,6,0.0,0.16666666666666666,0.8333333333333334,0.05423124569157759,0.1866698246449232,0.7590989271799723,very_low
2013-11-21,-0.12444266006350517,0.2561666168629454,-0.03117317333817482,5,0.0,0.2,0.8,0.038554614037275316,0.1629972741007805,0.7984481394290924,very_low
2013-11-22,0.13437901809811592,0.14454642598954526,0.13437901809811592,2,0.0,0.0,1.0,0.17180608212947845,0.037427064031362534,0.7907668948173523,very_low
2013-11-25,-0.030256432108581068,0.3470209138852724,0.0005606804043054581,10,0.1,0.1,0.8,0.13196255620568992,0.16221898831427098,0.7058184295892715,low
2013-11-26,-0.11152424439787864,0.5003278108346232,-0.02706480398774147,5,0.0,0.2,0.8,0.11160479132086039,0.22312903571873904,0.6652661554515362,very_low
2013-11-27,0.16775507247075438,0.38605614928317833,0.026104199700057507,4,0.25,0.0,0.75,0.2884732745587826,0.12071820208802819,0.5908085042610765,very_low
2013-11-28,-0.010797138791531324,0.09204027704293069,0.012969758361577988,4,0.0,0.0,1.0,0.054758640471845865,0.06555577926337719,0.879685565829277,very_low
2013-12-02,0.1143454552761146,0.23391968929680956,0.001089680939912796,7,0.14285714285714285,0.0,0.8571428571428571,0.1701562457851001,0.05581079050898552,0.7740329844611031,very_low
2013-12-03,-0.1176589340902865,0.3455473422614224,0.026168426498770714,8,0.0,0.125,0.875,0.046844281954690814,0.1645032160449773,0.7886524996720254,very_low
2013-12-04,0.05993735073134303,0.28396413067741033,0.018239958211779594,10,0.1,0.0,0.9,0.16550094597041606,0.10556359523907304,0.7289354726672173,low
2013-12-05,-0.3681039934357007,0.48198651489283273,-0.22407804243266582,6,0.0,0.5,0.5,0.06105150422081351,0.42915549765651423,0.5097929875676831,very_low
2013-12-06,-0.24155311286449432,0.43483825731344095,0.008409582078456879,3,0.0,0.3333333333333333,0.6666666666666666,0.04589224358399709,0.2874453564484914,0.6666624049345652,very_low
2013-12-09,0.13825111102778465,0.2760517779250997,0.05482477881014347,8,0.125,0.0,0.875,0.1677405354566872,0.029489424428902566,0.802770059555769,very_low
2013-12-10,-0.2831326339393854,0.4130071175067336,-0.0029796604067087173,10,0.0,0.3,0.7,0.05672367457300424,0.3398563085123897,0.6034200243651867,low
2013-12-11,0.0897072420662476,0.3149973722507276,0.0442546047270298,9,0.1111111111111111,0.1111111111111111,0.7777777777777778,0.20992788982888064,0.12022064776263303,0.6698514653576745,very_low
2013-12-12,0.0732465460896492,0.09294167017497626,0.04137083329260349,3,0.0,0.0,1.0,0.0978271762530009,0.024580630163351696,0.8775922060012817,very_low
2013-12-13,-0.12397749551261465,0.3022914390479931,0.0020541315898299217,6,0.0,0.16666666666666666,0.8333333333333334,0.06440599790463845,0.1883834934172531,0.7472105647126833,very_low
2013-12-16,-0.05607828139685667,0.43014326504162964,-0.012821227312088013,13,0.07692307692307693,0.23076923076923078,0.6923076923076923,0.14509446231218484,0.20117274370904153,0.6537327823730615,low
2013-12-17,-0.35244469344615936,,-0.35244469344615936,1,0.0,1.0,0.0,0.15680576860904694,0.5092504620552063,0.33394378423690796,very_low
2013-12-18,-0.17132333759218454,0.2762339343116059,-0.19387660548090935,5,0.0,0.2,0.8,0.07398966178297997,0.24531299937516451,0.6806973576545715,very_low
2013-12-19,0.07367212371900678,0.36054448102667663,0.0011714454740285873,8,0.125,0.0,0.875,0.16022688755765557,0.0865547638386488,0.7532183928415179,very_low
2013-12-20,-0.03275931320552315,0.24501606653284447,0.0283353291451931,7,0.0,0.14285714285714285,0.8571428571428571,0.09318343603185245,0.1259427492373756,0.780873818056924,very_low
2013-12-23,0.06509408028796315,0.24126812790299582,0.09243338042870164,10,0.1,0.1,0.8,0.13880267608910798,0.07370859580114483,0.7874887228012085,low
2013-12-24,0.0968153489753604,0.39274476923812124,0.036763571202754974,5,0.2,0.0,0.8,0.20647245086729527,0.10965710189193487,0.6838704288005829,very_low
2013-12-25,-0.8266449756920338,,-0.8266449756920338,1,0.0,1.0,0.0,0.04960541054606438,0.8762503862380981,0.07414416968822479,very_low
2013-12-26,-0.030324806924909353,0.07587902326920022,-0.0003385990858078003,4,0.0,0.0,1.0,0.05598264932632446,0.08630745625123382,0.8577098995447159,very_low
2013-12-27,0.19903517567685672,0.401045893616512,0.05394337140023708,7,0.2857142857142857,0.0,0.7142857142857143,0.2810550651379994,0.08201988946114268,0.636925037418093,very_low
2013-12-30,0.03451011476239988,0.5622776696046927,0.018963612616062164,7,0.2857142857142857,0.14285714285714285,0.5714285714285714,0.2532947521124567,0.21878463735005685,0.5279206165245601,very_low
2013-12-31,0.03279617941007018,0.06918061963898801,0.026057236827909946,10,0.0,0.0,1.0,0.07988172434270382,0.04708554493263364,0.8730327367782593,low
2014-01-01,0.049772632541134953,0.040016101486138385,0.048368834890425205,8,0.0,0.0,1.0,0.08234322792850435,0.032570595387369394,0.8850861489772797,very_low
2014-01-02,-0.08718526680022479,0.28715957952420146,-0.0138242207467556,10,0.0,0.2,0.8,0.11268728841096162,0.1998725552111864,0.6874401450157166,low
2014-01-03,-0.08694315887987614,0.2132860229281013,0.012455010786652565,3,0.0,0.0,1.0,0.04531715251505375,0.13226031139492989,0.8224225640296936,very_low
2014-01-06,-0.0014949666166847403,0.21955750546786817,-0.01196179911494255,11,0.09090909090909091,0.09090909090909091,0.8181818181818182,0.12279715795408595,0.1242921245707707,0.7529107264497064,low
2014-01-07,0.06781110865995288,0.3424538879090819,0.026579724624753,4,0.25,0.0,0.75,0.1819923147559166,0.11418120609596372,0.7038264274597168,very_low
2014-01-08,0.16329398460220546,0.18740677520755042,0.1453592898324132,8,0.125,0.0,0.875,0.19741689995862544,0.03412291535641998,0.7684601880609989,very_low
2014-01-09,0.010578664104369554,0.49204313695110236,0.06614561378955841,11,0.18181818181818182,0.2727272727272727,0.5454545454545454,0.23183299414813519,0.22125433004376563,0.546912670135498,low
2014-01-10,0.18569966631808452,0.6438732451663819,0.053856104612350464,7,0.42857142857142855,0.14285714285714285,0.42857142857142855,0.358940865578396,0.17324119926031148,0.4678179217236383,very_low
2014-01-13,-0.013818159699440002,0.04068849275963084,-0.011789876967668533,3,0.0,0.0,1.0,0.05087361360589663,0.06469177330533664,0.8844345808029175,very_low
2014-01-14,0.06535165073970954,0.43233191264888654,0.03388748038560152,9,0.1111111111111111,0.1111111111111111,0.7777777777777778,0.1894090361893177,0.12405738544960816,0.6865335885021422,very_low
2014-01-15,-0.022364278556779027,0.18324986101487614,0.028251458425074816,8,0.0,0.0,1.0,0.07302773371338844,0.09539201227016747,0.8315802589058876,very_low
2014-01-16,-0.02170456333884171,0.29692561973380155,0.06421709060668945,7,0.0,0.14285714285714285,0.8571428571428571,0.15899034855621202,0.18069491189505374,0.6603147680205959,very_low
2014-01-17,-0.12605245287219682,0.4768187586232635,-0.04522281512618065,12,0.08333333333333333,0.25,0.6666666666666666,0.14336684237544736,0.2694192952476442,0.5872138671887418,low
2014-01-20,-0.012348078191280365,0.002573918575272426,-0.012348078191280365,2,0.0,0.0,1.0,0.029451651498675346,0.04179972968995571,0.9287485778331757,very_low
2014-01-21,-0.333962681517005,0.5400957969394083,0.048925427719950676,5,0.0,0.4,0.6,0.055148972943425176,0.38911165446043017,0.5557394068688154,very_low
2014-01-22,0.04220210271887481,0.5101858518806226,-0.007539791986346245,12,0.16666666666666666,0.16666666666666666,0.6666666666666666,0.219637133491536,0.17743503077266118,0.6029278299150368,low
2014-01-23,-0.1828267051923004,0.4336426351742217,-0.08041230216622353,11,0.0,0.2727272727272727,0.7272727272727273,0.11186475425281307,0.2946914594451135,0.5934437774121761,low
2014-01-24,-0.09467359489229109,0.5029956276150311,0.033292049542069435,14,0.07142857142857142,0.21428571428571427,0.7142857142857143,0.14060416618095978,0.23527776107325085,0.6241180734442813,low
2014-01-27,-0.10204704093008206,0.3491342343257374,0.0035778023302555084,29,0.034482758620689655,0.13793103448275862,0.8275862068965517,0.08995876445210185,0.19200580538218393,0.718035433634088,low
2014-01-28,-0.15710290376510885,0.29777898499207295,-0.03797125816345215,9,0.0,0.2222222222222222,0.7777777777777778,0.06796103633112377,0.22506394009623262,0.7069750229517618,very_low
2014-01-29,-0.043018012984909794,0.32325843642681573,0.014650218188762665,11,0.0,0.09090909090909091,0.9090909090909091,0.1128630970012058,0.1558811099861156,0.7312557878480717,low
2014-01-30,0.02908582697905924,0.16056330208693725,0.025115884840488434,23,0.0,0.0,1.0,0.10341078221150067,0.07432495523244143,0.8222642644591953,low
2014-01-31,0.21542313043028116,0.2677068771315194,0.12573920842260122,10,0.2,0.0,0.8,0.25734841264784336,0.0419252822175622,0.7007263071835041,low
2014-02-03,-0.09103607311844826,0.3809330068023092,-0.009397409856319427,15,0.06666666666666667,0.13333333333333333,0.8,0.10888035893440247,0.19991643205285073,0.6912032105028629,low
2014-02-04,0.29193518878892066,0.49611069608406827,0.08500277064740658,10,0.4,0.1,0.5,0.3860781494528055,0.09414296066388488,0.5197788860648871,low
2014-02-05,-0.05631773788481951,0.3747568587521283,0.015074487775564194,15,0.0,0.13333333333333333,0.8666666666666667,0.10859368524203698,0.1649114231268565,0.7264948956668377,low
2014-02-06,0.04556897991215405,0.15716404572236842,0.028141530230641365,23,0.043478260869565216,0.0,0.9565217391304348,0.11223195671387341,0.06666297680171936,0.821105059074319,low
2014-02-07,0.0073515189190705614,0.480051215431015,0.00893981009721756,12,0.16666666666666666,0.16666666666666666,0.6666666666666666,0.18643443441639343,0.1790829154973229,0.6344826671605309,low
2014-02-10,0.011335113049986271,0.3168237833948414,0.012794753536581993,26,0.11538461538461539,0.11538461538461539,0.7692307692307693,0.14846518080538282,0.13713006775539655,0.7144047540540879,low
2014-02-11,0.0074513243162073195,0.3477033376050179,0.023092552088201046,16,0.0625,0.0625,0.875,0.1311061035376042,0.1236547792213969,0.7452391106635332,low
2014-02-12,0.031126893125474453,0.1534608923885414,0.03880596160888672,12,0.16666666666666666,0.0,0.8333333333333334,0.15505882430200776,0.1239319311765333,0.7210092594226202,low
2014-02-13,0.01171699600915114,0.24485296980240365,0.01070476695895195,18,0.05555555555555555,0.05555555555555555,0.8888888888888888,0.1340518498586284,0.12233485384947723,0.7436133043633567,low
2014-02-14,-0.07760451576457573,0.5725745962415881,-0.056064341217279434,13,0.23076923076923078,0.23076923076923078,0.5384615384615384,0.23133216289660105,0.3089366786611768,0.45973115443037105,low
2014-02-17,-0.2072305301470416,0.46186001066565147,-0.11559472419321537,14,0.07142857142857142,0.2857142857142857,0.6428571428571429,0.10177731008401938,0.309007840231061,0.5892148619251592,low
2014-02-18,0.04462254150874085,0.3485303717572924,0.003423798829317093,9,0.1111111111111111,0.1111111111111111,0.7777777777777778,0.1391262850827641,0.09450374357402325,0.7663699487845103,very_low
2014-02-19,-0.14625915007976195,0.4371855644762937,-0.016298765316605568,12,0.08333333333333333,0.3333333333333333,0.5833333333333334,0.1813514652506759,0.32761061533043784,0.49103793300067383,low
2014-02-20,-0.13363240705803037,0.4244434808730828,-0.08229665271937847,12,0.08333333333333333,0.16666666666666666,0.75,0.13386058729762831,0.2674929943556587,0.5986464160184065,low
2014-02-21,-0.16698398241507156,0.4219705723125882,0.00428677536547184,14,0.0,0.35714285714285715,0.6428571428571429,0.1266752259273614,0.293659208342433,0.5796655717172793,low
2014-02-24,0.0797173945336706,0.45388812000426004,0.031667646020650864,18,0.2222222222222222,0.1111111111111111,0.6666666666666666,0.21437687706202269,0.13465948252835208,0.6509636354943117,low
2014-02-25,0.0069377003237605095,0.20082458875394732,0.018339410424232483,12,0.08333333333333333,0.08333333333333333,0.8333333333333334,0.12421712574238579,0.11727942541862528,0.7585034643610319,low
2014-02-26,-0.18822377604933885,0.4966940676122299,-0.0348527692258358,13,0.07692307692307693,0.3076923076923077,0.6153846153846154,0.11984959144431812,0.308073367493657,0.5720770453604368,low
2014-02-27,0.027234776442249618,0.49331015052750815,0.009174387902021408,15,0.2,0.2,0.6,0.2338273045917352,0.2065925281494856,0.5595801631609599,low
2014-02-28,-0.21349540579831228,0.5842797764243746,-0.07982367277145386,16,0.1875,0.4375,0.375,0.17052430874900892,0.3840197145473212,0.4454559744335711,low
2014-03-03,-0.058219065320574574,0.44858964635653975,0.03471393138170242,18,0.05555555555555555,0.16666666666666666,0.7777777777777778,0.15164529433887866,0.20986435965945324,0.6384903505030606,low
2014-03-04,0.019516644813120366,0.29800905624915636,0.07090325187891722,15,0.0,0.06666666666666667,0.9333333333333333,0.13500497912367185,0.11548833431055149,0.7495066906015079,low
2014-03-05,0.04267236888408661,0.12466169816586725,0.011072407476603985,10,0.0,0.0,1.0,0.10864885039627552,0.0659764815121889,0.8253746628761292,low
2014-03-06,0.08708221382020336,0.44473023422314795,0.048465657979249954,19,0.2631578947368421,0.15789473684210525,0.5789473684210527,0.2660287362768462,0.17894652245664283,0.5550247487661085,low
2014-03-07,0.1078636094641227,0.3712353851441507,0.06147074792534113,13,0.23076923076923078,0.07692307692307693,0.6923076923076923,0.24702500609251168,0.139161396628389,0.6138135859599481,low
2014-03-10,0.10757513701915741,0.5024729538484378,0.004704371094703674,25,0.28,0.12,0.6,0.28319216474890707,0.1756170277297497,0.5411907916516066,low
2014-03-11,-0.13088348452848467,0.5034772626491107,0.003652161918580532,22,0.13636363636363635,0.2727272727272727,0.5909090909090909,0.1534109920347956,0.2842944765632803,0.5622945062138818,low
2014-03-12,-0.12116092629730701,0.4965505234578539,-0.011479005217552185,19,0.10526315789473684,0.21052631578947367,0.6842105263157895,0.14012891068858535,0.26128983698589237,0.5985812498746734,low
2014-03-13,-0.3465773340028066,0.47555939995880425,-0.11934503354132175,13,0.0,0.38461538461538464,0.6153846153846154,0.052490260308751695,0.3990675943115583,0.5484421469557744,low
2014-03-14,-0.0943479376534621,0.5116224185049292,-0.024089764803647995,12,0.16666666666666666,0.25,0.5833333333333334,0.17055745158965388,0.26490538924311596,0.5645371632029613,low
2014-03-17,0.09953029227576085,0.3188182545726347,0.0009138062596321106,14,0.14285714285714285,0.0,0.8571428571428571,0.1711541193404368,0.07162382706467595,0.7572220688951867,low
2014-03-18,0.09017488546669483,0.5277701335754383,-0.02437254786491394,13,0.3076923076923077,0.15384615384615385,0.5384615384615384,0.2885533089821155,0.1983784235154207,0.513068271944156,low
2014-03-19,0.08533623395487666,0.11791520528592733,0.056184321641922,14,0.0,0.0,1.0,0.12982763017394713,0.044491396219070466,0.8256809668881553,low
2014-03-20,-0.0031270252710038967,0.3853200038698483,0.017362214624881744,11,0.09090909090909091,0.09090909090909091,0.8181818181818182,0.14292250692167066,0.14604953219267455,0.7110279473391447,low
2014-03-21,0.08106350339949131,0.4634443891098191,0.02713641617447138,6,0.3333333333333333,0.16666666666666666,0.5,0.26729153158764046,0.18622802818814913,0.5464804023504257,very_low
2014-03-24,-0.5284361115191132,0.40970246932594645,-0.5725942868739367,4,0.0,0.5,0.5,0.03237207024358213,0.5608081817626953,0.4068197146989405,very_low
2014-03-25,-0.10540672158822417,0.4303835227852674,-0.01162349246442318,12,0.08333333333333333,0.16666666666666666,0.75,0.13563070027157664,0.24103742185980082,0.6233318800417086,low
2014-03-26,-0.5229929572669789,0.6490025512142311,-0.8967162240296602,8,0.125,0.625,0.25,0.13048105326015502,0.6534740105271339,0.21604493749327958,very_low
2014-03-27,-0.1029811897315085,0.18179600811610766,-0.044742949306964874,4,0.0,0.25,0.75,0.10125103872269392,0.2042322284542024,0.6945167221128941,very_low
2014-03-28,-0.11584750392163794,0.8466556646649839,-0.34468709025532007,6,0.3333333333333333,0.5,0.16666666666666666,0.32073891659577686,0.4365864205174148,0.2426746618002653,very_low
2014-03-31,-0.029378922863139048,0.42461541823053234,-0.015092268586158752,9,0.1111111111111111,0.1111111111111111,0.7777777777777778,0.14799123629927635,0.1773701591624154,0.6746385987434123,very_low
2014-04-01,0.2810823421718346,0.40515051016273285,0.17575567495077848,9,0.4444444444444444,0.0,0.5555555555555556,0.38616444004906547,0.10508209787723091,0.5087534603145387,very_low
2014-04-02,0.24614865922679505,0.2665386406237135,0.2687345389276743,6,0.5,0.0,0.5,0.3144860075165828,0.06833734828978777,0.6171766643722852,very_low
2014-04-03,-0.20961214477817217,0.3826052048778954,-0.01201553549617529,6,0.0,0.3333333333333333,0.6666666666666666,0.05954755004495382,0.269159694823126,0.6712927520275116,very_low
2014-04-04,-0.40407018259995514,0.5131327151331213,-0.019491761922836304,9,0.0,0.5555555555555556,0.4444444444444444,0.08105175631741683,0.485121938917372,0.4338263024886449,very_low
2014-04-07,-0.3457518963312561,0.4262733121829693,-0.24627909995615482,11,0.0,0.45454545454545453,0.5454545454545454,0.05623600403354927,0.40198790036480536,0.5417761008509181,low
2014-04-08,-0.1834497128147632,0.378791793448967,-0.031735396943986416,8,0.0,0.25,0.75,0.07556871441192925,0.25901842722669244,0.665412868373096,very_low
2014-04-09,0.0013268043597539265,0.10758722682927688,0.05791570991277695,3,0.0,0.0,1.0,0.08834470187624295,0.08701789751648903,0.8246373931566874,very_low
2014-04-10,-0.14148315554484725,0.4693154359035798,-0.043697549030184746,8,0.25,0.25,0.5,0.16382752871140838,0.3053106842562556,0.5308617823757231,very_low
2014-04-11,-0.443657948076725,0.3586958000416295,-0.3358742743730545,5,0.0,0.4,0.6,0.03742796033620834,0.48108590841293336,0.48148614466190337,very_low
2014-04-14,-0.21436007337814028,0.3887808522839396,-0.00961783155798912,11,0.0,0.2727272727272727,0.7272727272727273,0.06865199773826382,0.2830120711164041,0.6483359492637895,low
2014-04-15,0.012868276564404368,0.04883820029522443,0.005903405137360096,4,0.0,0.0,1.0,0.04645350016653538,0.03358522360213101,0.9199612736701965,very_low
2014-04-16,0.0498283284583262,0.13096111023804657,0.029584363102912903,7,0.0,0.0,1.0,0.11506060803575176,0.06523227957742554,0.8197071296828133,very_low
2014-04-17,-0.12945254732455527,0.3274822565276048,-0.003918498754501343,7,0.0,0.14285714285714285,0.8571428571428571,0.04050307162106037,0.16995561894561564,0.7895413158195359,very_low
2014-04-18,0.07249095477163792,0.06508568437889913,0.07249095477163792,2,0.0,0.0,1.0,0.1390879563987255,0.0665970016270876,0.7943150699138641,very_low
2014-04-21,0.0237855720333755,0.29113642549753876,0.05538153601810336,6,0.16666666666666666,0.0,0.8333333333333334,0.14261684380471706,0.11883127177134156,0.7385518799225489,very_low
2014-04-22,-0.10763053712435067,0.34561489877776475,-0.04113994725048542,8,0.0,0.25,0.75,0.10819378029555082,0.2158243174199015,0.6759818829596043,very_low
2014-04-23,-0.4103861211666039,0.32355156503455523,-0.32741205021739006,7,0.0,0.42857142857142855,0.5714285714285714,0.028384129915918623,0.43877025108252254,0.5328456504004342,very_low
2014-04-24,0.1653908538735575,0.23285563368738876,0.05895747058093548,9,0.1111111111111111,0.0,0.8888888888888888,0.21519622786177528,0.04980537398821778,0.7349983851114908,very_low
2014-04-25,-0.14995729954292378,0.5098691639511033,-0.011690432205796242,6,0.16666666666666666,0.3333333333333333,0.5,0.14601060406615338,0.29596790360907715,0.5580215118825436,very_low
2014-04-28,-0.3996830405667424,0.36631838838532976,-0.2207485605031252,8,0.0,0.375,0.625,0.04353411914780736,0.4432171597145498,0.5132487379014492,very_low
2014-04-29,-0.12199577363207936,0.4735547868628354,0.017141643911600113,8,0.125,0.25,0.625,0.18042636173777282,0.3024221353698522,0.5171515115071088,very_low
2014-04-30,-0.09200769138988107,0.5029692044305704,0.059924704022705555,8,0.25,0.25,0.5,0.20813463837839663,0.3001423297682777,0.49172303127124906,very_low
2014-05-01,-0.2617925837902086,0.4611160510705743,-0.019236020743846893,7,0.0,0.42857142857142855,0.5714285714285714,0.10409922964338746,0.36589181343359606,0.5300089394939798,very_low
2014-05-02,0.12320043763611466,0.4757550988182541,0.10669046454131603,8,0.375,0.125,0.5,0.2998291610274464,0.17662872339133173,0.5235421182587743,very_low
2014-05-05,-0.1514380465572079,0.3604584928098573,0.010791508480906487,6,0.0,0.3333333333333333,0.6666666666666666,0.08923780856033166,0.24067585511753956,0.6700863273193439,very_low
2014-05-06,0.04786001811735332,0.530178200037468,-0.014895139262080193,10,0.2,0.1,0.7,0.21426551803015173,0.1664054999127984,0.619328985735774,low
2014-05-07,-0.16112485632766038,0.5022356695936179,0.02098962850868702,8,0.0,0.25,0.75,0.14771994657348841,0.3088448029011488,0.5434352511074394,very_low
2014-05-08,0.09194734245538712,0.4095958796507118,0.018975457176566124,5,0.2,0.2,0.6,0.25173905678093433,0.15979171432554723,0.5884692430496216,very_low
2014-05-09,-0.27981859393831754,0.5246908261176442,-0.06451603025197983,9,0.1111111111111111,0.3333333333333333,0.5555555555555556,0.09910258516255352,0.3789211791008711,0.5219762592266003,very_low
2014-05-12,0.15294403675943613,0.43524564232837526,0.03517131507396698,10,0.2,0.1,0.7,0.2325589621439576,0.07961492538452149,0.68782609552145,low
2014-05-13,0.01390832398707668,0.15255760684007869,0.03943246277049184,6,0.0,0.0,1.0,0.08700928029914697,0.0731009563120703,0.8398897349834442,very_low
2014-05-14,-0.21097832197944325,0.5441259317941037,-0.10092755407094955,15,0.13333333333333333,0.4,0.4666666666666667,0.14388036094605922,0.35485868292550243,0.5012609536449114,low
2014-05-15,-0.23130728469954598,0.2140085096687358,-0.26738134026527405,9,0.0,0.3333333333333333,0.6666666666666666,0.07403212951289283,0.3053394142124388,0.6206284811099371,very_low
2014-05-16,-0.09584915451705456,0.300503066973198,-0.012796297669410706,9,0.0,0.1111111111111111,0.8888888888888888,0.05366859067645338,0.14951774519350794,0.7968136676483684,very_low
2014-05-19,0.034221757048120104,0.3328042101675971,0.04151537362486124,12,0.16666666666666666,0.16666666666666666,0.6666666666666666,0.18261193437501788,0.14839017732689777,0.6689979148407778,low
2014-05-20,-0.4075943259522319,0.47692734596640457,-0.3309231847524643,5,0.0,0.6,0.4,0.08490350507199765,0.4924978310242295,0.42259868159890174,very_low
2014-05-21,-0.392501446728905,0.48669304793942625,-0.27217178605496883,6,0.0,0.5,0.5,0.03703280662496885,0.4295342533538739,0.5334329521283507,very_low
2014-05-22,0.047260543098673224,0.7094632956372295,0.04182805400341749,4,0.25,0.25,0.5,0.2676419555209577,0.22038141242228448,0.5119766499847174,very_low
2014-05-23,-0.2412666479125619,0.44144448368650746,-0.021385908126831055,5,0.0,0.2,0.8,0.04805939421057701,0.2893260421231389,0.6626145668327809,very_low
2014-05-26,-0.0060201860964298245,0.5165949641813055,0.008226856589317322,5,0.2,0.2,0.6,0.21205556392669678,0.2180757500231266,0.5698686480522156,very_low
2014-05-27,-0.3083625581736366,0.5371054951355583,-0.07954049110412598,3,0.0,0.3333333333333333,0.6666666666666666,0.07796955729524295,0.3863321154688795,0.5356983244419098,very_low
2014-05-28,0.10741073964163661,0.47802934087673454,-0.0014321934431791306,4,0.25,0.0,0.75,0.23720958549529314,0.12979884585365653,0.6329915598034859,very_low
2014-05-29,0.12550655073885406,0.34553960754928087,0.05987502075731754,7,0.14285714285714285,0.0,0.8571428571428571,0.1942743712237903,0.06876782048493624,0.7369578299777848,very_low
2014-05-30,-0.05495568027254194,0.5733058980158335,-0.00837415736168623,8,0.25,0.375,0.375,0.22230328002478927,0.2772589602973312,0.5004377330187708,very_low
2014-06-02,0.09386039488017558,0.4913839856500586,0.02127993479371071,5,0.2,0.2,0.6,0.23080016486346722,0.13693976998329163,0.6322600588202476,very_low
2014-06-03,-0.1053597629070282,0.45802298330507046,0.06630460359156132,4,0.0,0.25,0.75,0.13607449643313885,0.24143425934016705,0.6224912889301777,very_low
2014-06-04,0.24193850327283145,0.4009223792161478,0.06321875564754009,5,0.2,0.0,0.8,0.3103013955056667,0.06836289223283529,0.6213357150554657,very_low
2014-06-05,0.008070488149921099,0.1948190050595061,0.02785833366215229,3,0.0,0.0,1.0,0.12134026487668355,0.11326977672676246,0.7653899590174357,very_low
2014-06-06,-0.07633993402123451,0.319983759475309,0.0175686813890934,8,0.0,0.125,0.875,0.11634822329506278,0.1926881573162973,0.6909636072814465,very_low
2014-06-09,-0.006351724680927064,0.2698929664527182,0.0015807077288627625,18,0.05555555555555555,0.05555555555555555,0.8888888888888888,0.10498745863636334,0.11133918331729041,0.7836733416964611,low
2014-06-10,-0.05797378160059452,0.3631157558231086,0.002281145192682743,8,0.0,0.125,0.875,0.11415718146599829,0.1721309630665928,0.7137118387036026,very_low
2014-06-11,0.10185112850740552,0.22119512183578863,0.047286069951951504,8,0.25,0.0,0.75,0.20832629594951868,0.10647516744211316,0.6851985268294811,very_low
2014-06-12,0.05371831059455871,0.32842373197768576,0.0008014030754566193,10,0.2,0.1,0.7,0.17505154497921466,0.12133323438465596,0.703615203499794,low
2014-06-13,0.0893695349805057,0.5432791198096993,-0.13675316981971264,4,0.25,0.0,0.75,0.25255072256550193,0.16318118758499622,0.5842680875211954,very_low
2014-06-16,-0.0813563900689284,0.4438752125412091,-0.09895740542560816,6,0.16666666666666666,0.3333333333333333,0.5,0.18077526707202196,0.2621316571409504,0.5570930615067482,very_low
2014-06-17,0.022028984501957893,0.02499189366492768,0.024725843220949173,6,0.0,0.0,1.0,0.047889529106517635,0.02586054460455974,0.9262499312559763,very_low
2014-06-18,-0.016536168831711013,0.8166088228429412,0.0028159013018012047,6,0.3333333333333333,0.3333333333333333,0.3333333333333333,0.32246039893167716,0.33899656776338816,0.3385430170843999,very_low
2014-06-19,0.01222698725759983,0.3384497245913644,-0.010384559631347656,5,0.2,0.0,0.8,0.17157569378614426,0.15934870652854444,0.669075608253479,very_low
2014-06-20,-0.02253938528398673,0.14519603741530643,0.010682545602321625,6,0.16666666666666666,0.16666666666666666,0.6666666666666666,0.1597777580221494,0.18231714330613613,0.6579050968090693,very_low
2014-06-23,-0.056906490004621446,0.5473112674601595,-0.02486560959368944,8,0.125,0.25,0.625,0.19852139032445848,0.2554278803290799,0.5460507338866591,very_low
2014-06-24,0.018362597407152254,0.2023411419004459,-0.005666527897119522,6,0.0,0.0,1.0,0.12168917991220951,0.10332658250505726,0.7749842802683512,very_low
2014-06-25,0.2451933680102229,0.325864302049617,0.05179278552532196,5,0.4,0.0,0.6,0.2899541791528463,0.044760811142623425,0.6652850151062012,very_low
2014-06-26,-0.13348643891513348,0.42871299230364335,0.00698859803378582,5,0.0,0.2,0.8,0.07287901900708675,0.20636545792222022,0.7207555249333382,very_low
2014-06-27,-0.16869421545416116,0.340926427041337,-0.011077050119638443,5,0.0,0.2,0.8,0.03899953253567219,0.20769374798983337,0.7533067315816879,very_low
2014-06-30,-0.26167611218988895,0.36272696656440095,-0.05509692430496216,5,0.0,0.4,0.6,0.06313533373177052,0.32481144592165945,0.6120532333850861,very_low
2014-07-01,0.13122067833319306,0.05642714290095378,0.14387435792014003,4,0.0,0.0,1.0,0.18550721183419228,0.05428653350099921,0.7602062523365021,very_low
2014-07-02,-0.051659184694290164,0.5741404143742027,-0.007698271423578262,5,0.2,0.2,0.6,0.17331740222871303,0.2249765869230032,0.6017060078680515,very_low
2014-07-03,0.038247869815677404,0.09410098461681188,0.03708380740135908,4,0.0,0.0,1.0,0.09635078348219395,0.05810291366651654,0.8455463200807571,very_low
2014-07-07,-0.20805873287220797,0.46747081104669735,-0.006747528910636902,6,0.0,0.3333333333333333,0.6666666666666666,0.10218325878183047,0.31024199165403843,0.5875747632235289,very_low
2014-07-08,0.045039911599208914,0.07205940122991522,0.04744667746126652,6,0.0,0.0,1.0,0.09272751212120056,0.04768760052199165,0.8595848778883616,very_low
2014-07-09,0.007788072340190411,0.08567435797328711,0.007788072340190411,2,0.0,0.0,1.0,0.18582983687520027,0.17804176453500986,0.6361284255981445,very_low
2014-07-10,-0.39178060591220853,0.4515213569379714,-0.0687418282032013,5,0.0,0.4,0.6,0.0396281898021698,0.43140879571437835,0.5289630264043808,very_low
2014-07-11,-0.04531750761504684,0.3031388028224282,0.020488914102315903,7,0.0,0.14285714285714285,0.8571428571428571,0.12997350894979068,0.17529101656483753,0.6947354887213025,very_low
2014-07-14,-0.18021589828034243,0.2865860224051711,-0.008185513317584991,9,0.0,0.2222222222222222,0.7777777777777778,0.0766507192618317,0.2568666175421741,0.6664826594707038,very_low
2014-07-15,0.01609407365322113,0.4757353359097663,-0.0077322740107774734,7,0.14285714285714285,0.14285714285714285,0.7142857142857143,0.16905336268246174,0.1529592890292406,0.6779873674469334,very_low
2014-07-16,-0.23588564852252603,0.3813502441519691,-0.11624913476407528,4,0.0,0.25,0.75,0.05648802127689123,0.29237366979941726,0.6511382944881916,very_low
2014-07-17,-0.5949676332197019,0.3713138243626864,-0.7448766753077507,7,0.0,0.7142857142857143,0.2857142857142857,0.03767676944179194,0.6326444026614938,0.32967884306396755,very_low
2014-07-18,-0.350120029062964,0.42945416775361955,-0.23697684332728386,4,0.0,0.5,0.5,0.0858221132075414,0.43594214227050543,0.4782357281073928,very_low
2014-07-21,-0.02989903102732367,0.21543270595151542,0.011981089599430561,18,0.05555555555555555,0.1111111111111111,0.8333333333333334,0.11035091388556692,0.14024994491289058,0.7493991473068794,low
2014-07-22,-0.005408461205661297,0.3161464482987166,-0.007037878967821598,8,0.125,0.125,0.75,0.19292360078543425,0.19833206199109554,0.6087443435098976,very_low
2014-07-23,0.11291504940018057,0.6491346683316757,0.025904890149831772,10,0.3,0.2,0.5,0.3339946299791336,0.22107958057895302,0.44492581281811,low
2014-07-24,-0.20609830552712083,0.4951166819449387,0.02208444569259882,4,0.0,0.25,0.75,0.05707085411995649,0.2631691596470773,0.6797600220888853,very_low
2014-07-25,0.013073821784928441,0.14714443696432628,0.00378470029681921,8,0.0,0.0,1.0,0.09172589611262083,0.07865207432769239,0.8296220377087593,very_low
2014-07-28,0.06896430402994155,0.11466170480394249,0.0818112213164568,5,0.2,0.0,0.8,0.15409122705459594,0.08512692302465438,0.7607818245887756,very_low
2014-07-29,-0.22586235673063332,0.3768052134373958,-0.1543646976351738,9,0.0,0.2222222222222222,0.7777777777777778,0.08233273443248537,0.30819509116311866,0.6094721549501022,very_low
2014-07-30,0.1401961021280537,0.41245591657880043,0.06937425956130028,12,0.16666666666666666,0.08333333333333333,0.75,0.23681286660333475,0.09661676447528104,0.6665703626349568,low
2014-07-31,-0.14663835208524356,0.31346290563519935,-0.00563797727227211,11,0.0,0.2727272727272727,0.7272727272727273,0.08517428081143986,0.23181263289668344,0.6830131006850437,low
2014-08-01,-0.07238512369804084,1.254129291394597,-0.07238512369804084,2,0.5,0.5,0.0,0.415270185098052,0.48765530879609287,0.09707449655979872,very_low
2014-08-04,-0.01991437003016472,0.05927935954499594,-0.0004233419895172119,3,0.0,0.0,1.0,0.0741018516321977,0.09401622166236241,0.8318819204966227,very_low
2014-08-05,0.10331809287890792,0.0031481568738877057,0.10331809287890792,2,0.0,0.0,1.0,0.1157270222902298,0.012408929411321878,0.8718640506267548,very_low
2014-08-06,0.060532283037900925,0.12804784580580023,0.04783702455461025,7,0.0,0.0,1.0,0.10980188713542052,0.049269604097519605,0.8409285034452166,very_low
2014-08-07,0.2081030271947384,0.45902293886000445,0.10106357466429472,3,0.3333333333333333,0.0,0.6666666666666666,0.3238577221830686,0.1157546949883302,0.5603876014550527,very_low
2014-08-08,0.19312697649002075,0.41182131909753167,0.19312697649002075,2,0.5,0.0,0.5,0.28629023768007755,0.0931632611900568,0.6205464899539948,very_low
2014-08-11,0.1154749495908618,0.38535263649715723,-0.03139989636838436,6,0.16666666666666666,0.0,0.8333333333333334,0.19893327293296656,0.08345832334210475,0.7176083835462729,very_low
2014-08-12,0.0192903196439147,0.052269137528380805,0.028730295598506927,4,0.0,0.0,1.0,0.07827047444880009,0.05898015480488539,0.8627493530511856,very_low
2014-08-13,0.22988971136510372,0.14329111108260661,0.22988971136510372,2,0.0,0.0,1.0,0.2665261849761009,0.0366364736109972,0.696837306022644,very_low
2014-08-14,-0.2484349561855197,0.4337784103073831,-0.05135941691696644,4,0.0,0.25,0.75,0.024764342233538628,0.2731992984190583,0.7020363565534353,very_low
2014-08-15,-0.13921835566205637,0.2561625410744257,-0.07913897931575775,7,0.0,0.14285714285714285,0.8571428571428571,0.12888698333076068,0.2681053389928171,0.6030076965689659,very_low
2014-08-18,-0.030490491911768912,0.0712010043021042,-0.03728536143898964,5,0.0,0.0,1.0,0.04912797063589096,0.07961846254765988,0.8712535381317139,very_low
2014-08-19,0.1047887835651636,0.6086638638133155,0.12697136774659157,5,0.4,0.4,0.2,0.37195575162768363,0.26716696806252005,0.36087726056575775,very_low
2014-08-20,0.1081299561386307,0.1048134101949748,0.16446202341467142,3,0.0,0.0,1.0,0.13322420666615167,0.025094250527520973,0.8416815400123596,very_low
2014-08-21,-0.03268507868051529,,-0.03268507868051529,1,0.0,0.0,1.0,0.03652947396039963,0.06921455264091492,0.894256055355072,very_low
2014-08-22,0.011354465503245592,0.5454119712278472,0.013825671747326851,6,0.3333333333333333,0.16666666666666666,0.5,0.21751722491656741,0.20616275941332182,0.576320018308858,very_low
2014-08-25,0.0748223742808808,0.20995837931089414,0.020394975319504738,11,0.09090909090909091,0.0,0.9090909090909091,0.15159152482043614,0.07676915053955534,0.7716393416578119,low
2014-08-26,0.04337174569567045,0.18692742848313618,0.03652113676071167,6,0.0,0.0,1.0,0.13854968609909216,0.09517794040342172,0.7662723859151205,very_low
2014-08-27,-0.23963180743157864,0.48473936332391127,-0.02282841131091118,4,0.0,0.25,0.75,0.07841424457728863,0.31804605200886726,0.6035397197119892,very_low
2014-08-28,-0.14550296554807574,0.5942106970859676,0.0013449322432279587,8,0.125,0.25,0.625,0.15846158389467746,0.3039645494427532,0.5375738358125091,very_low
2014-08-29,0.5110330103586117,0.42878999934260087,0.6053204461932182,6,0.6666666666666666,0.0,0.3333333333333333,0.5515606353680292,0.040527625009417534,0.40791177563369274,very_low
2014-09-01,-0.060248502219716706,0.229231982133958,0.0041870241984725,6,0.0,0.16666666666666666,0.8333333333333334,0.07027882834275563,0.13052733056247234,0.7991938690344492,very_low
2014-09-02,0.1188550959341228,0.3399425421875094,0.029778417199850082,4,0.25,0.0,0.75,0.23008526768535376,0.11123017175123096,0.6586845517158508,very_low
2014-09-03,0.3873737427805151,0.34385205222578297,0.2625818084925413,7,0.42857142857142855,0.0,0.5714285714285714,0.42191004008054733,0.03453629730003221,0.5435536823102406,very_low
2014-09-04,0.15304892184212804,0.3049114485660241,0.04414000455290079,8,0.125,0.0,0.875,0.18659535236656666,0.03354643052443862,0.779858211055398,very_low
2014-09-05,-0.023024119606072254,0.4976996928850331,-0.021373920142650604,11,0.18181818181818182,0.18181818181818182,0.6363636363636364,0.20872852223163302,0.23175264183770528,0.5595188391479579,low
2014-09-08,0.15560161671601236,0.26186886714249297,0.04736688267439604,16,0.125,0.0,0.875,0.19367712596431375,0.03807550924830139,0.7682473715394735,low
2014-09-09,0.51778085809201,0.40376732214256694,0.7212344147264957,3,0.6666666666666666,0.0,0.3333333333333333,0.5407675753037134,0.02298671721170346,0.4362456351518631,very_low
2014-09-10,0.2995434861630201,0.35354530209903273,0.05840895511209965,5,0.4,0.0,0.6,0.34402802735567095,0.044484541192650794,0.6114874303340911,very_low
2014-09-11,0.013438366220465727,0.3348994244806012,0.062005117535591125,7,0.0,0.14285714285714285,0.8571428571428571,0.14709562808275223,0.1336572618622865,0.7192470942224775,very_low
2014-09-12,-0.07482013397384435,0.6693740709079014,0.007478179410099983,4,0.25,0.25,0.5,0.215745638939552,0.29056577291339636,0.49368858663365245,very_low
2014-09-15,0.04391663221435414,0.37344455026088175,0.04269636422395706,9,0.1111111111111111,0.1111111111111111,0.7777777777777778,0.15608008785380256,0.11216345563944843,0.7317564338445663,very_low
2014-09-16,-0.06055030878633261,0.3169956419570139,-0.06629899423569441,8,0.125,0.125,0.75,0.1266487839166075,0.1871990927029401,0.686152121052146,very_low
2014-09-17,0.09232287004124373,0.44572311823349614,-0.003270157612860203,8,0.25,0.125,0.625,0.2200230152811855,0.12770014523994178,0.652276876848191,very_low
2014-09-18,-0.1210860344581306,0.42687185072993256,0.013062422163784504,12,0.08333333333333333,0.25,0.6666666666666666,0.1147862287859122,0.23587226324404278,0.64934151340276,low
2014-09-19,0.041501935704478195,0.1115838679293233,0.02019357681274414,7,0.0,0.0,1.0,0.08566176811499256,0.044159832410514355,0.870178392955235,very_low
2014-09-22,0.06409589070826768,0.301478655481661,-0.06026644632220268,5,0.2,0.0,0.8,0.18518751487135887,0.12109162416309119,0.6937208652496338,very_low
2014-09-23,0.20480189169757068,0.40729480983348587,0.016493660863488913,4,0.25,0.0,0.75,0.25074555072933435,0.04594365903176367,0.7033108463510871,very_low
2014-09-24,-0.2440757630392909,0.6075301248933915,-0.06294291466474533,3,0.0,0.3333333333333333,0.6666666666666666,0.11384110090633233,0.3579168639456232,0.5282420068979263,very_low
2014-09-25,-0.007749301913593497,0.4478335491597147,0.03233681805431843,7,0.14285714285714285,0.14285714285714285,0.7142857142857143,0.1659646149990814,0.1737139169126749,0.6603214586419719,very_low
2014-09-26,0.09364071190357208,0.41420993953223784,0.049955956637859344,5,0.2,0.0,0.8,0.23015265613794328,0.13651194423437119,0.6333354085683822,very_low
2014-09-29,-0.2239572748541832,0.3592939957448207,-0.0745748458430171,10,0.0,0.2,0.8,0.04641163535416126,0.27036891020834447,0.6832194443792104,low
2014-09-30,0.04229077813215554,0.1529708286188823,0.00971707422286272,8,0.0,0.0,1.0,0.09673940716311336,0.05444862903095782,0.8488119766116142,very_low
2014-10-01,-0.13164928145706653,0.26437706649067005,-0.011322125792503357,5,0.0,0.2,0.8,0.04921861663460732,0.18086789809167386,0.7699134826660157,very_low
2014-10-02,0.007663104949252946,0.4921929071245081,0.04955173470079899,7,0.14285714285714285,0.14285714285714285,0.7142857142857143,0.19720991887152195,0.189546813922269,0.6132432608199971,very_low
2014-10-03,0.20719165044526258,0.8990289882604721,0.713632483035326,3,0.6666666666666666,0.3333333333333333,0.0,0.5068116871019205,0.2996200366566579,0.1935682793458303,very_low
2014-10-06,-0.24951586600106496,0.388855789389391,-0.044675424695014954,13,0.0,0.3076923076923077,0.6923076923076923,0.0896325043330972,0.3391483703341622,0.5712191259058622,low
2014-10-07,0.006570815108716488,0.04143805505009774,-0.00685439258813858,5,0.0,0.0,1.0,0.053514833003282546,0.04694401789456606,0.89954115152359,very_low
2014-10-08,-0.109902108553797,0.5476996526348408,-0.02479734644293785,8,0.125,0.25,0.625,0.1545630490873009,0.2644651576410979,0.5809717779047787,very_low
2014-10-09,-0.04406531221632447,0.3744787459891032,-0.0009826216846704483,7,0.0,0.14285714285714285,0.8571428571428571,0.11544734106532165,0.15951265328164613,0.7250400174941335,very_low
2014-10-10,-0.39807125777006147,0.5068128338291452,-0.1403571031987667,5,0.0,0.4,0.6,0.032179832458496094,0.43025109022855756,0.5375690884888172,very_low
2014-10-13,0.035012645297683775,0.383035556251285,0.03599988762289286,8,0.125,0.125,0.75,0.1715220371261239,0.13650939182844013,0.69196856347844,very_low
2014-10-14,0.1870327447541058,0.3752608482980153,0.04522638861089945,4,0.25,0.0,0.75,0.25627258606255054,0.06923984130844474,0.6744875684380531,very_low
2014-10-15,-0.20758474739268423,0.42785496458741923,-0.001072465442121029,10,0.0,0.3,0.7,0.06270264135673642,0.27028738874942065,0.6670099660754204,low
2014-10-16,-0.12044632873897042,0.44895207818369914,0.06859629787504673,7,0.14285714285714285,0.2857142857142857,0.5714285714285714,0.16353836602398328,0.2839846947629537,0.5524769441357681,very_low
2014-10-17,-0.12433027000062996,0.3248098654940861,-0.002224363386631012,9,0.0,0.3333333333333333,0.6666666666666666,0.13079538403285873,0.2551256540334887,0.6140789596570863,very_low
2014-10-20,0.12783117814419362,0.2945283789726855,0.015944119542837143,13,0.15384615384615385,0.0,0.8461538461538461,0.19865537664064994,0.07082419849645633,0.7305204386894519,low
2014-10-21,-0.19231563713401556,0.6319703042870385,0.013918238691985607,8,0.125,0.375,0.5,0.156441927771084,0.34875756490509957,0.4948004982434213,very_low
2014-10-22,-0.11965724406763911,0.6616552939203074,-0.07607477158308029,6,0.16666666666666666,0.3333333333333333,0.5,0.2243728027679026,0.3440300468355417,0.43159710336476564,very_low
2014-10-23,-0.3472527985771497,0.36395071802297707,-0.2697232495993376,9,0.0,0.4444444444444444,0.5555555555555556,0.04114403989579943,0.38839683847294915,0.5704591338419251,very_low
2014-10-24,-0.03474718853831291,0.3292705532212899,0.03931571124121547,10,0.0,0.1,0.9,0.10267244903370738,0.1374196375720203,0.7599079268053174,low
2014-10-27,-0.19267894059200497,0.38900471620857374,-0.0034372881054878235,17,0.0,0.23529411764705882,0.7647058823529411,0.05485965952496318,0.24753860011696815,0.697601743042469,low
2014-10-28,-0.20187121641356498,0.7297042814100164,-0.21056591160595417,8,0.25,0.375,0.375,0.2311006197705865,0.43297183618415147,0.3359275395050645,very_low
2014-10-29,-0.07032722274639777,0.40685395125703194,0.014956116676330566,7,0.0,0.14285714285714285,0.8571428571428571,0.106775530880051,0.17710275362644876,0.7161217174891915,very_low
2014-10-30,-0.01382162282243371,0.4131265923065187,0.020578229799866676,8,0.125,0.125,0.75,0.14484550198540092,0.15866712480783463,0.6964873746037483,very_low
2014-10-31,0.11798982918262482,0.45550642371787897,-0.01382308267056942,5,0.2,0.0,0.8,0.2549954529851675,0.1370056238025427,0.6079988911747932,very_low
2014-11-03,0.1003897466386358,0.464417334176187,0.010808935388922691,12,0.16666666666666666,0.08333333333333333,0.75,0.20477868507926664,0.10438893844063084,0.6908323829993606,low
2014-11-04,-0.21472462743986398,0.520348420397546,-0.13535496219992638,8,0.125,0.25,0.625,0.14437341771554202,0.359098045155406,0.49652855191379786,very_low
2014-11-05,-0.052321647500826254,0.2260044399551105,0.0318492166697979,9,0.0,0.1111111111111111,0.8888888888888888,0.08434841285149257,0.13667006035231882,0.7789815101358626,very_low
2014-11-06,0.07676032255403697,0.3375088303321625,0.009835982695221901,8,0.125,0.0,0.875,0.1858898582868278,0.10912953573279083,0.7049805959686637,very_low
2014-11-07,0.2841605769470334,0.7953736464330801,0.7287323027849197,5,0.6,0.2,0.2,0.5532837554812431,0.26912317853420975,0.17759305164217948,very_low
2014-11-10,-0.11672855680808425,0.33474769839403046,-0.0004996852949261665,12,0.0,0.16666666666666666,0.8333333333333334,0.08267767021122079,0.19940622701930502,0.7179161190676192,low
2014-11-11,-0.22587908928593,0.34807762526218045,-0.13857385702431202,9,0.0,0.2222222222222222,0.7777777777777778,0.06251935991975996,0.28839844920568997,0.6490821871492598,very_low
2014-11-12,0.011984356058140596,0.5033235180111635,0.01412578672170639,9,0.2222222222222222,0.2222222222222222,0.5555555555555556,0.22306183591071102,0.21107747985257042,0.5658606773035394,very_low
2014-11-13,-0.08561427774839103,0.32731971258655396,-0.021463665179908276,8,0.0,0.125,0.875,0.0689762313850224,0.15459050913341343,0.7764332769438624,very_low
2014-11-14,0.08941183425486088,0.48760898014235576,0.011173419654369354,5,0.2,0.2,0.6,0.23159946650266647,0.1421876322478056,0.6262129127979279,very_low
2014-11-17,-0.39537655375897884,0.4410115456561294,-0.33347274363040924,15,0.0,0.5333333333333333,0.4666666666666667,0.04807404714326064,0.4434506009022395,0.5084753413995107,low
2014-11-18,-0.17199096381664275,0.3246572998523099,-0.002583775669336319,5,0.0,0.2,0.8,0.08170468583703042,0.2536956496536732,0.6645996868610382,very_low
2014-11-19,-0.029596355557441712,0.4280296031158799,-0.019902232103049755,10,0.1,0.1,0.8,0.17292553018778561,0.20252188574522734,0.6245525792241097,low
2014-11-20,0.044901841320097446,0.18833012858948603,0.008619919419288635,8,0.0,0.0,1.0,0.1208436384331435,0.07594179711304605,0.8032145723700523,very_low
2014-11-21,0.1676889941096306,0.3591490146878749,0.053842635825276375,5,0.2,0.0,0.8,0.21517741605639457,0.04748842194676399,0.7373341619968414,very_low
2014-11-24,-0.10008118102060896,0.35501754386329587,0.03237953223288059,7,0.0,0.14285714285714285,0.8571428571428571,0.08618379264537777,0.18626497366598674,0.7275512186544282,very_low
2014-11-25,-0.04409239534288645,0.45633068836593815,-0.018694345839321613,6,0.16666666666666666,0.16666666666666666,0.6666666666666666,0.14768293934563795,0.1917753346885244,0.6605417132377625,very_low
2014-11-26,0.11005725090702374,0.2660817211523966,0.024639200419187546,6,0.16666666666666666,0.0,0.8333333333333334,0.19073808006942272,0.08068082916239898,0.7285810708999634,very_low
2014-11-27,-0.05172507123400768,0.28614690324081415,0.006452456116676331,3,0.0,0.0,1.0,0.1044567630936702,0.15618183432767788,0.7393614252408346,very_low
2014-11-28,0.009967678785324096,0.0999309139938011,0.05004599317908287,5,0.0,0.0,1.0,0.10717881545424461,0.09721113666892052,0.7956100106239319,very_low
2014-12-01,-0.32700994797050953,0.4161030165664914,-0.12751778960227966,7,0.14285714285714285,0.2857142857142857,0.5714285714285714,0.1007761186254876,0.4277860665959971,0.4714377958859716,very_low
2014-12-02,0.08281091662744682,0.14391538505765203,0.04280562233179808,6,0.16666666666666666,0.0,0.8333333333333334,0.19002157698074976,0.10721066035330296,0.7027677893638611,very_low
2014-12-03,-0.0807332556694746,0.0615390379722993,-0.10848550498485565,5,0.0,0.0,1.0,0.04675291776657105,0.12748617343604565,0.8257609128952026,very_low
2014-12-04,0.11337155029177666,0.18951407466082865,0.02217988856136799,5,0.2,0.0,0.8,0.19618249125778675,0.08281094096601009,0.7210065424442291,very_low
2014-12-05,-0.14864218048751354,0.3487673933082588,-0.00420666579157114,4,0.0,0.25,0.75,0.04768780805170536,0.1963299885392189,0.7559822052717209,very_low
2014-12-08,-0.3158377435368796,0.46410808582084634,-0.0475129671394825,6,0.0,0.3333333333333333,0.6666666666666666,0.030722109756122034,0.34655985329300165,0.6227180324494839,very_low
2014-12-09,-0.38830843032337725,0.5004862078961777,-0.3773724213242531,4,0.0,0.5,0.5,0.046630739932879806,0.43493917025625706,0.518430070951581,very_low
2014-12-10,-0.1731355179633413,0.3543994283307362,-0.015053875744342804,7,0.0,0.14285714285714285,0.8571428571428571,0.049792993547660966,0.22292851151100226,0.7272785210183689,very_low
2014-12-11,0.0070073772221803665,0.020266488596391536,0.0070073772221803665,2,0.0,0.0,1.0,0.0747354906052351,0.06772811338305473,0.8575364351272583,very_low
2014-12-12,-0.011161061003804207,0.023686128468061594,-0.011161061003804207,2,0.0,0.0,1.0,0.02798172365874052,0.03914278466254473,0.9328755736351013,very_low
2014-12-15,-0.2238384555093944,0.4984679440598726,-0.04497929010540247,16,0.0625,0.375,0.5625,0.11574464209843427,0.3395830976078287,0.5446722500491887,low
2014-12-16,0.06422992369958333,0.41397893637965794,0.016187001951038837,14,0.21428571428571427,0.07142857142857142,0.7142857142857143,0.22221919574907847,0.15798927204949514,0.6197915304718273,low
2014-12-17,0.14514561742544174,0.2851857977896729,0.13198088854551315,9,0.1111111111111111,0.0,0.8888888888888888,0.21336404234170914,0.0682184249162674,0.7184175410204463,very_low
2014-12-18,-0.18207707349210978,0.344763988136768,-0.034750595688819885,7,0.0,0.14285714285714285,0.8571428571428571,0.04854893271944353,0.2306260062115533,0.7208250862147126,very_low
2014-12-19,-0.11267163883894682,0.25331173243004684,0.005402863956987858,4,0.0,0.25,0.75,0.04277891106903553,0.15545054990798235,0.8017705455422401,very_low
2014-12-22,0.1244492675535954,0.3399517720785682,0.05917392671108246,13,0.15384615384615385,0.07692307692307693,0.7692307692307693,0.19947497460704583,0.07502570705345044,0.7254993044413053,low
2014-12-23,-0.0214685732498765,0.1330910649476881,0.018373548984527588,4,0.0,0.0,1.0,0.08946269657462835,0.11093126982450485,0.7996060401201248,very_low
2014-12-24,0.03559202887117863,0.37631386650813947,0.08982369769364595,8,0.125,0.125,0.75,0.160588274942711,0.12499624607153237,0.7144154757261276,very_low
2014-12-25,-0.030314849689602852,0.07498533578003294,-0.016695301979780197,4,0.0,0.0,1.0,0.05013310816138983,0.08044795785099268,0.8694189041852951,very_low
2014-12-26,-0.1454615693539381,0.3717183206175464,-0.03313330560922623,5,0.0,0.2,0.8,0.06890032328665256,0.21436189264059066,0.7167377948760987,very_low
2014-12-29,0.07839186151977628,0.0822433273333381,0.12552220281213522,8,0.0,0.0,1.0,0.1153046153485775,0.036912753828801215,0.8477826341986656,very_low
2014-12-30,0.23367001550892988,0.22054123559864536,0.19060696847736835,3,0.3333333333333333,0.0,0.6666666666666666,0.2742943602303664,0.0406243447214365,0.6850812633832296,very_low
2014-12-31,-0.2212850066522757,0.38492355034987746,-0.03830632194876671,3,0.0,0.3333333333333333,0.6666666666666666,0.04410931468009949,0.2653943213323752,0.6904963950316111,very_low
2015-01-01,-0.9580172160640359,,-0.9580172160640359,1,0.0,1.0,0.0,0.011019720695912838,0.9690369367599487,0.019943371415138245,very_low
2015-01-02,0.0401835716329515,0.1412967326333929,0.06931023206561804,4,0.0,0.0,1.0,0.12616426078602672,0.08598068915307522,0.7878550738096237,very_low
2015-01-05,-0.14965624089997548,0.3233010640119705,-0.006204720586538315,13,0.0,0.23076923076923078,0.7692307692307693,0.05688679691117544,0.2065430378111509,0.7365701588300558,low
2015-01-06,0.0069404665380716326,0.13097853666380288,0.002967916429042816,5,0.0,0.0,1.0,0.07163428254425526,0.06469381600618362,0.8636718988418579,very_low
2015-01-07,0.07644745521247387,0.08827650115859502,0.06034886185079813,6,0.0,0.0,1.0,0.09966981938729684,0.023222364174822967,0.8771077990531921,very_low
2015-01-08,-0.051746770118673645,0.46021122399779085,0.013685565441846848,6,0.16666666666666666,0.3333333333333333,0.5,0.18922898111244044,0.24097575123111406,0.569795253376166,very_low
2015-01-09,0.029038217450891222,0.3164929264408681,-0.004498612135648727,7,0.14285714285714285,0.0,0.8571428571428571,0.14027686869459494,0.1112386512437037,0.7484844965594155,very_low
2015-01-12,0.0349502434524206,0.0822125763134955,0.02629036456346512,13,0.0,0.0,1.0,0.09079345573599522,0.05584321228357462,0.8533633076227628,low
2015-01-13,-0.22109730448573828,0.45034869241947345,-0.08894088491797447,10,0.1,0.4,0.5,0.10542289093136788,0.32652019541710614,0.5680568929761648,low
2015-01-14,-0.10128822669919048,0.3051364779185483,-0.010380856692790985,14,0.0,0.21428571428571427,0.7857142857142857,0.11196549742349557,0.21325372412268603,0.6747807636191803,low
2015-01-15,-0.28375912830233574,0.32322172089189666,-0.1730307936668396,7,0.0,0.2857142857142857,0.7142857142857143,0.04591195072446551,0.32967107902680126,0.6244169798280511,very_low
2015-01-16,-0.12365016620606184,0.5587733024793067,-0.05971546843647957,8,0.125,0.25,0.625,0.16449377266690135,0.2881439388729632,0.5473622940480709,very_low
2015-01-19,0.04605091956909746,0.05872447222432241,0.018643026240170002,8,0.0,0.0,1.0,0.08094856608659029,0.03489764651749283,0.8841537758708,very_low
2015-01-20,0.1456571666058153,0.2103954470559189,0.1250566467642784,12,0.08333333333333333,0.0,0.9166666666666666,0.18724789982661605,0.04159073322080076,0.7711613774299622,low
2015-01-21,-0.024984079785645007,0.17585676690354926,0.010288167744874954,15,0.0,0.06666666666666667,0.9333333333333333,0.08255501041809718,0.10753909020374218,0.8099058886369069,low
2015-01-22,0.013943101693358686,0.3252592559722485,0.011383794248104095,9,0.1111111111111111,0.0,0.8888888888888888,0.16231820649570888,0.1483751048023502,0.6893067003952132,very_low
2015-01-23,-0.06682055648416281,0.2233808171497698,0.014141900464892387,10,0.0,0.1,0.9,0.08881427273154259,0.1556348292157054,0.7555509090423584,low
2015-01-26,-0.05154345664553917,0.41993340521752165,0.0013718027621507645,39,0.10256410256410256,0.15384615384615385,0.7435897435897436,0.13660824711983785,0.18815170376537702,0.6752400504759489,medium
2015-01-27,-0.05339005755994356,0.47694990103305057,0.018463561311364174,33,0.12121212121212122,0.24242424242424243,0.6363636363636364,0.1583804353563623,0.21177049291630587,0.6298490755372879,medium
2015-01-28,0.012705387498595212,0.22993483163860035,0.011295640841126442,19,0.05263157894736842,0.0,0.9473684210526315,0.1145758930789797,0.10187050558038448,0.7835536089382673,low
2015-01-29,-0.08793067131191493,0.2954493265098954,-0.01333661936223507,20,0.05,0.15,0.8,0.130986506678164,0.21891717799007893,0.65009630843997,low
2015-01-30,0.019752143022532646,0.44183428457848917,-0.05170001462101936,13,0.15384615384615385,0.07692307692307693,0.7692307692307693,0.1907921048024526,0.17103996177991995,0.6381679360683148,low
2015-02-02,0.011931386820617177,0.42326871664271687,0.0013548657298088074,21,0.14285714285714285,0.09523809523809523,0.7619047619047619,0.1670541222251597,0.15512273540454252,0.6778231397980735,low
2015-02-03,-0.15269487057454312,0.4450933507701003,-0.03632475063204765,13,0.07692307692307693,0.3076923076923077,0.6153846153846154,0.13824526507120866,0.2909401356457518,0.5708145923339404,low
2015-02-04,-0.08397180177271366,0.3825951438275519,-0.03816408850252628,10,0.2,0.3,0.5,0.1404639095067978,0.22443571127951145,0.6351003840565681,low
2015-02-05,0.15055155088858946,0.45447625026648386,0.020081112161278725,21,0.23809523809523808,0.14285714285714285,0.6190476190476191,0.2764829224241631,0.12593137153557368,0.5975857084350926,low
2015-02-06,0.0194488277969261,0.3754492524595687,-0.030263593420386314,18,0.16666666666666666,0.05555555555555555,0.7777777777777778,0.1798256757772631,0.16037684798033702,0.6597974788811471,low
2015-02-09,0.015474705882370472,0.24100886675485947,0.02893836237490177,25,0.04,0.12,0.84,0.13377869553864002,0.11830398965626955,0.74791732609272,low
2015-02-10,-0.06725007969026382,0.24977689372913778,0.023566126823425293,13,0.0,0.07692307692307693,0.9230769230769231,0.0651691213536721,0.13241920104393592,0.8024116748800645,low
2015-02-11,-0.1207501522731036,0.34530739257518217,0.0020579490810632706,8,0.0,0.125,0.875,0.06313370366115123,0.18388385593425483,0.7529824431985617,very_low
2015-02-12,-0.018264988695995674,0.24255398770175754,-0.015833498910069466,18,0.05555555555555555,0.05555555555555555,0.8888888888888888,0.10291485343542364,0.12117984213141932,0.7759053243531121,low
2015-02-13,0.01977508592729767,0.44384545982501433,0.019741848576813936,18,0.1111111111111111,0.16666666666666666,0.7222222222222222,0.16907194225738445,0.1492968563300868,0.6816312132610215,low
2015-02-16,-0.04179161472711712,0.3770720634499234,-0.027955900877714157,16,0.125,0.125,0.75,0.13070786884054542,0.17249948356766254,0.6967926500365138,low
2015-02-17,0.07015097979456186,0.1937618285032049,0.026959724724292755,12,0.16666666666666666,0.0,0.8333333333333334,0.1471315479526917,0.07698056815812986,0.7758878668149313,low
2015-02-18,0.03235535763881423,0.40122215103100556,0.04240330867469311,11,0.09090909090909091,0.09090909090909091,0.8181818181818182,0.14274221489375288,0.11038685725493864,0.7468709346245636,low
2015-02-19,-0.12145014940515945,0.4149575703707613,-0.01403718814253807,19,0.05263157894736842,0.2631578947368421,0.6842105263157895,0.11455706026601165,0.2360072096711711,0.6494357229063386,low
2015-02-20,-0.12266660661303572,0.34874691378982015,-0.004149032756686211,14,0.0,0.14285714285714285,0.8571428571428571,0.057097589929721186,0.1797641965427569,0.7631382183837039,low
2015-02-23,0.0560280139158879,0.3311038237865255,0.005203582346439362,21,0.09523809523809523,0.047619047619047616,0.8571428571428571,0.14118143268639133,0.08515341877050343,0.7736651489422435,low
2015-02-24,0.18218243471346796,0.5219584575498293,0.08562075765803456,12,0.3333333333333333,0.16666666666666666,0.5,0.3212540225746731,0.13907158786120513,0.5396744062503179,low
2015-02-25,-0.06256127488714727,0.351478114435636,-0.02294199075549841,22,0.045454545454545456,0.09090909090909091,0.8636363636363636,0.11344949829138139,0.17601077317852865,0.7105397405102849,low
2015-02-26,0.06568037699908018,0.4645140656394316,0.05080660246312618,20,0.2,0.1,0.7,0.2195955234579742,0.153915146458894,0.6264893185347319,low
2015-02-27,0.02308153943158686,0.5034577138188311,0.03279656684026122,12,0.16666666666666666,0.16666666666666666,0.6666666666666666,0.22385692363604903,0.20077538420446217,0.5753676947206259,low
2015-03-02,-0.009942525066435337,0.39476160203792005,0.008813105523586273,26,0.11538461538461539,0.15384615384615385,0.7307692307692307,0.1492314305013189,0.15917395556775424,0.6915946210233065,low
2015-03-03,0.032565680177261434,0.3730357057068959,-0.00013103336095809937,12,0.16666666666666666,0.08333333333333333,0.75,0.1692372001707554,0.13667151999349395,0.6940912796805302,low
2015-03-04,0.04134453543903012,0.2777094477313824,0.02719815820455551,19,0.05263157894736842,0.05263157894736842,0.8947368421052632,0.12126102445549086,0.07991648901646074,0.7988224892239821,low
2015-03-05,-0.024504214467015117,0.2547848378708328,0.02586390357464552,16,0.0,0.125,0.875,0.09349073120392859,0.11799494567094371,0.7885143049061298,low
2015-03-06,-0.03350447863340378,0.29677391393017294,0.008503874763846397,21,0.047619047619047616,0.14285714285714285,0.8095238095238095,0.11041702028541338,0.14392149891881717,0.7456614783122426,low
2015-03-09,0.09402031888468908,0.3485382389287038,0.03805171651765704,26,0.15384615384615385,0.07692307692307693,0.7692307692307693,0.18328157210579285,0.08926125322110377,0.7274571764641083,low
2015-03-10,-0.17905723180791194,0.326553649342585,-0.02532531414180994,22,0.0,0.22727272727272727,0.7727272727272727,0.0702994668602266,0.24935669866813856,0.6803438440811905,low
2015-03-11,-0.18057123024129507,0.3937262983928379,-0.02013535425066948,33,0.0,0.2727272727272727,0.7272727272727273,0.07976831264342323,0.2603395428847183,0.6598921524304332,medium
2015-03-12,-0.15519440136406393,0.4426969243980185,-0.04519853740930557,21,0.19047619047619047,0.23809523809523808,0.5714285714285714,0.14273693153102482,0.2979313328950888,0.5593317327577443,low
2015-03-13,-0.12121548418266077,0.31716176003087204,-0.011686312034726143,24,0.08333333333333333,0.20833333333333334,0.7083333333333334,0.12686297708811858,0.24807846127077937,0.6250585489906371,low
2015-03-16,-0.004922879416318167,0.13958411525714973,-0.007074087858200073,21,0.0,0.0,1.0,0.09005026519298553,0.0949731446093037,0.8149765886011577,low
2015-03-17,-0.0010622312853995123,0.364998226538519,0.03093651495873928,19,0.10526315789473684,0.15789473684210525,0.7368421052631579,0.153786161522332,0.1548483928077315,0.6913654604240468,low
2015-03-18,-0.07791050347378073,0.3533185715435778,0.003991603851318359,23,0.043478260869565216,0.13043478260869565,0.8260869565217391,0.10692049909140104,0.18483100256518178,0.7082484956506802,low
2015-03-19,-0.13347702767126834,0.3307270847681749,-0.007883163169026375,26,0.07692307692307693,0.19230769230769232,0.7307692307692307,0.0926406799743955,0.22611770764566386,0.6812416168932731,low
2015-03-20,-0.07602287995784233,0.2640859279823662,-0.020799255929887295,24,0.041666666666666664,0.125,0.8333333333333334,0.08951149935213228,0.1655343793099746,0.7449541141589483,low
2015-03-23,-0.045379131633256166,0.4543092255273045,0.007530719041824341,21,0.09523809523809523,0.14285714285714285,0.7619047619047619,0.1518961229317245,0.19727525456498066,0.6508286228137357,low
2015-03-24,0.03324127080850303,0.32763138803323427,0.07637970522046089,8,0.125,0.125,0.75,0.192396710626781,0.15915543981827796,0.6484478637576103,very_low
2015-03-25,0.02914903126657009,0.08083305488955286,0.014499835669994354,9,0.0,0.0,1.0,0.07313178438279364,0.043982753116223544,0.8828854627079434,very_low
2015-03-26,-0.04611616193627318,0.4403902769310707,0.005811179988086224,18,0.1111111111111111,0.16666666666666666,0.7222222222222222,0.16639070197318992,0.21250686390946308,0.6211024406883452,low
2015-03-27,-0.34557447500992566,0.41106110083280156,-0.317778117954731,8,0.0,0.5,0.5,0.07305047078989446,0.4186249457998201,0.5083246012218297,very_low
2015-03-30,-0.034587777336128056,0.28758396194542485,0.02849764935672283,24,0.041666666666666664,0.08333333333333333,0.875,0.09596387102889518,0.13055164836502323,0.7734844796359539,low
2015-03-31,-0.14127268229744264,0.421716526662898,-0.022603429853916168,14,0.0,0.21428571428571427,0.7857142857142857,0.09595317499978202,0.23722585729722465,0.6668209715613297,low
2015-04-01,-0.12184482375442078,0.37705061096756587,-0.02052430436015129,33,0.06060606060606061,0.18181818181818182,0.7575757575757576,0.10357363211611907,0.22541845587053985,0.6710079225401083,medium
2015-04-02,-0.05847316598519683,0.208520766462188,-0.00116044282913208,10,0.0,0.2,0.8,0.12249096855521202,0.18096413454040886,0.696544898301363,low
2015-04-03,-0.07861571439674922,0.1341826346207895,-0.03404270112514496,7,0.0,0.0,1.0,0.05472177879086563,0.13333749318761484,0.8119407296180725,very_low
2015-04-06,-0.0520162675012317,0.39969415868841796,0.027521183714270592,18,0.1111111111111111,0.2222222222222222,0.6666666666666666,0.15383509608606497,0.20585136358729667,0.6403135348939233,low
2015-04-07,0.00015055186425646147,0.1466002912486201,-0.017174135893583298,12,0.0,0.0,1.0,0.10192024831970532,0.10176969645544887,0.7963100572427114,low
2015-04-08,-0.023011283416833197,0.13665690998535918,0.033433154225349426,7,0.0,0.0,1.0,0.06390177671398435,0.08691306013081755,0.8491851431982858,very_low
2015-04-09,-0.04146653823554516,0.3604794970865682,0.0021752342581748962,20,0.1,0.15,0.75,0.12566779172047973,0.1671343299560249,0.7071978924795985,low
2015-04-10,0.07319771192435708,0.5148849101803125,0.029135873541235924,21,0.23809523809523808,0.19047619047619047,0.5714285714285714,0.25805763119742986,0.18485991927307277,0.5570824438972133,low
2015-04-13,-0.038081837272078825,0.18347665251973783,0.009904719889163971,29,0.0,0.034482758620689655,0.9655172413793104,0.07776189993681579,0.11584373720889461,0.8063943756037745,low
2015-04-14,0.033645245945081115,0.08291664079220805,-0.006014840677380562,8,0.0,0.0,1.0,0.09168779710307717,0.05804255115799606,0.8502696380019188,very_low
2015-04-15,-0.25758498087525367,0.3790256327526669,-0.030309075489640236,15,0.0,0.3333333333333333,0.6666666666666666,0.05973890088498592,0.3173238817602396,0.6229372270405292,low
2015-04-16,-0.11366430681664497,0.4113158044038552,-0.019310754723846912,16,0.0625,0.1875,0.75,0.10772280587116256,0.22138711268780753,0.6708900956436992,low
2015-04-17,-0.1022781872190535,0.3603760817031317,-0.014145499095320702,30,0.06666666666666667,0.13333333333333333,0.8,0.10370631975432237,0.20598450697337586,0.6903091674049695,medium
2015-04-20,0.035776153982927404,0.3192436671234991,0.03111106064170599,42,0.09523809523809523,0.047619047619047616,0.8571428571428571,0.1436855555068524,0.107909401523925,0.748405042104423,medium
2015-04-21,-0.12742783883586525,0.4284556471588288,-0.035448670387268066,20,0.05,0.2,0.75,0.11543078050017357,0.24285861933603883,0.6417105795815587,low
2015-04-22,-0.04474044591188431,0.1687423776207583,-0.003679715096950531,27,0.0,0.07407407407407407,0.9259259259259259,0.06185202583394669,0.10659247174583099,0.8315554901405617,low
2015-04-23,0.007118332906272905,0.3923829563249086,0.014261890202760696,29,0.06896551724137931,0.10344827586206896,0.8275862068965517,0.13972633794463915,0.13260800503836623,0.7276656649171792,low
2015-04-24,0.06464861323566813,0.2527534007696635,0.0144600048661232,19,0.05263157894736842,0.0,0.9473684210526315,0.13794650843268946,0.07329789519702133,0.7887555913705575,low
2015-04-27,-0.09941506881911594,0.32721265634832125,-0.016123319044709206,52,0.038461538461538464,0.15384615384615385,0.8076923076923077,0.09335157830411425,0.1927666471232302,0.7138817784233162,medium
2015-04-28,-0.06027809760416858,0.2568680767110122,-5.290284752845764e-05,32,0.03125,0.09375,0.875,0.07769302552333102,0.1379711231274996,0.7843358599347994,medium
2015-04-29,0.02437420324422419,0.2974416746268394,0.026350866071879864,30,0.06666666666666667,0.03333333333333333,0.9,0.127726033438618,0.1033518301943938,0.7689221296459436,medium
2015-04-30,0.07587590781398691,0.41241312284509524,0.03722278214991093,26,0.23076923076923078,0.07692307692307693,0.6923076923076923,0.21447332658303472,0.1385974187690478,0.6469292398542166,low
2015-05-01,-0.1041531320143905,0.35846513053820056,0.01704327668994665,18,0.0,0.16666666666666666,0.8333333333333334,0.08928381455027395,0.19343694656466445,0.7172792251739237,low
2015-05-04,0.012168727376881768,0.23368171271094956,0.019223413430154324,34,0.058823529411764705,0.08823529411764706,0.8529411764705882,0.11496640714433264,0.10279767976745087,0.7822359173613436,medium
2015-05-05,0.029458613997256314,0.3832617833228403,-0.012092549353837967,27,0.14814814814814814,0.07407407407407407,0.7777777777777778,0.18431294757734845,0.15485433358009215,0.6608327020097662,low
2015-05-06,-0.1178429354423363,0.38293814924897884,0.0018465248867869377,38,0.02631578947368421,0.21052631578947367,0.7631578947368421,0.10156476875080873,0.21940770419314504,0.6790275261982491,medium
2015-05-07,-0.008849585130107853,0.28443824258509764,0.0017161276191473007,53,0.05660377358490566,0.05660377358490566,0.8867924528301887,0.10217505776024652,0.11102464289035437,0.7868002889291296,medium
2015-05-08,-0.12632751926923028,0.4228799735896441,0.0030372636392712593,26,0.038461538461538464,0.19230769230769232,0.7692307692307693,0.10809773109996548,0.23442525036919576,0.6574770305305719,low
2015-05-11,0.031607823772355916,0.34892393639306585,0.009001489728689194,40,0.1,0.075,0.825,0.1583553956821561,0.12674757190980018,0.7148970429785549,medium
2015-05-12,-0.060500813803325094,0.32816496205321205,0.017877573147416115,30,0.03333333333333333,0.16666666666666666,0.8,0.10379149143894513,0.16429230524227023,0.7319162057091793,medium
2015-05-13,-0.15709304013128939,0.393190741210856,-0.015921369194984436,29,0.034482758620689655,0.20689655172413793,0.7586206896551724,0.0819855028570726,0.23907854298836198,0.6789359558245232,low
2015-05-14,-0.02695701364427805,0.3796852257670423,0.031335193663835526,17,0.058823529411764705,0.17647058823529413,0.7647058823529411,0.13940788082340183,0.16636489446767988,0.6942272352821687,low
2015-05-15,-0.1473376871397098,0.5127149782772379,-0.055051421746611595,30,0.1,0.4,0.5,0.17143834304685393,0.31877603018656375,0.5097856319819888,medium
2015-05-18,-0.07014057446816345,0.3474206801414579,0.002801239490509033,41,0.07317073170731707,0.0975609756097561,0.8292682926829268,0.10613708611486888,0.17627766058303235,0.7175852619111538,medium
2015-05-19,-0.043623172224332124,0.28461638449518456,0.006926678121089935,39,0.02564102564102564,0.15384615384615385,0.8205128205128205,0.1099452083118451,0.15356838053617722,0.7364864172652746,medium
2015-05-20,0.02193559910047729,0.3800052772613879,0.02283436991274357,53,0.1320754716981132,0.11320754716981132,0.7547169811320755,0.15356074582855656,0.13162514672807926,0.7148141099737501,medium
2015-05-21,-0.04760528803236928,0.34957649848871536,0.0006630904972553253,51,0.0784313725490196,0.11764705882352941,0.803921568627451,0.13008920358968715,0.17769449162205644,0.692216306121326,medium
2015-05-22,-0.02626281013446195,0.3501350780093661,-0.02136574313044548,35,0.08571428571428572,0.11428571428571428,0.8,0.1328417083514588,0.15910451848592078,0.7080537730029651,medium
2015-05-25,-0.019234290047149574,0.241689210857528,-0.0018154848366975784,28,0.03571428571428571,0.07142857142857142,0.8928571428571429,0.09991364254217062,0.1191479325893202,0.7809384404016393,low
2015-05-26,0.009054212234914302,0.4462545159179584,0.003447486087679863,25,0.16,0.16,0.68,0.19588455237448216,0.18683034013956784,0.617285103239119,low
2015-05-27,0.10780269831517025,0.3550458159532287,0.044449049048125744,38,0.10526315789473684,0.05263157894736842,0.8421052631578947,0.2048370919533466,0.09703439363817636,0.6981285169328514,medium
2015-05-28,0.05118132230233063,0.3352783434968734,0.02192130871117115,44,0.13636363636363635,0.09090909090909091,0.7727272727272727,0.17343362128700723,0.1222522989846766,0.7043140768496827,medium
2015-05-29,0.06855638110293792,0.3978443242069538,0.01971606072038412,26,0.11538461538461539,0.07692307692307693,0.8076923076923077,0.18449717910530475,0.11594079800236684,0.6995620150119066,low
2015-06-01,0.0535711783851529,0.4034226655575758,0.025473272427916527,58,0.15517241379310345,0.10344827586206896,0.7413793103448276,0.19739293644268965,0.14382175805753675,0.6587853123401773,medium
2015-06-02,0.02213695864858372,0.3501459351909851,0.023237280547618866,28,0.07142857142857142,0.07142857142857142,0.8571428571428571,0.1459491556244237,0.12381219697583999,0.7302386473332133,low
2015-06-03,0.03111471508163959,0.2627714697571287,0.006250830367207527,40,0.1,0.1,0.8,0.15236847912892698,0.12125376404728741,0.7263777501881122,medium
2015-06-04,0.07399589316667737,0.3673323030928685,0.029363153502345085,37,0.16216216216216217,0.05405405405405406,0.7837837837837838,0.19403874209603747,0.12004284892936011,0.6859183919590872,medium
2015-06-05,-0.0023276712387227095,0.38883165983914614,0.03090430051088333,26,0.11538461538461539,0.11538461538461539,0.7692307692307693,0.1493471536355523,0.151674824874275,0.6989780211677918,low
2015-06-08,0.08156173992092194,0.2913982388496708,0.02376894559711218,46,0.13043478260869565,0.021739130434782608,0.8478260869565217,0.1709050912733959,0.08934335135247397,0.739751553243917,medium
2015-06-09,0.061256503437956175,0.3930592359876055,0.007979941554367542,30,0.13333333333333333,0.06666666666666667,0.8,0.17021378775437673,0.10895728431642056,0.7208289264390866,medium
2015-06-10,-0.019729806969945248,0.3858906339743907,-0.0023686420172452927,26,0.15384615384615385,0.11538461538461539,0.7307692307692307,0.150721951889304,0.17045175885924926,0.6788262916872134,low
2015-06-11,0.015060128644108772,0.31593365847557553,0.023707745596766472,34,0.058823529411764705,0.08823529411764706,0.8529411764705882,0.13358135630979256,0.1185212276656838,0.7478974090122125,medium
2015-06-12,-0.037847516514981784,0.3459136422076797,0.031866359524428844,24,0.041666666666666664,0.16666666666666666,0.7916666666666666,0.11834814632311463,0.1561956628380964,0.7254561893641949,low
2015-06-15,-0.0316170026164721,0.38687450371162063,0.009500599466264248,34,0.08823529411764706,0.17647058823529413,0.7352941176470589,0.14373513387844844,0.17535213649492054,0.6809127322014641,medium
2015-06-16,0.0924730919567602,0.3111085778687083,0.021349871531128883,28,0.10714285714285714,0.03571428571428571,0.8571428571428571,0.17339087803182857,0.08091778607506837,0.7456913337643657,low
2015-06-17,0.03250046033412218,0.3375844846437549,0.0036340374499559402,25,0.08,0.08,0.84,0.1446021559089422,0.11210169557482004,0.7432961459457874,low
2015-06-18,-0.007829583359553534,0.3739535337523077,0.006660528481006622,34,0.08823529411764706,0.08823529411764706,0.8235294117647058,0.1386824360336451,0.14651201939319863,0.7148055464905851,medium
2015-06-19,0.0007672678413135665,0.3112992231367592,0.026213856413960457,28,0.07142857142857142,0.07142857142857142,0.8571428571428571,0.13021071438145423,0.12944344654014067,0.740345852050398,low
2015-06-22,0.008396299000686178,0.33878393966233633,0.018733182922005653,52,0.09615384615384616,0.07692307692307693,0.8269230769230769,0.13725441937836316,0.128858120377677,0.7338874592230871,medium
2015-06-23,0.041211055392133336,0.41898781327816115,0.03641421580687165,28,0.14285714285714285,0.14285714285714285,0.7142857142857143,0.19329453189857304,0.1520834765064397,0.6546220001099365,low
2015-06-24,0.04505507959248988,0.3819451835715339,0.043875910341739655,38,0.10526315789473684,0.10526315789473684,0.7894736842105263,0.17474264104997642,0.12968756145748653,0.6955697983503342,medium
2015-06-25,-0.0070426552066285356,0.4501190242088252,0.012096465565264225,38,0.10526315789473684,0.15789473684210525,0.7368421052631579,0.17358659462709175,0.1806292498337203,0.6457841464955556,medium
2015-06-26,-0.02562204131162634,0.29611447464874197,0.011898726224899292,51,0.0392156862745098,0.0784313725490196,0.8823529411764706,0.11327636530440227,0.13889840661602862,0.7478252360779866,medium
2015-06-29,-0.05960058787531113,0.40588734561363393,0.0027757827192544937,79,0.08860759493670886,0.17721518987341772,0.7341772151898734,0.13097725571663696,0.1905778435919481,0.6784448990527587,medium
2015-06-30,-0.0192373586145954,0.3570115680754612,0.0021587591618299484,36,0.08333333333333333,0.1111111111111111,0.8055555555555556,0.13584464747044775,0.15508200608504316,0.7090733389163183,medium
2015-07-01,-0.0131509555503726,0.4207270204409653,0.00034767668694257736,32,0.125,0.125,0.75,0.1587603529333137,0.1719113084836863,0.6693283338099718,medium
2015-07-02,0.06928399767583379,0.3067978147805452,0.024111701175570488,26,0.15384615384615385,0.07692307692307693,0.7692307692307693,0.18451800175870842,0.11523400408287461,0.7002479929763538,low
2015-07-03,-0.19064032714813947,0.4364499586226082,-0.048427436500787735,15,0.06666666666666667,0.26666666666666666,0.6666666666666666,0.10404235801349083,0.2946826851616303,0.6012749512990315,low
2015-07-06,-0.07813262048273764,0.28496372852773444,-0.0025174040347337723,58,0.034482758620689655,0.08620689655172414,0.8793103448275862,0.09551219269633293,0.17364481317907057,0.730842991507259,medium
2015-07-07,-0.05194781333781206,0.27254633732201566,0.01684563234448433,39,0.02564102564102564,0.10256410256410256,0.8717948717948718,0.09479868275901446,0.14674649609682652,0.7584548242008075,medium
2015-07-08,-0.09303504538497534,0.3870361493758397,-0.006765969097614288,58,0.10344827586206896,0.22413793103448276,0.6724137931034483,0.14275996072282052,0.23579500610779586,0.6214450299097546,medium
2015-07-09,-0.0660633137610195,0.3507591310913097,0.004200109280645847,58,0.06896551724137931,0.13793103448275862,0.7931034482758621,0.11689366475711095,0.18295697851813045,0.7001493486479439,medium
2015-07-10,-0.007818454386372315,0.3554983823177856,-0.009791634976863861,57,0.08771929824561403,0.12280701754385964,0.7894736842105263,0.13761242696394524,0.14543088135031754,0.7169566956397734,medium
2015-07-13,-0.07033646374940872,0.31508444588013895,0.0023899488151073456,75,0.02666666666666667,0.12,0.8533333333333334,0.0981641736254096,0.16850063737481832,0.7333351927498977,medium
2015-07-14,0.0735486290136049,0.4222302973707398,0.039743756875395775,43,0.20930232558139536,0.09302325581395349,0.6976744186046512,0.20644722012586372,0.13289859111225882,0.6606541804449503,medium
2015-07-15,0.029777442720989065,0.31913238469322164,0.012187733314931393,62,0.11290322580645161,0.06451612903225806,0.8225806451612904,0.1485253316650708,0.11874788894408173,0.7327267815388979,medium
2015-07-16,0.010288706980645657,0.29174426111241575,0.02224323060363531,62,0.06451612903225806,0.08064516129032258,0.8548387096774194,0.12705677629057918,0.11676806930993353,0.7561751527771834,medium
2015-07-17,-0.016754585690796374,0.33961340014154856,0.013236761093139648,45,0.08888888888888889,0.08888888888888889,0.8222222222222222,0.12567322918524346,0.1424278148760398,0.7318989525031713,medium
2015-07-20,-0.015314020642495535,0.3531026375939295,0.010791261680424213,94,0.07446808510638298,0.10638297872340426,0.8191489361702128,0.13210136401764255,0.1474153846601381,0.7204832536901565,medium
2015-07-21,-0.20050526244255404,0.40252645159127054,-0.0032420307397842407,60,0.016666666666666666,0.2833333333333333,0.7,0.08139371331781149,0.28189897576036554,0.6367073076156279,medium
2015-07-22,-0.05718740090278202,0.44974316582121937,0.014304150827229023,58,0.10344827586206896,0.1896551724137931,0.7068965517241379,0.15180549261577683,0.20899289351855888,0.6392016074266927,medium
2015-07-23,0.02843636545705898,0.4338310225774455,0.01926038134843111,58,0.13793103448275862,0.1206896551724138,0.7413793103448276,0.1959090249709271,0.16747265951386814,0.6366183073099317,medium
2015-07-24,0.01562836393713951,0.30987668222571907,0.016776053234934807,47,0.10638297872340426,0.0851063829787234,0.8085106382978723,0.13792284201592842,0.1222944780787889,0.7397826785182066,medium
2015-07-27,-0.0652025075815618,0.2718614124310532,-0.0042421165853738785,100,0.04,0.12,0.84,0.08694970512762666,0.15215221270918847,0.7608980849571526,high
2015-07-28,-0.08480052891859992,0.35330370411907064,-0.016252624802291393,72,0.05555555555555555,0.18055555555555555,0.7638888888888888,0.11409882300843795,0.19889935192703787,0.6870018233959045,medium
2015-07-29,-0.03415405515153877,0.4178124761980765,0.0013546906411647797,61,0.11475409836065574,0.16393442622950818,0.7213114754098361,0.16535041053764155,0.19950446568918032,0.6351451279106931,medium
2015-07-30,0.04250078063267164,0.3851037680108291,0.03902016580104828,39,0.10256410256410256,0.10256410256410256,0.7948717948717948,0.183237767420136,0.14073698678746438,0.676025247010283,medium
2015-07-31,0.043751435820013285,0.3156488194193827,0.04620422888547182,30,0.03333333333333333,0.1,0.8666666666666667,0.15948625958214205,0.11573482376212875,0.724778920225799,medium
2015-08-03,0.030445293486118317,0.3746177798039232,0.015065276995301247,75,0.10666666666666667,0.09333333333333334,0.8,0.15797456927597522,0.1275292757898569,0.7144961544126273,medium
2015-08-04,-0.03878431697832603,0.3149314474251579,0.0016074422746896744,51,0.0392156862745098,0.09803921568627451,0.8627450980392157,0.10670229058493585,0.1454866075632619,0.7478111034222678,medium
2015-08-05,-0.057270072363317014,0.4406790482948874,-0.004011141136288643,50,0.14,0.24,0.62,0.1688355427980423,0.2261056151613593,0.605058832578361,medium
2015-08-06,-0.04840667305612251,0.4167688298119695,-0.0018935725092887878,57,0.10526315789473684,0.17543859649122806,0.7192982456140351,0.15444404586103924,0.20285071891716175,0.6427052363491895,medium
2015-08-07,-0.06423752489111696,0.3626909838404507,-0.0026540663093328476,48,0.0625,0.10416666666666667,0.8333333333333334,0.12161380029283464,0.18585132518395162,0.6925348690710962,medium
2015-08-10,-0.030630040405826134,0.31491604622436625,0.006015438586473465,77,0.06493506493506493,0.07792207792207792,0.8571428571428571,0.11656910660011428,0.14719914700594042,0.7362317438055943,medium
2015-08-11,-0.023048978825302227,0.38736457460542495,0.010764045640826225,46,0.13043478260869565,0.15217391304347827,0.717391304347826,0.15994158071344314,0.18299055953874535,0.6570678633516249,medium
2015-08-12,-0.005397035274654627,0.3291612049334213,0.009937974624335766,54,0.09259259259259259,0.09259259259259259,0.8148148148148148,0.15045673500194592,0.15585377027660055,0.6936894970842533,medium
2015-08-13,0.03268792498064168,0.34318712592088035,0.016035906970500946,47,0.1276595744680851,0.0851063829787234,0.7872340425531915,0.14967020004591408,0.11698227506527241,0.7333475153179879,medium
2015-08-14,-0.03564845124616268,0.3124172373513459,0.013762027025222778,47,0.0425531914893617,0.1276595744680851,0.8297872340425532,0.0993531353850948,0.13500158663125747,0.7656452749320801,medium
2015-08-17,-0.05811984109459445,0.3013369030937091,0.008659221231937408,64,0.015625,0.109375,0.875,0.08512678301485721,0.14324662410945166,0.7716265923227184,medium
2015-08-18,-0.00796135351611454,0.3984174001279471,0.002853449434041977,61,0.09836065573770492,0.13114754098360656,0.7704918032786885,0.15416475803759255,0.1621261115537071,0.6837091278284788,medium
2015-08-19,0.006261156499385833,0.33947505405711403,0.013713862746953964,65,0.06153846153846154,0.1076923076923077,0.8307692307692308,0.14199835278380377,0.1357371962844179,0.7222644498715034,medium
2015-08-20,-0.11671653501172033,0.35259584111298015,0.00041960086673498154,72,0.027777777777777776,0.18055555555555555,0.7916666666666666,0.09382637366393788,0.2105429086756582,0.6956307197300097,medium
2015-08-21,-0.1207129023695255,0.34920412789987615,-0.0011245515197515488,102,0.0196078431372549,0.17647058823529413,0.803921568627451,0.0963291094784497,0.2170420118479752,0.6866288791392364,high
2015-08-24,-0.09731802821509761,0.3267248059821092,-4.9836933612823486e-05,202,0.039603960396039604,0.16336633663366337,0.7970297029702971,0.09698966651749198,0.1943076947325896,0.7087026421386416,high
2015-08-25,-0.048747398374094204,0.3134427072347862,0.01675677765160799,110,0.07272727272727272,0.10909090909090909,0.8181818181818182,0.1163125000555407,0.1650598984296349,0.7186275970275429,high
2015-08-26,-0.05868937179227086,0.34658497528849447,-0.006085656583309174,85,0.08235294117647059,0.1411764705882353,0.7764705882352941,0.12394306235672796,0.18263243414899882,0.6934245023219024,medium
2015-08-27,-0.07746654197884102,0.2867424810392897,-0.005952308885753155,72,0.027777777777777776,0.1527777777777778,0.8194444444444444,0.0907862207127942,0.16825276269163522,0.7409610187686566,medium
2015-08-28,-0.044824241350094475,0.34905171454348516,0.011408090591430664,54,0.037037037037037035,0.12962962962962962,0.8333333333333334,0.11851742208279946,0.16334166343289394,0.718140910655536,medium
2015-08-31,-0.04636730955548815,0.272845464850604,0.004188284277915955,97,0.030927835051546393,0.08247422680412371,0.8865979381443299,0.08688080337705072,0.13324811293253885,0.7798710887118713,medium
2015-09-01,-0.12576845229736397,0.36115472211649113,-0.01926259882748127,70,0.04285714285714286,0.2,0.7571428571428571,0.10361824021009462,0.22938669250745858,0.6669950722583703,medium
2015-09-02,-0.05338664095737596,0.33922422009935427,0.012746626511216164,67,0.05970149253731343,0.14925373134328357,0.7910447761194029,0.1101893153486412,0.16357595630601715,0.7262347371720556,medium
2015-09-03,-0.07722159779708211,0.42425794803728095,-0.00876997783780098,48,0.08333333333333333,0.1875,0.7291666666666666,0.1293715113036645,0.2065931091007466,0.6640353780627871,medium
2015-09-04,-0.1076903883513296,0.38242426071671604,0.00019017327576875687,64,0.046875,0.1875,0.765625,0.10831352818058804,0.21600391653191764,0.6756825662450865,medium
2015-09-07,-0.019822232369333507,0.17937957677399896,0.02938444260507822,50,0.0,0.06,0.94,0.07756347861140966,0.09738571098074317,0.8250508120656014,medium
2015-09-08,-0.06017375865654237,0.40924377952429475,0.0043344758450984955,69,0.08695652173913043,0.18840579710144928,0.7246376811594203,0.12986467291425535,0.19003843157079772,0.680096888590766,medium
2015-09-09,-0.098178149950872,0.3387946907884463,0.0038506798446178436,77,0.03896103896103896,0.16883116883116883,0.7922077922077922,0.10762754423761522,0.2058056941884872,0.6865667591185926,medium
2015-09-10,-0.13444802651599963,0.38288129322221703,0.0015500932931900024,49,0.04081632653061224,0.20408163265306123,0.7551020408163265,0.10200851581686614,0.23645654233286575,0.6615349269491069,medium
2015-09-11,-0.028591210532578685,0.4169660698870892,0.010476712137460709,63,0.09523809523809523,0.14285714285714285,0.7619047619047619,0.13920458110551986,0.16779579163809855,0.6929996295403393,medium
2015-09-14,-0.04461287315327512,0.37321193093958377,0.012498739175498486,92,0.07608695652173914,0.13043478260869565,0.7934782608695652,0.12126622158710075,0.16587909474037588,0.7128546894730433,medium
2015-09-15,-0.09122488414868712,0.3893288796715771,-0.023722302168607712,66,0.09090909090909091,0.16666666666666666,0.7424242424242424,0.1185222730096994,0.20974715715838652,0.6717305735148715,medium
2015-09-16,0.013125354131417615,0.33546254632585054,0.01249769888818264,70,0.08571428571428572,0.08571428571428572,0.8285714285714286,0.13834604149950402,0.12522068736808642,0.7364332639479212,medium
2015-09-17,-0.07076574211656037,0.31956276877991546,-0.015028810128569603,59,0.05084745762711865,0.1694915254237288,0.7796610169491526,0.1010743063416774,0.17184004845823778,0.7270856514825659,medium
2015-09-18,0.055145294900904314,0.4380082515935578,0.022740287706255913,47,0.2127659574468085,0.1276595744680851,0.6595744680851063,0.21319336507548678,0.15804807017458247,0.628758560628333,medium
2015-09-21,-0.06353161357343197,0.2728088864558705,-0.007172025740146637,75,0.02666666666666667,0.09333333333333334,0.88,0.08874694975713888,0.15227856333057085,0.7589744797348976,medium
2015-09-22,-0.14877395729954337,0.3041431451933887,-0.006652273237705231,51,0.0,0.17647058823529413,0.8235294117647058,0.05942722672925276,0.20820118402879612,0.7323715893515185,medium
2015-09-23,-0.09939967343499037,0.3012268352737912,-0.018660562112927437,44,0.045454545454545456,0.18181818181818182,0.7727272727272727,0.10570144778202203,0.2051011212170124,0.6891974258998578,medium
2015-09-24,-0.1370694044744596,0.35138514282157624,-0.03189991042017937,56,0.05357142857142857,0.17857142857142858,0.7678571428571429,0.09258867126689958,0.22965807574135916,0.6777532468549907,medium
2015-09-25,-0.14175281421531263,0.2581635826196758,-0.02129412814974785,41,0.0,0.17073170731707318,0.8292682926829268,0.0654900755914973,0.20724288980680994,0.7272670307173962,medium
2015-09-28,-0.12274627637368841,0.37408845535598306,0.004309804178774357,104,0.038461538461538464,0.22115384615384615,0.7403846153846154,0.0925702578925456,0.215316534266234,0.692113205199488,high
2015-09-29,-0.08300824393518269,0.2643212445249408,-0.004525594413280487,56,0.017857142857142856,0.10714285714285714,0.875,0.07016400718462787,0.15317225111981056,0.7766637325153819,medium
2015-09-30,-0.035490536533126775,0.4599290649646871,0.0006097042933106422,44,0.1590909090909091,0.18181818181818182,0.6590909090909091,0.17629105087623678,0.21178158740936356,0.6119273674505,medium
2015-10-01,-0.04380891534189383,0.370350113468208,0.008694697171449661,51,0.0784313725490196,0.13725490196078433,0.7843137254901961,0.12441658214026806,0.1682254974821619,0.7073579161774879,medium
2015-10-02,-0.10586902528764709,0.3593480307675396,0.000713251531124115,63,0.06349206349206349,0.19047619047619047,0.746031746031746,0.10790715817480333,0.21377618346245042,0.6783166581557857,medium
2015-10-05,-0.010577030244626497,0.31519707250530526,0.007863741368055344,95,0.06315789473684211,0.09473684210526316,0.8421052631578947,0.12357943502107734,0.13415646526570382,0.7422640952428705,medium
2015-10-06,-0.013230239489564189,0.3644189220228666,0.009296697564423084,54,0.1111111111111111,0.1111111111111111,0.7777777777777778,0.14129922949467544,0.15452946898423964,0.7041713028835753,medium
2015-10-07,-0.08269223071713473,0.3388234407491126,0.022936265915632248,71,0.056338028169014086,0.19718309859154928,0.7464788732394366,0.1060871988810389,0.18877942959817362,0.705133367513477,medium
2015-10-08,-0.05053821970998752,0.3918996742484788,0.0026134252548217773,61,0.11475409836065574,0.16393442622950818,0.7213114754098361,0.15804461615740276,0.2085828358673903,0.6333725476240526,medium
2015-10-09,-0.03449310884689507,0.2535304856654885,0.021417726762592793,46,0.043478260869565216,0.13043478260869565,0.8260869565217391,0.1021823555474048,0.13667546439429987,0.7611421735390372,medium
2015-10-12,-0.014854873847035528,0.3472448685533635,0.01098380982875824,103,0.08737864077669903,0.10679611650485436,0.8058252427184466,0.1302571528708761,0.14511202671791165,0.7246308233588934,high
2015-10-13,-0.02862033693834323,0.2988319442670383,0.0034901760518550873,73,0.0410958904109589,0.0958904109589041,0.863013698630137,0.0997493456513302,0.12836968258967343,0.771880972441541,medium
2015-10-14,-0.056505048804929556,0.35432990132842573,0.012069305405020714,71,0.056338028169014086,0.1267605633802817,0.8169014084507042,0.11280179713708414,0.1693068459420137,0.7178913478700208,medium
2015-10-15,0.013603116196463816,0.32493589295736025,0.008770808577537537,64,0.109375,0.09375,0.796875,0.14878403511829674,0.13518091892183293,0.7160350506019313,medium
2015-10-16,-0.019618240993399667,0.32924778407480415,0.009379778057336807,53,0.07547169811320754,0.07547169811320754,0.8490566037735849,0.12223348459053152,0.1418517255839312,0.7359147956419103,medium
2015-10-19,-0.004994830539958043,0.33390422733970143,0.005276062525808811,88,0.09090909090909091,0.07954545454545454,0.8295454545454546,0.12072175738020716,0.12571658792016518,0.7535616530909796,medium
2015-10-20,-0.0831386919061725,0.31693319529714803,-0.007516738027334213,39,0.02564102564102564,0.10256410256410256,0.8717948717948718,0.09058352812933616,0.17372222003550866,0.7356942457457384,medium
2015-10-21,-0.09727149927722556,0.37206680453396956,0.0008042808622121811,70,0.04285714285714286,0.15714285714285714,0.8,0.09910064122772642,0.196372140504952,0.7045272234295096,medium
2015-10-22,-0.14942046776155216,0.4736870231243913,-0.013839186169207096,72,0.08333333333333333,0.2638888888888889,0.6527777777777778,0.1338616204706745,0.28328208823222667,0.582856289162818,medium
2015-10-23,-0.04346474009552892,0.29910352329059153,0.0036528557538986206,71,0.056338028169014086,0.09859154929577464,0.8450704225352113,0.10581794685461152,0.14928268695014044,0.7448993697500145,medium
2015-10-26,-0.07055758086964488,0.37635147453795614,-0.013322348706424236,100,0.08,0.15,0.77,0.11989689793437719,0.19045447880402208,0.6896486222930253,high
2015-10-27,-0.03395804824491202,0.3278497361102478,0.005827609449625015,71,0.07042253521126761,0.09859154929577464,0.8309859154929577,0.11226439769838897,0.146222445943301,0.7415131490520188,medium
2015-10-28,-0.003240349060245629,0.35994589107194236,0.000695396214723587,58,0.08620689655172414,0.10344827586206896,0.8103448275862069,0.13690465035173913,0.14014499941198477,0.7229503441345075,medium
2015-10-29,-0.07012655929041406,0.3698509200692561,0.004863044247031212,60,0.05,0.13333333333333333,0.8166666666666667,0.1109659154744198,0.18109247476483384,0.7079416086897254,medium
2015-10-30,-0.1972172138129556,0.3640100184879065,-0.013867778703570366,43,0.023255813953488372,0.2558139534883721,0.7209302325581395,0.07583815424681403,0.2730553680597696,0.6511064703294704,medium
2015-11-02,0.00498414827653995,0.366532652840195,0.0036865072324872017,78,0.08974358974358974,0.10256410256410256,0.8076923076923077,0.1498252672668642,0.14484111899032426,0.7053336108533236,medium
2015-11-03,0.06263498237113589,0.3813005062655772,0.030275875702500343,69,0.14492753623188406,0.11594202898550725,0.7391304347826086,0.19920137793203627,0.13656639556090036,0.6642322296519643,medium
2015-11-04,-0.00960880849337162,0.34834980734655907,0.010066166520118713,86,0.09302325581395349,0.11627906976744186,0.7906976744186046,0.14694299120022808,0.1565517996935997,0.6965052113803321,medium
2015-11-05,-0.05631959934307392,0.4063620867914805,-0.00595195684581995,86,0.10465116279069768,0.1744186046511628,0.7209302325581395,0.14474922930821776,0.2010688286512917,0.6541819457874395,medium
2015-11-06,0.013834570572800832,0.40411329747169583,0.014590319246053696,73,0.136986301369863,0.1506849315068493,0.7123287671232876,0.17094579258652992,0.15711122201372907,0.6719429821592487,medium
2015-11-09,-0.022377577554316647,0.4003264909455786,0.011767011135816574,158,0.10759493670886076,0.1518987341772152,0.740506329113924,0.14940557100138144,0.1717831485556981,0.6788112811060457,high
2015-11-10,-0.03507932596631459,0.2951845442512612,0.00208389014005661,67,0.029850746268656716,0.1044776119402985,0.8656716417910447,0.10545632409960476,0.14053565006591937,0.7540080270438052,medium
2015-11-11,-0.06504469891502099,0.3673212426151922,0.01844867505133152,55,0.05454545454545454,0.16363636363636364,0.7818181818181819,0.11221951227635145,0.17726421119137245,0.7105162760750814,medium
2015-11-12,-0.015503116277977824,0.3059531135082729,0.0039013484492897987,70,0.07142857142857142,0.08571428571428572,0.8428571428571429,0.11509706252919776,0.1306001788071756,0.7543027613312006,medium
2015-11-13,0.0032192188299308387,0.2665943878416914,0.009518574923276901,59,0.06779661016949153,0.03389830508474576,0.8983050847457628,0.11184296813809265,0.10862374930816182,0.7795332861211846,medium
2015-11-16,-0.047629202349167885,0.30775114324391234,0.0014009475708007812,99,0.06060606060606061,0.1111111111111111,0.8282828282828283,0.10118582318866193,0.1488150255378298,0.7499991464193421,medium
2015-11-17,-0.03039463713709543,0.2280482035401161,0.012298382818698883,67,0.0,0.05970149253731343,0.9402985074626866,0.07708990981162929,0.10748454694872472,0.8154255411962965,medium
2015-11-18,-0.018722509763933515,0.3709847136608475,0.013316868804395199,74,0.08108108108108109,0.12162162162162163,0.7972972972972973,0.13510682857972947,0.153829338343663,0.7110638301316146,medium
2015-11-19,-0.04120805397299895,0.27958066333661374,0.0006632991135120392,96,0.052083333333333336,0.08333333333333333,0.8645833333333334,0.09303388237700953,0.13424193635000847,0.7727241777950743,medium
2015-11-20,0.00047060629473097865,0.3228575329178862,0.007151483558118343,62,0.04838709677419355,0.08064516129032258,0.8709677419354839,0.12119054642596072,0.12071994013122973,0.7580895107239485,medium
2015-11-23,-0.02117515199187428,0.3391918601707403,-0.011598311364650726,99,0.0707070707070707,0.08080808080808081,0.8484848484848485,0.11949205884916915,0.14066721084104342,0.7398407355214309,medium
2015-11-24,-0.12418848762674065,0.3841057828307001,-0.008156081661581993,58,0.05172413793103448,0.1896551724137931,0.7586206896551724,0.09644957063398485,0.2206380582607255,0.6829123737226273,medium
2015-11-25,0.04979070421870587,0.36815047132771883,0.013633623719215393,53,0.1320754716981132,0.09433962264150944,0.7735849056603774,0.16492472181342682,0.11513401759472096,0.7199412632100987,medium
2015-11-26,-0.13851088141312912,0.4627576337458017,0.004384122788906097,21,0.09523809523809523,0.2857142857142857,0.6190476190476191,0.11321758450053278,0.2517284659136619,0.6350539421573991,low
2015-11-27,0.056759779361765024,0.3756479587718622,0.028350315988063812,46,0.13043478260869565,0.043478260869565216,0.8260869565217391,0.1735833724555762,0.11682359309381117,0.7095930401397788,medium
2015-11-30,-0.02052868304741198,0.2662190318574578,0.006594151258468628,113,0.035398230088495575,0.05309734513274336,0.911504424778761,0.09717802135108979,0.11770670439850177,0.7851152730924366,high
2015-12-01,-0.0136067397384481,0.37811186336709685,0.015669800341129303,55,0.10909090909090909,0.14545454545454545,0.7454545454545455,0.152578405036845,0.1661851447752931,0.6812364542856812,medium
2015-12-02,0.03249445442773708,0.3478528682491384,0.00995943695306778,73,0.136986301369863,0.1095890410958904,0.7534246575342466,0.15257820951407902,0.12008375508634195,0.7273380429267067,medium
2015-12-03,-0.10037621696509662,0.3087708446923662,-0.022531744092702866,93,0.03225806451612903,0.11827956989247312,0.8494623655913979,0.08446103923263089,0.1848372561977275,0.7307017027570676,medium
2015-12-04,-0.004006917154866046,0.24240958274195493,0.023685554042458534,58,0.034482758620689655,0.06896551724137931,0.896551724137931,0.10524042165870297,0.10924733881356902,0.7855122459988142,medium
2015-12-07,-0.04807637756709585,0.372015012125682,0.009517159312963486,97,0.09278350515463918,0.15463917525773196,0.7525773195876289,0.12443782667600617,0.17251420424310202,0.7030479726333594,medium
2015-12-08,-0.05319845386677318,0.30448418280055206,0.0001812577247619629,81,0.037037037037037035,0.13580246913580246,0.8271604938271605,0.1045139900719126,0.15771244393868578,0.7377735600335362,medium
2015-12-09,-0.0067766210431176605,0.3807803643033763,-0.004923565313220024,66,0.13636363636363635,0.10606060606060606,0.7575757575757576,0.1596088927718952,0.16638551381501285,0.6740055940763066,medium
2015-12-10,-0.025550103178089957,0.30421100551685604,-0.0020850636065006256,59,0.06779661016949153,0.11864406779661017,0.8135593220338984,0.11636066531478348,0.14191076849287343,0.7417285635246563,medium
2015-12-11,-0.09694513662493434,0.3413277996489958,-0.003929567523300648,58,0.05172413793103448,0.15517241379310345,0.7931034482758621,0.1137214550780582,0.21066659170299254,0.675611956687323,medium
2015-12-14,-0.08039235136471688,0.3159294625462511,-0.00570843368768692,100,0.05,0.13,0.82,0.09773868532851339,0.17813103669323027,0.7241302806138993,high
2015-12-15,-0.06018852680858414,0.38767742119963555,0.01608152687549591,59,0.1016949152542373,0.1864406779661017,0.711864406779661,0.13828390655186723,0.19847243336045137,0.6632436620292522,medium
2015-12-16,0.09863517738096876,0.34783910474245916,0.02232825942337513,81,0.16049382716049382,0.08641975308641975,0.7530864197530864,0.2071183604751656,0.10848318309419686,0.6843984561661879,medium
2015-12-17,-0.09669535988844775,0.3904157986993897,-0.014432499185204506,96,0.08333333333333333,0.20833333333333334,0.7083333333333334,0.11484325062580562,0.21153861051425338,0.673618134111166,medium
2015-12-18,-0.17801557947634994,0.39403407098740073,-0.05719059705734253,68,0.058823529411764705,0.23529411764705882,0.7058823529411765,0.09871656840037116,0.27673214787672107,0.6245512886191992,medium
2015-12-21,-0.11222091247784156,0.2893553863180097,-0.015945279970765114,102,0.0196078431372549,0.1568627450980392,0.8235294117647058,0.06932396927446711,0.18154488175230868,0.7491311399156556,high
2015-12-22,-0.052604864369361445,0.4249169236598633,0.007804650813341141,52,0.09615384615384616,0.17307692307692307,0.7307692307692307,0.1402906343842355,0.19289549875359696,0.6668138703904473,medium
2015-12-23,-0.013390339946804138,0.3634440496965143,-0.0020727235823869705,52,0.11538461538461539,0.09615384615384616,0.7884615384615384,0.14025850791054276,0.1536488478573469,0.7060926472051785,medium
2015-12-24,-0.10548247752541845,0.2759937874366375,-0.017434153705835342,22,0.0,0.09090909090909091,0.9090909090909091,0.053025522861968384,0.15850800038738685,0.7884664709087122,low
2015-12-25,0.05293409075014866,0.16481431756521117,0.03715837001800537,13,0.07692307692307693,0.0,0.9230769230769231,0.10480836549630532,0.051874274746156655,0.8433173413460071,low
2015-12-28,-0.03392396003130029,0.3940994858909844,0.0031731780618429184,61,0.09836065573770492,0.11475409836065574,0.7868852459016393,0.13032553039613318,0.16424949042743348,0.7054249796344608,medium
2015-12-29,0.024963809177279472,0.30876445831476995,0.0065130265429615974,32,0.0625,0.09375,0.84375,0.13967857082025148,0.11471476164297201,0.7456066609593108,medium
2015-12-30,-0.07680933857854041,0.3062155507510255,-0.002778535708785057,36,0.027777777777777776,0.16666666666666666,0.8055555555555556,0.09215526005977558,0.168964598638316,0.738880142259101,medium
2015-12-31,-0.0433449910299198,0.34153643986461135,-0.0101110078394413,37,0.05405405405405406,0.10810810810810811,0.8378378378378378,0.1169011482868243,0.16024613931674409,0.7228527065064456,medium
2016-01-01,0.0368076490371355,0.3175261010449135,0.032657784409821033,14,0.07142857142857142,0.14285714285714285,0.7857142857142857,0.14287487111453498,0.10606722207739949,0.7510579020849296,low
2016-01-04,-0.1155170826362325,0.3378905891021013,0.0003478042781352997,77,0.025974025974025976,0.22077922077922077,0.7532467532467533,0.10663218941394385,0.22214927205017634,0.6712185374231308,medium
2016-01-05,-0.15190025063623724,0.38384346844809025,-0.004306669346988201,38,0.05263157894736842,0.21052631578947367,0.7368421052631579,0.11518918460627135,0.2670894352425086,0.617721385616613,medium
2016-01-06,-0.04436215245491498,0.34275734678463876,-5.602836608886719e-05,77,0.05194805194805195,0.12987012987012986,0.8181818181818182,0.11133897612959921,0.15570112858451418,0.7329598940763767,medium
2016-01-07,-0.09680674329368222,0.41679007282057434,-0.01548873633146286,117,0.09401709401709402,0.1794871794871795,0.7264957264957265,0.136743054088428,0.2335497973821102,0.6297071441275697,high
2016-01-08,-0.10467337274954455,0.46360643946780655,0.0060145072638988495,61,0.11475409836065574,0.2459016393442623,0.639344262295082,0.1464660084027736,0.25113938115231815,0.6023946051165218,medium
2016-01-11,-0.06425041063368077,0.28743703232168905,0.0013528699055314064,122,0.03278688524590164,0.12295081967213115,0.8442622950819673,0.08179520846146052,0.14604561909514127,0.7721591789397548,high
2016-01-12,-0.14983493752245391,0.3291421731489181,-0.009736776351928711,70,0.0,0.17142857142857143,0.8285714285714286,0.06749072885140776,0.2173256663738617,0.7151836146201406,medium
2016-01-13,-0.15164081417495692,0.40511371393043233,-0.057268934324383736,79,0.06329113924050633,0.24050632911392406,0.6962025316455697,0.12354430362959451,0.2751851178045514,0.6012705818431664,medium
2016-01-14,-0.08173644124362313,0.31533793192622833,-0.010949481278657913,61,0.04918032786885246,0.13114754098360656,0.819672131147541,0.09192723157953044,0.17366367282315356,0.7344091048800065,medium
2016-01-15,-0.12923732078309322,0.3559637812474622,0.009722750633955002,86,0.03488372093023256,0.19767441860465115,0.7674418604651163,0.08739918793096792,0.21663650871406115,0.6959643077191918,medium
2016-01-18,-0.07776584677299522,0.31500595978204776,-0.002838190644979477,151,0.039735099337748346,0.12582781456953643,0.8344370860927153,0.0918353744504961,0.1696012212234913,0.7385634015012064,high
2016-01-19,-0.06047395242320508,0.3391703493333148,-0.0022669099271297455,97,0.061855670103092786,0.15463917525773196,0.7835051546391752,0.11543672988863335,0.17591068231183843,0.7086525899310088,medium
2016-01-20,-0.11948688754713849,0.2832824460095149,-0.024635180830955505,133,0.015037593984962405,0.16541353383458646,0.8195488721804511,0.07610774275503661,0.19559463030217508,0.7282976264736258,high
2016-01-21,-0.06263713606743403,0.3283205619074268,0.003100436180830002,93,0.043010752688172046,0.11827956989247312,0.8387096774193549,0.10581058224723223,0.16844771831466626,0.7257416977156554,medium
2016-01-22,-0.05590752778308732,0.35952323331508107,-0.007107887417078018,84,0.09523809523809523,0.16666666666666666,0.7380952380952381,0.1410976890474558,0.19700521683054312,0.6618970997099366,medium
2016-01-25,-0.03749812150420914,0.32761641047535833,-0.003445839509367943,159,0.06289308176100629,0.1069182389937107,0.8301886792452831,0.11081880846488401,0.14831692996909315,0.7408642613873729,high
2016-01-26,-0.10408106777534078,0.2984346054394935,-0.010198751464486122,79,0.0379746835443038,0.12658227848101267,0.8354430379746836,0.07959429773537419,0.18367536551071495,0.7367303301639194,medium
2016-01-27,-0.1282509992068464,0.3851830390566791,-0.04878291115164757,77,0.05194805194805195,0.19480519480519481,0.7532467532467533,0.10605037064811626,0.23430136985496267,0.6596482590373073,medium
2016-01-28,-0.08712890823263415,0.3464209308848441,-0.02228507772088051,86,0.05813953488372093,0.13953488372093023,0.8023255813953488,0.10789410482962118,0.19502301306225533,0.6970828828336888,medium
2016-01-29,-0.20992737825100238,0.3628322197120439,-0.03470563888549805,65,0.015384615384615385,0.24615384615384617,0.7384615384615385,0.07078101865660685,0.28070839690760924,0.6485105799367794,medium
2016-02-01,-0.057637682054625,0.33507386162787234,-0.0024735629558563232,129,0.05426356589147287,0.13178294573643412,0.813953488372093,0.11527361875298874,0.17291130080761374,0.711815084179127,high
2016-02-02,-0.046298914450547984,0.3820660818185429,0.004062376916408539,74,0.08108108108108109,0.17567567567567569,0.7432432432432432,0.1406338495529584,0.1869327640035064,0.672433381749166,medium
2016-02-03,-0.06930398939781494,0.4056232190400709,0.001076837070286274,74,0.12162162162162163,0.17567567567567569,0.7027027027027027,0.13557985963652264,0.20488384903433757,0.6595362931540286,medium
2016-02-04,-0.049830718308079,0.3599719795049497,0.00809043925255537,98,0.07142857142857142,0.1326530612244898,0.7959183673469388,0.12752235065955592,0.17735306896763492,0.6951245726371298,medium
2016-02-05,-0.10947745913886521,0.2908753588488519,-0.008107557892799377,83,0.024096385542168676,0.1927710843373494,0.7831325301204819,0.0836060247103493,0.1930834838492145,0.7233104910925928,medium
2016-02-08,-0.11051577364476464,0.34919761413724715,-0.0054303668439388275,139,0.03597122302158273,0.1510791366906475,0.8129496402877698,0.08679483020209151,0.19731060384685617,0.715894566929276,high
2016-02-09,-0.1411861443775706,0.3098050216701782,-0.02551527414470911,88,0.011363636363636364,0.18181818181818182,0.8068181818181818,0.06952834745805542,0.21071449183562602,0.7197571563619104,medium
2016-02-10,-0.07341818971774326,0.3522766242748638,0.004338501021265984,104,0.0673076923076923,0.17307692307692307,0.7596153846153846,0.11321288969618483,0.1866310794139281,0.7001560300302047,high
2016-02-11,-0.1379858850695119,0.38260675563865915,-0.0017658676952123642,101,0.0297029702970297,0.22772277227722773,0.7425742574257426,0.09538526168222179,0.2333711467517337,0.6712435861440873,high
2016-02-12,-0.10997442268442524,0.3810455657607562,-0.008289070799946785,92,0.07608695652173914,0.16304347826086957,0.7608695652173914,0.11136556536202198,0.22133998804644722,0.6672944535055886,medium
2016-02-15,-0.020967965123263446,0.2999122191987013,-0.0007080156356096268,94,0.06382978723404255,0.10638297872340426,0.8297872340425532,0.1197899039636584,0.14075786908692184,0.7394522243436981,medium
2016-02-16,-0.1388145966523486,0.3922569292048211,-0.026919957250356674,82,0.036585365853658534,0.2073170731707317,0.7560975609756098,0.10249706369075107,0.24131166034309967,0.6561912784080316,medium
2016-02-17,-0.031808597396831124,0.3463061543572171,-0.0027221720665693283,98,0.07142857142857142,0.11224489795918367,0.8163265306122449,0.12087476511999053,0.15268336251682166,0.7264418823036308,medium
2016-02-18,-0.05705123566130691,0.29982940380469036,-0.001990078017115593,94,0.05319148936170213,0.11702127659574468,0.8297872340425532,0.11279886238712897,0.16985009804843587,0.7173510405056654,medium
2016-02-19,-0.05990137827869218,0.3110553026445586,-0.008280469104647636,52,0.057692307692307696,0.11538461538461539,0.8269230769230769,0.1099638940873914,0.1698652723660836,0.7201708288720021,medium
2016-02-22,-0.06890188157142672,0.33139530338784146,-0.009825832210481167,112,0.03571428571428571,0.14285714285714285,0.8214285714285714,0.10474434349868846,0.17364622507011518,0.7216094342459526,high
2016-02-23,-0.04622261504757039,0.38102241235749845,-0.013285309076309204,57,0.07017543859649122,0.14035087719298245,0.7894736842105263,0.12687336163301216,0.17309597668058255,0.7000306559105715,medium
2016-02-24,-0.02300953012891114,0.28104274741717655,0.006388498470187187,60,0.05,0.08333333333333333,0.8666666666666667,0.11191424668456117,0.1349237768134723,0.7531619788457949,medium
2016-02-25,0.025286795904882895,0.24456291593543025,0.008545294404029846,81,0.037037037037037035,0.037037037037037035,0.9259259259259259,0.11153065892695277,0.08624386302206988,0.8022254793732254,medium
2016-02-26,-0.02147099752134333,0.284412352145381,0.006657721474766731,72,0.05555555555555555,0.08333333333333333,0.8611111111111112,0.12500229838769883,0.14647329590904215,0.7285244056644539,medium
2016-02-29,-0.02042448372528778,0.3031444348754606,0.001989401876926422,127,0.05511811023622047,0.09448818897637795,0.8503937007874016,0.12159640886124194,0.14202089258652972,0.7363826954135979,high
2016-03-01,-0.08938494311102356,0.3779255921083336,0.003401121124625206,72,0.08333333333333333,0.18055555555555555,0.7361111111111112,0.12288864032598212,0.21227358343700567,0.6648377819607655,medium
2016-03-02,-0.05498174861783073,0.3481501370480095,0.0116209015250206,84,0.03571428571428571,0.17857142857142858,0.7857142857142857,0.12290016467505623,0.17788191329288697,0.6992179252473372,medium
2016-03-03,-0.03345667177482563,0.3619862218048721,0.007643610239028931,85,0.07058823529411765,0.15294117647058825,0.7764705882352941,0.13476380018846076,0.1682204719632864,0.6970157234326881,medium
2016-03-04,-0.06625681358607526,0.35162748552078915,-0.0013527385890483856,94,0.06382978723404255,0.1702127659574468,0.7659574468085106,0.11868558892425388,0.18494240251032912,0.6963720080204943,medium
2016-03-07,-0.005489928240422159,0.31532886012463524,0.0010973047465085983,144,0.09027777777777778,0.0763888888888889,0.8333333333333334,0.12929946574796405,0.1347893939883862,0.7359111424820084,high
2016-03-08,-0.06728958799808382,0.36637595349024704,0.007764950394630432,107,0.056074766355140186,0.1308411214953271,0.8130841121495327,0.11308653100837614,0.18037611900645995,0.7065373484532689,high
2016-03-09,-0.02600511726042306,0.32355494268595103,0.010118523612618446,74,0.08108108108108109,0.08108108108108109,0.8378378378378378,0.11522945863622669,0.14123457589664976,0.7435359559147745,medium
2016-03-10,-0.05764024866450774,0.265924620983799,0.0004777461290359497,57,0.017543859649122806,0.07017543859649122,0.9122807017543859,0.07935823387417354,0.13699848253868127,0.783643275172564,medium
2016-03-11,-0.09386177367020038,0.31049009927737753,-0.021979495882987976,62,0.03225806451612903,0.16129032258064516,0.8064516129032258,0.09839567851515547,0.19225745218535584,0.7093468769303253,medium
2016-03-14,-0.036240934546698224,0.26586937138053135,0.004199286922812462,110,0.03636363636363636,0.1,0.8636363636363636,0.09129951714792035,0.12754045169461858,0.7811600254509937,high
2016-03-15,-0.05674853038470276,0.33292224645010676,0.003192916512489319,61,0.06557377049180328,0.13114754098360656,0.8032786885245902,0.1093296680568916,0.16607819844159435,0.7245921427842046,medium
2016-03-16,-0.11508348480578554,0.38418118125485184,-0.008551914244890213,89,0.056179775280898875,0.1797752808988764,0.7640449438202247,0.10373323148095541,0.21881671628674096,0.6774500525566969,medium
2016-03-17,-0.021715759387006983,0.3134747756436421,0.004772021435201168,96,0.07291666666666667,0.13541666666666666,0.7916666666666666,0.128402318203977,0.15011807759098397,0.721479612227995,medium
2016-03-18,-0.06135995359385781,0.3083431246151654,0.00019226223230361938,66,0.030303030303030304,0.10606060606060606,0.8636363636363636,0.10709742048868176,0.16845737408253958,0.7244452076653639,medium
2016-03-21,0.009730604274438755,0.28436835024102475,0.014360442757606506,124,0.06451612903225806,0.06451612903225806,0.8709677419354839,0.1192297492206337,0.10949914494619495,0.7712711073428152,high
2016-03-22,-0.10081831653318975,0.363474550268299,-0.003944670781493187,92,0.05434782608695652,0.17391304347826086,0.7717391304347826,0.097960862705646,0.19877917923883576,0.7032599611126858,medium
2016-03-23,0.009552801306420397,0.2923654175481957,0.0051374174654483795,107,0.06542056074766354,0.037383177570093455,0.897196261682243,0.12151850193355963,0.11196570062713924,0.7665157911028261,high
2016-03-24,-0.0738519591779062,0.3237446786012452,0.0047584762796759605,82,0.036585365853658534,0.13414634146341464,0.8292682926829268,0.09564230998796297,0.16949426916586915,0.7348634149742926,medium
2016-03-25,-0.05842142046202679,0.22074598393121958,0.014993332326412201,37,0.0,0.08108108108108109,0.918918918918919,0.07287734178071087,0.13129876224273765,0.7958239016903413,medium
2016-03-28,-0.02191653829623959,0.2704985363964734,0.0018170662224292755,134,0.03731343283582089,0.06716417910447761,0.8955223880597015,0.0976943246909042,0.11961086298714378,0.7826948116269352,high
2016-03-29,0.009951958044067673,0.36358513939488346,0.02078317478299141,115,0.10434782608695652,0.09565217391304348,0.8,0.15081345225157944,0.1408614942075118,0.7083250461875097,high
2016-03-30,-0.057960256178841346,0.341098560707591,-0.0028444305062294006,127,0.06299212598425197,0.14173228346456693,0.7952755905511811,0.11546484637624166,0.173425102555083,0.7111100506653466,high
2016-03-31,0.02309695474428332,0.39476028302403215,0.02092572581022978,144,0.1111111111111111,0.1111111111111111,0.7777777777777778,0.16437693733476205,0.14127998259047875,0.6943430786745416,high
2016-04-01,0.0027056505186631094,0.3116339514034112,0.006998823955655098,126,0.07142857142857142,0.0873015873015873,0.8412698412698413,0.12656116484856558,0.12385551432990247,0.7495833217417673,high
2016-04-04,-0.01045824346272687,0.3824360962137341,0.01108567789196968,226,0.11946902654867257,0.13716814159292035,0.7433628318584071,0.15678812254352115,0.16724636600624804,0.6759655099461036,high
2016-04-05,-0.015846249321854213,0.3589237892768745,0.004649501293897629,123,0.11382113821138211,0.12195121951219512,0.7642276422764228,0.1395768140616819,0.15542306338353612,0.705000127960996,high
2016-04-06,-0.025093467640025274,0.41961999660979876,-0.001379251480102539,119,0.11764705882352941,0.16806722689075632,0.7142857142857143,0.16826920351404853,0.1933626711540738,0.6383681263805938,high
2016-04-07,0.032460814965118594,0.34345800166810325,0.007771801203489304,133,0.10526315789473684,0.06015037593984962,0.8345864661654135,0.15058399559019653,0.11812318062507793,0.7312928217750295,high
2016-04-08,-0.0007291866988852257,0.3362936153567367,0.007429640740156174,123,0.08943089430894309,0.08943089430894309,0.8211382113821138,0.13782658861435163,0.13855577531323685,0.7236176342135523,high
2016-04-11,-0.046865367237881664,0.3078074446825384,0.0003697797656059265,231,0.047619047619047616,0.11688311688311688,0.8354978354978355,0.10356585851979333,0.150431225757675,0.7460029202460985,high
2016-04-12,-0.03866271749828701,0.3109677232444249,0.008969917893409729,135,0.07407407407407407,0.1037037037037037,0.8222222222222222,0.1144809347818847,0.1531436522801717,0.732375415276598,high
2016-04-13,-0.044175159678144275,0.3807702424987695,0.003536336123943329,159,0.1069182389937107,0.13836477987421383,0.7547169811320755,0.13982296619658013,0.18399812587472442,0.6761789064409223,high
2016-04-14,-0.07005981380297314,0.34814712836500056,-0.0015990212559700012,126,0.07142857142857142,0.14285714285714285,0.7857142857142857,0.11034925004822158,0.18040906385119473,0.7092416878819229,high
2016-04-15,0.013955025366486464,0.4213097339432999,0.014172667637467384,133,0.12781954887218044,0.15037593984962405,0.7218045112781954,0.17649665851622148,0.16254163314973502,0.6609617043566659,high
2016-04-18,-0.0834568646882057,0.38190745665222164,0.0023586563766002655,307,0.06514657980456026,0.16612377850162866,0.7687296416938111,0.11214391915097299,0.1956007838391787,0.6922552928067622,high
2016-04-19,0.007521168178608341,0.3917296004067543,0.021119683980941772,155,0.0967741935483871,0.13548387096774195,0.7677419354838709,0.1586144149423607,0.15109324676375235,0.6902923332106683,high
2016-04-20,-0.0033465211027823155,0.4194914386180861,0.00749739445745945,159,0.1320754716981132,0.1509433962264151,0.7169811320754716,0.1735967961813575,0.1769433172841398,0.649459891103255,high
2016-04-21,-0.046018955417938774,0.3651774167282844,0.012687481939792633,155,0.05806451612903226,0.12258064516129032,0.8193548387096774,0.11786940239610211,0.16388835781404087,0.7182422382336471,high
2016-04-22,-0.03648397817960358,0.3267914755977483,0.004259251058101654,128,0.0625,0.1015625,0.8359375,0.11705019077999168,0.15353416895959526,0.729415638721548,high
2016-04-25,-0.042249079022154794,0.34069818643525374,-0.005179641768336296,204,0.0784313725490196,0.12254901960784313,0.7990196078431373,0.1235986875014051,0.1658477665235599,0.7105535490200946,high
2016-04-26,-0.02413490654394161,0.35039243924953495,0.01596338115632534,114,0.07017543859649122,0.11403508771929824,0.8157894736842105,0.12996955405054778,0.15410446059448937,0.7159259855551156,high
2016-04-27,-0.05062281237850483,0.38775670010001084,-0.00018021836876869202,144,0.09027777777777778,0.14583333333333334,0.7638888888888888,0.13482657416736604,0.18544938654587087,0.6797240409715515,high
2016-04-28,-0.060979207508987,0.34478250155116924,0.0026628337800502777,155,0.05806451612903226,0.13548387096774195,0.8064516129032258,0.11193459399284855,0.17291380150183555,0.715151614611668,high
2016-04-29,-0.06883698572703409,0.3488405608180905,-0.001643085852265358,106,0.05660377358490566,0.16037735849056603,0.7830188679245284,0.11520222311769172,0.18403920884472583,0.700758570805192,high
2016-05-02,-0.05708119100294052,0.31723144853513446,-0.0001652054488658905,195,0.05128205128205128,0.1282051282051282,0.8205128205128205,0.10826285782102973,0.16534404882397025,0.7263930963877684,high
2016-05-03,-0.08862215925523258,0.3975363728884586,0.0020019691437482834,94,0.0425531914893617,0.1595744680851064,0.7978723404255319,0.11010034375407911,0.19872250300931169,0.6911771475000584,medium
2016-05-04,-0.07988538659147677,0.3576750644208969,-0.0020478516817092896,124,0.04838709677419355,0.1774193548387097,0.7741935483870968,0.11560263185791912,0.1954880184493959,0.6889093513900955,high
2016-05-05,-0.019352750776006896,0.4218349902756474,0.00383567251265049,85,0.12941176470588237,0.15294117647058825,0.7176470588235294,0.16586096669163775,0.18521371746764465,0.6489253209575134,medium
2016-05-06,-0.07385000308208606,0.34344600288136373,0.002920703962445259,85,0.03529411764705882,0.1411764705882353,0.8235294117647058,0.10496461520738462,0.17881461828947068,0.7162207637420472,medium
2016-05-09,-0.01954361786541175,0.34006590090996014,0.0017132721841335297,142,0.07042253521126761,0.09859154929577464,0.8309859154929577,0.12182465067107073,0.1413682685364825,0.7368070822812511,high
2016-05-10,-0.09137896932007973,0.35660438524168403,0.005413210950791836,114,0.05263157894736842,0.15789473684210525,0.7894736842105263,0.10277725272534187,0.1941562220454216,0.703066526389305,high
2016-05-11,-0.12294747661628308,0.36356247754319404,-0.009730342775583267,109,0.027522935779816515,0.1651376146788991,0.8073394495412844,0.08500119154298798,0.20794866815927104,0.7070501426388638,high
2016-05-12,-0.04336387113345644,0.3007877886481257,0.004814215004444122,104,0.057692307692307696,0.09615384615384616,0.8461538461538461,0.09750665310555352,0.14087052423900998,0.7616228264792321,high
2016-05-13,-0.06372919102870328,0.37366162578439266,-0.004847828298807144,93,0.053763440860215055,0.15053763440860216,0.7956989247311828,0.12554092912544165,0.18927012015414493,0.6851889543956325,medium
2016-05-16,0.014106613544111208,0.31313938784328865,0.013280138373374939,164,0.0975609756097561,0.08536585365853659,0.8170731707317073,0.13967955988695527,0.12557294634284405,0.734747499250239,high
2016-05-17,-0.03594078107717189,0.27527604497039965,0.006688892841339111,141,0.03546099290780142,0.10638297872340426,0.8581560283687943,0.10324349259653835,0.13918427367371025,0.7575722354470839,high
2016-05-18,-0.04782334797084332,0.29248849678672406,0.003768106922507286,150,0.06,0.12,0.82,0.10244067283968131,0.15026402081052462,0.7472953120867412,high
2016-05-19,-0.05989846485770411,0.2830854785670857,-0.00249415822327137,90,0.044444444444444446,0.12222222222222222,0.8333333333333334,0.0925435057013399,0.15244197055904402,0.7550145276511709,medium
2016-05-20,-0.09846502117374364,0.2923176621710543,-0.007642850279808044,85,0.011764705882352941,0.11764705882352941,0.8705882352941177,0.07119726993362693,0.16966229110737058,0.7591404343133463,medium
2016-05-23,0.037532478371368985,0.30614672786444125,0.01152353547513485,154,0.09090909090909091,0.05844155844155844,0.8506493506493507,0.1425290291693497,0.10499655079798072,0.7524744189622534,high
2016-05-24,-0.08107173471644367,0.33600873536960174,0.00726800411939621,97,0.030927835051546393,0.13402061855670103,0.8350515463917526,0.09659610636839547,0.17766784108483913,0.7257360446161216,medium
2016-05-25,-0.04967432628545138,0.28236171275911837,0.0040372032672166824,111,0.018018018018018018,0.10810810810810811,0.8738738738738738,0.0900850142981555,0.1397593405836069,0.7701556412503123,high
2016-05-26,-0.033567901586362144,0.35301584374821987,-0.002849254757165909,114,0.08771929824561403,0.09649122807017543,0.8157894736842105,0.13054501601053695,0.1641129175968991,0.7053420626019177,high
2016-05-27,-0.02791482810344961,0.32761496629262965,0.009722083806991577,99,0.050505050505050504,0.10101010101010101,0.8484848484848485,0.12838545480197427,0.1563002829054239,0.7153142693480758,medium
2016-05-30,-0.02189935377593768,0.2668113692217399,0.014106424525380135,118,0.0423728813559322,0.07627118644067797,0.8813559322033898,0.09515753243181665,0.11705688620775433,0.7877855807605941,high
2016-05-31,-0.05018331310539334,0.34389810255464254,0.0027484484016895294,108,0.06481481481481481,0.12962962962962962,0.8055555555555556,0.11609153216704726,0.1662748452724406,0.7176336255959339,high
2016-06-01,0.009638330042694829,0.3332860602153555,0.014468437992036343,112,0.09821428571428571,0.07142857142857142,0.8303571428571429,0.14146072969638876,0.13182239965369394,0.7267168725707701,high
2016-06-02,-0.09627770163457502,0.3952283189737302,0.003815464675426483,110,0.06363636363636363,0.17272727272727273,0.7636363636363637,0.11768894415687431,0.21396664579144933,0.6683444134213707,high
2016-06-03,-0.06509826962764446,0.3046951385688457,-0.013135520741343498,104,0.057692307692307696,0.125,0.8173076923076923,0.1055619886252456,0.17066025825289005,0.723777748644352,high
2016-06-06,-0.0684896785225291,0.30629886317554056,-0.001003265380859375,174,0.034482758620689655,0.11494252873563218,0.8505747126436781,0.09461820204528155,0.16310788056781067,0.74227392181069,high
2016-06-07,-0.03003093334977371,0.3699967338332026,0.004911869764328003,142,0.09154929577464789,0.13380281690140844,0.7746478873239436,0.14014994545223217,0.17018087880200589,0.6896691769099151,high
2016-06-08,-0.010712241758020562,0.36624023326148875,0.0015857145190238953,114,0.10526315789473684,0.10526315789473684,0.7894736842105263,0.14465824273627317,0.15537048449429372,0.699971268116905,high
2016-06-09,-0.02549354153974303,0.34483761633393045,0.00040285103023052216,116,0.08620689655172414,0.11206896551724138,0.8017241379310345,0.1355786420854515,0.16107218362519454,0.7033491784321337,high
2016-06-10,-0.018059169618874535,0.31790113105210194,0.00027508288621902466,117,0.07692307692307693,0.1111111111111111,0.811965811965812,0.12385742539842413,0.14191659501729867,0.7342259819086037,high
2016-06-13,-0.04765180255784545,0.3308824318133575,0.005460497923195362,172,0.06395348837209303,0.11627906976744186,0.8197674418604651,0.11258469524706692,0.16023649780491236,0.727178807348706,high
2016-06-14,-0.08474177013096564,0.32222591556209385,-0.00147964246571064,85,0.058823529411764705,0.15294117647058825,0.788235294117647,0.10177033910089556,0.1865121092318612,0.7117175624212798,medium
2016-06-15,-0.052118731554531096,0.367348291610583,0.0010435320436954498,112,0.07142857142857142,0.14285714285714285,0.7857142857142857,0.12676098536134564,0.17887971691587673,0.6943592917939115,high
2016-06-16,-0.010973451884638052,0.30685005885654665,0.003024056553840637,128,0.0703125,0.09375,0.8359375,0.12801002111518756,0.1389834729998256,0.7330065114074387,high
2016-06-17,-0.058845678330040896,0.2962727813224285,0.005976980552077293,130,0.038461538461538464,0.11538461538461539,0.8461538461538461,0.08907231417699502,0.1479179925070359,0.763009695106974,high
2016-06-20,-0.07658726138570321,0.28711119903788823,-0.01693146675825119,189,0.031746031746031744,0.12169312169312169,0.8465608465608465,0.09785612844048984,0.17444338982619306,0.7277004827976857,high
2016-06-21,-0.028399837380718617,0.34952297057496295,0.003034028224647045,126,0.07936507936507936,0.10317460317460317,0.8174603174603174,0.12649972685095337,0.15489956423167198,0.7186007043938079,high
2016-06-22,-0.04474444228247547,0.3257902300427721,-0.0016923695802688599,121,0.049586776859504134,0.10743801652892562,0.8429752066115702,0.11734769576082914,0.1620921380433046,0.720560171926194,high
2016-06-23,-0.04750611346132834,0.3456078834802567,0.005329327657818794,136,0.08823529411764706,0.14705882352941177,0.7647058823529411,0.12731347007759133,0.1748195835389197,0.6978669444044285,high
2016-06-24,-0.08623301248795762,0.3296256053281009,-0.012972388416528702,314,0.044585987261146494,0.1464968152866242,0.8089171974522293,0.10116143488758214,0.18739444737553976,0.7114441205219478,high
2016-06-27,-0.11802461992868582,0.3330338898587458,-0.022169914096593857,254,0.031496062992125984,0.16141732283464566,0.8070866141732284,0.09229362794696756,0.2103182478756534,0.6973881258401932,high
2016-06-28,-0.07829585410828083,0.3766650355679269,0.004473250359296799,161,0.08074534161490683,0.17391304347826086,0.7453416149068323,0.12076477448727867,0.19906062859555948,0.6801745956647933,high
2016-06-29,-0.0744561557440869,0.38208591394325475,0.0029805488884449005,193,0.11398963730569948,0.18134715025906736,0.7046632124352331,0.13801825104927923,0.21247440679336613,0.6495073513837213,high
2016-06-30,-0.10390264283400029,0.3727431397684292,0.0018697762861847878,200,0.05,0.19,0.76,0.10854207378346473,0.21244471661746503,0.6790132107958198,high
2016-07-01,-0.10333044829312713,0.38331223141105014,0.0025271978229284286,180,0.07222222222222222,0.2,0.7277777777777777,0.11611850921116355,0.21944895750429066,0.6644325310881767,high
2016-07-04,0.009556025857678972,0.40630096557285944,0.009529645554721355,156,0.11538461538461539,0.10897435897435898,0.7756410256410257,0.1578215357596771,0.14826550990199813,0.6939129535204325,high
2016-07-05,-0.039138923542430766,0.3843876073502322,0.013932224363088608,117,0.08547008547008547,0.11965811965811966,0.7948717948717948,0.1363246045115157,0.17546352805394647,0.6882118765965232,high
2016-07-06,0.032443990658332665,0.3881645845823614,0.008929690346121788,123,0.12195121951219512,0.11382113821138211,0.7642276422764228,0.1716798209713969,0.13923583031306422,0.6890843386148534,high
2016-07-07,-0.04385350599860478,0.3649880183173051,-0.006123092025518417,152,0.08552631578947369,0.125,0.7894736842105263,0.1258710489032398,0.16972455490184457,0.704404390796921,high
2016-07-08,-0.043592495021213144,0.3741260920603228,-0.007008600980043411,137,0.0948905109489051,0.13138686131386862,0.7737226277372263,0.1344897576818501,0.17808225270306324,0.6874279900841469,high
2016-07-11,-0.016790990055435235,0.4037720648775322,0.005541084334254265,225,0.1111111111111111,0.12444444444444444,0.7644444444444445,0.15625861653023296,0.1730496065856682,0.6706917732208967,high
2016-07-12,-0.07554657611013191,0.38745157780859185,0.0017278529703617096,163,0.09815950920245399,0.18404907975460122,0.7177914110429447,0.13086995652139735,0.20641653263152926,0.6627135060704742,high
2016-07-13,-0.04619206328380064,0.32586135964290636,0.0010908283293247223,137,0.051094890510948905,0.12408759124087591,0.8248175182481752,0.11343670323028834,0.159628766514089,0.7269345352929222,high
2016-07-14,-0.048308377984953535,0.33302478715943035,0.00015886686742305756,176,0.06818181818181818,0.11931818181818182,0.8125,0.11945514546559108,0.1677635234505446,0.7127813302742486,high
2016-07-15,-0.03280099860165973,0.40051829191704447,0.011724942363798618,148,0.0945945945945946,0.14189189189189189,0.7635135135135135,0.14153828231517124,0.17433928091683099,0.6841224328916822,high
2016-07-18,-0.039311440025438675,0.33307729413268383,0.002958059310913086,265,0.06792452830188679,0.12075471698113208,0.8113207547169812,0.11806879907776162,0.15738023910320031,0.7245509665599972,high
2016-07-19,-0.05967121069198069,0.31635928175057065,0.0029289042577147484,184,0.03260869565217391,0.125,0.842391304347826,0.10055315687381865,0.16022436756579933,0.7392224772408119,high
2016-07-20,-0.049148438906457315,0.36212826605824616,0.0017497595399618149,186,0.08064516129032258,0.13978494623655913,0.7795698924731183,0.12150665580655538,0.1706550947130127,0.7078382492025372,high
2016-07-21,-0.04750291849909858,0.31640433703753484,0.0022146860137581825,220,0.05,0.12727272727272726,0.8227272727272728,0.10669646395624362,0.1541993824553422,0.7391041556711901,high
2016-07-22,-0.07877897540919292,0.3849606122389811,-0.013668432831764221,195,0.06666666666666667,0.15897435897435896,0.7743589743589744,0.1221716488783176,0.20095062428751054,0.6768777268437239,high
2016-07-25,-0.048688797015435124,0.37393913547740465,0.003207555040717125,299,0.0903010033444816,0.15719063545150502,0.7525083612040134,0.1281281107176955,0.1768169077331306,0.6950549842185499,high
2016-07-26,-0.02331718867335698,0.36308766485023625,0.003920270130038261,211,0.07582938388625593,0.11374407582938388,0.8104265402843602,0.1353634832585804,0.1586806719319374,0.7059558478197286,high
2016-07-27,-0.04126665426715129,0.3272983942622839,0.0024673789739608765,207,0.05314009661835749,0.12560386473429952,0.821256038647343,0.11784384998038483,0.15911050424753612,0.7230456448497548,high
2016-07-28,-0.08256071296139317,0.41809361272254775,-0.00630858913064003,193,0.09326424870466321,0.20207253886010362,0.7046632124352331,0.1294822263256333,0.21204293928702647,0.6584748333329673,high
2016-07-29,-0.08356226871798474,0.40849045387568794,0.006581515073776245,133,0.07518796992481203,0.17293233082706766,0.7518796992481203,0.1278676176478708,0.21142988636585555,0.6607024923415112,high
2016-08-01,-0.04982053719701903,0.33189214413424634,0.001577751711010933,201,0.05970149253731343,0.1044776119402985,0.835820895522388,0.1128911888458539,0.16271172604287293,0.7243970851344403,high
2016-08-02,-0.06947718874019171,0.3509131763840655,-0.0014075711369514465,140,0.07142857142857142,0.15714285714285714,0.7714285714285715,0.11177589450962841,0.18125308324982012,0.7069710275291332,high
2016-08-03,-0.02654194687974864,0.37407563665062865,0.0028756409883499146,145,0.10344827586206896,0.15862068965517243,0.7379310344827587,0.14683316075724775,0.17337510763699637,0.6797917327747263,high
2016-08-04,0.006547309682015088,0.3809987688395701,0.011142914183437824,154,0.1038961038961039,0.09740259740259741,0.7987012987012987,0.15347509049846755,0.14692778081645247,0.6995971355732385,high
2016-08-05,-0.08279035654503944,0.38303032701410683,-0.00732031837105751,121,0.0743801652892562,0.17355371900826447,0.7520661157024794,0.11915141787410767,0.20194177441914712,0.6789068046279929,high
2016-08-08,-0.04388796302968461,0.3432961080655108,0.0016831867396831512,181,0.06077348066298342,0.11049723756906077,0.8287292817679558,0.11400290330594086,0.1578908663356255,0.7281062320512797,high
2016-08-09,-0.017989040676642348,0.320998115721799,0.008170243352651596,135,0.06666666666666667,0.1037037037037037,0.8296296296296296,0.11886701335509618,0.13685605403173853,0.744276924652082,high
2016-08-10,-0.07757091039130765,0.36319053405734236,-0.0006085522472858429,155,0.08387096774193549,0.15483870967741936,0.7612903225806451,0.11467755111234804,0.19224846150365568,0.6930739861822898,high
2016-08-11,0.0045099913718571,0.3632470322785292,0.011261243373155594,152,0.10526315789473684,0.09210526315789473,0.8026315789473685,0.15002467455097326,0.14551468317911617,0.704460643844581,high
2016-08-12,0.006097322812535032,0.3695513038417444,0.008970241993665695,137,0.10218978102189781,0.11678832116788321,0.781021897810219,0.15056676823428294,0.14446944542174792,0.7049637883629677,high
2016-08-15,-0.00015830602942116232,0.30967279761302285,0.009319843724370003,251,0.07569721115537849,0.08366533864541832,0.8406374501992032,0.1254067488452531,0.12556505487467426,0.7490281996899748,high
2016-08-16,-0.07453474271611843,0.3412923064458915,0.004703089594841003,173,0.05202312138728324,0.13872832369942195,0.8092485549132948,0.10854079250806156,0.18307553522418,0.708383676978205,high
2016-08-17,-0.042000723211973345,0.3630581697107527,0.006747350096702576,159,0.06289308176100629,0.1320754716981132,0.8050314465408805,0.12365297593598096,0.1656536991479543,0.7106933241487486,high
2016-08-18,-0.024801713065995323,0.3492334869490487,0.007810251787304878,155,0.07741935483870968,0.10967741935483871,0.8129032258064516,0.13177566641280727,0.1565773794788026,0.7116469512182859,high
2016-08-19,0.009727901748071114,0.31407750296852754,0.01261378824710846,150,0.08666666666666667,0.1,0.8133333333333334,0.1371219960413873,0.12739409429331622,0.7354839122543733,high
2016-08-22,-0.02791613421054105,0.3146832173018137,-0.0036522001028060913,243,0.05761316872427984,0.09876543209876543,0.8436213991769548,0.1117942272455512,0.13971036145609225,0.7484954089585523,high
2016-08-23,-0.020802084244551915,0.3040196734824926,0.0025581829249858856,158,0.06329113924050633,0.0949367088607595,0.8417721518987342,0.12051684156508197,0.14131892580963387,0.7381642238838197,high
2016-08-24,-0.03763789951283435,0.3611733077308333,0.0030174218118190765,223,0.08071748878923767,0.13901345291479822,0.7802690582959642,0.12964734936241612,0.16728524887525045,0.7030674012235862,high
2016-08-25,-0.09232699168205727,0.31058504188736175,-0.0033016428351402283,192,0.015625,0.15104166666666666,0.8333333333333334,0.09077430875428642,0.18310130043634368,0.7261243913671933,high
2016-08-26,-0.09916352202235583,0.34160952718182314,-0.005181394517421722,237,0.0379746835443038,0.16455696202531644,0.7974683544303798,0.09469796938601614,0.19386149140837197,0.7114405415732147,high
2016-08-29,-0.026359963167510693,0.305146396887443,0.008646797388792038,287,0.04878048780487805,0.11498257839721254,0.8362369337979094,0.10589914769258753,0.13225911086009823,0.7618417415754928,high
2016-08-30,-0.03401927183825932,0.38534123367812056,0.0031200945377349854,191,0.07853403141361257,0.1256544502617801,0.7958115183246073,0.14468904756282636,0.1787083194010857,0.6766026385947672,high
2016-08-31,-0.04647168745913614,0.3571339211517934,0.0013794135302305222,208,0.0673076923076923,0.125,0.8076923076923077,0.12237492203264712,0.16884660949178326,0.7087784678173753,high
2016-09-01,-0.03343138257041574,0.34110645358450725,0.00017847120761871338,265,0.07169811320754717,0.10943396226415095,0.8188679245283019,0.13008233229541835,0.16351371486583408,0.7064039520708457,high
2016-09-02,-0.06341953321851873,0.3150545749392567,-0.015897960402071476,178,0.056179775280898875,0.11797752808988764,0.8258426966292135,0.10426212397791194,0.1676816571964307,0.728056214781206,high
2016-09-05,-0.058519534245367696,0.32392884079235285,-0.0014527365565299988,159,0.050314465408805034,0.11949685534591195,0.8301886792452831,0.10301616393709145,0.16153569818245914,0.7354481333644135,high
2016-09-06,0.02472508858911516,0.3637924430890913,0.011136488988995552,168,0.11904761904761904,0.07738095238095238,0.8035714285714286,0.14986917563891483,0.12514408704979965,0.7249867443017484,high
2016-09-07,0.011974132760579502,0.3716088291574363,0.0050500668585300446,172,0.11627906976744186,0.09302325581395349,0.7906976744186046,0.14670989793985215,0.13473576517927266,0.7185543375522938,high
2016-09-08,-0.08815686494441859,0.3496285590351088,-0.006887191906571388,192,0.041666666666666664,0.15625,0.8020833333333334,0.10031803045906902,0.1884748954034876,0.7112070701599199,high
2016-09-09,-0.09031641397022587,0.34686723003168646,-0.01008722372353077,204,0.049019607843137254,0.1568627450980392,0.7941176470588235,0.10323584234962861,0.19355225631985448,0.7032118999563596,high
2016-09-12,-0.09281345009661586,0.31273148399709993,-0.012374800629913807,262,0.026717557251908396,0.1450381679389313,0.8282442748091603,0.08562460099169203,0.17843805108830788,0.7359373491712426,high
2016-09-13,-0.06510952611764272,0.3784345339218669,-0.0021304599940776825,162,0.08024691358024691,0.14814814814814814,0.7716049382716049,0.122884947611134,0.1879944737287767,0.68912057849912,high
2016-09-14,-0.036285698101479816,0.27954539988359356,-0.0019277073442935944,161,0.049689440993788817,0.08695652173913043,0.8633540372670807,0.10388060089964304,0.14016629900112285,0.7559530988844655,high
2016-09-15,-0.021207761891846415,0.36714651415222466,0.0029585184529423714,158,0.08860759493670886,0.12025316455696203,0.7911392405063291,0.13620243084770214,0.15741019273954857,0.7063873743379041,high
2016-09-16,-0.07736041312236139,0.3331080070661175,-0.01742481254041195,186,0.04838709677419355,0.12365591397849462,0.8279569892473119,0.1056696258795758,0.1830300390019372,0.7113003302565826,high
2016-09-19,-0.06096223133099729,0.3439994191442859,-0.0013751722872257233,211,0.052132701421800945,0.14691943127962084,0.8009478672985783,0.10605361209785062,0.16701584342884793,0.7269305386690873,high
2016-09-20,-0.0907375929507441,0.33259814512614144,-0.008865762501955032,199,0.04522613065326633,0.1457286432160804,0.8090452261306532,0.08680763847461373,0.17754523142535783,0.735647123082349,high
2016-09-21,-0.011691265512962599,0.33429708305217853,0.008123734965920448,222,0.07207207207207207,0.0945945945945946,0.8333333333333334,0.13257605930672842,0.144267324819691,0.7231566143884987,high
2016-09-22,-0.032641510558124,0.3231250224634365,0.009874235838651657,171,0.05847953216374269,0.12280701754385964,0.8187134502923976,0.11042739515198254,0.14306890571010653,0.7465036967605875,high
2016-09-23,-0.04461256342656012,0.3900303003847805,0.005667129531502724,141,0.09219858156028368,0.1347517730496454,0.7730496453900709,0.13601065604082235,0.1806232194673825,0.6833661296503976,high
2016-09-26,-0.009160643577575683,0.2960487374993593,0.009587669745087624,250,0.064,0.072,0.864,0.11388196915015578,0.12304261272773147,0.7630754220411181,high
2016-09-27,-0.041944825317883905,0.31944559083871704,0.00511621218174696,172,0.040697674418604654,0.11046511627906977,0.8488372093023255,0.10627192177614847,0.14821674709403238,0.7455113303284485,high
2016-09-28,-0.020502272690365832,0.35812800667517003,0.011338275857269764,166,0.0963855421686747,0.14457831325301204,0.7590361445783133,0.1404280354639134,0.16093030815427922,0.6986416569540659,high
2016-09-29,-0.034837817621046034,0.37783087343310856,0.0046073198318481445,153,0.08496732026143791,0.13725490196078433,0.7777777777777778,0.13224124861576783,0.16707906623681387,0.7006796808438558,high
2016-09-30,0.0049577396943501825,0.3244664422297574,0.007207589223980904,146,0.0958904109589041,0.0958904109589041,0.8082191780821918,0.14050577372019116,0.13554803402584098,0.7239461928631549,high
2016-10-03,-0.05291956215125831,0.34370581107374354,-0.0013912804424762726,211,0.05687203791469194,0.10900473933649289,0.8341232227488151,0.10925736029795702,0.16217692244921533,0.7285657208942548,high
2016-10-04,-0.03745274299049172,0.34540792834192413,-0.0027717873454093933,145,0.0896551724137931,0.12413793103448276,0.7862068965517242,0.12831097444326714,0.16576371743375884,0.705925306408056,high
2016-10-05,-0.014268106340996328,0.34480254574183294,0.0071625784039497375,163,0.07975460122699386,0.12269938650306748,0.7975460122699386,0.1341066198892023,0.14837472623019862,0.7175186540748627,high
2016-10-06,-0.045147004902188544,0.36532546686785905,0.00045332126319408417,171,0.05847953216374269,0.14035087719298245,0.8011695906432749,0.12861666439525915,0.1737636692974477,0.6976196670588869,high
2016-10-07,-0.04535417059603018,0.38926654878618455,0.0019073151051998138,123,0.10569105691056911,0.15447154471544716,0.7398373983739838,0.14698833788222657,0.19234250847825674,0.6606691556460247,high
2016-10-10,-0.0445281285016487,0.25810422678681716,-0.002399889752268791,192,0.03125,0.078125,0.890625,0.09003284772916231,0.134560976230811,0.7754061734497858,high
2016-10-11,-0.09544209369602774,0.38129942369268977,-0.01536594144999981,116,0.06896551724137931,0.14655172413793102,0.7844827586206896,0.11038529889353005,0.2058273925895578,0.6837873061926201,high
2016-10-12,-0.03807224772453051,0.31518347409927555,0.0023216847330331802,116,0.06896551724137931,0.06896551724137931,0.8620689655172413,0.11240232200361788,0.1504745697281484,0.7371231104761106,high
2016-10-13,-0.12292836861040696,0.3635817023874043,-0.012898355722427368,133,0.05263157894736842,0.19548872180451127,0.7518796992481203,0.10024884245113323,0.22317721106154018,0.6765739510774165,high
2016-10-14,-0.028977825535604587,0.3301031272396351,0.0024010781198740005,130,0.06923076923076923,0.09230769230769231,0.8384615384615385,0.11565895608554666,0.14463678162115123,0.7397042650442857,high
2016-10-17,-0.016035731722615236,0.3150832571624538,0.003886021673679352,193,0.06735751295336788,0.09844559585492228,0.8341968911917098,0.1134251048547153,0.12946083657733054,0.7571140595764848,high
2016-10-18,-0.019372399094013067,0.35330934524169133,-0.011908196844160557,130,0.08461538461538462,0.12307692307692308,0.7923076923076923,0.13213400736164588,0.15150640645565894,0.7163595833170873,high
2016-10-19,-0.05046163770991067,0.32678567821158305,-0.008247319608926773,156,0.05128205128205128,0.12179487179487179,0.8269230769230769,0.1128056052690133,0.16326724297892398,0.7239271485819839,high
2016-10-20,-0.07538832987560645,0.3342780931383883,-0.0003126375377178192,152,0.05263157894736842,0.14473684210526316,0.8026315789473685,0.09873431926519659,0.17412264914080305,0.7271430335056625,high
2016-10-21,-0.008765939144756306,0.3192003060368788,0.007290269248187542,110,0.07272727272727272,0.06363636363636363,0.8636363636363636,0.12091830563731491,0.12968424478207122,0.7493974487381903,high
2016-10-24,-0.013262552186810913,0.2804938117031158,0.005823096260428429,208,0.0625,0.07692307692307693,0.8605769230769231,0.11601132897731777,0.1292738811641287,0.7547147898719861,high
2016-10-25,-0.08700191896098355,0.3512840559424787,-0.002912461757659912,150,0.04,0.14666666666666667,0.8133333333333334,0.09719968247848253,0.18420160143946607,0.7185987153525154,high
2016-10-26,-0.010501665223640304,0.35920792334166807,0.009571690112352371,119,0.10084033613445378,0.1092436974789916,0.7899159663865546,0.15037530022790702,0.16087696545154734,0.6887477398106531,high
2016-10-27,-0.05059512921824779,0.35862664479937356,0.0017358120530843735,164,0.08536585365853659,0.13414634146341464,0.7804878048780488,0.11923946102615446,0.16983459024440226,0.7109259550982132,high
2016-10-28,-0.08664172745170438,0.37133166657378647,0.0091383196413517,127,0.047244094488188976,0.16535433070866143,0.7874015748031497,0.10877031046442512,0.1954120379161295,0.6958176472818288,high
2016-10-31,-0.057619825992151166,0.32254429919399574,0.004105536267161369,160,0.04375,0.11875,0.8375,0.10100536388636101,0.15862518987851218,0.7403694433975033,high
2016-11-01,-0.05381037564813227,0.3537304439081334,-0.0006617316976189613,138,0.057971014492753624,0.14492753623188406,0.7971014492753623,0.12143447252152406,0.17524484816965633,0.703320676015447,high
2016-11-02,-0.10653777397237718,0.3433821106115784,-0.0033713970333337784,152,0.03289473684210526,0.15789473684210525,0.8092105263157895,0.09454686260218487,0.20108463657456205,0.7043685034824241,high
2016-11-03,-0.05703282245944831,0.30597172366677905,0.002199736423790455,168,0.041666666666666664,0.13690476190476192,0.8214285714285714,0.10032209421929326,0.15735491667874157,0.7423229905599285,high
2016-11-04,-0.11450509455365439,0.39782999797151825,-0.007859837263822556,120,0.05,0.18333333333333332,0.7666666666666667,0.11265604392780612,0.22716113848146052,0.6601828191739817,high
2016-11-07,-0.06898565368761343,0.30295712744432163,-0.004944223910570145,216,0.046296296296296294,0.12962962962962962,0.8240740740740741,0.09279100882769045,0.16177666251530387,0.7454323298556523,high
2016-11-08,-0.09325029965756194,0.31559023628614286,-0.0009886398911476135,140,0.02857142857142857,0.1357142857142857,0.8357142857142857,0.08884511101724846,0.18209541067481042,0.7290594762191176,high
2016-11-09,-0.027978544525103642,0.34862269052353884,-0.00029744766652584076,320,0.078125,0.10625,0.815625,0.1312309706787346,0.15920951520383825,0.7095595147227869,high
2016-11-10,-0.07413815857924438,0.3930173681131275,0.004146471619606018,182,0.08241758241758242,0.1813186813186813,0.7362637362637363,0.1278392285067629,0.2019773870860073,0.6701833834452043,high
2016-11-11,-0.048566733119145465,0.37003206808687866,0.009217264130711555,138,0.07246376811594203,0.15942028985507245,0.7681159420289855,0.12618304661178179,0.17474977973092726,0.6990671763466536,high
2016-11-14,-0.03274180419743061,0.35179509039107104,-0.005346965044736862,250,0.092,0.12,0.788,0.13022688922286033,0.16296869342029094,0.7068044176623225,high
2016-11-15,-0.009171124718270798,0.34872184955561847,0.006333434954285622,243,0.08641975308641975,0.102880658436214,0.8106995884773662,0.136220990043946,0.1453921147622168,0.7183868955713486,high
2016-11-16,-0.01437136408569942,0.3016139041724718,0.015087399631738663,249,0.05622489959839357,0.11244979919678715,0.8313253012048193,0.1253968122448907,0.1397681763305901,0.7348350101191715,high
2016-11-17,-0.011913302788322835,0.33579744022535035,0.009938932955265045,307,0.0781758957654723,0.10097719869706841,0.8208469055374593,0.13622250493179025,0.14813580772011306,0.715641690048022,high
2016-11-18,0.014161815461702644,0.27885255480338794,0.008169382810592651,200,0.085,0.055,0.86,0.13040270809084176,0.11624089262913913,0.753356397068128,high
2016-11-21,-0.04310802624685996,0.28935886704472324,0.0019782260060310364,335,0.03880597014925373,0.0955223880597015,0.8656716417910447,0.09793244009531701,0.14104046634217696,0.76102709166372,high
2016-11-22,-0.010963043986609387,0.3222000957542475,0.013466200791299343,186,0.07526881720430108,0.08064516129032258,0.8440860215053764,0.13222538239713158,0.14318842638374096,0.7245861899247894,high
2016-11-23,-0.011414348288512916,0.29890251973097337,-0.001560920849442482,139,0.05755395683453238,0.08633093525179857,0.8561151079136691,0.11671684887394201,0.12813119716245494,0.7551519571260797,high
2016-11-24,-0.041750227490609346,0.30268310158505085,-0.0020822864025831223,55,0.05454545454545454,0.09090909090909091,0.8545454545454545,0.09955809851261703,0.14130832600322638,0.7591335679658434,medium
2016-11-25,-0.07758594175370839,0.2583915268280713,-0.015629969537258148,65,0.015384615384615385,0.12307692307692308,0.8615384615384616,0.09164516259557925,0.16923110434928765,0.7391237342586884,medium
2016-11-28,-0.014052394567758288,0.3398589720922945,0.0074960459023714066,202,0.07920792079207921,0.10396039603960396,0.8168316831683168,0.13052654476135528,0.14457893932911356,0.7248945125461658,high
2016-11-29,-0.03191957168362953,0.31894967384317907,-0.0030360668897628784,91,0.054945054945054944,0.08791208791208792,0.8571428571428571,0.11662046555020325,0.14854003723383277,0.7348394948006659,medium
2016-11-30,-0.07239631296282537,0.3401826921614652,0.00020295195281505585,76,0.02631578947368421,0.14473684210526316,0.8289473684210527,0.101903533219899,0.17429984618272437,0.7237966254255489,medium
2016-12-01,-0.1371771887926435,0.37400414119442554,-0.010532934218645096,148,0.0472972972972973,0.23648648648648649,0.7162162162162162,0.09778944810701383,0.23496663689965736,0.6672439136970285,high
2016-12-02,-0.03448907798156142,0.36870159013183373,-0.0019784457981586456,107,0.08411214953271028,0.1308411214953271,0.7850467289719626,0.1339294672726053,0.16841854525416672,0.6976519818548287,high
2016-12-05,-0.020430212853852,0.2838923689816199,-0.002322312444448471,243,0.05761316872427984,0.07407407407407407,0.8683127572016461,0.11622442847401394,0.13665464132786595,0.7471209346726844,high
2016-12-06,-0.010938171995803714,0.317096350460056,-0.00386815145611763,156,0.08974358974358974,0.08974358974358974,0.8205128205128205,0.1266051917635382,0.13754336375934192,0.7358514412234609,high
2016-12-07,-0.012361767999827862,0.4165833676428644,0.02469855360686779,25,0.12,0.16,0.72,0.16232943810522557,0.17469120610505343,0.6629793480038643,low
2016-12-16,-0.08176592001965378,0.319819403678848,0.0010618716478347778,102,0.049019607843137254,0.12745098039215685,0.8235294117647058,0.09670877048070085,0.17847469050035464,0.7248165449492779,high
2016-12-19,-0.004906434316815126,0.2816022400009035,0.0016753487288951874,202,0.04950495049504951,0.06435643564356436,0.8861386138613861,0.10940962830226462,0.11431606261907976,0.7762743089680034,high
2016-12-20,-0.033668874753997304,0.30236500259512666,0.00961299054324627,104,0.038461538461538464,0.08653846153846154,0.875,0.10583640807845558,0.1395052828324529,0.7546583109069616,high
2016-12-21,-0.047364357406732394,0.3481393057894771,-0.004317019134759903,138,0.07246376811594203,0.10144927536231885,0.8260869565217391,0.11533247208411711,0.16269682949084951,0.7219707041816867,high
2016-12-22,-0.0826337145107401,0.29370259700531665,-0.01991743966937065,143,0.04195804195804196,0.16083916083916083,0.7972027972027972,0.09500028101818545,0.17763399552892556,0.7273657215902438,high
2016-12-23,0.06179835102944212,0.2945949803820254,0.016261509619653225,110,0.10909090909090909,0.02727272727272727,0.8636363636363636,0.1549506177109751,0.09315226668153297,0.7518971180373972,high
2016-12-26,-0.02584476977984869,0.24703816567738204,0.0045907460153102875,131,0.030534351145038167,0.05343511450381679,0.916030534351145,0.08467163643906363,0.11051640621891232,0.8048119576832721,high
2016-12-27,-0.04002286654819424,0.25015275118197733,0.007221025414764881,96,0.041666666666666664,0.10416666666666667,0.8541666666666666,0.09469631353082757,0.1347191800790218,0.7705845059050868,medium
2016-12-28,-0.11416088899649265,0.30441295742116015,-0.017827503383159637,72,0.013888888888888888,0.1527777777777778,0.8333333333333334,0.07558727592954205,0.18974816492603472,0.7346645643831127,medium
2016-12-29,-0.044226278008262475,0.3013955592007392,-0.005192078649997711,127,0.047244094488188976,0.10236220472440945,0.8503937007874016,0.10145985653374608,0.14568613454200854,0.7528540012463341,high
2016-12-30,-0.05516705303738008,0.2847350708792138,0.0015203803777694702,98,0.04081632653061224,0.11224489795918367,0.8469387755102041,0.0912880530504852,0.14645510608786527,0.7622568350361318,medium
2017-01-02,0.04325197634508432,0.3269783985771535,0.017937224358320236,181,0.09392265193370165,0.055248618784530384,0.850828729281768,0.14995628298975486,0.10670430664467054,0.7433394129331434,high
2017-01-03,-0.007646600327153844,0.2932159731941284,0.007049264386296272,127,0.047244094488188976,0.07086614173228346,0.8818897637795275,0.11057607591973515,0.118222676246889,0.7712012451787399,high
2017-01-04,-0.03015987244857983,0.32323383109882686,0.008491650223731995,143,0.055944055944055944,0.11888111888111888,0.8251748251748252,0.11359031916550406,0.1437501916140839,0.7426594839776521,high
2017-01-05,-0.043823502850577685,0.2857662780555493,-0.000479135662317276,165,0.03636363636363636,0.09090909090909091,0.8727272727272727,0.0934726724231785,0.13729617527375618,0.7692311494639426,high
2017-01-06,-0.02928706534303628,0.3086413258095765,0.008781220763921738,154,0.045454545454545456,0.09740259740259741,0.8571428571428571,0.1083224517256989,0.1376095170687352,0.7540680328988797,high
2017-01-09,-0.012185235382415928,0.29356876434971585,0.004762414842844009,260,0.06538461538461539,0.08076923076923077,0.8538461538461538,0.11192510636308445,0.12411034174550038,0.7639645513218756,high
2017-01-10,-0.021869211599392736,0.321126196590597,0.012185787782073021,138,0.057971014492753624,0.10144927536231885,0.8405797101449275,0.11705550879402005,0.13892472039341278,0.744019771359213,high
2017-01-11,-0.03489243189386766,0.29885701868061054,-0.005126666277647018,174,0.05747126436781609,0.09195402298850575,0.8505747126436781,0.11569369014823573,0.1505861220421034,0.7337201840790182,high
2017-01-12,-0.020477752201259136,0.3295580469049351,0.004003295674920082,166,0.07228915662650602,0.09036144578313253,0.8373493975903614,0.11872220228998417,0.1391999544912433,0.7420778429158121,high
2017-01-13,0.01211540993875054,0.3270596416297853,0.015817945823073387,127,0.07874015748031496,0.07874015748031496,0.84251968503937,0.13716045242374925,0.1250450424849987,0.7377945079842186,high
2017-01-16,-0.01719873356930119,0.22648743231395216,0.008844155818223953,141,0.02127659574468085,0.04964539007092199,0.9290780141843972,0.08186074475764382,0.09905947832694502,0.8190797771135649,high
2017-01-17,-0.054023320975948155,0.37508059703711644,0.0037249401211738586,123,0.08130081300813008,0.13821138211382114,0.7804878048780488,0.13209181824865623,0.18611513922460438,0.6817930462217427,high
2017-01-18,-0.07963967214205435,0.33544979055968493,0.0014805495738983154,140,0.04285714285714286,0.15714285714285714,0.8,0.10042036858254245,0.1800600407245968,0.719519586674869,high
2017-01-19,-0.02867424544416556,0.2950572140770998,0.009474923834204674,119,0.05042016806722689,0.09243697478991597,0.8571428571428571,0.10601155851192835,0.13468580395609392,0.7593026328675386,high
2017-01-20,-0.02118404329611132,0.26781546824842944,0.010329175740480423,104,0.028846153846153848,0.07692307692307693,0.8942307692307693,0.09769374467074297,0.1188777879668543,0.7834284714100739,high
2017-01-23,-0.010784137844800567,0.28620869785656544,0.0034272633492946625,156,0.057692307692307696,0.07051282051282051,0.8717948717948718,0.11427306941447732,0.12505720725927788,0.7606697209800283,high
2017-01-24,0.01351666068337087,0.3367948746823211,0.004128050059080124,116,0.10344827586206896,0.06896551724137931,0.8275862068965517,0.14142997980374714,0.12791331912037626,0.7306567024086313,high
2017-01-25,0.022575855007177438,0.2662175816909812,0.013346507214009762,154,0.07792207792207792,0.05194805194805195,0.8701298701298701,0.12344541555488264,0.10086956054770521,0.7756850210248263,high
2017-01-26,-0.05430257758049945,0.3333486668607117,0.0005328059196472168,123,0.04878048780487805,0.13821138211382114,0.8130081300813008,0.10935111409734662,0.16365369167784607,0.7269951947699718,high
2017-01-27,-0.06302211672198355,0.31807146381555845,-0.006094221957027912,114,0.07017543859649122,0.12280701754385964,0.8070175438596491,0.11320835389523652,0.17623047061722008,0.7105611874476859,high
2017-01-30,-0.037212483050382654,0.32122898574890196,0.002251267433166504,345,0.05217391304347826,0.09855072463768116,0.8492753623188406,0.1110285691646994,0.14824105221508205,0.7407303768223611,high
2017-01-31,-0.04889185404094557,0.34533118236844945,0.0017125755548477173,300,0.06,0.11,0.83,0.11153091721236706,0.16042277125331264,0.7280463141420235,high
2017-02-01,-0.04218420571815528,0.3134537620262817,-0.0016527678817510605,244,0.045081967213114756,0.11475409836065574,0.8401639344262295,0.11547679777760975,0.15766100349576503,0.7268621943829978,high
2017-02-02,-0.09104652813471416,0.3114629791498263,-0.007045825943350792,170,0.03529411764705882,0.1588235294117647,0.8058823529411765,0.09428292506867472,0.18532945320338887,0.7203876177506412,high
2017-02-03,-0.05179408522830768,0.3250997380609768,0.0005639996379613876,143,0.06993006993006994,0.11888111888111888,0.8111888111888111,0.12095603518109847,0.17275012040940615,0.7062938505054249,high
2017-02-06,-0.015761863694963407,0.29185063502521086,-0.00275329127907753,245,0.061224489795918366,0.08979591836734693,0.8489795918367347,0.1144441121010756,0.13020597579603901,0.755349913117837,high
2017-02-07,0.00047950627012822614,0.24655779193763258,-0.006489386782050133,159,0.06918238993710692,0.0440251572327044,0.8867924528301887,0.10711138708364663,0.1066318808135184,0.7862567294201573,high
2017-02-08,-0.019427579010186866,0.34567328452879353,0.009468000382184982,139,0.08633093525179857,0.10071942446043165,0.8129496402877698,0.13143568022324026,0.15086325923342714,0.7177010617292613,high
2017-02-09,-0.046564882044011435,0.3529832523590536,0.006906688213348389,213,0.07042253521126761,0.13145539906103287,0.7981220657276995,0.11965758154964504,0.16622246359365647,0.7141199563870407,high
2017-02-10,-0.01651959800528306,0.3084612337641995,0.011184297502040863,165,0.06060606060606061,0.10909090909090909,0.8303030303030303,0.12384601443385085,0.1403656124391339,0.7357883766745076,high
2017-02-13,-0.006942736432672693,0.28640098715250484,-0.0019413670524954796,260,0.07307692307692308,0.08076923076923077,0.8461538461538461,0.11113838262927647,0.11808111906194917,0.7707804967219439,high
2017-02-14,-0.041208968079719015,0.34810067346778806,0.00968465581536293,186,0.06451612903225806,0.15053763440860216,0.7849462365591398,0.12780162499546605,0.16901059307518504,0.70318778186676,high
2017-02-15,0.0007504808126638333,0.2947696665475801,0.0068816328421235085,150,0.08666666666666667,0.06666666666666667,0.8466666666666667,0.12391468302967648,0.12316420221701264,0.752921115582188,high
2017-02-16,0.008038846613659013,0.35035876619875994,0.007095858454704285,155,0.1032258064516129,0.09032258064516129,0.8064516129032258,0.1505915404687966,0.1425526938551376,0.7068557684219653,high
2017-02-17,-0.07997079520848477,0.36985956645009,-0.020235054194927216,144,0.0625,0.1597222222222222,0.7777777777777778,0.12006503930832776,0.20003583451681253,0.6798991316075748,high
2017-02-20,-0.037115191805095954,0.3051322865064231,0.004777466878294945,162,0.04938271604938271,0.1111111111111111,0.8395061728395061,0.1073133517574105,0.14442854356250645,0.7482581069623983,high
2017-02-21,-0.06466994310164305,0.3685318028470889,-0.0006092935800552368,183,0.07103825136612021,0.12021857923497267,0.8087431693989071,0.11831560839079525,0.18298555149243828,0.6986988369741889,high
2017-02-22,-0.03815892987096539,0.32360684206476337,-0.002316555008292198,182,0.04945054945054945,0.10989010989010989,0.8406593406593407,0.114464048291096,0.15262297816206138,0.7329129740841441,high
2017-02-23,-0.05397024843021243,0.3439748755296042,0.0051539503037929535,227,0.06167400881057269,0.13215859030837004,0.8061674008810573,0.11559685351253213,0.16956710194274455,0.7148360427107974,high
2017-02-24,-0.01602598674443745,0.3565050123330996,0.012321271002292633,172,0.0872093023255814,0.12790697674418605,0.7848837209302325,0.1338470666236136,0.14987305336805104,0.716279877403881,high
2017-02-27,-0.03836014663631266,0.2913629886881999,0.007665569894015789,286,0.045454545454545456,0.0979020979020979,0.8566433566433567,0.1048073502342132,0.14316749687052585,0.7520251529082864,high
2017-02-28,-0.09445086877893305,0.3554734265721052,6.071850657463074e-05,223,0.053811659192825115,0.16591928251121077,0.7802690582959642,0.10184830960905338,0.19629917838798644,0.7018525092507558,high
2017-03-01,0.01855362704191066,0.34694355045383474,0.006734201684594154,256,0.11328125,0.1015625,0.78515625,0.15809951041774184,0.13954588337583118,0.7023546015261672,high
2017-03-02,-0.06021607247003842,0.33775289895826915,-0.0052515659481287,252,0.06746031746031746,0.12698412698412698,0.8055555555555556,0.11477475664726207,0.1749908291173005,0.71023441468262,high
2017-03-03,-0.030451121274381876,0.3342339111928638,0.016347648575901985,192,0.057291666666666664,0.11979166666666667,0.8229166666666666,0.12401137406898972,0.15446249534337161,0.7215261228654223,high
2017-03-06,-0.038939119087979465,0.260900285557192,0.0025869011878967285,279,0.03225806451612903,0.08602150537634409,0.8817204301075269,0.08927177542346566,0.12821089451144513,0.7825173294792572,high
2017-03-07,-0.06461837385050072,0.3233107543816864,-0.002934444695711136,186,0.043010752688172046,0.12903225806451613,0.8279569892473119,0.10516533813869922,0.16978371198919992,0.7250509494615178,high
2017-03-08,-0.026195048893907967,0.3014984975534081,0.006018540821969509,158,0.06329113924050633,0.08227848101265822,0.8544303797468354,0.10903785288145271,0.13523290177536068,0.7557292470849956,high
2017-03-09,-0.04336971499853664,0.3704115869504537,0.004027503542602062,162,0.07407407407407407,0.12962962962962962,0.7962962962962963,0.12487068202599515,0.16824039702453178,0.7068889197996922,high
2017-03-10,-0.020207596344075034,0.33317157909649814,0.0019918251782655716,168,0.06547619047619048,0.10714285714285714,0.8273809523809523,0.1251489556882353,0.14535655203231035,0.7294944913148702,high
2017-03-13,-0.017363064924073458,0.316302699301339,0.0076684653759002686,277,0.06859205776173286,0.09025270758122744,0.8411552346570397,0.12237488213818964,0.13973794706226308,0.7378871709323532,high
2017-03-14,-0.06681898350239192,0.3217986699855615,-0.007141348905861378,152,0.046052631578947366,0.1118421052631579,0.8421052631578947,0.09874496375529193,0.16556394725768386,0.7356910896487534,high
2017-03-15,0.00015452506344223245,0.3099675406024628,0.009279390797019005,213,0.0892018779342723,0.09389671361502347,0.8169014084507042,0.13873303588917,0.13857851082572775,0.7226884565775243,high
2017-03-16,0.015029455746778032,0.3554540786752797,0.0008667204529047012,176,0.11363636363636363,0.10795454545454546,0.7784090909090909,0.15396662297214128,0.13893716722536323,0.7070962070402774,high
2017-03-17,-0.005549683085792548,0.2759008643552313,0.001492626965045929,143,0.06993006993006994,0.07692307692307693,0.8531468531468531,0.11372616021548743,0.11927584330127998,0.7669979991013562,high
2017-03-20,-0.03131347001498925,0.35931102217377386,0.003965968266129494,238,0.08403361344537816,0.14285714285714285,0.773109243697479,0.1319084000194586,0.16322187003444785,0.7048697298267433,high
2017-03-21,-0.08353293384077834,0.3697035714322913,-0.00756444875150919,134,0.08208955223880597,0.17164179104477612,0.746268656716418,0.12771821623223265,0.21125115007301098,0.6610306325549288,high
2017-03-22,-0.08886918765171592,0.3484445896503138,-0.017615478485822678,116,0.05172413793103448,0.15517241379310345,0.7931034482758621,0.09862686419891643,0.18749605185063234,0.7138770787960624,high
2017-03-23,-0.03174049901107038,0.26516768485082404,-0.004689663648605347,142,0.04225352112676056,0.056338028169014086,0.9014084507042254,0.09869231528300844,0.13043281429407882,0.7708748695899693,high
2017-03-24,-0.0437638043164233,0.305895480147716,-0.0006727129220962524,153,0.05228758169934641,0.1111111111111111,0.8366013071895425,0.1040346676215919,0.1477984719380152,0.7481668613412801,high
2017-03-27,-0.031920051189815314,0.34415351046374326,0.002597937360405922,226,0.08849557522123894,0.11946902654867257,0.7920353982300885,0.1282877530985042,0.16020780428831952,0.7115044404826729,high
2017-03-28,0.035925236044694546,0.3278655913524024,0.010176018811762333,138,0.09420289855072464,0.07971014492753623,0.8260869565217391,0.15098974519692684,0.1150645091522323,0.7339457468116197,high
2017-03-29,-0.04318119663974806,0.3427175420595522,0.00677734799683094,146,0.06164383561643835,0.11643835616438356,0.821917808219178,0.1171881978285231,0.16036939446827117,0.7224424062041591,high
2017-03-30,-0.0009176268974053008,0.2973765475955595,0.006107335910201073,140,0.08571428571428572,0.08571428571428572,0.8285714285714286,0.13687386328487525,0.13779149018228054,0.725334644690156,high
2017-03-31,-0.029871700990393206,0.32999605990846437,-0.0012174397706985474,135,0.07407407407407407,0.1037037037037037,0.8222222222222222,0.11168317505055003,0.14155487604094324,0.7467619393986684,high
2017-04-03,-0.06965998751869382,0.33492429269030766,-0.003719278611242771,258,0.05426356589147287,0.13953488372093023,0.8062015503875969,0.10176759933720725,0.17142758685590107,0.7268048171387163,high
2017-04-04,-0.07613162742613035,0.3263653342560429,-0.0033015068620443344,148,0.033783783783783786,0.10810810810810811,0.8581081081081081,0.09252234983471902,0.16865397726084935,0.7388236652052885,high
2017-04-05,-0.054877976042121815,0.34930014968181367,-0.0024720430374145508,183,0.060109289617486336,0.12021857923497267,0.819672131147541,0.11738117514025481,0.1722591511823766,0.7103596701200217,high
2017-04-06,-0.08643324108155401,0.3499376633513217,-0.004791572690010071,172,0.06395348837209303,0.1686046511627907,0.7674418604651163,0.1104505425427369,0.1968837836242909,0.6926656719405464,high
2017-04-07,-0.08293000310896688,0.3506631437661966,-0.0005759671330451965,157,0.06369426751592357,0.1592356687898089,0.7770700636942676,0.1066363677501109,0.1895663708590778,0.7037972686990241,high
2017-04-10,-0.04725199740223455,0.3243161483416956,-0.006183252669870853,226,0.05752212389380531,0.11061946902654868,0.831858407079646,0.10443657840008691,0.15168857580232145,0.7438748426554082,high
2017-04-11,-0.07789321320417981,0.32326921065920033,-0.016128230839967728,195,0.06153846153846154,0.1282051282051282,0.8102564102564103,0.10136796456451218,0.179261177768692,0.7193708553528174,high
2017-04-12,-0.07098090748838855,0.3659406093072241,-0.004465351812541485,132,0.06818181818181818,0.1590909090909091,0.7727272727272727,0.11714034246026793,0.18812124994865648,0.6947384053756568,high
2017-04-13,-0.09925603365991265,0.33787871977667533,-0.009084915742278099,160,0.04375,0.15625,0.8,0.10267901474726386,0.20193504840717652,0.6953859395813197,high
2017-04-14,0.020186637936491673,0.3470553032831458,0.013027012348175049,73,0.1232876712328767,0.1232876712328767,0.7534246575342466,0.15309881198232714,0.13291217404583547,0.7139890135763443,medium
2017-04-17,-0.021932258034074628,0.32967958553353804,-0.004024110734462738,185,0.07567567567567568,0.0972972972972973,0.827027027027027,0.12093888751256304,0.14287114554663768,0.7361899652593845,high
2017-04-18,-0.05522235808543917,0.3845994808000784,0.0011293254792690277,133,0.09022556390977443,0.16541353383458646,0.7443609022556391,0.13785203816579247,0.19307439625123166,0.6690735664162645,high
2017-04-19,-0.08481285730997722,0.3641452692025488,-0.0024069733917713165,150,0.06666666666666667,0.16,0.7733333333333333,0.11077611486737927,0.1955889721773565,0.6936349121357004,high
2017-04-20,-0.05612455872745302,0.34983082783896113,0.0012909714132547379,152,0.05921052631578947,0.1513157894736842,0.7894736842105263,0.11921672156007078,0.1753412802875238,0.7054419947641069,high
2017-04-21,-0.10647802042015093,0.39203542019869647,-0.014445960521697998,152,0.08552631578947369,0.20394736842105263,0.7105263157894737,0.11914918438139323,0.22562720480154416,0.6552236112520883,high
2017-04-24,-0.03955510270424953,0.3182576475090019,0.006573847495019436,214,0.056074766355140186,0.11214953271028037,0.8317757009345794,0.10778897825332585,0.14734408095757537,0.744866935945351,high
2017-04-25,-0.05668520113619054,0.31957641625539296,-0.001904800534248352,191,0.05235602094240838,0.13089005235602094,0.8167539267015707,0.1110928242840848,0.16777802542027534,0.7211291474529118,high
2017-04-26,-0.021010575476102532,0.3361794215445684,0.011875353753566742,200,0.07,0.11,0.82,0.12937165866605937,0.1503822341421619,0.7202461010264233,high
2017-04-27,-0.013133872024890483,0.35245668037067124,0.015224561095237732,191,0.08376963350785341,0.1256544502617801,0.7905759162303665,0.13696505268548093,0.15009892471037142,0.7129360192031137,high
2017-04-28,-0.09063749171273652,0.37176347834000006,-0.016227170825004578,129,0.06976744186046512,0.1937984496124031,0.7364341085271318,0.11443345358436421,0.20507094529710074,0.6804955937257109,high
2017-05-01,-0.044827857441299294,0.30743394212863323,0.000807369127869606,306,0.05228758169934641,0.10457516339869281,0.8431372549019608,0.10704618992490901,0.1518740473662083,0.7410797573857351,high
2017-05-02,-0.08759025908527181,0.3785876357940811,-0.0003599245101213455,237,0.05485232067510549,0.189873417721519,0.7552742616033755,0.118828918079488,0.20641917716475983,0.6747519015275603,high
2017-05-03,-0.013174843974411488,0.3784647071607728,0.009732162579894066,205,0.1024390243902439,0.12195121951219512,0.775609756097561,0.1456504439185487,0.1588252878929602,0.6955242690607542,high
2017-05-04,-0.05668982794685733,0.35113952884381805,-0.0033373795449733734,168,0.07142857142857142,0.125,0.8035714285714286,0.11721937977043646,0.1739092077172938,0.7088714135212025,high
2017-05-05,-0.08279184030559589,0.3557726756620084,-0.014716381207108498,127,0.06299212598425197,0.16535433070866143,0.7716535433070866,0.10678642287879712,0.18957826318439303,0.7036353169874413,high
2017-05-08,-0.04053837945917621,0.33635506832611123,0.011431463994085789,200,0.065,0.12,0.815,0.11296550686471164,0.15350388632388787,0.7335306038148701,high
2017-05-09,0.005950774022579541,0.35924264575899795,-0.007980439811944962,171,0.1111111111111111,0.08771929824561403,0.8011695906432749,0.15130205296677107,0.14535127894419153,0.7033466665586184,high
2017-05-10,-0.041369270668586804,0.3338641710170594,0.006743847392499447,210,0.07142857142857142,0.12380952380952381,0.8047619047619048,0.11897605913691223,0.16034532980549904,0.7206786167497437,high
2017-05-11,-0.02490089799548629,0.30369753163165175,0.01639378722757101,158,0.05063291139240506,0.10759493670886076,0.8417721518987342,0.11797270766471195,0.14287360566019824,0.7391536877007235,high
2017-05-12,-0.006603911797813818,0.25160437003939895,0.016796985641121864,147,0.027210884353741496,0.07482993197278912,0.8979591836734694,0.10964529469077076,0.11624920648858458,0.7741055030401062,high
2017-05-15,-0.02334890274178921,0.25739632394207906,0.00907057523727417,196,0.04591836734693878,0.07653061224489796,0.8775510204081632,0.10083509759730375,0.12418400033909295,0.7749809030329391,high
2017-05-16,0.010603908977999881,0.3463185455694053,0.015034213662147522,148,0.0945945945945946,0.10810810810810811,0.7972972972972973,0.14543295756133423,0.13482904858333436,0.719737993213474,high
2017-05-17,-0.08053190275808578,0.34972322917989684,-0.010863499715924263,222,0.06756756756756757,0.13513513513513514,0.7972972972972973,0.11416499468556664,0.19469689744365243,0.6911381152836052,high
2017-05-18,-0.04113541280610427,0.3737370100210982,-0.00027034152299165726,186,0.0967741935483871,0.14516129032258066,0.7580645161290323,0.13915095236953548,0.18028636517563976,0.6805626785542856,high
2017-05-19,-0.06054937193639637,0.3807290000197456,-0.00027723610401153564,123,0.0975609756097561,0.17073170731707318,0.7317073170731707,0.12702862985008131,0.18757800178647768,0.685393365524043,high
2017-05-22,-0.05134327417680463,0.299994554040155,0.004799572750926018,207,0.033816425120772944,0.1111111111111111,0.855072463768116,0.09181170495775874,0.14315497913456338,0.7650333134016553,high
2017-05-23,-0.06964324190722485,0.38538598783847616,-0.009184390306472778,95,0.07368421052631578,0.15789473684210525,0.7684210526315789,0.11312006493344119,0.18276330684066602,0.7041166282798115,medium
2017-05-24,-0.023473283328063838,0.35667723157476083,0.00394013524055481,143,0.06993006993006994,0.11888111888111888,0.8111888111888111,0.12842274711213328,0.15189603044019712,0.7196812279118628,high
2017-05-25,-0.03092774369226965,0.3215258534358653,0.016411193646490574,152,0.06578947368421052,0.125,0.8092105263157895,0.12068743297009189,0.15161517666236154,0.7276973858916838,high
2017-05-26,-0.000372882512909872,0.30978697691509166,0.001049436628818512,111,0.07207207207207207,0.09009009009009009,0.8378378378378378,0.12994988823963985,0.13032277075254972,0.7397273379873048,high
2017-05-29,-0.059841318544701184,0.2883372792929805,-0.00416964665055275,101,0.039603960396039604,0.1188118811881188,0.8415841584158416,0.08631918441946848,0.14616050296416966,0.7675203166828297,high
2017-05-30,-0.0370292565120118,0.26789020750202036,-0.01671125367283821,105,0.0761904761904762,0.047619047619047616,0.8761904761904762,0.09845402026992468,0.13548327678193647,0.7660626994357222,high
2017-05-31,-0.0341067251449983,0.3784182479792178,-0.003594355657696724,140,0.08571428571428572,0.10714285714285714,0.8071428571428572,0.12433160322917891,0.1584383283741772,0.7172300669763769,high
2017-06-01,-0.025073173172721588,0.34148050786086054,-0.00024321675300598145,148,0.07432432432432433,0.11486486486486487,0.8108108108108109,0.12752472244303775,0.15259789561575934,0.7198773831305271,high
2017-06-02,-0.04898677909125884,0.3863434387417953,0.006615430116653442,120,0.11666666666666667,0.13333333333333333,0.75,0.13862489606253803,0.18761167515379687,0.6737634347130855,high
2017-06-05,-0.05026403802822438,0.30787067096659093,0.0016587749123573303,258,0.04263565891472868,0.09689922480620156,0.8604651162790697,0.09749099959496611,0.14775503762319048,0.7547539608091001,high
2017-06-06,-0.055274300114532195,0.29110714551668626,-0.003970477730035782,166,0.04819277108433735,0.08433734939759036,0.8674698795180723,0.09666949129068708,0.15194379140521927,0.751386725018362,high
2017-06-07,-0.026536312578793835,0.3097173557495766,0.007726485840976238,170,0.052941176470588235,0.1,0.8470588235294118,0.11731115971856257,0.14384747229735642,0.7388413677320761,high
2017-06-08,-0.016506954237091833,0.38217445844243747,-9.047985076904297e-05,205,0.0975609756097561,0.11707317073170732,0.7853658536585366,0.14372801602613636,0.1602349702632282,0.6960370135198279,high
2017-06-09,-0.06648675870099986,0.35113733801309543,0.0030181724578142166,370,0.062162162162162166,0.13783783783783785,0.8,0.11819886227541075,0.1846856209764106,0.697115518273534,high
2017-06-12,-0.05220580580107008,0.3334832827912485,-0.003419404849410057,312,0.07051282051282051,0.125,0.8044871794871795,0.11174140759230329,0.16394721339337337,0.7243113713458371,high
2017-06-13,-0.02499673830891919,0.2899895569099718,0.0003290101885795593,184,0.05434782608695652,0.08152173913043478,0.8641304347826086,0.109246864970571,0.1342436032794902,0.7565095324433692,high
2017-06-14,-0.04537631164676224,0.3258063343468616,-0.0008751526474952698,153,0.058823529411764705,0.1437908496732026,0.7973856209150327,0.12125098480678656,0.1666272964535488,0.7121217192327177,high
2017-06-15,-0.09216381306760013,0.39866879758205354,-0.008054287172853947,160,0.08125,0.175,0.74375,0.12296785985818133,0.21513167292578145,0.6619004726526327,high
2017-06-16,-0.05468135090278728,0.3222120633453742,0.00893716886639595,175,0.04,0.13142857142857142,0.8285714285714286,0.1047221852093935,0.15940353611218078,0.7358742758099522,high
2017-06-19,-0.036791742853579466,0.30095824022308254,0.0012249099090695381,232,0.03879310344827586,0.08620689655172414,0.875,0.1006114823755744,0.13740322522915385,0.7619852957171227,high
2017-06-20,-0.010728044333038748,0.3036923891734831,0.008658681064844131,182,0.07692307692307693,0.07692307692307693,0.8461538461538461,0.12293260518952713,0.13366064952256587,0.7434067448580658,high
2017-06-21,-0.03888703572253386,0.3203704980010829,-0.0013700835406780243,222,0.04504504504504504,0.1036036036036036,0.8513513513513513,0.10444199371462067,0.14332902943715453,0.7522289812699094,high
2017-06-22,-0.050839798300503156,0.31168647944963757,-0.0025511234998703003,195,0.06666666666666667,0.1282051282051282,0.8051282051282052,0.11301496133972437,0.16385475964022753,0.7231302775729161,high
2017-06-23,-0.04756414784759573,0.29198943897546853,0.005244837142527103,154,0.032467532467532464,0.09740259740259741,0.8701298701298701,0.09864419907960412,0.14620834692719986,0.7551474555141546,high
2017-06-26,-0.04152353387909903,0.34204283490941867,-0.0019101686775684357,319,0.06896551724137931,0.13166144200626959,0.799373040752351,0.12009752634036877,0.16162106021946782,0.7182814128942157,high
2017-06-27,-0.09205730979993325,0.361394641996692,-0.011754787527024746,194,0.04639175257731959,0.16494845360824742,0.788659793814433,0.10414833342656493,0.1962056432264982,0.699646024427079,high
2017-06-28,-0.026050026638951805,0.30243661720385756,-0.009446930140256882,194,0.05670103092783505,0.0979381443298969,0.845360824742268,0.10881861545068701,0.1348686420896388,0.7563127472747079,high
2017-06-29,-0.08730957365433077,0.3394347402731458,-0.009158800356090069,334,0.0658682634730539,0.1467065868263473,0.7874251497005988,0.10662497098775145,0.19393454464208223,0.6994404870749056,high
2017-06-30,-0.029363799587978672,0.3326499803490758,0.004601340740919113,144,0.06944444444444445,0.10416666666666667,0.8263888888888888,0.12213571151692627,0.15149951110490495,0.7263647790015157,high
2017-07-03,-0.10341123416088521,0.3270959350644103,-0.002334810793399811,200,0.02,0.165,0.815,0.08476338638924062,0.18817462055012585,0.7270619979780167,high
2017-07-04,-0.07675724130405008,0.31249944886008385,-0.016109483316540718,53,0.03773584905660377,0.09433962264150944,0.8679245283018868,0.08659484023052566,0.16335208153457575,0.7500530721022273,medium
2017-07-05,-0.042909746830859644,0.3107751450571271,-0.003980681300163269,132,0.06060606060606061,0.08333333333333333,0.8560606060606061,0.10751816397532821,0.15042791080618786,0.7420539278537035,high
2017-07-06,-0.06717251996165068,0.33911367387794816,-0.006339207291603088,127,0.05511811023622047,0.11811023622047244,0.8267716535433071,0.10124461733787431,0.16841713729952498,0.7303382455715983,high
2017-07-07,-0.03888245244228909,0.368741156363696,0.004321400076150894,129,0.09302325581395349,0.13953488372093023,0.7674418604651163,0.13742903079620974,0.17631148323849882,0.6862594868352477,high
2017-07-10,-0.06286330289982689,0.33220760034939223,-0.004547439515590668,191,0.05759162303664921,0.11518324607329843,0.8272251308900523,0.10780364358358827,0.17066694648341516,0.7215294131414273,high
2017-07-11,-0.0622135009648077,0.3216294433513218,-0.003291770815849304,148,0.0472972972972973,0.12837837837837837,0.8243243243243243,0.10486344858764897,0.16707694955245667,0.728059602800656,high
2017-07-12,-0.008956375481052832,0.31701658435722907,0.00037610530853271484,165,0.08484848484848485,0.09696969696969697,0.8181818181818182,0.131072863947713,0.14002923942876586,0.7288978956978429,high
2017-07-13,-0.04392741280881798,0.33915012720891125,0.006761286407709122,187,0.058823529411764705,0.11764705882352941,0.8235294117647058,0.1141042267196478,0.15803163952846577,0.7278641326761341,high
2017-07-14,-0.0530165807704705,0.31188937858072485,0.007219746708869934,173,0.05202312138728324,0.10404624277456648,0.8439306358381503,0.09890796577913223,0.15192454654960275,0.74916749108432,high
2017-07-17,-0.05616858032097886,0.31114377976721386,-0.00012899469584226608,266,0.041353383458646614,0.11278195488721804,0.8458646616541353,0.09643537045414455,0.1526039507751234,0.750960677231949,high
2017-07-18,-0.07384628534287294,0.3604433954617111,-0.0027351006865501404,188,0.07446808510638298,0.15425531914893617,0.7712765957446809,0.1158712809741933,0.18971756631706624,0.6944111516461411,high
2017-07-19,-0.06080575061078446,0.3875606661809556,0.0016208300366997719,156,0.07051282051282051,0.15384615384615385,0.7756410256410257,0.12219671330128151,0.18300246391206598,0.69480082549107,high
2017-07-20,-0.050314171561733526,0.32844613028477526,0.0014247838407754898,188,0.05851063829787234,0.1276595744680851,0.8138297872340425,0.11551106951021134,0.16582524107194485,0.7186636877285831,high
2017-07-21,-0.029993725216223135,0.3011992042114383,0.01050418522208929,144,0.05555555555555555,0.0763888888888889,0.8680555555555556,0.10673854163097632,0.13673226684719944,0.7565291974331356,high
2017-07-24,-0.05612524654198852,0.33407360522116714,-0.007369594648480415,270,0.05925925925925926,0.11851851851851852,0.8222222222222222,0.10504489999298972,0.16117014653497824,0.7337849480099976,high
2017-07-25,-0.05135747243734196,0.3937803007246241,-0.008387874811887741,233,0.0944206008583691,0.13304721030042918,0.7725321888412017,0.1377726919877107,0.18913016442505268,0.6730971387767357,high
2017-07-26,-0.049478737247437975,0.39727002292299657,0.0008577927947044373,203,0.08374384236453201,0.15270935960591134,0.7635467980295566,0.13452097365696883,0.1839997109044068,0.6814793231415337,high
2017-07-27,-0.043313548801110144,0.35526895067664094,-0.0005378387868404388,282,0.0851063829787234,0.14893617021276595,0.7659574468085106,0.13582659674914066,0.1791401455502508,0.6850332593254692,high
2017-07-28,-0.053536413971866884,0.37924616721285576,0.006899408996105194,175,0.09714285714285714,0.13142857142857142,0.7714285714285715,0.1310197358152696,0.1845561497871365,0.6844241073408297,high
2017-07-31,-0.02654598014279535,0.289739726583129,0.00625455379486084,224,0.05357142857142857,0.09375,0.8526785714285714,0.11066330216791746,0.1372092823107128,0.7521274155754197,high
2017-08-01,-0.051080674475857187,0.32881019001358497,-0.0005221664905548096,175,0.05714285714285714,0.11428571428571428,0.8285714285714286,0.11422114556389196,0.16530182003974914,0.720477035343647,high
2017-08-02,-0.09128994275619026,0.34104894941109243,-0.007627647370100021,213,0.04225352112676056,0.14084507042253522,0.8169014084507042,0.10165519391059735,0.19294513666678761,0.7053996712196741,high
2017-08-03,-0.04344159724438651,0.3812697852100976,0.0006561502814292908,233,0.1072961373390558,0.15450643776824036,0.7381974248927039,0.14699674644327598,0.1904383436876625,0.6625649060558352,high
2017-08-04,-0.13200440759577886,0.3620286922562095,-0.012813229113817215,232,0.04741379310344827,0.22413793103448276,0.728448275862069,0.1047097602417564,0.23671416783753527,0.6585760704233664,high
2017-08-07,-0.016060215610672127,0.29701983666773385,0.004720747470855713,275,0.04727272727272727,0.09090909090909091,0.8618181818181818,0.11049364582042802,0.12655386143110015,0.7629524952715093,high
2017-08-08,-0.06104378698065,0.32873575827593865,-0.002235637977719307,204,0.05392156862745098,0.13725490196078433,0.8088235294117647,0.1146394366298017,0.1756832236104517,0.7096773408188978,high
2017-08-09,-0.07929025845649311,0.301623282991429,-0.004044104367494583,158,0.0379746835443038,0.12658227848101267,0.8354430379746836,0.08567043465173131,0.16496069310822442,0.7493688739789061,high
2017-08-10,-0.09578941848193263,0.34800510479785207,-0.012056473642587662,290,0.04482758620689655,0.15172413793103448,0.803448275862069,0.1013215139765164,0.19711093245844902,0.7015675524763506,high
2017-08-11,-0.03783135888105268,0.3567210692773656,0.003672119230031967,197,0.08121827411167512,0.1218274111675127,0.7969543147208121,0.12803833900482825,0.1658696978858809,0.706091965799253,high
2017-08-14,-0.0023454508126709924,0.3188384414029794,0.014201056212186813,273,0.08791208791208792,0.08791208791208792,0.8241758241758241,0.13233672863302323,0.13468217944569422,0.7329810965233124,high
2017-08-15,-0.0767977593071533,0.3820051098384584,0.001018710434436798,165,0.07272727272727272,0.16363636363636364,0.7636363636363637,0.12302199906923554,0.19981975837638885,0.6771582445299084,high
2017-08-16,-0.07005649464230777,0.34628855946990167,-0.010164828039705753,144,0.0625,0.1388888888888889,0.7986111111111112,0.11451186179571475,0.18456835643802252,0.700919779858345,high
2017-08-17,-0.06875016380055166,0.36338844301505,-0.005989432334899902,161,0.08074534161490683,0.13664596273291926,0.782608695652174,0.11605386189561083,0.18480402569616247,0.6991421152369021,high
2017-08-18,-0.10368036515466923,0.34910111300693564,-0.014821488410234451,137,0.043795620437956206,0.18248175182481752,0.7737226277372263,0.09839748545638184,0.20207785061105107,0.6995246626409518,high
2017-08-21,-0.0638772352182302,0.30814051544094423,-0.004701288416981697,217,0.04608294930875576,0.12442396313364056,0.8294930875576036,0.09551690384951604,0.15939413906774624,0.7450889525462955,high
2017-08-22,-0.025879180450583735,0.3534387192958914,0.006298846565186977,126,0.07936507936507936,0.1111111111111111,0.8095238095238095,0.1269717425817535,0.15285092303233724,0.7201773330924057,high
2017-08-23,-0.046221960508200814,0.3081210284776336,0.0002699419856071472,146,0.03424657534246575,0.0958904109589041,0.8698630136986302,0.10265254891439252,0.14887450942259334,0.7484729455988088,high
2017-08-24,-0.059221293289085916,0.4008580543610558,-0.00951322540640831,145,0.1103448275862069,0.1724137931034483,0.7172413793103448,0.1399687297256856,0.19919002301477154,0.6608412504517313,high
2017-08-25,-0.056653613557240794,0.30893086839966527,0.0025596991181373596,112,0.05357142857142857,0.10714285714285714,0.8392857142857143,0.0987994930723549,0.1554531066295957,0.7457473999488035,high
2017-08-28,-0.05776862835622217,0.3020563075286856,-0.00019737333059310913,202,0.04950495049504951,0.11386138613861387,0.8366336633663366,0.1015703165627057,0.1593389449189279,0.7390907421837202,high
2017-08-29,-0.08920390228371299,0.3597342734055197,-0.0038659991696476936,126,0.047619047619047616,0.1746031746031746,0.7777777777777778,0.10803277931723093,0.19723668160094393,0.694730542008839,high
2017-08-30,0.018024728817970685,0.3084872455752738,0.013508159667253494,106,0.09433962264150944,0.07547169811320754,0.8301886792452831,0.14072006896032757,0.1226953401423569,0.7365845870753785,high
2017-08-31,0.004842502410824904,0.31596719581861155,0.018666520714759827,136,0.07352941176470588,0.08088235294117647,0.8455882352941176,0.12940850870355086,0.12456600629272596,0.7460254868218565,high
2017-09-01,-0.013279763497560033,0.4116604904936489,0.004819587804377079,126,0.1111111111111111,0.15079365079365079,0.7380952380952381,0.15692680215256083,0.17020656565012085,0.6728666318018758,high
2017-09-04,-0.05091729393148775,0.24621489137373553,0.007426254451274872,186,0.021505376344086023,0.08602150537634409,0.8924731182795699,0.0858137210510591,0.13673101498254686,0.7774552604964664,high
2017-09-05,-0.06023413694871605,0.3796765649983448,-0.009265828877687454,121,0.09917355371900827,0.1487603305785124,0.7520661157024794,0.13354142573623617,0.19377556268495222,0.672683016204637,high
2017-09-06,-0.010707932449877262,0.2909172288873831,0.00023514777421951294,125,0.056,0.088,0.856,0.11927544921636582,0.12998338166624307,0.75074117590487,high
2017-09-07,0.01464075408165009,0.3647646970505388,0.01587226614356041,131,0.11450381679389313,0.09923664122137404,0.7862595419847328,0.15805139120326925,0.14341063712161917,0.6985379760757885,high
2017-09-08,-0.06601978162550093,0.39212066638680987,-0.010643351823091507,136,0.08088235294117647,0.14705882352941177,0.7720588235294118,0.1271703443079091,0.19319012593341006,0.6796395405853057,high
2017-09-11,-0.030143554636472187,0.34260173142759653,0.006546050310134888,215,0.06976744186046512,0.11162790697674418,0.8186046511627907,0.11836730288991401,0.1485108575263862,0.7331218385072642,high
2017-09-12,-0.0473989290618446,0.34694082681152566,0.005437109619379044,129,0.09302325581395349,0.12403100775193798,0.7829457364341085,0.13082650433431647,0.17822543339616106,0.6909480551618707,high
2017-09-13,-0.08027813991961572,0.3987416617795063,-0.0013338178396224976,143,0.07692307692307693,0.18181818181818182,0.7412587412587412,0.12664006524100588,0.2069182051606216,0.6664417288363813,high
2017-09-14,-0.09315670741957495,0.3377614487305434,-0.012660004198551178,174,0.05747126436781609,0.14942528735632185,0.7931034482758621,0.103538212114838,0.19669491953441295,0.6997668643257228,high
2017-09-15,-0.04146297249336089,0.338725397408919,0.0056770676746964455,178,0.07865168539325842,0.1348314606741573,0.7865168539325843,0.12573465458483676,0.16719762707819766,0.7070677215547374,high
2017-09-18,-0.021410177960041375,0.3279373190790144,-0.0006938241422176361,243,0.07818930041152264,0.1111111111111111,0.8106995884773662,0.12766157081082402,0.1490717487708654,0.7232666755853979,high
2017-09-19,-0.04625207934405099,0.39128286688560443,-0.000999312847852707,181,0.09392265193370165,0.143646408839779,0.7624309392265194,0.13547346531542132,0.1817255446594723,0.682800990297814,high
2017-09-20,-0.0026547594545745707,0.33299517622529295,0.015393788926303387,166,0.08433734939759036,0.1144578313253012,0.8012048192771084,0.13590776193774787,0.13856252139232245,0.725529723475317,high
2017-09-21,-0.09149781239457519,0.3478216386961961,-0.009650923311710358,164,0.06097560975609756,0.15853658536585366,0.7804878048780488,0.10124161530274717,0.19273942769732236,0.7060189592970035,high
2017-09-22,-0.07456613744388481,0.34737386049861824,0.0027802512049674988,152,0.046052631578947366,0.17105263157894737,0.7828947368421053,0.10849021265503804,0.18305635009892285,0.708453444212577,high
2017-09-25,-0.06947490585244391,0.2507905006519151,-0.006053345277905464,242,0.01652892561983471,0.09504132231404959,0.8884297520661157,0.07274589634862197,0.1422208022010659,0.7850333014041309,high
2017-09-26,-0.036910843989169745,0.32256674180185274,0.006161829456686974,161,0.043478260869565216,0.12422360248447205,0.8322981366459627,0.1184356447124148,0.15534648870158455,0.7262178673900618,high
2017-09-27,0.07904421648089872,0.30286780075825515,0.02609302382916212,188,0.13829787234042554,0.0425531914893617,0.8191489361702128,0.17262809487812697,0.09358387839722823,0.7337880263184297,high
2017-09-28,-0.06129673014066237,0.3183325437183715,-0.017071972601115704,170,0.041176470588235294,0.11764705882352941,0.8411764705882353,0.10418568876407602,0.1654824189047384,0.730331889791962,high
2017-09-29,-0.022461093594565204,0.27837825063879684,0.009543007239699364,152,0.05263157894736842,0.09210526315789473,0.8552631578947368,0.10617788691122673,0.12863898050579192,0.7651831281591991,high
2017-10-02,-0.030679504184185396,0.3216587490060749,0.009823205880820751,280,0.06428571428571428,0.10357142857142858,0.8321428571428572,0.115532667988113,0.1462121721722984,0.7382551558116185,high
2017-10-03,0.05262983673539177,0.36038013813797626,0.015854764729738235,159,0.12578616352201258,0.06289308176100629,0.8113207547169812,0.17152209039308927,0.11889225365769751,0.7095856573081242,high
2017-10-04,-0.05746183068126063,0.3614329525882583,-0.0018010716885328293,158,0.0759493670886076,0.12658227848101267,0.7974683544303798,0.11879390047839548,0.17625573115965612,0.7049503690810709,high
2017-10-05,-0.022296982576248004,0.33223028165238416,0.0023147612810134888,197,0.07106598984771574,0.1065989847715736,0.8223350253807107,0.12173908790526203,0.14403607048151004,0.7342248425870983,high
2017-10-06,-0.019319433114164834,0.3991421238072326,0.010358570143580437,154,0.11038961038961038,0.14285714285714285,0.7467532467532467,0.15339068521128654,0.17271011832545136,0.6738991945522366,high
2017-10-09,-0.015243429484932373,0.2785456551249424,0.0067448364570736885,240,0.05416666666666667,0.08333333333333333,0.8625,0.11116717503561328,0.12641060452054564,0.7624222263072927,high
2017-10-10,0.04715358018658535,0.29209969078545417,0.015445864759385586,172,0.0872093023255814,0.05813953488372093,0.8546511627906976,0.14639970332080887,0.09924612313422353,0.7543541806165216,high
2017-10-11,-0.045168375638545366,0.2938316251114685,0.0002015829086303711,221,0.049773755656108594,0.1085972850678733,0.8416289592760181,0.10507426013099662,0.150242635769542,0.7446831042427418,high
2017-10-12,-0.02908286355502371,0.3581546836426506,0.010062739253044128,280,0.075,0.13214285714285715,0.7928571428571428,0.12916602205950767,0.15824888561453138,0.7125850957153099,high
2017-10-13,-0.055919644687869564,0.33700831005306797,-0.0005589835345745087,253,0.05533596837944664,0.11067193675889328,0.83399209486166,0.10858532393962263,0.1645049686274922,0.7269097026069409,high
2017-10-16,-0.005205466149663421,0.3289962587379412,0.0012000231072306633,284,0.09154929577464789,0.09507042253521127,0.8133802816901409,0.1337933612620117,0.13899882741167513,0.727207809614516,high
2017-10-17,-0.016225965856105688,0.38053617063436945,0.0015493296086788177,149,0.10067114093959731,0.1342281879194631,0.7651006711409396,0.14876554478834939,0.16499151064445508,0.6862429443921819,high
2017-10-18,0.016885980790961656,0.34021460163817285,0.015176640823483467,186,0.0967741935483871,0.10215053763440861,0.8010752688172043,0.14447924334515808,0.12759326255419642,0.7279274896868775,high
2017-10-19,-0.027823924500909116,0.36078980953797757,4.222802817821503e-05,180,0.08333333333333333,0.11666666666666667,0.8,0.13097681347798143,0.15880073797889055,0.7102224523718986,high
2017-10-20,0.023422921718911655,0.35011714097002344,0.016352548263967037,158,0.12025316455696203,0.0949367088607595,0.7848101265822784,0.15591121292849885,0.1324882912095872,0.7116004971056422,high
2017-10-23,-0.04626327626385147,0.35771361046172806,0.00436781719326973,254,0.07480314960629922,0.13385826771653545,0.7913385826771654,0.12035012478192197,0.16661340104577343,0.7130364731878159,high
2017-10-24,-0.025314968329595837,0.33934284711827095,0.008411742746829987,227,0.0881057268722467,0.10572687224669604,0.8061674008810573,0.12557317483924033,0.15088814316883617,0.7235386826770815,high
2017-10-25,-0.06369525472328594,0.3302207670759804,0.0067949434742331505,226,0.05309734513274336,0.11946902654867257,0.827433628318584,0.10750236144635529,0.17119761616964124,0.7213000245309905,high
2017-10-26,-0.08631055402968611,0.40286318774957025,0.002822916954755783,224,0.08035714285714286,0.17410714285714285,0.7455357142857143,0.1274188317474909,0.213729385777177,0.6588517799640873,high
2017-10-27,-0.010121084882171246,0.3319285604510726,0.011879855766892433,232,0.08189655172413793,0.09482758620689655,0.8232758620689655,0.13683083702424734,0.1469519219064186,0.7162172418119835,high
2017-10-30,-0.024507877118676233,0.3250135962685318,0.005175715312361717,356,0.07865168539325842,0.09550561797752809,0.8258426966292135,0.12140137743560618,0.1459092545542824,0.73268936971056,high
2017-10-31,-0.00881046436629013,0.34030164474890556,0.002013515681028366,228,0.08333333333333333,0.10087719298245613,0.8157894736842105,0.13434386968596332,0.14315433405225345,0.7225018025563801,high
2017-11-01,-0.044519786334549366,0.3154813873041946,0.0011337585747241974,217,0.06451612903225806,0.11981566820276497,0.815668202764977,0.11471478979871501,0.1592345761332644,0.7260506334907723,high
2017-11-02,-0.05024502839121787,0.3519721106307564,0.004419438540935516,227,0.07488986784140969,0.12334801762114538,0.801762114537445,0.13008848828825656,0.18033351667947445,0.6895779953768993,high
2017-11-03,-0.07294519359293657,0.3007675701417533,-0.002315990626811981,195,0.03076923076923077,0.1282051282051282,0.841025641025641,0.0889216992048881,0.16186689279782465,0.7492114015019092,high
2017-11-06,-0.016403313592905606,0.2972601059704976,0.0031582191586494446,283,0.06713780918727916,0.0812720848056537,0.8515901060070671,0.1198124503881371,0.1362157639810427,0.7439717877090188,high
2017-11-07,-0.0512926370748097,0.38204287621643673,0.014818082563579082,168,0.07738095238095238,0.17261904761904762,0.75,0.13327494536393455,0.18456758243874424,0.6821574694698765,high
2017-11-08,0.004747216255524226,0.3852690381067049,0.012006698176264763,248,0.11693548387096774,0.13306451612903225,0.75,0.16796070749631092,0.16321349124078668,0.6688258019801709,high
2017-11-09,-0.07109248750859591,0.3395435480988247,-0.011359177529811859,226,0.048672566371681415,0.14601769911504425,0.8053097345132744,0.11395335501776926,0.18504584252636516,0.7010008032326546,high
2017-11-10,-0.07354963614427029,0.3469579370701211,-0.002906354144215584,188,0.047872340425531915,0.13829787234042554,0.8138297872340425,0.1104146492261281,0.18396428537039838,0.7056210695448867,high
2017-11-13,-0.0184431109810248,0.33651435370611327,-0.0038209669291973114,288,0.08680555555555555,0.08680555555555555,0.8263888888888888,0.1313304193091527,0.1497735302901775,0.7188960525026131,high
2017-11-14,-0.115936905714215,0.3173334125743446,-0.017916947603225708,181,0.04419889502762431,0.14917127071823205,0.8066298342541437,0.08611514237426345,0.20205204808847846,0.7118328092465414,high
2017-11-15,-0.10689459429029992,0.376739145896446,-0.006148055195808411,151,0.06622516556291391,0.19205298013245034,0.7417218543046358,0.10761444625253512,0.21450904054283504,0.677876516584529,high
2017-11-16,-0.02860888025477632,0.36176962936685475,-0.0007980931550264359,144,0.0763888888888889,0.125,0.7986111111111112,0.1314653270205276,0.16007420727530391,0.7084604709719619,high
2017-11-17,-0.042425406243031226,0.3160694808575181,0.009679427370429039,180,0.03888888888888889,0.10555555555555556,0.8555555555555555,0.10766169731505215,0.15008710355808338,0.7422512026193241,high
2017-11-20,-0.08147301482510005,0.31678443580331744,-0.005944083444774151,244,0.028688524590163935,0.11885245901639344,0.8524590163934426,0.08977082676681705,0.1712438415919171,0.7389853278892573,high
2017-11-21,0.009155381692919967,0.35393637194902455,0.011196926236152649,172,0.11046511627906977,0.09883720930232558,0.7906976744186046,0.14980518481109378,0.14064980311817382,0.7095450145777228,high
2017-11-22,-0.07485387073772634,0.31645555872618547,0.0031135566532611847,163,0.05521472392638037,0.147239263803681,0.7975460122699386,0.10211036227460653,0.17696423301233288,0.7209254087411736,high
2017-11-23,-0.06179266206517413,0.3246622941562279,-0.02054348587989807,74,0.05405405405405406,0.13513513513513514,0.8108108108108109,0.11640402940227776,0.1781966914674519,0.7053992778465554,medium
2017-11-24,-0.06138167955328291,0.36223140068700627,-0.004295353777706623,102,0.0784313725490196,0.14705882352941177,0.7745098039215687,0.12419028428164036,0.18557196383492328,0.6902377521253976,high
2017-11-27,-0.04048467634974862,0.2831631759964014,0.0047500357031822205,327,0.045871559633027525,0.08868501529051988,0.8654434250764526,0.10272537718102655,0.14321005353077518,0.75406457074784,high
2017-11-28,-0.012990328887994377,0.2949525682730094,0.0032597966492176056,191,0.06806282722513089,0.07329842931937172,0.8586387434554974,0.11665771687549602,0.1296480457634904,0.7536942404914276,high
2017-11-29,-0.06690924663846642,0.34024379196142374,-0.002996683120727539,303,0.056105610561056105,0.13861386138613863,0.8052805280528053,0.11116685021496547,0.1780760968534319,0.7107570522185108,high
2017-11-30,-0.03199950162111325,0.3268223911406409,0.00948525033891201,204,0.06372549019607843,0.09803921568627451,0.8382352941176471,0.1230444524450885,0.15504395406620175,0.721911594527317,high
2017-12-01,-0.04423425867547834,0.3310995385934771,-0.0029337219893932343,246,0.06504065040650407,0.0975609756097561,0.8373983739837398,0.1135640301007202,0.15779828877619853,0.7286376778899533,high
2017-12-04,-0.05090166127422091,0.3443175047889447,-0.0017520412802696228,429,0.06526806526806526,0.12121212121212122,0.8135198135198135,0.12030658417648368,0.1712082454507046,0.7084851710208299,high
2017-12-05,-0.07703605606985181,0.3255953145620612,-0.004237018525600433,201,0.04477611940298507,0.14427860696517414,0.8109452736318408,0.10202535551819783,0.17906141158804964,0.7189132288672883,high
2017-12-06,-0.05406452181724537,0.370086491073783,0.00037158094346523285,152,0.09210526315789473,0.13815789473684212,0.7697368421052632,0.12563318049069494,0.17969770230794033,0.694669118114306,high
2017-12-07,-0.022983793055684102,0.3656869703899583,0.007057075388729572,164,0.09146341463414634,0.12804878048780488,0.7804878048780488,0.14131627654338755,0.16430006959907165,0.6943836560722713,high
2017-12-08,-0.03338829376217392,0.28355159274185876,0.005117716267704964,144,0.05555555555555555,0.09027777777777778,0.8541666666666666,0.1056047892391992,0.13899308300137314,0.7554021226112835,high
2017-12-11,-0.032121735833647094,0.3050059362798995,0.010990126058459282,241,0.04979253112033195,0.0912863070539419,0.8589211618257261,0.10579615838717499,0.1379178942208221,0.756285944227052,high
2017-12-12,-0.04091376728923401,0.263417669979707,-0.0011482834815979004,164,0.036585365853658534,0.09146341463414634,0.8719512195121951,0.09554747615304844,0.13646124344228244,0.7679912797629651,high
2017-12-13,-0.02488855879443387,0.2638131820737039,0.0038970550522208214,120,0.058333333333333334,0.06666666666666667,0.875,0.10551964714347074,0.13040820593790461,0.7640721509543558,high
2017-12-14,-0.02730407652814152,0.2754570119019388,-0.006481194868683815,106,0.04716981132075472,0.07547169811320754,0.8773584905660378,0.10293133572657716,0.13023541225471869,0.7668332603039607,high
2017-12-15,-0.019839981463379584,0.3694629661631691,0.022064204327762127,26,0.07692307692307693,0.11538461538461539,0.8076923076923077,0.1320972957003575,0.1519372771637371,0.7159654360551101,low
2017-12-18,-0.00032211745421645977,0.30828718051417486,0.007695969194173813,233,0.06866952789699571,0.08583690987124463,0.8454935622317596,0.12370757979256912,0.12402969724678559,0.7522627227887703,high
2017-12-19,0.027849620842523334,0.27879417554896274,0.007263757288455963,138,0.06521739130434782,0.06521739130434782,0.8695652173913043,0.13657204462620226,0.10872242378367894,0.7547055327643951,high
2017-12-20,-0.023720770729360758,0.2942772622530681,0.007926955819129944,162,0.06172839506172839,0.10493827160493827,0.8333333333333334,0.1094918701119353,0.13321264084129605,0.7572954957384939,high
2017-12-21,-0.009748305225650133,0.3411105506600584,0.015825483947992325,177,0.07344632768361582,0.1016949152542373,0.8248587570621468,0.12796550390368464,0.13771380912933479,0.7343206857936194,high
2017-12-22,-0.03599693198552037,0.30276220158529144,0.015409254468977451,164,0.04878048780487805,0.0975609756097561,0.8536585365853658,0.10896789719827654,0.1449648291837969,0.7460672759405542,high
2017-12-25,-0.0851089238611042,0.29510280064248,-0.0028599482029676437,117,0.02564102564102564,0.1282051282051282,0.8461538461538461,0.0738993388417567,0.1590082627028609,0.7670923998085861,high
2017-12-26,-0.0067511785927475716,0.35382643124345936,0.013698850758373737,98,0.08163265306122448,0.11224489795918367,0.8061224489795918,0.13370144427088754,0.1404526228636351,0.725845932884484,medium
2017-12-27,-0.011948585254140198,0.2696851484615784,0.01107338722795248,80,0.0375,0.1,0.8625,0.10750461808638648,0.11945320334052667,0.7730421781074256,medium
2017-12-28,0.017849585894463945,0.30015087308222255,0.02472972497344017,119,0.06722689075630252,0.08403361344537816,0.8487394957983193,0.12668758910149336,0.10883800320702941,0.7644744132559339,high
2017-12-29,-0.05674448972734224,0.33083840581922336,-0.0017376169562339783,112,0.05357142857142857,0.125,0.8214285714285714,0.10528837539355404,0.16203286512089626,0.7326787572320816,high
2018-01-01,-0.029210559946174424,0.25100596058569663,0.0018071215599775314,144,0.020833333333333332,0.10416666666666667,0.875,0.09416517224680218,0.12337573219297661,0.7824590892737938,high
2018-01-02,0.06491829314844981,0.30328452246946724,0.034118181094527245,131,0.0916030534351145,0.061068702290076333,0.8473282442748091,0.1578902452331008,0.09297195208465098,0.7491378032723228,high
2018-01-03,-0.007473884650797986,0.3045219096798562,0.014406280592083931,201,0.07462686567164178,0.0845771144278607,0.8407960199004975,0.12048389422081744,0.12795777887161544,0.7515583270743712,high
2018-01-04,-0.051262016115753456,0.3172892011218246,-0.004876307211816311,172,0.05232558139534884,0.11046511627906977,0.8372093023255814,0.10277656913561703,0.15403858525137049,0.7431848444163712,high
2018-01-05,-0.013014771522850625,0.2917285513758881,0.01142163760960102,144,0.05555555555555555,0.08333333333333333,0.8611111111111112,0.1211556190197977,0.13417039054264832,0.7446739851859294,high
2018-01-08,-0.015109282558921642,0.29725657568847447,0.009723123162984848,311,0.06430868167202572,0.08360128617363344,0.8520900321543409,0.11641532702257683,0.13152460958149848,0.752060062039368,high
2018-01-09,-0.007075260779908243,0.35211886316420105,0.005540292710065842,159,0.09433962264150944,0.0880503144654088,0.8176100628930818,0.1310605102646276,0.13813577104453584,0.7308037189309889,high
2018-01-10,-0.053609169657726816,0.36881822938689024,0.013134138658642769,184,0.07608695652173914,0.14130434782608695,0.782608695652174,0.12062368928657277,0.1742328589442996,0.7051434591513775,high
2018-01-11,-0.01986077271979601,0.32623693827349165,0.009684184566140175,187,0.058823529411764705,0.10160427807486631,0.839572192513369,0.11863962068835045,0.13850039340814646,0.7428599816652384,high
2018-01-12,-0.07055919178167892,0.35647480330433123,0.002129584550857544,171,0.07602339181286549,0.14619883040935672,0.7777777777777778,0.12439650882373167,0.1949557006054106,0.6806477903557276,high
2018-01-15,-0.029044440933641526,0.2991037502659525,0.0026526357978582382,202,0.04950495049504951,0.08415841584158416,0.8663366336633663,0.10404396659261224,0.13308840752625378,0.7628676246409074,high
2018-01-16,-0.08112090854355467,0.36228793327840486,-0.006870616227388382,171,0.05847953216374269,0.16374269005847952,0.7777777777777778,0.1123106854624654,0.19343159400602009,0.6942577211306109,high
2018-01-17,-0.05372205308671001,0.3521268456253438,0.008587611839175224,172,0.05813953488372093,0.13372093023255813,0.8081395348837209,0.11499293913880666,0.16871499222551667,0.7162920668244709,high
2018-01-18,-0.045282149668906306,0.3008361820451983,-0.01118718832731247,151,0.06622516556291391,0.08609271523178808,0.847682119205298,0.10623123013840013,0.15151337980730645,0.7422553921698143,high
2018-01-19,0.0004101196029342902,0.2923180530717307,0.014810389839112759,156,0.05128205128205128,0.0641025641025641,0.8846153846153846,0.11346554178863955,0.11305542218570526,0.7734790368554875,high
2018-01-22,-0.05584544369546501,0.3262225629161543,-0.0036001503467559814,304,0.05592105263157895,0.11842105263157894,0.8256578947368421,0.10671478158512496,0.16256022528058997,0.7307249910725084,high
2018-01-23,-0.06108444013615262,0.293130830414547,0.0012164730578660965,212,0.04716981132075472,0.10849056603773585,0.8443396226415094,0.09750218144705836,0.15858662158321096,0.7439111966446463,high
2018-01-24,-0.0578825650929821,0.3389451378137439,-0.0044816285371780396,217,0.06451612903225806,0.12903225806451613,0.8064516129032258,0.11443105465539384,0.17231361974837595,0.7132553238559016,high
2018-01-25,-0.030197402415231535,0.33675627330076235,0.007602225989103317,247,0.07692307692307693,0.11740890688259109,0.805668016194332,0.12750076690145773,0.15769816931668926,0.7148010688965861,high
2018-01-26,-0.011148809839753394,0.3202521157368382,0.011226516216993332,235,0.06382978723404255,0.0851063829787234,0.851063829787234,0.12672506029063718,0.13787387013039057,0.7354010724720169,high
2018-01-29,-0.025273735652843566,0.3032464280748576,-0.0005434267222881317,365,0.0547945205479452,0.0821917808219178,0.863013698630137,0.11257861003228654,0.1378523456851301,0.749569042226019,high
2018-01-30,-0.0897603839985095,0.36246089920879226,-0.003350762650370598,288,0.04861111111111111,0.1597222222222222,0.7916666666666666,0.112217210951106,0.2019775949496155,0.6858051947783679,high
2018-01-31,-0.03714986407351106,0.34844236543478513,0.0028369128704071045,292,0.07534246575342465,0.13013698630136986,0.7945205479452054,0.12728468890697375,0.16443455298048482,0.708280759078948,high
2018-02-01,-0.09689987604191205,0.37821872561616127,-0.009181216359138489,266,0.07518796992481203,0.16541353383458646,0.7593984962406015,0.11114416107241261,0.20804403711432465,0.6808117999051019,high
2018-02-02,-0.10130313943238489,0.3440996605751559,-0.011575189419090748,398,0.04020100502512563,0.1708542713567839,0.7889447236180904,0.0993472454442301,0.200650384876615,0.7000023670232476,high
2018-02-05,-0.12144308926785069,0.36787289771722287,-0.014678727835416794,813,0.05043050430504305,0.1968019680196802,0.7527675276752768,0.10558124735257228,0.22702433662042296,0.6673944156461133,high
2018-02-06,-0.11598530299989535,0.36557276267336725,-0.013721893541514874,666,0.05405405405405406,0.17717717717717718,0.7687687687687688,0.10402081273887698,0.22000611573877232,0.6759730739737148,high
2018-02-07,-0.08045717525906307,0.3274867051538396,-0.008369474671781063,296,0.05067567567567568,0.14527027027027026,0.8040540540540541,0.10237374604597839,0.18283092130504147,0.7147953391037378,high
2018-02-08,-0.10938429648282699,0.34399195924628606,-0.008349236100912094,379,0.0395778364116095,0.16094986807387862,0.7994722955145118,0.0941574353746834,0.2035417318575104,0.7023008324962728,high
2018-02-09,-0.10539312563588221,0.33989501979135794,-0.01182280108332634,375,0.042666666666666665,0.17066666666666666,0.7866666666666666,0.09934834428379934,0.20474146991968156,0.695910188044111,high
2018-02-12,-0.04195459737449134,0.2934456330316357,-0.005848675966262817,417,0.05515587529976019,0.09352517985611511,0.8513189448441247,0.10839139130547178,0.15034598867996313,0.7412626200290822,high
2018-02-13,-0.04853781581033573,0.3544718913706559,-0.0033174343407154083,223,0.06726457399103139,0.11210762331838565,0.820627802690583,0.11430961016415213,0.16284742597448787,0.7228429651956989,high
2018-02-14,-0.024332845625572634,0.35020057106973573,-0.00397859700024128,266,0.08646616541353383,0.11278195488721804,0.8007518796992481,0.13820350701619583,0.16253635264176847,0.699260144116343,high
2018-02-15,-0.09442851821876179,0.3774203947400883,-0.0023665353655815125,236,0.0635593220338983,0.1864406779661017,0.75,0.11407730364935252,0.2085058218681143,0.6774168743878224,high
2018-02-16,-0.08765115362146626,0.28915240906619766,-0.006758019328117371,207,0.028985507246376812,0.12560386473429952,0.8454106280193237,0.08675346680993332,0.17440462043139957,0.7388419175817482,high
2018-02-19,-0.05680382930882037,0.2546461095487391,-0.0008703954517841339,219,0.0228310502283105,0.091324200913242,0.8858447488584474,0.08371080625717227,0.14051463556599264,0.775774558079025,high
2018-02-20,-0.049725644432884804,0.2952447761743527,0.003240499645471573,170,0.047058823529411764,0.08823529411764706,0.8647058823529412,0.1034078468239921,0.1531334912568769,0.7434586583362782,high
2018-02-21,-0.09424640582413873,0.2883685704607795,-0.018069155514240265,182,0.016483516483516484,0.12087912087912088,0.8626373626373627,0.08181095847624589,0.17605736430038463,0.7421316823993738,high
2018-02-22,-0.05374391289660707,0.29668845802243576,-0.003224756568670273,240,0.05,0.0875,0.8625,0.10199773107500126,0.15574164397160833,0.7422606201764818,high
2018-02-23,-0.052978473174564465,0.3121066932083252,-0.012410197407007217,198,0.045454545454545456,0.11616161616161616,0.8383838383838383,0.10762351019439673,0.1606019833689612,0.7317745078524406,high
2018-02-26,-0.03133513529191222,0.2995371026581561,0.00436994805932045,309,0.05501618122977346,0.09061488673139159,0.8543689320388349,0.10645185596186028,0.1377869912537725,0.7557611480885725,high
2018-02-27,-0.037478175438380855,0.2950185322329657,-0.0026706531643867493,213,0.051643192488262914,0.07981220657276995,0.8685446009389671,0.09945610204510426,0.1369342774834851,0.7636096183245591,high
2018-02-28,-0.08654826639318153,0.3070305852895497,-0.015399940311908722,247,0.032388663967611336,0.13360323886639677,0.8340080971659919,0.08790597251733305,0.17445423891051456,0.7376397963733929,high
2018-03-01,-0.06999050992029886,0.301434016767411,-0.003022383898496628,297,0.04040404040404041,0.12457912457912458,0.835016835016835,0.09756155147747159,0.16755206139777043,0.7348863904988424,high
2018-03-02,-0.08542156414488593,0.29043396037064767,-0.005168046802282333,277,0.02888086642599278,0.1263537906137184,0.8447653429602888,0.08450601819821967,0.1699275823431056,0.74556639955954,high
2018-03-05,-0.0640551844970532,0.3152471034871134,-0.0009672567248344421,379,0.05013192612137203,0.11873350923482849,0.8311345646437994,0.10266121409066749,0.1667163985877207,0.7306223846382233,high
2018-03-06,-0.03167482969266447,0.3259473431085865,-0.0012048492208123207,220,0.06363636363636363,0.10454545454545454,0.8318181818181818,0.11864040796221657,0.15031523765488106,0.7310443569567393,high
2018-03-07,-0.05611318530908144,0.32772166499385197,-0.0046027302742004395,251,0.05976095617529881,0.11553784860557768,0.8247011952191236,0.11002008611729658,0.16613327142637802,0.7238466464932933,high
2018-03-08,-0.05086215710161492,0.28249393429702896,0.0005758479237556458,211,0.02843601895734597,0.0995260663507109,0.8720379146919431,0.09820306848434475,0.14906522558595967,0.7527317036367,high
2018-03-09,-0.08931857650557588,0.333583657861141,-0.007306892424821854,299,0.043478260869565216,0.1806020066889632,0.7759197324414716,0.10426647031685979,0.19358504682243569,0.7021484866202575,high
2018-03-12,-0.04387870807107279,0.2942037234869217,0.0009555928409099579,359,0.055710306406685235,0.10027855153203342,0.8440111420612814,0.10344444795363793,0.14732315602471072,0.7492324004992635,high
2018-03-13,-0.012291444827933116,0.3140899710232977,0.002415284514427185,221,0.07692307692307693,0.09049773755656108,0.832579185520362,0.12145470889344205,0.13374615372137516,0.7447991314432605,high
2018-03-14,-0.09223834235046811,0.31924668392190736,-0.0073557160794734955,203,0.029556650246305417,0.15270935960591134,0.8177339901477833,0.08592487447963927,0.17816321683010738,0.735911907774988,high
2018-03-15,-0.07191311198352068,0.3415946687447009,-0.0076187970116734505,228,0.039473684210526314,0.14035087719298245,0.8201754385964912,0.10803912546926815,0.17995223745278882,0.7120086367634174,high
2018-03-16,-0.08699076236536106,0.31473059159239947,-0.0034875264391303062,150,0.04666666666666667,0.13333333333333333,0.82,0.09421328062191606,0.1812040429872771,0.7245826802775264,high
2018-03-19,-0.08780420815543921,0.31122392142063426,-0.01285218819975853,330,0.02727272727272727,0.11515151515151516,0.8575757575757575,0.08619888501213581,0.174003093167575,0.7397980205263153,high
2018-03-20,-0.08180578454087178,0.36156871261188966,-0.012082632631063461,225,0.057777777777777775,0.16,0.7822222222222223,0.10733380579700072,0.1891395903378725,0.703526607197192,high
2018-03-21,-0.07879683447307816,0.3365542011259765,-0.0049045756459236145,255,0.047058823529411764,0.12941176470588237,0.8235294117647058,0.09624731736805509,0.17504415184113326,0.728708527565879,high
2018-03-22,-0.06394594763082619,0.3381457222443689,0.0022494103759527206,346,0.05202312138728324,0.1329479768786127,0.815028901734104,0.11455151277346634,0.1784974604042925,0.7069510271977311,high
2018-03-23,-0.0699194451973597,0.33734122822000645,-0.005925162695348263,306,0.05555555555555555,0.13071895424836602,0.8137254901960784,0.10846620496952894,0.17838565016688865,0.7131481480425577,high
2018-03-26,-0.0738917077326228,0.30860133209554835,-0.00126621313393116,458,0.03711790393013101,0.12663755458515283,0.8362445414847162,0.0938831016738537,0.16777480940647652,0.7383420933363349,high
2018-03-27,-0.10443672350079382,0.3232005009295726,-0.012007705867290497,319,0.018808777429467086,0.1536050156739812,0.8275862068965517,0.08496466351433607,0.1894013870151299,0.725633948358202,high
2018-03-28,-0.08785762676020165,0.348232608802627,-0.002004578709602356,316,0.04430379746835443,0.17405063291139242,0.7816455696202531,0.10300988335710584,0.1908675101173075,0.7061226048530375,high
2018-03-29,-0.07034252863818717,0.34743544577856794,-0.0019021593034267426,211,0.05687203791469194,0.12796208530805686,0.8151658767772512,0.10830132850397255,0.17864385714215972,0.7130548186044063,high
2018-03-30,-0.060164945564516216,0.2715717051130121,-0.002943584695458412,92,0.03260869565217391,0.13043478260869565,0.8369565217391305,0.08916933756605115,0.14933428313056735,0.7614963809433191,medium
2018-04-02,-0.0781158371370844,0.28928512480345825,-0.004395749419927597,407,0.02457002457002457,0.12039312039312039,0.855036855036855,0.0883202110668896,0.166436048203974,0.745243739842435,high
2018-04-03,-0.09632658131717556,0.34239218264519017,-0.008657298050820827,276,0.04710144927536232,0.15942028985507245,0.7934782608695652,0.09658774911709454,0.1929143304342701,0.710497921201117,high
2018-04-04,-0.07408592078492161,0.32910415621166617,-0.0006627170369029045,386,0.05181347150259067,0.14248704663212436,0.805699481865285,0.10465369069311825,0.17873961147803988,0.7166067017531843,high
2018-04-05,-0.05723535452073194,0.35316957625762074,-0.002593785524368286,265,0.07547169811320754,0.1509433962264151,0.7735849056603774,0.11980713758758217,0.1770424921083141,0.7031503690160671,high
2018-04-06,-0.07452546726813578,0.34182102862652464,-0.004722891375422478,302,0.059602649006622516,0.1291390728476821,0.8112582781456954,0.10969438754170147,0.18421985480983724,0.7060857614816863,high
2018-04-09,-0.08127201624896402,0.29529981138462086,-0.008002493530511856,306,0.029411764705882353,0.1437908496732026,0.826797385620915,0.08747561592182596,0.16874763217078997,0.7437767551274471,high
2018-04-10,-0.0554307723016446,0.30312489529471603,-0.005861812271177769,290,0.041379310344827586,0.12413793103448276,0.8344827586206897,0.10337475417021276,0.15880552647185736,0.7378197168610219,high
2018-04-11,-0.12235896286295085,0.31426305568637214,-0.032122137024998665,183,0.03278688524590164,0.14754098360655737,0.819672131147541,0.08615243352969976,0.20851139639265062,0.7053361674821604,high
2018-04-12,-0.03824141564888551,0.29954258606898837,0.0024040304124355316,170,0.058823529411764705,0.1,0.8411764705882353,0.10871499923934393,0.14695641488822944,0.7443285813445554,high
2018-04-13,-0.0812522119250644,0.34647998992034224,-0.00924382358789444,203,0.06896551724137931,0.14285714285714285,0.7881773399014779,0.1094614479718317,0.1907136598968961,0.6998248893831824,high
2018-04-16,-0.05937758853851896,0.29694757861722587,-0.01105557382106781,367,0.04632152588555858,0.10899182561307902,0.8446866485013624,0.09463660132611927,0.15401418986463822,0.7513492097139196,high
2018-04-17,-0.08911360616668533,0.37262465461154914,-0.010930914431810379,227,0.06607929515418502,0.14537444933920704,0.788546255506608,0.10615988959053671,0.19527349575722205,0.6985666064652184,high
2018-04-18,-0.04687799382954836,0.293033236785038,0.0013246294111013412,205,0.03414634146341464,0.0975609756097561,0.8682926829268293,0.10010797876137786,0.14698597259092622,0.7529060494699856,high
2018-04-19,-0.0907709170320076,0.35536347890419584,-0.02479899674654007,199,0.06532663316582915,0.1658291457286432,0.7688442211055276,0.10624133278358372,0.19701224981559132,0.6967464213320358,high
2018-04-20,-0.11251481460055235,0.34072325377759605,-0.014784019440412521,201,0.03482587064676617,0.15920398009950248,0.8059701492537313,0.09028096627490363,0.20279578087545597,0.7069232516472612,high
2018-04-23,-0.04597326178296373,0.312553292774244,-0.001127541996538639,290,0.06206896551724138,0.10689655172413794,0.8310344827586207,0.10382571123411943,0.14979897301708317,0.7463753157198942,high
2018-04-24,-0.08186947632916448,0.39277513854375007,-0.008716899901628494,211,0.07582938388625593,0.1848341232227488,0.7393364928909952,0.12986973355307962,0.21173920988224412,0.6583910562998452,high
2018-04-25,-0.06000990326189109,0.36550508326787434,0.003989657387137413,259,0.06177606177606178,0.15444015444015444,0.7837837837837838,0.12558977193519127,0.18559967519708237,0.6888105509781124,high
2018-04-26,0.009124379623997009,0.34280516518033,0.007905978709459305,295,0.09491525423728814,0.09830508474576272,0.8067796610169492,0.14336866664747566,0.13424428702347865,0.722387046357459,high
2018-04-27,-0.0432074196253191,0.34027252290827903,-0.008438043296337128,238,0.07142857142857142,0.1092436974789916,0.819327731092437,0.12211239601665434,0.16531981564197346,0.7125677904427177,high
2018-04-30,-0.07324679884833668,0.32090468825778545,-0.0009099096059799194,371,0.04043126684636118,0.12398921832884097,0.8355795148247979,0.09472544223065124,0.16797224107898792,0.7373023168698475,high
2018-05-01,-0.09240196671305319,0.3991965272343513,-0.002796873450279236,236,0.08050847457627118,0.18220338983050846,0.7372881355932204,0.12229865934242005,0.21470062605547324,0.6630007123487797,high
2018-05-02,-0.07322663936678223,0.35370216477445365,-0.00587687361985445,304,0.05592105263157895,0.14144736842105263,0.8026315789473685,0.11696082643711155,0.19018746580389378,0.6928517089323386,high
2018-05-03,-0.14997578742788892,0.353179977684977,-0.017972849309444427,298,0.03355704697986577,0.20469798657718122,0.761744966442953,0.08633305847601053,0.23630884590389944,0.6773580956904081,high
2018-05-04,-0.06288366636220852,0.3446741441700169,-0.0012508835643529892,276,0.06884057971014493,0.14130434782608695,0.7898550724637681,0.11904364590789529,0.1819273122701038,0.699029042493498,high
2018-05-07,-0.049064694655673445,0.30054411604877096,0.0005969107151031494,396,0.04292929292929293,0.12373737373737374,0.8333333333333334,0.10026185071410969,0.14932654536978313,0.7504116042441867,high
2018-05-08,-0.04633381538145192,0.34033248118181986,-0.002089923247694969,286,0.06993006993006994,0.13986013986013987,0.7902097902097902,0.12500361807422933,0.17133743345568125,0.7036589469135432,high
2018-05-09,-0.06494712396778844,0.35497592567854286,-0.0024831388145685196,275,0.07272727272727272,0.14181818181818182,0.7854545454545454,0.11732672068883072,0.18227384465661917,0.7003994339298119,high
2018-05-10,-0.017940911216143246,0.3262070424608577,0.004895415157079697,302,0.0695364238410596,0.09933774834437085,0.8311258278145696,0.12410398578080072,0.14204489699694395,0.7338511171374494,high
2018-05-11,-0.024194543004820223,0.32494451497676585,0.00783662311732769,228,0.06578947368421052,0.09210526315789473,0.8421052631578947,0.12294534099974523,0.14713988400456546,0.7299147779530469,high
2018-05-14,-0.04981765322382597,0.33822067691302776,-0.00605427473783493,403,0.06947890818858561,0.12903225806451613,0.8014888337468983,0.1121587662208853,0.16197641944471128,0.725864814774644,high
2018-05-15,-0.07193977272530136,0.3445272071167693,0.0012161340564489365,190,0.05263157894736842,0.14210526315789473,0.8052631578947368,0.10864340710992876,0.18058317983523012,0.7107734127264274,high
2018-05-16,-0.03280326427408942,0.3789384965092287,-0.0049056559801101685,270,0.1037037037037037,0.1259259259259259,0.7703703703703704,0.1406719771179336,0.17347524139202303,0.6858527825938331,high
2018-05-17,-0.03669675180099459,0.2947572253017283,0.0033705011010169983,234,0.05555555555555555,0.11538461538461539,0.8290598290598291,0.10632397559208748,0.14302072739308205,0.7506553027142062,high
2018-05-18,-0.099974908368721,0.3614138002177611,-0.001868629828095436,221,0.04072398190045249,0.16289592760180996,0.7963800904977375,0.10578149849574221,0.2057564068644632,0.6884620916941182,high
2018-05-21,-0.03517790555217059,0.3159349686172764,0.0020325444638729095,412,0.055825242718446605,0.09951456310679611,0.8446601941747572,0.11056510881335448,0.14574301436552506,0.7436918797631504,high
2018-05-22,-0.016871127270029058,0.31822879161836026,0.0037938011810183525,280,0.06785714285714285,0.1,0.8321428571428572,0.12576017207798681,0.14263129934801588,0.7316085309322391,high
2018-05-23,-0.05655060667195357,0.30645046017029415,-0.006634272634983063,320,0.046875,0.115625,0.8375,0.10615953923843335,0.16271014591038693,0.7311303161084652,high
2018-05-24,-0.08693003136830481,0.35086766159060717,-0.0007839594036340714,292,0.06506849315068493,0.1780821917808219,0.7568493150684932,0.10899275462844804,0.19592278599675286,0.6950844614798433,high
2018-05-25,-0.07532428070751544,0.34619021039411313,0.0011977721005678177,197,0.050761421319796954,0.1319796954314721,0.817258883248731,0.1024061248396632,0.17773040554717864,0.7198634709179552,high
2018-05-28,-0.04444452148952311,0.2697504708505465,-0.006860068067908287,310,0.041935483870967745,0.08709677419354839,0.8709677419354839,0.09284223522390089,0.137286756713424,0.7698710089609507,high
2018-05-29,-0.06847870512555043,0.3394380773066434,-0.006685607135295868,225,0.06666666666666667,0.14222222222222222,0.7911111111111111,0.11327721343272262,0.18175591855827306,0.704966874188847,high
2018-05-30,-0.07049796611139159,0.3822335572250253,0.0049309805035591125,299,0.07692307692307693,0.1505016722408027,0.7725752508361204,0.12190247763627299,0.19240044374766457,0.6856970775585908,high
2018-05-31,-0.10405099593157316,0.3476467116346463,-0.014144246466457844,274,0.043795620437956206,0.17153284671532848,0.7846715328467153,0.10054734234365016,0.2045983382752233,0.6948543206523479,high
2018-06-01,-0.019851744341761318,0.340257493259419,0.009425421245396137,268,0.08582089552238806,0.11567164179104478,0.7985074626865671,0.13447506020346017,0.1543268045452215,0.7111981400260841,high
2018-06-04,-0.07774605952978275,0.31663094168660605,0.0010631531476974487,423,0.030732860520094562,0.13002364066193853,0.8392434988179669,0.09369242040938026,0.171438479939163,0.7348691018531649,high
2018-06-05,-0.04012489979205185,0.33247036547736164,0.009649919345974922,243,0.06995884773662552,0.13580246913580246,0.7942386831275721,0.12352219959069427,0.16364709938274613,0.7128307032456369,high
2018-06-06,-0.03367630002805439,0.3324227907851039,0.0088997483253479,373,0.06166219839142091,0.11796246648793565,0.8203753351206434,0.1214285893265867,0.1551048893546411,0.7234665204898202,high
2018-06-07,-0.054998696510180786,0.3514738756392245,-0.0025205928832292557,319,0.06583072100313479,0.11285266457680251,0.8213166144200627,0.11676361638947527,0.17176231289965604,0.7114740709853022,high
2018-06-08,-0.039982392058857244,0.351340078347173,-0.0007647983729839325,324,0.08333333333333333,0.12654320987654322,0.7901234567901234,0.12962617486266903,0.16960856692152626,0.7007652545738735,high
2018-06-11,-0.047016105808774536,0.2844602622120958,0.0005655894055962563,530,0.04150943396226415,0.10377358490566038,0.8547169811320755,0.09909051084398943,0.14610661665276395,0.7548028714656126,high
2018-06-12,-0.017902215351871132,0.3506515491447291,0.008463170379400253,331,0.0755287009063444,0.10574018126888217,0.8187311178247734,0.1347711584235336,0.15267337377540474,0.7125554708792093,high
2018-06-13,-0.03622047374789544,0.31051045711231823,0.005904011428356171,363,0.049586776859504134,0.1046831955922865,0.8457300275482094,0.1097107888212217,0.14593126256911715,0.7443579469573974,high
2018-06-14,-0.038795431939877195,0.3225197279687711,0.0029575955122709274,476,0.07142857142857142,0.10714285714285714,0.8214285714285714,0.12210614833699054,0.16090158027686774,0.7169922716766909,high
2018-06-15,-0.07029134306797621,0.32461513801389125,0.005644746124744415,453,0.046357615894039736,0.1434878587196468,0.8101545253863135,0.10353468672760965,0.17382602979558587,0.7226392873840419,high
2018-06-18,-0.040772632375634485,0.3076556934197221,0.0035592205822467804,691,0.060781476121562955,0.10130246020260492,0.8379160636758322,0.11140846889519959,0.15218110127083406,0.7364104283156814,high
2018-06-19,-0.05466343142781819,0.3444587549002434,0.0027331318706274033,497,0.06237424547283702,0.12877263581488935,0.8088531187122736,0.11679494355278655,0.17145837498060473,0.711746682789574,high
2018-06-20,-0.027653868863257956,0.3307697116048506,0.004352133721113205,442,0.0746606334841629,0.11538461538461539,0.8099547511312217,0.1258886384069751,0.15354250727023305,0.7205688546778323,high
2018-06-21,-0.057776178440286055,0.3030141925382178,0.0029516052454710007,450,0.04,0.12,0.84,0.10199459033190376,0.15977076877218982,0.7382346408151917,high
2018-06-22,-0.09271355123362607,0.33312216973374253,-0.004211833700537682,396,0.04292929292929293,0.15656565656565657,0.8005050505050505,0.10316218523017008,0.19587573646379616,0.7009620795054643,high
2018-06-25,-0.07385187606108257,0.32583737945615965,-0.004739164374768734,706,0.042492917847025496,0.13456090651558072,0.8229461756373938,0.10146824383802142,0.17532011989910398,0.7232116342973355,high
2018-06-26,-0.011481816605610644,0.3243030507273184,0.005225704051554203,344,0.0872093023255814,0.0872093023255814,0.8255813953488372,0.13574788629261472,0.14722970289822537,0.7170224102582176,high
2018-06-27,-0.0985249059015828,0.33149158842061466,0.0008076271042227745,392,0.04081632653061224,0.15816326530612246,0.8010204081632653,0.09614261992784141,0.1946675258294242,0.7091898520724201,high
2018-06-28,-0.0917176087271572,0.3527432236356476,-0.010227739810943604,323,0.06191950464396285,0.1609907120743034,0.7770897832817337,0.11389751130305577,0.20561512003021298,0.6804873677253169,high
2018-06-29,-0.06200789433121141,0.3480995956452268,-0.0006689019501209259,276,0.057971014492753624,0.13768115942028986,0.8043478260869565,0.11831167816062985,0.18031957249184125,0.7013687494588827,high
2018-07-02,-0.060328882158248,0.3017233039143868,-0.0005039200186729431,460,0.04782608695652174,0.11521739130434783,0.8369565217391305,0.10109104922891635,0.16141993138716434,0.7374890186418982,high
2018-07-03,-0.09858624366401085,0.35846354747052084,-0.007291693240404129,290,0.05517241379310345,0.1896551724137931,0.7551724137931034,0.10812187386869357,0.2067081175327044,0.6851700092248362,high
2018-07-04,-0.05507242124712535,0.26170270890590247,0.005518358200788498,131,0.007633587786259542,0.09923664122137404,0.8931297709923665,0.08297075451003345,0.1380431757571588,0.7789860723668155,high
2018-07-05,-0.09045708288250881,0.3116148123426285,-0.012410614639520645,253,0.039525691699604744,0.13438735177865613,0.8260869565217391,0.0942600784996311,0.1847171613821399,0.7210227595458153,high
2018-07-06,-0.06161200422726865,0.321195144063622,0.0020767301321029663,279,0.03942652329749104,0.12186379928315412,0.8387096774193549,0.10004262285019976,0.16165462707746842,0.7383027488773014,high
2018-07-09,-0.04269204616426585,0.304413661135255,0.0034968648105859756,481,0.05405405405405406,0.0893970893970894,0.8565488565488566,0.10315813638440288,0.14585018254866874,0.7509916812073044,high
2018-07-10,-0.05073555361152449,0.32905637318198916,-0.0003901394084095955,336,0.0625,0.12797619047619047,0.8095238095238095,0.11586013468193068,0.16659568829345517,0.7175441767488208,high
2018-07-11,-0.0973791646465034,0.3752299168070081,0.0027942853048443794,286,0.04895104895104895,0.1853146853146853,0.7657342657342657,0.10906932309882103,0.20644848774532443,0.6844821865051672,high
2018-07-12,-0.03530928348757427,0.3282309890867103,0.008423824794590473,296,0.060810810810810814,0.11486486486486487,0.8243243243243243,0.12075430545578333,0.15606358894335762,0.7231821076743103,high
2018-07-13,-0.0577832024745351,0.3510429260182698,0.004401937127113342,255,0.0784313725490196,0.12549019607843137,0.796078431372549,0.1202164084796666,0.1779996109542017,0.7017839783985241,high
2018-07-16,-0.0695106476768998,0.3403811353012931,0.0038189487531781197,508,0.047244094488188976,0.12992125984251968,0.8228346456692913,0.10031179105496313,0.16982243873186292,0.729865770607336,high
2018-07-17,-0.006029625289007887,0.318635045744494,0.008200172334909439,333,0.07807807807807808,0.07807807807807808,0.8438438438438438,0.12498778543314776,0.13101741072215564,0.7439947999152425,high
2018-07-18,-0.03588633833964931,0.34275677738129434,-0.0059533994644880295,262,0.07633587786259542,0.12213740458015267,0.8015267175572519,0.12567445985219292,0.16156079819184224,0.712764743594666,high
2018-07-19,-0.070239555315154,0.3448608088515072,-0.0026310794055461884,307,0.06188925081433225,0.15960912052117263,0.7785016286644951,0.11374954852284651,0.18398910383800052,0.7022613416993172,high
2018-07-20,-0.0818904364071155,0.34211557036750706,-0.004228956997394562,295,0.04406779661016949,0.13898305084745763,0.8169491525423729,0.10382041360046398,0.18571085000757948,0.710468737553742,high
2018-07-23,-0.07326627802103758,0.3015406700629186,-0.003619663417339325,471,0.04246284501061571,0.11040339702760085,0.8471337579617835,0.09248431484687543,0.16575059286791302,0.7417650890918231,high
2018-07-24,-0.06847374746971698,0.3207895756857172,-0.004553645849227905,353,0.053824362606232294,0.13031161473087818,0.8158640226628895,0.10318011579449386,0.17165386326421084,0.7251660203397612,high
2018-07-25,-0.0623625894297654,0.3569316047057349,9.959936141967773e-05,549,0.07103825136612021,0.14754098360655737,0.7814207650273224,0.12256939318506065,0.18493198261482605,0.6924986269949293,high
2018-07-26,-0.07241057430719505,0.361984093031926,0.0009377822279930115,618,0.061488673139158574,0.1553398058252427,0.7831715210355987,0.11348377640244572,0.18589435070964078,0.7006218720176242,high
2018-07-27,-0.08082793365436614,0.3612660252721444,-0.011029921472072601,484,0.0640495867768595,0.16115702479338842,0.7747933884297521,0.11287556320509666,0.19370349685946278,0.6934209434538772,high
2018-07-30,-0.07545830895580508,0.3351045506561045,-0.0011998452246189117,668,0.04790419161676647,0.1407185628742515,0.811377245508982,0.10290801695974622,0.1783663259155513,0.7187256611002508,high
2018-07-31,-0.0186117465715765,0.3636898022715025,0.005134914070367813,371,0.09433962264150944,0.11859838274932614,0.7870619946091644,0.13963478375376878,0.15824653032534527,0.7021186880496233,high
2018-08-01,-0.07804645848658318,0.32411339506775333,-0.005857538431882858,419,0.04295942720763723,0.13842482100238662,0.8186157517899761,0.09856022195112592,0.1766066804377091,0.7248330978245467,high
2018-08-02,-0.06445219169060389,0.33093739824084034,0.005518708378076553,435,0.03908045977011494,0.14022988505747128,0.8206896551724138,0.10397728511785297,0.16842947680845685,0.7275932381850208,high
2018-08-03,-0.054826384828281484,0.30944850892545744,-0.000907406210899353,303,0.0297029702970297,0.1188118811881188,0.8514851485148515,0.10537791496493143,0.1602042997932129,0.7344177865143559,high
2018-08-06,-0.04752030779064058,0.3137702909037609,0.0010194964706897736,586,0.05802047781569966,0.1075085324232082,0.8344709897610921,0.10788735021668591,0.15540765800732648,0.7367049896892529,high
2018-08-07,-0.06738225577643252,0.31644880505692435,-0.00895192101597786,557,0.05026929982046679,0.1310592459605027,0.8186714542190305,0.1023473961118281,0.1697296518882606,0.7279229530549644,high
2018-08-08,-0.06453099416794517,0.3133431823678254,-0.010351866483688354,421,0.0498812351543943,0.12351543942992874,0.8266033254156769,0.10254997408322795,0.1670809682511731,0.7303690558870162,high
2018-08-09,-0.04616852977237958,0.3122154376367266,0.0016546770930290222,409,0.05867970660146699,0.11735941320293398,0.823960880195599,0.10872535054369267,0.15489388031607226,0.7363807684616676,high
2018-08-10,-0.08490053092601238,0.2874534136856506,-0.008271090686321259,308,0.012987012987012988,0.12337662337662338,0.8636363636363636,0.08250341253875235,0.16740394346476473,0.7500926430893505,high
2018-08-13,-0.07700772549665673,0.29643085784766643,-0.007736289873719215,537,0.035381750465549346,0.13221601489757914,0.8324022346368715,0.09203616105144917,0.1690438865481059,0.7389199492006495,high
2018-08-14,-0.0637153534302071,0.3212948115751771,-0.0028624199330806732,335,0.050746268656716415,0.14029850746268657,0.808955223880597,0.10268039839036429,0.1663957518205714,0.7309238502171947,high
2018-08-15,-0.09413709680003852,0.3598849977300584,-0.004910815507173538,435,0.052873563218390804,0.15862068965517243,0.7885057471264367,0.10648127076290977,0.2006183675629483,0.6929003651071897,high
2018-08-16,-0.06550392125489878,0.35741284652138466,0.0034523112699389458,444,0.05405405405405406,0.13963963963963963,0.8063063063063063,0.11240029157777023,0.17790421283266902,0.709695494939313,high
2018-08-17,-0.04926191491509805,0.3545122378245869,-0.0018433406949043274,379,0.08179419525065963,0.13192612137203166,0.7862796833773087,0.12432529854202412,0.17358721345712216,0.7020874898782428,high
2018-08-20,-0.042201302912865814,0.3191965565537079,0.00551118329167366,583,0.06174957118353345,0.12006861063464837,0.8181818181818182,0.11233235773347688,0.1545336606463427,0.7331339793813321,high
2018-08-21,-0.022258210281857795,0.3490325477920716,0.004845757037401199,285,0.07719298245614035,0.11228070175438597,0.8105263157894737,0.12892347443848848,0.15118168472034627,0.7198948426858375,high
2018-08-22,-0.03702127981859331,0.348657902033742,0.004838315770030022,312,0.07051282051282051,0.1346153846153846,0.7948717948717948,0.12747501650860962,0.16449629632720295,0.7080286847523007,high
2018-08-23,-0.059302560412430455,0.3264620496608443,-5.901604890823364e-05,309,0.045307443365695796,0.13592233009708737,0.8187702265372169,0.1126024136741715,0.17190497408660196,0.7154926086586078,high
2018-08-24,-0.016175255579428074,0.31707196079703065,0.008193837478756905,376,0.07180851063829788,0.09840425531914894,0.8297872340425532,0.11978031553456837,0.13595557111399645,0.7442641088421992,high
2018-08-27,-0.018803872808938044,0.2972232584089245,0.0065903812646865845,691,0.06222865412445731,0.085383502170767,0.8523878437047757,0.11606906135613705,0.1348729341650751,0.7490580053555249,high
2018-08-28,-0.0574711044868713,0.31818709985619764,0.00623780582100153,288,0.03819444444444445,0.13194444444444445,0.8298611111111112,0.10524802734208707,0.16271913182895836,0.7320328415436153,high
2018-08-29,-0.0052615599968109505,0.3145637937694334,0.010405488312244415,392,0.061224489795918366,0.09183673469387756,0.8469387755102041,0.12829566372758044,0.13355722372439138,0.7381471128164961,high
2018-08-30,-0.02703960010382746,0.3332794689254962,0.012015031650662422,392,0.07397959183673469,0.10459183673469388,0.8214285714285714,0.12320288666048829,0.15024248676431573,0.7265546280577094,high
2018-08-31,-0.03581256432397688,0.2939095996453746,0.0029771775007247925,305,0.03934426229508197,0.09508196721311475,0.8655737704918033,0.10773827346713573,0.1435508377911126,0.7487108895524603,high
2018-09-03,-0.053461140519755694,0.28416652083370464,0.0011882651597261429,431,0.027842227378190254,0.09976798143851508,0.8723897911832946,0.09094412720885361,0.14440526772860932,0.7646506053596528,high
2018-09-04,-0.038369426629559576,0.32568029870571413,0.006705284118652344,348,0.0603448275862069,0.10344827586206896,0.8362068965517241,0.11109963870318286,0.14946906533274243,0.7394312945724433,high
2018-09-05,-0.07748983622578437,0.34698262375063127,0.0004735458642244339,486,0.04938271604938271,0.1419753086419753,0.808641975308642,0.1118195701060901,0.18930940633187446,0.6988710223221883,high
2018-09-06,-0.08579059534829604,0.33495790722902336,-0.0065926797688007355,498,0.050200803212851405,0.1606425702811245,0.7891566265060241,0.10137459159039529,0.18716518693869133,0.7114602221310677,high
2018-09-07,-0.04902665017432243,0.3081677553757505,-0.0015928726643323898,488,0.05122950819672131,0.10860655737704918,0.8401639344262295,0.10535789813395956,0.154384548308282,0.7402575494126096,high
2018-09-10,-0.062288092927269216,0.29722984201111524,-0.00028463639318943024,530,0.035849056603773584,0.11509433962264151,0.8490566037735849,0.09740309578911313,0.15969118871638235,0.7429057127743397,high
2018-09-11,-0.06079702438890106,0.34062766247104326,0.013188324868679047,306,0.03594771241830065,0.13725490196078433,0.826797385620915,0.10670545313117746,0.16750247752007852,0.7257920683489418,high
2018-09-12,-0.06339628833282818,0.3197887026293154,-0.003381401300430298,427,0.0468384074941452,0.11943793911007025,0.8337236533957846,0.10380080978514789,0.16719709811797606,0.7290020929104202,high
2018-09-13,-0.023770839292814747,0.35162721823086124,0.00939883291721344,432,0.08564814814814815,0.12268518518518519,0.7916666666666666,0.1328555543139508,0.15662639360676553,0.7105180506628973,high
2018-09-14,-0.03156388222623099,0.33835534757309055,0.007770586758852005,367,0.0653950953678474,0.10626702997275204,0.8283378746594006,0.12124355844595046,0.15280744067218144,0.7259490031353134,high
2018-09-17,-0.06277726824252078,0.32730222193449765,0.0012213094159960747,650,0.04153846153846154,0.13538461538461538,0.823076923076923,0.10390318446721022,0.166680452709731,0.7294163655919524,high
2018-09-18,-0.06359207949420209,0.3260806874896972,9.804964065551758e-06,417,0.047961630695443645,0.12470023980815348,0.8273381294964028,0.1067850132990959,0.170377092793298,0.7228378951683533,high
2018-09-19,-0.04059612865671795,0.3155717146887378,0.0025238096714019775,532,0.05075187969924812,0.10714285714285714,0.8421052631578947,0.11096436467504871,0.15156049333176666,0.7374751426146499,high
2018-09-20,-0.03439403417103308,0.3501505550373436,0.0038295425474643707,449,0.08240534521158129,0.12249443207126949,0.7951002227171492,0.12907544358162612,0.1634694777526592,0.7074550807368184,high
2018-09-21,-0.07305261218373763,0.3431402131585947,0.005606982856988907,351,0.045584045584045586,0.1452991452991453,0.8091168091168092,0.1057577878847039,0.1788104000684415,0.715431813638859,high
2018-09-24,-0.08349031898966533,0.3331499612689583,-0.0054539162665605545,590,0.04067796610169491,0.14745762711864407,0.811864406779661,0.09774232223882513,0.18123264122849045,0.7210250404237185,high
2018-09-25,-0.020967772284408857,0.3383896021567154,0.007454216480255127,311,0.08038585209003216,0.1157556270096463,0.8038585209003215,0.12653695858589753,0.14750473087030638,0.7259583146314338,high
2018-09-26,-0.07713993280937473,0.3492583318392093,-0.008013073354959488,326,0.05214723926380368,0.15644171779141106,0.7914110429447853,0.11185312373249397,0.1889930565418687,0.6991538210697701,high
2018-09-27,-0.0874761116658018,0.3337721046040756,0.005133217200636864,481,0.0395010395010395,0.14345114345114346,0.817047817047817,0.09296125317526799,0.1804373648410698,0.7266013836662387,high
2018-09-28,-0.08404138343421375,0.3401992251571128,6.046891212463379e-05,441,0.045351473922902494,0.1564625850340136,0.7981859410430839,0.1018321423668862,0.18587352580109995,0.7122943315975994,high
2018-10-01,-0.03615441722951993,0.2981431893971725,0.008129365742206573,773,0.04915912031047866,0.09702457956015524,0.8538163001293662,0.10520968371688992,0.14136410094640986,0.7534262186029558,high
2018-10-02,-0.0634570036378062,0.29419363653126873,0.0054412465542554855,392,0.02806122448979592,0.11479591836734694,0.8571428571428571,0.09560126956191142,0.1590582731997176,0.7453404562120155,high
2018-10-03,-0.04247531226141087,0.3307125228319288,-0.0012069419026374817,339,0.06784660766961652,0.10914454277286136,0.8230088495575221,0.11484569318834308,0.15732100544975394,0.7278333004827784,high
2018-10-04,-0.08876375326303566,0.324196649319652,-0.00936949998140335,412,0.04854368932038835,0.13349514563106796,0.8179611650485437,0.09522267327603243,0.18398642653906808,0.7207908974598768,high
2018-10-05,-0.06165575409277325,0.3218117504670029,-0.0005436558276414871,424,0.04481132075471698,0.13443396226415094,0.8207547169811321,0.10563655299209233,0.1672923070848656,0.7270711399834463,high
2018-10-08,-0.06206467189505166,0.33449131476,-0.0006319452077150345,534,0.054307116104868915,0.12734082397003746,0.8183520599250936,0.10917824414586613,0.1712429160409178,0.7195788422069244,high
2018-10-09,-0.047956411397435526,0.32178116895730524,-0.00015621259808540344,345,0.06086956521739131,0.11884057971014493,0.8202898550724638,0.1163490701061876,0.16430548150362312,0.719345448349697,high
2018-10-10,-0.11366089782024795,0.3577400997308803,-0.012637514621019363,535,0.052336448598130844,0.19439252336448598,0.7532710280373832,0.10208974691525659,0.21575064473550454,0.6821596100160452,high
2018-10-11,-0.08811945297141102,0.34425369721869004,-0.00677117146551609,511,0.05283757338551859,0.16634050880626222,0.7808219178082192,0.10825737800226783,0.19637683097367883,0.695365790037143,high
2018-10-12,-0.054482669519309544,0.342884676232712,0.005036555230617523,380,0.05263157894736842,0.12368421052631579,0.8236842105263158,0.11462948493978106,0.1691121544590906,0.7162583588622511,high
2018-10-15,-0.06398788556410656,0.2993325333720169,-0.001089777797460556,568,0.035211267605633804,0.11795774647887323,0.846830985915493,0.09666697320390598,0.16065485876801253,0.7426781679772523,high
2018-10-16,-0.023875137980628226,0.314386459251345,0.00854431837797165,280,0.06785714285714285,0.10714285714285714,0.825,0.12438444357831031,0.14825958155893854,0.7273559768750731,high
2018-10-17,-0.03718020261262159,0.33261082948845233,-0.004656761884689331,293,0.08191126279863481,0.11604095563139932,0.8020477815699659,0.1249519465316354,0.162132149144257,0.7129159065713604,high
2018-10-18,-0.05525344649748564,0.3158727875090767,0.003955943509936333,298,0.05704697986577181,0.1174496644295302,0.825503355704698,0.10502075649104112,0.16027420298852676,0.7347050426252837,high
2018-10-19,-0.08757641293475923,0.31042247579695464,-0.004640622995793819,294,0.034013605442176874,0.14285714285714285,0.8231292517006803,0.09414900216229614,0.1817254150970554,0.7241255824270398,high
2018-10-22,-0.05918501483687475,0.27380744105990423,0.0026748161762952805,494,0.030364372469635626,0.09716599190283401,0.8724696356275303,0.08642396773965766,0.1456089825765324,0.7679670524655234,high
2018-10-23,-0.06973118074537848,0.3213100365163438,-0.007649989798665047,342,0.05555555555555555,0.11988304093567251,0.8245614035087719,0.10975726655199688,0.17948844729737537,0.7107542869171988,high
2018-10-24,-0.07399206020555156,0.36518265371113834,-0.0006780587136745453,501,0.06187624750499002,0.16167664670658682,0.7764471057884231,0.11828965445173656,0.1922817146572881,0.6894286318055676,high
2018-10-25,-0.055465183723329876,0.3216745918320288,0.0035484768450260162,480,0.052083333333333336,0.12291666666666666,0.825,0.10389794741834825,0.15936313114167813,0.7367389199944834,high
2018-10-26,-0.08376042526960373,0.34166869148196505,-0.007580474019050598,375,0.06133333333333333,0.15733333333333333,0.7813333333333333,0.1064378405387203,0.19019826580832402,0.703363892806073,high
2018-10-29,-0.09157023127062243,0.30638490117336703,-0.008241843432188034,471,0.027600849256900213,0.12951167728237792,0.8428874734607219,0.0837864017256411,0.17535663299626353,0.7408569651970248,high
2018-10-30,-0.11565065601269804,0.3441965329978692,-0.008731955662369728,310,0.03870967741935484,0.1967741935483871,0.7645161290322581,0.09197336422249434,0.20762402023519239,0.7004026156219263,high
2018-10-31,-0.10564860704913735,0.3220221531991964,-0.0092127351090312,250,0.028,0.156,0.816,0.08912527895346284,0.1947738860026002,0.7161008410826325,high
2018-11-01,-0.04590436769169323,0.347337004776304,-0.0028003156185150146,291,0.06529209621993128,0.11683848797250859,0.8178694158075601,0.1232703086148781,0.16917467630657135,0.7075550157282361,high
2018-11-02,-0.03777109082567237,0.3227317404957535,-0.00015869736671447754,236,0.0635593220338983,0.11440677966101695,0.8220338983050848,0.1247792017283076,0.16255029255397996,0.7126705027106455,high
2018-11-05,-0.03390386940077467,0.29808048843920537,0.0035680197179317474,373,0.05093833780160858,0.09115281501340483,0.8579088471849866,0.10664357600269225,0.14054744540346692,0.752808978431546,high
2018-11-06,-0.01586035194260807,0.2675725693872032,0.014010454528033733,174,0.04597701149425287,0.06896551724137931,0.8850574712643678,0.10366206792258155,0.11952241986518962,0.7768155181052527,high
2018-11-07,-0.007132263245486368,0.3336938806756543,0.009664949029684067,254,0.07874015748031496,0.09055118110236221,0.8307086614173228,0.13433764680970725,0.1414699100551936,0.7241924393071434,high
2018-11-08,-0.07125702781919786,0.3330153106962737,-0.0029124021530151367,235,0.05531914893617021,0.14893617021276595,0.7957446808510639,0.10897918735293949,0.18023621517213737,0.7107845980039936,high
2018-11-09,-0.07851452516282306,0.31925674921572844,-0.008332058787345886,255,0.043137254901960784,0.13333333333333333,0.8235294117647058,0.09702728030947494,0.175541805472298,0.727430916197744,high
2018-11-12,-0.07001775726111549,0.3159288688364904,-0.00750076025724411,429,0.037296037296037296,0.13286713286713286,0.8298368298368298,0.09527783154668439,0.16529558880779988,0.7394265806463076,high
2018-11-13,-0.0917217139392457,0.34113411819503126,-0.005698841065168381,235,0.04680851063829787,0.14042553191489363,0.8127659574468085,0.09968280610331196,0.19140452004255767,0.7089126780708419,high
2018-11-14,-0.0656356106197776,0.3433514570966416,-0.0031364187598228455,231,0.05627705627705628,0.14285714285714285,0.8008658008658008,0.11299341141338988,0.17862902203316747,0.7083775678173804,high
2018-11-15,-0.11534052132963866,0.3417000182393406,-0.007186446338891983,278,0.03237410071942446,0.15827338129496402,0.8093525179856115,0.08716883541004423,0.2025093567396829,0.7103218043678634,high
2018-11-16,-0.06961103308411246,0.30072593293028155,-0.004025599919259548,216,0.027777777777777776,0.11574074074074074,0.8564814814814815,0.09596481229420062,0.16557584537831307,0.7384593403656725,high
2018-11-19,-0.09183827708268331,0.32318656227786335,-0.001901952549815178,450,0.03777777777777778,0.15333333333333332,0.8088888888888889,0.09353355173435476,0.18537182881703806,0.7210946152897345,high
2018-11-20,-0.07283752743081238,0.2974851206041757,-0.00868258811533451,304,0.03618421052631579,0.125,0.8388157894736842,0.09559381604317184,0.16843134347398422,0.7359748404644626,high
2018-11-21,-0.04000938039306285,0.3104112414913605,0.005249183624982834,224,0.05803571428571429,0.12053571428571429,0.8214285714285714,0.11440982995139036,0.15441921034445322,0.7311709563364275,high
2018-11-22,-0.021815883464736046,0.3382896248871347,0.01216745376586914,139,0.06474820143884892,0.12949640287769784,0.8057553956834532,0.12314684816348039,0.14496273162821643,0.7318904241747993,high
2018-11-23,-0.10066225463357158,0.3139212921893141,-0.016535205766558647,167,0.023952095808383235,0.1437125748502994,0.8323353293413174,0.08623225280379285,0.18689450743736444,0.7268732409411205,high
2018-11-26,-0.054054758711227856,0.3477630592110058,-0.00013292953372001648,380,0.07105263157894737,0.1368421052631579,0.7921052631578948,0.11662085121129885,0.1706756099225267,0.7127035339068818,high
2018-11-27,-0.05959369222672578,0.3933226530916002,0.0010383352637290955,167,0.0718562874251497,0.16766467065868262,0.7604790419161677,0.1235089504723242,0.18310264269904997,0.6933884069457382,high
2018-11-28,-0.018037151779160907,0.3267351636610508,0.001486256718635559,223,0.06726457399103139,0.08520179372197309,0.8475336322869955,0.129474650943159,0.1475118027223199,0.7230135460672357,high
2018-11-29,-0.07596967482254252,0.31424738839172894,0.0007001711055636406,174,0.040229885057471264,0.13793103448275862,0.8218390804597702,0.09835534342082924,0.17432501824337177,0.7273196381805785,high
2018-11-30,-0.07665904138177153,0.33510860547423943,-0.006236908957362175,186,0.05913978494623656,0.13440860215053763,0.8064516129032258,0.10577664794700761,0.18243568932877913,0.7117876600253806,high
2018-12-03,-0.03579219130357516,0.3123884003429195,-0.0015213079750537872,485,0.06804123711340206,0.10103092783505155,0.8309278350515464,0.11793262853872838,0.15372481984230355,0.7283425531436487,high
2018-12-04,-0.08292841330061064,0.36148358395562263,-0.005867902189493179,255,0.058823529411764705,0.1450980392156863,0.796078431372549,0.11419564217657727,0.19712405547718792,0.6886803014021293,high
2018-12-05,-0.0656667163603286,0.36568222868606276,-0.01096881739795208,241,0.07053941908713693,0.15767634854771784,0.7717842323651453,0.12184118256513879,0.1875078989254674,0.6906509178292578,high
2018-12-06,-0.1097143366809922,0.359597361973537,-0.010098118335008621,303,0.056105610561056105,0.1716171617161716,0.7722772277227723,0.10126252104174777,0.21097685772273997,0.687760618315524,high
2018-12-07,-0.05236789242674907,0.35174500836127437,0.0007754117250442505,282,0.06028368794326241,0.13120567375886524,0.8085106382978723,0.11867542925838989,0.17104332168513897,0.7102812479137846,high
2018-12-10,-0.07326325429357784,0.28358442554425733,0.0020110979676246643,417,0.026378896882494004,0.11510791366906475,0.8585131894484412,0.08711693407766682,0.16038018837124465,0.7525028764745958,high
2018-12-11,-0.0456735232459291,0.3279708519688735,0.0015750601887702942,227,0.07488986784140969,0.11013215859030837,0.8149779735682819,0.11642179851079697,0.16209532175672606,0.7214828832362192,high
2018-12-12,-0.07957955142001397,0.32772558441507177,-0.009075416252017021,290,0.05172413793103448,0.13448275862068965,0.8137931034482758,0.09765570346940437,0.17723525488941833,0.7251090404192179,high
2018-12-13,-0.03935164520357108,0.3395326847374798,0.007673095911741257,233,0.06866952789699571,0.11587982832618025,0.8154506437768241,0.11617284264943119,0.15552448785300227,0.7283026677648269,high
2018-12-14,-0.11446756397240929,0.345498460895446,-0.013651986606419086,224,0.04017857142857143,0.16071428571428573,0.7991071428571429,0.09313782383937255,0.20760538781178184,0.6992567900036063,high
2018-12-17,-0.08628549844107992,0.30732169143411425,-0.009953146800398827,366,0.03278688524590164,0.15027322404371585,0.8169398907103825,0.09240613849019337,0.1786916369312733,0.7289022242299236,high
2018-12-18,-0.06573104088904687,0.289507741375786,0.0017001153901219368,202,0.019801980198019802,0.0891089108910891,0.8910891089108911,0.09129735608907914,0.157028396978126,0.7516742482560106,high
2018-12-19,-0.09058432812661592,0.2893731232230272,-0.01880461722612381,271,0.01845018450184502,0.11808118081180811,0.8634686346863468,0.08182542064533023,0.17240974877194615,0.7457648303696535,high
2018-12-20,-0.06017023100293357,0.3267382948779742,-0.0034972988069057465,274,0.06204379562043796,0.12043795620437957,0.8175182481751825,0.11508890775365442,0.175259138756588,0.70965195855085,high
2018-12-21,-0.08036386140368201,0.35127580811826387,-0.007221672683954239,330,0.06363636363636363,0.15151515151515152,0.7848484848484848,0.11262633602671099,0.192990197430393,0.6943834692973531,high
2018-12-24,-0.08745677187035863,0.32479167794627833,-0.005833819508552551,650,0.04,0.14461538461538462,0.8153846153846154,0.09697885269872271,0.18443562456908133,0.7185855242294761,high
2018-12-25,-0.050122996162317225,0.28951628132820384,0.007509592920541763,207,0.03864734299516908,0.10628019323671498,0.855072463768116,0.0985057111694545,0.14862870733177172,0.7528655852420606,high
2018-12-26,-0.08006177385012171,0.29830050639505534,-0.004272568970918655,289,0.03806228373702422,0.13494809688581316,0.8269896193771626,0.09528173339653077,0.17534350724665249,0.729374760716741,high
2018-12-27,-0.07591820636666134,0.3307592204198649,-0.00350358709692955,285,0.0456140350877193,0.14385964912280702,0.8105263157894737,0.10497009910708456,0.1808883054737459,0.7141415927689849,high
2018-12-28,-0.10178552317637496,0.3075861559278513,-0.0024989061057567596,205,0.014634146341463415,0.14634146341463414,0.8390243902439024,0.08305733434674216,0.18484285752311713,0.7320998112693793,high
2018-12-31,-0.0728952659846982,0.27846249025105363,-0.00277889147400856,384,0.0234375,0.109375,0.8671875,0.08169385734072421,0.1545891233254224,0.7637170219240943,high
2019-01-01,-0.005275303504860668,0.2714186573804875,0.0040487609803676605,134,0.05223880597014925,0.05970149253731343,0.8880597014925373,0.11931885065816676,0.12459415416302744,0.7560869961309789,high
2019-01-02,-0.1015806679118322,0.3557399822740344,-0.007506750524044037,218,0.05504587155963303,0.15137614678899083,0.7935779816513762,0.10183193770860997,0.2034126056204422,0.6947554550176367,high
2019-01-03,-0.05281524494651477,0.3422864826930984,0.0020993705838918686,294,0.05782312925170068,0.12585034013605442,0.8163265306122449,0.11151386936334576,0.16432911430986052,0.7241570154825846,high
2019-01-04,-0.0710545793441321,0.30357997523785263,-0.0062067750841379166,284,0.04225352112676056,0.12323943661971831,0.8345070422535211,0.09898236366710297,0.1700369430112351,0.73098069734045,high
2019-01-07,-0.03532424037825819,0.3039072507322186,0.006121449172496796,393,0.06361323155216285,0.10432569974554708,0.8320610687022901,0.1098972288050402,0.1452214691832984,0.7448812997722216,high
2019-01-08,-0.021548200053842486,0.3250505340130502,0.0028291791677474976,185,0.06486486486486487,0.0972972972972973,0.8378378378378378,0.11285557792698209,0.1344037779808246,0.7527406390957736,high
2019-01-09,-0.04229419791514871,0.3405538944295126,-0.00012706033885478973,278,0.07553956834532374,0.12589928057553956,0.7985611510791367,0.12054663191033567,0.1628408298254844,0.716612541197176,high
2019-01-10,-0.0859199876864277,0.3177016297096252,-0.007001206278800964,199,0.03015075376884422,0.1457286432160804,0.8241206030150754,0.09040525084801355,0.17632523853444124,0.7332695081137383,high
2019-01-11,-0.05095245305046037,0.30106796670675884,-0.003899788483977318,185,0.04864864864864865,0.0918918918918919,0.8594594594594595,0.09949805926833603,0.15045051231879641,0.7500514245919279,high
2019-01-14,-0.045748318201239924,0.2857608639766092,-0.005260840058326721,422,0.04739336492890995,0.08293838862559241,0.8696682464454977,0.09368358303735394,0.13943190123859386,0.7668845170371729,high
2019-01-15,-0.05847022896632552,0.37776737017931444,0.0017606951296329498,240,0.06666666666666667,0.15,0.7833333333333333,0.11846913322418308,0.1769393621905086,0.7045915029089277,high
2019-01-16,-0.012979042565737346,0.3166357982346456,0.006126008927822113,201,0.07462686567164178,0.0845771144278607,0.8407960199004975,0.12276093840172783,0.13573998096746517,0.741499078816813,high
2019-01-17,-0.06741214132372049,0.3144664451674477,-0.005973393097519875,248,0.04032258064516129,0.12096774193548387,0.8387096774193549,0.09343408159310779,0.1608462229168283,0.7457196933232368,high
2019-01-18,-0.09463020094670355,0.3126625342003276,-0.011736419051885605,300,0.03,0.14,0.83,0.08833345324421922,0.18296365419092278,0.7287028921085099,high
2019-01-21,-0.0692822520875118,0.28584907100614104,-0.006016969680786133,429,0.027972027972027972,0.10722610722610723,0.8648018648018648,0.08418496628671815,0.15346721837422994,0.7623478156147581,high
2019-01-22,-0.06903458714894042,0.3432630166393624,-0.0007626116275787354,164,0.054878048780487805,0.13414634146341464,0.8109756097560976,0.10673745759626532,0.17577204474520575,0.7174904960457508,high
2019-01-23,-0.04130660123072374,0.33400426136528977,0.001993943005800247,195,0.06666666666666667,0.12307692307692308,0.8102564102564103,0.11651184332962984,0.15781844456035357,0.7256697109589975,high
2019-01-24,-0.0413398778053944,0.2987250946069355,-0.004965869709849358,231,0.05627705627705628,0.08225108225108226,0.8614718614718615,0.10643933084491011,0.1477792086503045,0.7457814657117252,high
2019-01-25,-0.03216034843765124,0.2992887198849709,0.00797736644744873,198,0.045454545454545456,0.09090909090909091,0.8636363636363636,0.10154637353814612,0.13370672197579736,0.7647469016544596,high
2019-01-28,-0.07547918439653548,0.29569007619946625,0.0017840266227722168,379,0.021108179419525065,0.11609498680738786,0.862796833773087,0.08874846482280849,0.16422764921934396,0.7470238862072651,high
2019-01-29,-0.08298324458870435,0.30918991077984653,-0.0044996291399002075,229,0.03056768558951965,0.14847161572052403,0.8209606986899564,0.08919944106214822,0.17218268565085257,0.7386178752513172,high
2019-01-30,-0.0700550017063506,0.3201006674498207,-0.0025877952575683594,240,0.04583333333333333,0.14166666666666666,0.8125,0.10427395216732596,0.17432895387367656,0.7213970952434465,high
2019-01-31,-0.05060922975239695,0.33687407762199073,0.010936817154288292,305,0.06229508196721312,0.12459016393442623,0.8131147540983606,0.11538409990426458,0.16599332965666153,0.7186225732208276,high
2019-02-01,-0.04100856854498309,0.30326829704286523,-0.016947250813245773,193,0.05181347150259067,0.09326424870466321,0.8549222797927462,0.112156028813475,0.15316459735845808,0.7346793740234999,high
2019-02-04,-0.036507484522258035,0.3083892848220771,0.005589593201875687,413,0.048426150121065374,0.09927360774818401,0.8523002421307506,0.10943109494550537,0.1459385794677634,0.7446303265507516,high
2019-02-05,-0.05369977753609419,0.3464345787014981,-0.00276804156601429,150,0.06,0.11333333333333333,0.8266666666666667,0.11695453129708767,0.17065430883318186,0.7123911527295907,high
2019-02-06,-0.09097754564330292,0.4102135695003432,-0.005948500707745552,144,0.0763888888888889,0.19444444444444445,0.7291666666666666,0.12045795155831406,0.21143549720161697,0.6681065494323977,high
2019-02-07,-0.08533498323832948,0.3674859532250356,-0.015695626847445965,150,0.06,0.16666666666666666,0.7733333333333333,0.11233641273652514,0.19767139597485464,0.6899921914127966,high
2019-02-08,-0.10692737877909694,0.3154885769123163,-0.008786864578723907,186,0.026881720430107527,0.13978494623655913,0.8333333333333334,0.07848087767319332,0.18540825645229028,0.7361108647228809,high
2019-02-11,-0.05048315185783316,0.3277635136070503,0.0035199876874685287,324,0.05555555555555555,0.12037037037037036,0.8240740740740741,0.10978426085641309,0.16026741271424624,0.7299483219926234,high
2019-02-12,-0.05497020187917664,0.2974263553166681,0.0014114715158939362,172,0.040697674418604654,0.11046511627906977,0.8488372093023255,0.0977983842658009,0.15276858614497754,0.749433034933497,high
2019-02-13,-0.009085103156976401,0.31266479123042623,0.00792162399739027,200,0.09,0.085,0.825,0.12545616509858518,0.1345412682555616,0.7400025630090385,high
2019-02-14,-0.01694216395031896,0.31016469912271083,0.00947011448442936,222,0.06756756756756757,0.0945945945945946,0.8378378378378378,0.12057127327414917,0.13751343722446813,0.7419152935329187,high
2019-02-15,-0.04015968225228236,0.31886058497478686,-2.2147782146930695e-05,184,0.07065217391304347,0.11956521739130435,0.8097826086956522,0.12014246160549152,0.1603021438577739,0.7195553963335798,high
2019-02-18,-0.0488227305521902,0.29830366860838614,0.0013185404241085052,260,0.03461538461538462,0.10384615384615385,0.8615384615384616,0.09684829367503811,0.1456710242272283,0.7574806783849803,high
2019-02-19,0.0025248575510214205,0.3468491545850659,0.0106284711509943,138,0.10144927536231885,0.10144927536231885,0.7971014492753623,0.14779100094017558,0.14526614338915417,0.7069428543141787,high
2019-02-20,-0.06784888518261997,0.31128592353745665,-0.005885370075702667,170,0.03529411764705882,0.13529411764705881,0.8294117647058824,0.08995685385923613,0.1578057390418561,0.7522374064716346,high
2019-02-21,-0.03533928882975818,0.3449736680610059,0.012610457837581635,179,0.061452513966480445,0.11173184357541899,0.8268156424581006,0.11875642988539441,0.1540957187151526,0.7271478499218239,high
2019-02-22,-0.0829003150023672,0.3514368622000038,-0.0036141276359558105,245,0.04897959183673469,0.1469387755102041,0.8040816326530612,0.09905650312727203,0.18195681812963924,0.7189866820274263,high
2019-02-25,-0.02452609648764097,0.2874087704615729,0.004045546054840088,409,0.04645476772616137,0.07823960880195599,0.8753056234718827,0.10316927924702139,0.12769537573466236,0.7691353467227049,high
2019-02-26,-0.08335264826669021,0.30614026731590027,-0.012465175241231918,188,0.031914893617021274,0.1276595744680851,0.8404255319148937,0.08780633033491037,0.1711589786016006,0.7410346897754897,high
2019-02-27,-0.05449658684191878,0.30585825643890097,0.0018259212374687195,209,0.04784688995215311,0.12440191387559808,0.8277511961722488,0.10438075287347776,0.15887733971539653,0.7367419033048398,high
2019-02-28,-0.07131730497349054,0.38336864079893174,-0.0025372542440891266,128,0.0703125,0.1796875,0.75,0.12362771181506105,0.19494501678855158,0.6814272608680767,high
2019-03-01,-0.07421216945992319,0.29053358376702154,-0.007851647213101387,181,0.022099447513812154,0.11602209944751381,0.861878453038674,0.0888696881114037,0.1630818575713269,0.7480484588349557,high
2019-03-04,-0.048502400549780875,0.2847242111864684,-0.0009644366800785065,317,0.04100946372239748,0.10725552050473186,0.8517350157728707,0.09395198885950756,0.14245438940928842,0.7635936189548639,high
2019-03-05,-0.057650712855412796,0.27848868943226146,-0.002086952328681946,177,0.03389830508474576,0.0847457627118644,0.8813559322033898,0.09116372741274746,0.14881444026816026,0.760021834986779,high
2019-03-06,-0.044957680275618306,0.3121901064633859,0.002799486741423607,164,0.054878048780487805,0.10365853658536585,0.8414634146341463,0.11281226446465929,0.1577699447402776,0.7294177858999408,high
2019-03-07,-0.05802727591894243,0.3393342505157261,-0.002772717736661434,184,0.059782608695652176,0.13043478260869565,0.8097826086956522,0.11877838064632985,0.17680565656527228,0.7044159590124922,high
2019-03-08,-0.09534445985885603,0.3539759328224442,-0.010446101427078247,175,0.04,0.15428571428571428,0.8057142857142857,0.10215103194915823,0.19749549180801426,0.7003534715303353,high
2019-03-11,-0.08275616545219537,0.36219515391592527,-0.005316987633705139,351,0.05413105413105413,0.15669515669515668,0.7891737891737892,0.1100995381391923,0.19285570359138768,0.6970447638520488,high
2019-03-12,-0.10263997187690907,0.3200152711650281,-0.004879368469119072,190,0.021052631578947368,0.15263157894736842,0.8263157894736842,0.08848305642604828,0.19112302830295735,0.7203939163665238,high
2019-03-13,-0.0923484006828706,0.349491767493307,0.001911018043756485,192,0.0625,0.140625,0.796875,0.10441400699104027,0.19676240767391087,0.6988235902099404,high
2019-03-14,-0.07126770813569978,0.38861338893885095,-0.006869934499263763,162,0.06790123456790123,0.16666666666666666,0.7654320987654321,0.11986633247040489,0.19113404060610467,0.6889996292690436,high
2019-03-15,-0.005328405101317912,0.3227722596219747,0.011975121684372425,160,0.09375,0.09375,0.8125,0.13150850088568405,0.13683690598700196,0.7316545935464092,high
2019-03-18,-0.05896514488189523,0.29568853768557635,-0.003575049340724945,335,0.04477611940298507,0.11044776119402985,0.844776119402985,0.09673108844948348,0.15569623333137872,0.7475726792811236,high
2019-03-19,0.001285786633279255,0.3597361251088966,0.014948198571801186,139,0.09352517985611511,0.11510791366906475,0.7913669064748201,0.15338551927116706,0.1520997326378878,0.6945147491830717,high
2019-03-20,-0.0007899712167076163,0.30014857480209917,0.015667974948883057,185,0.08648648648648649,0.07027027027027027,0.8432432432432433,0.1243060734676751,0.1250960446843827,0.7505978784750442,high
2019-03-21,-0.029439322772091842,0.2818022365806889,0.009293672628700733,222,0.02702702702702703,0.0945945945945946,0.8783783783783784,0.10717679161226025,0.1366161143843521,0.7562070955388114,high
2019-03-22,-0.09407910273723533,0.33781381684339123,-0.002494554966688156,229,0.034934497816593885,0.1615720524017467,0.8034934497816594,0.10125833516940475,0.19533743790664007,0.703404226222413,high
2019-03-25,-0.07424795326016315,0.31432098655799884,-0.010608214884996414,338,0.05029585798816568,0.11538461538461539,0.834319526627219,0.09620173329476421,0.17044968655492734,0.7333485817580798,high
2019-03-26,-0.07248184549932679,0.3513474049635602,-0.005846063606441021,150,0.06,0.15333333333333332,0.7866666666666666,0.11268107179552317,0.18516291729484996,0.7021560109903415,high
2019-03-27,-0.08042573021499044,0.2958976991038552,-0.010919926688075066,132,0.022727272727272728,0.11363636363636363,0.8636363636363636,0.08686472158737932,0.16729045180236976,0.7458448272170217,high
2019-03-28,-0.015332134952193793,0.3581871998135707,0.0035515744239091873,162,0.10493827160493827,0.10493827160493827,0.7901234567901234,0.14279962483977462,0.15813175979196842,0.6990686107231419,high
2019-03-29,-0.10413032818747603,0.31641801893665034,-0.0010371915996074677,161,0.031055900621118012,0.16149068322981366,0.8074534161490683,0.08119661583108191,0.18532694401855795,0.7334764393058067,high
2019-04-01,-0.028986846713084886,0.27267539510043176,0.007766036316752434,303,0.0429042904290429,0.07590759075907591,0.8811881188118812,0.0970175422669662,0.1260043889800511,0.776978068834435,high
2019-04-02,-0.02020162100191502,0.2914896091350741,0.003720545209944248,204,0.04411764705882353,0.08333333333333333,0.8725490196078431,0.10746423090698526,0.12766585190890029,0.764869921329413,high
2019-04-03,-0.031017961294192417,0.3062100173503228,0.007155288010835648,193,0.05181347150259067,0.07772020725388601,0.8704663212435233,0.10779466201102486,0.1388126233052173,0.7533927096797086,high
2019-04-04,-0.0418435664470346,0.2908802315739321,-0.0023431144654750824,242,0.045454545454545456,0.08264462809917356,0.871900826446281,0.09713625443776037,0.138979820884795,0.7638839324859302,high
2019-04-05,-0.02657473351619097,0.2725133827626993,0.01219235360622406,179,0.05027932960893855,0.0782122905027933,0.8715083798882681,0.1064218507309616,0.13299658424715258,0.7605815650531034,high
2019-04-08,-0.05824024617714663,0.31244251296643516,-0.005539737641811371,349,0.04011461318051576,0.1174785100286533,0.8424068767908309,0.09965303181043497,0.1578932779875816,0.7424536889958006,high
2019-04-09,-0.06792358218985532,0.34245279642647475,-0.0025707408785820007,181,0.049723756906077346,0.143646408839779,0.8066298342541437,0.11183783245782332,0.17976141464767864,0.7084007619350161,high
2019-04-10,-0.024087478229616825,0.3067420290138384,0.009286276996135712,234,0.05128205128205128,0.0811965811965812,0.8675213675213675,0.11083525201926629,0.1349227302488831,0.7542420163368567,high
2019-04-11,-0.04645567949861288,0.30830638293679524,0.00466860830783844,175,0.045714285714285714,0.11428571428571428,0.84,0.10507736368903092,0.1515330431876438,0.74338959180883,high
2019-04-12,0.023124662105733832,0.26782429534026475,0.01630772463977337,282,0.07092198581560284,0.05673758865248227,0.8723404255319149,0.13040034946199533,0.1072756873562615,0.762323963198256,high
2019-04-15,-0.04975948821009754,0.30719509661052957,-0.0043770186603069305,481,0.04781704781704782,0.1101871101871102,0.841995841995842,0.10005633019321364,0.14981581840331118,0.7501278527917461,high
2019-04-16,-0.028589988065505167,0.3045779634527917,0.0024542994797229767,256,0.05078125,0.10546875,0.84375,0.11345095415890682,0.142040942224412,0.7445081063488033,high
2019-04-17,-0.05251218440070141,0.327837461510222,0.002565596252679825,221,0.06334841628959276,0.12217194570135746,0.8144796380090498,0.10991378831445361,0.16242597271515502,0.7276602342168536,high
2019-04-18,-0.04329787169654782,0.3489765027773243,0.002998780459165573,221,0.08597285067873303,0.13122171945701358,0.7828054298642534,0.11844342448264024,0.16174129617918806,0.7198152741863987,high
2019-04-19,-0.06502112314633246,0.29526123157848777,0.002451704815030098,134,0.04477611940298507,0.11940298507462686,0.835820895522388,0.09274515470684465,0.15776627785317712,0.7494885718255345,high
2019-04-22,-0.040208074265652385,0.2907506943831489,0.0010505430400371552,327,0.039755351681957186,0.10091743119266056,0.8593272171253823,0.10061553509945807,0.14082360936511046,0.758560856502355,high
2019-04-23,-0.02087198678411455,0.2800760599888462,0.011757701635360718,253,0.04743083003952569,0.07114624505928854,0.8814229249011858,0.1089253620255606,0.12979734880967514,0.7612772916071853,high
2019-04-24,-0.025365027848238242,0.31466877056534037,0.008011868223547935,256,0.0703125,0.10546875,0.82421875,0.11359484015338239,0.13895986800162063,0.7474452912792913,high
2019-04-25,-0.004576583672021089,0.3002358362096063,0.01705053821206093,317,0.0694006309148265,0.08201892744479496,0.8485804416403786,0.12596079511773606,0.13053737878975713,0.7435018297561007,high
2019-04-26,0.008767066504426149,0.3424469866160877,0.01509837992489338,294,0.0782312925170068,0.1054421768707483,0.8163265306122449,0.1416255763168035,0.13285850981237735,0.7255159161579446,high
2019-04-29,-0.05186469633848111,0.2894153429968572,0.0012763626873493195,562,0.03914590747330961,0.10854092526690391,0.8523131672597865,0.10200735535870349,0.1538720516971846,0.7441205937097187,high
2019-04-30,-0.02362837639779807,0.28339484059144293,0.008273705840110779,281,0.0498220640569395,0.08540925266903915,0.8647686832740213,0.10699837015829053,0.13062674655608858,0.7623748818339509,high
2019-05-01,-0.03331346531373228,0.30034185890450316,-0.004611887037754059,257,0.054474708171206226,0.10116731517509728,0.8443579766536965,0.11221890742727465,0.14553237274100692,0.7422487164271365,high
2019-05-02,-0.04650464330044158,0.3338374075954229,0.009213611483573914,297,0.05387205387205387,0.13804713804713806,0.8080808080808081,0.1135363361205567,0.1600409794209983,0.7264226892843892,high
2019-05-03,-0.03153529133827936,0.331651606044212,0.00600416399538517,248,0.07258064516129033,0.11693548387096774,0.8104838709677419,0.12450305318775316,0.15603834452603252,0.7194585997025452,high
2019-05-06,-0.03836461350556861,0.3021331456134762,0.0031180568039417267,618,0.05663430420711974,0.10679611650485436,0.8365695792880259,0.10999115722850689,0.1483557707340755,0.7416530740733671,high
2019-05-07,-0.0805512928776443,0.31701088287304646,0.002344774082303047,250,0.028,0.148,0.824,0.09758021534979343,0.17813150822743773,0.724288277104497,high
2019-05-08,-0.05981318845347351,0.32343230960787067,0.0026864036917686462,267,0.052434456928838954,0.1198501872659176,0.8277153558052435,0.10731584817687335,0.16712903663034687,0.7255551117064243,high
2019-05-09,-0.01367813923580062,0.3006241632685885,0.003711630590260029,314,0.06050955414012739,0.08598726114649681,0.8535031847133758,0.11715643130729247,0.1308345705430931,0.7520089999173477,high
2019-05-10,-0.041173172355132195,0.30305380425061523,0.005686430260539055,309,0.045307443365695796,0.10032362459546926,0.8543689320388349,0.103922211375196,0.1450953837303282,0.7509824034417332,high
2019-05-13,-0.054701375385980196,0.28869367008221797,0.0021604113280773163,462,0.032467532467532464,0.10822510822510822,0.8593073593073594,0.0948840415234238,0.149585416909404,0.7555305391380732,high
2019-05-14,-0.06255838906185494,0.30425174016634804,-0.0013910233974456787,189,0.031746031746031744,0.12169312169312169,0.8465608465608465,0.0984319396977308,0.16099032875958574,0.7405777322769007,high
2019-05-15,-0.05494548178450987,0.2984103807752768,-0.005229553207755089,226,0.048672566371681415,0.11946902654867257,0.831858407079646,0.10101775618566744,0.1559632379701773,0.7430190074265794,high
2019-05-16,-0.046445672395445094,0.2985404973010245,0.003845798783004284,192,0.036458333333333336,0.11979166666666667,0.84375,0.10233924946805928,0.14878492186350437,0.7488758346977799,high
2019-05-17,-0.008325280944228838,0.3079850404569398,0.0015623122453689575,179,0.0782122905027933,0.08379888268156424,0.8379888268156425,0.11984695534237437,0.1281722362866032,0.7519808099527099,high
2019-05-20,-0.06584112861961464,0.2829269220353309,0.0005116984248161316,353,0.025495750708215296,0.11331444759206799,0.8611898016997167,0.08920016458453267,0.1550412932041473,0.7557585393012668,high
2019-05-21,-0.08502612380931775,0.2654859191695791,-0.0009381473064422607,105,0.009523809523809525,0.11428571428571428,0.8761904761904762,0.07074997365652096,0.1557760974658387,0.7734739334455558,high
2019-05-22,-0.15213121800630722,0.37466292614642327,-0.014379452913999557,106,0.03773584905660377,0.2169811320754717,0.7452830188679245,0.08195440934197802,0.23408562734828525,0.6839599633800253,high
2019-05-23,-0.06697005090127522,0.32799395726628916,-0.007326730526983738,148,0.0472972972972973,0.12162162162162163,0.831081081081081,0.09878801556329268,0.16575806646456792,0.7354539174813073,high
2019-05-24,-0.0845369088273604,0.27227733048792574,-0.015205994248390198,103,0.019417475728155338,0.10679611650485436,0.8737864077669902,0.07792236001312154,0.16245926884048192,0.7596183724846076,high
2019-05-27,-0.0742472718517423,0.3054244512893716,-0.011416544206440449,176,0.03977272727272727,0.11363636363636363,0.8465909090909091,0.08558963707235473,0.15983690892409702,0.7545734480319713,high
2019-05-28,-0.08409231171306027,0.3710242370366903,-0.0026881545782089233,95,0.06315789473684211,0.15789473684210525,0.7789473684210526,0.10915775776987797,0.19325006948293824,0.6975921700659551,medium
2019-05-29,-0.1592775678626545,0.3716805244423525,-0.030261353589594364,138,0.036231884057971016,0.2246376811594203,0.7391304347826086,0.08794215488234076,0.24721972274499526,0.6648381233039865,high
2019-05-30,-0.05236374144917544,0.32234502893236533,-0.0039062127470970154,147,0.047619047619047616,0.11564625850340136,0.8367346938775511,0.1048801232819908,0.15724386473116622,0.7378760126552412,high
2019-05-31,-0.11484277759011147,0.37737712315080935,-0.007818656042218208,233,0.04721030042918455,0.1888412017167382,0.7639484978540773,0.10686003116794858,0.22170280875806006,0.6714371590487371,high
2019-06-03,-0.10221447750236323,0.3544088120484119,-0.013341281563043594,397,0.060453400503778336,0.17884130982367757,0.760705289672544,0.10332074966187817,0.20553522716424139,0.6911440216549097,high
2019-06-04,-0.11309912096476182,0.35751058608864417,-0.015341737307608128,192,0.06770833333333333,0.1875,0.7447916666666666,0.10277587874346257,0.2158749997082244,0.6813491196371615,high
2019-06-05,-0.06046787202930111,0.3623700036586995,0.006116563454270363,228,0.06140350877192982,0.12719298245614036,0.8114035087719298,0.11596544683714838,0.1764333188664495,0.7076012369065562,high
2019-06-06,-0.04309948204887961,0.33426540497268364,0.007527640089392662,239,0.04602510460251046,0.11297071129707113,0.8410041841004184,0.11320478972593112,0.15630427177481074,0.7304909347505874,high
2019-06-07,-0.03543511345150306,0.3010299687744449,0.011338464915752411,235,0.059574468085106386,0.08936170212765958,0.851063829787234,0.11136714285834039,0.14680225630984345,0.7418306042301528,high
2019-06-10,-0.03420649912028063,0.3086249929816791,0.001838725060224533,434,0.0576036866359447,0.10138248847926268,0.8410138248847926,0.11183542604579629,0.14604192516607692,0.7421226442366633,high
2019-06-11,-0.08767456180260827,0.3561691273353727,-0.0020929398015141487,180,0.05,0.16111111111111112,0.7888888888888889,0.10212901750217296,0.18980357930478123,0.7080674008776744,high
2019-06-12,-0.05743184289287614,0.3331356588049104,-0.0005584470927715302,230,0.05652173913043478,0.11739130434782609,0.8260869565217391,0.10227543288517905,0.15970727577805519,0.7380172902799171,high
2019-06-13,-0.044381721965790155,0.3306551744440661,0.007872264832258224,167,0.059880239520958084,0.11976047904191617,0.8203592814371258,0.10840313856540147,0.1527848605311916,0.7388120000947735,high
2019-06-14,-0.09097338985607382,0.34746165483413105,-0.01005989033728838,168,0.047619047619047616,0.1488095238095238,0.8035714285714286,0.09934487378424299,0.19031826364031681,0.7103368631076246,high
2019-06-17,-0.06421498342781146,0.3050592906023194,-0.005587372928857803,348,0.03735632183908046,0.11206896551724138,0.8505747126436781,0.09363846601677481,0.15785344944458626,0.7485080831737696,high
2019-06-18,-0.004019122195444,0.27834748290613426,0.015883855521678925,201,0.04975124378109453,0.07960199004975124,0.8706467661691543,0.11907511468124182,0.12309423687668582,0.7578306495772665,high
2019-06-19,-0.014438645422504925,0.2887322664813407,0.0083345677703619,161,0.06832298136645963,0.08695652173913043,0.84472049689441,0.11743830018300817,0.1318769456055131,0.7506847497862503,high
2019-06-20,-0.019994247519958114,0.3121978943929515,0.00507782120257616,252,0.06746031746031746,0.09523809523809523,0.8373015873015873,0.12036037693421046,0.14035462445416858,0.7392849978281274,high
2019-06-21,-0.06695917025120612,0.3223073528033866,-0.0031950995326042175,212,0.04716981132075472,0.1179245283018868,0.8349056603773585,0.10159986784664106,0.16855903809784717,0.7298410954041723,high
2019-06-24,-0.06454733873216005,0.27742575745765913,-0.0019311942160129547,325,0.03076923076923077,0.11692307692307692,0.8523076923076923,0.08830528792280418,0.1528526266549642,0.7588420822528692,high
2019-06-25,-0.07759003850585985,0.37964469903538084,-0.0043710023164749146,164,0.07926829268292683,0.16463414634146342,0.7560975609756098,0.1205512277793321,0.19814126628519194,0.6813075104387614,high
2019-06-26,-0.0777970207902142,0.3160955094852614,-0.0013669971376657486,198,0.04040404040404041,0.13131313131313133,0.8282828282828283,0.09356248594651168,0.17135950673672587,0.7350780055905232,high
2019-06-27,-0.052099660388194025,0.30976981100311907,0.0033194757997989655,160,0.0375,0.09375,0.86875,0.09830474226619117,0.1504044026543852,0.751290858653374,high
2019-06-28,-0.08124554397272213,0.3800664090002105,0.0003693513572216034,175,0.08,0.1657142857142857,0.7542857142857143,0.12215743648686579,0.2034029804595879,0.6744395841338805,high
2019-07-01,-0.03640040045866044,0.29596672175056665,0.009679891169071198,448,0.046875,0.11160714285714286,0.8415178571428571,0.11094291770028317,0.1473433181589436,0.7417137622791675,high
2019-07-02,-0.05110847920619795,0.3535406828153599,-0.003976613283157349,203,0.07881773399014778,0.11330049261083744,0.8078817733990148,0.12565398266713315,0.17676246187333108,0.6975835555054137,high
2019-07-03,-0.08789800714278959,0.33988085408049135,0.0013449043035507202,194,0.05154639175257732,0.17525773195876287,0.7731958762886598,0.10105733439019046,0.18895534153298005,0.7099873218973426,high
2019-07-04,-0.03280626818816239,0.2693715144860161,0.01699306257069111,107,0.028037383177570093,0.08411214953271028,0.8878504672897196,0.09186100756105418,0.12466727574921657,0.7834717179605059,high
2019-07-05,-0.09751102297853392,0.3398882443050654,-0.0055423639714717865,130,0.038461538461538464,0.16153846153846155,0.8,0.0959680388108469,0.19347906178938082,0.7105529034940096,high
2019-07-08,-0.07659347524228392,0.30121881550152657,-0.006638750433921814,289,0.03806228373702422,0.12110726643598616,0.8408304498269896,0.0897729114684112,0.16636638671069512,0.743860698727227,high
2019-07-09,-0.09677662116126808,0.31098434736205766,-0.008012183010578156,179,0.0223463687150838,0.13966480446927373,0.8379888268156425,0.08373651452175232,0.1805131356830204,0.7357503462832566,high
2019-07-10,-0.06337718827586271,0.2934264995745799,0.00028100423514842987,234,0.03418803418803419,0.11538461538461539,0.8504273504273504,0.08984449590978205,0.15322168418564475,0.7569338168996649,high
2019-07-11,-0.05267073953071156,0.3011744064388596,-0.004105426371097565,185,0.05405405405405406,0.10810810810810811,0.8378378378378378,0.10727654355703979,0.15994728308775136,0.7327761758521601,high
2019-07-12,-0.09255580846996357,0.35879733752633963,-0.015319358557462692,180,0.05,0.14444444444444443,0.8055555555555556,0.10035998304374516,0.19291579151370872,0.7067242248294254,high
2019-07-15,-0.09800634497285902,0.3243395124246789,-0.012162245810031891,353,0.031161473087818695,0.1558073654390935,0.8130311614730878,0.08517215330491407,0.1831784982777731,0.7316493445442773,high
2019-07-16,-0.056342526752230344,0.32209077001938957,-0.007867217063903809,151,0.059602649006622516,0.11920529801324503,0.8211920529801324,0.10657663151794514,0.1629191582701755,0.7305042080531846,high
2019-07-17,-0.06919299560856629,0.3174595095860013,0.005926186218857765,235,0.03829787234042553,0.1276595744680851,0.8340425531914893,0.09747153684259095,0.16666453245115723,0.7358639331653397,high
2019-07-18,-0.06462787046024258,0.35880243755584446,-0.006504733115434647,217,0.08294930875576037,0.14746543778801843,0.7695852534562212,0.12335738022747333,0.18798525068771593,0.6886573669324685,high
2019-07-19,-0.05585809040974866,0.3200106566958287,-0.003288603387773037,186,0.05913978494623656,0.11290322580645161,0.8279569892473119,0.10747916738612838,0.16333725779587704,0.7291835726248801,high
2019-07-22,-0.053762682763951235,0.3176640947191369,0.00018482282757759094,305,0.05573770491803279,0.12459016393442623,0.819672131147541,0.10795829733986347,0.1617209801038147,0.7303207213394954,high
2019-07-23,-0.07634847312439959,0.3295765633337913,-0.01584884524345398,231,0.05194805194805195,0.12554112554112554,0.8225108225108225,0.09767615907216742,0.17402463219656703,0.7282992036069755,high
2019-07-24,-0.060803376036841855,0.3277700592502542,-0.004815329797565937,294,0.03741496598639456,0.12585034013605442,0.8367346938775511,0.10375884145206841,0.16456221748891026,0.7316789388669287,high
2019-07-25,-0.037502863331077,0.3220294212009799,0.0036905501037836075,300,0.06,0.10333333333333333,0.8366666666666667,0.11579697807319463,0.15329984140427164,0.7309031831038495,high
2019-07-26,-0.03155636484333282,0.33310479973361823,0.010135920718312263,232,0.05603448275862069,0.10344827586206896,0.8405172413793104,0.12003278118510056,0.15158914602843337,0.7283780756647346,high
2019-07-29,-0.05120153170896739,0.2952992679489918,-0.00037757307291030884,410,0.046341463414634146,0.1,0.8536585365853658,0.09794647874674056,0.14914801045570794,0.7529055123467271,high
2019-07-30,-0.04846445195949994,0.32476683070956613,0.0023216288536787033,260,0.06538461538461539,0.12307692307692308,0.8115384615384615,0.1168665064821163,0.16533095844161624,0.7178025382785843,high
2019-07-31,-0.050949092524919054,0.3132452195740246,0.0029730787500739098,296,0.033783783783783786,0.12837837837837837,0.8378378378378378,0.11023086480909607,0.1611799573340151,0.7285891789817125,high
2019-08-01,-0.029813933391540575,0.31056705879559093,0.005029166117310524,313,0.051118210862619806,0.10223642172523961,0.8466453674121406,0.12115109631547723,0.1509650297070178,0.7278838725314258,high
2019-08-02,-0.054430302358590636,0.28562617830671405,-0.005340877920389175,325,0.033846153846153845,0.10461538461538461,0.8615384615384616,0.094406283515004,0.14883658587359466,0.7567571326001332,high
2019-08-05,-0.062212419567270666,0.3243242001389125,-0.006396234035491943,607,0.05271828665568369,0.128500823723229,0.8187808896210873,0.10846465009171055,0.17067706965898122,0.7208582794775533,high
2019-08-06,-0.07039000302622164,0.32116221959117086,-0.005075521767139435,324,0.04938271604938271,0.12654320987654322,0.8240740740740741,0.10180755977426874,0.17219756280049037,0.7259948729468441,high
2019-08-07,-0.07077917815087605,0.3117739308134944,-0.0006842724978923798,331,0.045317220543806644,0.11178247734138973,0.8429003021148036,0.0995651889040931,0.17034436705496916,0.7300904463650236,high
2019-08-08,-0.028187427824215575,0.3379465355334299,0.00993625819683075,404,0.06683168316831684,0.10891089108910891,0.8242574257425742,0.12873634826714672,0.1569237760913623,0.7143398777185248,high
2019-08-09,-0.07494282701592958,0.3379953095662807,-0.006096005439758301,281,0.046263345195729534,0.13523131672597866,0.8185053380782918,0.10316744126591607,0.17811026828184565,0.7187222909195567,high
2019-08-12,-0.057547195225713714,0.30166401699455436,-0.00698750838637352,465,0.05161290322580645,0.1032258064516129,0.8451612903225807,0.09958128562617687,0.15712848085189057,0.7432902362117524,high
2019-08-13,-0.07948091789073883,0.3445211142843439,-0.005043964833021164,311,0.05144694533762058,0.16720257234726688,0.7813504823151125,0.10563466214302364,0.18511558003376247,0.7092497569128535,high
2019-08-14,-0.07653019340396616,0.33393812876030676,-0.010849371552467346,519,0.05973025048169557,0.14450867052023122,0.7957610789980732,0.10949502436009904,0.18602521776406522,0.7044797566627836,high
2019-08-15,-0.11149961685875492,0.33474218562797137,-0.022679291665554047,426,0.046948356807511735,0.1572769953051643,0.795774647887324,0.09052962031294133,0.20202923717169624,0.7074411418507567,high
2019-08-16,-0.08785191941032418,0.3522570954562545,-0.008485325612127781,306,0.05228758169934641,0.1437908496732026,0.803921568627451,0.10097049309695566,0.18882241250727982,0.7102070966297213,high
2019-08-19,-0.07021635609348552,0.2998480544488844,-0.007672630250453949,623,0.04333868378812199,0.11075441412520064,0.8459069020866774,0.09758228550920708,0.1677986416026926,0.7346190702152194,high
2019-08-20,-0.06851344527826915,0.3023318623508602,-0.014249205589294434,248,0.036290322580645164,0.12903225806451613,0.8346774193548387,0.09708410613389025,0.1655975514121594,0.7373183408616891,high
2019-08-21,-0.06773613093570731,0.3035777346853399,-0.007838966324925423,348,0.05172413793103448,0.12931034482758622,0.8189655172413793,0.10268654216658966,0.17042267310229697,0.7268907832645479,high
2019-08-22,-0.027730215980779904,0.350208170226066,0.0017527900636196136,326,0.07975460122699386,0.10429447852760736,0.8159509202453987,0.1292988266681601,0.15702904264894,0.7136721300572568,high
2019-08-23,-0.07588809254156248,0.31441928446933437,-0.006480837240815163,513,0.04093567251461988,0.1364522417153996,0.8226120857699805,0.10338176280663114,0.17926985534819362,0.717348386270319,high
2019-08-26,-0.07937442326949594,0.313598659978291,-0.008846921846270561,713,0.03506311360448808,0.12903225806451613,0.8359046283309958,0.09827716521027943,0.17765158847977536,0.7240712481092395,high
2019-08-27,-0.05715782630476028,0.32421265335919713,-0.002873636782169342,264,0.056818181818181816,0.12121212121212122,0.821969696969697,0.11088011656873718,0.16803794287349746,0.7210819427608371,high
2019-08-28,-0.06598852438891822,0.3253698393482167,0.0075971223413944244,235,0.04680851063829787,0.13191489361702127,0.8212765957446808,0.10364400692918199,0.16963253131810022,0.726723461233555,high
2019-08-29,-0.07908596594491278,0.31716096456881865,-0.009811611846089363,268,0.048507462686567165,0.12686567164179105,0.8246268656716418,0.09967566364090334,0.17876162958581612,0.721562702973276,high
2019-08-30,-0.06826290749742574,0.2888660242835147,-0.0103444904088974,281,0.042704626334519574,0.10676156583629894,0.8505338078291815,0.0958987720993437,0.16416167959676942,0.7399395434749296,high
2019-09-02,-0.07605937163255387,0.28116306002526803,-0.005533283576369286,310,0.025806451612903226,0.12580645161290321,0.8483870967741935,0.08717656877012023,0.16323594040267408,0.749587489286017,high
2019-09-03,-0.07071876786764919,0.26676692736267094,-0.007749512791633606,161,0.024844720496894408,0.11180124223602485,0.8633540372670807,0.07621598747553107,0.14693475534318026,0.7768492562268277,high
2019-09-04,-0.056582579441185644,0.3640252915213497,0.003056284971535206,224,0.08482142857142858,0.14732142857142858,0.7678571428571429,0.127420170093371,0.18400274953455664,0.6885770760376805,high
2019-09-05,-0.0583999843064527,0.3334424627920829,-0.006539646536111832,243,0.07407407407407407,0.11934156378600823,0.8065843621399177,0.12008981330036626,0.17848979760681896,0.7014203899129918,high
2019-09-06,-0.041108361898443184,0.3802232273789849,-0.010088594630360603,222,0.09009009009009009,0.16216216216216217,0.7477477477477478,0.14417682712696292,0.18528518902540608,0.6705379904759629,high
2019-09-09,-0.10704564981511794,0.3553077647261787,-0.012944640591740608,400,0.0425,0.17,0.7875,0.10004199356422759,0.20708764337934554,0.6928703631972895,high
2019-09-10,-0.057224636950084694,0.3634829379162314,-0.003665890544652939,230,0.06956521739130435,0.14347826086956522,0.7869565217391304,0.12427023841958978,0.18149487536967449,0.6942348799708745,high
2019-09-11,-0.04019756217167014,0.3005344081957556,0.0033576618880033493,256,0.0625,0.08984375,0.84765625,0.11290741771517787,0.153104979886848,0.7339876007972634,high
2019-09-12,-0.10134422596520647,0.3866897751644714,-0.017291434109210968,239,0.07112970711297072,0.17573221757322174,0.7531380753138075,0.12423718870309607,0.22558141466830253,0.6501814024483933,high
2019-09-13,-0.09064585976611593,0.30865827578324645,-0.009663037955760956,211,0.03317535545023697,0.14691943127962084,0.8199052132701422,0.08780057921175849,0.17844643897787443,0.7337529806517312,high
2019-09-16,-0.08269531212336435,0.3473837395375476,-0.002528417855501175,381,0.047244094488188976,0.14698162729658792,0.8057742782152231,0.10498538393933042,0.18768069606269477,0.7073339167737899,high
2019-09-17,-0.06594253736120707,0.3576304465268988,0.007006656378507614,207,0.07729468599033816,0.14492753623188406,0.7777777777777778,0.11529682892721128,0.18123936628841836,0.7034638005484274,high
2019-09-18,-0.07135156144134024,0.30516719200938536,-0.00545390322804451,220,0.05,0.1318181818181818,0.8181818181818182,0.09941858924840662,0.17077015068974685,0.7298112595453858,high
2019-09-19,-0.05546808142543715,0.34213433784762864,-0.005946589633822441,170,0.07058823529411765,0.12352941176470589,0.8058823529411765,0.11629017829237616,0.1717582597178133,0.7119515589493163,high
2019-09-20,-0.11262862912743636,0.340656892415538,-0.01708825398236513,230,0.04782608695652174,0.16521739130434782,0.7869565217391304,0.09754075710054325,0.21016938622797962,0.6922898575987505,high
2019-09-23,-0.08392842970634541,0.30432066969909755,-0.013381712138652802,363,0.03581267217630854,0.12947658402203857,0.8347107438016529,0.09047009888523291,0.17439852859157834,0.7351313728798109,high
2019-09-24,-0.1483140226296406,0.357603746398426,-0.014560244977474213,243,0.03292181069958848,0.205761316872428,0.7613168724279835,0.08581195945502738,0.23412598208466798,0.680062060692796,high
2019-09-25,-0.0827628898220093,0.3797680565902438,-0.00704541802406311,213,0.06572769953051644,0.1596244131455399,0.7746478873239436,0.11719572537539291,0.1999586151974022,0.6828456604459756,high
2019-09-26,-0.07755525114903734,0.34234564684032737,-0.004131952300667763,220,0.05,0.1409090909090909,0.8090909090909091,0.10931724499149079,0.18687249614052814,0.7038102589378302,high
2019-09-27,-0.08705346006900072,0.3237738197958522,-0.011242646723985672,208,0.04807692307692308,0.15865384615384615,0.7932692307692307,0.10654491851052555,0.19359837857952628,0.6998567018801203,high
2019-09-30,-0.09727948899336794,0.3287553807305936,-0.004814639687538147,317,0.03470031545741325,0.15772870662460567,0.807570977917981,0.0917008679612813,0.18898035695464924,0.719318778245278,high
2019-10-01,-0.1023618569703434,0.31204364626358,0.009532304480671883,220,0.00909090909090909,0.15454545454545454,0.8363636363636363,0.08189486629879948,0.18425672326914289,0.7338484071449123,high
2019-10-02,-0.10637396800987146,0.35338011409346043,-0.0003996528685092926,270,0.04814814814814815,0.18888888888888888,0.762962962962963,0.0967086153001421,0.20308258331001358,0.700208797050571,high
2019-10-03,-0.05246731341257691,0.27916972645684507,0.0015727775171399117,250,0.028,0.104,0.868,0.09142225091159344,0.14388956432417035,0.7646881884783506,high
2019-10-04,-0.09587866385264436,0.33205218449319973,0.00718027725815773,179,0.0335195530726257,0.1564245810055866,0.8100558659217877,0.0885776358412048,0.18445629969384916,0.7269660633619272,high
2019-10-07,-0.09415359227861834,0.302527756169474,-0.007497485727071762,298,0.03355704697986577,0.1342281879194631,0.8322147651006712,0.08784771089023291,0.18200130316885127,0.7301509822375022,high
2019-10-08,-0.08138004432789128,0.331128890417135,-0.010639909654855728,201,0.03980099502487562,0.13432835820895522,0.8258706467661692,0.09825170639235137,0.17963175072024265,0.7221165411359635,high
2019-10-09,-0.0622581172496151,0.2983550781873846,-0.008428201079368591,211,0.04265402843601896,0.11374407582938388,0.8436018957345972,0.09783760062308532,0.1600957178727004,0.742066683203547,high
2019-10-10,-0.05371678450667276,0.3268593741163126,-0.00609154999256134,205,0.05365853658536585,0.12195121951219512,0.824390243902439,0.10641752932129836,0.16013431382797114,0.733448155310641,high
2019-10-11,-0.055544048188006415,0.3090546596343994,-0.00723440945148468,233,0.04291845493562232,0.11158798283261803,0.8454935622317596,0.10515324650092506,0.16069729468893149,0.734149454129548,high
2019-10-14,-0.0904883338026484,0.2891480500313495,-0.015818599611520767,341,0.026392961876832845,0.13196480938416422,0.841642228739003,0.08145741496338917,0.17194574876603755,0.7465968366078705,high
2019-10-15,-0.03763842942351674,0.35306873060536864,0.007877575233578682,188,0.09042553191489362,0.11170212765957446,0.7978723404255319,0.1316948525132017,0.16933328193671843,0.6989718663625102,high
2019-10-16,-0.11324872547074367,0.36179055768718354,-0.020401466637849808,209,0.06220095693779904,0.17703349282296652,0.7607655502392344,0.1026989755456884,0.21594770101643207,0.6813533224931887,high
2019-10-17,-0.025226796014556803,0.32859431226692726,0.007662210613489151,208,0.0625,0.11057692307692307,0.8269230769230769,0.12491021902175047,0.15013701503630728,0.7249527707552681,high
2019-10-18,-0.11236580355027363,0.3514119993540652,-0.004748255014419556,199,0.04020100502512563,0.18090452261306533,0.7788944723618091,0.09457733491482447,0.2069431384650981,0.698479522127265,high
2019-10-21,-0.045267080016053306,0.3106937402947792,0.0014693588018417358,401,0.05236907730673317,0.10473815461346633,0.8428927680798005,0.10564968753559631,0.15091676755164962,0.7434335444912203,high
2019-10-22,-0.14186694128956231,0.3672506083729136,-0.024060290306806564,216,0.037037037037037035,0.19907407407407407,0.7638888888888888,0.09020661831298774,0.23207355960255005,0.6777198229209278,high
2019-10-23,-0.06146799369889777,0.31795468823615497,0.004480747506022453,288,0.052083333333333336,0.125,0.8229166666666666,0.10144978047982375,0.16291777417872153,0.7356324471248727,high
2019-10-24,-0.0617276517198511,0.3632917900895853,0.0003930032253265381,321,0.06230529595015576,0.13707165109034267,0.8006230529595015,0.1180114610138062,0.1797391127336573,0.7022494280716619,high
2019-10-25,-0.02240440539927,0.30775263776317285,0.004045840352773666,252,0.05952380952380952,0.09523809523809523,0.8452380952380952,0.11496053933579889,0.13736494473506888,0.7476745183239617,high
2019-10-28,-0.07232270952118071,0.32635571052876,-0.006987463682889938,475,0.05263157894736842,0.12842105263157894,0.8189473684210526,0.10440110135039217,0.17672381087157288,0.7188750857604962,high
2019-10-29,-0.12764941391435045,0.3514338143814727,-0.007263856008648872,242,0.02066115702479339,0.19008264462809918,0.7892561983471075,0.0864246367122824,0.21407405062663284,0.6995013105290487,high
2019-10-30,-0.10427300322736646,0.34617180044419116,-0.009395450353622437,290,0.034482758620689655,0.17586206896551723,0.7896551724137931,0.09821294918014058,0.20248595240750702,0.699301096154698,high
2019-10-31,-0.08780529824513439,0.3184917241168754,-0.008408883586525917,222,0.04054054054054054,0.13513513513513514,0.8243243243243243,0.09068344092114014,0.17848873916627453,0.7308278215277169,high
2019-11-01,-0.06042809498689647,0.33753894407391133,0.006465855985879898,265,0.052830188679245285,0.13962264150943396,0.8075471698113208,0.11007726836668433,0.1705053633535808,0.7194173674187008,high
2019-11-04,-0.070994771962473,0.31139248611072534,0.00014870800077915192,538,0.03345724907063197,0.11524163568773234,0.8513011152416357,0.09459357033310575,0.16558834229557876,0.7398180877962963,high
2019-11-05,-0.06496981128057341,0.29452497855279075,-0.005987860262393951,499,0.03406813627254509,0.11823647294589178,0.8476953907815631,0.09341326402220315,0.15838307530277657,0.7482036607291452,high
2019-11-06,-0.052819496814875674,0.2846846017581936,-0.004073476418852806,506,0.037549407114624504,0.09288537549407115,0.8695652173913043,0.09740925510874085,0.1502287519236165,0.7523619910083682,high
2019-11-07,-0.09328931582455702,0.31377862357380343,-0.010132692754268646,413,0.0387409200968523,0.12590799031476999,0.8353510895883777,0.087875280204538,0.18116459602909502,0.7309601195336975,high
2019-11-08,-0.0691206300573632,0.27629846458214335,-0.003982139751315117,259,0.03088803088803089,0.10424710424710425,0.8648648648648649,0.08776491182823899,0.1568855418856022,0.7553495462034545,high
2019-11-11,-0.05609713045929315,0.2762230694618202,-0.00782686099410057,493,0.032454361054766734,0.08924949290060852,0.8782961460446247,0.09010252549594483,0.14619965595523798,0.7636978163952518,high
2019-11-12,-0.0798257855691357,0.3262349125919633,-0.011010192334651947,262,0.04961832061068702,0.1297709923664122,0.8206106870229007,0.09861284364654704,0.17843862921568274,0.7229485283072554,high
2019-11-13,-0.010137244475534163,0.2816708182010608,0.009464044123888016,249,0.05622489959839357,0.08433734939759036,0.8594377510040161,0.11714374216041532,0.12728098663594947,0.755575274771835,high
2019-11-14,-0.07434508492235598,0.2884149265287374,-0.007363494485616684,289,0.02422145328719723,0.11764705882352941,0.8581314878892734,0.0853880711647466,0.15973315608710256,0.7548787725322387,high
2019-11-15,-0.03581592231849525,0.29392364146300354,0.0015665069222450256,294,0.05102040816326531,0.09863945578231292,0.8503401360544217,0.10775282650514423,0.14356874882363949,0.7486784249278051,high
2019-11-18,-0.04769843045379157,0.3196232136496933,0.003934726119041443,483,0.053830227743271224,0.11801242236024845,0.8281573498964804,0.11241626302860137,0.16011469348239293,0.7274690434514057,high
2019-11-19,-0.04645631294235164,0.3312314541629563,0.005236748605966568,282,0.05319148936170213,0.12411347517730496,0.8226950354609929,0.11345017758191478,0.15990649052426642,0.7266433345721969,high
2019-11-20,-0.059853259337677205,0.3429549361548487,-0.005568778142333031,321,0.059190031152647975,0.1308411214953271,0.8099688473520249,0.11218737389578998,0.1720406332334672,0.7157719945389998,high
2019-11-21,-0.0890632958158198,0.32546624373334915,-0.005994077771902084,274,0.040145985401459854,0.14233576642335766,0.8175182481751825,0.09455545325457615,0.18361874907039596,0.7218257996736326,high
2019-11-22,-0.0582470819525677,0.2738320715676591,-0.00605759397149086,407,0.03194103194103194,0.09090909090909091,0.8771498771498771,0.08470743701447726,0.14295451896704495,0.7723380463513607,high
2019-11-25,-0.044549168348508104,0.2873404441597532,0.0060029178857803345,571,0.03152364273204904,0.09807355516637478,0.8704028021015762,0.09703831884344541,0.14158748719195352,0.7613741957929945,high
2019-11-26,-0.03224975554123804,0.27355302745688787,0.0056081488728523254,263,0.04182509505703422,0.07604562737642585,0.8821292775665399,0.10094057651725333,0.13319033205849137,0.7658690947246075,high
2019-11-27,-0.07080258677287726,0.305576008471133,-0.0036417916417121887,269,0.03717472118959108,0.12639405204460966,0.8364312267657993,0.09317489580137026,0.16397748257424752,0.7428476253254374,high
2019-11-28,-0.05186284226334952,0.29258715073643793,0.0035255029797554016,153,0.0392156862745098,0.13725490196078433,0.8235294117647058,0.10658733302033414,0.15845017528368366,0.7349624936803688,high
2019-11-29,-0.05982784716714475,0.3742394532089343,0.007660195231437683,148,0.07432432432432433,0.16891891891891891,0.7567567567567568,0.12092910004100083,0.18075694720814559,0.6983139572690267,high
2019-12-02,-0.08168316192121014,0.2973639651110258,-0.005702013149857521,468,0.027777777777777776,0.1282051282051282,0.844017094017094,0.08812866217464718,0.16981182409585732,0.7420595121772912,high
2019-12-03,-0.056144244488208525,0.34421849044305713,-0.01020788960158825,248,0.056451612903225805,0.13709677419354838,0.8064516129032258,0.11156841402032203,0.16771265850853054,0.720718925435757,high
2019-12-04,-0.06657646542285071,0.3344319230960297,-0.0038316305726766586,258,0.050387596899224806,0.12790697674418605,0.8217054263565892,0.10708696448222496,0.17366342990507566,0.7192496044070337,high
2019-12-05,-0.061217705237696755,0.3207387193290411,-0.004897426813840866,265,0.045283018867924525,0.1169811320754717,0.8377358490566038,0.10503892743924878,0.16625663267694554,0.7287044447055965,high
2019-12-06,-0.06684721828434445,0.318007847431717,-0.0036241337656974792,239,0.03765690376569038,0.1297071129707113,0.8326359832635983,0.10667743485724888,0.17352465314159332,0.7197979089246759,high
2019-12-09,-0.05683390698709327,0.28106259541360384,0.004117047414183617,386,0.031088082901554404,0.10362694300518134,0.8652849740932642,0.08808060185839012,0.1449145088454834,0.7670048912938858,high
2019-12-10,-0.08520276945640598,0.3342169460274753,-0.016155146062374115,221,0.049773755656108594,0.12217194570135746,0.8280542986425339,0.09731596509812239,0.18251873455452838,0.7201653008193317,high
2019-12-11,-0.05316135584662604,0.2841047104577598,-0.0011578407138586044,202,0.039603960396039604,0.11386138613861387,0.8465346534653465,0.10248657906114465,0.15564793490777068,0.7418654898808587,high
2019-12-12,-0.051969230810339134,0.3414380993319923,0.006784107536077499,258,0.06976744186046512,0.13565891472868216,0.7945736434108527,0.12022332302041987,0.17219255383075902,0.7075841256395675,high
2019-12-13,-0.06738565173809943,0.2730811579751373,-0.004376325756311417,253,0.019762845849802372,0.09881422924901186,0.8814229249011858,0.08683488656409645,0.15422053830219587,0.7589445745889024,high
2019-12-16,-0.0452786037600234,0.307055518830113,-0.000513959676027298,408,0.049019607843137254,0.1053921568627451,0.8455882352941176,0.10192714858110812,0.1472057523411315,0.7508670973235413,high
2019-12-17,-0.09342018600174151,0.3186913333906317,-0.013992223888635635,226,0.035398230088495575,0.1504424778761062,0.8141592920353983,0.08571036059030257,0.17913054659204408,0.7351590932008967,high
2019-12-18,-0.09907876039850769,0.3113658048549127,-0.0034729652106761932,211,0.03317535545023697,0.13744075829383887,0.8293838862559242,0.08453996378654764,0.18361872418505532,0.7318413123770913,high
2019-12-19,-0.07134961184832547,0.35541421688931046,-0.0037239864468574524,223,0.053811659192825115,0.13901345291479822,0.8071748878923767,0.11809906634113713,0.18944867818946262,0.6924522599213727,high
2019-12-20,-0.06969991499585483,0.3101401123650729,-0.004483725875616074,204,0.0392156862745098,0.12254901960784313,0.8382352941176471,0.1007430862530372,0.17044300124889203,0.7288139087476713,high
2019-12-23,-0.024969374347259845,0.26817286287221226,0.009899202734231949,529,0.04158790170132325,0.0831758034026465,0.8752362948960303,0.10362536864027747,0.1285947429875373,0.7677798901450431,high
2019-12-24,-0.0004770638219810821,0.28187054180845844,0.009696945548057556,185,0.05945945945945946,0.07027027027027027,0.8702702702702703,0.11279313419316266,0.11327019801514374,0.7739366642526678,high
2019-12-25,-0.012259181336473638,0.2588018614478172,-0.004877395927906036,107,0.04672897196261682,0.04672897196261682,0.9065420560747663,0.10044906949885538,0.11270825083532901,0.7868426777422428,high
2019-12-26,0.01357942211193655,0.2857280230703123,0.005566814914345741,199,0.07537688442211055,0.05527638190954774,0.8693467336683417,0.13047099730758063,0.11689157519564407,0.752637429902302,high
2019-12-27,0.012116050208978196,0.3216848989497312,0.019787676632404327,188,0.0797872340425532,0.07446808510638298,0.8457446808510638,0.13698242499215646,0.12486637478317827,0.7381511998580809,high
2019-12-30,-0.04408769874227426,0.307584305024546,0.004792176187038422,441,0.05442176870748299,0.10430839002267574,0.8412698412698413,0.10693926509267011,0.15102696383494435,0.7420337725084385,high
2019-12-31,-0.07404254757883874,0.31416189758281104,0.0009583756327629089,220,0.03636363636363636,0.1318181818181818,0.8318181818181818,0.10124752935106782,0.17529007692990656,0.7234623945402828,high
2020-01-01,-0.029921381291444903,0.29737115680746284,0.012137267738580704,143,0.055944055944055944,0.08391608391608392,0.8601398601398601,0.1119087023035317,0.1418300835949766,0.7462612142512849,high
2020-01-02,-0.02505437227586905,0.3121866383100661,0.004203615710139275,300,0.06,0.10666666666666667,0.8333333333333334,0.11970496988544861,0.14475934216131767,0.7355356918461621,high
2020-01-03,-0.04596761251189586,0.2953661574008666,0.005043305456638336,377,0.04509283819628647,0.11140583554376658,0.843501326259947,0.11026769744069254,0.15623530995258839,0.7334969924066206,high
2020-01-06,-0.06272884778522902,0.2780096814537442,-0.0007956437766551971,527,0.028462998102466792,0.11764705882352941,0.8538899430740038,0.08784895507615251,0.15057780286138153,0.761573245695861,high
2020-01-07,-0.05555861283992899,0.2761225229123026,-0.009520059451460838,290,0.034482758620689655,0.09310344827586207,0.8724137931034482,0.09655185588474931,0.15211046872467832,0.7513376753905724,high
2020-01-08,-0.0911286829192782,0.32565636755767957,-0.003750057891011238,492,0.03861788617886179,0.14227642276422764,0.8191056910569106,0.09715724169045717,0.18828592460973537,0.7145568327391444,high
2020-01-09,-0.07152217039321032,0.3498529745868588,0.002071024850010872,396,0.05808080808080808,0.14898989898989898,0.7929292929292929,0.11081128878368422,0.18233345917689453,0.7068552502779045,high
2020-01-10,-0.044832820533630774,0.3033456691914721,0.004491018131375313,291,0.044673539518900345,0.09278350515463918,0.8625429553264605,0.10289688022403988,0.14772970075767064,0.7493734204904833,high
2020-01-13,-0.05546623918492369,0.29794960467374204,-0.0010285638272762299,676,0.038461538461538464,0.11834319526627218,0.8431952662721893,0.09934119398005792,0.1548074331649816,0.7458513755924426,high
2020-01-14,-0.05092432378645403,0.289338067448029,0.002614229917526245,415,0.033734939759036145,0.1108433734939759,0.8554216867469879,0.1031428182250764,0.15406714201153043,0.7427900369985994,high
2020-01-15,-0.051059321713524716,0.3229058815723597,-0.0005726739764213562,367,0.05994550408719346,0.11989100817438691,0.8201634877384196,0.10962024943431083,0.16067957114783554,0.7297001834172115,high
2020-01-16,-0.046272950537014204,0.2942910361498871,-0.0033288421109318733,366,0.04371584699453552,0.10109289617486339,0.855191256830601,0.10521308376194267,0.15148603429895688,0.7433008855397055,high
2020-01-17,-0.02393073061394164,0.29347557842576333,0.002804223448038101,407,0.056511056511056514,0.09582309582309582,0.8476658476658476,0.11243013356393547,0.1363608641778771,0.7512089990271617,high
2020-01-20,-0.04495412454565578,0.30366685792706904,-0.0029191579669713974,656,0.054878048780487805,0.09451219512195122,0.850609756097561,0.10306484305169206,0.14801896759734784,0.7489161880192824,high
2020-01-21,-0.09826812846586108,0.29974207371069655,-0.00805441290140152,410,0.01951219512195122,0.14390243902439023,0.8365853658536585,0.08117717805704693,0.179445306522908,0.7393775137118632,high
2020-01-22,-0.027664078973335015,0.28701084170969093,0.0044869668781757355,478,0.05230125523012552,0.09414225941422594,0.8535564853556485,0.11142313676773255,0.13908721574106755,0.7494896479753708,high
2020-01-23,-0.06671859758061698,0.334428647262083,-0.005236603319644928,407,0.05896805896805897,0.12530712530712532,0.8157248157248157,0.10733282840890805,0.17405142598952503,0.7186157464184764,high
2020-01-24,-0.0971614816045643,0.35209903032266116,-0.022966662421822548,542,0.055350553505535055,0.15867158671586715,0.7859778597785978,0.10890378702579692,0.2060652686303612,0.6850309472606686,high
2020-01-27,-0.10583275355232918,0.3291667549015033,-0.016472168266773224,989,0.04044489383215369,0.15874620829120323,0.8008088978766431,0.09233543152390736,0.19816818507623654,0.7094963854395373,high
2020-01-28,-0.06933578492047403,0.3350581882106083,-0.007762478664517403,432,0.05555555555555555,0.14583333333333334,0.7986111111111112,0.11165252183046606,0.1809883067509401,0.7073591699849607,high
2020-01-29,-0.11196080647450783,0.3474582539880572,-0.015345010906457901,579,0.046632124352331605,0.1692573402417962,0.7841105354058722,0.0950211522841765,0.20698195875868433,0.6979968885284734,high
2020-01-30,-0.06912921157067384,0.31810235415511734,-0.0004160664975643158,615,0.04715447154471545,0.13495934959349593,0.8178861788617886,0.10025083284855374,0.16938004441922758,0.7303691226504441,high
2020-01-31,-0.08699799200353553,0.3502079133933173,-0.012508213520050049,571,0.05779334500875657,0.14886164623467601,0.7933450087565674,0.1072173004989527,0.19421529250248823,0.6985674095119883,high
2020-02-03,-0.08247430769181578,0.3324773764252445,-0.006188105791807175,1261,0.04520222045995242,0.14512291831879462,0.809674861221253,0.10256231695850816,0.18503662465032394,0.7124010597035868,high
2020-02-04,-0.039108721761473106,0.28442440664147245,0.006688613444566727,1388,0.03962536023054755,0.09221902017291066,0.8681556195965417,0.10479780787773839,0.1439065296392115,0.7512956636673328,high
2020-02-05,-0.06760571210407744,0.2938860061462116,0.0015788208693265915,1122,0.027629233511586453,0.12566844919786097,0.8467023172905526,0.09280427517834221,0.16040998728241965,0.7467857389387121,high
2020-02-06,-0.03421221799160439,0.29653738488262654,0.00699799507856369,903,0.048726467331118496,0.09856035437430787,0.8527131782945736,0.10894331790750242,0.14315553589910682,0.747901147534681,high
2020-02-07,-0.04071966584822967,0.2942613407313653,0.0037384312599897385,802,0.05361596009975062,0.10349127182044887,0.8428927680798005,0.10721118814611524,0.1479308539943449,0.7448579546231359,high
2020-02-10,-0.03539016234822401,0.2969016412433942,0.004712685011327267,1488,0.053763440860215055,0.0967741935483871,0.8494623655913979,0.10643704692671646,0.14182720927494047,0.751735744170434,high
2020-02-11,-0.04277271759756923,0.2975028338378607,0.006432101130485535,1014,0.03944773175542406,0.10256410256410256,0.8579881656804734,0.10136784136541467,0.14414055896298392,0.7544915972183839,high
2020-02-12,-0.021406003871561552,0.2903877493056497,0.008005412295460701,1024,0.056640625,0.0908203125,0.8525390625,0.11305100469053286,0.13445700856209442,0.7524919873485487,high
2020-02-13,-0.06581552512293229,0.3216176918015768,0.0004534125328063965,859,0.047729918509895226,0.13387660069848661,0.8183934807916181,0.10356997195913156,0.16938549708206385,0.7270445308677324,high
2020-02-14,-0.03805373129553754,0.2998677750942444,0.007704528048634529,901,0.048834628190899,0.10987791342952276,0.8412874583795783,0.10888744914980727,0.14694118044534482,0.7441713723760268,high
2020-02-17,-0.035565812411740866,0.3033965517598239,0.007966332137584686,1103,0.05258386219401632,0.09791477787851315,0.8495013599274706,0.1050024488940835,0.14056826130582437,0.754429290064375,high
2020-02-18,-0.026837914083760395,0.2934571081713054,0.007574152201414108,920,0.051086956521739134,0.09130434782608696,0.8576086956521739,0.10960764497235094,0.13644555905611133,0.753946795217369,high
2020-02-19,-0.015933035966571876,0.27517111085470763,0.008827602490782738,1158,0.04835924006908463,0.07253886010362694,0.8791018998272885,0.10981927181888429,0.12575230778545618,0.7644284201684587,high
2020-02-20,-0.04192418672264503,0.3106704447566287,0.00689118355512619,1489,0.055070517125587644,0.12088650100738751,0.8240429818670248,0.11248464291118451,0.15440882963382954,0.7331065288766758,high
2020-02-21,-0.04835138090233179,0.31939221729892225,0.003265639767050743,1305,0.052873563218390804,0.11494252873563218,0.832183908045977,0.11037635731821259,0.1587277382205444,0.7308959064983773,high
2020-02-24,-0.06850299194942366,0.31837829153956465,-0.00037310458719730377,2160,0.043055555555555555,0.125,0.8319444444444445,0.10323171558319937,0.17173470753262302,0.7250335759090915,high
2020-02-25,-0.08081459573751729,0.3405721106923812,-0.006129804998636246,1187,0.04886267902274642,0.16006739679865206,0.7910699241786016,0.10864994364179413,0.1894645393793114,0.701885518714434,high
2020-02-26,-0.07466601436121141,0.32339239101408435,-0.0032413601875305176,1327,0.04220045214770158,0.1303692539562924,0.827430293896006,0.10270694825979344,0.17737296262100485,0.7199200901659746,high
2020-02-27,-0.09210796170151121,0.33504493625144116,-0.008754871785640717,2041,0.040666340029397355,0.14453699167074963,0.814796668299853,0.10062177939293017,0.19272974109444138,0.7066484814065307,high
2020-02-28,-0.08580838683860834,0.31633902688516635,-0.009820641949772835,2120,0.04009433962264151,0.14056603773584905,0.8193396226415094,0.09773605302995388,0.1835444398685622,0.7187195054325715,high
2020-03-02,-0.13105047230074038,0.32252697200674735,-0.02399410307407379,3668,0.02644492911668484,0.17202835332606325,0.8015267175572519,0.08348714233406046,0.21453761463480084,0.7019752445280341,high
2020-03-03,-0.10948672674985305,0.3267497916169523,-0.013903537765145302,1561,0.03267136450992953,0.1672005124919923,0.8001281229980781,0.09417353733338316,0.2036602640832362,0.7021661982814913,high
2020-03-04,-0.10503178556048554,0.33447968274192436,-0.010453161783516407,1054,0.04174573055028463,0.1698292220113852,0.7884250474383302,0.0964345509686509,0.20146633652913645,0.702099113661506,high
2020-03-05,-0.11369220595435957,0.35307429303995563,-0.011870168149471283,1130,0.048672566371681415,0.18495575221238938,0.7663716814159292,0.09897357016777109,0.21266577612213064,0.6883606535885318,high
2020-03-06,-0.07482601462531362,0.3434605105811308,-0.005904637277126312,1237,0.05739692805173808,0.1463217461600647,0.7962813257881972,0.11240024251785061,0.1872262571431642,0.7003735004831633,high
2020-03-09,-0.1207184075863336,0.34315929632481446,-0.020291398279368877,3576,0.03831096196868009,0.17421700223713646,0.7874720357941835,0.09378644435338872,0.21450485193972232,0.6917087034925493,high
2020-03-10,-0.0995590678688226,0.32992674461457494,-0.010147174820303917,1366,0.036603221083455345,0.1603221083455344,0.8030746705710102,0.09530286968850679,0.1948619375573294,0.7098351924190649,high
2020-03-11,-0.11303917420371763,0.34109462793049855,-0.013581348583102226,1334,0.03973013493253373,0.1671664167916042,0.7931034482758621,0.0942451626780084,0.20728433688172604,0.6984705000367389,high
2020-03-12,-0.11785574422685109,0.34180315442316256,-0.01632244698703289,3018,0.040755467196819085,0.17395626242544732,0.7852882703777336,0.09385509118332847,0.21171083541017957,0.6944340734561748,high
2020-03-13,-0.11366759894808638,0.3204390446971478,-0.018602866679430008,2560,0.033203125,0.157421875,0.809375,0.08920684515505854,0.20287444410314492,0.7079187126153557,high
2020-03-16,-0.14139434045185723,0.3333877134830954,-0.02659974992275238,5909,0.029108140125232697,0.1924183448976138,0.7784735149771534,0.084232999287772,0.22562733973962923,0.6901396618166837,high
2020-03-17,-0.1209542495699285,0.34001767008665645,-0.016636475920677185,1925,0.03532467532467533,0.16987012987012987,0.7948051948051948,0.0904378338697572,0.21139208343968569,0.6981700833998137,high
2020-03-18,-0.10855723590439846,0.3338218885829423,-0.016321130096912384,2325,0.04,0.15741935483870967,0.8025806451612904,0.09404510779927175,0.2026023437036702,0.7033525488297305,high
2020-03-19,-0.10701208153446282,0.3487605240257899,-0.014105779118835926,1810,0.04806629834254143,0.16353591160220995,0.7883977900552486,0.10034472174808712,0.20735680328254993,0.6922984759606298,high
2020-03-20,-0.12723987569307207,0.3432143734277656,-0.027062369510531425,1826,0.03723986856516977,0.18674698795180722,0.776013143483023,0.09395784174494021,0.2211977174380123,0.6848444411029218,high
2020-03-23,-0.1346778335785003,0.3244345003503858,-0.0196119025349617,3325,0.026466165413533835,0.17684210526315788,0.7966917293233082,0.08097363320536408,0.21565146678386438,0.7033749008492419,high
2020-03-24,-0.10701264559403754,0.3388242072376057,-0.013911454007029533,1615,0.045820433436532505,0.16470588235294117,0.7894736842105263,0.09989642522906186,0.2069090708230994,0.693194504463382,high
2020-03-25,-0.1178100762842223,0.3388405397529401,-0.019764781929552555,1600,0.03625,0.175,0.78875,0.09407664576370735,0.21188672204792966,0.6940366325178183,high
2020-03-26,-0.1164762064421557,0.33355403276128526,-0.01692125014960766,1737,0.04029936672423719,0.1692573402417962,0.7904432930339667,0.09308089423634082,0.2095571006784965,0.697362006195297,high
2020-03-27,-0.12544487653627195,0.33359495442339143,-0.02134457230567932,1310,0.03587786259541985,0.1732824427480916,0.7908396946564885,0.09094013862724182,0.21638501516351377,0.6926748462732284,high
2020-03-30,-0.11434171477140326,0.32179321279581885,-0.015067219734191895,2343,0.03329065300896287,0.16218523260776782,0.8045241143832693,0.08624983178030317,0.2005915465517064,0.7131586213565558,high
2020-03-31,-0.10549327034079808,0.33005389042027167,-0.0118781179189682,1003,0.03788634097706879,0.16051844466600199,0.8015952143569293,0.09464466193800464,0.20013793227880272,0.7052174054062066,high
2020-04-01,-0.10432134072426462,0.3304630922405048,-0.013509905897080898,916,0.034934497816593885,0.16921397379912664,0.7958515283842795,0.09311171144238921,0.19743305216665383,0.70945524105062,high
2020-04-02,-0.1435519911792208,0.3618617216699416,-0.020368089899420738,899,0.035595105672969966,0.20022246941045607,0.764182424916574,0.09309906869695768,0.2366510598761785,0.6702498722867056,high
2020-04-03,-0.16004319926435553,0.3334351136383403,-0.03464809060096741,1163,0.023215821152192607,0.20292347377472056,0.7738607050730868,0.073384270206917,0.23342746947127252,0.6931882611350161,high
2020-04-06,-0.09963345354809572,0.3202018572806736,-0.01330999843776226,1821,0.039538714991762765,0.15485996705107083,0.8056013179571664,0.0940842208141059,0.1937176743622016,0.7121981030855816,high
2020-04-07,-0.11741934797330374,0.33227624717293636,-0.021206162869930267,905,0.04088397790055249,0.1723756906077348,0.7867403314917127,0.09264208653797679,0.2100614345112805,0.6972964781485704,high
2020-04-08,-0.08867974386719818,0.2998901798549035,-0.025113461539149284,968,0.029958677685950414,0.12913223140495866,0.8409090909090909,0.08971812658123518,0.17839787044843336,0.7318840032964868,high
2020-04-09,-0.1137578719089804,0.3434719308772784,-0.020689478144049644,1204,0.049003322259136214,0.1744186046511628,0.776578073089701,0.0980321377062508,0.2117900096152312,0.6901778523203765,high
2020-04-10,-0.11750857420026607,0.31493944112697486,-0.02118590660393238,896,0.029017857142857144,0.16741071428571427,0.8035714285714286,0.08766953624996988,0.20517811045023596,0.7071523507610047,high
2020-04-13,-0.0837523420457196,0.31051115672655377,-0.007753279060125351,1969,0.038598273235144746,0.1345860843067547,0.8268156424581006,0.09457990356686455,0.17833224561258415,0.727087852129795,high
2020-04-14,-0.07612452284018548,0.3347220739864273,-0.0033182352781295776,1081,0.056429232192414434,0.14431082331174838,0.7992599444958371,0.10773403486831391,0.18385855770849938,0.7084074072594945,high
2020-04-15,-0.06710213561598717,0.3325296736991818,-0.00422576442360878,958,0.04488517745302714,0.13569937369519833,0.8194154488517745,0.10562328262631791,0.17272541824230508,0.7216512990331896,high
2020-04-16,-0.09304812776799065,0.35082515567939665,-0.00793096050620079,963,0.05192107995846314,0.16303219106957426,0.7850467289719626,0.10384469222314154,0.19689281999113217,0.699262486824907,high
2020-04-17,-0.07456332381872598,0.31225068519116206,-0.008127541281282902,1062,0.035781544256120526,0.12994350282485875,0.8342749529190208,0.09770877975856503,0.172272103577291,0.7300191174897939,high
2020-04-20,-0.08432089954421734,0.31599167948500645,-0.006220642477273941,2356,0.036926994906621394,0.13709677419354838,0.8259762308998302,0.09533153656247137,0.1796524361066887,0.7250160273648356,high
2020-04-21,-0.08830115659819807,0.316676113287092,-0.0037617217749357224,1190,0.03613445378151261,0.13865546218487396,0.8252100840336134,0.09593688325815591,0.18423803985635398,0.7198250764511338,high
2020-04-22,-0.08072711488696052,0.3288345805226227,-0.0017762146890163422,859,0.04307334109429569,0.14551804423748546,0.8114086146682189,0.10004870603576614,0.18077582092272668,0.7191754727775059,high
2020-04-23,-0.10817540948654963,0.3458055180958284,-0.010394096374511719,922,0.04229934924078091,0.175704989154013,0.7819956616052061,0.09910095367255396,0.2072763631591036,0.6936226828153086,high
2020-04-24,-0.07809906038354435,0.31708380970957867,-0.006291341036558151,828,0.04589371980676329,0.14492753623188406,0.8091787439613527,0.10321549952799536,0.1813145599115397,0.71546994280385,high
2020-04-27,-0.06957909298445623,0.316271746875641,-0.005111938342452049,1605,0.04672897196261682,0.129595015576324,0.8236760124610591,0.10227936932793891,0.17185846231239515,0.7258621689477628,high
2020-04-28,-0.0726431293667566,0.33460347940005836,-0.003062676638364792,805,0.04596273291925466,0.14161490683229813,0.8124223602484472,0.10893231423698967,0.18157544360374628,0.7094922410185385,high
2020-04-29,-0.049666670824924625,0.3353654742525935,-0.0017630606889724731,1078,0.0640074211502783,0.12430426716141002,0.8116883116883117,0.11794690386710105,0.16761357469202567,0.714439523577386,high
2020-04-30,-0.0745807781106299,0.3324767000745521,-0.0015640165656805038,889,0.04611923509561305,0.15073115860517436,0.8031496062992126,0.10379992007917994,0.17838069818980984,0.7178193823244796,high
2020-05-01,-0.06762679639239393,0.3269939193055495,-0.006381986662745476,1016,0.04921259842519685,0.13385826771653545,0.8169291338582677,0.10756600146570544,0.17519279785809935,0.7172412011849393,high
2020-05-04,-0.07660582466289623,0.3234702716760368,-0.005927033722400665,1483,0.045178691840863115,0.1301416048550236,0.8246797033041133,0.09824542979290929,0.17485125445580552,0.7269033159462789,high
2020-05-05,-0.052946032521442477,0.3145075083694259,0.001886032521724701,679,0.042709867452135494,0.12076583210603829,0.8365243004418262,0.10302461092586633,0.15597064344730882,0.7410047466761058,high
2020-05-06,-0.06914077859442881,0.3389592591505298,-0.006771443411707878,761,0.05913272010512484,0.14586070959264127,0.7950065703022339,0.11073262188840613,0.17987340048283496,0.7093939781164489,high
2020-05-07,-0.0636456787387824,0.3297279766717142,-0.0011059381067752838,845,0.05917159763313609,0.13372781065088757,0.8071005917159764,0.10889972808423656,0.17254540682301894,0.7185548644204288,high
2020-05-08,-0.06786920977431636,0.353483648662436,-0.0008533261716365814,803,0.05977584059775841,0.15940224159402241,0.7808219178082192,0.11916957006779305,0.18703877984210943,0.6937916500848784,high
2020-05-11,-0.06697929588468861,0.3197533173332061,-0.004138153046369553,1303,0.052187260168841135,0.13123561013046814,0.8165771297006907,0.1049934416757046,0.17197273756039322,0.723033822779147,high
2020-05-12,-0.040866553692172305,0.3218202900135758,0.0032880399376153946,740,0.06351351351351352,0.11891891891891893,0.8175675675675675,0.11834123099751367,0.159207784689686,0.7224509837508605,high
2020-05-13,-0.057038809805838524,0.3300811781862503,-0.004186537116765976,690,0.06521739130434782,0.13478260869565217,0.8,0.11161814003615923,0.16865694984199775,0.71972491186976,high
2020-05-14,-0.06179243755491274,0.2930858269960496,-0.003541868180036545,707,0.039603960396039604,0.10325318246110325,0.8571428571428571,0.09734444855020778,0.15913688610512053,0.7435186673166517,high
2020-05-15,-0.0613012531810937,0.32541236581676897,0.0033493153750896454,626,0.051118210862619806,0.134185303514377,0.8146964856230032,0.10812065057075633,0.16942190375185004,0.7224574440736145,high
2020-05-18,-0.03917178170306866,0.32508318012107795,0.0057908035814762115,1532,0.06331592689295039,0.11553524804177545,0.8211488250652742,0.11760051950524189,0.15677230120831054,0.7256271801408691,high
2020-05-19,-0.06584378935623209,0.31819707972557304,0.0006462493911385536,740,0.041891891891891894,0.12432432432432433,0.8337837837837838,0.10152300987896082,0.1673667992351929,0.731110190834246,high
2020-05-20,-0.05979873236498468,0.3520561699225762,0.000639844685792923,746,0.07908847184986595,0.1380697050938338,0.7828418230563002,0.12043586111909663,0.1802345934840813,0.6993295455965696,high
2020-05-21,-0.05097975187053318,0.33313627563625237,0.001174483448266983,712,0.06460674157303371,0.125,0.8103932584269663,0.11791687808718972,0.1688966299577229,0.7131864934573683,high
2020-05-22,-0.06449603706128734,0.35089147198109993,-0.0033304281532764435,599,0.06176961602671119,0.14691151919866444,0.7913188647746243,0.11335005149173742,0.17784608855302475,0.7088038599840015,high
2020-05-25,-0.07456503416505203,0.30979836738888766,-0.006809666752815247,945,0.04973544973544974,0.1291005291005291,0.8211640211640212,0.09834113318482957,0.1729061673498816,0.7287527005173384,high
2020-05-26,-0.05583320056999439,0.34325788651239525,0.002618778496980667,647,0.0695517774343122,0.1437403400309119,0.7867078825347759,0.1185158202381462,0.1743490208081406,0.7071351621766363,high
2020-05-27,-0.04424993041350613,0.30949301976884985,0.003862135112285614,759,0.048748353096179184,0.11462450592885376,0.836627140974967,0.11613770890784633,0.16038763932135244,0.7234746523333986,high
2020-05-28,-0.048661749479050435,0.3196296347606347,0.003246346488595009,750,0.05333333333333334,0.11866666666666667,0.828,0.11061351827594142,0.15927526775499184,0.7301112133041024,high
2020-05-29,-0.056346968680957864,0.2910340895100377,-0.0026640836149454117,684,0.038011695906432746,0.1023391812865497,0.8596491228070176,0.09940742917783689,0.15575439785879475,0.7448381724691139,high
2020-06-01,-0.07354907016122397,0.3202175684091337,-0.006090603768825531,1421,0.04785362420830401,0.1330049261083744,0.8191414496833216,0.10269764778456592,0.1762467179457899,0.7210556345413073,high
2020-06-02,-0.06684472993402933,0.32463161325050016,-0.0028140395879745483,684,0.043859649122807015,0.13742690058479531,0.8187134502923976,0.10239204838844725,0.16923677832247658,0.7283711727430815,high
2020-06-03,-0.04001501449185965,0.31583554979185197,0.0032244212925434113,612,0.049019607843137254,0.10947712418300654,0.8415032679738562,0.10803796073233136,0.14805297522419103,0.7439090616611483,high
2020-06-04,-0.020747280551626307,0.31690507412997754,0.007681854069232941,582,0.06701030927835051,0.09621993127147767,0.8367697594501718,0.11946483194200751,0.14021211249363383,0.7403230529560154,high
2020-06-05,0.0031392584364592154,0.343840376549811,0.011574533767998219,886,0.09932279909706546,0.10158013544018059,0.7990970654627539,0.1449482831336625,0.1418090246972033,0.7132426917796816,high
2020-06-08,-0.002365425105037578,0.33243403004753397,0.01075964979827404,1757,0.08081957882754695,0.09220261809903244,0.8269778030734206,0.13584438498663584,0.13820981009167344,0.7259458062314791,high
2020-06-09,-0.021874860290710924,0.28732842830318217,0.008603915572166443,1119,0.05272564789991063,0.08668453976764968,0.8605898123324397,0.11112158438914903,0.13299644467985994,0.7558819712909526,high
2020-06-10,-0.03560237916183284,0.2982071391533492,0.008135834708809853,1176,0.04251700680272109,0.1054421768707483,0.8520408163265306,0.10571084414184297,0.1413132233036758,0.7529759309999011,high
2020-06-11,-0.05542332346532838,0.30309909270240315,-0.0015560351312160492,1681,0.04104699583581202,0.11124330755502677,0.8477096966091612,0.10210781975980053,0.1575311432251289,0.7403610361743317,high
2020-06-12,-0.053704685093043186,0.3062862260006894,-0.0003197789192199707,1235,0.04939271255060729,0.10931174089068826,0.8412955465587044,0.10385800156448233,0.1575626866575255,0.7385793118371896,high
2020-06-15,-0.055056932094379056,0.28818160694317835,-0.002103167586028576,2156,0.036641929499072357,0.10528756957328386,0.8580705009276438,0.09561717148925522,0.15067410358363428,0.7537087240715983,high
2020-06-16,-0.05361551223460141,0.32697111091070047,-0.002926647663116455,949,0.05690200210748156,0.12223393045310854,0.8208640674394099,0.11217527877631646,0.16579079101091787,0.7220339275184072,high
2020-06-17,-0.08200531683304468,0.321447230947924,-0.0054358430206775665,885,0.03954802259887006,0.12316384180790961,0.8372881355932204,0.09251196190220236,0.17451727873524703,0.7329707604701404,high
2020-06-18,-0.1330897832548722,0.342378387129761,-0.015438444912433624,833,0.030012004801920768,0.18847539015606243,0.7815126050420168,0.08463112965990909,0.2177209129147813,0.6976479573615817,high
2020-06-19,-0.09514267943260367,0.33751614347127146,-0.009773429483175278,843,0.04744958481613286,0.14472123368920523,0.8078291814946619,0.09836976391883083,0.1935124433514345,0.7081177932732824,high
2020-06-22,-0.05354963500320563,0.3000891093534022,0.00031519681215286255,1495,0.042140468227424746,0.11036789297658862,0.8474916387959867,0.0986231451449187,0.15217278014812433,0.7492040719687441,high
2020-06-23,-0.012644466089651637,0.29366267295869564,0.004406450316309929,690,0.06231884057971015,0.08115942028985507,0.8565217391304348,0.11777150110625055,0.13041596719590218,0.751812532071726,high
2020-06-24,-0.03535775513451017,0.3093541643928555,0.0022597387433052063,697,0.06169296987087518,0.09899569583931134,0.8393113342898135,0.11385040044506618,0.14920815557957637,0.7369414446968986,high
2020-06-25,-0.06103640863283966,0.3019204817369911,-0.0006075464189052582,653,0.042879019908116385,0.11485451761102604,0.8422664624808576,0.1000424317465054,0.16107884037934506,0.7388787282171558,high
2020-06-26,-0.07192260967644744,0.31331979817445,-0.006788380444049835,724,0.03867403314917127,0.11740331491712708,0.8439226519337016,0.09839930577147031,0.17032191544791775,0.7312787796977845,high
2020-06-29,-0.047560801163304064,0.3079327553209348,0.003967352211475372,1273,0.046347211311861744,0.11154752553024352,0.8421052631578947,0.10508321053352139,0.15264401169682545,0.7422727787134129,high
2020-06-30,-0.030717458046556068,0.2993647176386998,0.0064813531935215,599,0.05342237061769616,0.08514190317195326,0.8614357262103506,0.1085617576573411,0.13927921570389717,0.7521590256880042,high
2020-07-01,-0.023773133730440887,0.3151832593371152,0.005724450573325157,671,0.07004470938897168,0.10432190760059612,0.8256333830104322,0.12030864148241108,0.14408177521285198,0.7356095816218329,high
2020-07-02,-0.030983394100369255,0.32361307019271135,0.005419562570750713,726,0.07024793388429752,0.11432506887052342,0.8154269972451791,0.12336621689032917,0.15434961099069844,0.7222841731593341,high
2020-07-03,-0.023070384707566494,0.28840898088812655,0.006216445937752724,366,0.04918032786885246,0.07377049180327869,0.8770491803278688,0.10853692397851843,0.13160730868608492,0.7598557667246933,high
2020-07-06,-0.006074040431190898,0.2864773553029966,0.009988423436880112,1222,0.05810147299509002,0.07528641571194762,0.8666121112929623,0.11284425234194972,0.11891829277314063,0.7682374552259628,high
2020-07-07,-0.04396650222931086,0.2910478201351509,0.007011018693447113,643,0.03732503888024884,0.1057542768273717,0.8569206842923794,0.10110865844323837,0.14507516067254925,0.7538161826990603,high
2020-07-08,-0.035392970838133364,0.2988878271176436,0.008046325296163559,713,0.04488078541374474,0.10378681626928471,0.8513323983169705,0.10375794341727611,0.13915091425540946,0.7570911406227198,high
2020-07-09,-0.027462211412318423,0.3267830564586229,0.010217953473329544,739,0.06630581867388363,0.11096075778078485,0.8227334235453315,0.12111826672651005,0.14858047813882846,0.7303012562928285,high
2020-07-10,-0.04000026312026178,0.31769298916673494,0.00918712466955185,805,0.05217391304347826,0.11677018633540373,0.831055900621118,0.11366296602031274,0.1536632291405745,0.7326738072362561,high
2020-07-13,-0.01758026013730732,0.33000924420543015,0.008489800617098808,1728,0.0798611111111111,0.10532407407407407,0.8148148148148148,0.12958349019566043,0.14716375033296775,0.7232527589550484,high
2020-07-14,-0.048907550728514965,0.3011726262383147,0.002847663126885891,684,0.04678362573099415,0.09502923976608187,0.8581871345029239,0.10091858782549525,0.14982613855401022,0.749255272130923,high
2020-07-15,-0.027367717868223326,0.30913482314191953,0.008159097284078598,747,0.058902275769745646,0.09236947791164658,0.8487282463186078,0.11318989017282624,0.14055760804104955,0.746252502061656,high
2020-07-16,-0.05871892871725117,0.3257827588673168,0.0018823593854904175,769,0.05201560468140442,0.12613784135240572,0.8218465539661899,0.11170166713683363,0.1704205958540848,0.7178777374450713,high
2020-07-17,-0.07434752491606449,0.31880550179081624,0.0009886808693408966,641,0.0405616224648986,0.14040561622464898,0.8190327613104524,0.10099138629908982,0.17533891121515432,0.7236697079814308,high
2020-07-20,-0.04289700784353818,0.297055613452308,0.0019911229610443115,1270,0.04330708661417323,0.1031496062992126,0.8535433070866142,0.10338971764289254,0.1462867254864307,0.7503235568065109,high
2020-07-21,-0.015762757717295253,0.2934272762932973,0.011666305363178253,667,0.06296851574212893,0.08695652173913043,0.8500749625187406,0.11902851062077006,0.13479126833806532,0.7461802219494484,high
2020-07-22,-0.004896387356048673,0.31665863477436734,0.011019442230463028,677,0.07385524372230429,0.08714918759231906,0.8389955686853766,0.12661685751327362,0.13151324486932228,0.7418698974853406,high
2020-07-23,-0.04708568592348116,0.2917826602198792,0.0065918415784835815,695,0.03741007194244604,0.10359712230215827,0.8589928057553957,0.10112098686450677,0.14820667278798794,0.7506723414476719,high
2020-07-24,-0.026973808624200235,0.3181134282941924,0.011656057089567184,724,0.05662983425414365,0.09944751381215469,0.8439226519337016,0.11576395170269174,0.14273776032689198,0.7414982881556517,high
2020-07-27,-0.039733355308238724,0.30386708307851906,0.003642398864030838,1213,0.043693322341302555,0.10305028854080792,0.8532563891178895,0.10458332078488389,0.1443166760931226,0.7511000023480667,high
2020-07-28,-0.04156956198584512,0.31396507003111546,-0.000815853476524353,617,0.05834683954619125,0.1085899513776337,0.833063209076175,0.11420255509994598,0.15577211708579108,0.7300253278353951,high
2020-07-29,-0.04971971911801284,0.3282149354720836,0.008092649281024933,678,0.06047197640117994,0.1224188790560472,0.8171091445427728,0.11560472640398461,0.16532444552199746,0.7190708301324057,high
2020-07-30,-0.055991134909548185,0.33769865189112525,0.005396410822868347,863,0.05793742757821553,0.1332560834298957,0.8088064889918888,0.11624673712482786,0.17223787203437604,0.7115153947560201,high
2020-07-31,-0.023103726026545715,0.35280062918014654,0.008213352411985397,826,0.0811138014527845,0.12106537530266344,0.7978208232445521,0.13518577237212107,0.15828949839866677,0.7065247299880258,high
2020-08-03,-0.019176552531302248,0.30199074014494026,0.0076207444071769714,1427,0.05956552207428171,0.08829712683952348,0.8521373510861948,0.11741451050344784,0.13659106303475008,0.7459944259680771,high
2020-08-04,-0.02787675767773902,0.32580055804869107,0.010225344449281693,867,0.06113033448673587,0.11072664359861592,0.8281430219146482,0.12120903566890023,0.14908579334663927,0.7297051726725499,high
2020-08-05,-0.046084857317268774,0.34746947671900447,0.007825776934623718,811,0.0690505548705302,0.13316892725030827,0.7977805178791615,0.12667874459512576,0.17276360191239457,0.7005576525255578,high
2020-08-06,-0.0375730481566884,0.2996334254192646,0.007103564217686653,818,0.044009779951100246,0.10757946210268948,0.8484107579462102,0.1081724402461711,0.1457454884028595,0.7460820714756391,high
2020-08-07,-0.052719378657639024,0.35225433010957335,-0.003806453198194504,795,0.06540880503144654,0.13836477987421383,0.7962264150943397,0.1219494072978133,0.17466878595545232,0.7033818058130689,high
2020-08-10,-0.04608886206744065,0.318459705305544,0.005953168496489525,1354,0.05391432791728213,0.12259970457902511,0.8234859675036927,0.1115014940428725,0.15759035611031316,0.7309081504902798,high
2020-08-11,-0.05835459945547523,0.3180821824852785,0.0012374231591820717,826,0.05569007263922518,0.11743341404358354,0.8268765133171913,0.10979886439608603,0.16815346385156127,0.7220476687080779,high
2020-08-12,-0.06200148693277942,0.3296802134182248,0.00500144436955452,821,0.048721071863580996,0.13520097442143728,0.8160779537149817,0.10886017036432544,0.17086165729710484,0.7202781704963434,high
2020-08-13,-0.03455817569507125,0.30660973149125437,0.007809443399310112,810,0.05185185185185185,0.1,0.8481481481481481,0.11140405125226135,0.1459622269473326,0.7426337218257012,high
2020-08-14,-0.0367337724830446,0.3137475224193028,-0.0006737112998962402,695,0.060431654676258995,0.11366906474820145,0.8258992805755395,0.11771720056924567,0.15445097305229027,0.7278318244575275,high
2020-08-17,-0.043691101608572494,0.31519451258109754,0.003348652273416519,157,0.050955414012738856,0.10191082802547771,0.8471337579617835,0.10320122258820731,0.1468923241967798,0.749906448516876,high
2021-01-27,0.039147498086094856,,0.039147498086094856,1,0.0,0.0,1.0,0.06458079069852829,0.025433292612433434,0.9099859595298767,very_low
2021-01-28,-0.09198976014215311,0.3104463050406593,-0.012683799490332603,257,0.038910505836575876,0.1556420233463035,0.8054474708171206,0.09012143522616954,0.18211119536832265,0.7277673632631274,high
2021-01-29,-0.10451009610216275,0.25613793091522113,-0.023690855130553246,330,0.012121212121212121,0.11515151515151516,0.8727272727272727,0.0649513729452861,0.16946146904744885,0.7655871606516567,high
2022-03-28,-0.028304671765659498,0.34571041887109194,0.013310376554727554,113,0.08849557522123894,0.09734513274336283,0.8141592920353983,0.12759207540595557,0.15589674717161509,0.716511183640862,high
2022-03-29,-0.04298170535669973,0.36979408074356757,0.017180904746055603,96,0.07291666666666667,0.16666666666666666,0.7604166666666666,0.13432210211370452,0.17730380747040422,0.6883740909009551,medium
2022-03-30,-0.027867264821435565,0.38419938784372387,0.00721660815179348,54,0.1111111111111111,0.14814814814814814,0.7407407407407407,0.15273669531085976,0.18060396013229532,0.6666593407453211,medium
2022-03-31,0.0308815109742324,0.3263849137826709,0.01334325224161148,89,0.10112359550561797,0.06741573033707865,0.8314606741573034,0.15550725171447136,0.12462574074023895,0.7198670152574778,medium
2022-04-01,-0.013320452787659386,0.3260430977411957,0.003970401361584663,132,0.06818181818181818,0.10606060606060606,0.8257575757575758,0.13085276265910856,0.14417321544676792,0.7249740203278083,high
2022-04-04,-0.018884291932981922,0.30367764428792504,0.00706990621984005,292,0.05821917808219178,0.09246575342465753,0.8493150684931506,0.11720269372087125,0.13608698565385316,0.7467103209218955,high
2022-04-05,-0.03137396356636068,0.32970890421437005,0.008914697915315628,123,0.08943089430894309,0.12195121951219512,0.7886178861788617,0.12940028501008222,0.16077424857644287,0.709825466773132,high
2022-04-06,-0.11151899738995102,0.2942594038096793,-0.023644511587917805,1020,0.021568627450980392,0.14019607843137255,0.8382352941176471,0.07724381639832156,0.1887628137882726,0.7339933694340288,high
2022-04-07,-0.09218738374679729,0.3427069121234642,-0.01318192295730114,108,0.037037037037037035,0.16666666666666666,0.7962962962962963,0.109186383774849,0.2013737675216463,0.6894398495658405,high
2022-04-08,-0.05316511289949747,0.28100347626889954,0.011685856617987156,94,0.0425531914893617,0.11702127659574468,0.8404255319148937,0.0956436999617739,0.14880881286127137,0.7555474977187336,medium
2022-04-11,-0.08325567308656606,0.286958277947585,-0.01502559706568718,2781,0.029485796476087737,0.12369651204602661,0.8468176914778857,0.08732418856338733,0.1705798616499534,0.7420959490509111,high
2022-04-12,-0.08339108190329644,0.324585277655009,-0.01537363976240158,939,0.05218317358892439,0.15122470713525027,0.7965921192758253,0.10512336901378153,0.18851445091707797,0.7063621778846485,high
2022-04-13,-0.058850278653474794,0.3132445199440838,-0.009481210261583328,937,0.05656350053361793,0.11312700106723586,0.8303094983991463,0.10867597778867473,0.16752625644214952,0.7237977667859772,high
2022-04-14,-0.1055964787980037,0.29185175504562505,-0.022278983145952225,982,0.0274949083503055,0.13034623217922606,0.8421588594704684,0.08165483182588262,0.18725131062388634,0.7310938556325791,high
2022-04-15,-0.08375702894581416,0.26914467083621835,-0.01844392716884613,997,0.023069207622868605,0.11434302908726178,0.8625877632898696,0.07871683601592644,0.1624738649617406,0.7588092987869335,high
2022-04-18,-0.09053895176573104,0.2603411540110314,-0.021849971264600754,2762,0.020637219406227373,0.10608254887762492,0.8732802317161478,0.07578198448046745,0.16632093624619848,0.7578970781843745,high
2022-04-19,-0.0880608180106706,0.29981155960273803,-0.01637188531458378,957,0.04075235109717868,0.12957157784743992,0.8296760710553814,0.09130444986426516,0.17936526787493576,0.7293302814379848,high
2022-04-20,-0.08016553445612891,0.340204368682647,-0.007410416379570961,1104,0.05344202898550725,0.14855072463768115,0.7980072463768116,0.10684280008865533,0.18700833454478424,0.706148864831303,high
2022-04-21,-0.0680437698315802,0.3000232596430616,-0.010276851244270802,1932,0.04606625258799172,0.11335403726708075,0.8405797101449275,0.09819340224302611,0.1662371720746063,0.7355694256840547,high
2022-04-22,-0.09241259072148642,0.3023698405871769,-0.0135432668030262,1057,0.03216650898770104,0.1315042573320719,0.836329233680227,0.0890998122394226,0.181512402960909,0.7293877842375267,high
2022-04-25,-0.08417469956944809,0.27363410103170693,-0.01510112825781107,3132,0.022988505747126436,0.11430395913154534,0.8627075351213283,0.08014755923759506,0.16432225880704315,0.755530180887701,high
2022-04-26,-0.10890239456840782,0.3405318660228238,-0.02271951362490654,1146,0.04799301919720768,0.15968586387434555,0.7923211169284468,0.09811170396588444,0.20701409853429226,0.694874197215388,high
2022-04-27,-0.0830777846259873,0.3105361479844277,-0.01976916193962097,1103,0.04079782411604715,0.12601994560290117,0.8331822302810517,0.0985782725706102,0.1816560571965975,0.719765668660605,high
2022-04-28,-0.08785102193545138,0.3100924563442192,-0.01684705913066864,1023,0.03714565004887586,0.13587487781036167,0.8269794721407625,0.09339098729746724,0.18124200923291864,0.7253670028419046,high
2022-04-29,-0.09190453724274276,0.31752233378366496,-0.013944834470748901,1104,0.036231884057971016,0.13768115942028986,0.8260869565217391,0.09216434404969323,0.184068881292436,0.7237667744014196,high
2022-05-02,-0.08251574402829379,0.29007328293514206,-0.014246668666601181,3017,0.028173682466025852,0.12131256214782897,0.8505137553861452,0.08700488139957037,0.16952062542786414,0.7434744948683628,high
2022-05-03,-0.0809279031243669,0.3086333357679776,-0.012086423113942146,996,0.03815261044176707,0.13453815261044177,0.8273092369477911,0.09618258458210611,0.177110487706473,0.7267069269203578,high
2022-05-04,-0.08257036713949181,0.30365688438170846,-0.013165969401597977,961,0.04162330905306972,0.1259105098855359,0.8324661810613944,0.09822774005464581,0.18079810719413764,0.7209741527274731,high
2022-05-05,-0.08843544221463749,0.32892644537966176,-0.02287462167441845,1007,0.05163853028798411,0.14796425024826215,0.8003972194637538,0.10610119950270434,0.19453664171734183,0.6993621580715198,high
2022-05-06,-0.07610498208631394,0.3135231806344915,-0.00538991391658783,851,0.043478260869565216,0.11750881316098707,0.8390129259694477,0.09763327741899148,0.17373825950530541,0.7286284600530086,high
2022-05-09,-0.10199579821987678,0.2877410721848883,-0.019694700837135315,2726,0.02384446074834923,0.1346294937637564,0.8415260454878943,0.07957029480146147,0.18156609302133825,0.7388636108128435,high
2022-05-10,-0.08428157788537811,0.3015751381558519,-0.011872909963130951,951,0.03259726603575184,0.13459516298633017,0.832807570977918,0.09483500293599977,0.17911658082137788,0.726048414905866,high
2022-05-11,-0.09567684586748809,0.3384276552067239,-0.020946470089256763,952,0.05672268907563025,0.15546218487394958,0.7878151260504201,0.10635381313715865,0.20203065900464676,0.6916155305186271,high
2022-05-12,-0.09037106907100001,0.32421119226525774,-0.02092805877327919,924,0.04329004329004329,0.13744588744588745,0.8192640692640693,0.10002725749141517,0.19039832656241518,0.7095744160661127,high
2022-05-13,-0.09775124502286126,0.2984063199179758,-0.019723135977983475,941,0.030818278427205102,0.1275239107332625,0.8416578108395324,0.08469942766395135,0.18245067268681261,0.7328498998219415,high
2022-05-16,-0.08676233329484984,0.2887681639777478,-0.02233382686972618,2689,0.034213462253625884,0.12197843064336185,0.8438081071030122,0.08598936534604122,0.17275169864089107,0.7412589364392457,high
2022-05-17,-0.07050081742674355,0.308874365950984,-0.019836384803056717,920,0.04891304347826087,0.12065217391304348,0.8304347826086956,0.10320991999520313,0.17371073742194668,0.7230793449116628,high
2022-05-18,-0.10357017252571643,0.30583767384098887,-0.02548571303486824,907,0.03307607497243661,0.1378169790518192,0.8291069459757442,0.08931692882852738,0.1928871013542438,0.7177959722287074,high
2022-05-19,-0.10149094958251977,0.30207214891040324,-0.017431648448109627,970,0.030927835051546393,0.1422680412371134,0.8268041237113402,0.08808243817784199,0.18957338776036176,0.7223441728553974,high
2022-05-20,-0.0937206335606233,0.2885443114431775,-0.01608211174607277,1007,0.023833167825223437,0.12413108242303873,0.8520357497517378,0.08131981752313444,0.17504045108375774,0.7436397312886,high
2022-05-23,-0.11043810575496835,0.29101497687814404,-0.026772113516926765,2708,0.024741506646971934,0.13552437223042835,0.8397341211225997,0.07881855824119666,0.189256663996165,0.7319247785885509,high
2022-05-24,-0.1069456516322915,0.31892897569282436,-0.023950863629579544,990,0.03737373737373737,0.14646464646464646,0.8161616161616162,0.08784139196322573,0.1947870435955172,0.7173715652578105,high
2022-05-25,-0.09473991142585873,0.2867578984455254,-0.021477719768881798,965,0.025906735751295335,0.12849740932642487,0.8455958549222798,0.08134661378010799,0.1760865252059667,0.7425668598167173,high
2022-05-26,-0.10488622654830256,0.2981586865325566,-0.025027403607964516,930,0.03225806451612903,0.12688172043010754,0.8408602150537634,0.08326698942710796,0.18815321597541051,0.7285797916302678,high
2022-05-27,-0.07996832512694411,0.2812148163775357,-0.02266535721719265,933,0.03429796355841372,0.11361200428724544,0.8520900321543409,0.08593557505006927,0.1659039001770134,0.748160524030255,high
2022-05-30,-0.10006974273571141,0.2739330235941408,-0.023584092035889626,2840,0.020774647887323944,0.12253521126760564,0.8566901408450704,0.07767032064517147,0.17774006338088288,0.7445896166389887,high
2022-05-31,-0.08345232305193621,0.322798012446074,-0.01979156956076622,826,0.053268765133171914,0.13317191283292978,0.8135593220338984,0.10228966291910421,0.18574198597104044,0.7119683501948817,high
2022-06-01,-0.0901514629406544,0.29908756131111675,-0.018590908497571945,960,0.034375,0.13541666666666666,0.8302083333333333,0.08747610133335305,0.17762756427400744,0.7348963325668592,high
2022-06-02,-0.07234554903774076,0.260179608873293,-0.016508938744664192,920,0.025,0.09456521739130434,0.8804347826086957,0.08358875469294498,0.15593430373068576,0.7604769432674283,high
2022-06-03,-0.10804312111819551,0.3191357524175198,-0.020208831876516342,960,0.030208333333333334,0.15208333333333332,0.8177083333333334,0.08773558419149291,0.1957787053096884,0.7164857097416341,high
2022-06-06,-0.09820629489948127,0.2850105486337873,-0.02145487815141678,2813,0.025950942054745824,0.12228937077852826,0.8517596871667259,0.07852039509709464,0.1767266899965759,0.7447529147229122,high
2022-06-07,-0.08653702334349932,0.288333109172822,-0.01772953011095524,938,0.03411513859275053,0.12686567164179105,0.8390191897654584,0.08429604349111809,0.1708330668346174,0.744870885829332,high
2022-06-08,-0.07892196161370159,0.2818414381662833,-0.020572077482938766,955,0.03455497382198953,0.11204188481675392,0.8534031413612565,0.09057008408653643,0.16949204570023801,0.7399378691629277,high
2022-06-09,-0.1004336770497389,0.29799286142995696,-0.025845497846603394,1001,0.030969030969030968,0.13486513486513488,0.8341658341658341,0.08555630609192155,0.18598998314166046,0.7284537128318886,high
2022-06-10,-0.06719048025084766,0.2935489398457946,-0.01556217297911644,1061,0.03958529688972667,0.11027332704995288,0.8501413760603205,0.09646860223779635,0.16365908248864403,0.7398723153350041,high
2022-06-13,-0.10759855762090911,0.2885246722482804,-0.023710875771939754,2978,0.021490933512424447,0.138683680322364,0.8398253861652115,0.08086203517316597,0.18846059279407507,0.7306773700389217,high
2022-06-14,-0.0982323283187371,0.31231254123663466,-0.018989660777151585,1028,0.03696498054474708,0.14494163424124515,0.8180933852140078,0.09056585247932791,0.188798180798065,0.7206359654221075,high
2022-06-15,-0.09828801552000183,0.31483984702258944,-0.017667634412646294,1052,0.034220532319391636,0.14543726235741444,0.8203422053231939,0.09189262307787265,0.19018063859787449,0.7179267372141022,high
2022-06-16,-0.1239532726386316,0.34956411335252896,-0.02598581463098526,1060,0.04433962264150943,0.19339622641509435,0.7622641509433963,0.10160907033286146,0.22556234297149305,0.6728285873800798,high
2022-06-17,-0.09235569013964874,0.29071183283840496,-0.025636570528149605,1073,0.027958993476234855,0.12301957129543337,0.8490214352283317,0.08694422549072511,0.17929991563037384,0.7337558583728796,high
2022-06-20,-0.10980279641333282,0.2906543465990933,-0.02211056277155876,2863,0.021655606007684246,0.13866573524275236,0.8396786587495634,0.07744017365712892,0.18724297007046173,0.7353168575517987,high
2022-06-21,-0.1256007399212047,0.3245204473721808,-0.02811407297849655,1035,0.028985507246376812,0.16328502415458937,0.8077294685990338,0.08414236645929624,0.20974310638050095,0.7061145263107647,high
2022-06-22,-0.07633326600900996,0.3023257097745198,-0.015508698299527168,1042,0.04030710172744722,0.12667946257197696,0.8330134357005758,0.09720517752956663,0.1735384435385766,0.7292563776072694,high
2022-06-23,-0.09965802634051622,0.28209014979893204,-0.021008189767599106,1029,0.024295432458697766,0.12730806608357628,0.8483965014577259,0.08051961530642575,0.18017764164694197,0.7393027460510301,high
2022-06-24,-0.07613383062477018,0.28123355889368684,-0.015048553235828876,1042,0.03166986564299424,0.10940499040307101,0.8589251439539347,0.08839055765044809,0.1645243882752183,0.7470850533896953,high
2022-06-27,-0.09117169535690636,0.28530712102314254,-0.022391030564904213,2904,0.028925619834710745,0.11776859504132231,0.8533057851239669,0.08261121398276719,0.17378290933967355,0.7436058760672608,high
2022-06-28,-0.09715347258224938,0.27621932248355224,-0.022318705916404724,1024,0.029296875,0.123046875,0.84765625,0.08247504595419741,0.1796285185364468,0.7378964371209804,high
2022-06-29,-0.0946647976194428,0.2959569377693554,-0.023498388938605785,1042,0.029750479846449136,0.13147792706333974,0.8387715930902111,0.08976558840613734,0.18443038602558012,0.7258040254431528,high
2022-06-30,-0.08647298779932486,0.28864982323124444,-0.014376569539308548,1035,0.025120772946859903,0.11690821256038647,0.8579710144927536,0.0861293453813175,0.17260233318064236,0.7412683211536943,high
2022-07-01,-0.10050205422349873,0.2962610280835219,-0.021030105650424957,1046,0.02676864244741874,0.13479923518164436,0.8384321223709369,0.08404774116539178,0.1845497953888905,0.7314024650514923,high
2022-07-04,-0.14662581806513086,0.34174959897356844,-0.010816425085067749,236,0.025423728813559324,0.1906779661016949,0.7838983050847458,0.07948555174220542,0.2261113698073363,0.6944030770021727,high
2022-07-05,-0.171304156380313,0.43680909255651873,-0.03587675839662552,121,0.08264462809917356,0.2644628099173554,0.6528925619834711,0.11354361447574925,0.2848477708560622,0.6016086189784418,high
2022-07-06,-0.13429645131393445,0.35148619425911837,-0.019874446094036102,127,0.05511811023622047,0.2204724409448819,0.7244094488188977,0.10464477853658866,0.2389412298505231,0.6564139938715288,high
2022-07-07,-0.12349324502671759,0.35611743779660104,-0.02181832864880562,162,0.043209876543209874,0.18518518518518517,0.7716049382716049,0.09555121176059783,0.2190444567873154,0.6854043368215638,high
2022-07-08,-0.08881293214082518,0.35004160381941213,-0.010426700115203857,149,0.06040268456375839,0.15436241610738255,0.785234899328859,0.11436326743647356,0.20317619957729874,0.6824605332925016,high
2022-07-11,-0.09388827521992404,0.2765824820305976,-0.021581942215561867,3005,0.02396006655574043,0.12013311148086522,0.8559068219633943,0.07947837079932507,0.17336664601924912,0.747154982169213,high
2022-07-12,-0.11586899332104253,0.3015018583442941,-0.024814315140247345,1081,0.022201665124884366,0.14708603145235893,0.8307123034227567,0.07996417895677972,0.19583317227782224,0.7242026484082905,high
2022-07-13,-0.10224650364180703,0.31669594033789294,-0.018034562468528748,1107,0.031616982836495035,0.14905149051490515,0.8193315266485999,0.08951566760977621,0.19176217125158324,0.7187221616190247,high
2022-07-14,-0.11174690456111701,0.30965778332809346,-0.020626328885555267,1040,0.035576923076923075,0.14711538461538462,0.8173076923076923,0.08781564757317448,0.19956255213429147,0.71262179955464,high
2022-07-15,-0.07091780806972171,0.2890246374390031,-0.016907554119825363,1029,0.0369290573372206,0.11661807580174927,0.8464528668610302,0.09398849475024625,0.16490630281996796,0.7411052014287725,high
2022-07-18,-0.09020901778339718,0.28193679972102276,-0.018500208854675293,2995,0.024040066777963272,0.11419031719532555,0.8617696160267112,0.08320334253549726,0.17341236031889443,0.7433842965701785,high
2022-07-19,-0.08147066307071711,0.2732962013452931,-0.011240296065807343,970,0.023711340206185566,0.11237113402061856,0.8639175257731959,0.08114478777345155,0.16261545084416867,0.7562397608591109,high
2022-07-20,-0.07799799660935375,0.2948462935943829,-0.019003484398126602,1053,0.03608736942070275,0.11870845204178537,0.8452041785375118,0.09410962784319678,0.17210762445255054,0.7337827486935066,high
2022-07-21,-0.07772595255452538,0.2779250805099576,-0.016202248632907867,1073,0.03168685927306617,0.11369990680335508,0.8546132339235788,0.09046372401164385,0.16818967656616923,0.7413466008100572,high
2022-07-22,-0.0918334977654349,0.2939964404492944,-0.018835362046957016,1071,0.03081232492997199,0.12418300653594772,0.8450046685340803,0.08724487796391037,0.17907837572934526,0.7336767459049974,high
2022-07-25,-0.09855331642670552,0.2704182730514,-0.022560827434062958,2889,0.020076150917272412,0.12184146763586017,0.8580823814468674,0.07541382707853364,0.17396714350523917,0.7506190295218029,high
2022-07-26,-0.10651622121061437,0.314620678143539,-0.022898700088262558,1042,0.03262955854126679,0.15163147792706333,0.8157389635316699,0.08979194952110668,0.19630817073172105,0.7138998817032178,high
2022-07-27,-0.08868148009435997,0.2963335598267213,-0.021916493773460388,1099,0.036396724294813464,0.12374886260236578,0.8398544131028207,0.08913758141391176,0.17781906150827173,0.7330433579849874,high
2022-07-28,-0.10256348937239639,0.3041409692408888,-0.022764142602682114,1139,0.030728709394205442,0.14223002633889376,0.8270412642669008,0.08614705956056125,0.18871054893295763,0.7251423910150633,high
2022-07-29,-0.12506051088469436,0.3095986038788747,-0.027761321514844894,1093,0.024702653247941447,0.16010978956999086,0.8151875571820677,0.07968890281651451,0.20474941370120886,0.7155616822450576,high
2022-08-01,-0.08810740797587724,0.27950758844771534,-0.018219517543911934,2996,0.027703604806408544,0.11548731642189586,0.8568090787716955,0.08216719738287337,0.1702746053587506,0.7475581969602658,high
2022-08-02,-0.098876990952392,0.31715007927959965,-0.018977494910359383,1074,0.03445065176908752,0.148975791433892,0.8165735567970205,0.09031877074055929,0.1891957616929513,0.7204854659132618,high
2022-08-03,-0.09251846204894282,0.2870431450469009,-0.022378403693437576,1069,0.02432179607109448,0.1253507951356408,0.8503274087932647,0.08278328312431978,0.17530174517326258,0.7419149705389179,high
2022-08-04,-0.06377727345501263,0.2756829638279607,-0.014125697314739227,1033,0.030009680542110357,0.09390125847047434,0.8760890609874153,0.09043397898141146,0.15421125243642408,0.7553547654185527,high
2022-08-05,-0.07435753534351133,0.2757463165538859,-0.014708781614899635,1126,0.03197158081705151,0.11190053285968028,0.8561278863232682,0.08815663803259628,0.16251417337610763,0.7493291882232335,high
2022-08-08,-0.05624896835918162,0.26031371491580896,-0.008740469813346863,3171,0.030274361400189215,0.08861557868180385,0.881110059918007,0.08716669822057685,0.14341566657975846,0.7694176359584385,high
2022-08-09,-0.062260938338131684,0.2921855045941615,-0.00884055346250534,1131,0.042440318302387266,0.10875331564986737,0.8488063660477454,0.0963076667400665,0.15856860507819817,0.7451237279931652,high
2022-08-10,-0.08777023539853074,0.29701667076960014,-0.01801015343517065,1102,0.036297640653357534,0.12250453720508167,0.8411978221415608,0.0889194628330262,0.17668969823155695,0.734390840024777,high
2022-08-11,-0.056925453899374,0.2909812943912054,-0.009923119097948074,1030,0.04271844660194175,0.10388349514563107,0.8533980582524272,0.0988979532736019,0.1558234071729759,0.7452786377007232,high
2022-08-12,-0.05149775418983313,0.28751557983057946,-0.009045487269759178,1115,0.04394618834080718,0.09327354260089686,0.862780269058296,0.09803655741761351,0.14953431160744665,0.7524291291331764,high
2022-08-15,-0.0527505901560416,0.25681076530077873,-0.006173234432935715,2997,0.028361695028361694,0.08408408408408409,0.8875542208875542,0.08786335736755524,0.14061394752359685,0.7715226948953615,high
2022-08-16,-0.011154047779832092,0.2778300465176475,0.00640130415558815,1679,0.053007742703990474,0.07623585467540203,0.8707564026206075,0.11411103450911182,0.12526508228894392,0.7606238846929478,high
2022-08-17,-0.0369641998081308,0.26008527381652585,2.8409995138645172e-05,1734,0.03806228373702422,0.08246828143021914,0.8794694348327566,0.09646306603324128,0.13342726584137207,0.7701096717706498,high
2022-08-18,-0.05720715543379059,0.25629283681266524,-0.007271286100149155,1519,0.030941408821593155,0.08821593153390389,0.8808426596445029,0.08956438439810517,0.14677153983189575,0.7636640760728781,high
2022-08-19,-0.0722205091692801,0.2820916939557813,-0.010915935039520264,2003,0.034947578632051925,0.10933599600599102,0.855716425361957,0.09481479193832999,0.1670353011076101,0.7381499069870724,high
2022-08-22,-0.07092177650475343,0.27711500240895387,-0.012781836092472076,3238,0.03180975911056207,0.10716491661519456,0.8610253242742434,0.08850000164781624,0.15942177815256967,0.7520782196424888,high
2022-08-23,-0.08587017160217988,0.27932564983565805,-0.017586249858140945,1061,0.02827521206409048,0.117813383600377,0.8539114043355325,0.08335820938707185,0.16922838098925172,0.7474134119331106,high
2022-08-24,-0.04013600889883394,0.2711703461444139,-0.0053663188591599464,1156,0.03892733564013841,0.08910034602076125,0.8719723183391004,0.0992077429123081,0.13934375181114203,0.7614485059629571,high
2022-08-25,-0.06399047428050401,0.2781428890605176,-0.006860740482807159,1123,0.034728406055209264,0.10151380231522707,0.8637577916295637,0.09030651821707601,0.15429699249758003,0.7553964883324591,high
2022-08-26,-0.057617831874328354,0.2708201823149262,-0.009057631716132164,1200,0.03166666666666667,0.09,0.8783333333333333,0.09105774478676419,0.14867557666109255,0.7602666779762755,high
2022-08-29,-0.06602443025727449,0.2720231355398921,-0.009713824838399887,3286,0.03164942178940962,0.09981740718198417,0.8685331710286062,0.08737139667614464,0.15339582693341913,0.7592327760558573,high
2022-08-30,-0.05279546034793926,0.2794591584058759,-0.005747845396399498,1214,0.04036243822075782,0.09472817133443164,0.8649093904448105,0.09853365542627933,0.1513291157742186,0.7501372286982381,high
2022-08-31,-0.07441546646544182,0.2804967524943503,-0.011554310098290443,1255,0.02948207171314741,0.1099601593625498,0.8605577689243028,0.08804893304716306,0.16246439951260488,0.7494866686216388,high
2022-09-01,-0.08084538335322392,0.300940623233793,-0.01610035076737404,1139,0.03511852502194908,0.1264266900790167,0.8384547848990342,0.09524009577010915,0.17608547912333308,0.7286744266151531,high
2022-09-02,-0.06870739728336533,0.2891138244966244,-0.014066256582736969,1125,0.03911111111111111,0.10844444444444444,0.8524444444444444,0.09406832178143991,0.16277571906480523,0.7431559585763349,high
2022-09-05,-0.08915711524894797,0.27023437600031347,-0.019568417221307755,3051,0.01933792199278925,0.11766633890527696,0.8629957391019338,0.07885049397088599,0.16800760921983396,0.753141897923143,high
2022-09-06,-0.0813661037068032,0.2881128236315686,-0.01245088316500187,1048,0.029580152671755726,0.12118320610687022,0.8492366412213741,0.08691175680923922,0.16827786051604243,0.7448103804557179,high
2022-09-07,-0.10860189458633654,0.2853976826053553,-0.02219451032578945,1064,0.021616541353383457,0.13533834586466165,0.8430451127819549,0.07914573194098455,0.1877476265273211,0.7331066399574616,high
2022-09-08,-0.08952508478334718,0.2605013380345539,-0.020268816500902176,1006,0.016898608349900597,0.10437375745526839,0.878727634194831,0.07675659448226865,0.16628167926561582,0.756961726613165,high
2022-09-09,-0.06712826659022046,0.28912385242955935,-0.01387096382677555,1034,0.035783365570599614,0.11315280464216634,0.851063829787234,0.0942542920099856,0.16138255860020606,0.7443631486913164,high
2022-09-12,-0.07752871396530073,0.26878056847401116,-0.015039831399917603,2929,0.022874701263229772,0.10344827586206896,0.8736770228747013,0.08179581536268818,0.1593245293279889,0.7588796550722792,high
2022-09-13,-0.08079757721561222,0.2885633473136899,-0.015105128288269043,1065,0.03286384976525822,0.12394366197183099,0.8431924882629108,0.0898064603014661,0.17060403751707834,0.7395894997521465,high
2022-09-14,-0.07128419232676615,0.3057634445328621,-0.01802060380578041,1001,0.04895104895104895,0.1258741258741259,0.8251748251748252,0.10533282121217305,0.1766170135389392,0.7180501641138093,high
2022-09-15,-0.09763061189914879,0.28618198274740303,-0.01893855631351471,1024,0.0234375,0.126953125,0.849609375,0.08266736249879614,0.18029797439794493,0.737034662833139,high
2022-09-16,-0.09497590803789284,0.29215412872121416,-0.018161088228225708,995,0.02814070351758794,0.12261306532663317,0.8492462311557789,0.08435561918564627,0.17933152722353912,0.7363128524254914,high
2022-09-19,-0.08240999385382612,0.2673527856238587,-0.014624062925577164,2963,0.023287208909888626,0.10698616267296658,0.8697266284171448,0.08059145734556475,0.16300145119939086,0.7564070904196828,high
2022-09-20,-0.0683186673916077,0.2660354136516951,-0.013299263082444668,1044,0.02490421455938697,0.10632183908045977,0.8687739463601533,0.08537044899780803,0.15368911638941574,0.7609404356252774,high
2022-09-21,-0.07232442806473077,0.26967474113048107,-0.012678100727498531,1042,0.022072936660268713,0.10556621880998081,0.8723608445297505,0.08615224112375798,0.15847666918848877,0.7553710884874018,high
2022-09-22,-0.08198304742615184,0.29560006018942886,-0.01433949451893568,1104,0.03351449275362319,0.13043478260869565,0.8360507246376812,0.0920497832003225,0.17403283062647434,0.733917385302619,high
2022-09-23,-0.08420592279916343,0.28070674683312075,-0.01423189789056778,1127,0.026619343389529725,0.12067435669920142,0.8527062999112689,0.08507780107762912,0.16928372387679255,0.7456384747294906,high
2022-09-26,-0.08291322980073187,0.28445734847791276,-0.0124595258384943,3226,0.026968381897086176,0.11996280223186609,0.8530688158710478,0.08517326839959338,0.16808649820032526,0.7467402340145637,high
2022-09-27,-0.06984148540214345,0.2852348271899144,-0.008335206657648087,1069,0.03367633302151544,0.11131898971000935,0.8550046772684752,0.0913373892425522,0.16117887464469566,0.7474837365313681,high
2022-09-28,-0.09809708874631946,0.30896157432964344,-0.012549877166748047,1144,0.02972027972027972,0.1381118881118881,0.8321678321678322,0.08549180006937261,0.18358888881569208,0.7309193119790952,high
2022-09-29,-0.07589485201517827,0.28857764206109565,-0.012671038508415222,1209,0.033085194375516956,0.11579818031430934,0.8511166253101737,0.090875981247316,0.16677083326249428,0.7423531852671807,high
2022-09-30,-0.0962556156920998,0.29615069855379395,-0.022555159404873848,1150,0.029565217391304348,0.13304347826086957,0.837391304347826,0.08805263195429808,0.18430824764639786,0.727639120352333,high
2022-10-03,-0.07601777738269179,0.2775717581765816,-0.013278281316161156,3352,0.029236276849642005,0.11426014319809069,0.8565035799522673,0.08646136598143647,0.16247914336412825,0.7510594908667058,high
2022-10-04,-0.07136951929376442,0.30985405215341966,-0.012446731328964233,1225,0.04326530612244898,0.12408163265306123,0.8326530612244898,0.10081790590468719,0.1721874251984516,0.7269946653532738,high
2022-10-05,-0.07225706797093152,0.2705142602952878,-0.01284046657383442,1100,0.023636363636363636,0.11090909090909092,0.8654545454545455,0.08724527873268181,0.15950234670361335,0.7532523746585305,high
2022-10-06,-0.06851957844453255,0.284586049220849,-0.010695479810237885,1146,0.029668411867364748,0.10383944153577661,0.8664921465968587,0.08903593310751476,0.1575555115520473,0.75340855382968,high
2022-10-07,-0.07776813358571445,0.2963087107927589,-0.012087760493159294,1148,0.037456445993031356,0.12804878048780488,0.8344947735191638,0.09299678007548007,0.1707649136611945,0.7362383056143201,high
2022-10-10,-0.09186506132687826,0.27885372179599194,-0.016171324998140335,3229,0.021059151440074326,0.12201920099101889,0.8569216475689068,0.07949679188941397,0.17136185321629221,0.7491413546001009,high
2022-10-11,-0.09756222584247075,0.2984269782851777,-0.01750948652625084,1159,0.030198446937014668,0.13546160483175151,0.8343399482312338,0.08629926649823053,0.18386149234070126,0.7298392392052104,high
2022-10-12,-0.10022322765358052,0.30732818502687587,-0.022131603211164474,1088,0.03400735294117647,0.1332720588235294,0.8327205882352942,0.08731498789668823,0.18753821555026876,0.7251467961990891,high
2022-10-13,-0.10388608475542427,0.29700695179791553,-0.016933470964431763,1146,0.02617801047120419,0.14397905759162305,0.8298429319371727,0.08423124991737657,0.18811733467280084,0.7276514165061176,high
2022-10-14,-0.07432726937533808,0.29115395467499994,-0.016907982528209686,1077,0.039925719591457756,0.12349117920148561,0.8365831012070566,0.09253766340486352,0.16686493278020162,0.74059740221517,high
2022-10-17,-0.07265946959432858,0.27095390898295524,-0.015040718019008636,3003,0.02664002664002664,0.1018981018981019,0.8714618714618715,0.08609785024688278,0.15875731984121136,0.7551448297709514,high
2022-10-18,-0.0972537023825571,0.3112837480250266,-0.023564664646983147,1000,0.042,0.137,0.821,0.09369903799518943,0.1909527403777465,0.7153482210729272,high
2022-10-19,-0.07727175933720831,0.3047682429773171,-0.012143293395638466,1040,0.03942307692307692,0.125,0.8355769230769231,0.09559429202569075,0.17286605136289906,0.7315396571836362,high
2022-10-20,-0.08462936749724163,0.3259583343106911,-0.010468506254255772,1100,0.05090909090909091,0.14181818181818182,0.8072727272727273,0.10003372907680882,0.18466309657405047,0.715303174902431,high
2022-10-21,-0.09957967957750771,0.3073172852915722,-0.01635708287358284,1087,0.03403863845446182,0.13983440662373506,0.8261269549218031,0.08855052484694625,0.18813020442445397,0.7233192699840558,high
2022-10-24,-0.07563639959265753,0.28159259600122805,-0.016812141984701157,2964,0.03002699055330634,0.10931174089068826,0.8606612685560054,0.08790457399462082,0.16354097358727834,0.7485544542469682,high
2022-10-25,-0.08025010015032645,0.30954320785645795,-0.010874150320887566,1035,0.035748792270531404,0.1323671497584541,0.8318840579710145,0.09517559359965909,0.17542569374998554,0.7293987108223536,high
2022-10-26,-0.082906964140297,0.29764323271816967,-0.01431814394891262,1121,0.03479036574487065,0.1159678858162355,0.8492417484388939,0.0908475388302555,0.1737545029705525,0.7353979582349163,high
2022-10-27,-0.09441937846177235,0.3184310985274295,-0.010951116681098938,1123,0.029385574354407838,0.14692787177203917,0.8236865538735529,0.09031682831914441,0.18473620678091676,0.72494696503802,high
2022-10-28,-0.08496179669434714,0.28194575025229124,-0.00932096317410469,1153,0.026019080659150044,0.1222896790980052,0.8516912402428447,0.08400998439386177,0.1689717810882089,0.7470182338099465,high
2022-10-31,-0.06760454509518109,0.27823816504582927,-0.014989444985985756,2958,0.029749830966869506,0.10513860716700474,0.8651115618661258,0.08848423287562114,0.15608877797080223,0.755426987964078,high
2022-11-01,-0.08051741353097507,0.30878354011327497,-0.010813673958182335,1048,0.030534351145038167,0.13549618320610687,0.833969465648855,0.08917463512803278,0.16969204865900786,0.7411333154407082,high
2022-11-02,-0.08664242114512576,0.30766763790775276,-0.012271430343389511,1115,0.033183856502242155,0.13632286995515694,0.8304932735426009,0.09314344612079685,0.1797858672659226,0.7270706849431644,high
2022-11-03,-0.07904076517718057,0.30615729958100923,-0.01809345930814743,1099,0.04367606915377616,0.1337579617834395,0.8225659690627843,0.09893331254914647,0.17797407772632703,0.7230926092470013,high
2022-11-04,-0.10884364288906136,0.31906304797887824,-0.016959181986749172,1116,0.036738351254480286,0.15591397849462366,0.807347670250896,0.08975852935409714,0.19860217224315851,0.7116392966656943,high
2022-11-07,-0.08529288466618248,0.2913140333337654,-0.018278326839208603,2927,0.03279808677827127,0.119234711308507,0.8479672019132217,0.08776074515427817,0.17305362982046066,0.7391856251603299,high
2022-11-08,-0.10941910977454407,0.29427637001377194,-0.024585513398051262,1023,0.026392961876832845,0.1348973607038123,0.8387096774193549,0.0817091217667833,0.19112823154132735,0.7271626452994574,high
2022-11-09,-0.08095320370566679,0.2810290413730611,-0.016256267204880714,1042,0.028790786948176585,0.11612284069097889,0.8550863723608445,0.08464090208095747,0.16559410578662426,0.749764992782199,high
2022-11-10,-0.0913970471004459,0.31029729583760907,-0.01756878010928631,1148,0.037456445993031356,0.1402439024390244,0.8222996515679443,0.09497576343051388,0.18637281053095978,0.7186514252248359,high
2022-11-11,-0.08547078192459867,0.2997773966636719,-0.02068042755126953,1064,0.042293233082706765,0.13533834586466165,0.8223684210526315,0.0929924796271502,0.17846326155174888,0.7285442578875901,high
2022-11-14,-0.09402505898128112,0.2940968079359271,-0.019886881113052368,2817,0.03159389421370252,0.13099041533546327,0.8374156904508342,0.08651505067384477,0.18054010965512587,0.7329448396492092,high
2022-11-15,-0.07667344007687878,0.3006087919871477,-0.016636444255709648,995,0.03819095477386935,0.12060301507537688,0.8412060301507538,0.09279326765924392,0.16946670773612268,0.7377400245199252,high
2022-11-16,-0.06325024500365317,0.26649465296374925,-0.012849820777773857,962,0.036382536382536385,0.09355509355509356,0.8700623700623701,0.08999919509340906,0.15324944009706223,0.7567513638675569,high
2022-11-17,-0.08310136936509456,0.28384658544369634,-0.01520836353302002,975,0.033846153846153845,0.12205128205128205,0.8441025641025641,0.0844152017057133,0.16751657107080786,0.7480682253474609,high
2022-11-18,-0.10141638687857689,0.27132845245267684,-0.018764566630125046,974,0.015400410677618069,0.12525667351129363,0.8593429158110883,0.07345142569230369,0.17486781257088058,0.7516807612094807,high
2022-11-21,-0.0824719827014587,0.2584118454945438,-0.019829068332910538,2779,0.020151133501259445,0.10291471752428931,0.8769341489744512,0.07816172111997285,0.16063370382143155,0.7612045752377219,high
2022-11-22,-0.10092535003476709,0.2692387797568751,-0.021068120375275612,957,0.018808777429467086,0.11598746081504702,0.8652037617554859,0.0718023055836426,0.1727276556184097,0.7554700384607447,high
2022-11-23,-0.09163070218648132,0.28312061776093905,-0.019826456904411316,883,0.02491506228765572,0.12231030577576443,0.8527746319365799,0.08245590776057402,0.17408660994705535,0.7434574803706608,high
2022-11-24,-0.08828209196288685,0.2733929569209899,-0.024112961255013943,914,0.028446389496717725,0.11597374179431072,0.8555798687089715,0.08152946852620373,0.16981156048909057,0.7486589692912067,high
2022-11-25,-0.07118106542416039,0.2804817529597587,-0.012810703366994858,921,0.031487513572204126,0.10206297502714441,0.8664495114006515,0.087264290981472,0.15844535640563237,0.7542903524632368,high
2022-11-28,-0.08773255865614474,0.28052046842576295,-0.018834944814443588,2768,0.026734104046242775,0.11560693641618497,0.8576589595375722,0.08300095689758885,0.1707335155537336,0.7462655282118411,high
2022-11-29,-0.09424693209349355,0.27151834644307393,-0.018816931173205376,890,0.017977528089887642,0.11797752808988764,0.8640449438202247,0.07586898457133368,0.17011591666482723,0.7540150997825386,high
2022-11-30,-0.08313531523051951,0.30290680134799236,-0.016773579642176628,970,0.031958762886597936,0.12783505154639174,0.8402061855670103,0.09016654901494531,0.17330186424546482,0.7365315877160384,high
2022-12-01,-0.05851456416433955,0.29144014669239643,-0.008225951343774796,940,0.04042553191489362,0.09787234042553192,0.8617021276595744,0.09834723650537272,0.15686180066971228,0.7447909616577895,high
2022-12-02,-0.07754781307330774,0.2698955283155859,-0.018884703516960144,955,0.02617801047120419,0.10785340314136126,0.8659685863874346,0.0833802040003201,0.16092801707362786,0.7556917783731097,high
2022-12-05,-0.07954414408380482,0.26226866403781096,-0.015524357557296753,2697,0.02224694104560623,0.10901001112347053,0.8687430478309233,0.08074103726310988,0.1602851813469147,0.7589737812003958,high
2022-12-06,-0.10408611186617886,0.2866804681592135,-0.030650341883301735,896,0.022321428571428572,0.13392857142857142,0.84375,0.07839619178724076,0.1824823036534196,0.7391215053732074,high
2022-12-07,-0.06255483035604857,0.268408248100712,-0.009959950111806393,918,0.02505446623093682,0.09477124183006536,0.8801742919389978,0.08486422422151274,0.1474190545775613,0.767716719336759,high
2022-12-08,-0.07211881990450583,0.31027109438551975,-0.007624560967087746,952,0.03676470588235294,0.13865546218487396,0.8245798319327731,0.09912165728331145,0.17124047718781726,0.7296378648088572,high
2022-12-09,-0.07863339877574206,0.2658930027471716,-0.015305907465517521,938,0.02771855010660981,0.12153518123667377,0.8507462686567164,0.08630673845074197,0.16494013722648404,0.7487531227232423,high
2022-12-12,-0.06999147719166185,0.25630338681419806,-0.013487853109836578,2790,0.01971326164874552,0.0939068100358423,0.8863799283154122,0.08007454936389267,0.1500660265555545,0.7698594239069729,high
2022-12-13,-0.08167815118766397,0.28887869770656494,-0.015192783437669277,968,0.030991735537190084,0.11363636363636363,0.8553719008264463,0.08609944787107346,0.16777759905873743,0.7461229551348774,high
2022-12-14,-0.09380425145074095,0.27033655124561135,-0.0202190475538373,1016,0.021653543307086614,0.12106299212598425,0.8572834645669292,0.0772228833177039,0.17102713476844483,0.7517499816640625,high
2022-12-15,-0.10729644772375353,0.3116180226094987,-0.017309071496129036,1010,0.030693069306930693,0.14554455445544554,0.8237623762376237,0.08587041830155298,0.1931668660253065,0.720962717883879,high
2022-12-16,-0.06430947028949548,0.2741862123974206,-0.015088720247149467,917,0.04143947655398037,0.09814612868047982,0.8604143947655398,0.09357049532494667,0.15787996561444215,0.7485495374346053,high
2022-12-19,-0.08733268507562875,0.2787506539564103,-0.019153878092765808,2812,0.025604551920341393,0.11557610241820768,0.8588193456614509,0.08170758266429845,0.1690402677399272,0.7492521487038641,high
2022-12-20,-0.09158941156408783,0.29822254285591326,-0.011314380913972855,937,0.02454642475987193,0.13660618996798293,0.8388473852721452,0.08809875965112444,0.17968817121521227,0.732213068987057,high
2022-12-21,-0.04605750655405125,0.27319481724801525,-0.004861440509557724,904,0.035398230088495575,0.09955752212389381,0.8650442477876106,0.09509035582711871,0.14114786238116994,0.7637617812467228,high
2022-12-22,-0.06378249881527899,0.2688076434809546,-0.012467149645090103,977,0.027635619242579325,0.09518935516888434,0.8771750255885363,0.08706367192570666,0.15084617074098564,0.7620901569777465,high
2022-12-23,-0.07369807387352677,0.2760807361726462,-0.014979060739278793,954,0.027253668763102725,0.1090146750524109,0.8637316561844863,0.08740482912974849,0.16110290300327526,0.7514922682594203,high
2022-12-26,-0.06714451248157007,0.26546567798141457,-0.012024857103824615,2731,0.025631636763090444,0.09959721713658001,0.8747711461003296,0.08495673299939291,0.152101245480963,0.7629420206312899,high
2022-12-27,-0.06860748305121633,0.28237923482653604,-0.01030426099896431,937,0.0288153681963714,0.10992529348986126,0.8612593383137673,0.0880531242968099,0.15666060734802625,0.755286264353558,high
2022-12-28,-0.06513548498585284,0.2759874225617754,-0.010010108351707458,917,0.025081788440567066,0.1025081788440567,0.8724100327153762,0.09180770649685399,0.15694319148270683,0.7512491005335731,high
2022-12-29,-0.08230720611245243,0.31785522085868534,-0.013251356780529022,891,0.04489337822671156,0.1425364758698092,0.8125701459034792,0.10093585059818144,0.18324305671063387,0.7158210915121366,high
2022-12-30,-0.07215962397624116,0.28672356798162724,-0.011324930936098099,905,0.03314917127071823,0.12044198895027625,0.8464088397790055,0.0907228883644,0.16288251234064116,0.7463945979941945,high
2023-01-02,-0.06976638945582216,0.28057490450355194,-0.01381986029446125,2584,0.030572755417956655,0.10719814241486068,0.8622291021671826,0.0887509766207783,0.15851736607660047,0.7527316554698908,high
2023-01-03,-0.08856400260259724,0.275547676170305,-0.022076306864619255,927,0.025889967637540454,0.12297734627831715,0.8511326860841424,0.08350092631653193,0.17206492891912917,0.7444341417840062,high
2023-01-04,-0.07852862814233001,0.30394672587877875,-0.01473778672516346,912,0.03837719298245614,0.12609649122807018,0.8355263157894737,0.09280758869442109,0.1713362168367511,0.735856194283993,high
2023-01-05,-0.08950224362761675,0.30168405125359377,-0.0166289322078228,919,0.02720348204570185,0.1294885745375408,0.8433079434167573,0.08664909955691769,0.17615134318453443,0.7371995546505407,high
2023-01-06,-0.0637287102922662,0.2805242435776975,-0.012089280411601067,882,0.036281179138321996,0.10657596371882086,0.8571428571428571,0.09247833341592394,0.15620704370819016,0.7513146223711555,high
2023-01-09,-0.067915781986133,0.2906931738663988,-0.015669871121644974,1810,0.0430939226519337,0.10828729281767956,0.8486187845303867,0.09505842133574394,0.16297420332187695,0.7419673741038745,high
2023-01-10,-0.06861157320794989,0.2630797862734438,-0.012725424021482468,923,0.02925243770314193,0.09642470205850487,0.8743228602383532,0.08265459919620793,0.15126617240415782,0.7660792276025109,high
2023-01-11,-0.07312817535496496,0.29295069268793794,-0.01691383123397827,852,0.04107981220657277,0.11971830985915492,0.8392018779342723,0.09329376244390637,0.16642193779887132,0.7402842953350797,high
2023-01-12,-0.09111469396182832,0.305161390417789,-0.02030283771455288,908,0.03634361233480176,0.14317180616740088,0.8204845814977973,0.09245106900912926,0.18356576297095759,0.7239831681240202,high
2023-01-13,-0.059630367285887866,0.2938096330264942,-0.009916208684444427,914,0.04923413566739606,0.11159737417943107,0.8391684901531729,0.10169159418279693,0.1613219614686848,0.7369864418087793,high
2023-01-16,-0.06379433665084712,0.27192822427527175,-0.012281375005841255,2658,0.0327313769751693,0.0963130173062453,0.8709556057185854,0.08832578863240806,0.1521201252832552,0.7595540865396617,high
2023-01-17,-0.07311976296855634,0.2701936486679293,-0.0150886420160532,917,0.029443838604143947,0.10577971646673937,0.8647764449291166,0.08314908139515291,0.15626884436370925,0.7605820719250188,high
2023-01-18,-0.06756663846551028,0.2890269974635746,-0.011613063514232635,898,0.031180400890868598,0.10690423162583519,0.8619153674832962,0.08898623333569773,0.15655287180120803,0.7544608970259821,high
2023-01-19,-0.06684370652646632,0.27844444089124587,-0.012308642268180847,925,0.03567567567567568,0.10810810810810811,0.8562162162162162,0.0906053392609229,0.15744904578738922,0.7519456178433186,high
2023-01-20,-0.05479706073599448,0.2840794694288294,-0.010546589270234108,910,0.038461538461538464,0.0978021978021978,0.8637362637362638,0.09756542707506854,0.152362487811063,0.7500720837266072,high
2023-01-23,-0.07133083265554738,0.27333425002523987,-0.01449757069349289,2741,0.03028091937249179,0.10105800802626778,0.8686610726012404,0.08349973498002668,0.15483056763557404,0.7616696968179948,high
2023-01-24,-0.11484519483994961,0.3093858240503949,-0.029118359088897705,905,0.026519337016574586,0.143646408839779,0.8298342541436464,0.08278806877029206,0.19763326361024167,0.7195786674162219,high
2023-01-25,-0.08487236882841658,0.288598967082831,-0.016573602333664894,929,0.02691065662002153,0.12271259418729817,0.8503767491926802,0.08591233929508918,0.17078470812350577,0.7433029520971975,high
2023-01-26,-0.0797722986349836,0.2954167689616037,-0.01215602271258831,1000,0.037,0.126,0.837,0.09307259239070118,0.17284489102568476,0.7340825180895627,high
2023-01-27,-0.07562040210445868,0.3032968546075958,-0.009061121381819248,1020,0.04019607843137255,0.11960784313725491,0.8401960784313726,0.09554829512284521,0.17116869722730388,0.733283008082642,high
2023-01-30,-0.07193043284103456,0.2827619574910365,-0.014312177896499634,2784,0.03412356321839081,0.11278735632183907,0.8530890804597702,0.09166296193896038,0.16359339477999493,0.744743642841811,high
2023-01-31,-0.07450904092862984,0.29312234098240203,-0.012123338878154755,1027,0.033106134371957155,0.10808179162609542,0.8588120740019474,0.09174330719903533,0.16625234812766518,0.7420043434091674,high
2023-02-01,-0.08598689301331867,0.3197387685776416,-0.01767772063612938,1011,0.04253214638971316,0.13748763600395647,0.8199802176063303,0.09427506580090281,0.1802619588142215,0.7254629768053499,high
2023-02-02,-0.06204595258678155,0.3154178421356737,-0.011253664270043373,1022,0.057729941291585124,0.12133072407045009,0.8209393346379648,0.10688200023402541,0.16892795282080697,0.7241900448638166,high
2023-02-03,-0.07974296530048329,0.2905551654217777,-0.01975823938846588,1007,0.041708043694141016,0.12313803376365443,0.8351539225422046,0.09292683759084584,0.17266980289132913,0.7344033585818782,high
2023-02-06,-0.07170371258479057,0.27115481422356547,-0.015239555388689041,2703,0.02589715131335553,0.10469848316685165,0.8694043655197928,0.08488630198143475,0.15659001456622532,0.7585236813870986,high
2023-02-07,-0.06136091626156738,0.2875414475838776,-0.011248424649238586,906,0.04304635761589404,0.11368653421633554,0.8432671081677704,0.09745720848256093,0.15881812474412832,0.7437246686410957,high
2023-02-08,-0.058143736363307344,0.2516412769280361,-0.010056398808956146,894,0.025727069351230425,0.09172259507829977,0.8825503355704698,0.08551271155714088,0.14365644792044824,0.7708308406932576,high
2023-02-09,-0.0766575230335345,0.2902021082088775,-0.012148300185799599,916,0.03384279475982533,0.12008733624454149,0.8460698689956332,0.08998041796471566,0.16663794099825016,0.743381639706646,high
2023-02-10,-0.09996675643773494,0.28650835405896785,-0.022001517936587334,974,0.024640657084188913,0.13141683778234087,0.8439425051334702,0.07919757774633258,0.17916433418406752,0.7416380871894331,high
2023-02-13,-0.07035536579366718,0.2645192671875974,-0.01372767984867096,2743,0.029165147648559972,0.1013488880787459,0.8694859642726941,0.08573366019900615,0.15608902599267332,0.7581773123979253,high
2023-02-14,-0.06641724633845202,0.2790017517251885,-0.010183999314904213,884,0.038461538461538464,0.10633484162895927,0.8552036199095022,0.09227228742746038,0.15868953376591238,0.7490381788308584,high
2023-02-15,-0.05965815416055184,0.28762725647398735,-0.012326601892709732,995,0.04120603015075377,0.10050251256281408,0.8582914572864322,0.09482284183496956,0.1544809959955214,0.7506961656013625,high
2023-02-16,-0.058502256807096815,0.2836341471869067,-0.01111602783203125,973,0.0421377183967112,0.10483042137718397,0.8530318602261048,0.09473199192922704,0.15323424873632385,0.7520337551621623,high
2023-02-17,-0.06661838411589978,0.2717668628784596,-0.009888991713523865,965,0.03005181347150259,0.0922279792746114,0.877720207253886,0.0863184307475087,0.1529368148634085,0.7607447533062394,high
2023-02-20,-0.06588908827632939,0.2653582259464835,-0.016113340854644775,2725,0.026422018348623854,0.09321100917431192,0.8803669724770642,0.08406116695305622,0.14995025522938563,0.7659885764248464,high
2023-02-21,-0.08392368461732616,0.29286242459785095,-0.020482759922742844,867,0.03344867358708189,0.11303344867358708,0.8535178777393311,0.08562724346310038,0.16955092808042654,0.7448218259498511,high
2023-02-22,-0.0829855721988462,0.3064524082433306,-0.014132969081401825,956,0.038702928870292884,0.13493723849372385,0.8263598326359832,0.09190503063720795,0.17489060283605415,0.7332043639056883,high
2023-02-23,-0.08887633523543703,0.2980618133435441,-0.015006614848971367,913,0.03504928806133625,0.12924424972617743,0.8357064622124863,0.0912522177149716,0.18012855295040864,0.7286192294361166,high
2023-02-24,-0.06643763740140193,0.29446627906686274,-0.018063414841890335,902,0.04656319290465632,0.10310421286031042,0.8503325942350333,0.0950332387141933,0.1614708761155952,0.7434958844546832,high
2023-02-27,-0.07801389175656742,0.28128244952069803,-0.017030999064445496,2722,0.03232916972814107,0.11351947097722263,0.8541513592946363,0.08796291899183747,0.1659768107484049,0.7460602704842056,high
2023-02-28,-0.04433519722326419,0.2617845488463333,-0.006838001310825348,929,0.038751345532831,0.08396124865446716,0.8772874058127018,0.0937432648525829,0.1380784620758471,0.7681782737823426,high
2023-03-01,-0.0690459259197984,0.2872026342694452,-0.0178961381316185,927,0.036677454153182305,0.10895361380798274,0.8543689320388349,0.0909518083615757,0.1599977342813741,0.7490504571792249,high
2023-03-02,-0.05885802011584023,0.2947057390792539,-0.017921190708875656,929,0.04520990312163617,0.10010764262648009,0.8546824542518837,0.09978871167596305,0.15864673179180327,0.7415645535678409,high
2023-03-03,-0.06240071576403627,0.2737113760094858,-0.015233002603054047,893,0.036954087346024636,0.08846584546472565,0.8745800671892497,0.09001074648229666,0.15241146224633292,0.7575777928665081,high
2023-03-06,-0.07094726040463324,0.2673379073832802,-0.013397213071584702,2591,0.023928984947896564,0.09996140486298727,0.8761096101891162,0.08201142529004826,0.1529586856946815,0.7650298886950045,high
2023-03-07,-0.0668668540548575,0.2678877528024729,-0.022544940933585167,892,0.030269058295964126,0.0930493273542601,0.8766816143497758,0.08783326219535545,0.15470011625021296,0.7574666219078539,high
2023-03-08,-0.06807815331043769,0.25915565457095613,-0.011043764650821686,891,0.02132435465768799,0.10437710437710437,0.8742985409652076,0.08652014839624951,0.1545983017066872,0.758881550696161,high
2023-03-09,-0.07151299534223637,0.2764131467103491,-0.009363492950797081,932,0.02575107296137339,0.11802575107296137,0.8562231759656652,0.08599248232645713,0.15750547766869352,0.7565020382036595,high
2023-03-10,-0.08320123055928509,0.29127821891065997,-0.017414910718798637,962,0.032224532224532226,0.11954261954261955,0.8482328482328483,0.08570166329055513,0.16890289384984022,0.7453954421959647,high
2023-03-13,-0.10284198522426102,0.28621420715282536,-0.024972880259156227,2893,0.023505012098167993,0.13446249567922572,0.8420324922226063,0.0791783889720517,0.18202037419631273,0.7388012365505969,high
2023-03-14,-0.0869796612359995,0.2895055001468741,-0.018640104681253433,869,0.03452243958573072,0.12082853855005754,0.8446490218642118,0.08798481802154928,0.17496447925754877,0.7370507006262299,high
2023-03-15,-0.09727892556398965,0.3073448802876793,-0.021997639909386635,941,0.03506907545164718,0.14452709883103082,0.820403825717322,0.08920262428792342,0.18648154985191306,0.7243158239514966,high
2023-03-16,-0.07707030529420046,0.2749532878184231,-0.015481233596801758,897,0.02564102564102564,0.10144927536231885,0.8729096989966555,0.08579784020191783,0.1628681454961183,0.7513340142542038,high
2023-03-17,-0.09309163609008782,0.2930002127266787,-0.023116353899240494,959,0.03023983315954119,0.12304483837330553,0.8467153284671532,0.0856945289005608,0.17878616499064862,0.7355193039664574,high
2023-03-20,-0.09153062164789333,0.2783650214566598,-0.018949873745441437,2863,0.02444987775061125,0.12190010478519037,0.8536500174641984,0.08086071679107727,0.17239133843897061,0.7467479460836602,high
2023-03-21,-0.08973354154370572,0.2795997701457965,-0.021445177495479584,921,0.029315960912052116,0.11509229098805646,0.8555917480998915,0.0841238158456698,0.17385735738937552,0.7420188266830469,high
2023-03-22,-0.07198377954275992,0.29680084425054326,-0.017009347677230835,889,0.04611923509561305,0.11698537682789652,0.8368953880764904,0.09627877353482091,0.1682625530775808,0.7354586727066538,high
2023-03-23,-0.06864382151306476,0.28670986658780306,-0.014786764979362488,968,0.038223140495867766,0.12086776859504132,0.8409090909090909,0.0955296803125342,0.16417350182559895,0.7402968185199501,high
2023-03-24,-0.11330084282226804,0.31032786444491073,-0.02443474531173706,923,0.028169014084507043,0.15167930660888407,0.8201516793066089,0.08323793495144546,0.1965387777737135,0.7202232887439696,high
2023-03-27,-0.08185170049485199,0.27265609696625026,-0.016974998638033867,2668,0.0239880059970015,0.11094452773613193,0.8650674662668666,0.08110173128097077,0.16295343177582275,0.7559448384600964,high
2023-03-28,-0.0691360583441385,0.278507634494209,-0.011047609150409698,809,0.02843016069221261,0.11124845488257108,0.8603213844252163,0.0880039945608569,0.1571400529049954,0.7548559494523794,high
2023-03-29,-0.06712562819349699,0.285303984709987,-0.01077020913362503,895,0.030167597765363128,0.11173184357541899,0.8581005586592179,0.08697124075394269,0.15409686894743968,0.7589318887127677,high
2023-03-30,-0.06684419544656986,0.27414415299121514,-0.01377234049141407,934,0.028907922912205567,0.0974304068522484,0.8736616702355461,0.08618624566713193,0.1530304411137018,0.7607833100223567,high
2023-03-31,-0.08720724805486839,0.2764947544636456,-0.016681961715221405,941,0.021253985122210415,0.12114771519659936,0.8575982996811902,0.078950138871462,0.1661573869263304,0.754892472696355,high
2023-04-03,-0.07956214948683153,0.2849875440690187,-0.013223625719547272,2731,0.025631636763090444,0.11644086415232516,0.8579274990845844,0.0868551578519014,0.16641730733873294,0.746727534968451,high
2023-04-04,-0.06427915330954001,0.28470039811371334,-0.010112598538398743,921,0.038002171552660155,0.11074918566775244,0.8512486427795874,0.09434883727365448,0.1586279905831945,0.7470231706035868,high
2023-04-05,-0.09014744552319048,0.29437546807526366,-0.020590038038790226,894,0.03467561521252797,0.12751677852348994,0.8378076062639821,0.08825581985207012,0.1784032653752606,0.733340914067406,high
2023-04-06,-0.07185791485658438,0.26355529549008844,-0.01491638645529747,956,0.028242677824267783,0.100418410041841,0.8713389121338913,0.08540653823056574,0.15726445308715012,0.757329008186423,high
2023-04-07,-0.06699032751368338,0.2600413505170189,-0.012271258980035782,898,0.024498886414253896,0.09465478841870824,0.8808463251670379,0.08325999290091224,0.15025032041459563,0.7664896860098537,high
2023-04-10,-0.0748335597935298,0.26409847049638124,-0.01321496069431305,2573,0.023319082782743878,0.10260396424407307,0.8740769529731831,0.0806668739634853,0.1555004337570151,0.7638326915418255,high
2023-04-11,-0.06498966934564321,0.26236731402570523,-0.011851092800498009,920,0.030434782608695653,0.09891304347826087,0.8706521739130435,0.08426430002867204,0.14925396937431526,0.7664817290228751,high
2023-04-12,-0.07194195491487711,0.26794096421021363,-0.013365335762500763,911,0.024149286498353458,0.10867178924259056,0.867178924259056,0.08368186375205983,0.15562381866693692,0.7606943154883388,high
2023-04-13,-0.10783700195569042,0.2969130032039455,-0.023596376180648804,925,0.02702702702702703,0.1437837837837838,0.8291891891891892,0.0815440076035825,0.18938100955927292,0.7290749831860129,high
2023-04-14,-0.08543904277068799,0.2711348842776408,-0.019965192303061485,909,0.026402640264026403,0.11441144114411442,0.8591859185918592,0.08376459095153724,0.16920363372222524,0.7470317751402804,high
2023-04-17,-0.07657277239742145,0.27276902588266116,-0.01753772795200348,3389,0.025966361758630863,0.10947182059604603,0.8645618176453231,0.08332032943597872,0.1598931018334002,0.7567865670529214,high
2023-04-18,-0.06100405134053238,0.2840907297618378,-0.007986260578036308,907,0.03969128996692393,0.09922822491730982,0.8610804851157663,0.09165237366982716,0.15265642501035953,0.7556912026972876,high
2023-04-19,-0.08393451351389633,0.2935679322910311,-0.012736501172184944,909,0.036303630363036306,0.12431243124312431,0.8393839383938394,0.08606257812172273,0.16999709163561905,0.7439403333819018,high
2023-04-20,-0.0838465865886295,0.2725826330131729,-0.01665790006518364,927,0.019417475728155338,0.10895361380798274,0.8716289104638619,0.07873053677950734,0.16257712336813684,0.7586923396916098,high
2023-04-21,-0.06855617994432492,0.27719123121927786,-0.012461163103580475,923,0.032502708559046585,0.09967497291440953,0.8678223185265439,0.08840788116946995,0.15696406111379485,0.7546280585633004,high
2023-04-24,-0.0655867235959982,0.25237737864376586,-0.01377866230905056,2650,0.02490566037735849,0.08679245283018867,0.8883018867924528,0.0779166254028678,0.143503348998866,0.778580025104138,high
2023-04-25,-0.08316296974855646,0.2946038145018109,-0.013553092256188393,905,0.027624309392265192,0.12044198895027625,0.8519337016574585,0.0877544028530134,0.17091737260156986,0.7413282249843218,high
2023-04-26,-0.08739680240942556,0.30621301114818267,-0.014755213633179665,972,0.03189300411522634,0.1419753086419753,0.8261316872427984,0.09265641419125008,0.18005321660067564,0.7272903675370593,high
2023-04-27,-0.07190075408537949,0.2868974213712759,-0.013094544410705566,979,0.03268641470888662,0.11644535240040858,0.8508682328907048,0.08974960514185408,0.16165035922723356,0.7486000349107783,high
2023-04-28,-0.0827340601311292,0.30281017926581905,-0.01923423632979393,965,0.04248704663212435,0.12227979274611399,0.8352331606217617,0.09342639523949185,0.17616045537062106,0.7304131471083881,high
2023-05-01,-0.07803868301400055,0.27612455434506095,-0.014735005795955658,2785,0.024416517055655295,0.11490125673249552,0.8606822262118492,0.08314002651865034,0.1611787095326509,0.7556812625261328,high
2023-05-02,-0.08994270995717475,0.3079078950551811,-0.012670444324612617,935,0.033155080213903745,0.1411764705882353,0.825668449197861,0.08740528930317272,0.17734799926034747,0.7352467111884592,high
2023-05-03,-0.0801463653865946,0.267111799089732,-0.016843949444592,962,0.02286902286902287,0.10602910602910603,0.8711018711018711,0.0808490795739723,0.16099544496056692,0.758155473562155,high
2023-05-04,-0.08031947763599019,0.3067812521704735,-0.016777396202087402,939,0.04153354632587859,0.12566560170394037,0.832800851970181,0.09279357510518692,0.1731130527411771,0.7340933728717164,high
2023-05-05,-0.07194193692373096,0.31135181147218605,-0.014429496601223946,952,0.045168067226890755,0.13130252100840337,0.8235294117647058,0.09921657652183272,0.17115851344556368,0.7296249104816341,high
2023-05-08,-0.07514905402092414,0.26868429620030726,-0.015715770423412323,2639,0.02425161045850701,0.1042061386888973,0.8715422508525957,0.08233285339177926,0.1574819074127034,0.7601852395464838,high
2023-05-09,-0.0718335605143285,0.29680239982222373,-0.01692267693579197,907,0.04630650496141125,0.12238147739801543,0.8313120176405733,0.09489803424037278,0.16673159475470128,0.7383703692839815,high
2023-05-10,-0.0869520794456968,0.31600365575161005,-0.01570193190127611,884,0.03959276018099547,0.1323529411764706,0.8280542986425339,0.09280107360137248,0.17975315304706926,0.7274457723981115,high
2023-05-11,-0.109513132771173,0.30805476991160097,-0.017025036737322807,882,0.032879818594104306,0.15192743764172337,0.8151927437641724,0.08399728814281456,0.19351042091398754,0.7224922895118966,high
2023-05-12,-0.07475990274016346,0.2616414918934062,-0.015775706619024277,875,0.022857142857142857,0.09714285714285714,0.88,0.08082470373277154,0.15558460647293498,0.7635906897783279,high
2023-05-15,-0.07475108842910314,0.2620666767234477,-0.015683678910136223,2622,0.02212051868802441,0.10526315789473684,0.8726163234172387,0.07893704469503961,0.15368813312414276,0.7673748208488346,high
2023-05-16,-0.0684352432680929,0.27392505283425417,-0.01255335658788681,912,0.03399122807017544,0.10964912280701754,0.856359649122807,0.08870492532508235,0.15714016859317526,0.7541549054940493,high
2023-05-17,-0.06434883437671661,0.2931817323483345,-0.012710165232419968,909,0.039603960396039604,0.11441144114411442,0.845984598459846,0.0946650393066438,0.15901387368336042,0.7463210889571669,high
2023-05-18,-0.05070389374445437,0.2899331793037011,-0.013616856187582016,895,0.0446927374301676,0.09944134078212291,0.8558659217877095,0.1011058548865996,0.15180974863105395,0.7470843971878623,high
2023-05-19,-0.06803728183648927,0.28879955468860113,-0.012666251510381699,903,0.04097452934662237,0.10852713178294573,0.8504983388704319,0.09697676659690614,0.16501404843339543,0.7380091838357127,high
2023-05-22,-0.07059298436601259,0.27158237362922416,-0.014590650796890259,2541,0.029122392758756395,0.1042896497441952,0.8665879574970484,0.08651244607235428,0.15710543043836686,0.7563821223092737,high
2023-05-23,-0.0741284378191257,0.30343288749530206,-0.014988072216510773,907,0.040793825799338476,0.12348401323042998,0.8357221609702316,0.0986672134920051,0.1727956513111308,0.7285371358920189,high
2023-05-24,-0.07051261815744415,0.26883601167128746,-0.01772398129105568,924,0.027056277056277056,0.09307359307359307,0.8798701298701299,0.08391508856108937,0.1544277067185335,0.7616572033097863,high
2023-05-25,-0.064788243029793,0.31417515481584407,-0.012216530740261078,920,0.05,0.12173913043478261,0.8282608695652174,0.10371194967048486,0.16850019270027786,0.7277878539859439,high
2023-05-26,-0.07409962693812673,0.2793602297148637,-0.01618955098092556,910,0.027472527472527472,0.10989010989010989,0.8626373626373627,0.08708074291768883,0.16118036985581558,0.7517388867429242,high
2023-05-29,-0.07730059866892576,0.27818597107327203,-0.01621302403509617,2612,0.031010719754977028,0.11179173047473201,0.857197549770291,0.08731229975766104,0.1646128984265868,0.7480748008272025,high
2023-05-30,-0.05447554950815649,0.2652906149685947,-0.007543750107288361,882,0.030612244897959183,0.0873015873015873,0.8820861678004536,0.09144383652110388,0.14591938602926036,0.7626367773366521,high
2023-05-31,-0.07373710432337166,0.27535208085185664,-0.01521371677517891,885,0.024858757062146894,0.10282485875706214,0.8723163841807909,0.08383817248530476,0.15757527680867642,0.7585865523687191,high
2023-06-01,-0.048342223972803425,0.2667561328192364,-0.017370089888572693,909,0.036303630363036306,0.09570957095709572,0.8679867986798679,0.09874652352745515,0.14708874750025858,0.7541647303472422,high
2023-06-02,-0.06703185803136333,0.28283720035722454,-0.014280855655670166,919,0.03917301414581066,0.10990206746463548,0.8509249183895539,0.0911321969184988,0.15816405494986213,0.7507037474592424,high
2023-06-05,-0.05771219183268397,0.2675480610569614,-0.010138766840100288,2694,0.028210838901262063,0.09391239792130661,0.8778767631774314,0.08914136721765721,0.14685355905034117,0.7640050737271618,high
2023-06-06,-0.07443056846142902,0.2898168523639736,-0.010673895478248596,919,0.035908596300326445,0.11099020674646355,0.85310119695321,0.08749982637633956,0.16193039483776858,0.7505697787367416,high
2023-06-07,-0.05727454637023083,0.2625356912812741,-0.004337318241596222,918,0.029411764705882353,0.08387799564270153,0.8867102396514162,0.08629029937553136,0.1435648457457622,0.7701448536333922,high
2023-06-08,-0.07262978744104333,0.27247182978751566,-0.018818404525518417,870,0.02413793103448276,0.11264367816091954,0.8632183908045977,0.08515777294898684,0.15778756039003017,0.7570546657724798,high
2023-06-09,-0.055092584411511075,0.27522164843029034,-0.008732855319976807,908,0.031938325991189426,0.0947136563876652,0.8733480176211453,0.09396431238866423,0.1490568968001753,0.7569787912563081,high
2023-06-12,-0.0646567933256654,0.2671266940309993,-0.014059260487556458,2554,0.026233359436178542,0.09357870007830854,0.880187940485513,0.08470910100467625,0.14936589433034167,0.7659250056252945,high
2023-06-13,-0.055523797894346576,0.27418643269894305,-0.009248122572898865,944,0.03283898305084746,0.09110169491525423,0.8760593220338984,0.09229596723877367,0.14781976513312026,0.7598842694128122,high
2023-06-14,-0.05823243597061724,0.2633886273223766,-0.01029680110514164,930,0.03333333333333333,0.09462365591397849,0.8720430107526882,0.08821404259952326,0.1464464785701405,0.7653394772120381,high
2023-06-15,-0.07247014607066395,0.2889809407370067,-0.011543147265911102,965,0.035233160621761656,0.11606217616580311,0.8487046632124352,0.08940979202755683,0.1618799380982208,0.7487102680178503,high
2023-06-16,-0.039574561806416116,0.27343631639717125,-0.00402439758181572,910,0.03956043956043956,0.08791208791208792,0.8725274725274725,0.10219263574824883,0.14176719755466496,0.7560401652448371,high
2023-06-19,-0.07614766938030142,0.2570839948061135,-0.022733385674655437,2632,0.022036474164133738,0.09346504559270517,0.8844984802431611,0.07969673717320871,0.15584440655351015,0.764458855278974,high
2023-06-20,-0.05942264857908347,0.2782638304746035,-0.01308620348572731,907,0.03197353914002205,0.09592061742006615,0.8721058434399118,0.09117329381652743,0.15059594239561092,0.758230764427055,high
2023-06-21,-0.06718808306598552,0.26205662823736703,-0.014308257959783077,908,0.025330396475770924,0.08920704845814978,0.8854625550660793,0.08309996886679386,0.1502880519327794,0.7666119786434794,high
2023-06-22,-0.07636400089451506,0.26389448226425866,-0.01484532281756401,927,0.023732470334412083,0.10571736785329018,0.8705501618122977,0.0811278138012337,0.15749181469574877,0.761380372014391,high
2023-06-23,-0.07837903743875593,0.2608364672084721,-0.016735922545194626,932,0.023605150214592276,0.10300429184549356,0.8733905579399142,0.08089374691295906,0.159272784351715,0.7598334696831366,high
2023-06-26,-0.0705443977823254,0.2479294086350626,-0.019730690866708755,2585,0.020502901353965184,0.09555125725338491,0.8839458413926499,0.07960681973216151,0.1501512175144869,0.7702419633150274,high
2023-06-27,-0.07513833297859052,0.26082866530783055,-0.0239565372467041,884,0.027149321266968326,0.10407239819004525,0.8687782805429864,0.08336927884098193,0.15850761181957243,0.7581231070269422,high
2023-06-28,-0.07894041239090419,0.2793368409793431,-0.019803881645202637,919,0.031556039173014146,0.11316648531011969,0.8552774755168662,0.08503700488817527,0.16397741727907944,0.7509855779031772,high
2023-06-29,-0.0749249034984082,0.2654101916615506,-0.008797481656074524,914,0.019693654266958426,0.11269146608315099,0.8676148796498906,0.08213352475007608,0.1570584282484843,0.7608080473310708,high
2023-06-30,-0.0433407566808867,0.25031338876201703,-0.009780175983905792,901,0.03440621531631521,0.06992230854605994,0.8956714761376249,0.08912395069543086,0.13246470737631758,0.778411342145319,high
2023-07-03,-0.07138883744422389,0.2642646865205378,-0.016770299524068832,2598,0.025789068514241724,0.09353348729792148,0.8806774441878368,0.08196142882275738,0.15335026626698128,0.7646883058152358,high
2023-07-04,-0.0534423419016566,0.2473250316793826,-0.010888425633311272,885,0.020338983050847456,0.08361581920903954,0.896045197740113,0.08225505189959613,0.13569739380125273,0.7820475528269248,high
2023-07-05,-0.07806332472407611,0.2721306435911811,-0.016431353986263275,894,0.025727069351230425,0.11409395973154363,0.860178970917226,0.08185562769771956,0.15991895242179566,0.7582254197273478,high
2023-07-06,0.010272812308268804,0.4375048790457349,0.008992843329906464,51,0.11764705882352941,0.13725490196078433,0.7450980392156863,0.18296388958526008,0.1726910772769913,0.6443450330738344,medium
2023-07-07,0.014379938610363751,0.3896718889137598,0.013988053426146507,40,0.15,0.125,0.725,0.1733004529029131,0.15892051429254933,0.6677790347486734,medium
2023-07-10,-0.00588411113201845,0.3725372630639953,0.014026881195604801,82,0.0975609756097561,0.10975609756097561,0.7926829268292683,0.1468519629887873,0.15273607412080575,0.7004119599828633,medium
2023-07-11,-0.041732644100256004,0.41626550057363687,0.001511039212346077,58,0.1206896551724138,0.20689655172413793,0.6724137931034483,0.16474939958224522,0.20648204368250123,0.628768556365936,medium
2023-07-12,-0.0483480464307624,0.4215814662440689,0.012416478246450424,57,0.10526315789473684,0.15789473684210525,0.7368421052631579,0.15123760667547845,0.19958565310624085,0.6491767377510929,medium
2023-07-13,-0.0027842313148687746,0.39008804451746193,0.016226423904299736,86,0.10465116279069768,0.13953488372093023,0.7558139534883721,0.1729418248003132,0.175726056115182,0.6513321186784048,medium
2023-07-14,-0.11102879338643767,0.3434763029492246,-0.015602834522724152,55,0.03636363636363636,0.23636363636363636,0.7272727272727273,0.11818820327859034,0.229216996665028,0.6525947953489694,medium
2023-07-17,-0.05784367440465678,0.2710591342676263,-0.01144682988524437,2587,0.03362968689601856,0.09431774255894859,0.8720525705450328,0.0894158976048139,0.14725957200947068,0.7633245316498589,high
2023-07-18,-0.057196928555911415,0.2907913570471946,-0.011061359196901321,927,0.038834951456310676,0.10140237324703344,0.8597626752966558,0.09669633600921114,0.15389326456512256,0.7494103998918299,high
2023-07-19,-0.06128407964052292,0.28083871578797714,-0.012014109641313553,930,0.03333333333333333,0.11182795698924732,0.8548387096774194,0.09333809211509683,0.15462217175561974,0.7520397336252274,high
2023-07-20,-0.06187570875437323,0.29058321322664654,-0.010537879541516304,890,0.04157303370786517,0.11123595505617978,0.8471910112359551,0.09747239963015479,0.159348108384528,0.7431794917441151,high
2023-07-21,-0.07597577276864513,0.2815898510252366,-0.013465873897075653,907,0.029768467475192944,0.11686879823594266,0.8533627342888643,0.0865479570237433,0.16252372979238844,0.7509283144026995,high
2023-07-24,-0.06717316361355011,0.2632816642253553,-0.010862484574317932,2677,0.02614867388868136,0.09973851326111319,0.8741128128502055,0.08295343549860183,0.15012659911215195,0.7669199647372856,high
2023-07-25,-0.0547642985047695,0.29115314773206535,-0.009360838681459427,889,0.043869516310461196,0.09786276715410573,0.8582677165354331,0.09727889778410977,0.15204319628887927,0.7506779058342977,high
2023-07-26,-0.059823744239829196,0.2897011229461531,-0.009353671222925186,932,0.03862660944206009,0.10836909871244635,0.8530042918454935,0.09729299194013596,0.15711673617996516,0.7455902704679259,high
2023-07-27,-0.04115854492269908,0.27088553822900907,-0.010895470157265663,924,0.045454545454545456,0.08658008658008658,0.8679653679653679,0.09903373937445059,0.14019228429714967,0.7607739773534593,high
2023-07-28,-0.06420372469978698,0.28204633069705726,-0.01635172963142395,872,0.03669724770642202,0.11009174311926606,0.8532110091743119,0.09345886476899694,0.15766258946878392,0.7488785445745693,high
2023-07-31,-0.05582998165917027,0.2637972489488277,-0.005070893093943596,2682,0.028337061894108874,0.09545115585384041,0.8762117822520508,0.08718735738681722,0.14301733904598748,0.7697953037198113,high
2023-08-01,-0.07272158540310521,0.2903258454508019,-0.011230291798710823,918,0.03376906318082789,0.11328976034858387,0.8529411764705882,0.09298071483442304,0.16570230023752824,0.7413169856676284,high
2023-08-02,-0.08323844924498686,0.3009782917701133,-0.01449650153517723,899,0.04004449388209121,0.13125695216907676,0.8286985539488321,0.089911869279543,0.17315031852452986,0.7369378117908691,high
2023-08-03,-0.06976752452254886,0.2754293776535496,-0.011601706966757774,883,0.027180067950169876,0.11098527746319366,0.8618346545866364,0.08824251639885598,0.15801004092140483,0.7537474420242273,high
2023-08-04,-0.07443194383530309,0.2820417256590638,-0.017317989841103554,894,0.03243847874720358,0.11073825503355705,0.8568232662192393,0.08698633241350502,0.1614182762488081,0.7515953916752132,high
2023-08-07,-0.06827016639864852,0.28223280242326476,-0.01199323683977127,2527,0.03126236644242184,0.10684606252473289,0.8618915710328453,0.08851068203094617,0.1567808484295947,0.7547084690817216,high
2023-08-08,-0.07317268134046324,0.2960750454730951,-0.020121470093727112,865,0.03930635838150289,0.12254335260115606,0.838150289017341,0.09515215471666845,0.1683248360571317,0.7365230107346195,high
2023-08-09,-0.07943642760005051,0.30044193069435315,-0.015925809741020203,897,0.03567447045707915,0.12374581939799331,0.8405797101449275,0.09014349435264019,0.1695799219526907,0.7402765843498136,high
2023-08-10,-0.08303047946837541,0.2806603780140666,-0.02315021213144064,874,0.02631578947368421,0.10983981693363844,0.8638443935926774,0.08436075031535713,0.16739122978373253,0.7482480168133735,high
2023-08-11,-0.050159862862904345,0.2781524637192191,-0.004180051386356354,838,0.0405727923627685,0.08949880668257756,0.869928400954654,0.09601699077882103,0.1461768536417254,0.7578061550459991,high
2023-08-14,-0.08472917850879082,0.27452606851401495,-0.017571265809237957,2606,0.02762854950115119,0.10974673829623945,0.8626247122026094,0.08119904197836816,0.165928220487159,0.7528727380651766,high
2023-08-15,-0.08525067074935995,0.27558305111171405,-0.026084400713443756,903,0.03211517165005537,0.10963455149501661,0.858250276854928,0.08403132466655039,0.16928199541591032,0.7466866815605037,high
2023-08-16,-0.07459212643797077,0.27560549143169943,-0.016400091350078583,937,0.025613660618996798,0.10672358591248667,0.8676627534685165,0.08863704150349792,0.1632291679414687,0.7481337900530932,high
2023-08-17,-0.0839716113851668,0.3067965463961524,-0.014654966071248055,905,0.039779005524861875,0.12265193370165746,0.8375690607734807,0.09008504809523567,0.17405665948040247,0.7358582934992419,high
2023-08-18,-0.08815760983276773,0.27038456984488957,-0.017450131475925446,942,0.024416135881104035,0.10828025477707007,0.8673036093418259,0.08105838724220223,0.16921599707496995,0.7497256118191244,high
2023-08-21,-0.06728653506041193,0.27751558834622136,-0.011911626905202866,2641,0.03369935630443014,0.10450586898901931,0.8617947747065505,0.08925245039003511,0.15653898545044703,0.7542085634083944,high
2023-08-22,-0.09966679726696938,0.3012672809787256,-0.01905369758605957,920,0.02826086956521739,0.1358695652173913,0.8358695652173913,0.0834699555487453,0.18313675281571468,0.7333932910974987,high
2023-08-23,-0.07455502002606494,0.30940341099542756,-0.01590920891612768,892,0.04820627802690583,0.12443946188340807,0.827354260089686,0.09731111092745606,0.17186613095352102,0.7308227588305659,high
2023-08-24,-0.06560962966066247,0.28648497420703406,-0.013097763061523438,899,0.03337041156840934,0.11123470522803114,0.8553948832035595,0.09307767246622961,0.15868730212689208,0.7482350254338132,high
2023-08-25,-0.06085234218928963,0.26654641775829435,-0.013540397398173809,1000,0.035,0.096,0.869,0.08970977653376758,0.15056211872305722,0.7597281038928777,high
2023-08-28,-0.07058337626902654,0.25914909076297354,-0.017360884696245193,2570,0.02801556420233463,0.09455252918287937,0.877431906614786,0.08183636914228419,0.15241974541131073,0.7657438857611342,high
2023-08-29,-0.07018592989036744,0.270362566206008,-0.014500010758638382,893,0.025755879059350503,0.0940649496080627,0.8801791713325868,0.08332701259233216,0.15351294248269962,0.7631600427755216,high
2023-08-30,-0.09444913599049018,0.28809342925422937,-0.019029250368475914,876,0.028538812785388126,0.11643835616438356,0.8550228310502284,0.08277211226118925,0.17722124825167943,0.7400066379817059,high
2023-08-31,-0.07020884214338304,0.27558833531964166,-0.014685612171888351,893,0.03471444568868981,0.10526315789473684,0.8600223964165733,0.08850674441945713,0.15871558656284016,0.7527776696955971,high
2023-09-01,-0.08122648171604992,0.29771519493935983,-0.02082490362226963,897,0.033444816053511704,0.11928651059085842,0.8472686733556298,0.09368731628910305,0.17491379800515297,0.7313988854030901,high
2023-09-04,-0.0758687444677894,0.2717525894497,-0.013016230426728725,2686,0.02531645569620253,0.10573343261355175,0.8689501116902457,0.0831885322977318,0.1590572767655212,0.7577541905648768,high
2023-09-05,-0.0791749826601396,0.28864575427522876,-0.018049057573080063,900,0.03666666666666667,0.10333333333333333,0.86,0.08730536748965581,0.16648035014979543,0.7462142807928225,high
2023-09-06,-0.08234484777219493,0.2783681213889453,-0.015372194349765778,888,0.02702702702702703,0.11936936936936937,0.8536036036036037,0.08340458970764433,0.16574943747983928,0.7508459705104297,high
2023-09-07,-0.08682285382686175,0.28925029885346626,-0.017892977222800255,932,0.02575107296137339,0.1148068669527897,0.8594420600858369,0.08536493968640259,0.17218779351326433,0.7424472654757965,high
2023-09-08,-0.09171026294826869,0.30040011446371107,-0.014389801770448685,881,0.03064699205448354,0.12372304199772985,0.8456299659477866,0.08623299788668853,0.17794326083495723,0.7358237419628393,high
2023-09-11,-0.0764264745537952,0.28283762268819485,-0.012403108179569244,2631,0.029646522234891677,0.11250475104522994,0.8578487267198783,0.08671314266968004,0.16313961722347525,0.7501472400643671,high
2023-09-12,-0.07771392621044289,0.29334886922063,-0.014484573155641556,937,0.03948772678762007,0.12166488794023479,0.8388473852721452,0.08686720256235454,0.16458112877279743,0.7485516677225921,high
2023-09-13,-0.06927634027560015,0.2740209396584673,-0.013706490397453308,925,0.03135135135135135,0.10486486486486486,0.8637837837837837,0.08735770325705006,0.1566340435326502,0.7560082537378814,high
2023-09-14,-0.0646154344689263,0.2811656908112815,-0.008936088532209396,920,0.03369565217391304,0.10326086956521739,0.8630434782608696,0.09161031460490726,0.15622574907383355,0.7521639392954176,high
2023-09-15,-0.07811135332478254,0.28422853199243564,-0.010818393900990486,926,0.032397408207343416,0.11447084233261338,0.8531317494600432,0.0860933166738503,0.16420466999863284,0.7497020122508637,high
2023-09-18,-0.07606332772984367,0.2692966493608987,-0.01579701155424118,2682,0.02647278150633855,0.10029828486204326,0.8732289336316182,0.08218855137077676,0.15825187910062044,0.7595595684337259,high
2023-09-19,-0.07279739027848843,0.2771675334143251,-0.017021695151925087,937,0.03415154749199573,0.10885805763073639,0.8569903948772679,0.0907201568060331,0.16351754708452151,0.7457622957705116,high
2023-09-20,-0.09841443244816069,0.2872134817354615,-0.019524283707141876,935,0.02459893048128342,0.1358288770053476,0.839572192513369,0.07901034481962894,0.17742477726778963,0.743564876001627,high
2023-09-21,-0.0704147193352206,0.30032077449353695,-0.017426427453756332,949,0.04320337197049526,0.11591148577449947,0.8408851422550052,0.09538314869535107,0.16579786803057167,0.738818980998765,high
2023-09-22,-0.062120989713237026,0.27668090883534563,-0.012249693274497986,1007,0.03574975173783516,0.10427010923535253,0.8599801390268124,0.09247505870511775,0.15459604841835478,0.7529288905801284,high
2023-09-25,-0.09519213301060962,0.28535060609050755,-0.02016470953822136,2563,0.02614124073351541,0.12329301599687865,0.8505657432696059,0.08256550859045811,0.17775764160106775,0.7396768478795136,high
2023-09-26,-0.11618334946304477,0.2941345319620834,-0.029140994884073734,910,0.03076923076923077,0.14725274725274726,0.8219780219780219,0.07700375102532024,0.19318710048836502,0.7298091500137861,high
2023-09-27,-0.10176671303942168,0.30535207181459956,-0.019990867003798485,921,0.03257328990228013,0.14332247557003258,0.8241042345276873,0.08653925436404286,0.18830596740346456,0.7251547779726122,high
2023-09-28,-0.10219300122921948,0.30585487881616774,-0.018515300005674362,965,0.029015544041450778,0.14507772020725387,0.8259067357512954,0.08548737594886766,0.18768037717808714,0.7268322453848592,high
2023-09-29,-0.07562923715317105,0.2706300231392779,-0.015400461852550507,947,0.025343189017951427,0.10982048574445617,0.8648363252375924,0.08132067532303183,0.15694991247620288,0.7617294138952413,high
2023-10-02,-0.0692039359779927,0.274250645126435,-0.01699373684823513,2754,0.029048656499636893,0.10021786492374728,0.8707334785766159,0.08833414656799976,0.15753808254599247,0.7541277706663658,high
2023-10-03,-0.08848696042681205,0.29408197260719593,-0.016872543841600418,919,0.025027203482045703,0.12840043525571274,0.8465723612622416,0.08468869884860204,0.1731756592754141,0.7421356412654051,high
2023-10-04,-0.08407014587438588,0.27918926910638336,-0.018718786537647247,916,0.024017467248908297,0.1222707423580786,0.8537117903930131,0.08376899344732733,0.1678391393217132,0.7483918673550003,high
2023-10-05,-0.08708866342279946,0.29063078328710634,-0.017739223316311836,916,0.028384279475982533,0.12663755458515283,0.8449781659388647,0.08745348511678554,0.174542148539585,0.7380043649801976,high
2023-10-06,-0.0881449929129699,0.30745952919542907,-0.01969267427921295,965,0.035233160621761656,0.12642487046632125,0.8383419689119171,0.09010572448285982,0.17825071739582973,0.7316435566818621,high
2023-10-09,-0.08186235591200636,0.2828772029236649,-0.015052858740091324,2683,0.028326500186358555,0.12113306000745434,0.8505404398061871,0.08628021291135336,0.16814256882335973,0.7455772178773805,high
2023-10-10,-0.054017365942577264,0.28879022565974016,-0.010132113471627235,918,0.04357298474945534,0.10457516339869281,0.8518518518518519,0.10065985502764453,0.1546772209702218,0.7446629237302443,high
2023-10-11,-0.07245387430451687,0.28158069447826484,-0.022037215530872345,907,0.034178610804851156,0.10033076074972437,0.8654906284454245,0.08808640808908243,0.1605402823935993,0.7513733095599312,high
2023-10-12,-0.06817011244659697,0.2732939147138517,-0.010907309129834175,922,0.02928416485900217,0.10845986984815618,0.8622559652928417,0.08898999045124184,0.15716010289783883,0.7538499056549496,high
2023-10-13,-0.07606318557591216,0.2771798722141809,-0.021320175379514694,937,0.0288153681963714,0.10885805763073639,0.8623265741728922,0.08665294584041916,0.16271613141633132,0.7506309220310909,high
2023-10-16,-0.0633744421254811,0.24731739382515383,-0.015732087194919586,2639,0.021220159151193633,0.08601743084501705,0.8927624100037893,0.07927195823974781,0.1426464003652289,0.7780816411481646,high
2023-10-17,-0.09150081657650025,0.2772142166570232,-0.021649833768606186,892,0.02466367713004484,0.12443946188340807,0.850896860986547,0.08004456406851787,0.17154538064501812,0.7484100555516613,high
2023-10-18,-0.08415047752393506,0.27197166737844275,-0.017548080533742905,903,0.026578073089700997,0.11074197120708748,0.8626799557032115,0.0791872972529691,0.16333777477690417,0.7574749258455149,high
2023-10-19,-0.08481747820468308,0.29251468326976254,-0.019527552649378777,874,0.03775743707093822,0.12242562929061784,0.8398169336384439,0.08674827089066484,0.1715657490953479,0.7416859774826866,high
2023-10-20,-0.08498666864430818,0.28357654900104734,-0.013517793267965317,893,0.023516237402015677,0.11422172452407615,0.8622620380739082,0.0823691777325958,0.16735584637690398,0.7502749743918322,high
2023-10-23,-0.0748739321538114,0.26833250311876394,-0.015764624811708927,2642,0.031037093111279335,0.10257380772142316,0.8663890991672974,0.08273239703415375,0.15760632918796513,0.7596612739003772,high
2023-10-24,-0.0416728734573516,0.2583469248098,-0.007250722497701645,883,0.03284258210645526,0.07814269535673839,0.8890147225368064,0.08964176826803424,0.13131464172538584,0.7790435916224193,high
2023-10-25,-0.06117276533877428,0.27231957058690365,-0.01528894156217575,877,0.029646522234891677,0.09007981755986318,0.8802736602052451,0.0874428668398168,0.14861563217859108,0.7639414984541717,high
2023-10-26,-0.08216516306204528,0.30327561885993254,-0.015060922130942345,964,0.03734439834024896,0.1400414937759336,0.8226141078838174,0.09612151596229523,0.1782866790243405,0.7255918050949999,high
2023-10-27,-0.09132976088203269,0.28246826714526635,-0.022042032331228256,944,0.028601694915254237,0.12076271186440678,0.850635593220339,0.08065205953731122,0.17198182041934393,0.7473661191465523,high
2023-10-30,-0.07595230320909643,0.2697363644128066,-0.018231786787509918,2673,0.02319491208380097,0.10213243546576879,0.8746726524504302,0.08311840239267697,0.1590707056017734,0.7578108918853452,high
2023-10-31,-0.07118977393475188,0.27233980708271965,-0.016067102551460266,889,0.02699662542182227,0.09336332958380203,0.8796400449943758,0.08339945015657789,0.15458922409132977,0.7620113263036574,high
2023-11-01,-0.08721650715945879,0.28232722424338996,-0.02013090718537569,914,0.0262582056892779,0.11816192560175055,0.8555798687089715,0.08188695407979989,0.16910346123925868,0.7490095832421805,high
2023-11-02,-0.07679269541970918,0.2926042878296298,-0.020306382328271866,909,0.033003300330033,0.11771177117711772,0.8492849284928493,0.08978475858503492,0.1665774540047441,0.7436377860234827,high
2023-11-03,-0.07276909117031422,0.3025971455731563,-0.017206454649567604,902,0.045454545454545456,0.12749445676274945,0.8270509977827051,0.09714400985829548,0.1699131010286097,0.7329428896799419,high
2023-11-06,-0.0758542128776351,0.27563682362906133,-0.016159839928150177,2723,0.02791039294895336,0.10392948953360265,0.868160117517444,0.08511639844706222,0.1609706113246973,0.7539129897550547,high
2023-11-07,-0.08451499070838435,0.2700260471976314,-0.01326536014676094,919,0.023939064200217627,0.11207834602829161,0.8639825897714908,0.07776653069204228,0.16228152140042662,0.7599519469569538,high
2023-11-08,-0.09169630174855552,0.30233473156049834,-0.0171386506408453,930,0.034408602150537634,0.13548387096774195,0.8301075268817204,0.08792156602045702,0.17961786776901253,0.7324605653122548,high
2023-11-09,-0.09292536123817706,0.2958729280407966,-0.020382381975650787,920,0.030434782608695653,0.13369565217391305,0.8358695652173913,0.08317485212793817,0.17610021336611523,0.7407249332041196,high
2023-11-10,-0.0993928106769683,0.29550197056415,-0.027626648545265198,914,0.02954048140043764,0.1323851203501094,0.838074398249453,0.08355181005628498,0.1829446207332533,0.7335035725021878,high
2023-11-13,-0.08690412917336006,0.28472444108200995,-0.022294722497463226,2795,0.028264758497316637,0.118783542039356,0.8529516994633274,0.08435336554319679,0.17125749471655685,0.7443891403653488,high
2023-11-14,-0.08670297551526798,0.2660011052669008,-0.022493699565529823,908,0.025330396475770924,0.10242290748898679,0.8722466960352423,0.07878218123398,0.165485156749248,0.755732660068995,high
2023-11-15,-0.07325442478452858,0.29442288019070467,-0.017461988143622875,988,0.04251012145748988,0.11437246963562753,0.8431174089068826,0.09656929116232343,0.16982371594685203,0.7336069931604179,high
2023-11-16,-0.08479119245440431,0.2906343679160096,-0.02084319293498993,944,0.03072033898305085,0.11546610169491525,0.8538135593220338,0.08330420475557715,0.16809539720998146,0.7486004004535123,high
2023-11-17,-0.09384844533937947,0.2882838991588152,-0.023312038742005825,994,0.028169014084507043,0.12474849094567404,0.8470824949698189,0.08435059229185583,0.17819903763123532,0.737450373081689,high
2023-11-20,-0.06360605854810902,0.2678502128837231,-0.016941003501415253,2699,0.031493145609485,0.09447943682845499,0.87402741756206,0.08682592428765884,0.15043198283576786,0.762742092944033,high
2023-11-21,-0.08861431433360664,0.28618867329806436,-0.017125744372606277,985,0.02131979695431472,0.1218274111675127,0.8568527918781725,0.08356116888193688,0.17217548321554352,0.7442633490612361,high
2023-11-22,-0.06436121400012068,0.27814189380548093,-0.014355259016156197,945,0.03492063492063492,0.10052910052910052,0.8645502645502645,0.08708516117185354,0.15144637517197423,0.7614684647372948,high
2023-11-23,-0.05927514784729813,0.24906234166963878,-0.011731758713722229,1139,0.02019315188762072,0.08604038630377524,0.8937664618086041,0.07994985460697021,0.13922500245426836,0.7808251430569143,high
2023-11-24,-0.07534221958335048,0.24363124838637856,-0.022763192653656006,987,0.02127659574468085,0.0851063829787234,0.8936170212765957,0.07500262447777219,0.15034484406112267,0.7746525316101922,high
2023-11-27,-0.06667040559752363,0.26961470669601295,-0.016877517104148865,2480,0.03064516129032258,0.09919354838709678,0.8701612903225806,0.08792024098839911,0.15459064658592275,0.7574891143485963,high
2023-11-28,-0.05936552553063002,0.27960361196094896,-0.014593595638871193,967,0.04136504653567735,0.09824198552223372,0.860392967942089,0.09389024612569899,0.153255771656329,0.7528539823046515,high
2023-11-29,-0.07315225383887689,0.24766686462301696,-0.016919180750846863,930,0.02043010752688172,0.08494623655913978,0.8946236559139785,0.07574979866384178,0.14890205250271865,0.775348151451157,high
2023-11-30,-0.09606583858840168,0.2742942723278764,-0.018789460882544518,928,0.022629310344827586,0.11206896551724138,0.865301724137931,0.08016225513660927,0.17622809372501094,0.7436096536794452,high
2023-12-01,-0.0826810713383635,0.2761826045162599,-0.022385237738490105,918,0.03159041394335512,0.11655773420479303,0.8518518518518519,0.08478430437262947,0.16746537571099296,0.7477503181323572,high
2023-12-04,-0.07338221993956114,0.27647421077246226,-0.016219737008213997,2638,0.02843062926459439,0.10803639120545869,0.8635329795299469,0.08429589007054035,0.15767811001010149,0.7580259990538778,high
2023-12-05,-0.08181596843776508,0.2753694365052876,-0.011697262525558472,936,0.028846153846153848,0.11645299145299146,0.8547008547008547,0.08321144303573598,0.16502741147350106,0.7517611480568751,high
2023-12-06,-0.07409426492931243,0.3130376742510868,-0.01804325357079506,927,0.04638619201725998,0.11326860841423948,0.8403451995685005,0.09772856910426687,0.1718228340335793,0.73044859798386,high
2023-12-07,-0.050431800834507164,0.2989286499087716,-0.01242721825838089,933,0.04930332261521972,0.09431939978563773,0.8563772775991425,0.10259650891351275,0.15302830974801993,0.7443751812176849,high
2023-12-08,-0.0676221672289636,0.2557588711941388,-0.014382301829755306,914,0.02188183807439825,0.0962800875273523,0.8818380743982495,0.08060636794850784,0.14822853517747145,0.7711650975042428,high
2023-12-11,-0.06756265846106835,0.2646456023581126,-0.016095047816634178,2748,0.027656477438136828,0.09788937409024745,0.8744541484716157,0.0857110177592091,0.15327367622027746,0.7610153045432081,high
2023-12-12,-0.0737257903578776,0.28735799874361284,-0.01850072294473648,911,0.03951701427003293,0.11964873765093303,0.8408342480790341,0.09349620192384288,0.1672219922817205,0.7392818050399733,high
2023-12-13,-0.0676414899047993,0.28199889845001186,-0.010696658864617348,972,0.033950617283950615,0.10596707818930041,0.8600823045267489,0.09173029824591207,0.15937178815071137,0.7488979133815646,high
2023-12-14,-0.06684719390164055,0.3015944563128984,-0.010283812880516052,986,0.04259634888438134,0.11663286004056796,0.8407707910750507,0.10096045640064875,0.1678076503022893,0.7312318930387285,high
2023-12-15,-0.08310022532464342,0.2832931458773309,-0.018297748640179634,940,0.030851063829787233,0.1202127659574468,0.8489361702127659,0.08564112806454935,0.16874135338919277,0.7456175195013589,high
2023-12-18,-0.061470766871480176,0.25819446843173843,-0.016105636954307556,2753,0.02869596803487105,0.08863058481656375,0.8826734471485652,0.08347576510978479,0.14494653198126498,0.7715777028690316,high
2023-12-19,-0.07575574719087015,0.28416305403196757,-0.01626917812973261,924,0.027056277056277056,0.10822510822510822,0.8647186147186147,0.08861307082123232,0.16436881801210246,0.7470181107448487,high
2023-12-20,-0.08094629251686146,0.3006312684122521,-0.01065337099134922,996,0.030120481927710843,0.12751004016064257,0.8423694779116466,0.09102708466882148,0.17197337718568292,0.7369995369710567,high
2023-12-21,-0.10119733117203224,0.3065860805723652,-0.02859459165483713,956,0.032426778242677826,0.13493723849372385,0.8326359832635983,0.08828259158390477,0.189479922755937,0.7222374849212375,high
2023-12-22,-0.059897242072467966,0.2588944842706075,-0.010245904326438904,943,0.022269353128313893,0.088016967126193,0.8897136797454931,0.08428996251866396,0.1441872045911319,0.7715228344624899,high
2023-12-25,-0.07523853020305096,0.2680545385702548,-0.01617359183728695,3036,0.025691699604743084,0.1044137022397892,0.8698945981554678,0.08183193348095984,0.1570704636840108,0.7610976027437684,high
2023-12-26,-0.08001002273486986,0.2644149849282223,-0.02211659774184227,659,0.01669195751138088,0.10166919575113809,0.881638846737481,0.07998028704797643,0.15999030978284629,0.7600294022887312,high
2023-12-27,-0.06282127875514248,0.27820397254514523,-0.018473094329237938,930,0.03870967741935484,0.1,0.8612903225806452,0.09425841506911062,0.1570796938242531,0.7486618925306585,high
2023-12-28,-0.05074427158935515,0.2716431755570075,-0.012763211503624916,932,0.04291845493562232,0.09227467811158799,0.8648068669527897,0.09473716511387106,0.14548143670322622,0.7597813987025248,high
2023-12-29,-0.08061892990616326,0.25979953761396596,-0.01388852670788765,882,0.018140589569160998,0.10884353741496598,0.873015873015873,0.07763322287180002,0.15825215277796328,0.7641146241343008,high
2024-01-01,-0.053947155224002216,0.2552722331439749,-0.013694342225790024,2667,0.029996250468691414,0.08586426696662917,0.8841394825646794,0.08734869967236764,0.14129585489636984,0.7713554458689876,high
2024-01-02,-0.05857823249171885,0.2659813351825278,-0.01173416431993246,892,0.03811659192825112,0.08856502242152467,0.8733183856502242,0.08900368955474965,0.1475819220464685,0.7634143865209975,high
2024-01-03,-0.07746426599136914,0.27695717072309006,-0.01571395993232727,914,0.028446389496717725,0.1137855579868709,0.8577680525164114,0.08633695913812948,0.16380122512949863,0.7498618157996227,high
2024-01-04,-0.06315776583965002,0.25810387585636285,-0.01685101632028818,938,0.029850746268656716,0.08635394456289978,0.8837953091684435,0.0830381213948488,0.14619588723449883,0.7707659893317708,high
2024-01-05,-0.0647773146772538,0.2741035113063515,-0.016672153025865555,943,0.03711558854718982,0.0975609756097561,0.865323435843054,0.08855961795999004,0.15333693263724382,0.7581034509044373,high
2024-01-08,-0.08712889549473816,0.2732347562505066,-0.021509120240807533,2756,0.023947750362844702,0.1081277213352685,0.8679245283018868,0.07814917311576534,0.1652780686105035,0.7565727586038843,high
2024-01-09,-0.06718830262001041,0.2916576151934701,-0.013171639293432236,914,0.0350109409190372,0.1137855579868709,0.8512035010940919,0.09283502060864976,0.16002332322866017,0.747141655124887,high
2024-01-10,-0.07010842293703448,0.2671719329019997,-0.015037382952868938,938,0.026652452025586353,0.09594882729211088,0.8773987206823027,0.08510272455876315,0.15521114749579765,0.7596861271302837,high
2024-01-11,-0.061227592642502486,0.28670383984213577,-0.016921725124120712,971,0.04016477857878476,0.10607621009268794,0.8537590113285273,0.09320873950908284,0.15443633215158534,0.752354926896789,high
2024-01-12,-0.0787642657211641,0.2840256185956115,-0.01646026223897934,943,0.026511134676564158,0.11452810180275716,0.8589607635206787,0.0854462835155546,0.16421054923671868,0.7503431664398562,high
2024-01-15,-0.07906327741116995,0.25700590234675946,-0.015689583495259285,2607,0.01802838511699271,0.10088224012274645,0.8810893747602608,0.07449942143790432,0.15356269884907425,0.7719378806164793,high
2024-01-16,-0.07477601239218507,0.25401751727930844,-0.014926861971616745,911,0.019758507135016465,0.09330406147091108,0.8869374313940724,0.0759948423443082,0.15077085473649326,0.7732343038995919,high
2024-01-17,-0.06856602061046954,0.27132437528049086,-0.01173376850783825,922,0.03253796095444685,0.10412147505422993,0.8633405639913232,0.08572567841583568,0.1542916990263052,0.7599826241932293,high
2024-01-18,-0.061297026368554115,0.28476426215322553,-0.011775897815823555,958,0.03653444676409186,0.09498956158663883,0.8684759916492694,0.09399464398443637,0.1552916703529905,0.7507136842101766,high
2024-01-19,-0.056287836580175894,0.2775692325825806,-0.004537835717201233,951,0.026288117770767613,0.09253417455310199,0.8811777076761304,0.09060719830192603,0.14689503488210193,0.7624977676287983,high
2024-01-22,-0.05637575990530728,0.2764622892968056,-0.012644931674003601,2710,0.04059040590405904,0.0985239852398524,0.8608856088560886,0.09257913475368186,0.14895489465898915,0.7584659696487895,high
2024-01-23,-0.06456747502944249,0.27242510546644966,-0.013804461807012558,936,0.030982905982905984,0.10363247863247864,0.8653846153846154,0.08639191010714166,0.15095938513658416,0.7626487069950304,high
2024-01-24,-0.05201232022918854,0.27791600838983876,-0.006159614771604538,964,0.04045643153526971,0.09854771784232365,0.8609958506224067,0.09594154368827111,0.14795386391745965,0.7561045918020486,high
2024-01-25,-0.07042000790815331,0.3132732553618586,-0.010706117376685143,952,0.04096638655462185,0.11869747899159663,0.8403361344537815,0.099156880659783,0.1695768885679363,0.7312662294584507,high
2024-01-26,-0.08752989487254322,0.2980390850104273,-0.01830866187810898,919,0.029379760609358,0.12404787812840043,0.8465723612622416,0.08653058501525951,0.17406047988780274,0.7394089317952522,high
2024-01-29,-0.06283672727616242,0.27210657048386017,-0.010705672204494476,2774,0.03208363374188897,0.10598413842826243,0.8619322278298486,0.0895805383727583,0.15241726564892072,0.7580021961210074,high
2024-01-30,-0.029794364657073497,0.2985309922740573,-0.00045536458492279053,996,0.05421686746987952,0.08835341365461848,0.857429718875502,0.10932159604949794,0.13911596070657145,0.751562443279463,high
2024-01-31,-0.07741936263230503,0.31433736552616,-0.015143059194087982,995,0.044221105527638194,0.12864321608040202,0.8271356783919598,0.09786073839965852,0.17528010103196354,0.7268591618230894,high
2024-02-01,-0.08405265514888428,0.2955757063254518,-0.01762785203754902,934,0.033190578158458245,0.12633832976445397,0.8404710920770878,0.0907588148702981,0.17481147001918237,0.7344297160149195,high
2024-02-02,-0.03929915197252906,0.2714409281138198,-0.004645440727472305,974,0.037987679671457907,0.08316221765913757,0.8788501026694046,0.09871011614766989,0.13800926812019895,0.7632806148471835,high
2024-02-05,-0.06612950581295246,0.272204520516427,-0.012150035239756107,2750,0.028363636363636365,0.10036363636363636,0.8712727272727273,0.0886869018216702,0.15481640763462268,0.7564966893792152,high
2024-02-06,-0.049961217727763886,0.28549617038611225,-0.009581344202160835,947,0.04118268215417107,0.09186906019007392,0.866948257655755,0.09491888989734738,0.14488010762511125,0.7602010003046192,high
2024-02-07,-0.07002921191064253,0.2987107060026146,-0.008891701698303223,973,0.03597122302158273,0.1171634121274409,0.8468653648509764,0.09569697247871714,0.16572618438935965,0.7385768422297941,high
2024-02-08,-0.05488152998345808,0.2867589143625443,-0.008376920595765114,1066,0.04221388367729831,0.0975609756097561,0.8602251407129456,0.09928102517372965,0.15416255515718774,0.7465564208472144,high
2024-02-09,-0.0262672856845627,0.26630271058296184,-0.0063287802040576935,963,0.04569055036344756,0.07061266874350987,0.8836967808930426,0.10367635615423383,0.12994364183879653,0.7663800023062888,high
2024-02-12,-0.042173319338183794,0.26041251812992855,-0.009695194661617279,2817,0.0362087326943557,0.07738729144479943,0.8864039758608449,0.09354087373193513,0.13571419307011892,0.7707449332931611,high
2024-02-13,-0.060538044938159445,0.29224455015164663,-0.010223615914583206,999,0.043043043043043044,0.10810810810810811,0.8488488488488488,0.09648108770474195,0.1570191326429014,0.7464997785033526,high
2024-02-14,-0.04826780737818207,0.2853037370782444,-0.004789099097251892,907,0.03858875413450937,0.09481808158765159,0.8665931642778391,0.09896384970651571,0.1472316570846978,0.7538044920258938,high
2024-02-15,-0.054037090694312985,0.3071819327170895,-0.005705434828996658,1013,0.04738400789733465,0.10365251727541955,0.8489634748272458,0.10390794773375558,0.15794503842806856,0.7381470140404374,high
2024-02-16,-0.04610407242315645,0.27218840408554956,-0.0038273297250270844,1019,0.03532875368007851,0.09322865554465162,0.8714425907752699,0.096998985201921,0.14310305762507744,0.7598979563705469,high
2024-02-19,-0.05239505191483418,0.2673611481520537,-0.005925610661506653,2791,0.032246506628448586,0.0881404514510928,0.8796130419204586,0.09042715201263134,0.1428222039274655,0.7667506434702769,high
2024-02-20,-0.05804776263145101,0.2876819141781946,-0.013024937361478806,981,0.040774719673802244,0.09887869520897044,0.8603465851172273,0.09511312808192104,0.15316089071337205,0.7517259848853772,high
2024-02-21,-0.05687139053255188,0.297642445783446,-0.004523094743490219,1016,0.03740157480314961,0.10433070866141732,0.8582677165354331,0.09635867424883081,0.15323006478138268,0.7504112580763616,high
2024-02-22,-0.04115321542323328,0.2885000353212006,-0.0038345390930771828,1076,0.047397769516728624,0.10966542750929369,0.8429368029739777,0.10828528853936543,0.14943850396259872,0.7422762071249875,high
2024-02-23,-0.02978954712716586,0.2644910131965903,-0.005417410284280777,1024,0.044921875,0.0693359375,0.8857421875,0.10023475103344026,0.13002429816060612,0.7697409499978676,high
2024-02-26,-0.04753075211145471,0.2646021448040637,-0.0067931534722447395,2724,0.03267254038179148,0.0855359765051395,0.881791483113069,0.09152614428879209,0.1390568964002468,0.7694169587446117,high
2024-02-27,-0.031054809593903457,0.31356695392663675,-0.0001024436205625534,974,0.055441478439425054,0.10061601642710473,0.8439425051334702,0.11718269531448702,0.1482375049083905,0.7345797977634003,high
2024-02-28,-0.05047941083426322,0.2834743459207617,-0.006537046283483505,987,0.040526849037487336,0.0972644376899696,0.8622087132725431,0.09939670907531648,0.1498761199095797,0.7507271747847428,high
2024-02-29,-0.040900488668691594,0.28383286610091807,-0.0012873709201812744,980,0.03979591836734694,0.09285714285714286,0.8673469387755102,0.10268827586919449,0.14358876453788608,0.7537229591742994,high
2024-03-01,-0.030623417278926885,0.31226948806842303,0.0032250024378299713,989,0.06066734074823053,0.10010111223458039,0.839231547017189,0.11766613916003336,0.14828955643896025,0.7340443015486544,high
2024-03-04,-0.03779196055604041,0.29128129028551675,-0.0030011534690856934,2841,0.05279831045406547,0.10172474480816614,0.8454769447377684,0.10687699439777708,0.14466895495381749,0.7484540515361287,high
2024-03-05,-0.046860015607474395,0.3048847412484363,-0.0027792956680059433,973,0.047276464542651594,0.11921891058581706,0.8335046248715313,0.10693169860714877,0.15379171421462315,0.7392765872854307,high
2024-03-06,-0.037476179927316784,0.2928062488576214,-0.0013388991355895996,977,0.04605936540429888,0.09416581371545547,0.8597748208802457,0.10378208320288554,0.14125826313020232,0.7549596534243107,high
2024-03-07,-0.03841611142860542,0.3061537998422312,-0.0023941779509186745,994,0.05533199195171026,0.09356136820925554,0.8511066398390342,0.10924001854340315,0.14765612997200858,0.7431038518143926,high
2024-03-08,-0.026379851387246227,0.29907233962911,0.005556654185056686,1139,0.053555750658472345,0.09394205443371378,0.8525021949078139,0.11358745350020825,0.13996730488745449,0.7464452426180676,high
2024-03-11,-0.053082927951946315,0.2967512557733461,-0.005406402051448822,2895,0.0459412780656304,0.11157167530224525,0.8424870466321244,0.10241932128917985,0.15550224924112618,0.7420784291240269,high
2024-03-12,-0.07252023464741664,0.2875244384357468,-0.01352626085281372,955,0.03769633507853403,0.12146596858638743,0.8408376963350785,0.0964840544377946,0.16900428908521123,0.7345116546406796,high
2024-03-13,-0.044745620778905086,0.28033299643587406,-0.004247219301760197,988,0.04251012145748988,0.10323886639676114,0.854251012145749,0.09957543333430552,0.1443210541132106,0.7561035127537362,high
2024-03-14,-0.06795765845280016,0.3046487258473111,-0.011973497457802296,1022,0.04500978473581213,0.11545988258317025,0.8395303326810176,0.09701393100792094,0.1649715894607211,0.7380144790948574,high
2024-03-15,-0.07124550383166942,0.3160284675652443,-0.002036411315202713,1019,0.03925417075564279,0.1364082433758587,0.8243375858684985,0.1005329408914114,0.17177844472308082,0.7276886141053799,high
2024-03-18,-0.05981362058239227,0.2850940819598015,-0.00851091742515564,2750,0.034545454545454546,0.10436363636363637,0.8610909090909091,0.09391620127213272,0.153729821854525,0.7523539765321395,high
2024-03-19,-0.06198461766093894,0.2932810598511236,-0.014616269618272781,989,0.03741152679474216,0.10414560161779575,0.8584428715874621,0.09605816413419598,0.15804278179513492,0.7458990554629445,high
2024-03-20,-0.04171847557545109,0.260714954289381,-0.00336410291492939,968,0.03512396694214876,0.08161157024793389,0.8832644628099173,0.09308483917843396,0.13480331475388505,0.772111841768011,high
2024-03-21,-0.05358222911574489,0.3076344075296603,-0.004608098417520523,1003,0.053838484546360914,0.12163509471585245,0.8245264207377866,0.10768657239759387,0.16126880151333875,0.7310446255793006,high
2024-03-22,-0.04933195398330809,0.29402892325113794,-0.001239866018295288,986,0.04462474645030426,0.10344827586206896,0.8519269776876268,0.10308176456737138,0.15241371855067948,0.7445045139840814,high
2024-03-25,-0.061907133296020884,0.2764280517097403,-0.010287228971719742,2747,0.03421914816163087,0.09683290862759374,0.8689479432107754,0.09008912516986353,0.15199625846588444,0.7579146159340197,high
2024-03-26,-0.06224104797077035,0.2850738565073141,-0.006720731966197491,930,0.03870967741935484,0.10215053763440861,0.8591397849462366,0.0910985577856541,0.15333960575642444,0.7555618376401003,high
2024-03-27,-0.04260129847239324,0.30111038737602264,-0.0014226995408535004,973,0.050359712230215826,0.09969167523124357,0.8499486125385406,0.10760912686473434,0.15021042533712758,0.7421804486074219,high
2024-03-28,-0.07368212078451879,0.2744034052452967,-0.010156333446502686,965,0.022797927461139896,0.10880829015544041,0.8683937823834197,0.08474826308285789,0.15843038386737668,0.7568213535887744,high
2024-03-29,-0.06655915191270954,0.2754537988919248,-0.015524536371231079,960,0.03333333333333333,0.09895833333333333,0.8677083333333333,0.08765090763675593,0.15421005954946546,0.7581390353530878,high
2024-04-01,-0.06320041421124135,0.274478400931194,-0.010530730709433556,2780,0.03237410071942446,0.10251798561151079,0.8651079136690647,0.09059233291061233,0.15379274712185367,0.755614919433866,high
2024-04-02,-0.05900227788268441,0.2946196024549552,-0.00848338007926941,939,0.046858359957401494,0.10969116080937168,0.8434504792332268,0.1003047065111125,0.15930698439379692,0.7403883087876252,high
2024-04-03,-0.07206519763849573,0.3271058731451686,-0.014614030718803406,943,0.051961823966065745,0.1325556733828208,0.8154825026511134,0.1043542814134864,0.17641947905198213,0.7192262387236982,high
2024-04-04,-0.045320109411009724,0.2978213810108534,-0.0025232378393411636,980,0.05,0.10408163265306122,0.8459183673469388,0.10832109535017945,0.15364120476118917,0.7380376996814596,high
2024-04-05,-0.07898915407772597,0.30523953331943543,-0.01960594952106476,985,0.03553299492385787,0.12791878172588833,0.8365482233502538,0.09711668579862807,0.17610583987635403,0.7267774744224049,high
2024-04-08,-0.06304703850917513,0.28049502735863957,-0.013526419177651405,2744,0.036078717201166184,0.10386297376093294,0.8600583090379009,0.09289800114189777,0.1559450396510729,0.7511569595313291,high
2024-04-09,-0.05595503236395133,0.2933651411816694,-0.010843128897249699,964,0.044605809128630707,0.10269709543568464,0.8526970954356846,0.09957160558396974,0.15552663794792107,0.744901756466177,high
2024-04-10,-0.0634390068429157,0.30144011902667917,-0.011391980573534966,997,0.04212637913741224,0.10631895687061184,0.8515546639919759,0.09926838904746257,0.16270739589037828,0.7380242165955252,high
2024-04-11,-0.07973946497253878,0.29374717692841984,-0.01485234871506691,955,0.033507853403141365,0.1162303664921466,0.8502617801047121,0.09138408458513739,0.17112354955767617,0.7374923680787077,high
2024-04-12,-0.06330363856512951,0.2733526574830492,-0.011530064046382904,983,0.03153611393692777,0.09766022380467955,0.8708036622583927,0.09083905049039777,0.15414268905552728,0.7550182596534976,high
2024-04-15,-0.07771518225539174,0.29161435541909125,-0.014129497110843658,2785,0.0348294434470377,0.11813285457809695,0.8470377019748654,0.09138683502042341,0.16910201727581517,0.7395111479948624,high
2024-04-16,-0.08934765833027122,0.28767358980704294,-0.017941556870937347,927,0.021574973031283712,0.12189859762675297,0.8565264293419633,0.08319236959020297,0.17254002792047418,0.7442676022039986,high
2024-04-17,-0.07119167553781929,0.29914411754845954,-0.015542251989245415,976,0.0389344262295082,0.11475409836065574,0.8463114754098361,0.09729961023644972,0.168491285774269,0.7342091051319645,high
2024-04-18,-0.06717980618446008,0.2945853993510693,-0.013599488884210587,973,0.041109969167523124,0.12024665981500514,0.8386433710174718,0.0995268904219237,0.1667066966063838,0.7337664137848051,high
2024-04-19,-0.12052491857432172,0.31676703405282797,-0.030422315001487732,1021,0.03330068560235064,0.16552399608227228,0.801175318315377,0.08861864357502597,0.20914356214934768,0.7022377940097296,high
2024-04-22,-0.09944203180662445,0.2999370166486018,-0.017602945677936077,2830,0.02862190812720848,0.13745583038869258,0.833922261484099,0.08536157916520488,0.18480361097182935,0.7298348093253985,high
2024-04-23,-0.04916602963501526,0.27434731724758415,-0.008799506351351738,976,0.039959016393442626,0.08811475409836066,0.8719262295081968,0.09669225663423812,0.1458582862692534,0.7574494551269902,high
2024-04-24,-0.07571328685526893,0.32052278375395105,-0.013610521331429482,941,0.053134962805526036,0.14027630180658873,0.8065887353878852,0.10706334447688111,0.18277663133215005,0.7101600213049576,high
2024-04-25,-0.06961600539383446,0.3063341294328583,-0.010798119008541107,949,0.044257112750263436,0.11064278187565858,0.845100105374078,0.09731313385936903,0.1669291392532035,0.7357577273584863,high
2024-04-26,-0.05191365752939947,0.2839279315263368,-0.007186409085988998,1041,0.037463976945244955,0.10662824207492795,0.8559077809798271,0.09954244374654521,0.1514561012759447,0.7490014532414568,high
2024-04-29,-0.06746742831105453,0.2782337719705289,-0.010546739213168621,2592,0.02854938271604938,0.10841049382716049,0.8630401234567902,0.08802739709197474,0.15549482540302928,0.7564777767948266,high
2024-04-30,-0.04537349438528818,0.28410259909922325,-0.005645100027322769,955,0.041884816753926704,0.09738219895287958,0.8607329842931937,0.09848070779074158,0.14385420217602976,0.7576650914272869,high
2024-05-01,-0.06130596559904959,0.31424453679160885,-0.008899403735995293,1008,0.050595238095238096,0.12301587301587301,0.8263888888888888,0.10907361890551531,0.1703795845045649,0.7205467962951858,high
2024-05-02,-0.06099487385578704,0.28667883219326384,-0.009832989424467087,981,0.0417940876656473,0.10499490316004077,0.8532110091743119,0.09548054644068994,0.15647542029647699,0.7480440332110929,high
2024-05-03,-0.07172985893800508,0.3046233458096891,-0.01902102120220661,988,0.04757085020242915,0.11336032388663968,0.8390688259109311,0.10079034790161032,0.1725202068396154,0.7266894446870666,high
2024-05-06,-0.06278704888588235,0.27810275204283486,-0.01061459630727768,2739,0.0321285140562249,0.10478276743336984,0.8630887185104053,0.09087658653973543,0.15366363542561778,0.7554597787119723,high
2024-05-07,-0.06204297801194618,0.2933976891366539,-0.0131133534014225,967,0.04033092037228542,0.10961737331954498,0.8500517063081696,0.09803488651712376,0.16007786452906994,0.7418872464020595,high
2024-05-08,-0.0663943870100551,0.33125040564834357,-0.0054129380732774734,936,0.0438034188034188,0.12393162393162394,0.8322649572649573,0.10334789080686596,0.16974227781692106,0.7269098322448504,high
2024-05-09,-0.08079769060418199,0.28849416655453813,-0.011830353178083897,944,0.036016949152542374,0.1228813559322034,0.8411016949152542,0.08958009036032925,0.17037778096451126,0.7400421271538677,high
2024-05-10,-0.0787351743959523,0.3072745120567708,-0.012459772638976574,954,0.039832285115303984,0.1320754716981132,0.8280922431865828,0.09680447443407927,0.17553964883003156,0.7276558752115074,high
2024-05-13,-0.058637621919087925,0.2669345200062583,-0.013783709146082401,2482,0.026994359387590653,0.09145850120870266,0.8815471394037067,0.08901172171787364,0.14764934363696156,0.7633389349322163,high
2024-05-14,-0.03968477273225749,0.2773428988658166,-0.004616573452949524,847,0.04132231404958678,0.08146399055489964,0.8772136953955135,0.09984149630516856,0.13952626903742604,0.7606322375536316,high
2024-05-15,-0.041320487281448236,0.2790371356214541,-0.0063429176807403564,874,0.04462242562929062,0.08581235697940504,0.8695652173913043,0.1016128666270567,0.14293335390850492,0.7554537790083674,high
2024-05-16,-0.05795881167316463,0.2753352699570403,-0.012547921389341354,909,0.0374037403740374,0.1078107810781078,0.8547854785478548,0.09484935711917639,0.15280816879234102,0.7523424753732775,high
2024-05-17,-0.05236269952502745,0.2664142981764583,-0.010154186747968197,822,0.038929440389294405,0.0851581508515815,0.8759124087591241,0.09067455963560192,0.14303725916062937,0.7662881797002833,high
2024-05-20,-0.06038975483090042,0.2878872560768352,-0.008473630994558334,2464,0.03936688311688312,0.10430194805194805,0.8563311688311688,0.09626680935918983,0.15665656419009025,0.7470766270961068,high
2024-05-21,-0.05304980563423968,0.2758137136049851,-0.008603569120168686,852,0.03873239436619718,0.09389671361502347,0.8673708920187794,0.09362996918883856,0.14667977482307826,0.7596902554535565,high
2024-05-22,-0.048815074983010055,0.2754920525238751,-0.007830027490854263,891,0.04152637485970819,0.08978675645342311,0.8686868686868687,0.09575118746934616,0.1445662624523562,0.7596825494020174,high
2024-05-23,-0.052505878322527455,0.29286586743147763,-0.00023158080875873566,930,0.04086021505376344,0.0967741935483871,0.8623655913978494,0.09677660324140101,0.14928248156392845,0.7539409150379479,high
2024-05-24,-0.056870720241414874,0.2484687594823676,-0.006940837949514389,855,0.019883040935672516,0.09005847953216374,0.8900584795321638,0.08311805767361184,0.1399887779150267,0.7768931632371325,high
2024-05-27,-0.06506374634087941,0.25863420987612523,-0.012516885995864868,2649,0.027935069837674593,0.09815024537561344,0.873914684786712,0.08351591763885748,0.14857966397973688,0.7679044196741475,high
2024-05-28,-0.03991048192406298,0.2864432516135882,-0.007243070751428604,814,0.04914004914004914,0.09213759213759214,0.8587223587223587,0.10260545062267333,0.1425159325467363,0.7548786172876707,high
2024-05-29,-0.03479987764571849,0.27480300565516086,0.0011697625741362572,936,0.03632478632478633,0.08974358974358974,0.8739316239316239,0.09905800607919088,0.13385788372490937,0.7670841077362529,high
2024-05-30,-0.054749093749585316,0.2812363132765727,-0.004705607891082764,935,0.03529411764705882,0.10374331550802139,0.8609625668449198,0.09491292440536667,0.14966201815495198,0.7554250573490393,high
2024-05-31,-0.06578507241688333,0.29603219335989056,-0.011160831898450851,890,0.033707865168539325,0.10224719101123596,0.8640449438202247,0.09538926118513925,0.1611743336020226,0.74343640411461,high
2024-06-03,-0.048831446345491795,0.2569554550362732,-0.004626043140888214,2519,0.03017070265978563,0.0853513298928146,0.8844779674473998,0.08996088556100885,0.13879233190650064,0.7712467837562609,high
2024-06-04,-0.060234615180848376,0.279766131430284,-0.008337246254086494,900,0.03666666666666667,0.10333333333333333,0.86,0.09084481607812146,0.15107943125896983,0.7580757540692058,high
2024-06-05,-0.03977063424422669,0.26540206326326954,-0.0017102686688303947,914,0.03282275711159737,0.08971553610503283,0.8774617067833698,0.09361112728374613,0.13338176152797282,0.7730071101871603,high
2024-06-06,-0.03322850296343116,0.2591137053199391,-0.004876349121332169,914,0.03938730853391685,0.07221006564551423,0.888402625820569,0.0969709919284646,0.13019949489189578,0.7728295114504773,high
2024-06-07,-0.04264401338894989,0.2704410761027101,-0.004603691399097443,861,0.041811846689895474,0.08246225319396051,0.875725900116144,0.09836106832949369,0.1410050817184436,0.760633851417733,high
2024-06-10,-0.06213043939916196,0.2741850827547953,-0.013917513191699982,2468,0.03606158833063209,0.09278768233387358,0.8711507293354943,0.0911400735829587,0.15327051298212066,0.7555894130664293,high
2024-06-11,-0.054777400112134056,0.26878074877651076,-0.006610337644815445,867,0.02768166089965398,0.09573241061130335,0.8765859284890427,0.08965609042401476,0.14443349053614882,0.7659104178147229,high
2024-06-12,-0.05551312056597692,0.2824339572035566,-0.0062688980251550674,937,0.03948772678762007,0.10458911419423693,0.855923159018143,0.09941607235265913,0.15492919291863605,0.7456547340940736,high
2024-06-13,-0.045381619625001604,0.27722083395864644,-0.0034182127565145493,931,0.03866809881847476,0.09452201933404941,0.8668098818474759,0.09758694446820737,0.142968564093209,0.7594444889027053,high
2024-06-14,-0.04638119307833411,0.29226250620763394,-0.003154229372739792,1081,0.04717853839037928,0.09898242368177614,0.8538390379278445,0.10092654369106373,0.14730773676939785,0.7517657204600918,high
2024-06-17,-0.05098296372992681,0.2859293078554624,-0.003024652600288391,2555,0.0410958904109589,0.10136986301369863,0.8575342465753425,0.09870852734018737,0.14969149107011417,0.7515999807792109,high
2024-06-18,-0.02867859047762101,0.28615083961535487,0.001643279567360878,864,0.04513888888888889,0.08449074074074074,0.8703703703703703,0.10551713048793047,0.1341957209655515,0.760287148252785,high
2024-06-19,-0.052129976692139306,0.28062020380193364,-0.008150791749358177,824,0.03640776699029126,0.09466019417475728,0.8689320388349514,0.09594839368438239,0.1480783703765217,0.755973235898407,high
2024-06-20,-0.013523334462785938,0.2716703243760221,0.002335650846362114,934,0.05139186295503212,0.0728051391862955,0.8758029978586723,0.11013012260549584,0.12365345706828178,0.7662164223394347,high
2024-06-21,-0.06098660817683562,0.2907427284323378,-0.011444330215454102,1128,0.040780141843971635,0.11436170212765957,0.8448581560283688,0.09571615173002533,0.15670275990686094,0.7475810882945856,high
2024-06-24,-0.061117256942720986,0.27352990738898847,-0.007613822817802429,2412,0.028606965174129355,0.09742951907131012,0.8739635157545605,0.0885577840179554,0.14967504096067638,0.7617671759451614,high
2024-06-25,-0.04666574044894642,0.3314342519653603,0.0005991440266370773,849,0.06595995288574794,0.1166077738515901,0.817432273262662,0.11780595987787289,0.1644717003268193,0.7177223410946618,high
2024-06-26,-0.012347303142371448,0.2882282672200707,0.00013911724090576172,988,0.06072874493927125,0.07692307692307693,0.8623481781376519,0.11800091757593668,0.13034822071830815,0.7516508594830238,high
2024-06-27,-0.08247324256344038,0.3133787487707552,-0.01876942068338394,871,0.04477611940298507,0.13662456946039037,0.8185993111366245,0.09774277935683488,0.18021602192027528,0.7220412003160823,high
2024-06-28,-0.047364459848599584,0.27218260647906284,-0.008896838873624802,1131,0.038903625110521665,0.08488063660477453,0.8762157382847038,0.09660411883634701,0.14396857868494659,0.7594273009186794,high
2024-07-01,-0.06384135614194504,0.2934906381379683,-0.010823976248502731,2512,0.041401273885350316,0.1070859872611465,0.8515127388535032,0.09390202445622421,0.15774338059816925,0.7483545944137665,high
2024-07-02,-0.06992846998277448,0.31112672885410486,-0.014493033289909363,883,0.0464326160815402,0.1087202718006795,0.8448471121177803,0.10110228750612144,0.17103075748889593,0.7278669573079757,high
2024-07-03,-0.04238355216211713,0.2798529854168222,-0.004703046754002571,1008,0.03869047619047619,0.09325396825396826,0.8680555555555556,0.10016105257322096,0.1425446047353381,0.7572943437585814,high
2024-07-04,-0.05702039333284373,0.2611724754410095,-0.0026998724788427353,948,0.02531645569620253,0.09071729957805907,0.8839662447257384,0.08474784161706891,0.14176823494991264,0.7734839203551349,high
2024-07-05,-0.06560904316584144,0.2986207402021187,-0.010415187105536461,1118,0.03935599284436494,0.11180679785330948,0.8488372093023255,0.09528805225777685,0.1608970954236183,0.7438148525151989,high
2024-07-08,-0.060818272924834785,0.2806694006357129,-0.009343758225440979,2252,0.03285968028419183,0.10879218472468917,0.8583481349911191,0.09272575936115597,0.15354403228599076,0.7537302085650063,high
2024-07-09,-0.047452615309102004,0.27226477802782567,-0.004873793572187424,893,0.032474804031354984,0.08958566629339305,0.8779395296752519,0.09271836325146617,0.14017097856056818,0.7671106598754012,high
2024-07-10,-0.06147262523419836,0.2990710271142864,-0.00956302136182785,957,0.042842215256008356,0.11494252873563218,0.8422152560083594,0.09868078450784243,0.1601534097420408,0.7411658056352829,high
2024-07-11,-0.05655173664812107,0.30817063739859124,-0.011584536172449589,964,0.0487551867219917,0.10995850622406639,0.8412863070539419,0.10636139398148955,0.16291313062961063,0.7307254770844093,high
2024-07-12,-0.05997997983672937,0.30210422534899883,-0.006987590342760086,1008,0.03869047619047619,0.11210317460317461,0.8492063492063492,0.10161274414886498,0.16159272398559435,0.7367945316484168,high
2024-07-15,-0.06318779715833447,0.28578433557503496,-0.015220507979393005,2635,0.03870967741935484,0.10929791271347249,0.8519924098671727,0.09603396004394574,0.1592217572022802,0.7447442829753829,high
2024-07-16,-0.031550177879741084,0.2697632455183542,-0.0011371336877346039,884,0.04638009049773756,0.08257918552036199,0.8710407239819005,0.09992203237151735,0.13147221025125844,0.7686057561835721,high
2024-07-17,-0.04361928391389348,0.3006487583823301,-0.003534715622663498,853,0.05627198124267292,0.10550996483001172,0.8382180539273154,0.11074552553130482,0.1543648094451983,0.734889665076996,high
2024-07-18,-0.06591224205295536,0.3017857984105696,-0.011777158826589584,937,0.042689434364994665,0.11846318036286019,0.8388473852721452,0.09783021694351397,0.16374245899646933,0.7384273266696084,high
2024-07-19,-0.07660237149378196,0.29365165523073605,-0.011642027646303177,1111,0.036003600360036005,0.12061206120612061,0.8433843384338434,0.0890544337617832,0.16565680525556514,0.7452887614080758,high
2024-07-22,-0.08984361001385724,0.293148337920955,-0.016973474994301796,2696,0.026706231454005934,0.1279673590504451,0.8453264094955489,0.08541337195238048,0.17525698196623773,0.7393296457438809,high
2024-07-23,-0.07129533516366271,0.2866397853674464,-0.00900149717926979,741,0.0310391363022942,0.11336032388663968,0.8556005398110661,0.09011317992409472,0.16140851508775744,0.7484783031996566,high
2024-07-24,-0.0627203038777854,0.3032881154167434,-0.009130552411079407,925,0.04432432432432432,0.10918918918918918,0.8464864864864865,0.09976389959756587,0.16248420347535128,0.7377518982863104,high
2024-07-25,-0.07437448219644789,0.2946834273328459,-0.014794668182730675,944,0.03177966101694915,0.1260593220338983,0.8421610169491526,0.0915368525508665,0.1659113347473144,0.7425518146463497,high
2024-07-26,-0.04889442126949628,0.28913001492966706,-0.006572403013706207,1125,0.04622222222222222,0.10133333333333333,0.8524444444444444,0.10128946332385143,0.15018388459334772,0.748526652748386,high
2024-07-29,-0.0545117080881051,0.2798036104122531,-0.008142830803990364,2482,0.03908138597904915,0.10556003223207092,0.8553585817888799,0.0957255169111743,0.15023722499927938,0.7540372588666491,high
2024-07-30,-0.07536927370117541,0.3074168768703154,-0.013176672160625458,951,0.04206098843322818,0.1167192429022082,0.8412197686645636,0.0971294382301117,0.1724987119312871,0.7303718480317766,high
2024-07-31,-0.03580423747390928,0.3054981226287566,0.0010201428085565567,924,0.05844155844155844,0.10173160173160173,0.8398268398268398,0.11270185521082123,0.1485060926847305,0.7387920533250453,high
2024-08-01,-0.044077097236654386,0.32073598935906084,-0.006617323495447636,940,0.059574468085106386,0.1148936170212766,0.825531914893617,0.11522034628940944,0.15929744352606381,0.7254822080717125,high
2024-08-02,-0.10643716134048004,0.33746111250727856,-0.015315661206841469,988,0.038461538461538464,0.16295546558704455,0.798582995951417,0.09367175721978158,0.2001089185602616,0.70621932383819,high
2024-08-05,-0.0947766732391425,0.3231688761027411,-0.012377241626381874,2816,0.03870738636363636,0.15092329545454544,0.8103693181818182,0.0971035861374813,0.1918802593766238,0.7110161553457808,high
2024-08-06,-0.08322158097303348,0.34473676703926565,-0.015522979199886322,1009,0.06045589692765114,0.1565906838453915,0.7829534192269574,0.11225163132068586,0.19547321229371933,0.6922751567561855,high
2024-08-07,-0.10110361358412534,0.3379005369037842,-0.020656727254390717,968,0.04338842975206612,0.16012396694214875,0.7964876033057852,0.09892733809239931,0.20003095167652465,0.7010417089187578,high
2024-08-08,-0.06910415776833215,0.31424182235913045,-0.009681880474090576,969,0.04437564499484004,0.11764705882352941,0.8379772961816305,0.100480284526948,0.16958444229528016,0.7299352706697365,high
2024-08-09,-0.05282456956511172,0.2861571229171495,-0.006804671138525009,1063,0.036688617121354655,0.10348071495766697,0.8598306679209784,0.0994216502729106,0.1522462198380223,0.7483321288136217,high
2024-08-12,-0.0582557851977493,0.2731887013191881,-0.012199077755212784,2624,0.038490853658536585,0.09527439024390244,0.866234756097561,0.09404088212276536,0.15229666732051467,0.753662450891769,high
2024-08-13,-0.08893686152284139,0.2702566358643301,-0.027274389751255512,970,0.026804123711340205,0.10515463917525773,0.8680412371134021,0.07983449496252021,0.1687713564853616,0.7513941480826164,high
2024-08-14,-0.07111259480912166,0.27835188271886613,-0.010771594010293484,926,0.03131749460043196,0.11123110151187905,0.857451403887689,0.08866817169404362,0.15978076650316528,0.7515510621341851,high
2024-08-15,-0.040032564031395504,0.30573163694431715,-0.003415435552597046,997,0.0641925777331996,0.09729187562688064,0.8385155466399198,0.11342869797598201,0.1534612620073775,0.7331100402880038,high
2024-08-16,-0.0344504501544158,0.28053172879243937,-0.004485718905925751,987,0.04559270516717325,0.08814589665653495,0.8662613981762918,0.10595414822679598,0.14040459838121178,0.7536412532145974,high
2024-08-19,-0.051612461621860756,0.2769002059839966,-0.0042704083025455475,2645,0.034026465028355386,0.09716446124763706,0.8688090737240075,0.09435716424302844,0.1459696258648892,0.7596732093031837,high
2024-08-20,-0.05206540066716429,0.2750465007132121,-0.004655804485082626,919,0.036996735582154515,0.09793253536452666,0.8650707290533188,0.0917315201902756,0.1437969208574399,0.764471557044036,high
2024-08-21,-0.05809122494100823,0.27740202815858306,-0.007792924530804157,934,0.033190578158458245,0.10171306209850108,0.8650963597430407,0.09319733676143645,0.15128856170244467,0.7555141032332399,high
2024-08-22,-0.04992491613957724,0.2805944831026346,-0.007142025977373123,933,0.03751339764201501,0.09003215434083602,0.872454448017149,0.09678325848104902,0.14670817462062624,0.7565085676389907,high
2024-08-23,-0.03282437575315173,0.26650052901586774,-0.0014799125492572784,1077,0.0436397400185701,0.07985143918291551,0.8765088207985144,0.10021372193067629,0.13303809768382802,0.7667481815969933,high
2024-08-26,-0.05180757832808107,0.2611926719179949,-0.0060533881187438965,2705,0.03031423290203327,0.08650646950092422,0.8831792975970425,0.08931518213999029,0.14112276046807135,0.7695620578140461,high
2024-08-27,-0.04095531519977872,0.2635830052929472,-0.004997052252292633,807,0.03841387856257745,0.08302354399008674,0.8785625774473358,0.09490096095783228,0.135856276157611,0.7692427590992555,high
2024-08-28,-0.07150471537535516,0.30900338188121274,-0.013042384758591652,980,0.04081632653061224,0.12857142857142856,0.8306122448979592,0.09749319634010674,0.16899791171546188,0.7335088946001262,high
2024-08-29,-0.09429560427276817,0.3272328834980982,-0.015880722552537918,988,0.04757085020242915,0.1548582995951417,0.7975708502024291,0.09995017785188716,0.19424578212465532,0.7058040391849844,high
2024-08-30,-0.06366550144025034,0.28178050455812714,-0.01342957466840744,1082,0.029574861367837338,0.10536044362292052,0.8650646950092421,0.0917520737602563,0.15541757520050664,0.7528303498419453,high
2024-09-02,-0.07338467734606165,0.2655123365560506,-0.014368180185556412,2801,0.024277043912888253,0.10424848268475545,0.8714744734023563,0.08204321387569363,0.15542789122175527,0.7625288947364691,high
2024-09-03,-0.08183585926510241,0.32444294372581206,-0.013786543160676956,637,0.04866562009419152,0.13657770800627944,0.814756671899529,0.09793573444244251,0.17977159370754492,0.7222926724012034,high
2024-09-04,-0.09744887224498015,0.3187602872503577,-0.024520717561244965,1030,0.038834951456310676,0.13203883495145632,0.829126213592233,0.09186963866808388,0.18931851091306404,0.7188118509252022,high
2024-09-05,-0.07715209565144412,0.29494817269539353,-0.015024141408503056,980,0.03163265306122449,0.12346938775510204,0.8448979591836735,0.09471298223503923,0.17186507788648334,0.733421938835016,high
2024-09-06,-0.07771404568013791,0.3017210497180126,-0.017111684195697308,1132,0.037102473498233215,0.12632508833922262,0.8365724381625441,0.093278315496654,0.17099236117679192,0.7357293217617347,high
2024-09-09,-0.07948454498081543,0.2826408601247901,-0.017618970945477486,2543,0.03067243413291388,0.11049941014549744,0.8588281557215887,0.08569427870501109,0.16517882368582654,0.7491268976531099,high
2024-09-10,-0.06750266396704512,0.29627739519744845,-0.01424294151365757,868,0.03686635944700461,0.10944700460829493,0.8536866359447005,0.09347747404542472,0.16098013801246985,0.7455423862570338,high
2024-09-11,-0.07353072119135551,0.2800536886984855,-0.01804925873875618,867,0.03229527104959631,0.11418685121107267,0.8535178777393311,0.09056921546146565,0.16409993665282116,0.7453308483605051,high
2024-09-12,-0.06823749489802329,0.299064959525031,-0.013416454195976257,865,0.03930635838150289,0.12023121387283237,0.8404624277456647,0.09622172053278871,0.164459215430812,0.7393190638178346,high
2024-09-13,-0.05359437114531451,0.29048058085858236,-0.007891055196523666,1010,0.040594059405940595,0.10792079207920792,0.8514851485148515,0.09927242166307376,0.15286679280838827,0.7478607856345796,high
2024-09-16,-0.05532349986825524,0.2801427680249523,-0.008102367632091045,2708,0.03581979320531758,0.09601181683899557,0.8681683899556869,0.09539513005699654,0.15071862992525178,0.7538862411019446,high
2024-09-17,-0.06403871624932242,0.2560448408218392,-0.012682799249887466,1085,0.026728110599078342,0.09400921658986175,0.8792626728110599,0.08808334030528565,0.1521220565546081,0.7597946040916004,high
2024-09-18,-0.043133628926399416,0.28611385088129365,-0.00897070113569498,724,0.04834254143646409,0.08977900552486189,0.861878453038674,0.10363084210844412,0.14676447103484352,0.7496046861942384,high
2024-09-19,-0.09000013401845888,0.3002096398614028,-0.02663953509181738,980,0.036734693877551024,0.12755102040816327,0.8357142857142857,0.09193132512594517,0.18193145914440403,0.7261372157258494,high
2024-09-20,-0.05841403521141011,0.27424640349776064,-0.010783374309539795,1404,0.037037037037037035,0.09472934472934473,0.8682336182336182,0.09492542296767426,0.15333945817908437,0.7517351200618381,high
2024-09-23,-0.04519838043034894,0.29263986325269464,-0.007556591182947159,2679,0.04591265397536394,0.09705113848450915,0.8570362075401269,0.1015115969658966,0.14670997739624553,0.7517784254499594,high
2024-09-24,-0.06141316009976436,0.2865394271092428,-0.008695412427186966,800,0.04125,0.11,0.84875,0.09773065471148584,0.1591438148112502,0.7431255292228889,high
2024-09-25,-0.05739329230743002,0.30132607072240164,-0.006351828575134277,721,0.044382801664355064,0.10263522884882108,0.8529819694868238,0.09830807710141357,0.15570136940884358,0.7459905536796242,high
2024-09-26,-0.04135800394701811,0.2864323328900757,-0.0056521836668252945,1136,0.043133802816901406,0.09242957746478873,0.8644366197183099,0.1043353654381911,0.1456933693852092,0.7499712655635576,high
2024-09-27,-0.04776908087423416,0.2857865425413145,-0.00691232830286026,1080,0.04537037037037037,0.09722222222222222,0.8574074074074074,0.1017399841764321,0.14950906505066625,0.7487509518016682,high
2024-09-30,-0.06768554560040456,0.28906882280987767,-0.010837387293577194,2667,0.03674540682414698,0.11136107986501688,0.8518935133108362,0.0933752636803034,0.16106080928070796,0.7455639275818237,high
2024-10-01,-0.07380459166802712,0.3031866134320313,-0.012112973257899284,908,0.037444933920704845,0.1277533039647577,0.8348017621145375,0.09718729711562346,0.17099188878365057,0.731820815862341,high
2024-10-02,-0.062274546389300724,0.3052796359459754,-0.009523161686956882,746,0.049597855227882036,0.1193029490616622,0.8310991957104558,0.10384035903034138,0.1661149054196421,0.7300447349838572,high
2024-10-03,-0.11201581473316305,0.3077705497457782,-0.022287245839834213,823,0.02916160388821385,0.15795868772782504,0.8128797083839611,0.0866274642729781,0.19864327900614115,0.714729257629571,high
2024-10-04,-0.09860158698250891,0.3090533215428176,-0.021969826892018318,1544,0.03756476683937824,0.14637305699481865,0.8160621761658031,0.09133874928341078,0.1899403362659197,0.7187209138405447,high
2024-10-07,-0.0704646883340417,0.2783148142243418,-0.01322454959154129,2571,0.03072734344612991,0.10385064177362893,0.8654220147802412,0.08758242960942482,0.15804711794346651,0.7543704525296997,high
2024-10-08,-0.033493768482765904,0.2727306154986229,-0.0022591855376958847,916,0.04475982532751092,0.07641921397379912,0.87882096069869,0.09865202686513518,0.13214579534790108,0.769202176542489,high
2024-10-09,-0.05701144674687453,0.3005495522827888,-0.01052325963973999,795,0.05157232704402516,0.1069182389937107,0.8415094339622642,0.10328068024824438,0.1602921269951189,0.7364271935040377,high
2024-10-10,-0.0738534117608405,0.2735663555557999,-0.014728325419127941,1034,0.02127659574468085,0.09961315280464217,0.879110251450677,0.08333625219000335,0.15718966395084383,0.7594740832038944,high
2024-10-11,-0.056368240307257865,0.2846119801995467,-0.007474567741155624,766,0.04308093994778068,0.10443864229765012,0.8524804177545692,0.09284341663569601,0.14921165694295388,0.7579449261842641,high
2024-10-14,-0.06282487356656682,0.2835606670519007,-0.008521467447280884,2947,0.034611469290804206,0.11028164234815066,0.8551068883610451,0.09356002995133157,0.1563849035178984,0.7500550672746904,high
2024-10-15,-0.04182829475769448,0.2755203697663832,-0.0053654927760362625,882,0.04421768707482993,0.08049886621315193,0.8752834467120182,0.09772836819582549,0.13955666295351998,0.7627149700142798,high
2024-10-16,-0.020494672502638492,0.26920948289313085,0.0005629286170005798,1035,0.0463768115942029,0.06763285024154589,0.8859903381642512,0.10659950230504579,0.12709417480768428,0.7663063229138148,high
2024-10-17,-0.04592851464762429,0.303442224985062,-0.007245611399412155,1029,0.05053449951409135,0.10787172011661808,0.8415937803692906,0.10773085169331238,0.1536593663409367,0.7386097848538465,high
2024-10-18,-0.040365236017188826,0.2827484074055274,-0.00516907125711441,1161,0.04909560723514212,0.08957795004306632,0.8613264427217916,0.10072027916661451,0.14108551518380333,0.758194207938181,high
2024-10-21,-0.039478904963205406,0.26773014596691824,-0.0011555738747119904,2630,0.037262357414448666,0.08098859315589353,0.8817490494296578,0.09569582558332627,0.13517473054653167,0.7691294442522322,high
2024-10-22,-0.04142053032152449,0.27252194065479063,-0.006186936050653458,790,0.039240506329113925,0.0810126582278481,0.879746835443038,0.0958184875984075,0.13723901791993198,0.7669424954754642,high
2024-10-23,-0.08091825759374373,0.296957197564695,-0.013173536397516727,970,0.030927835051546393,0.12164948453608247,0.8474226804123711,0.09157255800469712,0.17249081559844084,0.7359366265807262,high
2024-10-24,-0.05733325346852032,0.3063436531128971,-0.008188817650079727,1186,0.047217537942664416,0.11298482293423272,0.8397976391231029,0.1036804022187364,0.16101365568725673,0.735305943405397,high
2024-10-25,-0.053531838410670204,0.2885471059077093,-0.008225265890359879,834,0.045563549160671464,0.09832134292565947,0.8561151079136691,0.10008628901129932,0.15361812742196954,0.7462955841289864,high
2024-10-28,-0.03809830573534022,0.2684918737530222,-0.001959102228283882,2694,0.0400890868596882,0.08351893095768374,0.876391982182628,0.097212706720173,0.13531101245551322,0.7674762805911374,high
2024-10-29,-0.034944052784050876,0.3041342279227684,-0.0020751990377902985,856,0.053738317757009345,0.10630841121495327,0.8399532710280374,0.11211960006474787,0.14706365284879874,0.7408167473845636,high
2024-10-30,-0.030214086209216024,0.30649284088812295,-0.0007189707830548286,1210,0.05950413223140496,0.10413223140495868,0.8363636363636363,0.11499457819125623,0.14520866440047225,0.7397967580036252,high
2024-10-31,-0.06253009727942543,0.29996419436710625,-0.010421380400657654,999,0.043043043043043044,0.11311311311311312,0.8438438438438438,0.0995767423211857,0.16210683960061115,0.7383164193190344,high
2024-11-01,-0.07138697483784766,0.31929830779086543,-0.011036666110157967,1066,0.04596622889305816,0.12851782363977485,0.8255159474671669,0.10270939047813528,0.17409636531598294,0.7231942450183865,high
2024-11-04,-0.0640493328301359,0.27186414375988827,-0.010881725698709488,2574,0.028749028749028748,0.10101010101010101,0.8702408702408703,0.08867955615812016,0.15272888898825607,0.7585915540943462,high
2024-11-05,-0.03620790931960485,0.24680516457244356,0.0007037632167339325,609,0.03284072249589491,0.06896551724137931,0.8981937602627258,0.09020799442770935,0.1264159037473142,0.7833760980798057,high
2024-11-06,-0.03328311289031119,0.27067449754554346,-0.004149153828620911,1043,0.046021093000958774,0.08053691275167785,0.8734419942473634,0.0993566107003095,0.1326397235906207,0.7680036664609141,high
2024-11-07,-0.06622561706260209,0.301661557299064,-0.009238265454769135,741,0.033738191632928474,0.12685560053981107,0.8394062078272605,0.09869695904975136,0.16492257611235345,0.7363804630362071,high
2024-11-08,-0.06140650529116392,0.2833701327395522,-0.007295126095414162,1250,0.0416,0.1064,0.852,0.09335081214234232,0.15475731743350626,0.7518918714001774,high
2024-11-11,-0.044226042860373696,0.26465434708618657,-0.002690531313419342,2387,0.03602848764139087,0.08378718056137412,0.880184331797235,0.0945501100005848,0.1387761528609585,0.7666737386308358,high
2024-11-12,-0.02390448601149461,0.2712347286596375,-0.00021748803555965424,884,0.04751131221719457,0.06900452488687783,0.8834841628959276,0.10358459500825597,0.1274890810197506,0.7689263235158139,high
2024-11-13,-0.0590646325519292,0.27581681725060814,-0.00539742223918438,908,0.040748898678414094,0.1013215859030837,0.8579295154185022,0.08950586425241017,0.14857049680433937,0.7619236373518992,high
2024-11-14,-0.044835587853484266,0.2703557432584703,-0.00551963597536087,868,0.03917050691244239,0.08410138248847926,0.8767281105990783,0.09369135134282612,0.1385269391963104,0.767781709956031,high
2024-11-15,-0.0699600405803362,0.2793536524608105,-0.00738726370036602,1027,0.028237585199610515,0.11684518013631938,0.8549172346640701,0.08913288100694235,0.15909292158727853,0.7517741947945392,high
2024-11-18,-0.055847278462955126,0.27697219452120997,-0.011024121195077896,2703,0.03366629670736219,0.09914909359970403,0.8671846096929338,0.09444319286607303,0.15029047132902815,0.7552663369481205,high
2024-11-19,-0.048206979732157325,0.277339672621509,-0.008969573304057121,821,0.03532277710109622,0.0925700365408039,0.8721071863580999,0.09446968391977804,0.14267666365193538,0.7628536536386656,high
2024-11-20,-0.026996865507182548,0.28120663950066105,0.0028717778623104095,911,0.04500548847420417,0.08122941822173436,0.8737650933040615,0.10455221320480991,0.13154907871199245,0.763898707725901,high
2024-11-21,-0.04699912890570651,0.3229456378654396,-0.004034062847495079,884,0.05656108597285068,0.11538461538461539,0.8280542986425339,0.11218741030655632,0.15918653921226283,0.7286260497853227,high
2024-11-22,-0.04587647470124772,0.28922729313677525,-0.004728879779577255,1266,0.04028436018957346,0.10268562401263823,0.8570300157977883,0.10377144278946669,0.1496479174907144,0.7465806385313895,high
2024-11-25,-0.03669206498045396,0.28580361025781165,0.0003591887652873993,2268,0.043209876543209874,0.09126984126984126,0.8655202821869489,0.10239604199646005,0.139088106976914,0.7585158513253637,high
2024-11-26,-0.06701784478411325,0.2823114118004378,-0.011489154770970345,1149,0.03307223672758921,0.1061792863359443,0.8607484769364665,0.09373238839102087,0.16075023317513412,0.7455173792776282,high
2024-11-27,-0.027611905962283557,0.28417148871030157,0.00043629296123981476,884,0.04751131221719457,0.08597285067873303,0.8665158371040724,0.10581801924327751,0.13342992520556107,0.7607520540935995,high
2024-11-28,-0.041443668997584324,0.2635149075033275,-0.0063474904745817184,1030,0.038834951456310676,0.0825242718446602,0.8786407766990292,0.09423048815066085,0.13567415714824518,0.7700953534487815,high
2024-11-29,-0.04402192998883,0.2777367770372022,-0.004145719110965729,997,0.03811434302908726,0.10330992978936811,0.8585757271815446,0.09954105723750149,0.14356298722633148,0.7568959555940827,high
2024-12-02,-0.05106907269184224,0.2635171243245743,-0.006948418915271759,2247,0.029817534490431688,0.08589230084557187,0.8842901646639965,0.08933212058465309,0.14040119327649533,0.7702666855345488,high
2024-12-03,-0.04550854465333784,0.29882003566864185,-0.003070395439863205,907,0.04520396912899669,0.10363836824696802,0.8511576626240352,0.10256348479828718,0.148072029451625,0.749364484520475,high
2024-12-04,-0.04357126595375659,0.27358825325353203,-0.0030443239957094193,922,0.0368763557483731,0.09219088937093275,0.8709327548806941,0.10227736553233804,0.14584863148609464,0.751874002688635,high
2024-12-05,-0.03870448657293238,0.2712741917794607,-0.008114500902593136,918,0.0392156862745098,0.07734204793028322,0.883442265795207,0.09981318681210702,0.1385176733850394,0.7616691386148593,high
2024-12-06,-0.04175382345067891,0.2797479910446352,-0.005879458039999008,1159,0.0457290767903365,0.08886971527178603,0.8654012079378774,0.10408442117702907,0.14583824462770797,0.7500773373351619,high
2024-12-09,-0.043251943305582116,0.2907449405727016,-0.004219982773065567,2415,0.049689440993788817,0.10227743271221532,0.8480331262939959,0.10448538128838067,0.14773732459396277,0.74777729295225,high
2024-12-10,-0.05499232335102862,0.29839824975052587,-0.010165320709347725,902,0.04656319290465632,0.10643015521064302,0.8470066518847007,0.10169488339976071,0.15668720675078934,0.7416179134776845,high
2024-12-11,-0.04373650988127179,0.2711099215408204,-0.0052709393203258514,917,0.03816793893129771,0.08178844056706652,0.8800436205016358,0.09776370379324259,0.14150021367451437,0.7607360819259186,high
2024-12-12,-0.03444759521218553,0.2718051041452979,-0.0035568922758102417,907,0.044101433296582136,0.0782800441014333,0.8776185226019846,0.10082051436013266,0.1352681095723182,0.763911373818821,high
2024-12-13,-0.05113042402527038,0.3074263638156181,-0.006604306399822235,940,0.05106382978723404,0.10638297872340426,0.8425531914893617,0.10623618673800708,0.15736661076327746,0.7363972060620151,high
2024-12-16,-0.04268685632650185,0.272518937796492,-0.0025980211794376373,2725,0.04,0.0891743119266055,0.8708256880733944,0.09689460888282832,0.13958146520933018,0.7635239269495557,high
2024-12-17,-0.04674515092157552,0.26464580756116585,-0.0026201363652944565,884,0.03167420814479638,0.09049773755656108,0.8778280542986425,0.09283689389213903,0.13958204481371456,0.767581063813669,high
2024-12-18,-0.05689411456881438,0.2864927864847576,-0.007378600537776947,983,0.03763987792472025,0.1017293997965412,0.8606307222787386,0.09674956815626135,0.15364368272507573,0.7496067506724463,high
2024-12-19,-0.08718695467548132,0.31756073560651393,-0.021272435784339905,904,0.04314159292035398,0.14712389380530974,0.8097345132743363,0.09869702764893923,0.18588398232442055,0.7154189916245178,high
2024-12-20,-0.06247535270953554,0.28628446453763157,-0.017452526837587357,1142,0.03852889667250438,0.10507880910683012,0.8563922942206655,0.09668052813034968,0.15915588083988522,0.7441635917979839,high
2024-12-23,-0.052756461808281745,0.2624849811347504,-0.008872050791978836,2801,0.034630489111031774,0.08925383791503035,0.8761156729739379,0.09127189169389484,0.14402835350217658,0.7646997544996943,high
2024-12-24,-0.05087249801063752,0.268768901868371,-0.004616484045982361,1097,0.028258887876025523,0.0902461257976299,0.8814949863263446,0.09152217873490144,0.14239467674553896,0.7660831445412084,high
2024-12-25,-0.032302873275405146,0.2577735390857673,-0.0054797641932964325,843,0.03795966785290629,0.07236061684460261,0.8896797153024911,0.097536219847372,0.12983909312277714,0.7726246869591454,high
2024-12-26,-0.033285959339922386,0.2522721063076885,-0.004040677100419998,735,0.04081632653061224,0.07210884353741497,0.8870748299319728,0.0947795932428265,0.1280655525827489,0.7771548534458389,high
2024-12-27,-0.020024564344035784,0.2755054232546866,-0.007636711001396179,661,0.06505295007564296,0.07261724659606657,0.8623298033282905,0.11320690994408776,0.13323147428812354,0.753561616918909,high
2024-12-30,-0.061515741555473985,0.2676759961000787,-0.013189723715186119,2742,0.03282275711159737,0.09482129832239242,0.8723559445660102,0.088026653585499,0.149542395140973,0.7624309529549694,high
2024-12-31,-0.07246255009073611,0.2743325711471949,-0.013810373842716217,997,0.033099297893681046,0.10631895687061184,0.8605817452357071,0.0858658726580269,0.15832842274876302,0.7558057054787605,high
2025-01-01,-0.07956609143747376,0.31180964561184443,-0.013674434274435043,545,0.03853211009174312,0.12660550458715597,0.8348623853211009,0.09442394489439529,0.17399003633186905,0.7315860200912581,high
2025-01-02,-0.05757979376141505,0.2718988514762196,-0.012152567505836487,968,0.030991735537190084,0.09400826446280992,0.875,0.09182261390330593,0.149402407664721,0.7587749753974778,high
2025-01-03,-0.034464330111577825,0.2827416981748199,-0.0017355941236019135,1119,0.05183199285075961,0.08310991957104558,0.8650580875781948,0.10582920295162204,0.14029353306319986,0.7538772651524523,high
2025-01-06,-0.045841069053206174,0.27163674108360014,-0.01184258982539177,2427,0.04120313143798929,0.08323032550473836,0.8755665430572723,0.09419594723063582,0.140037016283842,0.765767036393426,high
2025-01-07,-0.04585898701449397,0.26865746924338796,-0.007808029651641846,921,0.03474484256243214,0.08686210640608034,0.8783930510314875,0.09137085093393614,0.1372298379484301,0.7713993126253449,high
2025-01-08,-0.07194267519330745,0.2753909161659105,-0.015750084072351456,1007,0.029791459781529295,0.10625620655412116,0.8639523336643495,0.08599724544234419,0.15793992063565163,0.7560628314651437,high
2025-01-09,-0.06844872619658512,0.28512168804280946,-0.01131507195532322,762,0.03543307086614173,0.11286089238845144,0.8517060367454068,0.09009764353705575,0.1585463697336409,0.7513559872621861,high
2025-01-10,-0.08047993220026892,0.310614386157571,-0.017054175958037376,1132,0.037102473498233215,0.1351590106007067,0.8277385159010601,0.09281927049892227,0.1732992026991912,0.7338815269837083,high
2025-01-13,-0.0633311996753974,0.2728687464840387,-0.011085637845098972,2406,0.029509559434746466,0.100166251039069,0.8703241895261845,0.0880688981817693,0.1514000978571667,0.7605310044710463,high
2025-01-14,-0.05056509477839193,0.2926008639412239,-0.0048261284828186035,887,0.03945885005636979,0.09808342728297632,0.8624577226606539,0.09783435902708412,0.14839945380547606,0.7537661867926009,high
2025-01-15,-0.05408682794905431,0.29803522199814675,-0.00903246272355318,970,0.04845360824742268,0.10309278350515463,0.8484536082474227,0.10332004146640832,0.15740686941546264,0.739273086906478,high
2025-01-16,-0.053314298270521934,0.28180619264706097,-0.014343734830617905,925,0.043243243243243246,0.0972972972972973,0.8594594594594595,0.09848274151819783,0.15179703978871978,0.7497202177929717,high
2025-01-17,-0.047197439234846685,0.2599570842306786,-0.006674051284790039,1147,0.036617262423714034,0.08369659982563209,0.8796861377506539,0.09330508158052601,0.1405025208153727,0.7661923976434816,high
2025-01-20,-0.05848313181448822,0.24388538605432386,-0.011873099952936172,2251,0.02132385606397157,0.08174144824522435,0.8969346956908041,0.08072233211657885,0.13920546393106709,0.7800722052192176,high
2025-01-21,-0.043639849722343124,0.24230562543844486,-0.009722720831632614,881,0.029511918274687854,0.06923950056753689,0.9012485811577753,0.08731463054992115,0.13095448027226428,0.7817308904474155,high
2025-01-22,-0.0369285707190979,0.28174662935290007,-0.002298858016729355,904,0.0420353982300885,0.08849557522123894,0.8694690265486725,0.10195550773564759,0.13888407845474549,0.7591604137447028,high
2025-01-23,-0.06253559279676404,0.254198749940835,-0.009691230952739716,883,0.022650056625141562,0.08946772366930918,0.8878822197055493,0.08191461356552919,0.14445020636229322,0.7736351783255522,high
2025-01-24,-0.04625345758918127,0.27685412478715105,-0.01200123131275177,1209,0.04714640198511166,0.08602150537634409,0.8668320926385442,0.09914220196893632,0.1453956595581176,0.7554621396153376,high
2025-01-27,-0.06357471520910744,0.2651897680065858,-0.007485482841730118,2380,0.02815126050420168,0.09411764705882353,0.8777310924369748,0.0864956962506232,0.15007041145973063,0.7634338916521989,high
2025-01-28,-0.04680504278978086,0.3026420508968059,-0.006282642483711243,943,0.053022269353128315,0.1007423117709438,0.8462354188759279,0.10873896026863368,0.15554400305841454,0.7357170371949072,high
2025-01-29,-0.05983783484224588,0.2949333439239343,-0.007512308657169342,927,0.03128371089536138,0.10895361380798274,0.8597626752966558,0.09635223314154014,0.156190067983786,0.7474576974068613,high
2025-01-30,-0.05561370603660101,0.2923165004579756,-0.009481418877840042,930,0.041935483870967745,0.1,0.8580645161290322,0.09546116236497157,0.15107486840157258,0.7534639703550486,high
2025-01-31,-0.04743795947677265,0.2940969881113891,-0.007168922573328018,923,0.04550379198266522,0.10184182015167931,0.8526543878656555,0.1036979372674682,0.15113589674424086,0.7451661652436364,high
2025-02-03,-0.0938304672569861,0.2996734422900137,-0.01705288328230381,2783,0.028386633129716135,0.13474667624865252,0.8368666906216313,0.08754082456963325,0.18137129182661935,0.7310878843158762,high
2025-02-04,-0.07376350377285784,0.30960746231466063,-0.011092077940702438,951,0.0452155625657203,0.12302839116719243,0.8317560462670873,0.10168595926456162,0.17544946303741946,0.7228645804826832,high
2025-02-05,-0.06572384797085924,0.29879426059955616,-0.005950670689344406,945,0.037037037037037035,0.11005291005291006,0.852910052910053,0.09378836838991711,0.15951221636077637,0.7466994158273178,high
2025-02-06,-0.042799200392549946,0.27386213959007605,-0.004663705825805664,945,0.04126984126984127,0.0835978835978836,0.8751322751322751,0.09739666198326087,0.14019586237581083,0.762407475112686,high
2025-02-07,-0.05800758036250462,0.2795450563036634,-0.007160227745771408,915,0.034972677595628415,0.10491803278688525,0.8601092896174863,0.09267223133079586,0.15067981169330047,0.756647956607446,high
2025-02-10,-0.05033700827342482,0.26999362840999125,-0.003941372036933899,2749,0.03492178974172426,0.09385230993088396,0.8712259003273918,0.09573470429331335,0.14607171256673818,0.7581935829183825,high
2025-02-11,-0.0675087308930889,0.27661568901340244,-0.010191235691308975,923,0.030335861321776816,0.11375947995666305,0.8559046587215602,0.08757239871053983,0.15508112960362874,0.7573464714446764,high
2025-02-12,-0.07164389796829986,0.3221780776830885,-0.011902833357453346,962,0.04365904365904366,0.1340956340956341,0.8222453222453222,0.10172628382368017,0.17337018179198002,0.7249035345305245,high
2025-02-13,-0.04913231793569221,0.2950592596715897,-0.0055319927632808685,974,0.049281314168377825,0.10164271047227925,0.8490759753593429,0.10466379340971367,0.15379611134540588,0.7415400965835371,high
2025-02-14,-0.039323889776698616,0.27151304302440465,-0.004795236513018608,1202,0.03993344425956739,0.07986688851913477,0.8801996672212978,0.09798599131864041,0.13730988109533904,0.7647041301072549,high
2025-02-17,-0.07294561474866604,0.29094807618621116,-0.014900654554367065,2561,0.034752049980476374,0.11089418196017181,0.8543537680593518,0.08879148338734813,0.16173709813601417,0.7494714183028103,high
2025-02-18,-0.059090459758565514,0.28159934898279326,-0.015489518642425537,759,0.039525691699604744,0.10540184453227931,0.855072463768116,0.09368060259896972,0.15277106235753524,0.7535483341281239,high
2025-02-19,-0.048492358615120995,0.29550120847533984,-0.0032531917095184326,911,0.04720087815587267,0.10098792535675083,0.8518111964873765,0.10284742185361397,0.15133978046873497,0.7458127957741136,high
2025-02-20,-0.08272165970793519,0.312737368324945,-0.014343786984682083,1297,0.04240555127216654,0.12875867386276021,0.8288357748650732,0.09625711679169958,0.17897877649963476,0.7247641086628633,high
2025-02-21,-0.06320330651919769,0.30284627591189556,-0.009722553193569183,509,0.05108055009823183,0.10019646365422397,0.8487229862475442,0.10071490798328504,0.16391821450248273,0.7353668806155913,high
2025-02-24,-0.07781029126895983,0.2737923386531782,-0.013804037123918533,1833,0.02673213311511184,0.10856519367157665,0.8647026732133115,0.08328497508287723,0.16109526635183705,0.755619758155768,high
2025-02-25,-0.08590741141833157,0.3024436997844265,-0.017990929074585438,932,0.034334763948497854,0.1223175965665236,0.8433476394849786,0.0907135129433581,0.17662092436168966,0.732665563595797,high
2025-02-26,-0.06881595471738604,0.2836433302688076,-0.012819498777389526,895,0.030167597765363128,0.10167597765363129,0.8681564245810056,0.09171632523518368,0.16053227995256972,0.747751394128583,high
2025-02-27,-0.05624684528003731,0.30340981474525924,-0.006168751046061516,944,0.048728813559322036,0.1059322033898305,0.8453389830508474,0.10392924198501949,0.1601760872650568,0.7358946735660893,high
2025-02-28,-0.09356075232890676,0.3028086013452905,-0.022954844869673252,928,0.029094827586206896,0.13254310344827586,0.8383620689655172,0.08882483965285716,0.1823855919817639,0.7287895667982882,high
2025-03-03,-0.07797601445861663,0.2734437192488976,-0.019427888095378876,2732,0.027086383601756955,0.10907759882869693,0.8638360175695461,0.08387636670694137,0.161852381165558,0.7542712513492394,high
2025-03-04,-0.07859336569489885,0.28880889148724637,-0.016395678743720055,982,0.03360488798370672,0.1109979633401222,0.8553971486761711,0.08880430186933662,0.16739766756423546,0.7437980306200122,high
2025-03-05,-0.06335498015781219,0.26878460027264245,-0.016898629255592823,992,0.034274193548387094,0.09375,0.8719758064516129,0.08885298027317115,0.15220796043098334,0.7589390613720752,high
2025-03-06,-0.06811229839560486,0.2838176825818195,-0.012960625812411308,806,0.03722084367245657,0.11042183622828784,0.8523573200992556,0.09274312180626407,0.16085542020186894,0.7464014598984207,high
2025-03-07,-0.09131967750330681,0.28257947282150214,-0.019844383001327515,1123,0.027604630454140695,0.1219946571682992,0.8504007123775601,0.08479001418623545,0.17610969168954227,0.7391002956406277,high
2025-03-10,-0.08927280717181287,0.27939449171277153,-0.02004171907901764,2475,0.025050505050505052,0.11838383838383838,0.8565656565656565,0.08234242993002437,0.17161523710183724,0.746042332645468,high
2025-03-11,-0.09083112446392437,0.30356471270625135,-0.017834056168794632,890,0.035955056179775284,0.12696629213483146,0.8370786516853933,0.08968996046309809,0.18052108492702246,0.7297889553994108,high
2025-03-12,-0.07686198646800647,0.289281339120542,-0.012285511940717697,894,0.03355704697986577,0.1174496644295302,0.8489932885906041,0.09228934997211417,0.16915133644012065,0.7385593133215986,high
2025-03-13,-0.07241595262506356,0.28931436710831177,-0.017337338998913765,900,0.035555555555555556,0.11666666666666667,0.8477777777777777,0.09265883510518405,0.1650747877302476,0.7422663788207703,high
2025-03-14,-0.07668512587828939,0.28286576689979875,-0.022437211126089096,973,0.03494347379239465,0.11408016443987667,0.8509763617677287,0.09118944914621001,0.1678745750244994,0.7409359755478838,high
2025-03-17,-0.08428881192667725,0.26491163222399533,-0.015827680006623268,2650,0.019622641509433963,0.11358490566037736,0.8667924528301887,0.07860441949798391,0.16289323142466117,0.758502349429676,high
2025-03-18,-0.07078735641781476,0.28177753878658307,-0.016792140901088715,790,0.02911392405063291,0.09873417721518987,0.8721518987341772,0.08827464172875957,0.15906199814657432,0.7526633584919044,high
2025-03-19,-0.0899745652307866,0.27688580552823155,-0.02257012203335762,891,0.030303030303030304,0.12008978675645342,0.8496071829405163,0.08341142496221629,0.17338599019300288,0.7432025859757472,high
2025-03-20,-0.09210861296695147,0.27601389813886973,-0.022504495456814766,1051,0.028544243577545196,0.11037107516650808,0.8610846812559467,0.08029308366003517,0.17240169662698665,0.7473052185574648,high
2025-03-21,-0.07994196284794793,0.2956110708712375,-0.018614486791193485,1202,0.03993344425956739,0.12063227953410982,0.8394342762063228,0.09223553029233017,0.17217749314027808,0.7355869739764245,high
2025-03-24,-0.06197676387147041,0.2659677875821764,-0.013125687837600708,2495,0.03286573146292585,0.09579158316633267,0.8713426853707414,0.08821634267828239,0.1501931065497528,0.7615905507936148,high
2025-03-25,-0.08885163356375833,0.2850591344377122,-0.0183376707136631,834,0.026378896882494004,0.11630695443645084,0.8573141486810552,0.08103319146330926,0.1698848250270676,0.749081984631342,high
2025-03-26,-0.0850986823090178,0.27879435243191186,-0.015336371958255768,669,0.016442451420029897,0.11509715994020926,0.8684603886397608,0.07745198892173323,0.16255067123075104,0.7599973382820864,high
2025-03-27,-0.09234912446729697,0.3137860988954635,-0.01620570197701454,1727,0.03705848291835553,0.14186450492182975,0.8210770121598147,0.09312022942240761,0.1854693538897046,0.721410417146269,high
2026-01-26,-0.20056721914142114,0.5990416643001303,-0.14867796003818512,232,0.1896551724137931,0.44396551724137934,0.36637931034482757,0.2249726666948469,0.42553988583626806,0.3494874520211256,high
2026-01-27,-0.18329267453794418,0.5906868793773676,-0.14180531725287437,76,0.18421052631578946,0.4342105263157895,0.3815789473684211,0.22769704093470386,0.410989715472648,0.3613132469503111,medium
2026-01-28,-0.2128653628629093,0.5875605401633988,-0.15110919438302517,76,0.17105263157894737,0.4473684210526316,0.3815789473684211,0.21133976852472283,0.42420513138763216,0.3644550998548144,medium
2026-01-29,-0.06307048667490268,0.5417564463783826,0.010272346436977386,139,0.20863309352517986,0.2805755395683453,0.5107913669064749,0.2331272658268861,0.29619775250178876,0.47067498222743864,high
2026-01-30,-0.03425899848336988,0.4152566347311081,0.026184329763054848,752,0.10372340425531915,0.17154255319148937,0.7247340425531915,0.15450982757759815,0.18876882606096804,0.6567213494674937,high
2026-02-02,-0.07536112715719517,0.3722657096209282,0.004181469790637493,268,0.06716417910447761,0.16791044776119404,0.7649253731343284,0.11085966138912838,0.18622078854632354,0.7029195503998937,high
