Date,Close,High,Low,Open,Volume
1993-01-29,24.24140167236328,24.258643067578333,24.13795330107297,24.258643067578333,1003200
1993-02-01,24.41382598876953,24.413825988769528,24.258653365959553,24.258653365959553,480500
1993-02-02,24.465543746948242,24.482785144937637,24.344853961022494,24.396578154990674,201300
1993-02-03,24.72416114807129,24.74140254357204,24.482781611060833,24.50002300656158,529400
1993-02-04,24.827613830566406,24.879338026046753,24.534510056177776,24.81037243207296,531500
1993-02-05,24.81036949157715,24.862093680927202,24.672438319976997,24.81036949157715,492100
1993-02-08,24.81036949157715,24.896576473827242,24.77588669867711,24.81036949157715,596100
1993-02-09,24.63795280456543,24.72415977728959,24.58622862093093,24.72415977728959,122100
1993-02-10,24.67243766784668,24.689679063840984,24.568989291880865,24.637954875858075,379600
1993-02-11,24.793121337890625,24.896569688396426,24.70691437913579,24.70691437913579,19500
1993-02-12,24.603477478027344,24.758650075996684,24.603477478027347,24.758650075996684,42500
1993-02-16,23.982791900634766,24.53451680417201,23.948309094163687,24.53451680417201,374800
1993-02-17,23.965538024902344,24.017262207689903,23.87933105358975,23.982779419164864,210900
1993-02-18,23.94830894470215,24.241412797877047,23.620722285271377,24.241412797877047,378100
1993-02-19,24.03450584411621,24.03450584411621,23.9138160730195,23.94829886476142,34900
1993-02-22,24.12071418762207,24.15519698131417,24.03450720339183,24.103472790776024,513600
1993-02-23,24.103458404541016,24.20690672387381,23.98276869865276,24.189665337318345,373700
1993-02-24,24.41382598876953,24.413825988769528,24.12072214568402,24.12072214568402,26300
1993-02-25,24.465543746948242,24.482785144937637,24.344853961022494,24.396578154990674,44500
1993-02-26,24.50002098083496,24.517262374910146,24.379331222308682,24.517262374910146,66200
1993-03-01,24.431072235107422,24.586244888682558,24.39658942320184,24.586244888682558,66500
1993-03-02,24.793121337890625,24.793121337890625,24.413810719369348,24.448293502871284,182400
1993-03-03,24.89657211303711,24.91381350646719,24.793123752456623,24.827606539316783,280100
1993-03-04,24.758644104003906,24.931058060159923,24.75864410400391,24.931058060159923,89500
1993-03-05,24.68967056274414,24.89656724343753,24.67242917268636,24.793118903090836,40000
1993-03-08,25.24140167236328,25.24140167236328,24.741401229399802,24.741401229399802,50800
1993-03-09,25.155202865600586,25.20692706614671,25.103478665054457,25.18968566596467,169300
1993-03-10,25.20691680908203,25.20691680908203,25.05174427058563,25.15519262958323,194400
1993-03-11,25.13795280456543,25.293125352741757,25.1034700160818,25.2241597757745,70900
1993-03-12,24.879350662231445,24.948316291232782,24.724177996978444,24.931074883982447,643600
1993-03-15,25.000022888183594,25.00002288818359,24.8620917274212,24.8620917274212,310800
1993-03-16,25.000022888183594,25.068988468564786,25.00002288818359,25.00002288818359,30800
1993-03-17,24.844860076904297,24.965549889907994,24.810377273188955,24.965549889907994,21800
1993-03-18,25.000022888183594,25.103471258755384,24.948298702897695,24.948298702897695,59300
1993-03-19,24.96219253540039,25.10077514489602,24.96219253540039,25.10077514489602,66900
1993-03-22,24.823604583740234,24.875573051117218,24.702344826527266,24.71966764898626,183400
1993-03-23,24.875587463378906,24.910233128369686,24.84094179838813,24.892910295874298,55200
1993-03-24,24.875587463378906,24.979524458351243,24.719681970920405,24.84094179838813,37200
1993-03-25,25.031503677368164,25.083472197113565,24.858275278216826,24.892920958047092,110100
1993-03-26,24.892915725708008,25.03149841589984,24.875592889434028,25.014175579625864,101500
1993-03-29,24.996843338012695,25.118103146305202,24.910229189232332,24.910229189232332,87100
1993-03-30,25.066129684448242,25.066129684448242,24.996838379169876,25.031484031809057,56000
1993-03-31,25.048809051513672,25.204714502041764,25.048809051513672,25.135423190695946,111600
1993-04-01,24.96219253540039,25.083452318709067,24.910224056839528,25.083452318709067,129500
1993-04-02,24.442502975463867,24.75431378592336,24.442502975463864,24.75431378592336,59400
1993-04-05,24.563756942749023,24.63304821762279,24.49446566787526,24.63304821762279,172200
1993-04-06,24.494474411010742,24.615734185322676,24.42518311140392,24.615734185322676,129700
1993-04-07,24.581104278564453,24.581104278564457,24.47716726258744,24.529135770575948,28000
1993-04-08,24.546463012695312,24.68504572554045,24.442525978061457,24.68504572554045,180800
1993-04-12,24.892915725708008,24.910238561981988,24.754333035516176,24.788978708064132,348500
1993-04-13,24.94486427307129,25.031478385130566,24.858250161012013,24.87557298342387,146100
1993-04-14,24.91021156311035,24.979502833105098,24.892888745611668,24.96218001560641,119600
1993-04-15,24.91021156311035,24.96218001560641,24.806274658118237,24.892888745611668,148600
1993-04-16,24.91021156311035,24.96218001560641,24.87556592811298,24.92753438060904,47900
1993-04-19,24.806276321411133,24.979504508013168,24.788953502750932,24.910213233372353,157000
1993-04-20,24.68502426147461,24.806284029776588,24.529118845086348,24.77163838169031,279500
1993-04-21,24.667705535888672,24.736996843573753,24.598414228203595,24.736996843573753,67900
1993-04-22,24.355884552001953,24.771632225720335,24.355884552001953,24.563758388861142,97700
1993-04-23,24.251943588256836,24.37320330619812,24.217297954559328,24.3039120388031,106000
1993-04-26,24.061403274536133,24.355891291575094,23.99211197640932,24.269277168916577,62600
1993-04-27,24.321237564086914,24.321237564086914,24.02674964486364,24.02674964486364,156800
1993-04-28,24.269296646118164,24.3385879998544,24.23465096925004,24.286619484552222,85900
1993-04-29,24.373214721679688,24.373214721679684,24.182663647096547,24.321246246793375,85000
1993-04-30,24.407875061035156,24.546457744135427,24.407875061035156,24.45984356719776,88500
1993-05-03,24.563756942749023,24.563756942749023,24.338560299409295,24.44249721171994,80500
1993-05-04,24.650386810302734,24.73700095931996,24.581095491088952,24.615741150695843,149100
1993-05-05,24.719688415527344,24.806302600585255,24.650397067481016,24.650397067481016,109000
1993-05-06,24.633056640625,24.70234793919216,24.615733815983212,24.68502511455037,54700
1993-05-07,24.581104278564453,24.650395622549134,24.546458606572116,24.650395622549134,68000
1993-05-10,24.633056640625,24.771639237759317,24.615733815983212,24.615733815983212,113900
1993-05-11,24.736988067626953,24.736988067626953,24.563759859870462,24.63305114297306,42600
1993-05-12,24.70234489440918,24.71966771691578,24.633053604382788,24.633053604382788,31000
1993-05-13,24.407875061035156,24.59842625029803,24.39055222564762,24.59842625029803,129100
1993-05-14,24.390546798706055,24.477160956371915,24.373223967172883,24.407869630239226,63500
1993-05-17,24.47715950012207,24.47715950012207,24.35589968660413,24.45983666961951,34000
1993-05-18,24.459835052490234,24.511803540562095,24.373220905703796,24.494480711204808,105200
1993-05-19,24.96219253540039,24.96219253540039,24.303925140296148,24.45983057597873,50200
1993-05-20,25.031503677368164,25.031503677368164,24.910243797962227,24.96221231770763,98200
1993-05-21,24.806276321411133,25.083441419974385,24.788953502750932,25.04879578265398,221400
1993-05-24,24.91021156311035,24.996825650603782,24.858243110614296,24.858243110614296,30500
1993-05-25,24.96219253540039,25.01416101396125,24.96219253540039,25.01416101396125,191800
1993-05-26,25.274005889892578,25.29132871778147,25.014163471559208,25.031486299448098,102400
1993-05-27,25.18739128112793,25.308651074090715,25.152745625995703,25.308651074090715,53800
1993-05-28,25.066129684448242,25.170066642365786,24.944869900211103,25.170066642365786,79100
1993-06-01,25.308656692504883,25.39527084956342,25.1181055469761,25.152751209799515,28300
1993-06-02,25.274005889892578,25.360620029337035,25.135423266781448,25.239360234114795,20300
1993-06-03,25.18739128112793,25.222036936260153,25.13542279842959,25.222036936260153,21600
1993-06-04,25.100788116455078,25.11811095159411,24.996851105620898,25.11811095159411,32000
1993-06-07,25.014158248901367,25.152740843078107,25.014158248901367,25.152740843078107,121400
1993-06-08,24.788957595825195,24.944862989509634,24.7889575958252,24.944862989509634,104500
1993-06-09,24.875587463378906,24.979524458351243,24.84094179838813,24.87558746337891,43300
1993-06-10,24.892915725708008,24.910238561981988,24.806301544338112,24.858270053160048,17900
1993-06-11,24.996843338012695,25.03148899752484,24.89290635947626,24.979520508256623,647400
1993-06-14,24.96219253540039,25.048806666335157,24.96219253540039,25.031483840148205,64200
1993-06-15,24.91021156311035,25.01414846810247,24.91021156311035,24.996825650603782,142400
1993-06-16,24.96219253540039,24.96219253540039,24.840932752091714,24.910224056839528,330900
1993-06-17,25.048809051513672,25.048809051513672,24.962194912331398,25.01416339584076,37400
1993-06-18,24.842531204223633,25.03443277953716,24.842531204223633,25.03443277953716,58500
1993-06-21,24.894882202148438,24.91232780985842,24.859990986728466,24.91232780985842,29300
1993-06-22,24.912307739257812,24.929753332912757,24.877416551947928,24.929753332912757,137500
1993-06-23,24.68552017211914,24.912312936951327,24.685520172119137,24.912312936951327,227600
1993-06-24,25.016983032226562,25.01698303222656,24.75529910929532,24.75529910929532,243700
1993-06-25,24.99953269958496,25.069315065808507,24.982087108029074,24.99953269958496,44800
1993-06-28,25.278684616088867,25.278684616088867,25.086782938534018,25.121674152634903,439900
1993-06-29,25.15655517578125,25.24378317569727,25.12166397581484,25.24378317569727,207500
1993-06-30,25.15655517578125,25.24378317569727,25.12166397581484,25.19144637574766,437600
1993-07-01,25.08675765991211,25.191431196740673,25.051866480969256,25.191431196740673,605700
1993-07-02,24.947202682495117,25.016985067620976,24.85997470108779,24.99953947133951,285400
1993-07-06,24.68552017211914,24.982095326130462,24.65062897752957,24.912312936951327,246400
1993-07-07,24.75531005859375,24.790201263750333,24.668082045702302,24.668082045702302,343700
1993-07-08,25.034427642822266,25.086764425350815,24.73785254182716,24.772743730179524,248200
1993-07-09,25.10421371459961,25.104213714599613,24.982094537391692,25.034431327623658,378200
1993-07-12,25.08675765991211,25.104203249383538,25.034420891497827,25.06931207044068,373700
1993-07-13,25.0693416595459,25.174015319919786,24.929776779047383,25.104232879670526,389600
1993-07-14,25.15655517578125,25.22633757571407,25.069327175865226,25.08677277584843,617300
1993-07-15,25.05188751220703,25.139115532792708,24.99955069985562,25.139115532792708,443800
1993-07-16,24.982080459594727,25.086753981073475,24.947189285768474,25.06930839416035,216400
1993-07-19,24.96463966369629,24.982085253957433,24.894857302651715,24.982085253957433,188200
1993-07-20,25.034427642822266,25.034427642822266,24.825080512708073,24.947199671941352,68500
1993-07-21,25.016983032226562,25.01698303222656,24.929755057916147,24.999537437364477,142700
1993-07-22,24.842531204223633,25.01698718178138,24.842531204223633,24.982095986269833,632400
1993-07-23,24.96463966369629,24.96463966369629,24.877411712390572,24.894857302651715,286200
1993-07-26,25.10421371459961,25.15655050483158,25.034431327623658,25.034431327623658,121300
1993-07-27,25.08675765991211,25.13909442832639,24.999529712554974,25.121648838854963,92800
1993-07-28,25.034427642822266,25.086764425350815,24.9995364544699,25.034427642822266,30800
1993-07-29,25.173995971679688,25.243778358295568,25.051876795101894,25.086767988409832,331000
1993-07-30,25.034427642822266,25.17399239623173,24.9995364544699,25.17399239623173,75300
1993-08-02,25.10421371459961,25.191441698319554,25.069322521111634,25.069322521111634,41300
1993-08-03,25.121654510498047,25.226328070958456,25.034426543447708,25.156545697318187,81600
1993-08-04,25.121654510498047,25.173991290728253,25.051872136857778,25.12165451049805,434000
1993-08-05,25.0693416595459,25.12167848973284,25.03445043942127,25.12167848973284,36800
1993-08-06,25.10421371459961,25.15655050483158,25.069322521111634,25.13910490808759,402300
1993-08-09,25.243778228759766,25.313560615017565,25.12165905280861,25.173995842501963,828200
1993-08-10,25.226335525512695,25.243781124078055,25.191444328381973,25.226335525512695,604900
1993-08-11,25.226335525512695,25.29611791977414,25.208889926947332,25.208889926947332,542200
1993-08-12,25.15655517578125,25.296119975646885,25.069327175865226,25.296119975646885,303700
1993-08-13,25.191436767578125,25.208882360907474,25.173991174248776,25.173991174248776,103500
1993-08-16,25.33101463317871,25.4007970426365,25.20889541662757,25.20889541662757,241800
1993-08-17,25.41823387145996,25.41823387145996,25.31356029340316,25.31356029340316,369300
1993-08-18,25.557790756225586,25.610127529105227,25.48800839238606,25.505453983345944,414300
1993-08-19,25.557790756225586,25.575236347185466,25.522899574305825,25.575236347185466,28500
1993-08-20,25.575241088867188,25.575241088867188,25.48801311789561,25.505458712089926,80700
1993-08-23,25.522912979125977,25.540358579248412,25.470576178758662,25.470576178758662,15600
1993-08-24,25.80203628540039,25.802036285400387,25.522906751548863,25.522906751548863,273400
1993-08-25,25.81948471069336,25.924158297358332,25.767147917360873,25.802039112915864,242300
1993-08-26,25.836923599243164,25.97648834522152,25.732250039759396,25.836923599243164,120000
1993-08-27,25.81948471069336,25.81948471069336,25.767147917360873,25.767147917360873,25700
1993-08-30,25.924148559570312,25.95903974201926,25.836920603447933,25.836920603447933,183500
1993-08-31,25.993947982788086,25.993947982788082,25.871828764076998,25.906719969423023,66500
1993-09-01,25.95905876159668,26.011395573616028,25.90672194957733,25.90672194957733,136500
1993-09-02,25.871822357177734,26.011387144,25.85437675882495,25.976495947294435,472400
1993-09-03,25.88925552368164,25.924146703632694,25.819473163779534,25.854364343730587,630500
1993-09-07,25.714807510375977,25.92415465428677,25.679916319724175,25.889263463634972,196400
1993-09-08,25.627592086791992,25.71482010614799,25.453136048079998,25.71482010614799,269900
1993-09-09,25.67991828918457,25.697363885848418,25.522907919209935,25.522907919209935,239200
1993-09-10,25.906723022460938,25.924168627189864,25.714821370442706,25.749712579900567,106500
1993-09-13,25.924148559570312,25.993930924468213,25.92414855957031,25.993930924468213,66900
1993-09-14,25.81948471069336,25.85437590624835,25.732256721805882,25.85437590624835,184500
1993-09-15,25.88925552368164,25.906701113657167,25.627571674048742,25.714799623926375,101000
1993-09-16,25.78459930419922,25.8718273126708,25.767153702504903,25.854381710976483,54300
1993-09-17,25.734590530395508,25.787253403240793,25.69948194849865,25.769699112292365,200900
1993-09-20,25.52393913269043,25.822362079908956,25.52393913269043,25.769699206870392,57800
1993-09-21,25.436176300048828,25.59416497271994,25.172861845596977,25.559056378793027,318200
1993-09-22,25.646821975708008,25.681930561574823,25.48883333930734,25.523941925174157,439700
1993-09-23,25.78727149963379,25.80482580290107,25.68194568003011,25.71705428656467,88500
1993-09-24,25.71703338623047,25.769696253232986,25.681924808228786,25.752141964232145,53500
1993-09-27,25.997913360595703,25.997913360595703,25.910141877271613,25.910141877271613,274600
1993-09-28,25.94525718688965,26.01547439172562,25.92770288568066,26.01547439172562,158300
1993-09-29,25.857479095458984,26.015467766103338,25.822370501982466,25.945250579150294,221000
1993-09-30,25.804805755615234,25.910131493393255,25.752142886726222,25.857468624504243,99300
1993-10-01,25.927696228027344,25.962804821430222,25.7345989643115,25.76970755771438,22700
1993-10-04,25.96280288696289,25.96280288696289,25.892585705388957,25.96280288696289,1038500
1993-10-05,25.927696228027344,26.015467711534544,25.83992474452014,26.015467711534544,436500
1993-10-06,25.910146713256836,26.050581112786684,25.910146713256836,25.9452553131393,209200
1993-10-07,25.839921951293945,25.945247720117152,25.822367656490076,25.945247720117152,59400
1993-10-08,25.87503433227539,25.9276972244035,25.68193706113901,25.91014292702746,54400
1993-10-11,25.927696228027344,25.980359118131663,25.92769622802734,25.92769622802734,467100
1993-10-12,25.96280288696289,25.980357182356375,25.94524859156941,25.96280288696289,26200
1993-10-13,25.96280288696289,25.980357182356375,25.927694296175925,25.980357182356375,139100
1993-10-14,26.29633331298828,26.29633331298828,25.997910304763447,26.06812748316929,108100
1993-10-15,26.4367618560791,26.489424728302367,26.348990402373662,26.419207565338013,1502500
1993-10-18,26.366544723510742,26.41920759579472,26.331436141988092,26.41920759579472,722400
1993-10-19,26.173452377319336,26.384103905507015,26.173452377319336,26.331441023460094,880100
1993-10-20,26.208589553833008,26.26125249332497,26.15592661434105,26.26125249332497,230400
1993-10-21,26.173452377319336,26.226115259366257,26.138343789288054,26.226115259366257,56200
1993-10-22,26.050580978393555,26.3138954761536,26.05058097839356,26.20856967704958,390700
1993-10-25,26.120798110961914,26.15590671057342,25.997918012321634,26.06813521154465,114500
1993-10-26,26.103239059448242,26.120793356058496,26.01546757639697,26.103239059448242,186200
1993-10-27,26.120798110961914,26.138352410767666,26.06813521154465,26.06813521154465,118400
1993-10-28,26.313894271850586,26.38411146803965,26.155905580425202,26.155905580425202,129600
1993-10-29,26.313894271850586,26.331448570897855,26.278785673756058,26.296339972803324,80700
1993-11-01,26.38409996032715,26.40165425171792,26.27877421198253,26.27877421198253,36400
1993-11-02,26.366544723510742,26.401653305033395,26.208556106658815,26.348990432749417,262100
1993-11-03,26.03302764892578,26.349005058015912,25.910147545390732,26.349005058015912,479100
1993-11-04,25.752151489257812,26.03302021715701,25.734597193764113,26.03302021715701,130400
1993-11-05,25.87503433227539,25.875034332275394,25.5766112768828,25.68193706113901,363200
1993-11-08,25.910146713256836,25.98036391302176,25.822375213550682,25.892592413315604,367600
1993-11-09,25.927696228027344,26.103239195041745,25.910141931325903,26.085684898340304,246900
1993-11-10,26.120798110961914,26.12079811096191,25.8574836138756,25.927700813098618,46500
1993-11-11,26.050580978393555,26.191015377198912,26.03302667854289,26.120798177796235,88900
1993-11-12,26.173452377319336,26.261223847397535,26.085680907241134,26.103235201256776,108200
1993-11-15,26.155908584594727,26.226125788848673,26.085691380340783,26.226125788848673,243300
1993-11-16,26.278778076171875,26.296332370143933,26.103235136451286,26.20856090028364,492600
1993-11-17,26.138351440429688,26.296340132816436,26.068134243813358,26.296340132816436,39600
1993-11-18,26.068151473999023,26.15592302778353,25.997934230971413,26.103260095512823,240800
1993-11-19,26.015472412109375,26.05058101185581,25.96280951248972,25.98036381236294,106000
1993-11-22,25.857479095458984,25.962804875888555,25.76970761176768,25.945250579150294,165300
1993-11-23,25.997913360595703,26.015467657260523,25.857478987277158,25.997913360595703,89700
1993-11-24,26.103239059448242,26.120793356058496,26.033021873007222,26.068130466227732,77200
1993-11-26,26.120798110961914,26.173461010379174,26.103243811156158,26.173461010379174,1019800
1993-11-29,26.015472412109375,26.24367831046121,26.015472412109375,26.19101541084156,517500
1993-11-30,26.03302764892578,26.155907752460834,25.98036474741076,25.99791904791577,230000
1993-12-01,26.068151473999023,26.191031649297333,26.06815147399902,26.17347733854043,379200
1993-12-02,26.138351440429688,26.155905739583773,26.068134243813358,26.120797141275606,352000
1993-12-03,26.243661880493164,26.243661880493164,26.120781858310252,26.120781858310252,306000
1993-12-06,26.33144187927246,26.36655046844482,26.278778995513914,26.278778995513914,99500
1993-12-07,26.313894271850586,26.349002869945117,26.278785673756058,26.331448570897855,88800
1993-12-08,26.313894271850586,26.31389427185059,26.278785673756058,26.31389427185059,146700
1993-12-09,26.22612190246582,26.34900199170093,26.1910133055415,26.313893394776613,416500
1993-12-10,26.173452377319336,26.243669553381896,26.120789495272415,26.243669553381896,412900
1993-12-13,26.33144187927246,26.33144187927246,26.13834463882446,26.173453227996824,273200
1993-12-14,26.138351440429688,26.349003030278684,26.138351440429688,26.349003030278684,41900
1993-12-15,26.103239059448242,26.191010542499512,26.103239059448242,26.17345624588926,82600
1993-12-16,26.191009521484375,26.208563817410305,26.155900929632523,26.208563817410305,78200
1993-12-17,26.3349552154541,26.352629682041655,26.228908415928785,26.24658288251634,104700
1993-12-20,26.370304107666016,26.387978574226114,26.299606241425625,26.317280707985724,68800
1993-12-21,26.281923294067383,26.33494667663779,26.246574372353773,26.33494667663779,205700
1993-12-22,26.45866584777832,26.476340307262475,26.29959571242094,26.3526190908734,410300
1993-12-23,26.441003799438477,26.4940272027796,26.405654863877732,26.441003799438477,533800
1993-12-27,26.582399368286133,26.582399368286133,26.441003626965465,26.441003626965465,447100
1993-12-28,26.63541603088379,26.653090494076146,26.547043714921998,26.564718178114354,880600
1993-12-29,26.60007095336914,26.67076881636813,26.582396487619395,26.65309435061838,266700
1993-12-30,26.4940185546875,26.582390864743164,26.440995168654105,26.582390864743164,219900
1993-12-31,26.352628707885742,26.582396765030285,26.334954241951547,26.547047833161894,312900
1994-01-03,26.281923294067383,26.387970059208204,26.246574372353773,26.352621137494598,960900
1994-01-04,26.38798713684082,26.387987136840817,26.281940303069188,26.31728924765973,164300
1994-01-05,26.441003799438477,26.45867826721885,26.317282524975866,26.423329331658103,710900
1994-01-06,26.441003799438477,26.4940272027796,26.405654863877732,26.476352734999224,201000
1994-01-07,26.60007095336914,26.61774541911889,26.42332629587167,26.494024158870662,775500
1994-01-10,26.918193817138672,26.918193817138672,26.564704732212363,26.635402549197625,593700
1994-01-11,26.865182876586914,26.90053180142453,26.77681056449288,26.90053180142453,295200
1994-01-12,26.776796340942383,26.882843059124333,26.68842407579076,26.882843059124333,158400
1994-01-13,26.706117630004883,26.759141027020114,26.670768698661394,26.706117630004883,244300
1994-01-14,26.812158584594727,26.865181970061954,26.794484122772317,26.794484122772317,137200
1994-01-17,26.812158584594727,26.847507508239545,26.7591351991275,26.812158584594727,17700
1994-01-18,26.847496032714844,26.882844941250347,26.794472669911592,26.847496032714847,166400
1994-01-19,26.776796340942383,26.847494153063685,26.723772981851408,26.812145247003034,200800
1994-01-20,26.847496032714844,26.8651704869826,26.794472669911592,26.812147124179344,281100
1994-01-21,26.79450225830078,26.882874627226574,26.77682778451562,26.882874627226574,85600
1994-01-24,26.688446044921875,26.900539655874898,26.688446044921875,26.776818382818966,373800
1994-01-25,26.688446044921875,26.72379498008071,26.63542264218362,26.706120512501293,310400
1994-01-26,26.759138107299805,26.776812571043067,26.65309132484023,26.688440252326753,145100
1994-01-27,27.006572723388672,27.04192164056588,26.776804761736805,26.812153678914015,344500
1994-01-28,27.077268600463867,27.165640887018903,27.077268600463864,27.11261751508588,356500
1994-01-31,27.271711349487305,27.324734767535563,27.147990040708038,27.183338986073544,313800
1994-02-01,27.130300521850586,27.236347299134692,27.094951596089214,27.236347299134692,303600
1994-02-02,27.307050704956055,27.307050704956055,27.201003906101857,27.218678372577557,307600
1994-02-03,27.183313369750977,27.254011193859565,27.094941089615247,27.254011193859565,466100
1994-02-04,26.564712524414062,27.218667523351733,26.564712524414062,27.183318604490236,1403200
1994-02-07,26.688446044921875,26.759143915239548,26.49402690154827,26.49402690154827,516400
1994-02-08,26.706117630004883,26.741466561348368,26.600070835974417,26.741466561348368,188200
1994-02-09,26.812158584594727,26.829833046417136,26.688437351837862,26.72378627548268,144600
1994-02-10,26.582399368286133,26.812167447932225,26.582399368286133,26.79449298026714,883900
1994-02-11,26.670761108398438,26.74145895096543,26.4763420413392,26.60006326583144,519400
1994-02-14,26.706117630004883,26.7944899583636,26.582396370302675,26.617745301646163,2742100
1994-02-15,26.847496032714844,26.8651704869826,26.723774852840585,26.759123761376088,374700
1994-02-16,26.82984733581543,26.882870749522574,26.77682392210828,26.882870749522574,287600
1994-02-17,26.670761108398438,26.97122693930816,26.60006326583144,26.95355247866641,342400
1994-02-18,26.511693954467773,26.706113043467205,26.440996103922526,26.68843858083089,313300
1994-02-22,26.776796340942383,26.776796340942383,26.58237735760881,26.58237735760881,154500
1994-02-23,26.706117630004883,26.829838889707087,26.617745301646163,26.812164424035345,391700
1994-02-24,26.352628707885742,26.617745696898677,26.334954241951547,26.617745696898677,770800
1994-02-25,26.476341247558594,26.476341247558594,26.334945566663755,26.38796894699932,531300
1994-02-28,26.476341247558594,26.617736928453432,26.476341247558594,26.547039088006013,333000
1994-03-01,26.370304107666016,26.5293743067069,26.228908375185235,26.476350907026607,423600
1994-03-02,26.405651092529297,26.4056510925293,25.963789461128208,26.03448732215238,581500
1994-03-03,26.3349552154541,26.37030414862921,26.26425734910389,26.37030414862921,223200
1994-03-04,26.405651092529297,26.476348953553472,26.246580905224906,26.334953231505125,595800
1994-03-07,26.54703140258789,26.582380312578017,26.494008037602693,26.494008037602693,539800
1994-03-08,26.441003799438477,26.56472507390109,26.405654863877732,26.56472507390109,880300
1994-03-09,26.564712524414062,26.58238698384481,26.352619011245086,26.476340227260323,2500100
1994-03-10,26.352628707885742,26.547047833161894,26.264256378214764,26.547047833161894,207400
1994-03-11,26.4940185546875,26.529367478709766,26.246576086531647,26.387971782620706,576600
1994-03-14,26.529369354248047,26.60006720729068,26.49402042772673,26.60006720729068,345900
1994-03-15,26.511693954467773,26.635415192921958,26.494019491831462,26.58239180501302,748600
1994-03-16,26.723787307739258,26.723787307739258,26.45867037016248,26.547042682688073,455500
1994-03-17,26.723787307739258,26.759136232749494,26.635414995213665,26.635414995213665,133000
1994-03-18,26.71794891357422,26.75350173980652,26.575737608645014,26.593514021761163,365500
1994-03-21,26.646846771240234,26.70017601761363,26.575741109409037,26.629070355782435,324800
1994-03-22,26.71794891357422,26.77127815292267,26.593514021761163,26.646843261109616,435700
1994-03-23,26.700172424316406,26.771278076578234,26.68239601125095,26.700172424316406,698500
1994-03-24,26.380199432373047,26.646845653050672,26.255764529390156,26.59351640891515,1200500
1994-03-25,26.131338119506836,26.469090108806583,26.131338119506836,26.39798442684874,100900
1994-03-28,26.166898727416992,26.20245157894881,25.935805192460187,26.166898727416992,1117200
1994-03-29,25.651371002197266,26.184663538625486,25.651371002197266,26.166887120744544,338400
1994-03-30,25.295846939086914,25.740257461558578,25.295846939086914,25.669151777963112,1123900
1994-03-31,25.366962432861328,25.420291716181993,24.7625638885605,25.295856721767116,788800
1994-04-04,24.97587013244629,25.046975812538665,24.655894572030608,24.655894572030608,2627300
1994-04-05,25.491382598876953,25.491382598876953,25.224736337382424,25.224736337382424,1179000
1994-04-06,25.491382598876953,25.544711851175858,25.31361842454727,25.526935433742892,516500
1994-04-07,25.615819931030273,25.669149188346783,25.331397225342222,25.473608578186248,666100
1994-04-08,25.420278549194336,25.5624898977213,25.295843619233246,25.5624898977213,242400
1994-04-11,25.526945114135742,25.633603659180878,25.4291747811777,25.49139226578736,203300
1994-04-12,25.491382598876953,25.598041103474767,25.438053346578048,25.553600059892343,1409200
1994-04-13,25.358068466186523,25.54472091546445,25.1714160169086,25.482503432371807,364100
1994-04-14,25.366962432861328,25.500285641162982,25.260303866220006,25.313633149540667,419900
1994-04-15,25.366962432861328,25.473620999502653,25.322521363427445,25.358074218974554,387300
1994-04-18,25.198078155517578,25.464724485205593,25.118084256611173,25.39361879728879,369100
1994-04-19,25.233627319335938,25.33139762596246,25.020310286696255,25.171409851482696,472200
1994-04-20,25.206954956054688,25.32250164661488,25.07363185156216,25.2602841978517,508000
1994-04-21,25.544715881347656,25.58026872182274,25.224740317071902,25.313622418259612,200300
1994-04-22,25.51804542541504,25.624703922490966,25.446939760697756,25.606927506311642,301800
1994-04-25,25.78470802307129,25.80248445052601,25.509173397523128,25.509173397523128,394600
1994-04-26,25.758037567138672,25.793590414022233,25.704708296813333,25.749149355417785,399000
1994-04-28,25.571386337280273,25.74026236800962,25.491392427987428,25.70470951943502,287000
1994-04-29,25.651371002197266,25.68692383795915,25.491383241268803,25.526936077030683,481900
1994-05-02,25.811372756958008,26.006913459662236,25.56250277169808,25.651384909290915,275000
1994-05-03,25.78470802307129,25.829149091708086,25.63360838970617,25.82026087798073,183400
1994-05-04,25.740266799926758,25.838037150340845,25.642496449512674,25.838037150340845,401900
1994-05-05,25.704708099365234,25.811366639196624,25.704708099365234,25.766925580933545,659800
1994-05-06,25.455821990966797,25.580256875000853,25.366939930942472,25.580256875000853,216300
1994-05-09,25.233627319335938,25.45583256166894,25.189186270869335,25.38472688412238,499300
1994-05-10,25.429174423217773,25.50916833087557,25.340292303597998,25.358068727521953,583400
1994-05-11,25.198078155517578,25.438059852236794,25.126972467600773,25.40250700827839,210600
1994-05-12,25.322513580322266,25.384731058406594,25.260296102237934,25.35806642494188,305200
1994-05-13,25.322513580322266,25.393619269561498,25.198078624153606,25.393619269561498,321300
1994-05-16,25.331388473510742,25.45582336425781,25.322500267028808,25.375829505920407,450400
1994-05-17,25.704708099365234,25.704708099365234,25.313626786650133,25.349179633260597,470200
1994-05-18,25.891340255737305,25.98911050730377,25.606917705725774,25.72246436666796,824800
1994-05-19,26.015783309936523,26.08688896982019,25.838019160227354,25.838019160227354,531000
1994-05-20,25.91802215576172,25.98912784068836,25.882469313298397,25.9713514194567,370400
1994-05-23,25.873573303222656,25.90023792703223,25.793579431793933,25.891349719095704,262700
1994-05-24,25.980241775512695,26.078012100360677,25.944688930113433,25.944688930113433,549600
1994-05-25,26.05133628845215,26.069112703524443,25.79357826990383,25.88246034526532,738200
1994-05-26,26.069114685058594,26.13133214254083,26.0157854357881,26.042450060423345,369600
1994-05-27,26.095779418945312,26.095779418945312,25.980232711708837,26.024673752953635,162000
1994-05-31,26.060232162475586,26.113561423381064,25.97135006096646,26.015791111721025,160000
1994-06-01,26.17578125,26.17578125,25.91802313242784,25.99801703098472,200500
1994-06-02,26.14911460876465,26.193555660105172,26.10467355742412,26.193555660105172,55100
1994-06-03,26.300201416015625,26.389083475549306,26.086884473134795,26.166878326715107,550400
1994-06-06,26.291330337524414,26.433541725421772,26.273553914037244,26.353547819729506,99300
1994-06-07,26.25576400756836,26.29131683628545,26.18465835013419,26.24687580038909,120600
1994-06-08,26.042438507080078,26.317972839407545,26.042438507080078,26.317972839407545,131900
1994-06-09,26.184680938720703,26.1846809387207,26.104687005099354,26.158016294180253,80500
1994-06-10,26.229087829589844,26.282417049168814,26.21131142306352,26.21131142306352,83100
1994-06-13,26.264659881591797,26.2735480913656,26.184665993627558,26.193554203401362,109700
1994-06-14,26.4691104888916,26.47799870597988,26.344675449655707,26.344675449655707,161000
1994-06-15,26.362422943115234,26.48685784574626,26.344646528453662,26.477969638415473,142800
1994-06-16,26.41576385498047,26.433540277493915,26.335769953669963,26.36243458744013,44000
1994-06-17,26.26830291748047,26.456189280309857,26.232515038846298,26.42934837133423,403800
1994-06-20,26.044635772705078,26.125158521572942,26.017794856415794,26.080423661090798,137400
1994-06-21,25.82096290588379,26.0267432755426,25.713599234757456,26.0267432755426,139200
1994-06-22,25.919387817382812,26.008857571671328,25.865705964809703,25.89254689109626,279900
1994-06-23,25.76727867126465,25.999899937046898,25.731490784221226,25.964112050003475,922500
1994-06-24,25.230466842651367,25.642027649304545,25.194678946420655,25.642027649304545,353800
1994-06-27,25.668872833251953,25.66887283325195,25.203630105008973,25.32888776261285,371200
1994-06-28,25.543611526489258,25.677816140463808,25.33783111839495,25.677816140463808,5382300
1994-06-29,25.624120712280273,25.776219194161825,25.552544956100718,25.57938586466805,311800
1994-06-30,25.46308135986328,25.67780867983402,25.373611643208807,25.66886170816857,271900
1994-07-01,25.51676368713379,25.588339461852257,25.409400025056087,25.588339461852257,406900
1994-07-05,25.65097999572754,25.686767899453702,25.489934428959806,25.570457212343673,112000
1994-07-06,25.615177154541016,25.65991200811164,25.46307865240088,25.552548359542136,174800
1994-07-07,25.722549438476562,25.72254943847656,25.588344832710597,25.615185753863788,66700
1994-07-08,25.71361541748047,25.758350308603433,25.55256980943779,25.561516787662384,148400
1994-07-11,25.624120712280273,25.776219194161825,25.498863138966055,25.731484346549603,124000
1994-07-12,25.6599063873291,25.668853356083403,25.489913980997425,25.633065481066208,257300
1994-07-13,25.704648971557617,25.78517171459417,25.66886108576359,25.66886108576359,532700
1994-07-14,25.982011795043945,26.035693637595692,25.812019293630094,25.82991324114734,494200
1994-07-15,25.9909610748291,26.044642922143726,25.955173176619358,25.964120151171795,49100
1994-07-18,26.035673141479492,26.098301908486487,25.99093830790307,25.99093830790307,72300
1994-07-19,25.982011795043945,26.089375480147435,25.98201179504395,26.08042850638881,609500
1994-07-20,25.865699768066406,25.999904367347277,25.80307095506867,25.999904367347277,185300
1994-07-21,25.919387817382812,25.937281768240513,25.812024112236593,25.865705964809703,86300
1994-07-22,25.9641056060791,25.99989348424048,25.910423788837036,25.98199954515979,151600
1994-07-25,25.999902725219727,26.026743643380655,25.94622088889787,25.973061807058798,120900
1994-07-26,25.97306251525879,26.008850407115844,25.946221596365994,25.990956461187317,489600
1994-07-27,25.97306251525879,25.97306251525879,25.865698839687617,25.97306251525879,83200
1994-07-28,26.02674102783203,26.098316802401524,25.97305919690491,25.97305919690491,828200
1994-07-29,26.286209106445312,26.36673187089664,26.196739368166057,26.20568634199398,459100
1994-08-01,26.411474227905273,26.429368180634206,26.277269582438276,26.304110511531675,486300
1994-08-02,26.44725227355957,26.554615949906907,26.35778254327013,26.50093411173324,505500
1994-08-03,26.456195831298828,26.474089775046746,26.39356702818111,26.438301887550907,144100
1994-08-04,26.304100036621094,26.46514554704939,26.295153063819523,26.438304628644673,231700
1994-08-05,26.214622497558594,26.250410378101336,26.14304673647311,26.169887646880166,138400
1994-08-08,26.277254104614258,26.304095017897826,26.214625306952595,26.241466220236163,328600
1994-08-09,26.321996688842773,26.321996688842773,26.17884510929774,26.17884510929774,105900
1994-08-10,26.420406341552734,26.447247255546863,26.304095714244852,26.339883599570356,840300
1994-08-11,26.321996688842773,26.47409524210937,26.187792083019307,26.357784583729032,876200
1994-08-12,26.52777862548828,26.53672559972959,26.366733089144674,26.366733089144674,184100
1994-08-15,26.518827438354492,26.617244139374026,26.518827438354496,26.554615329634323,325900
1994-08-16,26.706714630126953,26.73355554935321,26.42935846478895,26.536722141693982,1089500
1994-08-17,26.688812255859375,26.760388017859665,26.670918315359298,26.74249407735959,133700
1994-08-18,26.599348068237305,26.661976872972474,26.57250715192223,26.599348068237305,620000
1994-08-19,26.581453323364258,26.635135154377444,26.518824520515533,26.60829423887085,103200
1994-08-22,26.554607391357422,26.590395271938768,26.500925570485407,26.590395271938768,79700
1994-08-23,26.706714630126953,26.831972253182823,26.635138845523596,26.670926737825273,268600
1994-08-24,26.993026733398438,26.993026733398438,26.72461745199242,26.733564428039287,254700
1994-08-25,26.92144203186035,27.028805708956504,26.849866247129583,26.96617689731708,147400
1994-08-26,27.306171417236328,27.359853274544133,26.984080273389505,26.984080273389505,339500
1994-08-29,27.28827476501465,27.476161247003272,27.279327789681854,27.377744518342563,350300
1994-08-30,27.359853744506836,27.404588626365086,27.243543051675378,27.27933095716198,36000
1994-08-31,27.28827476501465,27.422479395006523,27.25248686368348,27.315115691013023,356200
1994-09-01,27.19879913330078,27.216693080099006,27.10038242591055,27.198799133300785,294600
1994-09-02,27.082496643066406,27.32406499766264,27.037761762585625,27.32406499766264,99600
1994-09-06,27.091413497924805,27.11825439637057,26.98404990414175,27.064572599479042,229800
1994-09-07,27.0645809173584,27.1540506063414,27.037740010663498,27.1540506063414,27900
1994-09-08,27.19879913330078,27.23458702689723,27.10932939930966,27.118276372708774,284800
1994-09-09,26.91250228881836,26.98407809277798,26.80513858287892,26.930396239808264,488400
1994-09-12,26.83197784423828,26.948288518454717,26.787242969539648,26.912500618695812,129400
1994-09-13,26.91250228881836,26.98407809277798,26.83197950936378,26.885661362333497,389200
1994-09-14,26.939334869384766,26.97512276027734,26.823024223983904,26.823024223983904,423500
1994-09-15,27.27931022644043,27.279310226440433,27.010901139266533,27.010901139266533,779800
1994-09-16,27.085180282592773,27.15719139667079,26.986165000735507,27.076178893333022,571300
1994-09-19,27.1121826171875,27.265206224256616,27.085178451234125,27.148188171791997,167300
1994-09-20,26.599084854125977,26.99514567767303,26.599084854125973,26.968141530613003,355600
1994-09-21,26.599084854125977,26.680097295306055,26.347046148232394,26.680097295306055,397500
1994-09-22,26.53607749938965,26.662096863362326,26.50907334996693,26.662096863362326,266400
1994-09-23,26.446081161499023,26.599104776116274,26.40107421602336,26.54509644154548,176600
1994-09-26,26.581098556518555,26.599101332378034,26.49108467722117,26.5450930047996,223000
1994-09-27,26.563087463378906,26.653101314491675,26.500077767599965,26.581090233601458,479500
1994-09-28,26.770124435424805,26.806129982748846,26.689111953945712,26.70711472760773,324000
1994-09-29,26.635101318359375,26.770122109091172,26.554088843920297,26.770122109091172,195900
1994-09-30,26.599084854125977,26.75210835413279,26.599084854125973,26.626089001186003,5200
1994-10-03,26.53607749938965,26.64409409708051,26.49107058368512,26.617089947657796,72600
1994-10-04,26.140033721923828,26.671115674263188,26.122030943878425,26.671115674263188,84200
1994-10-05,26.149036407470703,26.149036407470703,25.924001670745483,26.09502807065665,461900
1994-10-06,26.06802749633789,26.18504557556869,26.023020542787584,26.167042794148564,345200
1994-10-07,26.185041427612305,26.25705254188556,26.041019199065794,26.068023366918265,188700
1994-10-10,26.464078903198242,26.509085840108444,26.293052542939478,26.30205393032152,213600
1994-10-11,26.860139846801758,26.93215094558675,26.581096839009916,26.581096839009916,461400
1994-10-12,26.896154403686523,26.93215996513724,26.833144671147767,26.896154403686523,162400
1994-10-13,26.986164093017578,27.26520715068387,26.959159926146647,27.20219742798503,1564500
1994-10-14,27.103181838989258,27.112183227843122,26.896149895350348,27.076177672427658,72800
1994-10-17,27.049161911010742,27.112171605978155,27.022157756024708,27.076166065996773,282300
1994-10-18,26.986164093017578,27.022169648845487,26.896150203447807,27.022169648845487,132100
1994-10-19,27.1121826171875,27.21119789234987,26.878146512258255,26.88714790090938,136700
1994-10-20,26.93215560913086,27.11218338726676,26.851143108969705,27.11218338726676,290300
1994-10-21,26.824153900146484,26.896165051556277,26.707135779105577,26.860159475851383,87800
1994-10-24,26.599084854125977,26.941137383552974,26.590083471772633,26.83312079531287,149600
1994-10-25,26.62611198425293,26.680120324991783,26.50009252252895,26.50909391265209,91800
1994-10-26,26.725114822387695,26.752118980173872,26.599095419385527,26.72511482238769,201000
1994-10-27,26.887149810791016,26.887149810791016,26.761130360723698,26.824140085757357,210300
1994-10-28,27.454240798950195,27.48124497022785,26.94116154467473,26.94116154467473,192100
1994-10-31,27.355213165283203,27.418222869842918,27.346211778917528,27.391218710745896,36300
1994-11-01,27.049161911010742,27.23819099591298,27.040160526015395,27.23819099591298,435200
1994-11-02,26.896154403686523,27.21120306638031,26.896154403686523,26.96816552658796,115600
1994-11-03,27.040164947509766,27.085171879845834,26.950151082837632,26.986156628706485,87000
1994-11-04,26.689117431640625,27.166191031599126,26.689117431640625,27.166191031599126,124400
1994-11-07,26.770124435424805,26.842135530072888,26.6801105671147,26.752121661762782,115000
1994-11-08,26.977157592773438,27.06717146528853,26.81513262224627,26.860139558503814,308300
1994-11-09,27.02216911315918,27.265206610179597,26.78813300491729,27.265206610179597,318500
1994-11-10,26.833131790161133,27.094171985369005,26.81512901807783,27.0401636691191,172100
1994-11-11,26.73412322998047,26.824137112909696,26.662112123637087,26.797132948030928,302200
1994-11-14,26.986164093017578,26.995165481974553,26.85114325866292,26.85114325866292,181400
1994-11-15,26.896154403686523,27.130190553116194,26.689122425344895,26.959164136225283,316900
1994-11-16,26.986164093017578,26.986164093017578,26.85114325866292,26.94115714823269,106900
1994-11-17,26.806148529052734,27.004179176345936,26.69813181234735,27.004179176345936,104700
1994-11-18,26.770124435424805,26.860138303734907,26.65310640662167,26.815131369579856,269300
1994-11-21,26.500089645385742,26.833141043782234,26.500089645385742,26.752128541469574,283100
1994-11-22,25.923995971679688,26.500084771050346,25.923995971679688,26.401069508658516,483600
1994-11-23,26.06802749633789,26.077028887047952,25.698970477225373,25.94200802639703,601600
1994-11-25,26.194028854370117,26.23003439231427,26.086012240537663,26.086012240537663,77300
1994-11-28,26.311071395874023,26.320072788756633,26.122042145339176,26.185051895517457,79900
1994-11-29,26.302051544189453,26.35605986358204,26.212037678535143,26.302051544189457,105500
1994-11-30,26.26605987548828,26.47309187587767,26.26605987548828,26.43708631059256,218800
1994-12-01,26.00502586364746,26.293070456114307,25.951017502559925,26.293070456114307,439000
1994-12-02,26.248048782348633,26.248048782348633,25.951002962795304,25.951002962795304,318500
1994-12-05,26.27505874633789,26.39207682228938,26.212049013133242,26.30206291771131,139200
1994-12-06,26.293062210083008,26.302063600774584,26.131037177634706,26.176044131092567,249900
1994-12-07,26.104021072387695,26.212037711307918,26.077016912657637,26.13102523211775,531900
1994-12-08,25.85199546813965,26.248056680047082,25.779984338701933,26.212051115328222,261500
1994-12-09,25.951005935668945,25.96900871467392,25.743973977111754,25.851990651141595,235900
1994-12-12,26.122024536132812,26.122024536132812,25.896989865766404,25.896989865766404,151100
1994-12-13,26.221036911010742,26.2300382968367,26.104018895273313,26.104018895273313,70900
1994-12-14,26.356061935424805,26.47307996997416,26.18503557723728,26.18503557723728,203300
1994-12-15,26.437074661254883,26.51808714744872,26.392067724480533,26.392067724480533,130100
1994-12-16,26.566204071044922,26.620643013813456,26.49361881402021,26.520838285404476,266100
1994-12-19,26.602495193481445,26.620641506710285,26.484544157493975,26.566202567023762,1120200
1994-12-20,26.520851135253906,26.64787539659279,26.52085113525391,26.62972907354438,675600
1994-12-21,26.802101135253906,26.865613223252137,26.538979627832656,26.538979627832656,544500
1994-12-22,26.720457077026367,26.829335000599986,26.69323759613296,26.802115519706582,222000
1994-12-23,26.747657775878906,26.81116985336573,26.70229200624546,26.70229200624546,125800
1994-12-27,26.892839431762695,26.947278377980837,26.820254170138504,26.83840048554455,95200
1994-12-28,26.756742477416992,26.920059318581288,26.693230372519768,26.920059318581288,358200
1994-12-29,26.774883270263672,26.856541674002194,26.747663802350832,26.856541674002194,220100
1994-12-30,26.457326889038086,26.85654581328969,26.457326889038086,26.829326341181627,2209500
1995-01-03,26.5843448638916,26.620637484866197,26.529905932429706,26.538979087673354,324300
1995-01-04,26.711381912231445,26.71138191223144,26.56621135836062,26.702308752614517,351800
1995-01-05,26.711381912231445,26.774894029549927,26.684162433380664,26.729528231465295,89800
1995-01-06,26.738616943359375,26.856568086984648,26.656958459311113,26.765836438042133,448400
1995-01-09,26.76582908630371,26.76582908630371,26.71139011189089,26.729536436695163,36800
1995-01-10,26.79302978515625,26.938200281791026,26.79302978515625,26.829322409314944,229800
1995-01-11,26.811168670654297,26.883753898865884,26.602486139545988,26.883753898865884,222400
1995-01-12,26.820255279541016,26.838401595697672,26.72952369875772,26.783962647227696,40300
1995-01-13,27.137819290161133,27.137819290161133,26.929136627615595,26.965429264580035,170600
1995-01-16,27.301132202148438,27.310205360075372,27.128742201536664,27.128742201536664,105100
1995-01-17,27.310224533081055,27.328370861674465,27.210419725817303,27.246712383004123,89500
1995-01-18,27.283002853393555,27.33744183481037,27.21949070840727,27.292076016963023,84500
1995-01-19,27.128746032714844,27.219477624797502,27.110599714298314,27.192258147172705,139100
1995-01-20,27.0289306640625,27.101515909216072,26.974491730197318,27.092442753571877,78700
1995-01-23,27.1106014251709,27.110601425170902,26.82933347196464,26.847479791526336,53700
1995-01-24,27.14689064025879,27.14689064025879,27.08337852980364,27.10152484707654,32400
1995-01-25,27.21947479248047,27.319279533386233,27.010792152404786,27.010792152404786,15700
1995-01-26,27.246692657470703,27.282985288383088,27.146887922461655,27.20132686883023,9800
1995-01-27,27.355573654174805,27.428158924235632,27.24669574908356,27.428158924235632,91200
1995-01-30,27.237628936767578,27.31928738461265,27.201336293280878,27.301141062869302,26600
1995-01-31,27.346508026123047,27.391873832403938,27.24670325230508,27.292069058585973,127500
1995-02-01,27.337434768676758,27.482605348264823,27.29206896255549,27.38280057479803,380200
1995-02-02,27.500757217407227,27.50075721740723,27.328367119376633,27.328367119376633,131700
1995-02-03,27.890888214111328,27.936254004960567,27.62776662718575,27.673132418034985,405100
1995-02-06,28.008840560913086,28.090498988204377,27.854596864918424,27.881816340682185,405400
1995-02-07,28.045135498046875,28.054208657379792,27.954403904717704,28.054208657379792,702900
1995-02-08,28.045135498046875,28.144940250708967,27.990696542049374,28.00884286071521,521500
1995-02-09,28.045135498046875,28.04513549804688,27.945330745384787,27.99976970138229,390700
1995-02-10,28.081418991088867,28.08141899108887,27.927175332656393,28.008833740061824,148300
1995-02-13,28.090490341186523,28.144929275956265,28.063270873801656,28.063270873801656,79700
1995-02-14,28.126794815063477,28.18123377277005,28.017916899650327,28.18123377277005,170200
1995-02-15,28.281038284301758,28.317330922459348,28.09957509351381,28.126794572132003,431500
1995-02-16,28.24473762512207,28.2719570960104,28.163079212457088,28.24473762512207,99300
1995-02-17,28.135854721069336,28.23565942985094,28.12678156572555,28.217513119163375,49100
1995-02-21,28.126794815063477,28.18123377277005,28.117721655445713,28.135867974681236,168000
1995-02-22,28.33547019958496,28.335470199584957,28.135860739325313,28.15400705389437,386400
1995-02-23,28.380844116210938,28.544160994117522,28.37177095632724,28.444356235396832,402800
1995-02-24,28.453428268432617,28.462501427956987,28.344550354140143,28.417135630335125,307600
1995-02-27,28.226591110229492,28.453420032683923,28.181225325738605,28.371761620600328,280900
1995-02-28,28.462499618530273,28.462499618530273,28.19937800905071,28.19937800905071,493500
1995-03-01,28.281038284301758,28.471574634629103,28.253818805683565,28.435281996471513,242600
1995-03-02,28.31732749938965,28.31732749938965,28.190303281193092,28.271961707176594,488600
1995-03-03,28.326396942138672,28.326396942138672,28.154006954342183,28.226592212361755,290000
1995-03-06,28.34454345703125,28.34454345703125,28.099568209483284,28.13586083874965,85700
1995-03-07,28.126794815063477,28.308258007418722,27.9997705804148,28.244745890094386,180900
1995-03-08,28.199378967285156,28.23567160430869,28.07235473770279,28.172159489517504,155900
1995-03-09,28.1903018951416,28.217521369131116,28.11771663116956,28.1903018951416,63500
1995-03-10,28.6076602935791,28.68024554012164,28.181221970141667,28.21751459341294,192100
1995-03-13,28.580446243286133,28.680250976199194,28.55322677067348,28.589519400823683,261300
1995-03-14,28.789125442504883,28.825418068338482,28.662101252087275,28.662101252087275,223300
1995-03-15,28.734691619873047,28.78913056831613,28.625813722986884,28.743764777946893,278500
1995-03-16,28.907087326049805,28.925233645777393,28.70747780904632,28.70747780904632,20400
1995-03-17,28.93583106994629,28.972320138130332,28.84460839948618,28.862852933578203,89900
1995-03-20,28.93583106994629,28.972320138130332,28.881097467670223,28.972320138130332,91700
1995-03-21,28.862857818603516,29.11828133912213,28.817246475653764,28.935835967323122,104400
1995-03-22,28.890230178833008,28.917596989864425,28.799007475394948,28.917596989864425,74900
1995-03-23,28.90847396850586,28.99057439946722,28.81725126743768,28.853740347864953,220500
1995-03-24,29.3189697265625,29.3189697265625,28.999690342483568,28.999690342483568,134000
1995-03-27,29.43756103515625,29.437561035156246,29.291604736252467,29.36458288570436,132100
1995-03-28,29.43756103515625,29.437561035156246,29.328093810978412,29.36458288570436,121900
1995-03-29,29.428434371948242,29.71122465884545,29.264233560201475,29.41018983730971,246100
1995-03-30,29.373703002929688,29.492292487103004,29.255113518756367,29.492292487103004,298400
1995-03-31,29.255117416381836,29.291606493296563,28.9267157241493,29.145650185637656,541300
1995-04-03,29.32809066772461,29.32809066772461,29.227745722982785,29.24599025839039,193300
1995-04-04,29.5196590423584,29.5196590423584,29.33721368362936,29.33721368362936,66900
1995-04-05,29.5196590423584,29.547025846167756,29.437558630930333,29.455803166803236,107200
1995-04-06,29.629133224487305,29.656500034731597,29.537910523672995,29.592644144161582,352500
1995-04-07,29.60177230834961,29.692995027327573,29.464938229882662,29.692995027327573,361400
1995-04-10,29.656492233276367,29.656492233276367,29.537902753413988,29.55614728877743,285400
1995-04-11,29.55615234375,29.738597728587962,29.537907805266205,29.729475459346062,250300
1995-04-12,29.656492233276367,29.656492233276367,29.54702502109571,29.601758627186037,150900
1995-04-13,29.820701599121094,29.829823869417552,29.692989814970684,29.7112343555636,243400
1995-04-17,29.647361755371094,29.957518770658055,29.556139103816108,29.93015197519156,178900
1995-04-18,29.547019958496094,29.67473168415801,29.47404182954643,29.67473168415801,329500
1995-04-19,29.5196590423584,29.61088172172292,29.36458048743872,29.547025846167756,223000
1995-04-20,29.565269470214844,29.64736987911084,29.4466799906984,29.601758540835284,207900
1995-04-21,29.711227416992188,29.72034968515829,29.57439339450067,29.57439339450067,145000
1995-04-24,30.057870864868164,30.057870864868164,29.692980171516197,29.692980171516197,169000
1995-04-25,29.97578239440918,30.05788283310354,29.957537852477095,30.01227147827334,293200
1995-04-26,30.003143310546875,30.02138784889321,29.84806473460303,29.92104288798837,204400
1995-04-27,30.07611656188965,30.094361097262347,29.93928254659443,29.957527081967125,502200
1995-04-28,30.121721267700195,30.167332596088595,29.87542009440283,30.066987673634113,130800
1995-05-01,30.039640426635742,30.158229957624588,30.039640426635742,30.094374056322902,518700
1995-05-02,30.10348129272461,30.149092628016614,30.003136355082194,30.066992224491003,228400
1995-05-03,30.523103713989258,30.523103713989258,30.20382438643707,30.20382438643707,724700
1995-05-04,30.5048770904541,30.76030070245551,30.431898915596555,30.55961072159726,311400
1995-05-05,30.4683837890625,30.632584659782,30.404527894893807,30.632584659782,314900
1995-05-08,30.68732261657715,30.787667607297227,30.41365446006784,30.44102127571877,183100
1995-05-09,30.659948348999023,30.85151601199485,30.61433700066668,30.81502693332898,180600
1995-05-10,30.696435928344727,30.75116954367016,30.55047962081025,30.742047274449252,330300
1995-05-11,30.778539657592773,30.77853965759277,30.641705604580356,30.74205057678946,351700
1995-05-12,30.79676628112793,30.869744400277522,30.650810042828745,30.659932307722443,94600
1995-05-15,30.942745208740234,30.942745208740234,30.81503340658152,30.878889307660877,147200
1995-05-16,30.96096420288086,31.033942315321354,30.8788638263853,30.93359741071567,221600
1995-05-17,30.842382431030273,30.97009415952315,30.81501563206751,30.96097189320223,189200
1995-05-18,30.39540672302246,30.805908914659916,30.395406723022457,30.787664372809363,577800
1995-05-19,30.41364288330078,30.46837649376863,30.304175662365086,30.349787004421625,363900
1995-05-22,30.751197814941406,30.79680920297899,30.495774041930915,30.51401859714595,216000
1995-05-23,31.03396224975586,31.033962249755856,30.71468280274191,30.80590550188875,136800
1995-05-24,31.01572036743164,31.189043510661403,30.824152682809267,31.088698533002066,370800
1995-05-25,31.043081283569336,31.07044809046052,30.778535483621198,30.924491787040857,379900
1995-05-26,30.68732261657715,30.933623957435525,30.568733082089782,30.92450168555188,518600
1995-05-30,30.678184509277344,30.842385318426018,30.577839570353152,30.760284913851677,61500
1995-05-31,31.316749572753906,31.31674957275391,30.6234571266341,30.6234571266341,564500
1995-06-01,31.234642028808594,31.471820969447908,31.088685757645933,31.179908427122594,810100
1995-06-02,31.262020111083984,31.48095459683421,30.9974742741358,31.106941517010913,112900
1995-06-05,31.45357894897461,31.553923893417394,31.234644524735806,31.262011327765656,257200
1995-06-06,31.398845672607422,31.53567968919345,31.398845672607422,31.426212475924626,165800
1995-06-07,31.234642028808594,31.35323149912825,31.19815296101793,31.33498696523292,41900
1995-06-08,31.161684036254883,31.31676267460861,31.161684036254886,31.22553994616524,141100
1995-06-09,30.979230880737305,31.134309480552538,30.79678546918997,31.097820398243073,304900
1995-06-12,31.152557373046875,31.28026917486903,31.06133465745962,31.079579200577072,378500
1995-06-13,31.490079879760742,31.508324421985403,31.27114537306484,31.29851218640183,120000
1995-06-14,31.462705612182617,31.49919468798683,31.344116115818924,31.444461074280508,389400
1995-06-15,31.59955406188965,31.66340997367753,31.453597692088774,31.5083313307641,274500
1995-06-16,31.693342208862305,31.69334220886231,31.53735297390265,31.53735297390265,325100
1995-06-19,32.051212310791016,32.06956399261798,31.76676124247309,31.785112924300055,134600
1995-06-20,31.968626022338867,32.06956026064132,31.94109850280184,31.959450182493192,287800
1995-06-21,31.95026397705078,32.09707736695107,31.95026397705078,32.069549856344764,158200
1995-06-22,32.372371673583984,32.390723358206195,32.087920561939676,32.087920561939676,297000
1995-06-23,32.308135986328125,32.317311827278516,32.207201735873824,32.298960145377734,315400
1995-06-26,31.922744750976562,32.271426642479035,31.922744750976562,32.21637160697865,132900
1995-06-27,31.8585205078125,32.12461990145494,31.84016882549233,31.913575554773004,127700
1995-06-28,32.02366638183594,32.152128080788856,31.757567148290594,31.858501340325034,212600
1995-06-29,31.968626022338867,32.10626362002402,31.74840586604262,32.02368106141293,89200
1995-06-30,31.95026397705078,32.14295655129491,31.886033118969404,32.032846508869696,714100
1995-07-03,32.069549560546875,32.069549560546875,31.986967029489673,31.986967029489673,9500
1995-07-05,32.18885040283203,32.335663859629435,32.08791615128381,32.161322879682515,409300
1995-07-06,32.601768493652344,32.601768493652344,32.13380052484394,32.19803142252353,202500
1995-07-07,32.74857711791992,32.75775295908493,32.519181088794674,32.537532771124695,481700
1995-07-10,32.766937255859375,32.85869569118802,32.71188219466219,32.776113099392234,400400
1995-07-11,32.610958099365234,32.766947488135415,32.565078867374005,32.73941994894068,420500
1995-07-12,33.0146598815918,33.0697149008496,32.610923073701294,32.67515392950206,203400
1995-07-13,32.9412727355957,33.042206997459644,32.90456936764518,32.96880026155859,215600
1995-07-14,32.913734436035156,32.94126195298752,32.7393934953369,32.76692101228925,543700
1995-07-17,33.09724807739258,33.13395142984879,32.932082991339605,32.959610505681766,171500
1995-07-18,32.81281280517578,33.042208867851784,32.78528527765466,33.042208867851784,221200
1995-07-19,32.454933166503906,32.721032420625654,31.83097629477016,32.68432907522955,486600
1995-07-20,32.5742301940918,32.63846107053085,32.31730668833558,32.49164763867016,318900
1995-07-21,32.53753662109375,32.66599841260399,32.40907482958351,32.546712463344484,94000
1995-07-24,32.77609634399414,32.81279969936256,32.58340372830997,32.58340372830997,108400
1995-07-25,33.02384567260742,33.069724869151756,32.711867136105994,32.812801368503514,107400
1995-07-26,32.996334075927734,33.1614992631821,32.98715823219138,33.00550991966409,167800
1995-07-27,33.271602630615234,33.29913015623351,33.1523166862694,33.1523166862694,187700
1995-07-28,33.06056213378906,33.29913405038038,33.0330346049516,33.29913405038038,415600
1995-07-31,32.97797393798828,33.11561155876453,32.904567206907615,33.088084034609274,342500
1995-08-01,32.92293930053711,33.02387361834812,32.739422359062544,33.02387361834812,141000
1995-08-02,32.84951400756836,33.3541853121539,32.794458956159026,33.115613422713466,240400
1995-08-03,32.84033203125,32.858683711625105,32.56505682562343,32.62011186674874,1193600
1995-08-04,32.87704849243164,32.9321035554946,32.84034511705633,32.90457602396312,240500
1995-08-07,32.950443267822266,33.05137751342128,32.93209158680427,32.950443267822266,193100
1995-08-08,32.950443267822266,33.06972919443928,32.84950902222326,32.96879494884027,951900
1995-08-09,32.9412727355957,33.060558681434905,32.91374520963281,33.060558681434905,107100
1995-08-10,32.86786651611328,33.05138335874931,32.73022888413625,32.9779766216949,280800
1995-08-11,32.68433380126953,32.877026392461744,32.546696236132235,32.84032304175847,257200
1995-08-14,32.97797393798828,32.97797393798828,32.69352285505071,32.76692958613137,254800
1995-08-15,32.913734436035156,32.96878946993987,32.68433846143218,32.96878946993987,44400
1995-08-16,33.005516052246094,33.005516052246094,32.849526679744514,32.88623006150959,374900
1995-08-17,32.950443267822266,33.023849991894274,32.831157341205255,33.023849991894274,353800
1995-08-18,32.987159729003906,33.12479739129461,32.95963219654577,33.11562154714189,85400
1995-08-21,32.8953857421875,33.26241933484789,32.886209902370986,33.124781737600244,266700
1995-08-22,32.95962142944336,33.014676476374504,32.77610460633956,32.94126974713298,220200
1995-08-23,32.84033203125,33.00549715462594,32.84033203125,32.98714547425084,176500
1995-08-24,32.87704849243164,32.94127939933843,32.73941083477424,32.84952096090016,167400
1995-08-25,33.06056213378906,33.11561719146398,32.932100332547584,32.932100332547584,195000
1995-08-28,32.9412727355957,33.15231710131122,32.88621768366991,33.15231710131122,293000
1995-08-29,33.02384567260742,33.03302151191629,32.748570493341454,32.977966476063095,1133100
1995-08-30,33.09724807739258,33.13395142984879,33.01466553436609,33.0513688868223,437400
1995-08-31,33.124794006347656,33.17984906563799,33.06056310384228,33.08809063348744,491900
1995-09-01,33.271602630615234,33.32665768185178,33.088085793160104,33.11561331877838,629900
1995-09-05,33.58359146118164,33.60194315050469,33.31749196599741,33.37254703396656,272200
1995-09-06,33.64781951904297,33.68452289457505,33.601940299627856,33.61111614351088,214500
1995-09-07,33.66615295410156,33.70285630973427,33.620273759560675,33.68450463191792,258800
1995-09-08,33.79462432861328,33.79462432861328,33.57440413206517,33.79462432861328,107300
1995-09-11,33.88639450073242,33.950625413677216,33.84969112190682,33.84969112190682,260700
1995-09-12,34.04238510131836,34.04238510131836,33.812988975298694,33.895571580665774,139500
1995-09-13,34.198368072509766,34.24424728913508,33.99649951935838,34.00567536268344,239800
1995-09-14,34.51033020019531,34.53785771697292,34.225879193493356,34.31763758275205,457600
1995-09-15,34.50081253051758,34.58383587617925,34.36244028774812,34.48236289814832,431200
1995-09-18,34.37168502807617,34.39935949267205,34.205638240500924,34.38090984960813,307500
1995-09-19,34.537715911865234,34.55616554643353,34.316320297045586,34.43624292173956,549600
1995-09-20,34.70376968383789,34.70376968383789,34.56539739642227,34.59307185390539,290800
1995-09-21,34.41781234741211,34.68533219680234,34.27944001152061,34.65765772962404,508500
1995-09-22,34.4270133972168,34.46391266130813,34.11336965244043,34.141044100508935,449900
1995-09-25,34.37168502807617,34.46393324339575,34.25176234816072,34.46393324339575,130000
1995-09-26,34.362449645996094,34.55617083863124,34.279426277723886,34.47314747035903,466600
1995-09-27,34.33477020263672,34.35321983735066,34.00267677778585,34.21484757699613,654400
1995-09-28,34.59307098388672,34.59307098388672,34.334776053873696,34.36245051066081,456200
1995-09-29,34.52848434448242,34.77755436246292,34.482360267078626,34.56538360640546,606600
1995-10-02,34.35321044921875,34.61150526462641,34.27018711569486,34.52848193110252,293100
1995-10-03,34.39012908935547,34.44547800956366,34.2148575086962,34.35322980921667,839700
1995-10-04,34.35321044921875,34.40855933823468,34.307086375038814,34.40855933823468,248800
1995-10-05,34.454689025878906,34.454689025878906,34.297867148117206,34.39011531150644,268800
1995-10-06,34.482364654541016,34.58383763774057,34.473139837886514,34.473139837886514,75300
1995-10-09,34.196388244628906,34.37165972470659,34.131814541442395,34.353210095224725,358200
1995-10-10,34.17794418334961,34.17794418334961,33.80895153359685,33.84585079857212,360800
1995-10-11,34.28866195678711,34.29788677840583,34.16873927574373,34.29788677840583,228100
1995-10-12,34.50081253051758,34.51926216288684,34.31631620682497,34.31631620682497,199800
1995-10-13,34.61151123046875,34.74988347685922,34.61151123046875,34.657635312598906,488100
1995-10-16,34.44547653198242,34.57462400692826,34.44547653198242,34.51005026945534,443600
1995-10-17,34.67608642578125,34.71298569306062,34.41779155482571,34.4823652725646,146000
1995-10-18,34.777565002441406,34.88826282207782,34.666867182804985,34.842138730562645,228100
1995-10-19,34.943607330322266,34.943607330322266,34.71298690179585,34.75911098750113,500600
1995-10-20,34.73143768310547,34.943608484356844,34.73143768310547,34.91593403201971,748400
1995-10-23,34.65761947631836,34.7221931617946,34.56537135420945,34.56537135420945,533000
1995-10-24,34.694541931152344,34.74066602305762,34.61151856572283,34.7037667495334,172200
1995-10-25,34.4085578918457,34.76832565532612,34.4085578918457,34.722201583085045,302700
1995-10-26,34.09490966796875,34.491576636508434,33.81816527131316,34.463902196842874,606800
1995-10-27,34.35321044921875,34.35321044921875,33.901194522255345,34.058016374467144,905800
1995-10-30,34.57461166381836,34.59306129650984,34.436239418632326,34.436239418632326,488700
1995-10-31,34.4270133972168,34.740657141993154,34.4270133972168,34.66685861381048,508200
1995-11-01,34.70376968383789,34.70376968383789,34.38090101320144,34.40857547068456,415700
1995-11-02,34.92515182495117,34.92515182495117,34.648407357241574,34.648407357241574,326000
1995-11-03,34.97127914428711,34.98050396073245,34.86980616338836,34.97127914428711,615000
1995-11-06,34.85137939453125,34.962077264498,34.842154572034026,34.962077264498,311200
1995-11-07,34.722225189208984,34.83292303784621,34.61152734057176,34.83292303784621,358200
1995-11-08,35.03585433959961,35.05430397326975,34.768334651382546,34.768334651382546,357200
1995-11-09,35.16500473022461,35.17422954783484,34.99895801324033,35.17422954783484,503700
1995-11-10,35.14656066894531,35.19268476431138,34.962064287481034,34.971289106554245,795600
1995-11-13,35.10964584350586,35.22034362335926,35.01739769362802,35.08197139854251,818500
1995-11-14,34.87903594970703,35.118881211461165,34.87903594970703,35.04508266938297,341800
1995-11-15,35.229583740234375,35.23880855922894,34.897490256430125,34.91593989441925,584700
1995-11-16,35.42329025268555,35.46018951336543,35.2203443189462,35.229569134116176,577700
1995-11-17,35.53399658203125,35.54322139942015,35.432523590753384,35.478647677697865,267000
1995-11-20,35.34949493408203,35.598564966237625,35.34027011807627,35.58934015023186,448800
1995-11-21,35.63546371459961,35.63546371459961,35.3771688701759,35.38639368604817,119200
1995-11-22,35.5247802734375,35.644702928216695,35.5247802734375,35.6078036498231,351600
1995-11-24,35.61702346801758,35.61702346801758,35.53400010329026,35.561674558199364,62400
1995-11-27,35.62622833251953,35.801499782109865,35.62622833251953,35.69080202447386,273000
1995-11-28,36.00445556640625,36.00445556640625,35.51554033580939,35.59856367685414,479000
1995-11-29,36.04134750366211,36.06902194505218,35.921424924305164,36.06902194505218,549200
1995-11-30,35.958335876464844,36.133607395616416,35.921436609275034,36.041359227641905,286200
1995-12-01,36.00445556640625,36.05980446043608,35.9214322253615,36.00445556640625,465200
1995-12-04,36.44727325439453,36.44727325439453,36.04138106932914,36.08750518126839,631700
1995-12-05,36.6871223449707,36.72402163825204,36.38270317539966,36.41037764536066,567700
1995-12-06,36.7701301574707,36.917727267987395,36.604083408139424,36.779354976878,272800
1995-12-07,36.57640075683594,36.77012192099573,36.54872630481311,36.72399783429101,289700
1995-12-08,36.69631576538086,36.74243984251181,36.46569537972613,36.73321502708562,296900
1995-12-11,36.85313415527344,36.92693267172956,36.69631230780419,36.77011082426031,186500
1995-12-12,36.742469787597656,36.81626837115296,36.687120849931176,36.687120849931176,299400
1995-12-13,36.973060607910156,37.01918468551483,36.78856429749144,36.78856429749144,390700
1995-12-14,36.70556640625,37.07455928291499,36.613318187083756,37.00998552949862,395000
1995-12-15,36.71898651123047,36.75611389900725,36.58904065401176,36.75611389900725,416700
1995-12-18,36.01357650756836,36.39413234179782,36.004294657953004,36.39413234179782,862300
1995-12-19,36.394134521484375,36.44054377234065,35.98573311394923,36.032142364805495,1022600
1995-12-20,36.04138946533203,36.542608891324285,36.04138946533203,36.50548152643597,1349800
1995-12-21,36.22705078125,36.33843295121541,36.087823068793234,36.25489632374135,857600
1995-12-22,36.35698699951172,36.459087294889464,36.319859619374355,36.4219599147521,332800
1995-12-26,36.53334045410156,36.5519041433567,36.43124016319833,36.505494920218865,432200
1995-12-27,36.51479721069336,36.62617940859075,36.449824261919886,36.62617940859075,151800
1995-12-28,36.47766876220703,36.62617835513205,36.384850266628895,36.440541363975775,256200
1995-12-29,36.52407455444336,36.55192010048233,36.38484682424853,36.5147927057637,339200
1996-01-02,36.91389083862305,36.91389083862305,36.44051682988034,36.477644203115055,514400
1996-01-03,37.016014099121094,37.12739628798504,36.83037711768117,37.03457779726509,610300
1996-01-04,36.66331100463867,37.20165835609919,36.36629177624666,37.062430592790435,1129700
1996-01-05,36.589046478271484,36.681864962488305,36.33843657088607,36.42197320668121,302400
1996-01-08,36.7282600402832,36.774669264493824,36.67256897123046,36.71897819544108,179900
1996-01-09,36.09711456298828,36.86750811113126,36.01357791318964,36.839662561198374,415500
1996-01-10,35.62372589111328,36.12494558838272,35.42880711995294,36.050690818416875,787700
1996-01-11,35.83721160888672,35.83721160888672,35.51234696078752,35.679420208381394,513200
1996-01-12,35.781524658203125,35.939316076929316,35.447378124430024,35.93003422876895,390400
1996-01-15,35.70726776123047,35.91146840868227,35.55875819944734,35.79080438973348,154200
1996-01-16,36.14352035522461,36.17136590249366,35.577327560753965,35.88362858071349,454600
1996-01-17,36.032142639160156,36.310598146417966,35.91147858601511,36.059988189885935,407600
1996-01-18,36.15279769897461,36.18064324277356,35.865060413052085,36.171361394840574,425600
1996-01-19,36.394134521484375,36.48695302319691,36.115679016346775,36.15280641703179,169800
1996-01-22,36.40340042114258,36.48693703608146,36.30130011399506,36.366273036725296,288200
1996-01-23,36.48693084716797,36.48693084716797,36.31057580109924,36.3848305573387,362200
1996-01-24,36.78395462036133,36.858209386185926,36.52406293997523,36.542626631431375,1506500
1996-01-25,36.65402603149414,36.83038118332964,36.60761678101112,36.81181748313643,298400
1996-01-26,36.9696044921875,36.988168190149935,36.57976683497638,36.62617607988247,726300
1996-01-29,37.11810302734375,37.11810302734375,36.91390241053916,36.94174794919433,254800
1996-01-30,37.43368148803711,37.50793624923332,37.145944288401815,37.192353514149445,272100
1996-01-31,37.82353210449219,37.832813952861386,37.40584892787816,37.424412624616565,498000
1996-02-01,37.9627685546875,37.9627685546875,37.75856784363539,37.786413395142496,373900
1996-02-02,37.80495834350586,38.02772264506347,37.72142173042175,37.94418603197936,496200
1996-02-05,38.11128234863281,38.16697345776379,37.684317178628646,37.74000828775962,295300
1996-02-06,38.4732666015625,38.510393999971726,38.0741470686633,38.12983816627714,301600
1996-02-07,38.69601821899414,38.69601821899414,38.42684466937772,38.46397205553171,585100
1996-02-08,39.11370086669922,39.150828252429356,38.5660719271797,38.640326698639974,1526600
1996-02-09,39.104408264160156,39.42927279994122,38.918771386570974,39.09512642028069,804600
1996-02-12,39.40143585205078,39.5777909241801,39.14154416680757,39.178671550413746,626500
1996-02-13,39.31790542602539,39.614924541613874,39.20652325767971,39.23436879976613,1045900
1996-02-14,38.97447204589844,39.420000661807734,38.95590835356889,39.29005481550085,431400
1996-02-15,38.73314666748047,39.15082977316861,38.68673743351512,38.890938062962654,889500
1996-02-16,38.57533645629883,38.75169145934735,38.45467250684457,38.65887303669023,606100
1996-02-20,38.19478988647461,38.38970861979562,37.94418008649045,38.278326486469325,492300
1996-02-21,38.66817855834961,38.696024102198635,38.26905909651355,38.26905909651355,434000
1996-02-22,39.280784606933594,39.40144864282446,38.853819556858234,38.88166510360227,721400
1996-02-23,39.16938400268555,39.56850331835272,38.807392065219965,39.50353040649992,1430400
1996-02-26,38.61247634887695,39.14154152961878,38.593912658324605,39.05800492213322,1408400
1996-02-27,38.49181365966797,38.71457795381604,38.31545859346742,38.705296108226534,601000
1996-02-28,38.31547927856445,39.04874547599822,38.31547927856445,38.798135509786675,865900
1996-02-29,37.94419479370117,38.584642308565506,37.94419479370117,38.09270436236537,914300
1996-03-01,38.54751968383789,38.54751968383789,37.786408050301965,38.39901009680649,1452600
1996-03-04,38.770263671875,39.00230977955919,38.501090186961335,38.631036007264484,652600
1996-03-05,39.13228225708008,39.13228225708008,38.65890787493798,38.67747157619846,402000
1996-03-06,38.78883361816406,39.187952987769485,38.78883361816406,39.07657083811216,624700
1996-03-07,38.98375701904297,39.00232071286156,38.75171084631057,38.863093009222126,534200
1996-03-08,37.72142028808594,38.538222695898824,36.83036311592643,38.12982149199238,2289900
1996-03-11,38.157684326171875,38.2133754246776,37.46154559485032,37.57292779186177,1511400
1996-03-12,37.86064910888672,38.04628602533137,37.36871128030839,37.90705833799788,1385300
1996-03-13,38.120548248291016,38.27833965813298,37.89778390498471,38.11126640065325,1019300
1996-03-14,38.28761291503906,38.50109536280777,38.15766707726681,38.17623076837713,725600
1996-03-15,38.26190185546875,38.38310183697974,38.038148043448466,38.22460955346537,869200
1996-03-18,38.99840545654297,38.99840545654297,38.53225191295532,38.61615955080109,917600
1996-03-19,38.91451644897461,39.34337791439216,38.78399339428231,39.34337791439216,858300
1996-03-20,38.867881774902344,39.10095854256187,38.569543512298154,39.10095854256187,744300
1996-03-21,38.774654388427734,38.93314660400919,38.64413138736066,38.914500460999605,650800
1996-03-22,38.877201080322266,38.97975484816005,38.74667810307418,38.793293452091355,344500
1996-03-25,38.80262756347656,39.26878118629584,38.70007376645632,39.231488896470296,802400
1996-03-26,38.98907470703125,39.09162846642325,38.70005956692653,38.73735184306907,969400
1996-03-27,38.63481140136719,39.07299579708733,38.59751911236973,39.04502658033923,809600
1996-03-28,38.78398132324219,38.80262746810914,38.485643005371095,38.49496607780457,1001300
1996-03-29,38.59752655029297,38.89586491976383,38.41106506937368,38.89586491976383,457700
1996-04-01,39.045021057128906,39.05434412805945,38.66277514897649,38.7839750710736,773400
1996-04-02,39.11962127685547,39.11962127685547,38.96112900762131,39.09165205287297,638800
1996-04-03,39.11962127685547,39.14759050083797,38.88654441033464,38.97977515694298,288000
1996-04-04,39.09164810180664,39.212848060147564,39.08232502808811,39.11961732296224,934900
1996-04-08,38.42038345336914,38.42038345336914,37.94490673506731,38.112722047409136,2217200
1996-04-09,38.271209716796875,38.5695480142238,38.19662514244015,38.5695480142238,1180900
1996-04-10,37.59063720703125,38.373775482177734,37.44146801176525,38.20596013750349,939500
1996-04-11,37.54401397705078,37.87032152341203,37.068537266638664,37.68386006834846,1276000
1996-04-12,38.01948547363281,38.07542390248072,37.693177972019974,37.8050548297158,411300
1996-04-15,38.33649444580078,38.38310983301601,38.09409443228161,38.215294439041195,484200
1996-04-16,38.448360443115234,38.57888349020631,38.327160470816374,38.41106814394635,429700
1996-04-17,38.35511779785156,38.52293309205704,38.09407178464304,38.41105622925339,525300
1996-04-18,38.41107177734375,38.53227176110722,38.24325641520973,38.4483640800402,818600
1996-04-19,38.50429916381836,38.70008373583777,38.439037639811886,38.59752991239903,885100
1996-04-22,38.80262756347656,38.95179672277873,38.54158153469777,38.85856599821487,828900
1996-04-23,38.923828125,38.95179734281437,38.653459019461074,38.737366672904194,225400
1996-04-24,38.78398132324219,39.11961193084717,38.700073671340945,39.11961193084717,699000
1996-04-25,38.96112060546875,39.1196128405233,38.634813062709384,38.867889878966075,475500
1996-04-26,39.045021057128906,39.26877475946202,38.9238211350318,39.06366719899,563300
1996-04-29,39.045021057128906,39.119605624573275,38.877205780379064,38.877205780379064,219900
1996-04-30,39.01704788208008,39.119601651901554,38.85855569235598,39.04501709203139,184400
1996-05-01,39.100975036621094,39.259467305486744,38.95180584239459,39.00774429022953,561900
1996-05-02,38.42970657348633,39.00773709448491,38.24324511509969,38.793306417340276,1299600
1996-05-03,38.3737678527832,38.77465998535601,38.03813723016411,38.653460038299116,1329300
1996-05-06,38.33649444580078,38.52295599466168,38.00086365785116,38.52295599466168,647500
1996-05-07,38.17796325683594,38.336455411992524,38.04744030553052,38.336455411992524,582100
1996-05-08,38.653465270996094,38.653465270996094,37.637250192718575,37.99152700899881,1694700
1996-05-09,38.62549591064453,38.82128046631036,38.485649799454656,38.52294209577195,593400
1996-05-10,39.00773620605469,39.13825922395257,38.82127475191484,39.00773620605469,925100
1996-05-13,39.59507751464844,39.76289277136228,39.06366253505462,39.10095481432436,867500
1996-05-14,39.83747100830078,39.94002476001885,39.7162711199067,39.75356339325872,632300
1996-05-15,39.790889739990234,40.163812792848624,39.762920511025854,39.84682819791899,466100
1996-05-16,39.87477111816406,39.94003260935582,39.54846366220527,39.56710980254577,514400
1996-05-17,40.089202880859375,40.154464373921236,39.97732603561047,39.97732603561047,427700
1996-05-20,40.35959243774414,40.424853963977505,39.96802328034399,40.36891551292034,788500
1996-05-21,40.30365753173828,40.49944212765929,40.27568830374957,40.42485751968938,352700
1996-05-22,40.685909271240234,40.685909271240234,40.210432329711075,40.35027848898436,1218100
1996-05-23,40.51806640625,40.83505081900023,40.29431270313219,40.74182010936781,967900
1996-05-24,40.676570892333984,40.76980163011151,40.5367247856677,40.5553709332232,659100
1996-05-28,40.266357421875,40.79777265064251,40.16380360579706,40.79777265064251,456400
1996-05-29,39.9959831237793,40.38755218932679,39.86546010193014,40.35025989736989,649600
1996-05-30,40.20109558105469,40.40620321157027,39.8281726164809,39.94004950585303,895800
1996-05-31,39.90276336669922,40.359594068794614,39.90276336669922,40.191778708841206,923500
1996-06-03,40.01462173461914,40.04259094831995,39.8001910962463,39.91206795104952,503100
1996-06-04,40.2943115234375,40.331603806198665,40.12649625101226,40.20108081653459,627100
1996-06-05,40.64857482910156,40.69519016720833,40.229036786140654,40.31294439473284,428000
1996-06-06,40.35026931762695,40.87236152691233,40.275684716300475,40.87236152691233,523300
1996-06-07,40.35026931762695,40.35959239279276,39.492546402372405,39.492546402372405,1422800
1996-06-10,40.219730377197266,40.41551487833801,40.15446887681702,40.29431494906041,548800
1996-06-11,40.18244171142578,40.59265689363059,40.18244171142578,40.368903157882514,688700
1996-06-12,40.107845306396484,40.415506602331185,40.04258381938003,40.312952837019616,1120600
1996-06-13,40.107845306396484,40.25701441957694,39.87476856705201,40.20107600213427,1502000
1996-06-14,39.940040588378906,40.12650202903427,39.809517579920154,40.12650202903427,1468200
1996-06-17,39.91208267211914,40.107867240237454,39.80952885072384,39.958698045480645,1101000
1996-06-18,39.58576202392578,39.99597717443278,39.57643895232335,39.884100315203604,718000
1996-06-19,39.762916564941406,39.977347299054806,39.63239350939412,39.772239640337645,552100
1996-06-20,39.73494338989258,39.93072795375643,39.492543453680184,39.80020491118053,1234400
1996-06-21,40.07667541503906,40.07667541503907,39.81424629632506,39.92671591863106,573300
1996-06-24,40.15167236328125,40.32037686900932,40.09543752803856,40.17041730836215,416500
1996-06-25,40.10480880737305,40.29225825260498,40.05794644606506,40.26414083582019,454400
1996-06-26,39.8330078125,40.14229940257353,39.82363534007353,40.057947150735295,838200
1996-06-27,40.114192962646484,40.21729018755048,39.68305911304795,39.83301871290831,1090500
1996-06-28,40.254756927490234,40.48906866746399,40.170404701099685,40.28287433628709,1060800
1996-07-01,40.601566314697266,40.610938790762525,40.30164708060901,40.357881937000556,471300
1996-07-02,40.45159912109375,40.573441287121135,40.385991800925154,40.564068812811335,389400
1996-07-03,40.36724853515625,40.489090706263056,40.22666141464839,40.432855858059916,308300
1996-07-05,39.33625411987305,39.85173993750303,39.21441201752414,39.66429054927394,842900
1996-07-08,39.176937103271484,39.57995344189366,39.064467427376925,39.36438656309575,942000
1996-07-09,39.33625411987305,39.47684116104486,39.21441201752414,39.35499905869595,716300
1996-07-10,39.49560546875,39.49560546875,38.94262950229147,39.32690093661011,1132300
1996-07-11,38.69892883300781,39.401864086695284,38.31465756099199,39.32688432630196,1587400
1996-07-12,38.72706985473633,38.93326432153309,38.43652310606817,38.76455975779029,1312000
1996-07-15,37.5836296081543,38.820796468073596,37.5836296081543,38.820796468073596,1951300
1996-07-16,37.677345275878906,38.08973412964475,36.21523933980002,37.696090223777354,4141000
1996-07-17,38.127220153808594,38.389649397738445,37.78981112589878,38.23968982977853,1340500
1996-07-18,38.65208435058594,38.71769167125861,37.9866386694774,38.239695477786285,1432500
1996-07-19,38.370887756347656,38.61457194825412,38.164693440119116,38.55833713473724,1216000
1996-07-22,38.089725494384766,38.23968504357526,37.79917886782819,38.10847043803358,519800
1996-07-23,37.602352142333984,38.352149792230975,37.536744847967995,38.1459554385093,1479800
1996-07-24,37.677345275878906,37.90228465066027,36.96503725573791,37.15248673472239,2463400
1996-07-25,38.01475524902344,38.127224939109304,37.86479566224228,38.05224514571872,1989800
1996-07-26,38.220943450927734,38.27717828680453,38.02412152535895,38.12721872446641,642300
1996-07-29,37.79918670654297,38.22094802610519,37.752324337702724,38.16471318349689,1297900
1996-07-30,38.16471481323242,38.20220470990554,37.75232594982814,38.052245123213076,1868200
1996-07-31,38.445884704589844,38.548981908819606,38.09910319945337,38.19282793057133,767100
1996-08-01,39.08320236206055,39.22378942091688,38.42712942073099,38.483364244273524,1168600
1996-08-02,39.92673873901367,39.945483686778466,39.439370097129,39.58932967924736,1098500
1996-08-05,39.692405700683594,39.9454623604046,39.570563605262365,39.93608989152604,710200
1996-08-06,39.81427001953125,39.898622286521785,39.467488477459064,39.68305538199043,640000
1996-08-07,39.91737747192383,40.039219666602165,39.66432060605345,39.96423985449242,917800
1996-08-08,39.851749420166016,39.92672919329897,39.701789873900104,39.92672919329897,925100
1996-08-09,39.720542907714844,40.04857948198809,39.6268181722082,39.99234464068411,648800
1996-08-12,40.01109313964844,40.10481788347521,39.58933179242797,39.7392913825508,764200
1996-08-13,39.692405700683594,39.9642072981617,39.58930854301948,39.93608989152604,805200
1996-08-14,39.8330078125,39.87049770220588,39.589323529411764,39.70179319852941,533800
1996-08-15,39.75803756713867,39.96423200996683,39.71117519376864,39.72992014311665,632600
1996-08-16,40.09543991088867,40.11418485708357,39.870500556549885,39.870500556549885,475100
1996-08-19,40.114192962646484,40.142310387620306,39.964233362786125,40.10482048765522,436400
1996-08-20,40.086055755615234,40.13291810744551,39.99233105195469,40.12354563707945,645700
1996-08-21,39.94548416137695,40.0766987972895,39.814269525464404,39.98297405735197,266400
1996-08-22,40.32037353515625,40.3953533092802,40.02045443866043,40.03919938219142,584800
1996-08-23,40.10480880737305,40.31100319712818,39.97359419571069,40.245395891297,757100
1996-08-26,39.90800094604492,40.05796055504838,39.84239361710591,40.0110981772348,784700
1996-08-27,40.057960510253906,40.095450412462846,39.88925595031367,40.02047060804497,389400
1996-08-28,39.99235153198242,40.18917351046183,39.98297905681673,40.15168360979908,227600
1996-08-29,39.59870147705078,39.9454830047788,39.36438963399131,39.9454830047788,680200
1996-08-30,39.18629837036133,39.59868706404607,39.06445625631811,39.589314593735054,1500900
1996-09-03,39.43935775756836,39.49559258326832,38.61458031396902,38.67081513966898,1782000
1996-09-04,39.47686004638672,40.03920848009594,39.2800380945885,39.439370150806106,930200
1996-09-05,38.99884796142578,39.44872652478758,38.99884796142578,39.28939453359694,616600
1996-09-06,39.55181884765625,39.69240588147493,39.073822932672726,39.13943021512145,804900
1996-09-09,40.02045440673828,40.029826878496294,39.63618306465953,39.70179036696565,719200
1996-09-10,40.00172805786133,40.13294272346818,39.81427853556582,39.96423815340223,669900
1996-09-11,40.226646423339844,40.26413630817054,39.83300263261751,39.92672734469426,713500
1996-09-12,40.5078239440918,40.629666079971756,40.2828846163134,40.339119448258,713300
1996-09-13,41.12641906738281,41.163908966259186,40.86398977524819,40.97645947187731,2008800
1996-09-16,41.27637481689453,41.48256924150209,41.12641523536176,41.18265007843655,1220200
1996-09-17,41.18263626098633,41.37945814571112,40.92957955205446,41.31385085080286,604700
1996-09-18,41.079551696777344,41.23888374762043,40.92021964593427,41.12641406467237,225500
1996-09-19,41.23887634277344,41.26699375846169,40.95770218589089,41.013937017267395,410000
1996-09-20,41.38517761230469,41.469963999400235,41.22502554779088,41.35691548327284,948400
1996-09-23,41.37575912475586,41.45112480622171,41.09313781925889,41.281552022923535,466800
1996-09-24,41.366329193115234,41.75257822452441,41.18733573953537,41.33806706886578,1269800
1996-09-25,41.394588470458984,41.56416120429336,41.30038139610655,41.56416120429336,1353300
1996-09-26,41.37575912475586,41.71490469135222,41.23444847200737,41.45112480622171,773200
1996-09-27,41.41342544555664,41.43226685840721,41.22501131705092,41.43226685840721,407600
1996-09-30,41.37575912475586,41.639539009886356,41.34749699420616,41.46996622658818,578200
1996-10-01,41.601844787597656,41.630106910415314,41.26269931378572,41.422851343085796,561400
1996-10-02,41.88444900512695,41.9598146353656,41.69603492953034,41.75255915220933,609000
1996-10-03,41.84678268432617,41.92214834427092,41.72431348691594,41.90330692928474,342200
1996-10-04,42.41199493408203,42.41199493408203,41.90327709169189,42.01632550111192,754100
1996-10-07,42.45912551879883,42.581594707115755,42.355497744069126,42.39318057124356,235100
1996-10-08,42.28953170776367,42.61925628111447,42.21416609099777,42.47794574967841,386200
1996-10-09,41.959835052490234,42.43087047068163,41.912731510671094,42.35550480377101,528800
1996-10-10,41.875038146972656,42.119976502837964,41.82793461699856,41.95982450092603,1562200
1996-10-11,42.393184661865234,42.393184661865234,42.03519776916504,42.03519776916504,331300
1996-10-14,42.44968795776367,42.61926061272145,42.3837430363912,42.39316373944441,201600
1996-10-15,42.393184661865234,42.88306146240234,42.17650838470459,42.88306146240234,776900
1996-10-16,42.60042953491211,42.60042953491211,42.16707708939996,42.5062224815399,590100
1996-10-17,42.7134895324707,42.826538027042744,42.53449608273163,42.73233094823271,792500
1996-10-18,42.939579010009766,42.99610324740776,42.63811641055379,42.732323472883785,695800
1996-10-21,42.8830680847168,43.18453077775523,42.77001957482739,42.97727517629131,879200
1996-10-22,42.581600189208984,42.85480072139639,42.56275877319606,42.84538001338992,848900
1996-10-23,42.72288513183594,42.74172653652472,42.3177949310269,42.48736757322603,735900
1996-10-24,42.35549545288086,42.79826864822904,42.33665404031285,42.72290299795701,379300
1996-10-25,42.393184661865234,42.54391598510742,42.28013616943359,42.34608112335205,568300
1996-10-28,42.11055374145508,42.64753395695015,42.09171233038508,42.43085772964512,975400
1996-10-29,42.44968795776367,42.55331569134898,42.025756320369226,42.24243249059305,815900
1996-10-30,42.30839538574219,42.5815958903484,42.261291850465255,42.5815958903484,495400
1996-10-31,42.7134895324707,42.73233094823271,42.317819801468545,42.36492334087357,726300
1996-11-01,42.562744140625,42.901889512263445,42.36490934050258,42.79826175981837,821300
1996-11-04,42.84538269042969,42.84538269042969,42.52507859819693,42.61928568414774,1608400
1996-11-05,43.09030532836914,43.288140136391824,42.977256866641895,42.98667757178583,764000
1996-11-06,43.919334411621094,43.938175824925096,43.12799505285315,43.16567787946115,1665000
1996-11-07,44.022972106933594,44.19254486488882,43.73093013489958,43.78745438755133,1446300
1996-11-08,44.26790237426758,44.27732308130615,43.862811971608814,44.03238469830318,1355700
1996-11-11,44.220802307128906,44.32443009268034,44.14543664490969,44.16427806046449,655900
1996-11-12,44.08890914916992,44.371530361664604,44.02296419958783,44.343268240415135,719900
1996-11-13,44.28672790527344,44.352672830892864,44.02294820279574,44.13599664671475,481900
1996-11-14,44.57879638671875,44.57879638671875,44.107760921939395,44.12660234053057,558800
1996-11-15,44.635292053222656,44.91791315106915,44.44687798799166,44.691816272791954,2250900
1996-11-18,44.64472961425781,44.767198802902115,44.456315477881965,44.72009526880815,1518200
1996-11-19,44.96503829956055,44.97445900735429,44.635313526779356,44.70125848133559,1029300
1996-11-20,45.040409088134766,45.228823265453876,44.80489136648587,44.95562270834116,730000
1996-11-21,44.97444534301758,45.125176621921696,44.84255547397647,45.096914507127174,653000
1996-11-22,45.32304382324219,45.37014738157023,45.040422473273935,45.040422473273935,965100
1996-11-25,45.89768600463867,45.9165274192547,45.26649861500181,45.37012639538995,2058800
1996-11-26,45.74695587158203,46.23683266427608,45.502017475235014,45.991894267929055,2861800
1996-11-27,45.662166595458984,45.935367097061686,45.605642353748074,45.860001441447146,872000
1996-11-29,45.83173751831055,45.95420670386821,45.73753045249696,45.82231681172919,1073400
1996-12-02,45.8505859375,45.897689477604274,45.454916200624105,45.77522027333316,1350600
1996-12-03,45.06864547729492,46.17086778516355,45.06864547729492,45.85998457012368,1777800
1996-12-04,45.191104888916016,45.25704979911456,44.6729663087846,45.14400138163134,2365100
1996-12-05,45.06864547729492,45.30416306444634,44.93675562849013,45.125169698211266,1697700
1996-12-06,44.80485153198242,45.06863114571151,43.80625728000805,44.16424389864037,3401800
1996-12-09,45.46433639526367,45.47375710317815,44.96503887579642,45.03098383119775,1864600
1996-12-10,45.24765396118164,45.62448222652565,45.20055042801364,45.55853728009045,1331600
1996-12-11,44.83314895629883,44.99330099081387,44.201961526151315,44.390375684404304,1847900
1996-12-12,44.08890914916992,45.144028342483395,43.97586066417205,45.08750409998446,2540200
1996-12-13,44.201961517333984,44.36211355181708,43.65556045850931,44.051230190761665,1678300
1996-12-16,43.6367301940918,44.42806986082403,43.44831598772698,44.31502133700514,1831100
1996-12-17,43.98530197143555,44.18313691283631,43.33527287826163,43.50484568517656,2023200
1996-12-18,44.33383560180664,44.475146170023194,44.173683624494544,44.23962855632894,1666800
1996-12-19,45.24765396118164,45.29475749434964,44.550521670295225,44.72951509633363,2269300
1996-12-20,45.3469352722168,45.877087333854405,45.29013326561277,45.51734129202889,1543200
1996-12-23,45.23334503173828,45.564690171150346,45.03453794809104,45.49842114326793,1263700
1996-12-24,45.56468200683594,45.56468200683594,45.31853994737661,45.346940954237304,633000
1996-12-26,45.91497039794922,45.943371410566506,45.668828288599386,45.70669630542244,1384300
1996-12-27,45.97174835205078,46.066418344538526,45.74454037008018,45.91494635655813,410400
1996-12-30,45.57413864135742,46.12322464908462,45.53627064082451,46.12322464908462,694100
1996-12-31,44.74106979370117,45.66883637004114,44.74106979370117,45.61203433475502,1378100
1997-01-02,44.854644775390625,45.06291876970439,44.0783507965848,45.06291876970439,2031900
1997-01-03,45.498409271240234,45.51734327426613,44.88305417289845,45.062927201644506,2123200
1997-01-06,45.10080337524414,45.706691581796534,45.025067349425086,45.49841751079415,1374100
1997-01-07,45.649898529052734,45.725634569747974,44.9114721322742,45.10081223401229,939000
1997-01-08,45.25225067138672,45.914940534775226,45.25225067138672,45.896006538678414,1802200
1997-01-09,45.63096618652344,45.97177838210743,45.40375805613411,45.47949409959722,1415700
1997-01-10,46.12322998046875,46.1989659902889,44.98718983316657,44.98718983316657,2369500
1997-01-13,46.05696105957031,46.350438098182174,45.82975302967726,46.350438098182174,1364600
1997-01-14,46.63444137573242,46.89005037231073,46.35043137953429,46.46403537801354,2111200
1997-01-15,46.52084732055664,46.77645637176849,46.27470527124153,46.482979312969704,1583900
1997-01-16,46.710174560546875,46.83324555148468,46.35042858703638,46.67230656333525,1308400
1997-01-17,46.99421691894531,47.10782098885412,46.71967374999902,46.77647578495342,1604000
1997-01-20,47.05099105834961,47.31606706431214,46.93738705579424,47.10779305962729,1889900
1997-01-21,47.4296760559082,47.5906150764572,46.7196509652509,46.88058998579989,2785800
1997-01-22,47.77051544189453,47.77051544189453,47.183561030995314,47.4486372165627,1201600
1997-01-23,47.10780715942383,48.28171553719082,46.596588994912395,47.9030354153305,2601100
1997-01-24,46.50193405151367,47.202492504244134,46.50193405151367,47.183558492008174,2176000
1997-01-27,46.369384765625,46.795399938032745,46.27471472731217,46.577658849913234,2108500
1997-01-28,46.50193405151367,47.164624479772215,46.04751775785067,47.032086394120505,4376000
1997-01-29,46.95633316040039,46.95633316040039,46.40724700650861,46.57765305426813,1122700
1997-01-30,47.56221008300781,47.58114408383704,46.899520053985015,47.18353006642336,2126300
1997-01-31,47.50541687011719,48.111305008755586,47.48648286578474,47.827294943768834,3208100
1997-02-03,47.647430419921875,47.79890248165817,47.477024350468554,47.69476543921447,755000
1997-02-04,47.940895080566406,47.98823008755749,47.5243470190449,47.71368704700922,654100
1997-02-05,47.04153823852539,48.14917759733149,46.72912713732367,48.007172551330704,2255400
1997-02-06,47.35395431518555,47.38235532736979,46.89953812023774,47.12674621771165,2483100
1997-02-07,47.997711181640625,48.016645189996304,47.126746797279495,47.751569073016825,2321000
1997-02-10,47.54329299926758,48.18704925652568,47.514891987917956,48.01664318842795,1670000
1997-02-11,48.0923957824707,48.0923957824707,47.33503521896723,47.73264951480655,1664300
1997-02-12,48.774024963378906,48.8592280349376,48.02613133525256,48.092400390909326,2675400
1997-02-13,49.30414962768555,49.41775365908574,48.88760151255149,48.96333753348495,1104800
1997-02-14,49.190555572509766,49.36096165416973,49.020149490849796,49.190555572509766,1112900
1997-02-18,49.607093811035156,49.64496182157793,48.92546962126521,49.28521572142157,833100
1997-02-19,49.27577209472656,49.68285340117676,49.17163501633233,49.47457924438829,648100
1997-02-20,48.679325103759766,49.29468024412234,48.56572107784667,49.095873198774434,1193900
1997-02-21,48.69826126098633,48.93493632543513,48.55625622231704,48.71719526614223,1844400
1997-02-24,49.27577209472656,49.30417311610681,48.452142474699436,48.452142474699436,787300
1997-02-25,49.31361770629883,49.398820731708064,49.00120661313164,49.32308470912208,1653900
1997-02-26,48.8307991027832,49.342017239958516,48.24384494528561,49.26628121963625,1597800
1997-02-27,48.101844787597656,48.96334210617105,48.092377784096854,48.96334210617105,1813100
1997-02-28,47.95983123779297,48.39531332167345,47.90302922685204,48.0166332487339,2961200
1997-03-03,48.2817268371582,48.319594858206955,47.67583850037818,47.71370652142693,1210400
1997-03-04,48.016632080078125,48.54678416929034,47.92196206414737,48.41424614698729,1478700
1997-03-05,48.8307991027832,48.8307991027832,48.13970791734249,48.30064696052732,1254800
1997-03-06,48.54680633544922,49.02015663123168,48.39533424079883,48.84975052474999,1528500
1997-03-07,48.9822883605957,49.171628477954016,48.62254213761491,48.7361462080299,1859300
1997-03-10,49.49348449707031,49.49348449707031,48.80239337842339,49.039068419055894,1074900
1997-03-11,49.22840881347656,49.55975387279804,49.22840881347656,49.53135286771334,624600
1997-03-12,48.792938232421875,49.28522243655186,48.65093317353823,49.266288428700705,1055600
1997-03-13,48.03556442260742,48.7550565188073,47.9030264048864,48.62251850108627,2514100
1997-03-14,48.2817268371582,48.49000095292634,48.01665068981694,48.25332582137164,1642700
1997-03-17,48.41423797607422,48.48997397603679,47.52433997651399,48.016623976270715,3013500
1997-03-18,47.893558502197266,48.53731457615446,47.69475147935755,48.471045568541214,1352500
1997-03-19,47.73263931274414,48.16812154368151,47.297157081806766,47.770507332825645,1510000
1997-03-20,47.48648452758789,47.86516462748891,47.18354044766708,47.713692587528506,1808200
1997-03-21,47.706356048583984,47.89642121212416,47.64933649952194,47.85840817941613,2810600
1997-03-24,48.371604919433594,48.40011470622304,47.49730479122379,47.74438961006569,2145600
1997-03-25,47.89640808105469,48.63766201564244,47.76336250305176,48.25753179277692,2125800
1997-03-26,48.105491638183594,48.447608923638875,47.85840693202145,48.08648512232497,1335300
1997-03-27,46.832069396972656,48.2765650439572,46.318893311859725,48.2765650439572,2898500
1997-03-31,45.843727111816406,46.908092252057585,45.76770103037061,46.775046609527436,4270700
1997-04-01,46.13833236694336,46.33790084886011,45.64416279267332,45.767705186240825,3210900
1997-04-02,45.3115348815918,46.18583463182386,45.27352184897301,45.99576946872993,2672700
1997-04-03,45.558631896972656,45.69167754706811,45.12148190380187,45.27353407533953,2284200
1997-04-04,46.128822326660156,46.13832558630718,45.10247028478144,45.31154199701599,3706700
1997-04-07,46.30937576293945,46.60397675794276,46.30937576293945,46.337885536649445,2596200
1997-04-08,46.642005920410156,46.699025487550024,46.12882981615137,46.29988851757096,1822700
1997-04-09,46.2618408203125,46.86054582682024,46.12879526331078,46.83203606460559,2453200
1997-04-10,46.0908088684082,46.55646858687253,46.03378931104522,46.280874059618135,1996500
1997-04-11,44.62730026245117,45.80570427278847,44.62730026245117,45.65365214242237,4221600
1997-04-14,45.226016998291016,45.28303656164251,44.58929854086603,44.845886575947745,3988500
1997-04-15,45.99577331542969,46.00527657437915,45.31153867106792,45.76769510064243,2760400
1997-04-16,46.527950286865234,46.59447309160544,45.76768966126286,45.843715723823095,2273300
1997-04-17,46.33788299560547,46.83205237947985,46.223843907019074,46.52794814324946,1386000
1997-04-18,46.56596374511719,46.82255170861069,46.375898586973854,46.718015871631856,1702100
1997-04-21,46.2618408203125,46.77501654017628,45.90071716559354,46.67998399946077,2809400
1997-04-22,47.27870559692383,47.27870559692382,46.223844024811555,46.290366826656474,3215000
1997-04-23,47.32622146606445,47.45926706857949,46.946091173164334,47.23118889283943,2047700
1997-04-24,47.08864212036133,47.611321296268464,46.75602809932951,47.468772430111976,2689900
1997-04-25,46.54694366455078,46.95558363547272,46.48042087858674,46.87005433923325,1606200
1997-04-28,47.00310516357422,47.326215874363044,46.45191630399328,46.52794235359065,1666500
1997-04-29,48.485618591308594,48.523631620388414,47.620822179742724,47.801384067871865,3197400
1997-04-30,48.713706970214844,49.074830822120454,48.1815244516171,48.200530970138445,3372200
1997-05-01,48.656646728515625,48.97975727319717,48.238503670692445,48.78969224691391,2149500
1997-05-02,49.531002044677734,49.67355097611867,48.694714980224234,48.82776064956911,1448300
1997-05-05,50.7093620300293,50.823401075074344,49.44542928078007,49.6640041171164,3636200
1997-05-06,50.671390533447266,50.766423148851324,50.17722093334613,50.46231877955832,1721100
1997-05-07,49.56898498535156,50.48129759244392,49.511965447408286,50.48129759244392,2327200
1997-05-08,49.91111755371094,50.614358737826436,49.378935036001906,49.454961109960344,2923700
1997-05-09,50.25323486328125,50.55733915897433,49.66403279037591,50.46230656657024,2558200
1997-05-12,51.08950424194336,51.24155633790153,50.40526981013162,50.44328283412116,2357900
1997-05-13,50.88042449951172,51.1465156250228,50.49079106572764,51.051483080197414,1195100
1997-05-14,50.975494384765625,51.39363788829465,50.74741611011343,51.23208244374934,2772000
1997-05-15,51.317604064941406,51.450649705109775,50.79492476427997,50.97548670450847,884100
1997-05-16,50.61435317993164,51.279581254020115,50.48130756511395,51.16554215560495,1934200
1997-05-19,50.76640319824219,51.03249441680279,50.51931849529304,50.671370620184824,1375800
1997-05-20,51.374603271484375,51.5076488589429,50.32924508431026,50.65235579670953,1756400
1997-05-21,51.26056671142578,51.68821326352333,50.880436442894634,51.50765138597103,1208000
1997-05-22,51.08950424194336,51.37460192186492,50.82341307401657,51.31758238588061,907600
1997-05-23,51.56465148925781,51.83074257692814,51.18452136401448,51.317566907849645,644400
1997-05-27,51.773765563964844,52.020850348227526,51.25108621263995,51.317609039172204,1531000
1997-05-28,51.764244079589844,51.97331574651677,51.403120291261516,51.77374733717743,716700
1997-05-29,51.46015930175781,51.849793010229114,51.393636473482225,51.754760398406845,1282700
1997-05-30,51.792755126953125,52.03983983031107,50.557331610163416,50.61435115709217,2143300
1997-06-02,51.56465148925781,52.001801133287636,51.526638476733474,51.90676860197681,1479100
1997-06-03,51.39362716674805,51.963822734426465,51.29859457213498,51.336607609980206,1562100
1997-06-04,51.33656692504883,51.545638467505526,51.13699863452198,51.41259294048763,1063100
1997-06-05,51.52665328979492,51.88777701259319,51.34609142839579,51.45062724289002,1180800
1997-06-06,52.533992767333984,52.57200578670253,51.45062171533036,51.45062171533036,1511100
1997-06-09,52.800071716308594,52.83808472690349,52.51497413684689,52.57199365273923,1823400
1997-06-10,52.961631774902344,53.16120009847546,52.61001139527353,52.819082972350124,1217500
1997-06-11,53.085208892822266,53.16123497072105,52.80961436043919,52.91415021755002,1673800
1997-06-12,54.11152648925781,54.13053299663022,53.25623365749926,53.44629873122338,4273300
1997-06-13,54.567726135253906,54.73878483787226,54.073556549912006,54.16858916247776,2132900
1997-06-16,54.586700439453125,54.73875252981372,54.41564183779746,54.586700439453125,800400
1997-06-17,54.510677337646484,54.88130432791291,54.09253406657667,54.39663826371835,2048100
1997-06-18,54.32063674926758,54.5107019583273,54.11156501930189,54.206597623831755,1971900
1997-06-19,54.88132095336914,55.0428763570414,54.3586417061942,54.50119059178737,2029900
1997-06-20,54.69430160522461,55.16177426851712,54.6466003130519,54.913727549219054,1396900
1997-06-23,53.36822509765625,54.89466700248732,53.330064050035475,54.58937862152111,3991500
1997-06-24,54.72293472290039,54.87557889228086,53.7307476219273,53.88339179130777,4895100
1997-06-25,54.341312408447266,55.10453308834119,53.69257483053743,54.63706042190616,4708900
1997-06-26,54.074214935302734,54.72295287030637,53.539960165299746,54.2459396828037,2569900
1997-06-27,54.284088134765625,54.780181734591245,54.1505244732741,54.322249180906056,2617900
1997-06-30,53.92156219482422,54.62754160077203,53.65443485203316,54.284092160040665,2384900
1997-07-01,54.551212310791016,54.6847759645775,53.96925639072137,54.03603821761461,1749000
1997-07-02,55.4479866027832,55.4479866027832,54.47488016205989,54.684765864961,1961800
1997-07-03,56.21125411987305,56.268495722846446,55.848723967708224,56.096770913926264,2539100
1997-07-07,55.6388053894043,56.47834840625402,55.50524172763275,56.40202631381314,1158600
1997-07-08,56.220794677734375,56.28757654821531,55.676999446675346,55.715160515521596,3396500
1997-07-09,55.60062789916992,56.402009632788705,54.97097082275516,56.36384859785448,5390300
1997-07-10,55.84866714477539,56.07763332370853,55.247630925075896,55.638781480753345,2072200
1997-07-11,56.039512634277344,56.287559506679656,55.791465761875024,55.92502946239935,2258900
1997-07-14,56.21125411987305,56.36389839446877,55.6960796931125,56.10631118108849,3186400
1997-07-15,56.4974250793457,56.640528992920544,55.84868733780644,56.363861426675854,2983100
1997-07-16,57.241546630859375,57.45143230183919,56.71683245340983,56.85993631998698,2621300
1997-07-17,56.9553337097168,57.279702444412,56.650045488827196,57.1652193615784,1794800
1997-07-18,55.74378204345703,56.917234925768376,55.60067803341906,56.79321145040214,3961900
1997-07-21,55.75333023071289,55.925055067152456,55.371719483069405,55.73424969333072,3810300
1997-07-22,57.23203659057617,57.27019764181176,55.94410111137501,55.9822621626106,4243400
1997-07-23,57.1843376159668,57.68997156552406,57.10801551037325,57.35606235355228,3204300
1997-07-24,57.45145797729492,57.55640085968453,56.592834394107186,57.35605535694073,4152700
1997-07-25,57.41330337524414,57.890316530571866,57.165256534473734,57.73767232086699,2364800
1997-07-28,57.375160217285156,57.73769032840202,57.08895223482447,57.54688500676156,2794700
1997-07-29,57.56592559814453,57.68040871169735,57.04121132769409,57.16523470070965,2737100
1997-07-30,58.252811431884766,58.38637503490579,57.6422349609315,57.69947650508337,4839800
1997-07-31,58.19559860229492,58.63445065732862,58.023873885107825,58.252840174690625,2138700
1997-08-01,57.966644287109375,58.44365748894536,57.27974527646555,58.31009379243128,7077700
1997-08-04,58.119293212890625,58.338719303484275,57.64227997246966,57.871246327871724,2339500
1997-08-05,58.15743637084961,58.42456370326165,57.94755060966872,58.06203375213102,1466700
1997-08-06,58.63447189331055,58.939760389989026,58.042975430995995,58.27194180350485,2478200
1997-08-07,58.19559860229492,58.99698061583472,58.08111545750352,58.920658519307125,3641900
1997-08-08,57.01259231567383,57.852135174405305,56.421096210658476,57.58500790117257,7113100
1997-08-11,57.43238830566406,57.565951999398166,56.55468403255424,57.241583028901054,6355900
1997-08-12,56.51650619506836,57.72811934273441,56.459264629036895,57.527773861624276,6132500
1997-08-13,56.34477233886719,57.29879828432718,55.84867884722799,57.203395689781175,6982300
1997-08-14,56.55467224121094,56.97444376256946,56.00133705396563,56.84088009668266,3462700
1997-08-15,54.81836700439453,56.2494068670223,54.722964346886016,56.2494068670223,4907100
1997-08-18,56.039512634277344,56.039512634277344,54.55123139986344,55.1808888451924,5638900
1997-08-19,56.68826675415039,56.726427822312054,55.88688432275546,56.30665607253376,3802800
1997-08-20,57.54682159423828,57.58498261651563,56.545094759457946,56.74544012641401,3564600
1997-08-21,56.535587310791016,57.546854987966825,56.23029895541718,57.47053289912337,5392600
1997-08-22,56.51650619506836,56.62144906612605,55.29535278639707,55.56248009454391,8087800
1997-08-25,56.306644439697266,57.031704584972935,56.07767807803126,56.65009398219627,3888000
1997-08-26,55.47662353515625,56.5165120932529,55.38122091514738,56.17306266122098,4290000
1997-08-27,55.810516357421875,56.15396568885217,55.199939768212474,55.56246961805556,5484300
1997-08-28,54.96147155761719,56.13492425707682,54.95193129176793,55.676991496312084,4287900
1997-08-29,55.180885314941406,55.62927770944387,54.78019423900303,55.02824109553631,2652300
1997-09-02,56.97443771362305,57.003058496131565,55.31443232812901,55.371673893146045,7294000
1997-09-03,56.66917419433594,57.394234335542926,56.63101313427241,56.96492240982826,2812500
1997-09-04,57.03169250488281,57.22249776585599,56.63100145683914,56.821806717812315,2473700
1997-09-05,56.8695182800293,57.661360255745194,56.53560901316116,57.37515231271535,3663300
1997-09-08,57.117530822753906,57.394198334673035,56.97442693727849,57.22247367210254,803500
1997-09-09,57.14619064331055,57.565962327501815,56.726418959119286,56.91722427011532,1885200
1997-09-10,55.96320724487305,57.08895877144908,55.96320724487305,56.859992359264126,3623700
1997-09-11,55.67699432373047,56.1158465750827,55.104578343705825,56.03952444441274,7055900
1997-09-12,56.5737419128418,56.76454711322238,55.52431331074861,56.17305099204258,6708000
1997-09-15,56.47837448120117,56.97446831110362,56.28756916200793,56.5737771407978,2060500
1997-09-16,57.89032745361328,58.17653540081308,56.80273725425403,56.97446202257392,6979000
1997-09-17,57.89032745361328,58.310099109506325,57.69952215548008,58.23377699025304,2220000
1997-09-18,58.138362884521484,58.844342348495,57.98571867609478,58.004799202148114,5045400
1997-09-19,58.2367057800293,58.437786151844584,57.85369554800016,58.00689964081182,1566400
1997-09-22,58.56224060058594,58.95482592835311,58.35158505885721,58.5239395929989,3259000
1997-09-23,58.294189453125,58.64847411307336,58.064383187212556,58.562296763356194,1872800
1997-09-24,57.81539535522461,58.89739927624819,57.77709433147156,58.44736224714988,2793100
1997-09-25,57.41325759887695,58.0643752634406,57.37495655978497,57.75796695070476,6327800
1997-09-26,57.89200973510742,58.10266541062386,57.719655091503064,57.87285921915138,3995800
1997-09-29,58.44734191894531,58.562244950240746,57.700472215524975,57.911127772899945,2065000
1997-09-30,57.83455276489258,58.63887435963612,57.834552764892585,58.21756304810379,4137600
1997-10-01,58.600563049316406,58.71546611411898,58.08349925770479,58.37075691971124,3567500
1997-10-02,58.92616271972656,58.945313243847366,58.40909856846474,58.5431522373104,2577500
1997-10-03,59.222965240478516,59.90280849546218,58.428218900145495,59.73045386743815,6499900
1997-10-06,59.615543365478516,59.81662373982401,59.38573722336938,59.63469387732095,2272100
1997-10-07,60.17090606689453,60.36241117850146,59.56766496533274,59.768745332520005,1832800
1997-10-08,59.74961853027344,60.28583305554512,59.28043082066071,60.27625779616527,4439400
1997-10-09,59.538917541503906,59.816599852327904,58.964402415661155,59.3091114911668,3607600
1997-10-10,59.366607666015625,59.43363448112242,58.983597293976814,59.021898331180694,2858100
1997-10-13,59.42403793334961,59.77832240056423,59.270833839418955,59.653844074245576,1760300
1997-10-14,59.44321823120117,59.74962657259912,58.945304676429515,59.730476051261746,2235700
1997-10-15,59.309146881103516,59.48150152170084,59.0027386311527,59.021889146774626,2601700
1997-10-16,58.370765686035156,59.74960267074464,58.217561576622984,59.63469958868552,9488100
1997-10-17,57.77708435058594,58.44735215047673,56.9919134992853,58.22712130194118,8151300
1997-10-20,58.600563049316406,58.67716509251812,57.70048904169618,58.121800279305646,3636400
1997-10-21,59.74000930786133,59.74958456179752,58.84951069179608,58.964413739030306,5225400
1997-10-22,59.34745407104492,59.68258812920668,59.15594889495249,59.653862352792814,4485200
1997-10-23,58.17926025390625,58.67717360696798,57.777099468741,58.17926025390625,8054100
1997-10-24,57.604732513427734,58.9261176674924,57.403652163896155,58.9261176674924,6778700
1997-10-27,53.42991256713867,57.56642192717522,53.21925699787756,57.001481991429486,10840700
1997-10-28,56.51319122314453,56.91535219084566,51.70641013300245,51.70641013300245,19548000
1997-10-29,56.3599739074707,57.451553422498165,55.938662515705715,56.68553271019819,10134400
1997-10-30,55.11517333984375,56.723816342118546,55.00027026825269,55.53648460234429,9772900
1997-10-31,56.41743087768555,56.685538152732256,55.42160385608349,56.264226720516,7072700
1997-11-03,57.604732513427734,57.834538627178105,56.9153141721766,57.10681926696858,5548500
1997-11-04,57.604732513427734,57.872839646136505,57.164270795406175,57.52813047551094,3455700
1997-11-05,57.79625701904297,58.38992301228032,57.50899928037973,57.71965495539944,4774900
1997-11-06,57.575992584228516,57.815373893825345,57.2983102650962,57.623868846147886,3679800
1997-11-07,56.953609466552734,57.14511454209595,56.0343851039453,56.60890033057495,10606800
1997-11-10,56.608890533447266,57.50896423272738,56.37908448256724,57.37491070304736,4347900
1997-11-11,56.62806701660156,57.03022779013847,56.398260860294755,56.80042163383166,3212400
1997-11-12,55.45989990234375,56.81958667481144,55.38329783065544,56.149318547538634,6775300
1997-11-13,56.26426315307617,56.47491900558939,55.21098389051008,56.05360730056295,8589600
1997-11-14,57.030242919921875,57.231323360035766,56.13974382798891,56.57063048537583,5827900
1997-11-17,58.08350372314453,58.40906243178069,57.62389142859938,57.83454706359924,5149900
1997-11-18,57.71965408325195,58.275019036275935,57.53772418484754,58.10266439568229,3433600
1997-11-19,58.006927490234375,58.255884260578725,56.83874572169548,57.413261345567065,4387900
1997-11-20,58.887855529785156,59.15596283951426,58.38994195457396,58.40909247669747,4822700
1997-11-21,59.29001235961914,59.32831340119512,58.619744132039465,59.21341027646717,5436500
1997-11-24,58.217559814453125,59.04103187761809,57.98775365729081,58.83037623355263,4337200
1997-11-25,58.370765686035156,58.71547493221252,58.006905926181254,58.6005718501534,4525000
1997-11-26,58.543121337890625,58.82080379107983,58.40906773979928,58.75377699203416,2681100
1997-11-28,58.600563049316406,58.983573265325006,58.58141253851597,58.67716509251812,1564700
1997-12-01,60.113460540771484,60.113460540771484,58.84952667785625,58.96442975630309,4850900
1997-12-02,59.74961853027344,60.046451571048834,59.59641438019581,59.864521642831654,1974900
1997-12-03,59.921932220458984,60.38154435637813,59.366567556223345,59.82617969214249,3302500
1997-12-04,59.86450958251953,60.49647657427358,59.67300443350316,60.36242296996211,2872500
1997-12-05,60.630516052246094,60.66881707312559,59.51978644674064,59.67299053025863,3458800
1997-12-08,60.458187103271484,60.668842807464074,60.20923036195298,60.64969228890111,2289200
1997-12-09,60.09429168701172,60.41985030991778,59.82618458579498,60.19004422316056,1703000
1997-12-10,59.5772705078125,59.96028092573479,59.117658006305746,59.78792623766976,3558400
1997-12-11,58.56224060058594,59.19420722577212,58.409036570237774,59.021852691630436,5072800
1997-12-12,58.67717361450195,59.13678594046411,58.16010974779453,59.098484913300595,4478400
1997-12-15,59.27082824707031,59.51020962125073,58.75376447884062,58.98357059805382,4674700
1997-12-16,59.63469314575195,59.94110133147194,59.36658598324697,59.577241610929455,2885800
1997-12-17,59.32830047607422,59.979418041014995,59.26127366791855,59.960267524399086,2236300
1997-12-18,58.7537841796875,59.404901735785735,58.35162333621507,59.404901735785735,4658300
1997-12-19,58.31463623046875,58.98757136665945,56.8341789308492,58.16082248505373,8556000
1997-12-22,58.6895866394043,59.00682764826594,58.18007835244468,58.71842673111899,5136800
1997-12-23,57.641719818115234,58.83377673229907,57.54558619600363,58.71841638576515,4436500
1997-12-24,57.468666076660156,58.103147836623286,57.37253247666575,58.103147836623286,2019200
1997-12-26,57.69939041137695,57.910884344907494,57.468669756616364,57.910884344907494,941800
1997-12-29,58.83374786376953,58.89142800873401,58.10313269421945,58.19926626916025,2080000
1997-12-30,59.75666809082031,59.833574999560106,58.968372276237425,59.02605245779227,3616000
1997-12-31,59.71818542480469,60.064266344845414,59.487464811444205,59.60282511812445,4359500
1998-01-02,60.02581787109375,60.083498029201785,59.39133613190538,59.872004116138996,2360900
1998-01-05,60.16037368774414,60.56413458497732,59.545118987198336,60.19882710652825,4191800
1998-01-06,59.199039459228516,59.8527475922632,59.17981274943338,59.83352088246806,3154900
1998-01-07,59.3529167175293,59.50673056065863,58.583847501882666,59.12219595283531,4424200
1998-01-08,58.83374786376953,59.25673559350905,58.679934143864244,59.25673559350905,3831000
1998-01-09,56.79573059082031,58.7568560208351,56.545783232092944,58.603042261618256,10258800
1998-01-12,57.833953857421875,57.94931413772259,55.93050923246019,56.06509622614435,12097900
1998-01-13,58.6414909362793,58.67994437295882,57.96855579438757,58.21850313280449,5224900
1998-01-14,58.91065979003906,59.04524680653067,58.27617814086437,58.872206356755754,3770400
1998-01-15,58.42038345336914,58.91066476917,58.33386322116899,58.7568510230364,2875400
1998-01-16,59.25674819946289,59.487468828403046,58.85298709881763,59.218294761306204,4374800
1998-01-20,60.218074798583984,60.30459502099575,59.372099290557905,59.48745958710691,5091700
1998-01-21,59.64125442504883,60.1026954650879,59.16058667500814,59.814294815063484,4699400
1998-01-22,59.112548828125,59.60283017309725,58.98757515195561,59.1606156266517,4543400
1998-01-23,59.026023864746094,59.54514524726992,58.44922232860851,59.37210478642864,6350300
1998-01-26,58.98758316040039,59.516318015977646,58.69918233008553,59.29521071273625,4362900
1998-01-27,59.583621978759766,59.98738321191689,58.85300641399924,58.94914004094141,7044200
1998-01-28,60.12191390991211,60.362247751892895,59.79505988481825,59.929646836327485,4268600
1998-01-29,60.44879913330078,61.25632125912732,60.02581135310593,60.198851808640185,8007700
1998-01-30,60.48727798461914,60.89103921719289,60.295010731012596,60.77567886502896,3649100
1998-02-02,61.48703384399414,61.833114709907804,61.37167355535625,61.46780712922116,5756300
1998-02-03,61.94846725463867,62.02537410411681,61.352439171183114,61.52547958250892,2759600
1998-02-04,61.87160110473633,62.23690888005951,61.48706660439614,61.698560579583244,3374000
1998-02-05,61.83310317993164,62.506038071504285,61.544702512114796,62.33299767081418,5076200
1998-02-06,62.525291442871094,62.525291442871094,61.94848986129479,62.14075705515356,5701200
1998-02-09,62.31380081176758,62.60220161774614,61.96771984459331,62.58297489734757,2322200
1998-02-10,62.90981674194336,63.04440375820057,62.25610837726546,62.40992211013085,3660400
1998-02-11,62.85212326049805,62.967483535677914,62.573335928813364,62.81366983543809,4073200
1998-02-12,63.121360778808594,63.33285482954477,62.06389052512766,62.58301228602557,5024700
1998-02-13,62.756011962890625,63.073252832188324,62.67910508548512,62.87137227899888,2101300
1998-02-17,63.06360626220703,63.428913737506406,62.852112460717926,63.25587335446986,3055500
1998-02-18,63.64043426513672,63.669274341087686,62.929045725012834,62.948272442313474,3007400
1998-02-19,63.30393600463867,63.621176686210895,63.21741581875534,63.52504314634052,3387800
1998-02-20,63.77503967285156,63.81349311853914,62.98674403625617,63.46741210735092,3707000
1998-02-23,64.02499389648438,64.14035424584742,63.582779223926075,64.14035424584742,3227800
1998-02-24,63.52505874633789,64.0441799891197,63.33279161938166,63.928819712945966,3386800
1998-02-25,64.3133773803711,64.52487129701805,63.75580250921092,63.832709387991635,3481800
1998-02-26,64.67867279052734,64.73635293867585,64.10187130904227,64.25568503743828,3187600
1998-02-27,64.67867279052734,64.92862009917089,64.31336518558679,64.58253921027983,3442900
1998-03-02,64.54409790039062,65.06321933122486,64.37105742344588,64.75559181665642,4252300
1998-03-03,64.90939331054688,64.98630017465891,64.3133651136787,64.3133651136787,3349200
1998-03-04,64.48641204833984,64.85171968963932,64.25569143278229,64.65945251000802,4404100
1998-03-05,63.890380859375,64.2556884839095,63.46739308359822,63.67888697148661,7268000
1998-03-06,65.17855072021484,65.17855072021484,64.2556685861233,64.33257543063094,6896300
1998-03-09,64.94788360595703,65.35164487171342,64.75561633654922,64.92865687901624,3362800
1998-03-10,65.56311798095703,65.7361584682968,65.17858356464643,65.3516240519862,5481900
1998-03-11,65.8707275390625,66.02454126361373,65.69768709894237,65.81304739235578,3439600
1998-03-12,66.1399154663086,66.1975956251455,65.52466043871503,65.88996811134871,3191300
1998-03-13,65.8899917602539,66.44756682913263,65.7554046746625,66.35143319656733,2879400
1998-03-16,66.60135650634766,66.6782633845305,66.15914195679626,66.3514091522534,3223600
1998-03-17,66.79361724853516,66.79361724853516,66.23604243557962,66.63980350703018,4581900
1998-03-18,67.0435562133789,67.0435562133789,66.46675475470343,66.60134176172771,1944100
1998-03-19,67.21660614013672,67.29351301215061,66.85129849807076,67.04356567810548,2554800
1998-03-20,67.79542541503906,67.98824516877923,67.17840220307056,67.60260566129891,3123300
1998-03-23,67.6411361694336,68.0653394179306,67.50616240854818,67.6989820669559,4453100
1998-03-24,68.21955871582031,68.3738143601749,67.83391960493381,67.91104742711111,3333600
1998-03-25,67.96891784667969,68.81732419710633,67.3711770088791,68.74019634706754,4597600
1998-03-26,67.93036651611328,68.33528780389028,67.64113702484399,67.79539275352094,3333500
1998-03-27,67.6411361694336,68.35456890554221,67.25549685261812,68.33528693970143,2611300
1998-03-30,67.6025619506836,67.9303553200965,67.23620465545741,67.64112587649687,3108700
1998-03-31,67.83394622802734,68.60522475250748,67.71825444935533,67.96891996981137,5926500
1998-04-01,68.38347625732422,68.5377319488676,67.50614701167125,68.065323893516,2929000
1998-04-02,69.12584686279297,69.2608206223577,68.3352862710567,68.45097806496932,3920900
1998-04-03,69.47289276123047,69.60786646351428,69.01012578197165,69.31863710147752,3787600
1998-04-06,68.91368865966797,69.95491394999311,68.91368865966797,69.87778615070978,4550500
1998-04-07,68.45097351074219,69.06799637055732,67.9689244015116,68.95230458434199,5583700
1998-04-08,68.0653305053711,68.66307136816614,67.71825516568366,68.6245074415342,4854800
1998-04-09,68.60523223876953,68.66307813441773,68.2003109692321,68.21959293444817,4481200
1998-04-13,68.41244506835938,68.7209566582956,67.87254978597097,68.7209566582956,4350200
1998-04-14,68.99085235595703,68.99085235595703,68.43167552020445,68.56664923917921,3279100
1998-04-15,69.18365478515625,69.18365478515625,68.58591417803812,69.08724500981462,3867200
1998-04-16,68.37387084960938,68.79807422205478,68.18105113486146,68.68238239320604,7177900
1998-04-17,69.28010559082031,69.37651542325952,68.14246956803757,68.31600726642816,5688800
1998-04-20,69.26081085205078,69.45363048137163,69.02942729686575,69.1065551485941,3688300
1998-04-21,69.58859252929688,69.81997604560377,69.04869765791413,69.37649097268222,4573200
1998-04-22,69.78142547607422,69.99352707326594,69.60788780564464,69.64645173240676,2386100
1998-04-23,69.10655212402344,69.72357491084507,68.95229642731802,69.49219136578695,5062000
1998-04-24,68.37387084960938,69.39581533777331,68.0846412774875,68.95232999385311,11039700
1998-04-27,67.08193969726562,67.67968046490438,66.40707108864122,67.48686086244027,14510200
1998-04-28,66.98553466796875,67.75681313276978,66.7155872052884,67.73753117114975,6511400
1998-04-29,67.44833374023438,67.85325512632498,66.90843855878025,67.27479600333841,7703100
1998-04-30,68.70167541503906,69.05839194469897,68.12321617775274,68.21962605063379,8684500
1998-05-01,69.47289276123047,69.47289276123047,68.68233250499665,68.9522799095643,4008800
1998-05-04,69.29937744140625,69.91640027894799,69.20296762304035,69.55004296915759,4537200
1998-05-05,68.81732177734375,69.20296101397778,68.56665627353163,69.10655120481928,5146400
1998-05-06,68.00746154785156,69.18366091116853,67.98817959107588,69.18366091116853,5526100
1998-05-07,67.46756744384766,68.2195637657425,67.46756744384766,68.18099985179917,6940400
1998-05-08,68.5666732788086,68.72092901171929,67.87252248071042,67.87252248071042,7951000
1998-05-11,68.33528137207031,69.24153369274958,68.10389780083305,68.83661244308438,6336300
1998-05-12,69.06795501708984,69.08723696991427,68.08457542304419,68.37380471541056,6045200
1998-05-13,69.24152374267578,69.45362531916406,68.85588451269707,69.1451139351811,4441500
1998-05-14,68.89442443847656,69.53072894630463,68.70160489064986,68.81729661934588,4187500
1998-05-15,68.50884246826172,69.2415573609704,68.37386867223644,69.10658356494511,6716100
1998-05-18,68.23888397216797,68.85590694111664,67.76647576156664,68.31601184328656,4847200
1998-05-19,68.70167541503906,68.91377713537739,68.35459987266727,68.48957369470074,5918700
1998-05-20,69.35721588134766,69.41506176615279,68.41239976286391,69.16439626533057,5716600
1998-05-21,68.91368865966797,69.58855690339723,68.68230526181794,69.33789155572637,6301500
1998-05-22,68.64379119873047,69.14512225804704,68.4509715605318,68.95230261984837,4862200
1998-05-26,67.54471588134766,69.16440076117443,67.37117821565194,69.16440076117443,6899300
1998-05-27,67.6411361694336,67.81467386200055,66.37816740686291,66.96626736500652,10202600
1998-05-28,67.94966125488281,68.10391701255566,67.29407428477327,67.79540549720998,4907600
1998-05-29,67.2747573852539,68.37382908802246,67.2747573852539,68.2581373298363,4772600
1998-06-01,67.58329772949219,68.00750102479856,66.98555672246957,67.2362223060597,6092200
1998-06-02,67.6411361694336,68.08462138377138,67.35190668182199,67.87251975952287,6701100
1998-06-03,66.56128692626953,67.98815113036684,66.56128692626953,67.79533164332666,6445100
1998-06-04,67.79542541503906,67.91111726728316,66.67707084334616,66.79276269559026,6566300
1998-06-05,69.10655212402344,69.10655212402344,67.79537870202745,68.10389009543827,8463200
1998-06-08,69.02942657470703,69.39578386658397,68.89445283559446,69.06799050016775,4159900
1998-06-09,69.24152374267578,69.36685649241885,68.74019274370346,68.93301235869282,2725300
1998-06-10,68.79804992675781,69.76214816003636,68.64379420943324,68.87517778542009,6186900
1998-06-11,67.50615692138672,69.02943209899013,67.48687495711326,68.75948459916168,8056600
1998-06-12,68.1424789428711,68.1424789428711,66.79274110302927,67.79540349834033,9779000
1998-06-15,66.34923553466797,67.81466474147842,66.32995357142046,67.13979602781572,10234200
1998-06-16,67.37120819091797,67.39049016235211,66.48423750494709,66.88915890506424,7471500
1998-06-17,68.77876281738281,68.97158244961545,67.83394661944287,67.96892036200572,12057700
1998-06-18,68.4702377319336,68.75946712252188,68.33526401632572,68.60521144754146,3844600
1998-06-19,68.12718963623047,68.8525643129365,67.85638309026021,68.74617602701962,3549100
1998-06-22,68.45602416992188,68.7461740321849,68.12718765935712,68.24324760426234,5438300
1998-06-23,69.26837921142578,69.36509574201978,68.70742333398056,68.76545325233695,5004600
1998-06-24,70.19689178466797,70.37098162375918,69.08465114602967,69.4231591664848,8291900
1998-06-25,70.0808334350586,70.83522275439817,69.82937032861207,70.50638638442965,5854800
1998-06-26,70.37102508544922,70.46774172245506,70.02284519222819,70.1389051566352,4833100
1998-06-29,70.6224594116211,70.9899824816898,70.43869787658674,70.7191760090076,5953400
1998-06-30,70.13885498046875,70.68046776024072,69.98410847196249,70.50637793817116,4284800
1998-07-01,70.95128631591797,71.14471948471818,70.33230017575728,70.60310661207758,3489500
1998-07-02,71.0866928100586,71.10603612783004,70.71916977240114,71.00931953897282,3503900
1998-07-06,71.80241394042969,71.80241394042969,70.91262109526274,71.04802435430987,3144400
1998-07-07,71.66697692871094,71.87975337843181,71.35748391093513,71.79270846718236,4920700
1998-07-08,72.18929290771484,72.38272616845363,71.64767977764625,71.72505308194175,6875000
1998-07-09,71.70570373535156,72.24731681994554,71.57030046420307,71.97651027764854,6942500
1998-07-10,72.09256744384766,72.3827172994038,71.22211787717924,71.82176091199526,7849700
1998-07-13,72.11189270019531,72.32466920762614,71.84108623619242,72.15057933791,6555100
1998-07-14,72.92430114746094,73.1370776229575,72.3826883007424,72.3826883007424,6983600
1998-07-15,72.78889465332031,73.21444758512287,72.75020802315645,73.07904437954933,4977500
1998-07-16,73.29182434082031,73.40788423684694,72.46006175262941,72.8469280727182,6315600
1998-07-17,73.3885269165039,73.65933328888953,73.23378041799783,73.42721354113043,3539500
1998-07-20,73.3885269165039,73.80440813123897,73.00166067023873,73.50458679038346,2338400
1998-07-21,72.11189270019531,73.65935820878319,71.97648946819388,73.65935820878319,5518600
1998-07-22,72.11189270019531,72.41171414248421,71.51224981561751,72.01517610590857,10417300
1998-07-23,70.68051147460938,72.16994754016628,70.50642154486896,71.99585761042586,15110900
1998-07-24,70.6224594116211,71.24144563489469,69.86806995200641,71.16407235698549,11540500
1998-07-27,71.12539672851562,71.18342669593079,69.84873744538208,70.3323205071751,9600000
1998-07-28,69.92610931396484,70.97064870620665,69.24909304121553,70.83524545165677,13693000
1998-07-29,69.65528869628906,70.64179792247923,69.48119883284375,70.39033478639153,7462400
1998-07-30,70.69983673095703,70.93195657795334,70.19691039579838,70.33231363987956,6821600
1998-07-31,69.19107818603516,70.87394757440111,68.9009282914893,70.77723094288584,7680500
1998-08-03,68.90087890625,69.58756649781986,68.72678909430272,69.19102859282881,10486500
1998-08-04,66.23151397705078,69.46184774871185,66.23151397705078,69.46184774871185,15091600
1998-08-05,67.14066314697266,67.39212630482649,65.36107772216094,66.81182670977918,21718400
1998-08-06,67.4308090209961,67.77898875776543,66.57970299778215,66.92788273455149,13084400
1998-08-07,67.546875,68.45601106099656,67.14066527061856,67.89505476804123,12083800
1998-08-10,67.16000366210938,67.87570646611228,66.96657047183832,67.31475021432622,6273000
1998-08-11,66.15416717529297,66.50234700253135,65.30306093093247,66.09613720408657,14287100
1998-08-12,67.27606201171875,67.39212192318232,66.54101590578277,66.69576245440088,11158400
1998-08-13,66.46366119384766,67.87572384435722,66.46366119384766,67.35345409690848,9073900
1998-08-14,65.68992614746094,67.29542198675401,65.47714959044619,67.06330210637428,8628500
1998-08-17,67.08261108398438,67.43079072628879,65.30302624553957,65.61251926092127,11290000
1998-08-18,68.32061767578125,68.4560209384456,67.33410819065531,67.46951145331965,7603900
1998-08-19,68.14653015136719,68.7655165166365,67.8563802926472,68.7655165166365,6258600
1998-08-20,67.74031829833984,68.33996132154046,67.56622838837838,67.89506488497227,7402800
1998-08-21,67.19869232177734,67.2954089198225,65.3030470000922,66.96657248646896,16685400
1998-08-24,67.62425231933594,68.04980539457203,67.04395267128672,67.62425231933594,7201700
1998-08-25,67.77904510498047,68.86227185323358,67.24710339824904,68.32065847910702,9688300
1998-08-26,67.39212036132812,67.8563599964234,66.69576090868524,67.02459731687772,9339700
1998-08-27,64.21983337402344,66.57971881728575,64.04574346427458,66.23153899778804,24887800
1998-08-28,63.98772048950195,65.43846989600517,63.23333079812028,64.97423008592413,23735900
1998-08-31,59.42268753051758,64.38424981944263,58.80370120207469,64.21983157595,22563100
1998-09-01,61.937339782714844,62.24683304833741,57.952613987824385,59.46139365773436,24748500
1998-09-02,61.492431640625,62.98186770112457,61.14425178232641,61.782581522540504,13843200
1998-09-03,61.00880813598633,61.51173426519864,59.88689600158962,60.42850875612596,17311300
1998-09-04,60.50593185424805,61.7825915417098,59.2679588239821,61.55047159853493,17783800
1998-09-08,63.75556564331055,63.755565643310554,61.78254753177606,62.44022023562089,14746500
1998-09-09,62.20813751220703,63.83297692483931,62.16945085952531,63.60085700874898,12109700
1998-09-10,60.970123291015625,61.49239274814044,59.92558437676599,60.93143666456193,19889300
1998-09-11,62.943145751953125,62.943145751953125,60.04164855994546,60.776694515254064,20379800
1998-09-14,64.02642059326172,64.65507880150372,63.194657425433846,63.678240662543075,10686800
1998-09-15,64.41326904296875,64.56801563526417,63.31069957286388,63.678222729565505,8337900
1998-09-16,64.99352264404297,65.14826912652879,63.852267335710074,64.83877616155715,11024900
1998-09-17,63.13657760620117,63.77490697538152,63.00117440667807,63.29132411994186,12945200
1998-09-18,63.41783905029297,63.61195548448425,62.79666646088085,63.59254384106512,7019200
1998-09-21,63.379005432128906,64.23311760334289,61.457253046897435,61.88430913250443,8834600
1998-09-22,63.90314483642578,64.38843603354323,63.456676935077724,64.29137779411974,7270100
1998-09-23,66.46544647216797,66.46544647216797,64.46604781952973,64.5242827317425,13688500
1998-09-24,64.83486938476562,66.34897711291285,64.13605043331306,66.03839091226726,11129500
1998-09-25,64.75724029541016,65.48517689945028,63.74783487114117,64.05842115553163,10247400
1998-09-28,65.33956146240234,66.03838030157243,64.75721242976061,65.41720800008791,8847800
1998-09-29,65.18426513671875,65.80543740722948,64.21368346404574,65.4560280050672,10618100
1998-09-30,63.204288482666016,64.79604267663979,62.97134884452351,64.29134012733104,7908400
1998-10-01,61.3796272277832,63.0781463240612,60.93315935104727,62.136681453552825,13335600
1998-10-02,62.56373596191406,62.66079419331635,60.389631578502836,61.41844883136707,14351800
1998-10-05,61.30192947387695,62.097806328984284,59.84605717794891,61.864866761635795,12807200
1998-10-06,61.243743896484375,62.913145473377455,60.583747924224326,62.58314748724743,12621000
1998-10-07,60.33138656616211,62.136669368817536,59.47727427243265,61.26314543204878,14348500
1998-10-08,60.00140380859375,60.09846204833589,57.2837730958137,58.739646691945865,20625000
1998-10-09,61.20489501953125,61.360188124560196,58.42903076713894,60.253724751228994,12708500
1998-10-12,62.097816467285156,63.01016325501957,61.9231117632509,62.5054607766984,9508500
1998-10-13,61.884315490722656,62.3696065469548,61.340789507742656,61.84549220622409,6256800
1998-10-14,62.466670989990234,63.2431367574233,61.39903055976976,61.457265492327245,8176900
1998-10-15,65.82488250732422,66.62075988355551,62.07843534604036,62.194905205976646,20541100
1998-10-16,65.84429168701172,66.31017110932548,65.22311912392671,65.92193825739734,16573900
1998-10-19,66.07722473144531,66.34898770037604,65.53369879358384,65.6501686374113,7915900
1998-10-20,66.46544647216797,67.58161562291261,65.90250898744458,66.81485594544455,14611600
1998-10-21,66.23252868652344,66.85370128850725,65.76664923503559,66.38782183701939,9178400
1998-10-22,67.2225112915039,67.37780441605835,65.94134301392977,66.32957582531587,8277500
1998-10-23,66.36840057373047,67.08663129067344,66.32957729173356,67.06721964967498,6237200
1998-10-26,66.85369110107422,67.37780540413142,66.32957679801702,66.91192602363613,5838600
1998-10-27,66.46544647216797,67.68837962863601,66.01897881187011,67.35838179276368,10089700
1998-10-28,66.34899139404297,66.79545915356988,65.86370035107893,66.19369826029447,5650600
1998-10-29,67.96015930175781,67.97957094394626,66.2325231469859,66.52369777981262,9625600
1998-10-30,68.3289794921875,68.891917107322,68.01839322176846,68.40662605979226,9872800
1998-11-02,69.49368286132812,69.49368286132812,68.445454125431,68.83368699057807,6501400
1998-11-03,68.9889907836914,69.45487029376699,68.79487432115992,69.31898876999495,6866000
1998-11-04,69.72662353515625,70.25073791028132,69.00839272479969,69.8625050398183,8233600
1998-11-05,70.67778015136719,70.77483834987221,69.02779077678157,69.28014209289466,6841500
1998-11-06,70.89128875732422,71.16305163865022,70.38658626343307,70.48364443533522,5224800
1998-11-09,70.3865966796875,70.96894579728007,69.88189411110729,70.77482942474921,6188700
1998-11-10,70.1924819946289,70.77483112622151,69.72660268935482,70.1924819946289,14015200
1998-11-11,69.72662353515625,70.81367557245268,69.50338963464002,70.69720571131377,10922400
1998-11-12,69.64895629882812,70.27012870729035,69.3771933701259,69.76542612541479,5457400
1998-11-13,70.32837677001953,70.32837677001953,69.6489693212338,69.70720424541544,5524600
1998-11-16,70.85249328613281,71.03690388509672,70.12455671127529,70.94955149611381,6023700
1998-11-17,70.85249328613281,71.82307538594286,70.192497458262,70.60014194018221,9058900
1998-11-18,71.27953338623047,71.4348264872898,70.50306788093384,71.00777045937664,4567700
1998-11-19,71.90066528320312,71.99772341668478,71.20184672213527,71.6094908827582,5249300
1998-11-20,72.44424438476562,72.5218909489508,71.9589533586083,72.27924543587213,5562000
1998-11-23,74.1524658203125,74.30775894244927,72.77423936134858,72.96835576401955,7151300
1998-11-24,73.68659973144531,74.32718397568601,73.57983569073852,73.91953945662374,5323700
1998-11-25,73.68659973144531,74.03600931921297,73.434248362502,73.880716169094,4393500
1998-11-27,74.23011779785156,74.36599928963632,73.92923735175671,74.21070615616802,4557900
1998-11-30,72.1336669921875,74.15247790908403,72.1336669921875,73.92924400961951,8705400
1998-12-01,73.06542205810547,73.31777340952826,71.57072559198588,72.13366322208286,8950600
1998-12-02,72.85188293457031,73.24011572398982,72.05600571626032,72.81305965562835,7495500
1998-12-03,71.64836120605469,73.49246695370444,71.49306809046314,72.83247121244031,12145300
1998-12-04,73.53131103515625,73.60895761491882,72.36661233871766,72.44425891848023,10339500
1998-12-07,73.88072204589844,74.21072001615074,73.29837268662966,73.33719597724759,4290000
1998-12-08,73.55071258544922,74.38541320333634,72.98777495943231,73.628359154555,10102600
1998-12-09,73.68659973144531,73.90012781285887,73.22072028108843,73.72542301897505,5327900
1998-12-10,72.60930633544922,73.8225349535392,72.5025422170573,73.8225349535392,5966600
1998-12-11,72.75482940673828,72.8907108917562,71.78424737089598,72.32777331096767,8198200
1998-12-14,70.65839385986328,72.30838382637107,70.65839385986328,72.15309065305269,9521400
1998-12-15,72.48307037353516,72.52189365707748,71.14366709132467,71.2407253001805,9631500
1998-12-16,72.38601684570312,72.75483806320604,71.90072577004139,72.75483806320604,7260000
1998-12-17,73.541015625,73.66719131499934,72.69660908423519,72.81307895192688,6914700
1998-12-18,73.85345458984375,74.2429770296636,73.46393215002391,73.73659785789779,4802400
1998-12-21,74.88572692871094,75.6258199386696,74.1651100505933,74.32091910532144,8580700
1998-12-22,75.21681213378906,75.54790633531015,74.28195791772954,75.0415269682779,5461100
1998-12-23,76.79437255859375,76.79437255859375,75.29471070543327,75.52842424099076,7791000
1998-12-24,76.4632568359375,76.81382704048332,76.34640010108889,76.755398673059,1507100
1998-12-28,76.26851654052734,76.85280037510749,76.0348030066953,76.81384811946882,4203600
1998-12-29,77.4760513305664,77.5831700541255,76.11272212163236,76.48276862120017,3935800
1998-12-30,76.85281372070312,77.74871575596728,76.67752853989057,77.24233634473103,6810700
1998-12-31,76.85281372070312,77.24233634473103,76.32695817826547,76.85281372070312,6790500
1999-01-04,76.67752075195312,78.04084979758095,75.85952332457644,76.89175817340893,9450400
1999-01-05,77.55394744873047,77.82661326095604,76.61909323538565,76.61909323538565,8031000
1999-01-06,79.42367553710938,79.61843687977026,78.37196428674059,78.41091655527276,7737700
1999-01-07,79.03411865234375,79.28730828824332,78.39140649967561,78.76145289060575,5504900
1999-01-08,79.61840057373047,80.0858275829696,78.50826142678756,79.89106632911997,6224400
1999-01-11,78.8588638305664,79.57948076356986,78.04086623094088,79.57948076356986,7578300
1999-01-12,77.4371109008789,78.664107376421,77.12549274836029,78.664107376421,7768800
1999-01-13,76.89176177978516,77.98242506744168,75.02205328665968,75.04152941679641,10810600
1999-01-14,75.54791259765625,77.22285987360326,75.35315128649962,77.0475746935623,11400700
1999-01-15,77.5149917602539,77.76818143183263,76.07375824511351,76.2685195309433,7817700
1999-01-19,78.02136993408203,78.2940357301572,76.9696590063635,78.08953638310082,6535100
1999-01-20,78.64462280273438,79.73528621951326,77.92400590236261,78.58619440540693,6534400
1999-01-21,76.56068420410156,78.43039310351487,76.40487512915045,78.26484596137932,6937500
1999-01-22,76.3853530883789,77.18387411760469,75.89845002177782,76.11268737108229,7522300
1999-01-25,77.16442108154297,77.28127785248927,75.97637724358887,76.83332689719511,5700300
1999-01-26,78.56671905517578,78.56671905517578,77.04758070953777,77.35919883171992,6047000
1999-01-27,77.65130615234375,78.91725420850186,77.37864041717124,78.7614452169747,7399400
1999-01-28,78.9561996459961,79.13148474634488,78.02134577746926,78.06029802199122,5961700
1999-01-29,79.55998992919922,79.95925058857465,78.15770858895385,79.36522863194293,6456800
1999-02-01,79.09253692626953,80.20267595724647,79.09253692626953,80.20267595724647,9426800
1999-02-02,78.60565948486328,79.28732402449911,77.75844784274446,79.19968144083165,9194500
1999-02-03,79.40416717529297,79.7352613234362,78.31350409905642,78.33298022541778,10290700
1999-02-04,78.21614837646484,79.46262086055194,77.76819732749604,79.38471633029648,7761100
1999-02-05,77.32025909423828,78.31354201963026,76.7944034278543,78.31354201963026,7516100
1999-02-08,77.4760513305664,77.96295461947142,76.87229125232417,77.96295461947142,8528400
1999-02-09,75.74269104003906,77.59292391450646,75.73295297227871,77.51501937242362,8985700
1999-02-10,76.22957611083984,76.65805098933716,75.61607798935506,76.11271932579513,6936700
1999-02-11,77.98242950439453,78.586189572985,76.34643447982683,76.6970048422342,9181800
1999-02-12,77.04756927490234,78.2161370596582,76.42433312303255,77.78766220524771,10676600
1999-02-16,76.58013916015625,78.29403851063788,76.58013916015625,77.748706899121,6915500
1999-02-17,76.50221252441406,78.1284688242584,76.19059455079119,76.77487825133407,7858100
1999-02-18,77.10600280761719,77.51500155956464,76.17114851745158,76.7749085798502,9048900
1999-02-19,77.4371109008789,78.37196535843479,76.89177913397131,77.28130182461959,5312200
1999-02-22,79.50157165527344,79.59895231629166,77.45657777389086,77.55395843490908,10695800
1999-02-23,79.46257019042969,80.0858060350605,78.897762706233,79.52099855086382,7770700
1999-02-24,78.0603256225586,80.30008047450326,77.90451658937982,79.67684434178823,7271000
1999-02-25,77.32025909423828,78.07982839012627,76.4633091193903,77.61240113111828,11633000
1999-02-26,77.00862884521484,77.80715028746415,76.54120165950792,77.74872188925079,9621300
1999-03-01,77.22283172607422,77.47602133829086,76.26850164925767,77.0670227339409,7607200
1999-03-02,76.54120635986328,78.09929707456789,76.22958821692237,77.59291759228888,9651500
1999-03-03,76.95018768310547,77.00861607162719,75.8984766897145,76.71647412901858,7881400
1999-03-04,77.92398071289062,78.20638454201757,76.82357958560287,77.32022080234337,8256400
1999-03-05,79.49181365966797,79.85212201510197,78.87831564906413,79.46259946868683,10703100
1999-03-08,80.0079574584961,80.27088526416544,79.30681664337781,79.94952905723623,4802200
1999-03-09,79.81317901611328,80.98174679087336,79.61841772031994,79.85213127527196,7893400
1999-03-10,80.51432037353516,80.55327263302888,79.63789453492629,80.06636938935729,3950000
1999-03-11,81.41024017333984,81.76081058556954,80.31957666862525,80.82595615295702,6583700
1999-03-12,80.63118743896484,81.66342244724144,80.53380677780667,81.64394631500981,5286500
1999-03-15,81.78025817871094,81.79973430592663,80.7090711818476,80.98173696286737,5394400
1999-03-16,81.46865844726562,82.05294239501077,81.31284939453359,81.7218481579552,4547500
1999-03-17,81.11804962158203,81.6049526805351,80.78695554149394,81.44914370167012,4524100
1999-03-18,82.42298126220703,82.50088578135846,80.86489087917855,80.88436700896641,3506300
1999-03-19,81.02198028564453,82.85717694753625,81.02198028564453,82.66194326010095,5526700
1999-03-22,81.1781234741211,81.58811399671767,80.8559880635095,81.25621690699663,4603800
1999-03-23,78.83535766601562,80.92435798059306,78.53274547091328,80.78769440861136,9713800
1999-03-24,79.28441619873047,79.45036486597725,78.48395792142243,79.24536945349593,6280900
1999-03-25,80.9048080444336,80.9048080444336,79.81149982761693,80.00673343776276,6639600
1999-03-26,80.31914520263672,80.67056586711107,79.7920142059252,80.35819194313387,6159700
1999-03-29,81.93958282470703,82.11529315242262,80.69008716095166,80.69008716095166,5863900
1999-03-30,81.51006317138672,81.97862401356953,80.94388548708247,81.17816590817388,5401400
1999-03-31,80.20201110839844,82.22268008350049,80.16296436491821,81.93959119326881,7413600
1999-04-01,80.80717468261719,81.02193160977562,80.04576375905543,81.02193160977562,7683600
1999-04-05,82.72050476074219,82.837644961017,81.37339245758164,81.80290652525602,5791100
1999-04-06,82.52528381347656,83.08169985054401,81.93958272182662,82.58385392264157,5381300
1999-04-07,83.18907928466797,83.32574287419922,82.0762471984849,82.89622873567242,6248600
1999-04-08,84.2433090209961,84.30187910838033,82.64239329916025,83.20857081054122,5909100
1999-04-09,84.26285552978516,84.65332288627165,83.46239744898784,83.98952838024462,4365800
1999-04-12,85.1609115600586,85.21948165054006,83.22809857417006,83.38428548212065,8213200
1999-04-13,84.61427307128906,85.25854418604507,84.02857205787451,85.12188061624835,10071400
1999-04-14,83.18907928466797,85.00475268844035,82.89622873567242,85.00475268844035,11551700
1999-04-15,82.87672424316406,83.4429021001845,81.84198540102327,83.36480860266444,11150000
1999-04-16,82.17384338378906,83.03287144482178,81.95908636853088,83.03287144482178,6476200
1999-04-19,80.9048080444336,84.04806916778152,80.2019670479086,82.8961908679211,12487200
1999-04-20,81.92003631591797,81.95908304438123,80.59244754816716,81.10005501818952,9049600
1999-04-21,84.26285552978516,84.73141635756895,81.47101393090674,81.88100465521755,5772200
1999-04-22,85.06332397460938,85.1999875660306,83.96025355813808,84.41905275790933,6897400
1999-04-23,84.84857177734375,85.4342729170861,84.34096412290036,84.88761851999324,4593100
1999-04-26,85.3366470336914,85.47331061850856,84.63380574034596,85.27807692591261,3606500
1999-04-27,85.74662780761719,85.90281474351448,84.86807629319487,85.66853433966854,5147200
1999-04-28,84.57521057128906,85.74661237975567,84.34093020959574,85.23900492942015,5544300
1999-04-29,83.93097686767578,85.00476233585958,83.59907954114624,84.69238838147884,9824300
1999-04-30,83.24764251708984,84.73141850942072,82.15433389116184,84.39952124797829,10991900
1999-05-03,84.77046203613281,84.86807887403715,83.1500225269207,83.36477957031025,10709700
1999-05-04,83.5600357055664,84.84857831224103,83.16956824899835,84.41906411001617,10509300
1999-05-05,84.22379302978516,84.37997994314591,82.36907343362623,83.67713883302252,10032300
1999-05-06,83.70642852783203,84.41903135961415,82.70097521723532,83.98951732401945,13507200
1999-05-07,84.3409423828125,84.41903584798177,83.36477406819661,84.02856852213542,8680700
1999-05-10,83.92118835449219,84.78997813738737,83.4233425238444,84.24332389197018,5580100
1999-05-11,84.77046203613281,85.51235000420583,84.16523764112588,84.53618162516238,7000600
1999-05-12,85.43428039550781,85.72713099101344,82.1543537258448,84.80953245842915,13865800
1999-05-13,85.80525207519531,86.21524304074232,85.47335462689536,85.74668193726002,4485700
1999-05-14,83.57953643798828,84.88760206315652,83.40382613012987,84.0676206264839,8370100
1999-05-17,83.83332061767578,84.01879256594498,82.70096556508491,83.48190008411311,6268100
1999-05-18,83.67711639404297,84.33114891835478,82.85713531878638,84.04806021380192,8218600
1999-05-19,84.28240203857422,84.34097215812847,83.24766325978236,84.00907481398768,5052400
1999-05-20,83.7747573852539,84.71187888478599,83.75523402068032,84.41902841618221,4670400
1999-05-21,83.30619049072266,84.14569510546394,82.83762977551821,83.79427456906062,6418200
1999-05-24,81.92003631591797,83.61856900406976,81.46123725647467,83.61856900406976,7952000
1999-05-25,80.59246826171875,82.68146877140961,80.2410476152287,82.07624432467675,15406400
1999-05-26,81.49050903320312,81.84192953214841,80.0262569542644,80.78766803531254,12575900
1999-05-27,80.31914520263672,81.39293056630834,79.96772453816237,81.11960338282829,14515400
1999-05-28,81.34410858154297,81.68576750394234,80.33865518133909,80.59245895226434,8748000
1999-06-01,81.06104278564453,81.31484662866318,80.20201439388914,81.29532325612327,6705300
1999-06-02,81.13912200927734,81.33435570034875,79.97748154740246,81.06102853284878,6981900
1999-06-03,81.58814239501953,81.76385268014879,81.08053490464611,81.64671249006261,6076600
1999-06-04,83.22811126708984,83.31596641621063,81.802905514686,82.13480274469785,9787200
1999-06-07,83.44287872314453,83.83334610135299,83.03288797602568,83.36478524750285,5299100
1999-06-08,82.62287902832031,83.58928557650127,82.21288837151626,83.3257201542701,4895700
1999-06-09,82.54479217529297,83.15001652662554,82.34955851357279,82.72050247084114,7409700
1999-06-10,81.78337097167969,82.13479152013761,80.96338969194453,82.11526815633438,7040700
1999-06-11,81.10009002685547,82.60338972162386,80.65105245569089,81.97864179652531,12824800
1999-06-14,81.1781234741211,81.68573078781209,80.93408149638505,81.64668407137432,6823500
1999-06-15,81.72483825683594,82.25196932060435,81.26603899763009,81.51008115678214,5700900
1999-06-16,83.28670501708984,83.63812571336449,82.70100385663211,82.70100385663211,7865800
1999-06-17,84.06761932373047,84.69236707532345,82.85717055501907,83.01335749291731,8162800
1999-06-18,84.16472625732422,84.39971385971786,83.5772572513401,84.00806785572846,2875100
1999-06-21,84.36058807373047,84.75223425791677,83.75353648824169,84.26267652768388,4646400
1999-06-22,83.77310180664062,84.71305245804754,83.65560797521476,83.96892485901706,5862400
1999-06-23,83.36183166503906,83.73389527829623,82.79394509743602,83.34224936960447,9629200
1999-06-24,82.73524475097656,83.30313163802468,81.87362326717941,83.26396702512481,9176900
1999-06-25,82.52963256835938,83.35208945953771,82.24568911783352,83.08772831594467,4087000
1999-06-28,83.53813934326172,83.73396245470866,83.02899925349969,83.14649312036785,5028900
1999-06-29,84.32140350341797,84.71304959493408,83.20521214259706,83.3422882746277,6956200
1999-06-30,85.84880828857422,86.16212510714567,83.87099587134202,84.36055340035989,16856100
1999-07-01,86.49506378173828,86.78879843347613,85.26137824443933,85.84884754791501,9939500
1999-07-02,87.35665893554688,87.41540584807919,86.4167083350299,86.55378446427196,3772800
1999-07-06,87.33709716796875,88.1987187543792,86.84753944841735,87.25876793284053,11221100
1999-07-07,87.45458984375,87.55250138634266,86.79858250837928,87.14127290745354,3230700
1999-07-08,87.52313232421875,88.12039276406408,86.94545419387656,87.1412772889078,7101500
1999-07-09,88.04206848144531,88.10081541326123,87.4545991632862,87.72875151176046,2976800
1999-07-12,87.6503677368164,88.31616588316398,87.41538015575254,88.31616588316398,4436300
1999-07-13,87.33709716796875,87.67978757165473,86.88670406598146,87.33709716796875,6477600
1999-07-14,87.82665252685547,87.86581714336688,86.94544865534856,87.72874098557692,4382500
1999-07-15,88.38471984863281,88.59033401910155,87.92453575282182,88.21827028206287,3348600
1999-07-16,88.86451721191406,89.07992260841715,88.19871871363175,88.5120356539999,2281500
1999-07-19,88.27704620361328,89.13866777259265,88.08122311975434,89.09950315582086,4287000
1999-07-20,86.46566772460938,87.98329636205864,86.18172430211887,87.80705561706452,7060100
1999-07-21,86.36778259277344,87.04337232170455,86.04467446154551,86.53423223613328,4793700
1999-07-22,85.2319564819336,86.47543246966542,84.8892662490941,86.12295108731624,7804100
1999-07-23,85.06549072265625,85.84878253409876,84.673844816935,85.63337728595206,4603000
1999-07-26,84.43891906738281,85.30054069051937,84.36058982891585,84.51724830584978,4333400
1999-07-27,85.14385986328125,85.97610780352721,84.83054299165924,85.22218908118676,5908500
1999-07-28,85.4179916381836,86.04462523112763,84.96759874325507,85.37882703862458,3955500
1999-07-29,84.2235107421875,84.75223308351255,83.53812992935872,84.5564099941329,7760600
1999-07-30,83.1856460571289,84.81097765381952,83.06815220676573,84.47807841112385,5994300
1999-08-02,83.38142395019531,84.4388680303528,83.02894259014282,83.18560097238837,6065500
1999-08-03,82.98983001708984,83.87103396960731,82.32403147518775,83.79270472938353,5445400
1999-08-04,81.85403442382812,83.89059413198079,81.73654059451164,83.16604885119571,6497900
1999-08-05,82.59817504882812,82.67650428073787,80.73785579097164,82.01070580950503,10322000
1999-08-06,81.69739532470703,82.71567541983761,81.14909065809826,82.22611768179407,7537700
1999-08-09,81.52111053466797,82.58834582751913,81.30570524620259,81.83442731789033,5565900
1999-08-10,80.620361328125,81.56031210387191,79.5824990132378,81.38407133341936,9793300
1999-08-11,81.59952545166016,81.79534864688853,80.60082715599549,81.26662601977193,8003400
1999-08-12,81.55050659179688,82.59815987614341,81.40363930894456,81.89319691845229,7036800
1999-08-13,83.44021606445312,83.49896298963345,82.16736601887945,82.48068295317451,5857700
1999-08-16,83.81229400634766,83.94937018813374,82.87234304552881,83.42064777267314,3927000
1999-08-17,84.36058807373047,84.49766423819567,83.42063723168333,84.24309421847457,4808000
1999-08-18,83.75350189208984,84.20389481785979,83.49893197752422,84.09619216169742,4355500
1999-08-19,83.06814575195312,83.48916534970584,82.519841159531,82.95065191071981,6448100
1999-08-20,83.91020965576172,84.04728584423088,83.14649946286214,83.38148721452355,3663700
1999-08-23,85.51593017578125,85.56488594070899,84.38015642945761,84.4780679593131,5637800
1999-08-24,85.82923889160156,86.45587262295709,84.8305413822537,85.26135207256063,9279500
1999-08-25,86.71043395996094,86.96500388802767,85.3200905066734,85.96630647791972,6005300
1999-08-26,85.67259979248047,86.73983560703822,85.5355236328125,86.65171521868024,4322300
1999-08-27,84.63471221923828,85.88797959129549,84.63471221923828,85.77048577516513,6247400
1999-08-30,83.06814575195312,84.90888259794171,82.71566422825319,84.81097106358062,4652000
1999-08-31,82.75482940673828,83.81227398505439,82.01070174051583,83.30313400290218,11453700
1999-09-01,83.77310180664062,83.80247526449709,82.9114803761843,83.30312648093718,6863900
1999-09-02,82.78424072265625,83.13672240994373,81.87366303049693,82.79403188063645,10896300
1999-09-03,85.2026138305664,85.53551303422525,84.39973928056565,84.51723311715114,9160800
1999-09-07,84.88931274414062,85.61385820470191,84.73265426618143,85.26137662929372,4560800
1999-09-08,84.47804260253906,85.26133460627146,83.98848510020632,84.49762490263238,6159600
1999-09-09,84.43891906738281,84.75223602125065,83.77312054041366,84.43891906738281,6177800
1999-09-10,85.14385986328125,85.44738558266506,84.55639072898998,85.37884751699775,2934500
1999-09-13,84.56616973876953,84.88927771623618,84.28222636463218,84.67387239792508,2320500
1999-09-14,84.00809478759766,84.32141169123439,83.57728404509716,84.00809478759766,3736000
1999-09-15,82.67647552490234,84.86969325554874,82.63731092256937,84.86969325554874,6984500
1999-09-16,82.99962615966797,83.22482273884367,81.65823784023014,83.02899962651698,15377600
1999-09-17,84.04834747314453,84.16617225932184,83.04683679063744,83.34139875608071,8542300
1999-09-20,83.93048858642578,84.20541297580574,83.63592674066153,84.16613806303717,2803900
1999-09-21,82.16313171386719,83.24319200169289,81.79001997807286,83.10572978324234,9335200
1999-09-22,82.07476043701172,82.85044007267675,81.53473031091582,82.4773283491923,13009100
1999-09-23,80.35649108886719,82.83081119570915,80.19939139954388,82.83081119570915,12204100
1999-09-24,80.27792358398438,80.67067272089231,79.37460056909609,80.27792358398438,13792900
1999-09-27,80.80815124511719,81.5347372951948,80.61177663698811,80.90633854918174,6970300
1999-09-28,80.65104675292969,80.9456086475715,78.90331284472157,80.39575977757345,11063400
1999-09-29,79.68877410888672,81.14194544551994,79.64949920789664,80.70992153462899,7580300
1999-09-30,80.90629577636719,81.33831968585264,79.78696110179123,80.08152285825858,7498900
1999-10-01,80.72957611083984,80.78848847482246,79.57096628584847,80.39573938160504,11127100
1999-10-04,82.16313171386719,82.24168155298179,80.90633428803366,81.18125872493475,6341600
1999-10-05,82.0845718383789,82.92898250561582,80.86704948096755,82.14348421051172,11976000
1999-10-06,83.34137725830078,83.45920201408538,82.12385478186,82.16312970045487,10308200
1999-10-07,82.87005615234375,83.57700449866707,82.63440670356931,83.48863595537665,6535600
1999-10-08,84.12686920166016,84.12686920166016,82.46750401782722,82.79152207147507,9674300
1999-10-11,83.98941040039062,84.28397227927907,83.77339835587243,83.9501354832055,4282000
1999-10-12,82.69332122802734,83.77338122981824,82.43803431851313,83.65555650235015,8686100
1999-10-13,80.5528564453125,82.516602336227,80.5528564453125,82.1238531580441,10469300
1999-10-14,80.53321838378906,81.18125452294171,79.64953273948998,80.73941170079217,10562200
1999-10-15,78.47128295898438,79.64953045086101,78.23563346060904,79.17823145411036,14238700
1999-10-18,79.04076385498047,79.13895113927236,77.56795459060194,78.5105525198042,9758800
1999-10-19,79.8066177368164,80.59211594288743,79.13894426165604,79.92444246772706,14392900
1999-10-20,80.5921401977539,81.3580011791653,79.88519159952799,80.2779408207646,9759400
1999-10-21,81.0634536743164,81.0634536743164,79.57100636829702,79.94411819480186,9105400
1999-10-22,81.75074005126953,82.45768856000018,81.41690325548005,81.53472800693517,8309600
1999-10-25,81.33833312988281,81.98636910122181,80.90630914899015,81.25978331517504,8114300
1999-10-26,80.31716918945312,82.12381455997384,80.31716918945312,81.80961536510067,6256300
1999-10-27,81.7703628540039,81.88818758434108,80.59211555063209,80.67066537085688,5433300
1999-10-28,84.55889129638672,84.74544714109543,83.06644453871709,83.22354419741916,10509700
1999-10-29,86.09059143066406,86.52261538401137,85.28545588124408,85.36400569094359,10988600
1999-11-01,85.18728637695312,86.09060937680094,85.18728637695312,85.77641007250605,4006500
1999-11-02,84.57853698730469,86.24772102350643,84.5785369873047,85.44258519427972,6516900
1999-11-03,85.14803314208984,85.69788206459411,84.91238360387374,85.462232526378,7222300
1999-11-04,85.79608154296875,86.31647434701743,85.31496366752752,85.93354379309481,7907500
1999-11-05,86.64047241210938,87.41615207219058,85.95316132089818,87.11177144608277,7431500
1999-11-08,86.71900177001953,86.95465123135111,85.93350356558095,86.09060320646867,4649200
1999-11-09,85.90406036376953,87.15103895174515,85.63895467971172,87.03321420327502,4533700
1999-11-10,86.54228973388672,86.96449514102957,85.51132304202625,85.61932907641163,6405600
1999-11-11,87.03317260742188,87.03317260742188,86.38513680055254,86.83679812049178,4794100
1999-11-12,87.81871032714844,87.96599125904771,86.16916388987642,87.50451100576329,11802900
1999-11-15,88.02490234375,88.1329083588957,87.60269701181679,87.87762141400586,2187500
1999-11-16,88.76133728027344,89.86103526427682,88.0347511122712,88.3293130722721,7544800
1999-11-17,88.99697875976562,89.82175217280847,88.80060413761257,89.38972800407174,9459000
1999-11-18,89.62533569335938,89.86098512988882,88.99693719594757,89.50751097509466,4491000
1999-11-19,89.54682159423828,89.84138350737722,89.2326222202234,89.48790921161049,4832100
1999-11-22,89.52713775634766,89.86097441830377,88.91837678454533,89.50750030564436,4155400
1999-11-23,88.74168395996094,89.76283190550596,88.21147252669718,89.76283190550596,5918000
1999-11-24,89.21293640136719,89.50749815483857,87.97577703678736,88.44707584234158,4459700
1999-11-26,88.87914276123047,89.78246590904678,88.76131800281965,89.52717893248999,1693900
1999-11-29,88.56490325927734,89.18348296053394,88.25070404594067,88.52562835761026,7348600
1999-11-30,87.52413177490234,89.42896479760047,87.3473946903221,88.44709210548804,7682000
1999-12-01,88.23112487792969,88.29003726934606,87.347439006684,87.5438136447386,6980200
1999-12-02,88.76133728027344,88.83988713627367,88.21148828827174,88.36858800027223,6698300
1999-12-03,90.39122772216797,91.33382579530812,89.88065376588372,89.88065376588372,10045400
1999-12-06,89.7235336303711,90.31265729176552,89.38969688891424,90.19483255948663,3138900
1999-12-07,88.99697875976562,90.05740171939213,88.83987906204318,90.03776425717683,10714200
1999-12-08,88.42742919921875,89.27183947138539,88.2899670618893,88.82017816301719,4611400
1999-12-09,88.85948944091797,89.37006330289893,87.58305478596554,89.11477637190845,6474700
1999-12-10,89.1540756225586,89.74319947028475,88.52567685165069,89.40936262323993,5127300
1999-12-13,89.3111343383789,89.68424593741787,88.78092311869196,88.87911038159694,4210800
1999-12-14,88.44709777832031,89.5369765364679,88.36854795791328,88.99694652116955,5739000
1999-12-15,88.91841888427734,89.36026173429859,87.99545826423294,88.21147032424334,6879100
1999-12-16,89.3111343383789,89.64497103225587,88.70237330836797,89.3504092435409,5854900
1999-12-17,89.88471221923828,90.27842536956345,89.4909990689131,90.08156879440087,4775400
1999-12-20,89.2351303100586,90.19972801250573,88.88078829691474,89.80601466456812,4608700
1999-12-21,90.5933837890625,90.75086902815691,89.03821705300516,89.19570229209957,7981300
1999-12-22,90.82962799072266,90.82962799072266,90.06188731199742,90.47528613900332,5377500
1999-12-23,92.27647399902344,92.27647399902344,91.34140572916667,91.35124855305989,5721700
1999-12-27,92.1485824584961,92.46355304583554,91.3808416518562,92.28638209045711,2691000
1999-12-28,92.08951568603516,92.28637228220026,91.64658834466368,91.89265908987007,4084500
1999-12-29,92.48323059082031,92.48323059082031,91.53831891173148,92.16826003112403,3001000
1999-12-30,92.37494659423828,92.95567348279023,92.08950456427208,92.68007428144355,3641300
1999-12-31,92.52263641357422,92.91634976001495,92.12892306713347,92.50295074625218,3172700
2000-01-03,91.6170654296875,93.38877490297325,90.6327823889732,93.38877490297325,8164300
2000-01-04,88.03427124023438,90.75089231160118,87.96537143045333,90.41623609266469,8089800
2000-01-05,88.19174194335938,89.15633912086487,86.45940415518625,88.15237062999181,12177900
2000-01-06,86.77436828613281,89.13664691461193,86.77436828613283,87.95550760037237,6227200
2000-01-07,91.81391143798828,91.81391143798828,88.23112158341841,88.38860685175116,8066500
2000-01-10,92.12887573242188,92.54227453378532,91.36113510131837,92.12887573242188,5741700
2000-01-11,91.02650451660156,92.03047331641702,90.3965633088742,91.8533023517437,7503700
2000-01-12,90.1209487915039,91.08554610272796,90.0028348350275,91.08554610272796,6907700
2000-01-13,91.34146881103516,91.81392468419568,90.25875743504228,91.00681256754645,5158300
2000-01-14,92.58167266845703,92.89664327502632,91.95173145531848,92.30607338770892,7437300
2000-01-18,91.85330200195312,92.36512923128248,91.45958874862285,91.55801706195543,6488500
2000-01-19,92.60134887695312,92.60134887695312,91.34146657930751,91.53832318831464,6157900
2000-01-20,91.1839828491211,92.58166479693793,90.59341301201539,92.58166479693793,5800100
2000-01-21,90.98711395263672,91.65642634432639,90.75088604968742,91.65642634432639,6244800
2000-01-24,88.4083023071289,91.87297859438223,87.817732485438,91.75486463004405,7896900
2000-01-25,89.41228485107422,89.41228485107422,87.56183245653415,88.51658714946174,9942500
2000-01-26,88.7035903930664,89.16620343661657,88.25082018023006,88.8217043616324,5158100
2000-01-27,88.3492431640625,89.58943975927994,87.0106182676373,89.35321183638139,10922700
2000-01-28,85.59324645996094,88.23112480072331,85.37670420810731,87.83741161553489,11916200
2000-01-31,87.91618347167969,87.98508330198665,85.0420762645894,85.5539035754411,10768700
2000-02-01,88.7823257446289,89.25478158007704,87.2665299392328,88.03427067183601,8419900
2000-02-02,88.861083984375,89.6091391884969,88.42799939251496,88.99888362723956,6205900
2000-02-03,90.19969177246094,90.23906309143625,88.19175450471955,88.74295297037405,7997500
2000-02-04,89.8256607055664,90.71151534763314,89.5303758248775,90.19968822110569,4925400
2000-02-07,89.6878433227539,89.94375683530785,89.09727367839864,89.80595725162496,5845800
2000-02-08,90.90840148925781,91.06588681015734,90.47531685678408,90.69185917302094,4936400
2000-02-09,88.99886322021484,91.00680041297352,88.98902039083858,91.00680041297352,8511500
2000-02-10,89.1760482788086,89.80598945870305,88.74296371763116,89.215419602552,6690600
2000-02-11,87.36497497558594,89.41228398808278,86.95157604037023,89.35322699733767,9849800
2000-02-14,87.87678527832031,88.05395621638144,87.12873020650666,88.05395621638144,8528800
2000-02-15,88.87096405029297,88.9595495721063,86.80396854131506,87.71935226671955,11078300
2000-02-16,87.56179809570312,88.78230877059828,87.4338413313996,88.42796696175775,8845400
2000-02-17,87.1090316772461,88.46734200170484,87.06966036349367,88.46734200170484,7584200
2000-02-18,85.2388916015625,87.48305641509094,84.80580716386403,87.48305641509094,9409200
2000-02-22,85.02237701416016,85.88854617105366,84.11683653195331,85.16017665275685,16415400
2000-02-23,86.02632141113281,86.5972054662639,84.72706804428275,85.43575169892823,12119000
2000-02-24,84.2939682006836,86.32159050910732,83.84119817064723,86.10504832082906,17375000
2000-02-25,83.98888397216797,86.12477847843311,83.86092715842858,85.16018095947466,10559900
2000-02-28,85.75074768066406,86.10508961322878,83.60501042235543,84.01840934368094,13397800
2000-02-29,86.5775146484375,86.5775146484375,85.5144892298346,85.71134578883513,8242500
2000-03-01,87.20744323730469,87.56178499312217,86.43970276636678,86.69561625667941,6868000
2000-03-02,87.26653289794922,87.64056044702683,86.518477799794,87.36496120033806,7600200
2000-03-03,88.90044403076172,89.27447158536413,88.01458929617706,88.46735949385366,12770300
2000-03-06,88.03427124023438,89.03823989704384,87.40433012223627,88.70358367810735,11967100
2000-03-07,86.33146667480469,88.29018995245674,85.17985550151178,88.19176164704709,20062000
2000-03-08,86.22319793701172,86.83345344752482,85.06174390087389,85.96728433582881,11808500
2000-03-09,88.74295043945312,88.74295043945314,85.7507302826659,86.45941400401024,5500900
2000-03-10,88.2705078125,89.45164752453167,87.89648023702331,88.30987913623439,7924600
2000-03-13,87.30585479736328,88.48699375741779,85.47508940927877,86.10503018797452,10540500
2000-03-14,86.065673828125,88.25078128350512,85.77038903685742,87.73895431197464,8263900
2000-03-15,88.0736312866211,88.46734443497434,85.71135239650162,86.22317948936085,10300800
2000-03-16,92.18791961669922,92.50289008730934,88.74293009440105,89.21538580031623,25601400
2000-03-17,92.79725646972656,93.46827023407593,91.84994292005688,92.08677130747431,10272900
2000-03-20,92.32355499267578,93.05377550031345,91.43544896987322,92.75774015937927,12502300
2000-03-21,94.21818542480469,94.57342784995058,91.25783188192226,91.9091096613564,13612600
2000-03-22,94.79054260253906,95.26419928012827,93.90243633205931,94.45503578924671,8260000
2000-03-23,96.4088134765625,96.9219412453221,94.19841693421348,94.19841693421348,11654500
2000-03-24,96.98119354248047,98.36269202599158,95.8167876778068,96.54700830480554,11462900
2000-03-27,95.95491790771484,97.11932353432019,95.87597515336871,96.86275958269528,8798600
2000-03-28,95.40235900878906,96.61610437060962,95.1063235546865,95.52077319043009,6334400
2000-03-29,95.50102996826172,96.30032563135629,94.51424519900917,95.71812261749727,6747500
2000-03-30,93.90239715576172,95.94504072566953,92.91561282247294,94.8299744290532,9491900
2000-03-31,94.96817016601562,96.19178333108067,93.74455700095059,94.4945134569582,9249100
2000-04-03,95.52073669433594,95.52073669433592,93.90241016356413,94.81025187594831,8508200
2000-04-04,94.81026458740234,96.62594825560404,89.29413866063736,95.83652057377722,19585500
2000-04-05,94.21818542480469,95.2444413196706,93.23140091051054,93.3892864327976,8387200
2000-04-06,95.03721618652344,95.79704025945068,94.09977090174307,94.88919850997917,6378500
2000-04-07,95.63916015625,96.07334536537867,95.0470894165291,95.71810292154612,6023600
2000-04-10,95.26419830322266,96.69503616876723,94.92869149337083,95.8365334494405,9624200
2000-04-11,94.98792266845703,95.75761495685715,93.70510218779015,94.73135857232364,9006400
2000-04-12,92.38277435302734,95.4615423083942,92.30383158494101,94.96815000785463,10779200
2000-04-13,91.09996795654297,93.5669298271166,90.80393253207413,93.13274453789565,12225800
2000-04-14,85.88970184326172,90.19208120949128,84.31084702996647,90.07366709849413,29604000
2000-04-17,88.8895492553711,88.8895492553711,85.06082533096125,85.3765963762734,23918200
2000-04-18,91.23806762695312,91.23806762695312,88.27771501089364,88.77110711357022,11069200
2000-04-19,90.38945770263672,91.65254182773907,90.01447960299697,91.25782803864459,6553700
2000-04-20,90.82361602783203,90.9025587623195,89.91577458122615,90.66573055885709,8537600
2000-04-24,89.83686065673828,90.50787411507069,88.73166201948492,89.36320409791541,12893100
2000-04-25,93.5668716430664,93.56687164306642,91.21832540271103,91.3367394988634,14102000
2000-04-26,92.51102447509766,93.94186165364583,92.20512135416666,93.44846952311198,7711100
2000-04-27,92.20513916015625,93.05377378855665,90.31051301302975,90.31051301302975,15595300
2000-04-28,91.63277435302734,93.37938226391317,91.61303867041846,92.83665099216898,8743400
2000-05-01,92.87615203857422,93.77412588425103,92.10646017085122,92.56038101591862,7328300
2000-05-02,91.02102661132812,92.91565335779116,91.02102661132812,91.88939720345701,9411900
2000-05-03,88.8895492553711,90.94206104990009,88.2777428550788,90.94206104990009,12630700
2000-05-04,89.56059265136719,89.90596734757673,88.88957895587436,89.67900683292474,5963600
2000-05-05,90.64602661132812,90.94206196930111,89.00796429721095,89.08690705933708,7862400
2000-05-08,89.96517181396484,90.54737485630595,89.5803257351292,90.15266092929502,5064100
2000-05-09,89.24480438232422,90.56709582275228,88.58365866211018,90.35000319820439,5620300
2000-05-10,87.23175048828125,89.02769829245175,86.99492220641261,88.73166294011595,10293900
2000-05-11,89.22503662109375,89.36318642342678,87.86327428381097,88.49481623733342,7091100
2000-05-12,90.19212341308594,90.60657299550931,89.44216702584366,89.56058119225032,5960800
2000-05-15,91.75122833251953,91.95845308999243,89.67898075779065,90.15263734630012,4441300
2000-05-16,92.63933563232422,93.29061344993535,91.77096520884268,92.56039286655316,8192200
2000-05-17,91.67225646972656,92.32353407220255,91.23807140140924,92.00776311342632,5907200
2000-05-18,90.54736328125,92.40251850104893,90.54736328125,91.96833323684066,4325600
2000-05-19,89.12638092041016,90.45854006835694,88.67246002555422,90.03422271012204,6518400
2000-05-22,88.45537567138672,89.34348185282636,86.52127776514043,89.20533200238019,10839400
2000-05-23,87.15283966064453,88.92905242546745,86.87653989722763,88.69222405682439,7979200
2000-05-24,88.57374572753906,88.85004529086027,86.20546375621448,87.15277654474431,11081500
2000-05-25,87.05413818359375,89.56057108980922,86.97519541489405,88.85008617151192,8278900
2000-05-26,87.15283966064453,88.21856731953828,86.72852216682571,87.66596779270448,4814000
2000-05-30,89.99476623535156,90.27106595624959,88.08040388341536,88.41591068736295,5362700
2000-05-31,90.19212341308594,90.94207980032823,89.73820244186035,90.03423785787705,6056500
2000-06-01,91.77094268798828,91.84988543438655,90.3105018796203,90.74468698481078,8961600
2000-06-02,93.36956024169922,94.15898793344896,93.14259978032118,94.06030947198023,8962200
2000-06-05,92.91561889648438,93.60636797494166,92.75773339283698,93.13271146399951,6998100
2000-06-06,92.50115203857422,93.33005077670524,92.14590972223235,92.59983045978029,4858900
2000-06-07,93.14260864257812,93.46824759640852,92.20516316943002,92.5998770528608,4919500
2000-06-08,92.77748107910156,93.31034472282327,92.24461743537985,93.15245919875758,5723100
2000-06-09,92.58012390136719,93.44849428117111,91.96831749741443,93.15245892441978,3085300
2000-06-12,91.49462890625,92.81691970364403,91.49462890624999,92.81691970364403,3678900
2000-06-13,93.21170043945312,93.31037892816734,91.33680915388292,91.45522334033998,6558700
2000-06-14,93.36956024169922,94.02083808739275,92.95511070353061,93.62612424151789,6420500
2000-06-15,93.5668716430664,93.9418496142156,92.7379729699998,93.54713596037435,5881200
2000-06-16,92.79805755615234,93.88607571125537,92.34306814583651,93.88607571125537,5567900
2000-06-19,93.98504638671875,94.42025392629102,92.58051296355373,92.71898808978128,5106900
2000-06-20,93.64872741699219,94.24219210277793,93.05526273120643,93.80698466653504,6480000
2000-06-21,93.60916137695312,93.96524018185278,92.98602346837873,93.01569670212037,3115000
2000-06-22,92.18486022949219,93.4904827134292,91.78921705254157,93.41135407803908,7490500
2000-06-23,91.39356231689453,92.50136307225084,91.07704781536417,92.30354150879435,4863300
2000-06-26,92.57061767578125,92.58050875577652,91.71009371619229,92.0266082760411,5201300
2000-06-27,91.88811492919922,92.87722273252753,91.79909522689968,92.41234206496323,4159500
2000-06-28,92.14527893066406,93.04536699235261,91.9870216890485,92.18484324106797,5347700
2000-06-29,91.27489471435547,92.26400280618854,90.84957823486725,91.63097362741537,6345700
2000-06-30,91.96723937988281,92.16506093157109,91.08693347486995,91.11660670762319,7420200
2000-07-03,93.23329162597656,93.33220239578982,91.90788731047891,92.06614454218013,1436600
2000-07-05,91.55181884765625,92.83765900001097,91.39356159813566,92.65961959430031,2748200
2000-07-06,92.26398468017578,92.71897431303258,91.29465894061133,91.74964857346812,5963200
2000-07-07,93.74766540527344,94.18287296782167,92.58051785116685,92.85746811824299,3034800
2000-07-10,93.58940124511719,94.2619947015395,93.3915796402871,93.6091834056002,2816100
2000-07-11,93.78717803955078,94.40042472152211,93.15414920654813,93.35197071686146,5431600
2000-07-12,94.40045928955078,95.03348835435918,94.12350907369712,94.4993700809271,5883000
2000-07-13,94.8158950805664,95.19175612928971,94.44003403184311,94.94447912355069,5356000
2000-07-14,95.74562072753906,95.74562072753906,94.74662199887362,95.23128474842417,5341900
2000-07-17,95.58739471435547,96.21053273867298,95.38957311933403,95.5775036346044,4208300
2000-07-18,94.80599975585938,95.35000914412981,94.53894060161751,95.35000914412981,4262100
2000-07-19,94.0444107055664,94.89504378514978,93.84658905915167,94.61809348016915,8506800
2000-07-20,95.34999084472656,95.34999084472656,94.20262580966553,94.32131874432702,4538900
2000-07-21,93.4905014038086,94.79612414876233,93.4905014038086,94.79612414876233,5656900
2000-07-24,92.9563980102539,94.23234771692796,92.77835851629938,93.7674668160467,5628500
2000-07-25,93.25309753417969,93.58939423720918,92.91680083115018,93.53004776020397,4757100
2000-07-26,92.34310150146484,93.1541698736928,92.19473533581339,93.03547694117164,12062500
2000-07-27,92.0266342163086,92.81792083897676,91.59142657384109,92.38271319650927,7652600
2000-07-28,89.94945526123047,92.36287807668464,89.58348540806735,92.24418515133443,6229500
2000-07-31,90.52313995361328,91.23529752317843,89.929675312309,90.483575644193,5265500
2000-08-01,91.0770492553711,91.61116748514847,90.602277495569,90.91879200210373,3946600
2000-08-02,91.53199005126953,92.04632585013121,90.91874352185752,91.07700069073805,7439800
2000-08-03,92.16506958007812,92.30354467925402,90.28576466269082,90.44402191889185,4607100
2000-08-04,92.65961456298828,92.87721826926345,92.04636775439464,92.62005025275644,3686600
2000-08-07,93.76744079589844,93.96526240095308,92.65963980759247,92.87724357315257,4159800
2000-08-08,94.12352752685547,94.2026561754699,93.37180536501846,93.37180536501846,3658700
2000-08-09,93.33224487304688,94.45982816210233,93.2926805471151,94.41037275468761,5383800
2000-08-10,92.87723541259766,93.59928420760507,92.60028518985509,93.39157154054814,4193400
2000-08-11,93.3124008178711,93.6882616649221,92.14525397702853,92.81784707175136,5089400
2000-08-14,94.49935150146484,94.67739089093799,93.09481854006565,93.54980809094144,2966700
2000-08-15,94.42025756835938,94.83568296306618,94.04439649695799,94.5389505382756,5564600
2000-08-16,94.08395385742188,94.91480458534696,93.58939985270456,94.51916138157311,5191600
2000-08-17,95.0730209350586,95.23127814843363,93.90587398641763,94.12347765480831,5652200
2000-08-18,94.75655364990234,95.19176120320043,94.4598212271991,95.19176120320043,4626400
2000-08-21,95.2708511352539,95.4093262095784,94.57847576363142,94.97411883312998,2380600
2000-08-22,95.11261749267578,95.78521087760735,95.0137067007741,95.31043907647918,3075300
2000-08-23,95.48847961425781,95.76542983480878,94.49937168371856,94.83566838010191,5483200
2000-08-24,95.78520202636719,95.90389496568116,95.27086595600669,95.68629124360555,4529000
2000-08-25,95.74562072753906,95.98300656405361,95.54779919711025,95.68627426841041,2822200
2000-08-28,96.0720443725586,96.79409309480678,95.74563878578886,95.74563878578886,5518700
2000-08-29,96.09182739257812,96.14128278495723,95.52803591945647,95.8643325876343,3561900
2000-08-30,95.17195129394531,95.90389105654684,95.17195129394531,95.78519812207092,3964800
2000-08-31,96.43803405761719,96.91280591759315,95.52805465932992,95.62696546349159,4863100
2000-09-01,96.53691864013672,97.22929408120328,96.22040415279201,97.01169037115379,3191200
2000-09-05,95.76542663574219,96.34900029526592,95.46869426649283,96.14128763679138,3470800
2000-09-06,94.67739868164062,96.19073361668983,94.6576165256269,95.7060707943538,4322200
2000-09-07,95.48847961425781,95.6368458038387,94.8455594594073,95.1126186006529,4265500
2000-09-08,94.83564758300781,95.27085497700575,94.52902419178197,95.13237989709731,3518200
2000-09-11,94.69721984863281,95.70611022094957,94.12353708790369,94.79613066944817,3937500
2000-09-12,94.00481414794922,95.11261498807657,93.9652498322304,94.7961004623259,4769100
2000-09-13,94.25210571289062,94.5389470462597,93.47071035647144,93.68831412661349,7691600
2000-09-14,94.72683715820312,94.91476760677844,93.7871849153265,94.87520330181522,3397100
2000-09-15,92.6544418334961,94.08233562887531,92.6544418334961,94.042671912337,4085700
2000-09-18,91.80165100097656,93.26920817835229,91.5140891216259,92.8924029571342,5109300
2000-09-19,92.63460540771484,92.85275583791926,91.83141518741672,92.09914526084943,6588200
2000-09-20,91.95040893554688,92.67427174718226,90.84974082470403,92.45612131079899,6508100
2000-09-21,90.55224609375,92.37677667645369,90.51258238543036,91.68266178085989,5972300
2000-09-22,92.19831085205078,92.21814271069825,90.38369578580802,90.51260286701651,7791300
2000-09-25,91.54383087158203,92.69407831320936,91.20668938007057,92.61475090344196,9726300
2000-09-26,90.37376403808594,92.01980801771313,90.37376403808594,91.6231709141885,5302400
2000-09-27,90.8497314453125,91.3653596962573,90.19528020372873,91.10754557078491,7186200
2000-09-28,92.01979064941406,92.86264433531925,90.68114067768228,90.86954326629638,7036400
2000-09-29,91.14723205566406,92.63462161270819,91.14723205566406,92.31731184053878,9333600
2000-10-02,91.28601837158203,91.96030136628848,90.83980168390865,91.5636643105788,5517800
2000-10-03,90.43328094482422,92.49579436988162,90.29445792582997,91.7223518354851,9347200
2000-10-04,91.18685913085938,91.54383248108893,89.95728425784648,90.67123095830559,6148900
2000-10-05,91.50420379638672,91.92067286438068,90.94891170572811,91.00840728687011,4566900
2000-10-06,89.52096557617188,91.79171226613016,88.68802792570683,91.30583197002555,10014900
2000-10-09,88.84672546386719,89.67966351509094,88.45008829661778,89.67966351509094,4508000
2000-10-10,87.37913513183594,89.63996613615488,87.37913513183594,88.90618765229698,6104700
2000-10-11,86.64542388916016,87.97415893163526,85.75298990540821,87.3395392098561,10346000
2000-10-12,84.48368072509766,87.31963526586972,84.2655303758075,87.12131676651502,12336900
2000-10-13,87.29981994628906,87.35931550736105,84.32504189268994,84.36470560007126,11778800
2000-10-16,87.69644165039062,87.72618942571302,86.74451284007432,87.20064539501755,5659000
2000-10-17,85.51497650146484,87.9344633134265,85.29682605120601,87.85513587696875,7831700
2000-10-18,85.19763946533203,86.38755063104895,82.59966675351674,84.1663831217107,10897300
2000-10-19,88.4104232788086,88.49966664012636,86.58589233631186,86.84370649122988,8767300
2000-10-20,88.7872314453125,89.60033765242838,87.81547036851546,87.81547036851546,7373500
2000-10-23,89.18388366699219,89.5011934598923,88.17245870212302,88.80707828792328,5290000
2000-10-24,88.5888900756836,90.07627909643047,88.2120848570944,89.46149163452176,5750700
2000-10-25,86.50655364990234,88.56906662092248,86.38756251695888,88.05343837816744,9137600
2000-10-26,86.74453735351562,87.35932488391319,85.05882960887712,87.0221833349855,9345800
2000-10-27,88.39057922363281,88.3905792236328,86.7048715202429,87.49814573360285,9762900
2000-10-30,89.18388366699219,89.54085718400482,87.67666215071658,87.85514890922289,10154100
2000-10-31,90.72080993652344,91.18685847374243,88.88636356661887,89.4912350723712,7752400
2000-11-01,90.41343688964844,90.9092333191815,89.62016260239555,90.27461388937918,6753600
2000-11-02,90.56219482421875,91.32572148593613,90.4432036561589,90.84975681369673,11395100
2000-11-03,90.61175537109375,91.2265429431016,90.35394122799369,91.04805622864771,5187100
2000-11-06,91.24636840820312,91.57359402844554,90.77040386966871,90.84973129275778,4042500
2000-11-07,91.22651672363281,91.38517153532608,90.47290636808975,90.83979562013045,5231300
2000-11-08,89.2037124633789,91.42488093734477,89.2037124633789,91.42488093734477,6123300
2000-11-09,88.86658477783203,89.62019562843628,87.10154883825894,88.84675291334244,10635300
2000-11-10,86.70484161376953,88.50953982668193,86.6453460682889,88.21206209927878,8569500
2000-11-13,86.03058624267578,86.93293563733732,84.41429007421611,86.07024995233124,17285300
2000-11-14,88.29144287109375,88.60875263882455,86.94287635823788,87.2403542654855,7668900
2000-11-15,88.56906127929688,88.91611872945086,87.41881373021509,88.25175161058466,8837700
2000-11-16,87.18084716796875,88.76739579704916,87.14118345224173,87.9443736957137,6684100
2000-11-17,86.71482849121094,88.21213427762292,86.14962034667131,87.14121358270575,6551100
2000-11-20,85.47532653808594,86.54624710260023,85.2373441904161,86.14960985648383,5458500
2000-11-21,85.91160583496094,86.42723412482911,84.7316103254549,85.59429611811898,7684300
2000-11-22,83.85903930664062,85.59432745594441,83.8491233743589,85.2571857583654,5736900
2000-11-24,85.57445526123047,85.65378268209835,84.8010129077686,84.8010129077686,3411600
2000-11-27,86.3281021118164,86.74457124674592,85.87196924975076,86.60574820176942,5992000
2000-11-28,84.84066009521484,86.68502227119778,84.81091231818287,85.75292525752899,5336100
2000-11-29,84.6820068359375,86.24872312166093,84.5729316514884,85.27696238747804,6914100
2000-11-30,83.9482421875,84.72168453224663,82.34186193302622,84.08706517245452,11201600
2000-12-01,83.90855407714844,85.07863318150953,83.13511195731654,84.52334140316867,7587200
2000-12-04,84.6225357055664,84.95967728208261,83.45245611648076,83.69043840578632,6996600
2000-12-05,87.39899444580078,87.7361360172958,85.2968175882435,85.594295445445,8883400
2000-12-06,86.00086975097656,87.79565326589952,85.69347588930468,87.43867974911926,12888000
2000-12-07,84.82086181640625,86.22892381990515,84.82086181640625,85.59430432537043,6529100
2000-12-08,85.01918029785156,88.50958751325204,84.95968472031633,86.98253435651434,10276300
2000-12-11,87.97410583496094,88.56906146504409,86.76436272045855,87.18083166151675,6405600
2000-12-12,87.5973129272461,88.09310935540573,87.180843927592,87.69647221287802,5022900
2000-12-13,86.39749145507812,88.46992066592529,86.32807995040861,88.37076137354026,6070500
2000-12-14,85.29679870605469,86.6255328407456,85.05881647297572,86.22889578561399,7678400
2000-12-15,83.3702621459961,84.74285772892947,83.11165718109561,84.74285772892947,9065300
2000-12-18,84.4842300415039,84.96165446368335,83.87750317165086,84.0664836720969,7235400
2000-12-19,82.76351928710938,85.9165099870269,82.76351928710938,84.32509512271521,9616600
2000-12-20,80.36647033691406,82.07724173517511,80.26700688352679,81.87831482840056,9994300
2000-12-21,80.92340087890625,82.02744432747541,79.90887446670757,80.20726458794249,14331500
2000-12-22,83.35037231445312,83.45978211104728,82.01756206503346,82.1170255164827,10182900
2000-12-26,84.24551391601562,84.24551391601562,82.93259681602576,83.29066511602299,4665300
2000-12-27,84.86222076416016,85.13077209569231,83.5493031433363,83.86758620292996,4854100
2000-12-28,85.12078094482422,85.22024434859243,84.4046444376932,84.54389320296868,8358700
2000-12-29,83.5094985961914,85.47887457547272,83.5094985961914,85.33962576885686,8774600
2001-01-02,81.99766540527344,84.12618316324634,81.20195783219947,84.02671971661208,8737500
2001-01-03,85.9364013671875,86.57296730324074,81.26162027429652,81.67936666983145,19431600
2001-01-04,85.01139068603516,86.23479083279803,84.66326869305385,85.89661518247334,9219000
2001-01-05,82.23636627197266,85.06112776462386,82.23636627197266,84.96166433178404,12911400
2001-01-08,82.8729476928711,82.8729476928711,81.28153247073242,82.67402079010375,6625300
2001-01-09,82.65414428710938,83.70845707825661,82.38559291577941,83.42001301275407,5702400
2001-01-10,84.10628509521484,84.10628509521484,81.99766016141807,82.11701628974619,8746100
2001-01-11,84.18583679199219,84.97159779229551,83.44980750056881,83.44980750056881,7245100
2001-01-12,84.02670288085938,85.12080057462056,83.56917111801378,84.46434195836385,7244000
2001-01-16,84.56382751464844,84.78264711066376,83.71838816640742,84.02672486988355,8542200
2001-01-17,84.95172119140625,85.9662482446229,84.43451132113894,85.83694577705607,7851400
2001-01-18,85.7971420288086,86.38397617901724,84.62347372839133,84.94175665731804,8107000
2001-01-19,85.30979919433594,86.6923411190197,85.22028209129886,86.6923411190197,7782500
2001-01-22,85.8767318725586,86.43372712213738,85.02134631070545,85.4589854353745,7050900
2001-01-23,86.55305480957031,86.99069379045069,85.39927931452203,85.59820612401312,8463100
2001-01-24,86.81169891357422,87.4084796118802,86.47352318453417,86.7321281538001,6199900
2001-01-25,86.59290313720703,87.36871825835361,86.35419079223885,86.73215200510514,10818300
2001-01-26,86.49341583251953,86.65255735199058,85.5882984405279,86.03588396404024,7136800
2001-01-29,86.95490264892578,87.14586464137032,86.17191962700541,86.25467629921434,6705900
2001-01-30,87.71878814697266,87.7951729512552,86.43928439588797,86.76393924053949,7069100
2001-01-31,87.22225952148438,88.29168553660702,86.95490301770371,87.46414795068146,9706900
2001-02-01,87.801513671875,87.81424770722076,86.73208782018236,87.27317262031305,8239100
2001-02-02,85.80913543701172,87.83978339948932,85.77730518075495,87.46420191682826,8276600
2001-02-05,86.43927764892578,86.53476836005085,85.77725339929182,85.80908363633351,4352900
2001-02-06,86.18465423583984,87.01855398579308,86.07643920166208,86.12736563772653,7106700
2001-02-07,85.73905944824219,86.19101578109004,85.09612169660097,85.75815564747663,5748700
2001-02-08,84.7396240234375,86.19099306203633,84.72689970278482,85.80905946479666,5943300
2001-02-09,83.92484283447266,84.88606352454163,83.55563346048103,84.88606352454163,9913000
2001-02-12,84.88606262207031,84.9815436172494,83.8357231089787,83.8357231089787,5804400
2001-02-13,84.19223022460938,85.40807382606853,84.02672653274635,85.10888697726492,6587600
2001-02-14,84.06488800048828,84.44045953602058,83.17369965969561,84.44045953602058,8400100
2001-02-15,84.87970733642578,84.99429426626074,84.02034907218167,84.56142433932213,5929800
2001-02-16,83.00818634033203,83.57472958141044,82.30796970470699,83.39012975119981,6434900
2001-02-20,81.72870635986328,83.4792628172048,81.54410649818128,83.41560233346559,5760000
2001-02-21,79.96537780761719,82.01511509815474,79.88898818209121,81.41674669633775,10910800
2001-02-22,80.08638000488281,80.5510753977986,78.31035999160184,80.43012628389984,21281600
2001-02-23,79.5452651977539,79.91447454318003,77.53371970889525,79.62165484541126,20173000
2001-02-26,81.23856353759766,81.23856353759766,79.25247565238585,80.08001348537753,11503700
2001-02-27,80.48738861083984,81.37857692643135,79.89538216884716,80.71655270816683,11415000
2001-02-28,78.90234375,80.74201886814099,78.46947873063668,80.68473026658134,14825800
2001-03-01,79.3161392211914,79.3161392211914,77.50192671299044,78.96603076191847,14672000
2001-03-02,78.68589782714844,79.98449262379819,77.85199819491521,77.9793094104918,12564300
2001-03-05,79.40522003173828,79.4306832476539,78.81321361738259,79.02964852435947,5293200
2001-03-06,80.25826263427734,81.32132695610036,79.88268607436352,80.43013336060105,6917000
2001-03-07,80.83113861083984,80.86933101001132,80.05452745027112,80.78021217420302,6371700
2001-03-08,80.92027282714844,80.99665764000984,80.2964360013054,80.58925578270495,6055000
2001-03-09,78.52676391601562,80.27095299119435,78.36762245296543,80.27095299119435,10020300
2001-03-12,75.16573333740234,77.97935459897802,74.95566533901766,77.87750168220445,13972900
2001-03-13,76.40065002441406,76.66801143838424,74.8156020268112,76.00598220830041,12888000
2001-03-14,74.89198303222656,75.93595077442329,73.68250678750228,74.51004444352749,19883400
2001-03-15,74.91105651855469,75.66220428643115,74.7073556759074,75.40121000171463,10370300
2001-03-16,73.40858459472656,74.93407341411232,73.28092567216271,74.76173508607361,58514600
2001-03-19,74.90216827392578,75.11918603875355,73.28732041057867,73.88730525897762,10067800
2001-03-20,72.89154052734375,75.61061344028215,72.83409769121442,75.25317836297694,15083900
2001-03-21,71.65331268310547,73.56815264354353,71.42353149827771,72.87880908906027,19004600
2001-03-22,70.92567443847656,71.87032609926857,68.959770895102,71.50012253531689,28624800
2001-03-23,73.0702896118164,73.18518019570642,71.16821324956817,72.28520314361968,12861700
2001-03-26,74.00213623046875,74.21276479138207,73.25534541922187,73.84894562474867,9943800
2001-03-27,75.51487731933594,75.7318949713303,73.58089041359688,73.79790806559124,12880700
2001-03-28,73.42771911621094,74.64683117364429,73.3383603212028,74.61492010096373,10953300
2001-03-29,73.70854949951172,74.35959271798494,71.57669254943637,73.21068719163438,12060300
2001-03-30,74.48086547851562,74.48086547851562,73.08303126972893,73.75322695413878,9183600
2001-04-02,72.89154052734375,74.92127018860407,72.63623254051872,74.2319318066137,10561000
2001-04-03,70.45970916748047,72.85964266193383,70.24907565747586,72.75113626090913,12836000
2001-04-04,70.7532958984375,71.55114543466185,69.76396539533158,70.57457838147319,14884300
2001-04-05,73.43408966064453,73.71492944872304,71.8064742954067,72.31710006049376,21522800
2001-04-06,72.3171157836914,73.01922271107215,71.52564518875599,72.75752561040255,14937800
2001-04-09,73.12135314941406,73.39581373634827,71.98521556107374,72.76391791794245,9034300
2001-04-10,74.45535278320312,75.15745971316747,73.51069636983506,73.68941396622353,17873600
2001-04-11,74.50641632080078,75.94892541671986,74.12982864022773,75.81488721947194,12722300
2001-04-12,75.85956573486328,75.91701345855134,74.01493719899933,74.23195489893645,9233200
2001-04-16,75.06173706054688,75.8851189549819,74.62132711306067,75.50215187772366,7350000
2001-04-17,76.12125396728516,76.3765668734844,74.69150364044481,74.87660537569705,10924700
2001-04-18,79.14669036865234,80.42324989072739,77.03398591791836,77.27014631290184,32481600
2001-04-19,80.19984436035156,80.32111419057497,78.87860559127216,79.30625181664898,13809900
2001-04-20,79.4658203125,80.04027299953992,78.92966771772109,79.72113315892747,7626700
2001-04-23,78.02328491210938,79.07644706368711,77.81265637754275,78.92326134681517,8451800
2001-04-24,77.60205078125,78.92328962822862,77.29567436803286,78.20203041636474,10044700
2001-04-25,78.6169204711914,78.93606036580826,77.19993855994242,77.4999308400324,8249000
2001-04-26,78.9679946899414,79.92541459671628,78.82757232446411,78.97437885283296,10590400
2001-04-27,80.28285217285156,80.32114741195207,79.27436867256172,79.73393102052619,7938700
2001-04-30,80.84454345703125,81.23388975919165,79.57436280867903,80.71050037780637,10766900
2001-05-01,81.09344482421875,81.15727182578397,79.5296565025866,79.82964876659999,10578000
2001-05-02,80.9466552734375,81.50196052957995,80.42326595959909,81.32324293993109,9572900
2001-05-03,79.9190444946289,80.51902930006864,79.28714860849598,80.5062609720391,9926200
2001-05-04,81.27855682373047,81.28494098598385,78.78926921069724,78.9233073998845,12145300
2001-05-07,80.57644653320312,81.30408516931129,80.57006724090813,80.97218179148724,7185200
2001-05-08,80.53814697265625,81.125363231698,80.14241173563845,80.97217744014112,6952600
2001-05-09,80.19984436035156,80.77429705770948,79.8232568094273,79.9445315093383,9507400
2001-05-10,80.4360580444336,81.38071475841087,80.27648801549554,81.22752889414377,6872400
2001-05-11,79.8807373046875,80.73603010653498,79.40202733866224,80.42327429224488,7734400
2001-05-14,80.04031372070312,80.06584550530413,79.44032895680458,79.72117371772559,7914000
2001-05-15,80.41049194335938,80.7423952991594,79.68923264740658,80.13603143253516,9782200
2001-05-16,82.30619812011719,82.46576810861659,79.54244962027158,79.6828671196118,14909000
2001-05-17,82.433837890625,83.02744320954442,82.05725512041813,82.3380998098529,11824600
2001-05-18,82.81041717529297,82.81041717529297,81.76363878872068,82.3955294996578,6683100
2001-05-21,84.02953338623047,84.15080810885725,82.43383385561935,82.87424848436835,11531500
2001-05-22,83.92105102539062,84.31040221196136,83.65936362933867,84.14445291941868,8342700
2001-05-23,82.49766540527344,83.6465710106304,82.49766540527344,83.6465710106304,12330800
2001-05-24,82.74024200439453,82.97640249489373,82.05089841494211,82.63811486387266,7902800
2001-05-25,81.76366424560547,82.78490630642591,81.6360053357358,82.75299036153612,7425000
2001-05-29,81.11259460449219,81.92321264205759,80.99770405073049,81.8402331550869,9003900
2001-05-30,79.9764633178711,81.11897990925938,79.78497742417764,80.79983999956268,10041800
2001-05-31,80.39134979248047,80.90835981216351,79.95093998198857,80.05944639401635,9874200
2001-06-01,80.88919067382812,81.12535105250555,79.86155993993702,80.55089833329814,8848300
2001-06-04,81.27855682373047,81.336004544633,80.47432768860695,80.93388997707123,5623500
2001-06-05,82.2104721069336,82.48492785259297,81.23389954323103,81.37432193290161,9115400
2001-06-06,81.52752685546875,82.22963405646267,81.2913614435391,82.22963405646267,12064900
2001-06-07,81.82109832763672,81.92322544457954,81.06154372186367,81.09345966333055,7355300
2001-06-08,81.0615234375,81.61682854012007,80.51260249551356,81.5083172880993,8170600
2001-06-11,80.4870834350586,81.05515207898078,80.04667367553316,80.87643451051383,7012200
2001-06-12,80.34669494628906,80.89561620622865,79.17226193319354,79.69565140549751,9364400
2001-06-13,79.6573257446289,80.79346307732344,79.56158279497392,80.5317660062457,7629400
2001-06-14,77.87014770507812,79.33819342116428,77.71057773027263,79.26159808016955,12603000
2001-06-15,77.99559020996094,78.34764448305344,77.06745422968179,77.39390411168228,16821100
2001-06-18,77.61795806884766,78.37327072425619,77.39392568875606,77.86759484716966,11368300
2001-06-19,77.95720672607422,78.66131057532948,77.38111998266918,78.33486060681003,7732300
2001-06-20,78.36685180664062,78.64209292490024,77.5155240590541,77.57313516375608,8787200
2001-06-21,79.256591796875,79.57023709461235,78.18763392654833,78.23244039765368,12259100
2001-06-22,78.63569641113281,79.10936550419777,78.19403403232505,79.04535695922233,12212000
2001-06-25,77.9123764038086,79.01334075788748,77.77155470035134,78.91092319772291,8406800
2001-06-26,77.80358123779297,78.34125891507523,77.17628573075768,77.38751833977827,8005800
2001-06-27,77.7587661743164,78.24523500472287,77.39391210974217,77.83557447199176,10105100
2001-06-28,78.1876220703125,79.3333929531652,78.04680035860996,78.09160682292091,10269300
2001-06-29,78.47566986083984,79.37820642908969,78.25803983883107,78.60369182984981,9824200
2001-07-02,79.45500183105469,79.57662146099004,78.48846176048178,78.60367907212108,8522200
2001-07-03,79.43577575683594,79.43577575683594,78.7636790449738,79.35896749464398,3303100
2001-07-05,77.88682556152344,79.14781455764498,77.87402579947197,78.77655797211389,5517900
2001-07-06,76.20330047607422,77.76512872515838,76.20330047607422,77.64991144679232,11665900
2001-07-09,76.61940002441406,77.15708257773397,76.29935239710484,76.4849806069689,8339300
2001-07-10,75.6976547241211,77.2210794415167,75.66564801281767,76.99704711300829,8630700
2001-07-11,75.7744369506836,76.10088673623125,74.94871389520237,75.59521114953174,15328600
2001-07-12,77.57313537597656,77.75236124258223,76.36975332841516,76.49137297369982,12002800
2001-07-13,78.24522399902344,78.29643277929667,77.20827305794992,77.3490898783942,10433800
2001-07-16,77.26587677001953,78.27082585351977,76.9970380076014,77.9443759942761,6915300
2001-07-17,77.98921203613281,78.05962291254995,76.70262394932458,76.93945609405516,7469800
2001-07-18,77.4579086303711,77.86116678119484,76.84981536143471,77.16986290817869,7709300
2001-07-19,78.13644409179688,78.71893324101865,77.29792069330955,78.20685497540698,10082900
2001-07-20,77.66915893554688,78.0532200104004,77.40032008998095,77.54754415314672,6705800
2001-07-23,76.1393051147461,78.0147838280339,76.1393051147461,77.963579934937,8065200
2001-07-24,75.40321350097656,76.29934283834419,74.73111161441223,76.17132575687414,12269000
2001-07-25,76.2353286743164,76.4785679481217,75.18557305637076,75.48001622886397,12088500
2001-07-26,77.03544616699219,77.35549372471424,75.88967532432262,76.20972288204469,12898200
2001-07-27,77.32990264892578,77.6755546568054,76.75382085266543,77.34270728822078,8478800
2001-07-30,77.35550689697266,77.67555450919309,77.00345745365357,77.57314181272284,8547700
2001-07-31,77.67554473876953,78.52687245224095,77.323495339733,77.45151241510294,11918100
2001-08-01,78.1620101928711,78.53966394395997,77.8035585127138,78.07239727283178,11940800
2001-08-02,78.48206329345703,78.8917237808245,78.02119402428407,78.87892402714225,11070100
2001-08-03,78.05321502685547,78.32205385525656,77.38751539209625,78.32205385525656,10816300
2001-08-06,77.0034408569336,77.77795532554958,76.87541890951486,77.6755377676146,8550100
2001-08-07,77.30429077148438,77.5795318872176,76.75381342355647,76.98424318963359,8865100
2001-08-08,75.87052154541016,77.55397589604677,75.80651296983058,76.88827596622828,15183800
2001-08-09,76.09452819824219,76.15213931520692,75.44163313505949,75.97931084785235,14118500
2001-08-10,76.35696411132812,76.70901357401969,75.10877542486001,76.04331880148382,11173300
2001-08-13,76.37615203857422,76.71540168198159,76.0497021492316,76.55537789671106,7431600
2001-08-14,76.3441390991211,77.03544296713488,76.04329850953057,76.90102358449965,13178100
2001-08-15,75.68484497070312,76.56177703563739,75.5824322918235,76.31854265020237,8520600
2001-08-16,75.94733428955078,76.01134286472862,74.8911757067221,75.4032540752273,10734700
2001-08-17,74.73113250732422,75.44804106118622,74.2574633132129,75.30721930207582,11604600
2001-08-20,75.42241668701172,75.4672231545408,74.60309563302908,74.76311942899565,10417400
2001-08-21,74.13582611083984,75.87688584189362,74.12302635555511,75.40321675973713,14480800
2001-08-22,74.90390014648438,75.16634138941149,74.11018386863358,74.7310766789379,11752300
2001-08-23,74.63512420654297,75.22401081466985,74.56471332040384,74.86555894599095,8744100
2001-08-24,76.18412017822266,76.25453103316356,74.7247040640627,75.02554955634868,11687700
2001-08-27,75.72966003417969,76.29934436009918,75.69765820494322,76.15212520182627,7425100
2001-08-28,74.62229919433594,75.84487848044533,74.62229919433594,75.7104590751792,12046600
2001-08-29,73.95659637451172,75.00635206045247,73.71975940402879,74.97434534860339,16180000
2001-08-30,72.53561401367188,74.08464378396076,71.71629264371876,73.5149592413046,17692600
2001-08-31,73.06685638427734,73.46371221941477,72.41395664979633,72.58678506096874,15985400
2001-09-04,72.59959411621094,74.35985586054805,72.56759228734619,72.87483523884883,24473400
2001-09-05,72.77883911132812,73.09248934798458,71.65867225237209,72.77883911132812,21477100
2001-09-06,70.9033432006836,72.52278815989408,70.9033432006836,72.10672530291967,21653000
2001-09-07,69.5911636352539,71.21060400565665,69.53355251729182,70.42328461710629,33133900
2001-09-10,70.44248962402344,70.63451528364239,68.93826176420743,68.93826176420743,23408700
2001-09-17,66.7619400024414,68.10613912068034,64.00952833080117,64.64962361410917,32388700
2001-09-18,66.60191345214844,67.40203252349313,66.1602461620336,66.78113934276337,22029200
2001-09-19,65.2576904296875,66.88993481151765,63.08776853318349,66.63389580682342,42771800
2001-09-20,63.18378829956055,65.16808218198891,63.08777305547537,64.2655506080798,36210900
2001-09-21,62.50210952758789,63.600778847190426,60.26622263565185,60.57461846122628,49782100
2001-09-24,64.6994400024414,64.99499290896104,63.64574541127735,64.06979574526083,25549600
2001-09-25,65.37409973144531,65.53472405510979,64.18548071670119,64.73160243678737,25466200
2001-09-26,65.14276123046875,65.79168448127056,64.52596478587131,65.75955767506618,18587500
2001-09-27,65.70818328857422,65.72103597699275,64.24971687239128,65.05283833329617,20536800
2001-09-28,67.10235595703125,70.43048901151334,65.85591080825996,66.16431137666859,21687200
2001-10-01,66.9931869506836,67.02531377433722,66.06799423221302,66.75546610236101,20457400
2001-10-02,67.8348388671875,67.8348388671875,66.59481938011913,66.81969236443445,19833100
2001-10-03,68.97206115722656,69.31258382828865,67.04456990047018,67.20519417186654,32045800
2001-10-04,69.02985382080078,70.01287308439831,68.58652948550727,69.57597508925926,32674100
2001-10-05,68.89495086669922,69.14552428781936,67.79627675641824,68.9077986490216,29796100
2001-10-08,68.44522094726562,68.93994650028206,68.02117537511582,68.27817031490879,12970300
2001-10-09,68.07899475097656,68.5865680677579,67.84769539391509,68.49661886244111,15976300
2001-10-10,69.59526824951172,69.7430447023291,67.79627485922788,67.97617811974636,19987400
2001-10-11,70.67469024658203,70.86744136254579,70.00006624257341,70.00006624257341,23006300
2001-10-12,70.35345458984375,70.60402814554875,68.93996248577113,70.1285815144502,31360500
2001-10-15,70.22493743896484,70.32130808583348,69.42823747784789,69.7944606415408,16873000
2001-10-16,70.66822814941406,71.06657796666735,70.00003082782565,70.54615707946932,15877100
2001-10-17,69.16480255126953,71.41354203569257,69.16480255126953,71.36214109960147,28542300
2001-10-18,69.01702117919922,69.49247245144838,68.58654939922955,69.27402093952203,16510000
2001-10-19,68.97206115722656,69.33186285842177,68.11111741543665,68.7471881576444,21912500
2001-10-22,70.33416748046875,70.39841621846269,68.8821224728563,68.93994976835599,17540600
2001-10-23,69.9743423461914,70.85455999488515,69.63381485890467,70.6489611752783,22062500
2001-10-24,69.78807067871094,70.32133980542528,69.53107073345447,70.01937013925514,16065200
2001-10-25,71.04092407226562,71.06019820637226,68.58015831276883,69.03633079346534,27467900
2001-10-26,70.88027954101562,71.8247510578512,70.46265544761613,70.64255385046789,18623300
2001-10-29,69.0362777709961,71.02802173127908,69.0362777709961,70.777448376612,18727500
2001-10-30,68.20747375488281,69.19691467446795,67.82197169057835,68.9720417381986,26178600
2001-10-31,67.97616577148438,69.29970765704857,67.97616577148438,68.68291129576055,28124200
2001-11-01,69.71736907958984,70.03861766362388,67.91194870405074,68.4901971356849,29806800
2001-11-02,70.19278717041016,70.27631000374566,69.30614320240176,69.67236624373808,17575900
2001-11-05,71.11155700683594,71.37497818656658,70.64253211355232,70.75176031184292,15929500
2001-11-06,72.21669006347656,72.26809101863097,70.57832015645023,70.89956877336795,23245800
2001-11-07,72.12028503417969,72.67925916392592,71.72836148950638,71.81188433111141,19716000
2001-11-08,72.34514617919922,73.29604369832907,71.89540033344583,72.51862307817701,22563500
2001-11-09,72.42228698730469,72.57648494665553,71.59989133494719,72.12031251142174,15895800
2001-11-12,71.97895050048828,72.37730047364424,70.67468215055356,71.31717926101315,26068800
2001-11-13,73.5980453491211,73.5980453491211,72.71782255047302,72.88487317031903,15296200
2001-11-14,73.66871643066406,74.14416289014599,73.05834127278432,73.99638640716266,17571300
2001-11-15,73.80364227294922,74.00281480165904,73.1996934415533,73.48239372890691,19470200
2001-11-16,73.47596740722656,73.95141388002787,72.85917079070664,73.93856609508244,18134900
2001-11-19,74.38188171386719,74.43328265458544,73.53378579947004,73.8357601988604,13625400
2001-11-20,73.75862884521484,74.40112559507958,73.65582701234312,74.12485179656329,16209700
2001-11-21,73.27034759521484,73.67511888047778,72.92982502004504,73.5658955831332,11470200
2001-11-23,74.32404327392578,74.36901786187141,73.24464826136796,73.27034872617439,6717100
2001-11-26,74.48468017578125,74.74810140660773,73.93213234308575,74.3690305154063,13726000
2001-11-27,74.16340637207031,75.10787745939783,73.30245810469428,74.28548233357462,19261400
2001-11-28,72.82061767578125,73.99638852447558,72.7627952906965,73.72011458027741,20195500
2001-11-29,73.80364227294922,73.83576418623518,72.60217095356006,73.0262213845905,16354700
2001-11-30,73.27680206298828,73.82935000522886,73.25752303088423,73.50167508555963,13680300
2001-12-03,72.83988952636719,73.29606182612811,72.60859020509922,73.01978790916155,15220400
2001-12-04,74.07347869873047,74.07990504116368,72.82703296728944,73.19325605617449,17239900
2001-12-05,75.42915344238281,75.81465068583641,74.24695634034656,74.27908315307745,25204000
2001-12-06,75.39060974121094,75.77611193487246,75.12718847086386,75.39060974121094,17972900
2001-12-07,74.88947296142578,75.22999569721075,74.33692497065084,75.10792456101491,18857800
2001-12-10,73.48881530761719,74.7802358295996,73.46954117923687,74.43328681316267,13862700
2001-12-11,73.34102630615234,74.34974630071713,73.18040207197411,73.82289900868705,20833300
2001-12-12,73.424560546875,73.7458090651248,72.67284019061769,73.59803749177338,16171500
2001-12-13,71.99822998046875,73.05192492778477,71.98538219412482,72.89130063823215,19026700
2001-12-14,72.68565368652344,72.91695290270158,71.95963414243492,72.1716592409084,16721900
2001-12-17,73.43738555908203,73.47593379814951,72.53788906656911,72.59571142517032,13925900
2001-12-18,73.87430572509766,73.98352903644499,73.4631031436869,73.64942785814807,13663700
2001-12-19,74.39473724365234,74.47826009911445,73.24466688590441,73.30248927002502,20143400
2001-12-20,73.66229248046875,74.40116511566148,73.59804375172673,74.20841402757162,14867900
2001-12-21,74.10904693603516,74.18641352511742,73.62551682139711,74.16062466208999,14037700
2001-12-24,73.96723175048828,74.16708933427353,73.88986514447927,74.03170146280057,5728800
2001-12-26,74.3733901977539,74.9213900924213,73.9156488777977,73.9156488777977,10304800
2001-12-27,74.82469177246094,74.83758866676138,74.30248068394506,74.33471800097216,9407300
2001-12-28,74.7859878540039,75.26951794788755,74.73441013016293,74.9729534138856,10593800
2001-12-31,73.68997955322266,75.03741422770582,73.64485027988403,74.88268599321938,14619500
2002-01-02,74.48299407958984,74.62483039736249,73.37409732470235,74.21221833769138,18651900
2002-01-03,75.32758331298828,75.39850149512151,74.48946694398924,74.56038512612247,15743000
2002-01-04,75.83041381835938,76.06250865444467,75.1405777551954,75.54029281389154,20140700
2002-01-07,75.29530334472656,76.0689494918483,75.14701862518841,75.88198394057072,13106500
2002-01-08,75.12126922607422,75.46941165077682,74.76668327184505,75.29534289778793,12683700
2002-01-09,74.50879669189453,75.93359874181286,74.36051189994618,75.22442194086014,16610300
2002-01-10,74.83758544921875,75.01165416499886,74.33471480504979,74.58615012713426,12823400
2002-01-11,74.10263061523438,74.96653570957344,73.94789738026137,74.92140641238744,13708400
2002-01-14,73.63842010498047,74.03813521979886,73.4707949401117,73.91564425818828,12301100
2002-01-15,74.23800659179688,74.39273488321193,73.43212290087143,73.85118340389741,20219900
2002-01-16,72.73584747314453,73.75448576867498,72.65203732935696,73.69001604893653,17067000
2002-01-17,73.2838363647461,73.65131912216964,73.1097676559554,73.34186254682537,17283400
2002-01-18,72.94860076904297,73.39989371847513,72.63913923320074,72.851893731672,17028000
2002-01-22,72.44568634033203,73.45142711686684,72.22003508312169,73.33537972582657,11689300
2002-01-23,73.00018310546875,73.20648916943861,72.22008322864805,72.6133549316413,12438900
2002-01-24,73.22579956054688,73.65775193626615,73.05817441522204,73.26448039457472,12142800
2002-01-25,73.20647430419922,73.61263790177338,72.87767239070192,72.92925012590219,12810700
2002-01-28,73.40635681152344,73.61911135244212,72.80033051389756,73.43214568788254,10589200
2002-01-29,71.09825134277344,73.58037105815508,70.94997156198507,73.39985397612318,27720800
2002-01-30,72.12340545654297,73.10335836160189,69.88627039950359,71.16923651430231,34711800
2002-01-31,72.96794128417969,73.04530789791822,71.96219989919996,72.3038938354444,19909200
2002-02-01,72.62625885009766,73.04531946644921,72.31679726485687,72.90992664128292,15838500
2002-02-04,70.821044921875,72.3554503389097,70.55671767695902,72.3554503389097,24243400
2002-02-05,70.38261413574219,71.23362660014047,69.97000232989579,70.53089880911857,33614000
2002-02-06,70.07964324951172,70.7501390653858,69.66703119646976,70.6921178010785,29486000
2002-02-07,69.64119720458984,70.82745977749428,69.62830523822718,70.09249472681064,23445400
2002-02-08,70.97579193115234,71.4013009161095,69.82177071886355,70.03452029261801,19277800
2002-02-11,71.84613800048828,71.97507741208457,70.80171105915454,70.94999580934122,18792400
2002-02-12,71.6205062866211,72.02022644210872,70.93711836411045,71.53669613797958,13942500
2002-02-13,72.3812484741211,72.55532210838157,71.78811924945501,71.87193430251514,16781100
2002-02-14,72.2458724975586,72.83255829068196,71.94285938847067,72.53599362951972,20453800
2002-02-15,71.4915771484375,72.36193083762609,71.375529661964,72.30390955375199,18366800
2002-02-19,70.11833953857422,71.10474052968458,70.02163249815224,71.01448193695057,15988100
2002-02-20,71.29813385009766,71.29813385009766,69.51229789782714,70.30528955062344,29242800
2002-02-21,69.82178497314453,71.32394886559835,69.7959960973922,70.8726558367453,26288600
2002-02-22,70.68563079833984,70.87904474464574,69.5445022875538,69.85395869917805,26572900
2002-02-25,71.85257720947266,72.08467207137521,70.72434021028303,70.75012907479697,17458700
2002-02-26,71.70429992675781,72.23295937121196,71.28523947132783,71.94928677023354,22346500
2002-02-27,71.9815444946289,72.76163944982012,71.33683743228333,72.18140210996418,28597900
2002-02-28,71.65921783447266,72.69074853728755,71.58185118723914,72.09761899800978,23755400
2002-03-01,73.3289566040039,73.39987475183564,71.89126306608347,72.02665091592868,26273600
2002-03-04,74.62481689453125,74.77954515923,73.2709335112908,73.43211022164617,27184600
2002-03-05,74.38628387451172,75.04388769814369,74.12195659072816,74.35405147921904,22718900
2002-03-06,75.26954650878906,75.52743030712507,74.1864384907573,74.20577891485574,20143200
2002-03-07,75.10841369628906,75.75312110999113,74.50883560479707,75.66286246557101,19330800
2002-03-08,75.42426300048828,76.0109486727307,75.09546600489222,75.67569831181402,19930100
2002-03-11,75.58546447753906,76.0109735552122,75.06325326287218,75.35981796001172,15621800
2002-03-12,75.54029846191406,75.59187618906105,74.747311811601,74.85046234717218,17153600
2002-03-13,74.8117904663086,75.26953178240446,74.5539067184272,75.19216518242303,17175300
2002-03-14,74.70865631103516,75.06324718036298,74.54747953747247,74.81181180710317,11168100
2002-03-15,75.42047882080078,75.61444194212717,74.93556361826603,74.9808221731901,21220100
2002-03-18,75.43338775634766,76.00881991642233,75.06485249727949,75.7114059295262,17548900
2002-03-19,75.93773651123047,76.12523769201837,75.53040942161007,75.840757394283,17912000
2002-03-20,74.50885772705078,75.37524237476799,74.4765329970879,75.32351688745061,17114500
2002-03-21,74.54118347167969,74.9355816593193,73.78471675747797,74.54765039045793,25846800
2002-03-22,74.37955474853516,74.96145419425083,74.15972387668064,74.67696892460887,15235400
2002-03-25,73.45496368408203,74.5864326195327,73.25453362258811,74.41186036425927,17499600
2002-03-26,73.8816909790039,74.3666062661491,73.36445096573706,73.39677569185872,19947600
2002-03-27,74.07568359375,74.36016890156972,73.55197648873191,73.72654387946626,19020300
2002-03-28,74.04331970214844,74.85151174144927,74.03039079995723,74.33427179598438,17532900
2002-04-01,74.07568359375,74.41835638754283,73.38387108567343,73.85585762520932,17711000
2002-04-02,73.66832733154297,74.32134299187625,73.5584094578199,73.6941900704888,15669500
2002-04-03,73.15109252929688,73.84290486007869,72.51747260238989,73.71359608028935,25658500
2002-04-04,72.84721374511719,73.31920017843065,72.56273343413592,72.8019551774965,23549000
2002-04-05,72.86014556884766,73.46790275540684,72.53040176654811,73.1834224522905,19404900
2002-04-08,73.01532745361328,73.07998185291446,71.91618786704979,71.9743753465765,16470100
2002-04-09,72.50457000732422,73.17698680416694,72.3687942501948,73.17698680416694,15122700
2002-04-10,73.32567596435547,73.40972619072511,72.472220129766,72.47868704958351,17199300
2002-04-11,71.50238800048828,73.09291481451686,71.44420052166046,72.98946383062598,25453700
2002-04-12,72.03900909423828,72.18771860953302,71.14676680090903,71.78038663835916,14950600
2002-04-15,71.48944091796875,72.3234957654794,71.25021427815444,72.16832426190929,17394900
2002-04-16,73.18984985351562,73.26743804469167,72.20062384687535,72.22001966146651,15040900
2002-04-17,73.03472137451172,73.49377401023139,72.80196159684903,73.31273972378581,12920100
2002-04-18,72.71788787841797,73.35797459377416,71.8644372803388,72.99590613786565,25204800
2002-04-19,72.98298645019531,73.21574619777367,72.77608944488276,73.18988345550788,10499200
2002-04-22,71.76748657226562,72.69205889388759,71.66403557522105,72.65972922410741,13922900
2002-04-23,71.45712280273438,72.07781878289988,71.23082996247297,71.82565826624979,16967000
2002-04-24,70.73947143554688,72.29119699996744,70.7330045147308,71.48300454649204,18902700
2002-04-25,70.7782211303711,70.95278842638203,70.2933059457923,70.61011581852966,25451500
2002-04-26,69.43340301513672,71.12737552317391,69.36874863024045,70.9851329167141,19769800
2002-04-29,69.0907211303711,69.99589719675812,68.9420116253909,69.78253331549587,17724400
2002-04-30,69.73731231689453,70.24162362943686,68.94851567612203,69.1942044114383,19473500
2002-05-01,70.59075164794922,70.63601022148794,69.05195521481838,69.80842205802884,24575600
2002-05-02,70.31916046142578,71.06269797743163,69.68553585720197,70.53898628498986,15666800
2002-05-03,69.55622100830078,70.31915427303119,69.31052754145507,70.21570335376745,18185500
2002-05-06,68.1920166015625,69.82132968519726,68.08856564625208,69.59503688647203,23630400
2002-05-07,67.95280456542969,68.74160100428443,67.82349577632509,68.59935837658091,21910000
2002-05-08,70.48081970214844,70.70711250892894,69.04546970940751,69.21357505136442,27917400
2002-05-09,69.66617584228516,70.53902253448874,69.55626287401962,70.24807528135898,18085600
2002-05-10,68.35366821289062,69.86013974388179,68.27607998143213,69.8084142562428,18958900
2002-05-13,69.74374389648438,69.79546443946884,68.39891112263064,68.67692938902528,14677700
2002-05-14,71.2631607055664,71.36014476223852,70.47436427942716,70.87522941169199,34201200
2002-05-15,70.98512268066406,71.70926451239588,70.66184586998584,70.79762153853318,29535300
2002-05-16,71.35366821289062,71.43125643431954,70.68771867726932,70.9269403942517,28092000
2002-05-17,71.70282745361328,71.9291203287588,71.18558236801093,71.54765590105846,27823700
2002-05-20,70.92694854736328,71.56704034890075,70.7911728438652,71.53471068638571,13833800
2002-05-21,70.28036499023438,71.4312343885781,70.03467643075615,71.19200781261456,16877200
2002-05-22,70.4355697631836,70.55194963989071,69.82780763673382,69.97005025635515,15844200
2002-05-23,71.18557739257812,71.35368277357156,70.13816332002249,70.64247453018844,13879800
2002-05-24,70.27396392822266,71.25025702898331,70.22223841839245,71.1080192761744,11877000
2002-05-28,69.89246368408203,70.55841329826163,69.47220273418975,70.50669274402121,24236900
2002-05-29,69.375244140625,69.84075886342166,69.26532621490547,69.58214121725086,14773300
2002-05-30,69.1812744140625,69.51101831815893,68.47006603749033,68.89032710226967,18217900
2002-05-31,69.32347869873047,70.18985816644681,69.08425208775186,69.43985854558323,19826300
2002-06-03,67.4808349609375,69.56920137732848,67.32565846723512,69.23945749422965,26056300
2002-06-04,67.64891052246094,68.01744592688803,66.95063628915545,67.33856751495031,25856200
2002-06-05,68.28255462646484,68.3213462801762,67.46789536882456,67.85582670438174,19695900
2002-06-06,66.8924560546875,68.2760808023761,66.69202595369396,68.23728915258744,22998500
2002-06-07,66.81488800048828,67.18989050441026,65.76747367736107,65.80626533886486,24011600
2002-06-10,67.07350158691406,67.53902119375682,66.60798198007129,66.75022463025267,18759900
2002-06-11,65.92261505126953,67.59072479104384,65.7739104617625,67.32563540472034,19990700
2002-06-12,66.32347106933594,66.47217563854262,65.1596725881798,65.76096764797504,31266000
2002-06-13,65.65753936767578,66.5950403903365,65.52175873085804,66.03253681705169,21043900
2002-06-14,65.56055450439453,65.66400054448765,63.68554754937305,64.85580831670373,39267500
2002-06-17,67.31915283203125,67.46139045981364,65.85147361078594,65.89673215890122,17647200
2002-06-18,67.8687515258789,67.90754317443569,67.00236688987081,67.07348820076751,21628500
2002-06-19,66.28468322753906,67.51960316366765,66.10364898058714,66.91830802468405,21540700
2002-06-20,65.43769836425781,66.62735971876242,65.27605994177932,66.11658171179279,25691000
2002-06-21,64.4145278930664,65.48507654958485,64.02523882253581,65.18662143050877,31190700
2002-06-24,64.75189971923828,65.32934610667787,63.097415382143204,63.979806368583525,37169700
2002-06-25,63.29851531982422,65.45907474164527,63.28554117212886,65.07627550868936,33355000
2002-06-26,63.402381896972656,63.68137333397638,61.760876096726406,61.767360701017935,37913600
2002-06-27,64.51187896728516,64.55080640595007,62.65626182301207,63.90847891757284,31616400
2002-06-28,64.20690155029297,65.20607988583663,64.15499502505153,64.38856943855933,28184200
2002-07-01,62.95469284057617,64.7519181351628,62.863858885262694,64.34964994014646,20270200
2002-07-02,61.61811447143555,63.0649727450391,61.48834817890923,62.84437747286123,34213900
2002-07-03,61.968475341796875,62.18258105942994,60.80709302460842,61.391028959239186,30565800
2002-07-05,64.43400573730469,64.57674624949365,62.71464488615621,62.79249974729188,19013500
2002-07-08,63.62944793701172,64.68701728234235,63.29855006328863,64.21987345777099,19118600
2002-07-09,62.026878356933594,63.804634809934974,61.64407886252477,63.408861158969415,28620400
2002-07-10,59.76897430419922,62.33179735090079,59.71706779918369,62.2863803965314,50522500
2002-07-11,60.25559616088867,60.56702533997966,58.601111940456065,59.53540937788413,59476500
2002-07-12,59.593807220458984,60.91739375621434,59.37969654186368,60.5540580228973,39018600
2002-07-15,59.91173553466797,59.950667905212,57.02450301499581,59.45756579564501,77317200
2002-07-16,58.756866455078125,59.937713207507414,58.30918608717796,59.12020734434316,53282400
2002-07-17,58.87363815307617,60.53461261478924,58.2313108731991,59.98960389998475,48880600
2002-07-18,56.96608352661133,59.10717473770119,56.933640725654456,58.847647180275516,32656700
2002-07-19,54.961265563964844,56.80390768338006,54.69525327406101,56.29134186372073,77572600
2002-07-22,53.33272933959961,55.73984358856197,52.846116827559186,54.56548202678439,78134000
2002-07-23,51.87290573120117,54.00751378449726,51.74314433984789,53.55983351927258,74484100
2002-07-24,54.96775817871094,55.227285879712134,50.400087471359186,50.69205304118604,107022800
2002-07-25,54.5006217956543,55.700932118994906,52.943460182905255,54.67580018767642,87176600
2002-07-26,55.538700103759766,55.75281077029417,54.37083319099344,54.92232631230625,41206800
2002-07-29,58.244266510009766,58.61409178991892,56.641693597122114,56.771454942674154,53492900
2002-07-30,59.0034065246582,59.30186168469186,57.56303231095856,57.95232143491204,47532200
2002-07-31,59.1461296081543,59.39916771171501,57.906887400904075,58.71141868017202,44669900
2002-08-01,57.60194778442383,59.26940656188184,57.30998223956914,58.964461910543655,66571900
2002-08-02,56.310794830322266,57.686287841535524,55.551680575818956,57.420270652306634,51772900
2002-08-05,54.35137176513672,56.401634874854956,54.20863625187046,56.11615394816546,47191300
2002-08-06,56.181034088134766,57.0309873071511,55.220788171335,55.29864795516138,64730000
2002-08-07,57.16075897216797,57.42028668164891,55.649014643264834,57.01153388051998,43289400
2002-08-08,59.009883880615234,59.10720738716869,56.96611499338844,57.36837822702662,48339800
2002-08-09,59.23048782348633,59.65221974459172,57.97178161436302,58.45839422715859,41879200
2002-08-12,58.7957763671875,59.217503299646395,58.1015426344235,58.387018641769345,25841700
2002-08-13,57.72523498535156,59.470553867118774,57.517613794775805,58.4908390537396,49690500
2002-08-14,59.83389663696289,60.099908997820656,57.10886262648113,57.757679540870086,57423600
2002-08-15,60.66434860229492,60.98226733194299,59.8208850908951,60.23612729494739,45551500
2002-08-16,60.48271179199219,61.040694718142156,59.69115438745015,60.22318404376987,36517300
2002-08-19,61.89714431762695,62.1242292832152,60.40486320076537,60.638437722536416,33669900
2002-08-20,61.24183654785156,61.89714310723259,60.74224963332682,61.520828057284604,30508300
2002-08-21,62.12417221069336,62.14363591127978,60.70975221718835,61.676487296899936,39628900
2002-08-22,62.72760772705078,63.032552411685025,61.68301229461739,61.95551415957933,38399800
2002-08-23,61.37804412841797,62.383711752567024,61.08607866338238,62.29287783233029,33716400
2002-08-26,61.8062744140625,62.05282295484202,60.6643557434579,61.57918958043952,33830100
2002-08-27,61.092594146728516,62.44861892447905,60.66437266949393,62.09176769345022,35335700
2002-08-28,59.75601577758789,60.65787057492546,59.561373741877304,60.52161966490451,38970600
2002-08-29,59.781978607177734,60.37240426184501,58.919051088854445,59.21750621810806,42965700
2002-08-30,59.54838943481445,60.59298460381254,59.301840897751305,59.48350876191132,30366700
2002-09-03,57.27754211425781,59.04232447293397,57.193197718467765,58.86714612780727,76586400
2002-09-04,58.09505844116211,58.555717787642614,57.13480737309156,57.491658602798736,51099500
2002-09-05,57.60194778442383,58.02367964371964,56.7714631723157,57.41379034104328,67250900
2002-09-06,58.39350128173828,58.76332659185282,57.96527989630122,58.23129711151123,38622200
2002-09-09,58.82170867919922,59.26938871651291,57.61490954368409,57.80955153162305,33998400
2002-09-10,59.496490478515625,59.54839700346672,58.75683982323791,59.133154704015325,41416600
2002-09-11,59.12665557861328,60.55405508320857,59.10719187242735,59.99607240551517,27711200
2002-09-12,58.036643981933594,58.93849867689584,57.73818893432747,58.88010755783456,43601700
2002-09-13,58.17938232421875,58.32861231766295,57.25806395622784,57.54354483929794,41131000
2002-09-16,58.32211685180664,58.32211685180664,57.394309025987646,57.94580208047816,28167600
2002-09-17,56.985572814941406,59.165597356074194,56.93366629013381,58.97095036308501,47609700
2002-09-18,56.414615631103516,57.42028359500242,55.97990958738632,56.453548002984405,54719400
2002-09-19,54.95478439331055,56.31730371800259,54.95478439331055,55.79175871130607,48510500
2002-09-20,54.97300720214844,55.526972502503604,54.77749266969415,55.34449028330591,46325600
2002-09-23,54.52333068847656,54.784016781432925,53.89115647129355,54.51681204447211,46893800
2002-09-24,53.64349365234375,54.51680790875599,53.343700690371826,53.728221101168685,69507000
2002-09-25,54.97300720214844,55.24673053094499,53.4675239214999,54.334319434956505,59294400
2002-09-26,55.87240219116211,56.02881484302825,55.038189779249414,55.40967293509934,53638000
2002-09-27,53.930233001708984,55.80719883761367,53.93023300170898,55.39661395945937,64648300
2002-09-30,53.30462646484375,53.96287057778933,52.72459119784155,53.44148821604162,73096400
2002-10-01,55.86587142944336,55.8984546982025,53.09603999927546,53.72169544330011,67198100
2002-10-02,54.190940856933594,55.74204474187456,53.832490077595196,55.194598066813406,56749100
2002-10-03,53.64349365234375,55.13594479096156,53.40887220866692,54.18442670150246,55547000
2002-10-04,52.65939712524414,54.04105134013376,51.864291601137474,53.96284749990594,68483700
2002-10-07,51.57102966308594,52.920101056611706,51.1930327059719,52.17713449045376,53188000
2002-10-08,52.379146575927734,52.99176477122906,50.96489937053381,52.014177149244894,79531000
2002-10-09,50.89974594116211,51.942505447309806,50.69119403993257,51.54495260867388,79956400
2002-10-10,52.54860305786133,52.835363747747955,50.22846284992441,50.795465585217826,76749000
2002-10-11,54.84922409057617,55.220707451229224,53.324183734235916,53.50666609072916,82308300
2002-10-14,55.15550994873047,55.298890309253096,54.119269115939595,54.22354257760279,40631900
2002-10-15,57.80804443359375,57.82108172684144,56.6023533662482,56.693594529900054,82320300
2002-10-16,56.40680694580078,57.22146328544396,55.996216968369296,56.967290905256704,62977800
2002-10-17,57.52775955200195,58.19904043191207,57.25403626442704,57.91879850255676,68534100
2002-10-18,57.768924713134766,58.07523637063519,56.65447515254545,57.123718119587046,47448700
2002-10-21,58.76605987548828,58.9811303840453,57.07157535614624,57.43002620374127,45859100
2002-10-22,58.34245300292969,58.66180201463808,57.69072763216641,58.03614625537773,40966800
2002-10-23,58.78562545776367,58.831246034053216,57.143279739070046,57.853657994474425,54905800
2002-10-24,57.58644485473633,59.241827625703166,57.41699489347868,59.144067841428786,54987400
2002-10-25,58.78562545776367,58.90945486723668,57.31272972483261,57.48869338415804,43672100
2002-10-28,58.40111541748047,59.4960143244741,57.90580270491253,59.404773163247164,39416100
2002-10-29,57.72331237792969,58.322898489210395,56.700103806970546,58.055693689033646,59508200
2002-10-30,58.2838134765625,58.629227206741774,57.501744841147946,57.79501933636062,41688600
2002-10-31,57.690731048583984,58.85080645394851,57.4756654424212,58.43370258974092,41620600
2002-11-01,58.83123779296875,59.18968867951043,57.38441187377033,57.57992647093645,51878900
2002-11-04,59.391700744628906,60.57132644100952,59.24180677080866,59.82836029770131,49080600
2002-11-05,59.86096954345703,60.00434990917085,59.20272557916613,59.20272557916613,37270800
2002-11-06,60.63652420043945,60.65607516442182,59.170142234527205,60.27155961338312,65013100
2002-11-07,59.150596618652344,60.10211507255914,58.798664318341054,59.97176701377531,51572000
2002-11-08,58.42721176147461,59.67852394986569,58.34248423566504,59.00072860475236,37905400
2002-11-11,57.52128601074219,58.368526059377054,57.22149291916951,58.3359427722778,33505100
2002-11-12,57.97746276855469,58.60963689442632,57.592947356395605,57.781948227077585,37724500
2002-11-13,58.03612518310547,58.4858121445122,56.99336099068434,57.56036364739321,63891500
2002-11-14,59.13102722167969,59.306990830852214,58.49233436339546,58.70088622017364,31896800
2002-11-15,59.56768035888672,59.665440126914405,58.62267589764357,58.65526414440892,39152100
2002-11-18,58.9681282043457,60.056508647247654,58.883400703102836,60.056508647247654,28934800
2002-11-19,58.889915466308594,59.37219093497038,58.498881168143065,58.668326214909904,32806600
2002-11-20,60.19984817504883,60.23243144609163,58.622669682995706,58.642225612342784,36688400
2002-11-21,61.32080841064453,61.38598489435438,60.238947398353844,60.349739465032435,55128200
2002-11-22,60.8841552734375,61.43812059237258,60.786395517797736,60.92326215905405,32513800
2002-11-25,60.923282623291016,61.431627556650504,60.46055328931569,60.89069436970873,33846400
2002-11-26,59.763221740722656,60.90374127754768,59.71108748367916,60.656087396711655,42284700
2002-11-27,61.444664001464844,61.68580416626875,60.23897312198474,60.297626015648824,37764000
2002-11-29,61.249149322509766,61.881318722315974,61.112282626224086,61.783563899640086,19385700
2002-12-02,61.34690475463867,62.598221192288214,60.75383727801098,62.22021929995377,49911900
2002-12-03,60.52573776245117,60.87115141789895,60.18683778076163,60.773391616555045,34407700
2002-12-04,60.25200653076172,60.70169861273254,59.58724886252947,59.80883309451695,64040800
2002-12-05,59.58723449707031,60.48009980003141,59.37216399038888,60.434479235487046,36724900
2002-12-06,59.978271484375,60.06951261782452,58.64223776042486,58.73347889387438,49824100
2002-12-09,58.32944107055664,59.6068226470493,58.31640874638512,59.35265006139509,36789600
2002-12-10,59.11145782470703,59.37214882936387,58.49883968187091,58.66828460847061,33319900
2002-12-11,59.16362380981445,59.71107566471077,58.75955729328606,58.9290022966117,39201000
2002-12-12,59.15707778930664,59.62632059856903,58.78559472735179,59.43731974637905,34465600
2002-12-13,58.22513198852539,58.96810335490624,58.17951141949289,58.59662015785037,36862200
2002-12-16,59.73065948486328,59.82190068215686,58.433726775671126,58.53800029874707,37098400
2002-12-17,59.20923614501953,59.78927120187898,59.137545971945315,59.54813604905562,32353900
2002-12-18,58.52494430541992,58.91597856029668,58.21863256454754,58.86383933370769,35612600
2002-12-19,58.10783004760742,59.11148263250621,57.74286049901115,58.23165447327863,39264200
2002-12-20,58.93695831298828,58.95660534984606,58.35407290159288,58.41956469001985,31176900
2002-12-23,58.956607818603516,59.25132837392079,58.49160960558652,58.674988619542134,22599300
2002-12-24,58.51780700683594,58.85182163571869,58.4523152160186,58.6749883041382,10937000
2002-12-26,58.54397201538086,59.34298440839186,58.18375987207244,58.74699795249985,17485600
2002-12-27,57.22758483886719,58.47849923634544,57.22758483886719,58.26237188023106,22205700
2002-12-30,57.70570373535156,57.94147820387486,57.122818242808926,57.496126985186834,29968000
2002-12-31,57.784297943115234,57.91528154059044,57.05077680582382,57.627111630100245,34036600
2003-01-02,59.64427947998047,59.794915084990365,57.98731280838655,58.19033884423629,44516300
2003-01-03,59.82766342163086,59.84731045940658,59.27097569893732,59.539498539747925,32222600
2003-01-06,60.882102966308594,61.22921398794112,59.70978131051885,59.755626068155145,40984500
2003-01-07,60.73145294189453,61.150606305511545,60.3843370343878,60.84278946107669,38640400
2003-01-08,59.853858947753906,60.51533750998832,59.63118586550456,60.38434893510351,38702200
2003-01-09,60.78387451171875,61.0261997041425,59.86697918190955,60.13549710086659,34804900
2003-01-10,60.94760513305664,61.32746461621764,60.12239935520236,60.22063456920548,37768900
2003-01-13,60.927921295166016,61.47151246899066,60.54151636222909,61.261935811175356,31649900
2003-01-14,61.12441635131836,61.451880270487486,60.521883939255844,60.7052629345181,30733000
2003-01-15,60.51536560058594,61.28163038171705,60.194452187384165,61.26198333554018,33511800
2003-01-16,60.266483306884766,60.86247029354427,59.8931744789536,60.58085100252917,44812100
2003-01-17,59.37574768066406,60.44982870893239,59.04173315458617,59.591870024171584,35618300
2003-01-21,58.45228958129883,59.54601749806556,58.25580929831148,59.51327411536844,36826200
2003-01-22,57.7449951171875,58.81253085444185,57.63365856689215,58.13795088080286,42286500
2003-01-23,58.09865951538086,58.53746005528861,57.60091285999233,58.12485723373856,55919800
2003-01-24,56.57270431518555,58.07904139215241,56.43516997286,58.020095247323546,68633900
2003-01-27,55.79983139038086,56.84771958284158,55.34138405370521,56.14694722723667,57884400
2003-01-28,56.212459564208984,56.58576824547858,55.75400706303558,56.08147099385813,46929100
2003-01-29,56.638153076171875,57.09660049486309,55.51822224520797,55.943926274965314,53712200
2003-01-30,55.295597076416016,56.90016942746152,55.2759500267087,56.84122827833958,49845900
2003-01-31,56.36308288574219,56.46132305162581,55.11217343004473,55.11217343004473,55317000
2003-02-03,56.474456787109375,56.85431131805318,56.27142566208024,56.41551065509922,39696000
2003-02-04,55.917724609375,56.1600496545103,55.210406498683255,55.871879870749595,43633400
2003-02-05,55.57062911987305,56.67745882608347,55.32830900433808,56.16006520592307,55270600
2003-02-06,55.308658599853516,55.596828471899286,54.78471928314692,55.25626816587516,53638000
2003-02-07,54.634071350097656,55.66230771103526,54.33935586319728,55.609917288870015,43165000
2003-02-10,55.020484924316406,55.09907306106589,54.12978273200402,54.66027264187298,45455900
2003-02-11,54.640655517578125,55.59029933228066,54.24769962862208,55.2562895748559,46861000
2003-02-12,53.76957702636719,54.7650701850456,53.76302634860266,54.463803965017505,35873600
2003-02-13,53.93333053588867,54.13636165406005,53.04917855924232,53.80234690849851,57934100
2003-02-14,55.11219024658203,55.14493364739939,53.58620686144234,53.94641924736079,59580900
2003-02-18,56.081459045410156,56.19280055566225,55.26935006907113,55.36103955043028,39492700
2003-02-19,55.786766052246094,55.97669576780725,55.19732986545355,55.878455570557826,31432000
2003-02-20,55.23006057739258,55.94392945517869,55.04668159949165,55.80639522175299,29280100
2003-02-21,55.786766052246094,56.15352412549302,54.660289116754555,55.2628216647185,60955800
2003-02-24,54.88294982910156,55.66886116450777,54.745410598538186,55.62301641988744,30628600
2003-02-25,55.32174301147461,55.33483936678212,53.84815570264301,54.32625012024428,56770600
2003-02-26,54.51622772216797,55.361085788932805,54.41144179739655,55.02707097260574,37787200
2003-02-27,55.23661422729492,55.50513705275228,54.463804136551765,54.81746078970065,51126000
2003-02-28,55.6033935546875,55.819521014712436,55.11874818708685,55.32177428769565,43666800
2003-03-03,55.07290267944336,56.17973279047821,54.83058247527949,55.83917236992401,42923100
2003-03-04,54.19525146484375,55.020461526707805,54.1297597131689,54.981162478342604,31440500
2003-03-05,54.65373992919922,54.712686047838986,53.93987080333452,54.103602804316786,43974700
2003-03-06,54.19525146484375,54.69954344911045,54.01187256147404,54.27384456487378,41217700
2003-03-07,54.56858825683594,55.00738871708464,53.330775020192306,53.448662233048985,63538000
2003-03-10,53.25875473022461,54.26734463863815,53.114669743779096,54.09706192768391,41014100
2003-03-11,52.73479461669922,53.704090149657226,52.70860189665217,53.36352982530653,48102700
2003-03-12,53.088443756103516,53.11464146666514,51.988164896027165,52.64309266996065,62459800
2003-03-13,54.9222526550293,54.955001047852775,53.39626948879414,53.821973611983346,72117800
2003-03-14,55.09905242919922,55.51820565725263,54.58820974480291,55.144897157370664,63951800
2003-03-17,56.83464050292969,56.94597704307802,54.5030988541615,54.660280145941684,88217500
2003-03-18,57.168678283691406,57.20797237338184,56.50719945923959,57.07698874327692,50792300
2003-03-19,57.60747146606445,57.73846007587816,56.76916435007497,57.162120186106975,49630800
2003-03-20,57.731868743896484,58.02003348916422,56.552997069206974,57.194828313582605,67321600
2003-03-21,58.964176177978516,59.10226498434528,57.82000819890361,58.392094696866245,71165300
2003-03-24,57.00461959838867,57.958091995730435,56.78104368108341,57.87918196311976,65398900
2003-03-25,57.55037307739258,58.03697721181224,56.84020315496392,57.037470626864405,61040100
2003-03-26,57.26106262207031,57.76738812816011,57.07694425621948,57.576692673000544,45740800
2003-03-27,57.30711364746094,57.642475091748786,56.54433154152795,56.81393711868218,53120200
2003-03-28,57.01777648925781,57.392590415466834,56.71529551519882,56.85996141949891,32583000
2003-03-31,55.72236251831055,56.938863441511195,55.49879159935328,56.12347977112243,61119500
2003-04-01,56.577232360839844,56.80738048712508,55.83418126258955,56.057752294737234,53574000
2003-04-02,57.9449348449707,58.37235033302658,57.53724059128671,57.563543931864636,50431200
2003-04-03,57.66875076293945,58.5170146611174,57.635875350717285,58.43810965830492,48755500
2003-04-04,58.0107307434082,58.25402803226046,57.61619039601444,58.14881961415339,36250100
2003-04-07,57.89890670776367,59.74009544283142,57.84630002528619,59.404734113099146,69776200
2003-04-08,57.9909782409668,58.29345920434177,57.675343095747,58.06331119056195,39712700
2003-04-09,57.228206634521484,58.58937372552892,57.05723735741799,58.102774262689664,55647300
2003-04-10,57.54380798339844,57.62271297498595,56.360182941101705,57.267625462296934,41812400
2003-04-11,57.30711364746094,58.3263421301597,57.11641812097769,57.97125944426796,47730100
2003-04-14,58.490718841552734,58.52359927485154,57.20846221249533,57.517520224845,36711700
2003-04-15,59.0364990234375,59.03649902343749,58.14220546366292,58.41838302913314,49709800
2003-04-16,58.03041458129883,59.2206118472063,57.885748722422974,59.12198059510825,51788000
2003-04-17,58.89185333251953,58.99706673647755,57.99098739117235,58.063320352180675,37403100
2003-04-21,58.9510498046875,59.28641133086372,58.56308156521848,59.089138664441876,32052700
2003-04-22,60.06230545043945,60.20697132570903,58.45126460351834,58.58935338895304,59763600
2003-04-23,60.61467742919922,60.72646289394277,59.99656130227509,60.24644059623195,44227100
2003-04-24,60.07545852661133,60.54890864903349,59.81243012339351,60.18724396750281,49692400
2003-04-25,59.332420349121094,60.147804054629205,59.19432652046395,60.03601859033587,43917200
2003-04-28,60.358219146728516,60.62124757593884,59.37844339019134,59.47050258788745,46432900
2003-04-29,60.568641662597656,61.022365583376306,60.10176857777255,60.58836791709236,52017100
2003-04-30,60.4371452331543,60.871137992300895,60.108360863526045,60.4371452331543,48709100
2003-05-01,60.430564880371094,60.97634810854931,59.509967691714685,60.44371404703214,50240400
2003-05-02,61.29195785522461,61.46292706595987,60.160939258874976,60.20696885212877,50201500
2003-05-05,61.17362976074219,61.666806401853435,60.8251190703866,61.4629616622535,35437800
2003-05-06,61.752296447753906,62.06134960979465,61.15390635383686,61.180209711280156,44401000
2003-05-07,61.410343170166016,61.903519716676726,61.134165508164315,61.43006942933024,41413100
2003-05-08,60.79224395751953,61.37090781133985,60.68045844643249,60.83827358072318,40570700
2003-05-09,61.63394546508789,61.67997509507669,60.897466368413674,61.042132353193736,33608100
2003-05-12,62.39013671875,62.54795687015412,61.33802746031924,61.48269342401334,35662300
2003-05-13,62.27830505371094,62.587363016772045,61.98240126861144,62.15994253630135,39253600
2003-05-14,62.146812438964844,62.62683472798376,61.75227226552246,62.52819843041054,32195100
2003-05-15,62.54134750366211,62.686013392705604,61.97583812841031,62.396681614618615,43879200
2003-05-16,62.383544921875,62.764930958411156,61.982427610011015,62.3966940885758,38905000
2003-05-19,60.92371368408203,62.08760755270591,60.713291995302896,61.91006629089334,41606000
2003-05-20,60.798763275146484,61.17357699843954,60.22667705881587,61.035488260052404,55404600
2003-05-21,60.92371368408203,61.074951607691105,60.43711446943944,60.5686261436081,49333800
2003-05-22,61.5286979675293,61.84433312482855,60.943462274298945,61.121003601194964,38421800
2003-05-23,61.65361404418945,61.79827989360756,61.24591983372468,61.50237110611179,26155900
2003-05-27,62.7320556640625,63.02138248374321,61.19991937239336,61.35116238244892,43719200
2003-05-28,62.90957260131836,63.435629369679106,62.75175757754979,63.02793512335707,37727100
2003-05-29,62.745235443115234,63.66583308561845,62.52166438170133,63.04771659395063,50844200
2003-05-30,63.751285552978516,63.84334477265528,62.83726543129402,63.06084140540275,52529500
2003-06-02,64.01429748535156,64.73762188863381,63.56715066965619,64.13266002529592,50305500
2003-06-03,64.27732849121094,64.33650725513525,63.685515767717234,63.88278834783184,38254500
2003-06-04,65.20450592041016,65.3294405451292,64.15896921942739,64.21815300322093,49360700
2003-06-05,65.52670288085938,65.52670288085938,64.61925512826997,64.82310477737968,46262400
2003-06-06,65.27025604248047,66.67745234599658,65.18476891971879,66.01988379232178,60356800
2003-06-09,64.60610961914062,65.16504187965126,64.29047450977058,64.94804305551246,37808500
2003-06-10,65.26367950439453,65.2702565947049,64.566658436994,64.74419974057433,29965900
2003-06-11,65.9541244506836,66.0133032092952,64.90858789689813,65.20449674050518,37610200
2003-06-12,66.15796661376953,66.34866207914106,65.50697520912155,66.25002580162483,36442000
2003-06-13,65.46749877929688,66.2500066669078,65.06638171227347,66.15794750564157,48628300
2003-06-16,66.84839630126953,66.87469461864598,65.62531885249577,65.73052717254562,36326300
2003-06-17,66.84839630126953,67.1903296124916,66.5656417294165,67.1179966975863,36801800
2003-06-18,66.78922271728516,67.16403650758528,66.41440892698503,66.60510436652001,35521000
2003-06-19,65.77001190185547,66.89445866948185,65.65164934825535,66.83527488425655,43551700
2003-06-20,65.62482452392578,66.32436346268932,65.61162282604015,66.25176922923583,41545000
2003-06-23,64.9516830444336,65.7700171763556,64.62171106590877,65.63142451459909,34237500
2003-06-24,65.01770782470703,65.39387586044622,64.68773568686652,64.81972756298788,36213600
2003-06-25,64.3643569946289,65.62485283291197,64.3643569946289,65.02430119436463,47743400
2003-06-26,65.20244598388672,65.32123606296352,63.988146838327,64.5293005241277,33477300
2003-06-27,64.45012664794922,65.45984005568228,64.39732992513338,65.16946311516776,54208800
2003-06-30,64.43029022216797,65.1166321529663,64.32470186702898,64.8196595544823,33349000
2003-07-01,65.02426147460938,65.23544328812643,63.63838050871797,64.17953422054116,51322800
2003-07-02,65.84258270263672,65.85578439661519,65.05065225294237,65.1826389829011,34662100
2003-07-03,65.16285705566406,65.89539516249927,64.60850661534131,65.3806397436361,30792800
2003-07-07,66.45634460449219,66.58833639730955,65.76340657334629,65.76340657334629,31391100
2003-07-08,66.75332641601562,66.84571815911268,66.1065791793639,66.3243618745094,30952500
2003-07-09,66.37715911865234,66.91831291890797,66.01418795721217,66.60153762938087,36528500
2003-07-10,65.53245544433594,66.02081270059004,65.09028904174009,65.88882085094417,49777700
2003-07-11,66.15278625488281,66.29137389300028,65.5918348525102,65.5918348525102,39976300
2003-07-14,66.47615051269531,67.24828365859412,66.29136199340249,66.78631991282055,42114900
2003-07-15,66.33094024658203,66.95788472443489,65.96136836445353,66.90508802199214,42573600
2003-07-16,65.94158935546875,66.56853904414284,65.486231515348,66.5289389887182,39894200
2003-07-17,65.00446319580078,65.91518381174103,64.78008472439856,65.43342766550849,52253500
2003-07-18,65.6710205078125,65.86240484769833,64.9780773818456,65.34764436370926,35698100
2003-07-21,64.85929870605469,65.65783038115272,64.57552257069148,65.63143201565691,34786000
2003-07-22,65.4466552734375,65.60504548282402,64.62172514736824,65.1298849246123,49968300
2003-07-23,65.49284362792969,65.63143126897596,64.8592979681582,65.47304611277642,37275400
2003-07-24,64.99787139892578,66.21876657119957,64.91868135562575,65.98778721995407,40896200
2003-07-25,66.14619445800781,66.18578948988281,64.70091537488835,65.11008249916618,43241100
2003-07-28,65.9020004272461,66.64113943217932,65.77660947092525,66.23857323712322,34382800
2003-07-29,65.5984115600586,66.16596360345626,65.12325124140276,66.08676853868982,53472100
2003-07-30,65.44005584716797,65.82942042840325,65.28826649695718,65.73042781174176,28363300
2003-07-31,65.59180450439453,66.5949217566066,65.44661608355035,65.98117390892857,54937200
2003-08-01,65.01110076904297,65.6842415984866,64.83291302582522,65.45986300033019,49321000
2003-08-04,65.01110076904297,65.33447199843431,64.01458367523362,64.87910891573827,55214100
2003-08-05,63.631778717041016,65.17604979639107,63.578982005702045,64.94507047799746,61415600
2003-08-06,64.0013656616211,64.71410129185698,63.63179363060219,63.80998131439068,50096900
2003-08-07,64.67451477050781,64.72071065108781,63.85618558524495,64.1267600186497,43427400
2003-08-08,64.85929870605469,65.03748641440806,64.51613002455593,64.8856970715505,27357300
2003-08-11,65.10347747802734,65.36085523867301,64.56891940709365,64.84609971738169,34631400
2003-08-12,65.6974105834961,65.72380390603858,64.95167082988814,65.14305514563833,43285600
2003-08-13,65.36087799072266,65.89543121276053,65.02430501926642,65.87563369119987,36152000
2003-08-14,65.5390396118164,65.82941659445207,64.97148734665033,65.4004519705512,35525100
2003-08-15,65.74362182617188,65.85581109561723,65.41364983252812,65.57203497968467,12567000
2003-08-18,66.31118774414062,66.39037781657659,65.82282546757317,65.94821646222888,22873800
2003-08-19,66.56193542480469,66.61473213985826,65.99438332540842,66.44974618154474,37437700
2003-08-20,66.29135131835938,66.58172819551575,66.0999720511116,66.18576293073893,21295300
2003-08-21,66.50257110595703,66.9975292283249,66.2583949879725,66.68735970101952,46494200
2003-08-22,65.84258270263672,67.19546934208317,65.81618938462178,67.14927348310052,52040300
2003-08-25,65.94817352294922,66.54212385436443,65.5192091149843,65.80298510471764,23473000
2003-08-26,66.06700134277344,66.25178487703575,65.2222737375894,65.66443505671329,45065800
2003-08-27,66.08677673339844,66.2319651859878,65.71060894031328,66.02738420368752,18919500
2003-08-28,66.4959716796875,66.65435686045424,65.77003414661796,66.25839139105032,27402400
2003-08-29,66.94470977783203,66.97110813761492,66.31116424795954,66.39695514102472,28706600
2003-09-02,67.84225463867188,67.89504633942614,66.68735247823224,67.07671707553588,49419100
2003-09-03,68.21179962158203,68.43617812327821,67.82903096401208,67.99401693348476,44912400
2003-09-04,68.24479675292969,68.33718849022533,67.81583223835871,68.04021073322755,28381000
2003-09-05,67.86203002929688,68.33719042597528,67.57825396100128,67.93462425851008,31637300
2003-09-08,68.42300415039062,68.55499095574712,67.92804607784294,68.00064033128118,32632800
2003-09-09,67.97422790527344,68.27780152278956,67.76304603939383,68.21840898315445,35053200
2003-09-10,67.2878646850586,67.84222005768633,67.01729036357521,67.66403242417441,45904900
2003-09-11,67.48584747314453,67.81581933928649,67.20866727900726,67.38025405919298,38396300
2003-09-12,67.61121368408203,67.7366045679188,66.88527679680678,67.25484860312316,42524800
2003-09-15,67.37367248535156,67.73004280692662,67.28128073919943,67.65744857281099,21312800
2003-09-16,68.35697937011719,68.39657438655424,67.42645620407392,67.46605625548254,37892600
2003-09-17,68.22500610351562,68.49558554918252,68.00722841904538,68.29100452878176,31885800
2003-09-18,69.03015899658203,69.09615240641658,68.0864386345223,68.23822800861872,30243600
2003-09-19,68.67904663085938,69.29515095664313,68.50017991563946,69.0765321513612,34331600
2003-09-22,67.93701934814453,68.20863229381312,67.59252847278624,68.13575941842188,36677400
2003-09-23,68.19541931152344,68.4272853707327,67.81118123951893,67.96354819801316,32489200
2003-09-24,66.98307800292969,68.38090546427121,66.9565783052857,68.31465874731153,41694700
2003-09-25,66.43326568603516,67.49322903887159,66.38026625481734,67.18186875265084,52673100
2003-09-26,66.21460723876953,66.68497059175643,66.14836051650266,66.53922477018877,42914700
2003-09-29,66.86383056640625,66.90357758493475,66.10860688856236,66.44647170895581,36771600
2003-09-30,66.21460723876953,66.7512173140233,65.75087512860053,66.5657244699557,70764500
2003-10-01,67.62571716308594,67.69196391471556,66.3802559935151,66.40675570502758,65797600
2003-10-02,67.87077331542969,67.94364619695355,67.32754232407834,67.5262874653796,44591500
2003-10-03,68.49356079101562,69.08316546901851,68.28819434600206,68.67905371609926,48806900
2003-10-06,68.8049087524414,68.89102900188226,68.3676712068912,68.55316913955913,20226500
2003-10-07,69.06989288330078,69.10301371963816,68.17554943337139,68.40741550493807,42602900
2003-10-08,68.89762115478516,69.15598682977165,68.50676207622074,69.11623981955815,30920800
2003-10-09,69.08309936523438,69.70582935011545,68.78498674293505,69.48058454639958,40066500
2003-10-10,69.27526092529297,69.29513443843533,68.8380284732569,69.07651568526659,22682800
2003-10-13,69.493896484375,69.75226232630983,69.23553064244018,69.36802413163146,23825600
2003-10-14,69.73899841308594,69.84499723035358,69.13614656635707,69.42763825954128,38484400
2003-10-15,69.55349731445312,70.14972795534186,69.32163124696895,70.1298544430291,39021700
2003-10-16,69.83173370361328,70.04372623466216,69.32824954700945,69.34812305706082,32772200
2003-10-17,69.06989288330078,69.97748365690488,68.88440002604743,69.87148990460352,32790300
2003-10-20,69.58658599853516,69.58658599853516,68.85786229565512,69.19572193293045,27657000
2003-10-21,69.46737670898438,69.74561598849404,69.10963832634286,69.44087700794043,26729100
2003-10-22,68.59291076660156,69.02352208849194,68.36104468690719,68.91752327817368,33914500
2003-10-23,68.467041015625,68.86452646065138,68.12917611291684,68.1623020059614,45830500
2003-10-24,68.61937713623047,68.61937713623047,67.69190821368426,68.12251932639846,51723600
2003-10-27,68.65251922607422,69.01688375455015,68.41402699912645,68.72539213176941,32460200
2003-10-28,69.58658599853516,69.659458874253,68.77836323460879,68.88436198267057,34956200
2003-10-29,69.67935943603516,69.84497875347635,68.8115158300194,69.40774132936737,30955400
2003-10-30,69.82511901855469,70.20273093464056,69.42763358914347,70.08348480038704,39123100
2003-10-31,69.75885772705078,70.05034428547641,69.70585833304597,69.82510444240658,25761600
2003-11-03,70.2159652709961,70.62670300285151,70.030472441868,70.05697213950066,37589300
2003-11-04,70.0636215209961,70.40148140547977,69.94437536932475,70.21598851494704,31421600
2003-11-05,70.11659240722656,70.20271768778697,69.4938672052309,69.88472637168029,33558800
2003-11-06,70.4875717163086,70.51407140955594,69.62634937581915,69.95758795996129,28392300
2003-11-07,69.96422576904297,70.69957595233612,69.93772607139361,70.64657655703739,31723200
2003-11-10,69.67935943603516,70.1165918058437,69.56673951320725,70.0503450897273,25530800
2003-11-11,69.65950775146484,69.77875389955523,69.4276416452619,69.61975566590003,26558600
2003-11-12,70.44120788574219,70.53395429729376,69.66611070878959,69.71248391456538,28000000
2003-11-13,70.46112823486328,70.58037442245752,70.07688995769254,70.22926205184774,29714800
2003-11-14,69.86483764648438,70.85192715672119,69.75221774721763,70.48756776715831,49158500
2003-11-17,69.51377868652344,69.65289838384497,68.92417399364982,69.50053135767041,44382100
2003-11-18,68.79167938232422,69.85826884398271,68.69893291211943,69.71914913867555,41155000
2003-11-19,69.3746109008789,69.5667298890482,68.8446271366671,68.91750003060372,29827000
2003-11-20,68.75191497802734,69.71913153328218,68.73204146147384,68.89766083848944,53578700
2003-11-21,69.03673553466797,69.11623460339459,68.64587648560146,69.05660903827487,30016000
2003-11-24,69.95100402832031,70.07687638370584,69.34815206925315,69.35477826014258,28906400
2003-11-25,70.2159652709961,70.50083070267152,69.85822693440598,70.04372481783459,37580000
2003-11-26,70.46772003173828,70.52071438034406,69.81848998188028,70.50084086782924,33053600
2003-11-28,70.52069091796875,70.65981556788797,70.35507162971209,70.40807101498612,10507500
2003-12-01,71.28258514404297,71.33558456239525,70.7526061234283,70.78572696917144,38699000
2003-12-02,71.10366821289062,71.3951546993804,70.93142275203361,71.13678903524445,35352000
2003-12-03,70.9910659790039,71.60054384835986,70.93144039705581,71.31567842289778,39078600
2003-12-04,71.28258514404297,71.36208427157139,70.84535257839343,70.99771958827785,36089500
2003-12-05,70.78572082519531,71.4150774913214,70.63335382853587,70.9645925830331,28824400
2003-12-08,71.26268768310547,71.3090608950077,70.67308325136239,70.71283027462114,32482900
2003-12-09,70.71284484863281,71.5011946677517,70.5803513742625,71.48132115202637,43596100
2003-12-10,70.70621490478516,70.87183425426724,70.19610447797153,70.73270955291703,36915400
2003-12-11,71.5011215209961,71.61374136442922,70.66639933435111,70.67302551758156,45304000
2003-12-12,71.64029693603516,71.68004395783424,71.14343894634322,71.52767700473719,34142200
2003-12-15,71.28258514404297,72.3624268121842,71.20309107081727,72.32267472126861,38693400
2003-12-16,71.65357208251953,71.878812016691,71.22958181329233,71.33558064417474,32894200
2003-12-17,71.87879180908203,71.87879180908203,71.41505969009869,71.5873001604062,23198800
2003-12-18,72.6869888305664,72.69361501682577,71.8058930671418,71.91189183009477,29353100
2003-12-19,72.48465728759766,72.79749362304365,72.27166309212964,72.75090130147821,41465100
2003-12-22,72.99051666259766,72.99051666259766,72.40477884646545,72.41143634297111,27611300
2003-12-23,73.03712463378906,73.18355404102033,72.80415790980287,72.87072273276065,24741200
2003-12-24,72.96387481689453,73.13692906041351,72.83740780355465,72.89731002365413,8055800
2003-12-26,73.01717376708984,73.27010798160723,72.97058142412894,73.02383126699412,8308400
2003-12-29,73.98895263671875,74.06216481007509,73.07041078219325,73.28340503807762,22483700
2003-12-30,74.0022964477539,74.06219872925699,73.78264459253734,73.94238908806486,19559500
2003-12-31,74.06883239746094,74.22857684158652,73.77596335141044,74.02889755597562,31501800
2004-01-02,74.03553771972656,74.67452042479134,73.70273391011887,74.37499394923455,38072300
2004-01-05,74.84089660644531,74.89414133826291,74.27512626202353,74.34169106361296,27959800
2004-01-06,74.91410827636719,75.03391780089929,74.54802220746882,74.65452181957781,20472800
2004-01-07,75.16706848144531,75.25359564361358,74.47483594954983,74.80763975845056,30170400
2004-01-08,75.46662139892578,75.48659390147571,75.06060017622613,75.38009420061701,36438400
2004-01-09,74.80767822265625,75.54650346455567,74.72780343930457,75.10054735009335,54084300
2004-01-12,75.36012268066406,75.3800901039436,74.78769951512105,74.91416663347135,31564100
2004-01-13,74.92078399658203,75.36674491327223,74.38830100495854,75.27355518460097,54239700
2004-01-14,75.54644775390625,75.65294738650519,74.99399233570873,75.05389964859111,30112800
2004-01-15,75.73282623291016,75.91919553441673,74.9340992041155,75.59304925678022,38408700
2004-01-16,76.0323715209961,76.08561627877786,75.63300282943773,75.90590443012368,31922700
2004-01-20,76.01238250732422,76.3119089609096,75.75945345872161,76.23203422431695,29863000
2004-01-21,76.61141967773438,76.74454422020116,75.69288318653281,75.96577961177113,30725000
2004-01-22,76.41173553466797,76.79778398737503,76.26530108652521,76.63803962493826,29888500
2004-01-23,76.16547393798828,76.79114667469747,75.84598007208623,76.54487004726917,44245300
2004-01-26,77.12397003173828,77.16390487079306,76.13221085094979,76.13886835018693,30460600
2004-01-27,76.33187103271484,77.54327652290678,76.31190361950998,77.04407088005544,35322800
2004-01-28,75.45990753173828,76.73121493689749,75.17369616646457,76.53153577765745,52621300
2004-01-29,75.53315734863281,75.7794289258097,74.92079445938364,75.58640210050307,60117100
2004-01-30,75.53315734863281,75.69290176061016,75.2735656966676,75.55977718547629,30984400
2004-02-02,75.85929107666016,76.33187181401465,75.2935256912742,75.67957419961202,38832400
2004-02-03,75.73282623291016,75.97244535718507,75.50652210341862,75.70620132152598,25093500
2004-02-04,75.11377716064453,75.6995147907874,75.07384235065491,75.34008626633982,39332600
2004-02-05,75.33348846435547,75.57310767052223,75.06724433770525,75.32683096468853,37226800
2004-02-06,76.17877960205078,76.34518148416814,75.34677019146402,75.49320466023647,37216000
2004-02-09,76.19873046875,76.45831692492911,76.07226344921315,76.32519241010586,24851300
2004-02-10,76.44503021240234,76.63805702166353,76.05232417431372,76.06563409162908,27908100
2004-02-11,77.2570571899414,77.47005137266562,75.99240200831184,76.44501528137351,42965700
2004-02-12,76.97753143310547,77.39020495659862,76.9309390972858,77.19052569373592,27814700
2004-02-13,76.63138580322266,77.34358558937326,76.37845679405451,77.09065658020513,44739900
2004-02-17,77.32364654541016,77.49670597211083,77.05740244545154,77.11065228108004,23984300
2004-02-18,76.98414611816406,77.60981355433009,76.77780439298826,77.34356960706452,28618000
2004-02-19,76.69794464111328,77.47004660161991,76.5847875211803,77.43011178175037,51146200
2004-02-20,76.46499633789062,76.91760969172219,76.09225772115268,76.86436494517591,46728800
2004-02-23,76.27196502685547,76.71792593489216,75.99241108081395,76.69130102410023,36357000
2004-02-24,76.13883209228516,76.53819552720505,75.23360559810324,76.05895737402855,43953000
2004-02-25,76.45835876464844,76.58482077520712,76.09227249628016,76.18545716855867,31213600
2004-02-26,76.50496673583984,76.7379284641457,76.10559796939002,76.2853149299294,29683000
2004-02-27,76.55815124511719,77.03738932510353,76.29856479815471,76.67130834824455,39312000
2004-03-01,77.31698608398438,77.43679058441361,76.71128069261448,76.83109027122703,33130800
2004-03-02,76.8643569946289,77.85611075625658,76.6979551181996,77.17053583787697,38556400
2004-03-03,77.004150390625,77.12395997034331,76.49162965809208,76.71128140060618,31346200
2004-03-04,77.20380401611328,77.27702123931911,76.89096771299415,77.02409224526913,21060000
2004-03-05,77.46341705322266,77.84281321340843,76.73124964843052,76.82443431386679,55905600
2004-03-08,76.5182876586914,77.6231992691937,76.48501030882643,77.43682478157055,39281600
2004-03-09,76.21204376220703,76.68462438488788,76.0389844243497,76.61140716803213,39746100
2004-03-10,74.93411254882812,76.39178988987936,74.92079755167352,76.35851255335987,67671800
2004-03-11,73.96235656738281,75.39340958447217,73.94904156471851,74.81433392321564,89134800
2004-03-12,74.93411254882812,75.020639717599,74.26850488023632,74.3683470461618,54012200
2004-03-15,74.01557159423828,74.78102143783667,73.8158923382019,74.72777160495355,57677200
2004-03-16,74.40826416015625,74.58797595347505,73.77593397867994,74.4016066631645,59832600
2004-03-17,75.2402572631836,75.38669169621485,74.61458471411595,74.66783452216026,41607300
2004-03-18,75.26026153564453,75.39338104277873,74.50146917297555,75.01398486144423,60014300
2004-03-19,74.1815414428711,75.1901339920336,74.1681848622934,75.08326605945265,48636200
2004-03-22,73.23973083496094,73.85423532492494,72.8723612507513,73.83419791051084,62752100
2004-03-23,73.11284637451172,73.74071276100021,73.04605327075463,73.64052055737098,54080200
2004-03-24,73.17295837402344,73.56704122450861,72.70539649000561,73.1929957940838,51584300
2004-03-25,74.14144897460938,74.34183330752946,73.33324099820618,73.52694449443285,49873600
2004-03-26,74.16146850585938,74.66910495645935,74.00784497085172,74.11471285225043,37409500
2004-03-29,75.20345306396484,75.30364520427811,74.52883651755558,74.56223050033738,44113600
2004-03-30,75.4572982788086,75.5240913619957,74.95634251092696,75.00977901587088,39059900
2004-03-31,75.54412078857422,75.7445051129305,75.06320248690719,75.47064687604258,48517600
2004-04-01,75.99830627441406,76.05842359859261,75.51071232577868,75.52406890004943,45103800
2004-04-02,76.57279205322266,76.70637827801822,76.07851690629371,76.68634085389766,50987700
2004-04-05,76.99356842041016,77.06704234915169,76.43918117988699,76.45253775966445,30251800
2004-04-06,76.74644470214844,76.93346742231034,76.55942198198653,76.69968902210796,28420900
2004-04-07,76.56605529785156,76.79983866449614,76.21872830943944,76.77979615902458,45890500
2004-04-08,76.39238739013672,77.08704639964205,75.97158144531105,77.08704639964205,46929700
2004-04-12,76.69295501708984,76.86662103512911,76.52596983327838,76.53265066750619,23085200
2004-04-13,75.61759185791016,77.01359104753702,75.4906814508573,76.9868727988951,56210300
2004-04-14,75.73784637451172,75.9048316615348,75.17677825618769,75.21685309435753,62322300
2004-04-15,75.45062255859375,75.99833403144953,75.04985893630663,75.77791225559653,61602500
2004-04-16,76.03173065185547,76.17867849764752,75.46398178073815,75.73115412292104,47059200
2004-04-19,76.03173065185547,76.13859856953147,75.65768020002501,75.84470797393313,28277600
2004-04-20,74.7559814453125,76.35904142094344,74.66247008053286,76.1987369521765,53299400
2004-04-21,75.2569351196289,75.44395784359774,74.72258520771608,74.94300193468676,50177300
2004-04-22,76.31224822998047,76.59278218643291,75.10327682527968,75.12999507293964,62071500
2004-04-23,76.38573455810547,76.52600155914047,76.00500838501465,76.42580938811962,29395700
2004-04-26,76.27885437011719,76.77313434169837,75.87809081974233,76.47923869329712,35515200
2004-04-27,76.34565734863281,76.89336875769276,76.11855476166461,76.29890168307838,43485500
2004-04-28,75.35709381103516,76.15194513043758,75.1433529221183,76.07179038609947,50165800
2004-04-29,74.69585418701172,75.69108499581763,74.24833487454036,75.29032135635096,69687600
2004-04-30,74.11475372314453,75.06322898852893,74.07467888251858,74.92296195035125,48681400
2004-05-03,74.90959930419922,75.00311065541376,74.37524435784208,74.38860603429356,33758000
2004-05-04,74.84947204589844,75.65100435935226,74.58229970406626,74.97638247545875,51185100
2004-05-05,75.33037567138672,75.45060524007461,74.91625556500547,75.08324079396172,34405000
2004-05-06,74.6824722290039,75.20346532841765,74.14144171745652,74.82273920992417,54997000
2004-05-07,73.44680786132812,74.9630371177121,73.44680786132812,74.28841513283683,60950000
2004-05-10,72.6920394897461,73.30654414932779,72.37810632131136,73.09948401524818,75279400
2004-05-11,73.30652618408203,73.50691052639628,73.0259921816305,73.11282267877439,48300600
2004-05-12,73.77407836914062,73.83419570657378,72.17769985265458,73.18629214793586,90830500
2004-05-13,73.4668197631836,74.01453110926555,73.22636062627105,73.31319620659126,57393700
2004-05-14,73.50020599365234,73.96776251366931,72.9858887256498,73.44008867194509,54123100
2004-05-17,72.87236022949219,73.13953764190167,72.41148441647076,72.73209323457391,55020400
2004-05-18,73.23973083496094,73.43343433427282,73.02598992123497,73.13285783010528,30193100
2004-05-19,72.98592376708984,74.26169374933797,72.90577409431116,73.80749358497559,54804100
2004-05-20,73.21969604492188,73.38668129900499,72.8322890324125,73.10614219919634,38082900
2004-05-21,73.34658813476562,73.84086806675094,73.11949067627341,73.45346112416287,47480400
2004-05-24,73.65386199951172,73.98115680382128,73.2597792011611,73.82752811037128,40961500
2004-05-25,74.70922088623047,74.79605650213416,73.2063532126747,73.40673760754355,48668000
2004-05-26,74.96967315673828,75.0030722347717,74.48207923174691,74.58227136986332,35977000
2004-05-27,75.39051055908203,75.4973784805871,74.84947482600909,75.17008878249624,45306900
2004-05-28,75.3837890625,75.3971456344894,75.04981870694967,75.29695860461086,23367200
2004-06-01,75.28361511230469,75.38380726235575,74.72254722559387,75.11662989421441,41044700
2004-06-02,75.56419372558594,75.79797724590148,75.11667429958824,75.49740061806183,39774200
2004-06-03,74.8695297241211,75.60426915096178,74.85617314180905,75.35044822314876,38688300
2004-06-04,75.4639892578125,75.86475290678082,75.28364230338568,75.4639892578125,32739500
2004-06-07,76.6128158569336,76.68628976041431,75.75785235750453,75.76453319308945,31643800
2004-06-08,76.7197036743164,76.75977850360454,76.25882275356119,76.392414011164,32846500
2004-06-09,76.00502014160156,76.6128439067724,75.95826446735765,76.48593856010253,36737600
2004-06-10,76.37907409667969,76.37907409667969,76.0985400197719,76.17201395838873,21711000
2004-06-14,75.6242904663086,76.04509151534396,75.3905121057334,76.02505409814981,34633000
2004-06-15,76.15863037109375,76.44584520415376,75.81798413112766,76.07848071274192,37445000
2004-06-16,76.14525604248047,76.27884217258237,75.94487175134341,76.14525604248047,26633400
2004-06-17,76.03173065185547,76.19203507636236,75.69776012814107,76.0450872305703,28402400
2004-06-18,76.1751480102539,76.57067419718454,75.8734795691286,75.93381121151974,31799800
2004-06-21,75.88690948486328,76.51706745402969,75.8399831540479,76.25562002311734,25284000
2004-06-22,76.26901245117188,76.34275454634711,75.53159661400507,75.83997032356261,37334000
2004-06-23,76.92599487304688,76.98632653167142,76.03438952196316,76.16176317628546,35580000
2004-06-24,76.68466186523438,77.04666717894258,76.59751442686601,76.79862508031295,35272100
2004-06-25,76.31594848632812,77.05336953192776,76.20869049806852,76.6980694542768,32837900
2004-06-28,76.05450439453125,76.83214658043468,76.02769373223279,76.77180980379698,40824500
2004-06-29,76.36959838867188,76.53719319120034,76.03440878361494,76.10815090589446,28418100
2004-06-30,76.77849578857422,76.95279573735934,76.18856418868214,76.47012210354528,52230600
2004-07-01,75.712646484375,76.6913997353105,75.47130950583325,76.59084180848666,57734700
2004-07-02,75.67239379882812,75.9472516951164,75.48468846213702,75.86010425010606,34615100
2004-07-06,75.00872802734375,75.3841387414171,74.83442800384367,75.33051229268332,38698200
2004-07-07,75.22991943359375,75.46455102086513,74.91484053872145,74.9550616352294,29839800
2004-07-08,74.70706176757812,75.29699363877457,74.54616707258928,74.95509880515772,45291100
2004-07-09,74.90143585205078,75.04221480561772,74.66679914818752,74.89473063104711,27412900
2004-07-12,74.93501281738281,75.10931290347823,74.41211767368578,74.7607127312874,35691300
2004-07-13,74.9886245727539,75.09588259496844,74.81432453274392,75.02884569176086,26752000
2004-07-14,74.76070404052734,75.34393592547656,74.4925563879696,74.58640908928254,54089400
2004-07-15,74.27799987792969,75.02212102350114,74.21095788208014,74.90815269930863,38403500
2004-07-16,74.2176742553711,74.8612376184462,74.03667413730716,74.79420072711093,40871200
2004-07-19,73.90259552001953,74.38526932280115,73.73500073375297,74.24449031608768,39592800
2004-07-20,74.84111785888672,75.01541784659338,73.90929137453344,74.09699669302384,46679800
2004-07-21,73.46015930175781,75.12269697440337,73.3730067260886,74.96180738679621,56241100
2004-07-22,73.66126251220703,74.00315732634701,72.91714121268386,73.31266758876487,72477100
2004-07-23,73.04449462890625,73.54727887479459,72.86349455080422,73.48694722028918,49610500
2004-07-26,72.90373992919922,73.35959800184575,72.54173453786925,73.19870842167273,49679100
2004-07-27,73.58750915527344,73.81544070142063,73.05120896152599,73.10484051527666,51295100
2004-07-28,73.80874633789062,73.98975157978353,72.79647234890503,73.4400408594273,65862300
2004-07-29,74.12383270263672,74.32494852139544,73.74171673866533,74.1037221436784,52200500
2004-07-30,74.30482482910156,74.34505105726485,73.80874567484317,73.9562299107385,41581700
2004-08-02,74.45899200439453,74.65340251947374,73.77520770531049,73.8690603519576,38263100
2004-08-03,73.88247680664062,74.45229799411561,73.84896092183999,74.36515055613026,40948800
2004-08-04,73.87580871582031,74.24451943605618,73.5003978840085,73.66799273600863,40763200
2004-08-05,72.66912078857422,73.9964690049951,72.58196820186552,73.93613731997071,50772000
2004-08-06,71.63001251220703,72.37413379197754,71.47582816895347,72.1529074407837,74729000
2004-08-09,71.73055267333984,72.05233684229223,71.64340524498763,71.743958002861,37476300
2004-08-10,72.65570831298828,72.67582398869092,71.9048867535812,71.93840265057571,55870600
2004-08-11,72.50820922851562,72.62217245322907,71.79760387208394,72.18642499537471,52933200
2004-08-12,71.71717071533203,72.3674342580294,71.48253389826736,72.18643412028632,50015900
2004-08-13,71.85791778564453,71.96517575283356,71.45568634357625,71.79758102350019,41634700
2004-08-16,72.60206604003906,72.82999250247055,71.79760796858089,71.82442374908821,45731900
2004-08-17,73.01095581054688,73.25899268725935,72.75620859932748,72.90369275012098,40701600
2004-08-18,73.76181030273438,73.85566296597452,72.72942589250624,72.74953644683106,43165400
2004-08-19,73.54730224609375,73.75511816376495,73.1920020844285,73.61433914393083,39881600
2004-08-20,74.06349182128906,74.16404460358419,73.41322321798279,73.4802601110419,44870900
2004-08-23,73.87580871582031,74.25792477379704,73.77525589629143,74.11044560029168,33745100
2004-08-24,73.97632598876953,74.23107329712454,73.64113646900657,74.1707365239824,30453100
2004-08-25,74.4791488647461,74.59311213302249,73.67469564626843,73.96295898723088,38551400
2004-08-26,74.4791488647461,74.61992792225024,74.31155401801418,74.38529615974333,26629500
2004-08-27,74.71375274658203,74.83442119578314,74.44560518354572,74.54615796239088,24902900
2004-08-30,74.09699249267578,74.63999786389677,74.04336094340836,74.55955565458169,26726500
2004-08-31,74.48583221435547,74.51935321969232,73.80874780033203,74.18416362467303,44125300
2004-09-01,74.62660217285156,74.84112328304333,74.06348617656819,74.37856006139148,52778300
2004-09-02,75.47130584716797,75.55174809305649,74.57299488956858,74.57299488956858,42736600
2004-09-03,75.16291046142578,75.63217381011583,75.08916834740492,75.3036894660328,30480500
2004-09-07,75.6589584350586,75.83995847656925,75.29695323745248,75.4444374047644,37338800
2004-09-08,75.47130584716797,75.79308505989881,75.29030056474204,75.4981216339936,32963100
2004-09-09,75.40424346923828,75.67239101774969,75.10256980528298,75.46457513327735,34314800
2004-09-10,75.79310607910156,75.9338851630362,75.13613702073997,75.43110052844547,27900600
2004-09-13,76.04112243652344,76.24893837802595,75.75956436456751,75.96067508114116,44398100
2004-09-14,76.19530487060547,76.21541542894282,75.8802258177533,75.953967941382,28048900
2004-09-15,75.6187515258789,75.99416212067268,75.53830420645778,75.953941018255,38295000
2004-09-16,75.84668731689453,76.00087675289673,75.61876088885852,75.65227677349455,23911700
2004-09-17,76.16915893554688,76.31052396803305,75.8595014640232,76.03452190279027,33683000
2004-09-20,75.71139526367188,76.06144123994716,75.58349138009191,75.84602714626764,37149400
2004-09-21,76.041259765625,76.38457780065016,75.75852968307628,75.89989472435063,40920800
2004-09-22,75.09209442138672,75.74506482348423,75.03823960393184,75.73160368705955,49042100
2004-09-23,74.68818664550781,75.19306399138337,74.68818664550781,75.12574803910888,44068700
2004-09-24,75.03152465820312,75.21328342720885,74.8093773342536,74.83630474950924,34981100
2004-09-27,74.55353546142578,74.85645973626377,74.4390978585649,74.78914380139717,39355100
2004-09-28,74.91031646728516,75.06514774375385,74.32466216940217,74.6612469882781,41662900
2004-09-29,75.28732299804688,75.29405613543699,74.721862718373,74.86322778829147,33325700
2004-09-30,75.23344421386719,75.38154236390638,74.89685937682432,75.09207919861443,43536700
2004-10-01,76.50569915771484,76.50569915771484,75.53633363119071,75.56999415370184,62824300
2004-10-04,76.63362884521484,77.0375347352432,76.60670657936458,76.80865438850202,33082400
2004-10-05,76.67404174804688,76.84906733523607,76.43170020759355,76.6403812034758,36910600
2004-10-06,77.19910430908203,77.19910430908203,76.52593458372759,76.58651739378833,42297800
2004-10-07,76.37108612060547,77.01060029747022,76.31050332416238,76.99713402989869,39388800
2004-10-08,75.7383041381836,76.58649403560828,75.63059454975617,76.16913222014162,51872600
2004-10-11,76.04796600341797,76.08162139988717,75.82581881604135,75.92006214355698,20229100
2004-10-12,75.75179290771484,75.95374589176322,75.35462521119814,75.52964565243715,41754700
2004-10-13,75.08534240722656,76.11529113667966,74.93724426439964,76.06816946722353,54212600
2004-10-14,74.4795150756836,75.34790483676176,74.43912652638463,75.17961236684457,64082200
2004-10-15,74.89685821533203,75.21997677779116,74.43236950393548,74.73529379822553,63482200
2004-10-18,75.1795883178711,75.32768646576413,74.51987978704129,74.64778366674471,43535100
2004-10-19,74.54682159423828,75.54984828573215,74.44584509790211,75.40847810933475,55851900
2004-10-20,74.39872741699219,74.6006804205204,73.8803889072245,74.30448405157988,57118500
2004-10-21,74.88341522216797,74.93727004460997,74.19005107483248,74.58049083371917,53218300
2004-10-22,74.04194641113281,74.89014181490252,73.95443618422028,74.84975326953952,48752400
2004-10-25,73.95442962646484,74.12945520064798,73.61111161368805,73.88038054261342,43990900
2004-10-26,75.08534240722656,75.12573094222417,73.96787833744295,74.13617074776867,54337400
2004-10-27,75.98738098144531,76.1354791120328,74.80260620849816,74.97762660294123,73896000
2004-10-28,76.2162857055664,76.44516097272883,75.72486949095591,75.92008934958868,54413300
2004-10-29,76.20280456542969,76.49900086361619,76.00085674602008,76.14895489511333,48820200
2004-11-01,76.41150665283203,76.63364878710217,76.20282051911185,76.44516206184117,36720900
2004-11-02,76.43841552734375,77.12504630800227,76.21626831106015,76.51919259808191,56210000
2004-11-03,77.40108489990234,77.6568876378987,76.90293542755471,77.4347403166528,76960200
2004-11-04,78.45793914794922,78.53871623379938,77.1991098227138,77.26642577288152,55350300
2004-11-05,78.94933319091797,79.1916746679934,78.41752856821782,78.79450705248887,63287200
2004-11-08,78.83489227294922,78.91567447387096,78.57235653979909,78.74738207385799,33863800
2004-11-09,78.6800765991211,79.09744368278872,78.59929951806622,78.81471362734169,44658100
2004-11-10,78.74068450927734,79.13112428629084,78.5993194457129,78.80126733542834,45265400
2004-11-11,79.33977508544922,79.51480063188936,78.82816471517326,78.88201951959743,37863200
2004-11-12,79.96582794189453,80.10719296022496,79.21860917652143,79.41382900256168,55583700
2004-11-15,80.16228485107422,80.18928689861457,79.82470259475909,80.00699474668683,35297900
2004-11-16,79.58841705322266,79.94625868945148,79.48714646392011,79.91249839228522,40028700
2004-11-17,80.06099700927734,80.43908743069302,79.7166617177191,79.91921310124646,54494000
2004-11-18,80.16900634765625,80.20951970779834,79.82467626856439,80.02722246489583,31854300
2004-11-19,79.27779388427734,80.15550956809044,79.08874869726407,80.14200339696376,54276500
2004-11-22,79.65592193603516,79.75044456813909,79.01451247407603,79.10903510617997,37560200
2004-11-23,79.77745819091797,79.84497362626921,79.24407749477739,79.62216805362235,41968800
2004-11-24,79.96654510498047,80.06781573518519,79.70323116424778,79.85176313891478,29724800
2004-11-26,79.90569305419922,80.33104985553175,79.87193793020275,80.01372181361533,15487700
2004-11-29,79.5411376953125,80.35133828374164,79.31833729825918,80.20280125164145,61460800
2004-11-30,79.59516143798828,79.83146803901423,79.42637027281296,79.66942996275323,53685200
2004-12-01,80.49988555908203,80.68217775279368,79.7369461882318,79.77745957102142,49898300
2004-12-02,80.5674057006836,80.9319952604963,80.35135320054621,80.41211555163271,60163500
2004-12-03,80.51338195800781,81.11427806535505,80.4053531449085,80.5538901873714,49067900
2004-12-06,80.48640441894531,80.7767255222793,80.2365915599047,80.48640441894531,33030500
2004-12-07,79.73692321777344,80.76317610117601,79.69641499775096,80.67540142299913,52047200
2004-12-08,80.20280456542969,80.2230586795353,79.67617699429509,79.81120785573061,43895100
2004-12-09,80.48640441894531,80.65519563829997,79.48716328498128,79.76397820615132,60922800
2004-12-10,80.5674057006836,80.72269069863657,80.24332437492856,80.29058569836181,47828600
2004-12-13,81.26956176757812,81.28981588065771,80.5808910162907,80.85771096463682,38541000
2004-12-14,81.55314636230469,81.66792312733689,81.14129547497929,81.14129547497929,41500700
2004-12-15,81.61389923095703,81.76918936350233,81.22905559502003,81.49236939060337,46699200
2004-12-16,81.56661987304688,81.8569408079559,81.04674548551485,81.5058575418571,51641800
2004-12-17,81.02259826660156,81.38212503568235,80.83265998674227,81.0361630685501,70761900
2004-12-20,81.04292297363281,81.59917283909716,80.83941477938288,81.2328611947043,47187400
2004-12-21,81.66705322265625,81.7281077855252,81.03618367531071,81.13115283939014,33094200
2004-12-22,81.8637924194336,82.13513515890327,81.60601966342516,81.66028407097326,31500700
2004-12-23,81.92481994628906,82.2707819761332,81.850205758902,81.99265949461878,25646100
2004-12-27,81.75523376464844,82.32505389924417,81.66704959490086,82.21651475915696,29944100
2004-12-28,82.20294189453125,82.30469603452846,81.80949531343833,81.83663009579962,23422900
2004-12-29,82.32504272460938,82.35217750594796,82.04691509746168,82.13510443066966,22650600
2004-12-30,82.16901397705078,82.46749137800545,82.10796460436279,82.35217244597479,21076900
2004-12-31,81.99266052246094,82.52856087331205,81.94517594329342,82.28435298747026,28648800
2005-01-03,81.60600280761719,82.59639920299661,81.33466012419363,82.46072527356922,55748000
2005-01-04,80.60882568359375,81.7688106705109,80.34426797651255,81.71454109587079,69167600
2005-01-05,80.05255889892578,80.8937164298727,80.04577390964343,80.54775443249864,65667300
2005-01-06,80.45960235595703,80.82591429181069,80.22217939070904,80.34428336932693,47814700
2005-01-07,80.34424591064453,80.88014616831434,80.13395266052721,80.7037726868892,55847700
2005-01-10,80.72412109375,81.03616329373307,80.27640499675475,80.27640499675475,56563300
2005-01-11,80.16787719726562,80.54775378714702,80.0389882790857,80.47991942115826,63099700
2005-01-12,80.43242645263672,80.6155797392336,79.72015274551921,80.3171075249487,72720500
2005-01-13,79.78797912597656,80.54095228921793,79.70657480344839,80.47989775346456,55537500
2005-01-14,80.20856475830078,80.40528801298014,79.88295778019189,80.02541148004322,42032500
2005-01-18,81.04292297363281,81.1446770707578,80.0118223800614,80.07966189509696,57391700
2005-01-19,80.19502258300781,81.07687980833131,80.18823759288264,81.01583042349793,54378900
2005-01-20,79.70658874511719,80.1814344376821,79.56413503734771,79.97114637032192,72049300
2005-01-21,79.21819305419922,80.04578590604254,79.13000888203423,79.90333216234625,63160400
2005-01-24,79.06219482421875,79.59809016066349,78.94009084460833,79.42850158761749,58441900
2005-01-25,79.28601837158203,79.68624994660551,79.17748441635182,79.30637334015388,68245000
2005-01-26,79.52344512939453,79.77443280795168,79.39455620769402,79.58449450782285,57195100
2005-01-27,79.65912628173828,79.87619939792559,79.35386899115441,79.49632273845565,55878800
2005-01-28,79.65912628173828,79.74053064109528,79.10287609804386,79.69982587370112,60738900
2005-01-31,80.15432739257812,80.21537678076236,79.84906492536292,80.01186846928556,52532700
2005-02-01,80.6630630493164,80.77838196780597,80.11359288249484,80.21534700045656,49841200
2005-02-02,80.90730285644531,81.12437599262216,80.65631511565346,80.76484909602598,52468900
2005-02-03,80.6969985961914,80.83267251385276,80.43244092604021,80.7648329673067,48837100
2005-02-04,81.5584945678711,81.69416328251279,80.71055216278624,80.72411696407852,50024600
2005-02-07,81.44993591308594,81.7551930355026,81.37531658530791,81.5720397971383,45412000
2005-02-08,81.54493713378906,81.84341456242603,81.44996798384649,81.51780235160112,39263500
2005-02-09,80.93441772460938,81.73487568763431,80.89371813891624,81.68739111251548,55279400
2005-02-10,81.22611236572266,81.4160506713447,80.90050532049361,81.17184797513826,45858600
2005-02-11,81.92481994628906,82.10797844608986,81.03617775782352,81.19898128786686,53133000
2005-02-14,81.8637924194336,81.98589639342333,81.7281236374149,81.87057741116422,32432100
2005-02-15,82.16901397705078,82.37252223687078,81.8637567627508,81.94516110176481,43852700
2005-02-16,82.22329711914062,82.39288563852887,81.85698529621034,82.03335880549474,55523000
2005-02-17,81.5584945678711,82.30468284925983,81.5517095795101,82.23684849193899,58124000
2005-02-18,81.66705322265625,81.7281077855252,81.33466114837823,81.5652990681622,47723300
2005-02-22,80.45280456542969,81.72132874285967,80.4392397590445,81.33466706798575,80697600
2005-02-23,81.02938079833984,81.11078513905201,80.46635092856198,80.67663900611407,68292600
2005-02-24,81.56527709960938,81.6195466574469,80.71055485310286,80.88692315292998,68563600
2005-02-25,82.37252807617188,82.53533159031083,81.52458555919549,81.58563493621119,60899900
2005-02-28,81.82984161376953,82.28434272963442,81.42961523574128,82.18258859398019,69381300
2005-03-01,82.23688507080078,82.4336032419023,81.93162256393202,81.95875735401583,47294400
2005-03-02,82.1961669921875,82.71171756945927,81.84342512906335,81.91804449585655,64226500
2005-03-03,82.23007202148438,82.69135294465009,81.87732504618869,82.5285494351299,61230800
2005-03-04,83.25438690185547,83.32222126530661,82.61673249946844,82.79310598478553,56168500
2005-03-07,83.29511260986328,83.60715491995288,83.03055488662577,83.20692842726137,43442400
2005-03-08,82.98303985595703,83.43753575986287,82.83380115904947,83.21367771450151,44362000
2005-03-09,82.06046295166016,82.9558897926974,82.05367796429722,82.7388167759438,73263600
2005-03-10,82.24365234375,82.42002586467993,81.67383736518883,82.21651755780452,65149000
2005-03-11,81.66705322265625,82.56926545684215,81.51103467113916,82.29113777958717,57976500
2005-03-14,82.17578125,82.1893512246252,81.59239655141005,81.81625455386573,36336400
2005-03-15,81.49745178222656,82.39287888417442,81.45675219704772,82.36574410224505,62438500
2005-03-16,80.80554962158203,81.5110385709478,80.6563108779081,81.19899110212148,74874200
2005-03-17,80.9683609008789,81.22613364383096,80.71058815792685,80.93444111937615,62584200
2005-03-18,80.72792053222656,81.40212728316469,80.46232377592493,81.11610080649493,60232000
2005-03-21,80.42827606201172,80.89136880522555,80.19673228828397,80.84369772264876,61244300
2005-03-22,79.61107635498047,80.99354329860445,79.61107635498047,80.61217454057291,92472400
2005-03-23,79.67914581298828,80.1694798493125,79.50889122791779,79.64509281767114,70817300
2005-03-24,79.77449035644531,80.35335492388664,79.72000764060765,79.9924160240382,51932500
2005-03-28,79.89027404785156,80.31931900383867,79.89027404785156,79.96518649426967,46765500
2005-03-29,79.35907745361328,80.29207458067566,79.16839312300394,79.77449911490864,71160300
2005-03-30,80.48274993896484,80.49636802002236,79.5225115580414,79.52932319644904,62002100
2005-03-31,80.33293151855469,80.67344072566746,80.27164235523831,80.48956803996016,64575400
2005-04-01,79.97203063964844,81.03441820866335,79.61790318189702,80.7892510472352,95255300
2005-04-04,80.10816955566406,80.26480602889217,79.50206376908653,79.92429692651125,71581200
2005-04-05,80.48959350585938,80.61898351238405,80.1354609087944,80.21037337372123,46853900
2005-04-06,80.76881408691406,81.00716958481198,80.48278748943657,80.6666602461692,53268200
2005-04-07,81.20462799072266,81.21825126758041,80.5780923449681,80.63938669931242,46734600
2005-04-08,80.36016082763672,81.18419236178516,80.36016082763672,81.15695100581033,63772900
2005-04-11,80.4214859008789,80.64622329122899,80.24442480159675,80.55769274158791,44945000
2005-04-12,80.83689880371094,81.08206589432976,79.72684045145732,80.28527544769817,86144800
2005-04-13,79.88347625732422,80.905004060125,79.76769915756323,80.74155587073032,65949000
2005-04-14,78.8415298461914,80.0196944419823,78.8415298461914,79.95159361352412,96119800
2005-04-15,77.73824310302734,79.1343275565842,77.70419010835822,78.82105974950669,128677300
2005-04-18,77.97662353515625,78.28989144289808,77.60887289673951,77.7178383580893,100035200
2005-04-19,78.59636688232422,78.67808579710884,78.2013748083316,78.38524756235708,64930100
2005-04-20,77.49990844726562,78.74616837067867,77.32965381991728,78.57591374333033,107735900
2005-04-21,79.00495910644531,79.14116073067021,77.89489560555266,78.17411568970029,86952200
2005-04-22,78.70533752441406,79.33868517613986,77.82001106217,78.82110946610052,88845800
2005-04-25,79.22291564941406,79.33868759462962,78.80749377939505,78.90283599260326,52284100
2005-04-26,78.45331573486328,79.52251438959088,78.4192679331283,78.97089116135959,72626000
2005-04-27,78.7597885131836,79.04581502875311,77.93575677313311,78.22178328870262,84131900
2005-04-28,77.77230072021484,78.780210258028,77.77230072021484,78.50099021461232,72481500
2005-04-29,78.82791900634766,78.90964312546737,77.61570648275533,78.36482605619052,103993800
2005-05-02,79.27056121826172,79.27737285865672,78.67126156172479,79.04582384706038,56026400
2005-05-03,79.40676879882812,79.5770234511394,78.78704456621008,79.04582976724976,86000300
2005-05-04,80.0196762084961,80.18993083872694,79.18883278164814,79.44081150486302,81055700
2005-05-05,79.9924087524414,80.36015925727915,79.50207474599108,80.13542197169653,96906700
2005-05-06,79.74044799804688,80.35336564359373,79.72001827582172,80.31250619914343,67415400
2005-05-09,80.23761749267578,80.4146837972775,79.71323541597373,79.82219569866403,43750500
2005-05-10,79.40676879882812,80.01968658630065,79.2637555143778,79.92434439666711,74613500
2005-05-11,79.84258270263672,79.95154812277889,78.89596769711976,79.63146869580777,91647400
2005-05-12,78.9640884399414,80.08095829982986,78.9640884399414,79.89708560157442,95086800
2005-05-13,78.8074951171875,79.42041306661692,78.180959078109,79.20248726190435,85267000
2005-05-16,79.54296875,79.57020491974275,78.76660801835138,78.79384418809413,49207000
2005-05-17,80.07414245605469,80.15586133646012,79.1070976023657,79.27735219755424,61071800
2005-05-18,80.89820861816406,81.09570465640783,80.3670148856685,80.42149243061563,77944900
2005-05-19,81.23866271972656,81.32038677522324,80.83685927489702,81.05478489379821,61768100
2005-05-20,81.1229019165039,81.30677457171075,80.86411163674062,81.27272157834486,46345500
2005-05-23,81.57239532470703,81.74946159001013,81.17059690255793,81.18421498646178,51047900
2005-05-24,81.38170623779297,81.60644357731452,81.17739862081727,81.34084679270124,50654100
2005-05-25,81.32044219970703,81.63371016565256,80.92545012256522,81.27957754622882,47608800
2005-05-26,81.75626373291016,81.8652239787605,81.4634256032849,81.57919748817534,43256200
2005-05-27,81.89246368408203,81.89246368408203,81.58600747832843,81.76306852372653,24596100
2005-05-31,81.36809539794922,81.8379946456094,81.31361266913792,81.77670547251594,43377200
2005-06-01,82.06273651123047,82.3487630595571,81.34766494465462,81.39533603604241,69611000
2005-06-02,82.23980712890625,82.29428466782298,81.79033236146616,81.87886810425502,39704500
2005-06-03,81.82439422607422,82.32834658697776,81.5383676317041,82.09680273318104,60999400
2005-06-06,81.74944305419922,81.85840328800099,81.41574551874939,81.68814870113263,36046400
2005-06-07,81.81073760986328,82.5734800798365,81.72901872805907,81.98780384670238,66501300
2005-06-08,81.66094970703125,82.12403740615763,81.49750148829956,82.01507712276319,46881200
2005-06-09,82.04911041259766,82.11721122282046,81.34085055561124,81.54515298627963,56653300
2005-06-10,81.85843658447266,82.16489808294557,81.44982644893521,82.10360370494709,36465300
2005-06-13,82.11721801757812,82.45772729262622,81.59283082437892,81.68136656117731,49383200
2005-06-14,82.30792236328125,82.53946623256454,81.98103109373727,82.02870219598738,33857100
2005-06-15,82.46452331542969,82.5666771241859,81.87885221646174,82.51219959583999,53195600
2005-06-16,82.6756591796875,82.83910218907357,82.34876796515577,82.44411015361095,46564500
2005-06-17,82.98199462890625,83.35122957325802,82.88626763037766,83.10507294369017,51529400
2005-06-20,83.00933074951172,83.31018473978588,82.69479849524875,82.7905254762536,41019400
2005-06-21,83.05717468261719,83.18025294588932,82.75631554645683,83.07768685704121,39879800
2005-06-22,83.12555694580078,83.3785526228454,82.78367343360834,83.20077173582139,46310100
2005-06-23,81.95632934570312,83.14608270176643,81.93581716629795,82.95462873834582,62185600
2005-06-24,81.35462188720703,82.05890125239246,81.25888968200927,81.97000817972233,58572500
2005-06-27,81.47083282470703,81.64861369171187,81.19732500240599,81.34775456550796,48183800
2005-06-28,82.15462493896484,82.21616147905131,81.62128739129795,81.64179957132677,41174200
2005-06-29,81.93580627441406,82.32555328149029,81.8879427899215,82.30504110481183,42316500
2005-06-30,81.49137115478516,82.27086530766472,81.33410241104689,82.20248963432483,62288800
2005-07-01,81.73068237304688,81.91530241535622,81.51187710504514,81.67597975186418,49737500
2005-07-05,82.38710021972656,82.49650546480451,81.49820607874962,81.53923043728925,51549000
2005-07-06,81.69654083251953,82.4965475323659,81.64867731757312,82.31876652682274,52363600
2005-07-07,82.01789093017578,82.01789093017578,80.86232766472652,80.88283985039561,103268800
2005-07-08,82.95462799072266,82.95462799072266,81.86060162622951,82.03154340870435,64491200
2005-07-11,83.37855529785156,83.48795531256422,82.94777871996246,82.96145698225689,49688300
2005-07-12,83.5973892211914,83.85037977640994,83.17345162902228,83.41276913398455,51871100
2005-07-13,83.71360778808594,83.77514432417809,83.41274858924686,83.60420254606116,41182300
2005-07-14,84.04182434082031,84.40422010181115,83.75463816821843,84.08968783346572,63638800
2005-07-15,83.99393463134766,84.13069115952094,83.66572939718806,83.95974941185044,56075900
2005-07-18,83.65890502929688,83.85035898579586,83.45377802593184,83.76147113934393,56598400
2005-07-19,84.11705017089844,84.17859194002781,83.69995692115683,83.90508397921705,59165700
2005-07-20,84.40421295166016,84.60250603774433,83.62471887076589,83.82300674012107,69477000
2005-07-21,83.91190338134766,84.5204557122699,83.7409615981284,84.47943135365063,101110900
2005-07-22,84.47258758544922,84.48626063199546,83.85035702465154,84.02129879848884,52607100
2005-07-25,84.2332534790039,84.75291261260455,84.00076999988538,84.38368304489332,57301600
2005-07-26,84.33580780029297,84.46572518196798,84.06913912391717,84.26059823991677,42758800
2005-07-27,84.64350891113281,84.71188456080377,84.13752284349445,84.44521587537764,43181600
2005-07-28,85.1768569946289,85.22472047709111,84.54095346092913,84.75975869743183,47880700
2005-07-29,84.60932922363281,85.21788145142985,84.44522660023532,85.06745708974034,62358100
2005-08-01,84.54780578613281,84.8144745467135,84.41104923152146,84.67088407691844,40418200
2005-08-02,85.05374145507812,85.19733183954779,84.60929204597143,84.6981850578284,45147400
2005-08-03,85.2794418334961,85.29311488146399,84.86918257697596,84.95807043059098,36837200
2005-08-04,84.59565734863281,84.99907739021613,84.49309125131774,84.94437999281271,50855600
2005-08-05,84.02129364013672,84.77344157222709,83.87770318493637,84.41104065188873,53595500
2005-08-08,83.8640365600586,84.38370102109089,83.67941652014561,84.20592011291923,47616000
2005-08-09,84.37002563476562,84.50677697388171,84.01446902302627,84.1443812301678,47170000
2005-08-10,84.3290023803711,85.12900867980484,83.9802796793118,84.6640468173022,72863700
2005-08-11,84.6640396118164,84.80763007256635,84.11018994653392,84.28796563123643,58570200
2005-08-12,84.1443862915039,84.57516294741654,83.93242013810531,84.49310900897378,54776900
2005-08-15,84.6640396118164,84.69823005249779,83.98711166350128,84.25378040728387,36208500
2005-08-16,83.56317901611328,84.45891227296222,83.48112508378219,84.40421486813729,71942100
2005-08-17,83.55631256103516,84.01444034582964,83.44007344079021,83.54947864812246,62275100
2005-08-18,83.54949951171875,83.80248998757719,83.3101768650988,83.45377253976226,53388600
2005-08-19,83.7409439086914,83.98026131129913,83.55632390044538,83.85034391414288,39842100
2005-08-22,83.7409439086914,84.26060828058824,83.3375186728143,83.81615869475786,69912000
2005-08-23,83.58366394042969,83.83665957007469,82.83836052751502,83.76144479414585,55168600
2005-08-24,82.83841705322266,83.9187707385489,82.7973874640743,83.37859389588579,79104600
2005-08-25,83.13922119140625,83.1939237995821,82.87939162766278,82.97511858360659,35631100
2005-08-26,82.57173156738281,83.07087872035895,82.51702893735724,83.0640448041532,61956800
2005-08-29,83.2076187133789,83.26915524734693,82.31188027958964,82.33239767430787,56179200
2005-08-30,82.77001190185547,82.94095368172982,82.31872309895718,82.90676323906331,74160200
2005-08-31,83.81619262695312,83.87089526018876,82.5580581461845,82.86575654558732,102945200
2005-09-01,83.75463104248047,84.20591983479586,82.83154649615142,83.77514322090771,74578700
2005-09-02,83.60420989990234,84.021308292534,83.44694637157014,84.00079611203236,47653400
2005-09-06,84.58199310302734,84.6503739903879,83.86404073630496,83.87087986838688,57251300
2005-09-07,84.72557830810547,84.8760026781872,84.4178800032492,84.53411915061044,41749700
2005-09-08,84.44522857666016,84.78711209316485,84.31531117103526,84.55463380597132,39068700
2005-09-09,85.19735717773438,85.2930841291839,84.65034677184104,84.670858944762,43093900
2005-09-12,85.02642822265625,85.24523346123375,84.97172560882977,85.09480388157515,33017600
2005-09-13,84.55464172363281,85.07430096133614,84.458909530657,84.87600787718792,58427500
2005-09-14,84.24693298339844,84.7324069362619,84.11701558167148,84.60932866534381,57694600
2005-09-15,84.20591735839844,84.54780090007547,84.03497558755993,84.5067713276986,73156900
2005-09-16,84.80469512939453,84.96949630889802,84.37209006859723,84.66736168629745,75424100
2005-09-19,84.52314758300781,84.83902390539099,84.21414474281137,84.78408843724307,53355300
2005-09-20,83.80902099609375,84.88023660341,83.68541879225454,84.5986962128569,84480300
2005-09-21,83.0262222290039,83.68543234324564,82.9369507546484,83.63049685732474,94469100
2005-09-22,83.32148742675781,83.54122936714089,82.70348155570716,83.0536834855862,84597200
2005-09-23,83.39017486572266,83.69917785854673,83.01936813097146,83.25283612751637,59368100
2005-09-26,83.4863052368164,83.93950995315525,83.14296626667547,83.78843996806333,70415400
2005-09-27,83.46566772460938,83.7678023182571,83.1017241813014,83.44506299507778,66150800
2005-09-28,83.5480728149414,83.85708091706404,83.22533346422743,83.72661048023882,58620500
2005-09-29,84.22786712646484,84.36520053490534,83.14291538741027,83.46565466007253,66607700
2005-09-30,84.48883819580078,84.48883819580078,83.59615494907827,84.20043477354369,47824200
2005-10-03,84.18669891357422,84.69483902882067,84.08369619372989,84.4339033456262,50994800
2005-10-04,83.23907470703125,84.48195971348345,83.19787571996861,84.31715852629762,60776300
2005-10-05,82.14725494384766,83.30087373966414,82.106055956512,83.25967475232846,106052100
2005-10-06,81.85198211669922,82.5798640622709,81.14470490343018,82.25025645158661,140941800
2005-10-07,82.1335220336914,82.43566190520471,81.8039144248646,82.19532051344538,75661400
2005-10-10,81.4399642944336,82.20217686810032,81.23396415278022,82.18157737782843,52677000
2005-10-11,81.3232650756836,81.98247524048818,81.24773008648275,81.7078030287521,75629800
2005-10-12,80.68463134765625,81.80391413480281,80.62283286812139,81.29577409364282,100510400
2005-10-13,80.63656616210938,81.0829077350532,80.25889131447951,80.65716565581003,99052900
2005-10-14,81.48807525634766,81.58420975517248,80.72586227356706,81.11040550780363,88651000
2005-10-17,81.79017639160156,81.90004209280757,81.33696662192301,81.57730799374727,68109300
2005-10-18,80.90440368652344,81.68721620614151,80.89067243132729,81.67348495094537,74996900
2005-10-19,82.25027465820312,82.26401114944555,80.42371424319047,80.68464994849617,116563800
2005-10-20,80.80137634277344,82.27086643155567,80.54730890694385,82.05112974273597,131966700
2005-10-21,81.11721801757812,81.56355947793867,80.69148128465632,81.22708894151536,96579500
2005-10-24,82.3739013671875,82.46316763104865,81.3095534927645,81.33015299681414,71308400
2005-10-25,82.20906829833984,82.56613845461179,81.67346044446397,82.20906829833984,76594500
2005-10-26,81.9687271118164,82.77213884361642,81.84512490392906,82.0648615802915,80855800
2005-10-27,81.09664154052734,81.96872522020047,80.97990757992085,81.8519860206585,66623100
2005-10-28,82.26398468017578,82.3669821366715,81.09662953018872,81.32323441234873,72322000
2005-10-31,82.49059295654297,83.29400987383505,82.49059295654297,82.60046390688335,77698900
2005-11-01,82.73780059814453,83.01934099022311,82.55239991084886,82.79960431986673,66365100
2005-11-02,83.60301971435547,83.60301971435547,82.49059982474719,82.51806756461927,74012300
2005-11-03,83.9601058959961,84.22791510118172,83.60303568730976,83.87770789957285,84897600
2005-11-04,83.85023498535156,84.09057119166455,83.46569705525079,84.04937219599272,59156000
2005-11-07,83.93264770507812,84.20045168509577,83.67170673249079,84.02878219847231,46765400
2005-11-08,83.93264770507812,84.06311295243482,83.63050773216099,83.72664222555517,42152800
2005-11-09,84.04248809814453,84.42702595571303,83.67854973452643,83.82961967540989,57666800
2005-11-10,84.69480895996094,84.81841113210496,83.60299413846727,84.00813139003513,79048100
2005-11-11,84.98322296142578,85.03815318894648,84.06994047761322,84.70168262504401,34867000
2005-11-14,84.93516540527344,85.16176506205704,84.72229175826425,85.00383212669074,45092200
2005-11-15,84.62615966796875,85.20983467474711,84.36522402370912,84.83903332093323,69592500
2005-11-16,84.79782104492188,84.839025266161,84.44761921746476,84.71542308031299,51133000
2005-11-17,85.58750915527344,85.59437739925923,84.5574925926805,84.92829918388618,55717500
2005-11-18,85.92396545410156,86.02696814099188,85.3746265222436,85.8758982320773,72437200
2005-11-21,86.35659790039062,86.45960061377113,85.82099007753476,85.93772404119603,50021200
2005-11-22,86.72740936279297,86.87847408005028,86.12312953802005,86.21926401215467,66438800
2005-11-23,87.2286605834961,87.4896014420449,86.6655851230085,86.69305285753651,50854700
2005-11-25,87.29733276367188,87.35913647996144,87.07759611263067,87.19433530141428,15270000
2005-11-28,86.67935943603516,87.39349988967095,86.5488889498243,87.37976863588206,54498500
2005-11-29,86.58319091796875,87.19433890659768,86.58319091796875,86.96773400239164,51738900
2005-11-30,86.11627197265625,86.87847956889696,86.03386874436222,86.63128036188738,56007200
2005-12-01,86.99523162841797,87.22869961798004,86.50769090997628,86.53515341785896,65468200
2005-12-02,87.10505676269531,87.26299492353336,86.86472063875445,87.05012129467038,46699400
2005-12-05,86.9196548461914,87.02265753751068,86.64498274898486,87.00205280809922,59273400
2005-12-06,87.08450317382812,87.71624567230019,86.95403267823205,87.2424414179148,57935200
2005-12-07,86.57635498046875,87.1188311757756,86.30168275970193,87.05015919138125,66816500
2005-12-08,86.52142333984375,87.08449905995826,86.16435310420846,86.6724933299369,62608600
2005-12-09,86.74798583984375,87.05698867629025,86.39777878331907,86.63125190064703,50744500
2005-12-12,86.83041381835938,87.11195425732491,86.4939431318584,87.00895152992445,48389900
2005-12-13,87.42092895507812,87.68873281643071,86.72052006514089,86.80978627261354,88630900
2005-12-14,87.76427459716797,87.95654351370415,87.30420179846567,87.33853777881929,64375000
2005-12-15,87.5102310180664,87.89476895578831,87.33169330172275,87.78489797990406,55900300
2005-12-16,87.22856140136719,87.91887923121865,87.22856140136719,87.86365254082084,46238300
2005-12-19,86.77984619140625,87.58061733222597,86.76604215336405,87.48397326581072,48733000
2005-12-20,86.86268615722656,87.38732386975828,86.6210759913624,86.88339484762825,46603200
2005-12-21,87.00074005126953,87.50467429635631,86.84196992750265,87.13190210136872,51806900
2005-12-22,87.45639038085938,87.45639038085938,87.03529597338122,87.19406616634014,32247900
2005-12-23,87.50468444824219,87.57371517383233,87.26997366118758,87.51848848667751,27977300
2005-12-27,86.61418151855469,87.70488498602256,86.55205017334083,87.6427536408087,44499500
2005-12-28,86.80745697021484,86.9731317553609,86.63487753289832,86.80055231804437,30764300
2005-12-29,86.42089080810547,86.95243321976245,86.33114611952846,86.78675841526909,32788900
2005-12-30,85.95146179199219,86.33113338238623,85.84791307944607,86.15165456512635,44645600
2006-01-03,87.4632568359375,87.6703542676618,85.86862451846233,86.42088082525616,73256700
2006-01-04,87.8774642944336,88.00862110439768,87.46326937162044,87.57372275549254,51899600
2006-01-05,87.93265533447266,88.07762140068124,87.58749652920304,87.77388523340366,47307500
2006-01-06,88.66444396972656,88.76108806660707,87.91889927946985,88.37451167908505,62885900
2006-01-09,88.8922348022461,89.09242234924228,88.62301125509137,88.65061933510594,43527400
2006-01-10,88.98197174072266,89.03719843589094,88.54016871279148,88.62991340911682,44960800
2006-01-11,89.26500701904297,89.3547517177969,88.86462136829935,89.06481946037883,49598900
2006-01-12,88.91295623779297,89.24430591252752,88.66444134838801,89.10624442583948,40509200
2006-01-13,88.83009338378906,88.98196414919116,88.49874377446366,88.75416853450218,44856700
2006-01-17,88.5885009765625,88.65062706207138,88.22953270459624,88.49875627521702,52066600
2006-01-18,88.23641204833984,88.98195119413099,87.78080508517338,88.07073726779807,75067600
2006-01-19,88.57466125488281,88.89221202747287,88.22950240935157,88.45040912652935,81530400
2006-01-20,86.9593276977539,88.57466870264653,86.9593276977539,88.55396001284633,114957800
2006-01-23,87.26995849609375,87.54608661717769,87.06976573997554,87.12499241753349,67017400
2006-01-24,87.3597183227539,87.77390794289846,87.26997363947295,87.41493974318821,53008800
2006-01-25,87.43566131591797,87.79462428018456,86.86959562348177,87.69798020262404,87747700
2006-01-26,87.91889953613281,88.13289642746318,87.50470979590601,87.84296413597527,71294000
2006-01-27,88.73342895507812,88.81627423846696,87.98098522035492,88.12595656622658,65771200
2006-01-30,88.66444396972656,88.9198582543215,88.60231787889265,88.66444396972656,33709600
2006-01-31,88.01553344726562,88.73345943832881,88.00862879349357,88.58159918900506,72937000
2006-02-01,88.6298828125,88.65749088384581,88.16737125022485,88.2364019620008,63561000
2006-02-02,87.60132598876953,88.45731854813368,87.53229526517198,88.42971047205995,83626900
2006-02-03,87.16645812988281,88.62993429649381,87.07671867911615,87.38046030741681,86040400
2006-02-06,87.39422607421875,87.53229278420719,87.09738923112671,87.28377797293447,45511900
2006-02-07,86.62106323242188,87.43563829071351,86.56583655501429,87.24234491978692,71208100
2006-02-08,87.40804290771484,88.42971558280809,86.703915792888,86.87649524520931,59422200
2006-02-09,87.2630615234375,88.08453599131838,87.23544818389527,87.61511975251246,62023300
2006-02-10,87.4218521118164,87.7601063836738,86.6003721848841,87.2768859953061,64508700
2006-02-13,87.2630615234375,87.5253803490297,86.94551075205486,87.3942183028806,52308700
2006-02-14,88.18810272216797,88.38139087176259,87.1250126326904,87.29759209007234,90964400
2006-02-15,88.49874877929688,88.58159408637395,87.83604425646135,88.1397858044429,85471300
2006-02-16,89.16144561767578,89.19596361282608,88.48492661965214,88.59537999076782,61017900
2006-02-17,88.91983032226562,89.16144575527741,88.76106018442506,89.08551037919484,40342600
2006-02-21,88.698974609375,89.32715606186336,88.56090256552274,89.12696845174648,46456300
2006-02-22,89.23738098144531,89.49969457104267,88.80937680178384,88.89222209681589,42326700
2006-02-23,89.1062240600586,89.49280034779719,88.5539677061118,89.23738612913,43423200
2006-02-24,89.33403015136719,89.38234692060071,88.8853172556665,89.12693270207562,36777400
2006-02-27,89.36856842041016,89.76894357086879,89.24430570928254,89.32714049442347,35858600
2006-02-28,88.51941680908203,89.67915577467303,88.45039137387693,89.18902567769014,74394800
2006-03-01,89.30646514892578,89.38931049842085,88.70589166554224,88.77492770121812,48641600
2006-03-02,89.29949951171875,89.34091688903065,88.78176122849528,88.9819487299736,60642300
2006-03-03,88.88533782958984,89.78966321636968,88.80940243172027,88.82321174044645,73402500
2006-03-06,88.47802734375,89.17524449963288,88.2571258679512,89.14763642352634,57478400
2006-03-07,88.33997344970703,88.40209952631866,87.94649249771211,88.26403806715476,61780800
2006-03-08,88.5263671875,88.66442865442197,87.79462666603294,88.15358964005448,66692400
2006-03-09,87.93265533447266,88.8300650681504,87.93265533447266,88.55394223729904,56313600
2006-03-10,88.76793670654297,88.94051610469711,87.97407568839816,88.1604591210543,60490800
2006-03-13,88.93366241455078,89.16146860116939,88.72656492367787,88.94056180199404,45479100
2006-03-14,89.86556243896484,89.90008043422294,88.78176901507108,88.85080500558726,69877300
2006-03-15,90.26596069335938,90.33499669357552,89.6377794384173,89.84486637223625,53398900
2006-03-16,90.45235443115234,90.75609599530887,90.32119234359246,90.43854512366833,65526400
2006-03-17,90.5278549194336,90.72191164747944,90.3615266241363,90.56943699325791,47286800
2006-03-20,90.38231658935547,90.72191057175976,90.24370615315178,90.5417180622248,45538500
2006-03-21,89.81400299072266,90.7842972264823,89.71697462467657,90.35459111230783,87102700
2006-03-22,90.36151885986328,90.45160982030876,89.71696504507372,89.75854711532511,51605700
2006-03-23,90.17437744140625,90.36843412797151,89.86250137909039,90.27833260374612,46704200
2006-03-24,90.24375915527344,90.49326231709807,89.91801862246614,90.09128441330812,43209200
2006-03-27,90.1120376586914,90.29223019846364,89.91798090038277,90.1189644803095,32523000
2006-03-28,89.55758666992188,90.46549735544158,89.4397672487392,90.04965539513773,82079900
2006-03-29,90.11897277832031,90.44471320446777,89.60610239825169,89.6892771418284,61505700
2006-03-30,89.95956420898438,90.77737333369407,89.7862984884645,90.17441201038098,70571700
2006-03-31,89.98037719726562,90.26453558630169,89.66156354061248,90.11206086902882,62925600
2006-04-03,89.91105651855469,90.70114788469539,89.74472817324194,90.14670596658394,61624700
2006-04-04,90.48629760742188,90.60411704059855,89.65462417745026,89.91105408640531,54809300
2006-04-05,90.79820251464844,90.98533253249948,90.36157990673571,90.52098147548783,50607200
2006-04-06,90.70113372802734,90.93678313927634,90.22985605612948,90.68728008494804,57906200
2006-04-07,89.77937316894531,91.06847072604002,89.64770008688926,90.83283185250593,80180900
2006-04-10,89.91799926757812,90.15363815432875,89.58532140655124,89.91799926757812,41496500
2006-04-11,89.1556167602539,90.1397648724385,88.88532263490251,89.99422757625767,72799400
2006-04-12,89.32197570800781,89.49524148299989,89.13484570993137,89.24573834399916,43033700
2006-04-13,89.20413970947266,89.57838906092715,88.9269081757085,89.12096496169256,51051800
2006-04-17,89.16947937011719,89.61996604580143,88.72591951664464,89.28729879952228,64167700
2006-04-18,90.58330535888672,90.74964423710183,89.35658124838535,89.35658124838535,92531800
2006-04-19,90.7566146850586,90.83978945179814,90.26454578532676,90.61800417423149,87269000
2006-04-20,90.88133239746094,91.38726530291986,90.51400994311821,90.79123084535061,86005500
2006-04-21,90.8952407836914,91.33880083958759,90.52791810811983,91.2695008599417,72342600
2006-04-24,90.72888946533203,90.83978209513471,90.361566882501,90.71502524278088,52546400
2006-04-25,90.35462188720703,90.87441914849013,90.04274564549765,90.81897283825032,84359800
2006-04-26,90.3753890991211,90.88825940211572,90.30608916107288,90.44469961246887,67262400
2006-04-27,90.81204223632812,91.22788425817149,89.8140298441456,90.02887767782063,124478600
2006-04-28,91.11697387695312,91.31103062923034,90.5902499172435,90.64568563906569,55854400
2006-05-01,90.3753890991211,91.34568340949207,90.31995337880235,91.1169714058039,64990300
2006-05-02,91.05460357666016,91.11004987549832,90.61104376125505,90.79816312262113,49063500
2006-05-03,90.71501922607422,91.01304182698956,90.41006980199435,90.8952118060748,60821300
2006-05-04,91.04077911376953,91.22097173220484,90.77048489846415,90.8467222707454,42921400
2006-05-05,91.8447265625,92.03878338783396,91.38037554650063,91.51898605383863,62588200
2006-05-08,91.73382568359375,92.01798407205052,91.73382568359374,91.83778091093018,30016700
2006-05-09,91.91401672363281,92.01798252452367,91.69916887388216,91.77540623108104,29864000
2006-05-10,91.86548614501953,92.0040966048821,91.40806210970287,91.76845776558571,64378200
2006-05-11,90.7566146850586,91.86551992228364,90.45860261554553,91.83779147493577,80626900
2006-05-12,89.57144927978516,90.59717936806324,89.53679402116559,90.34767631142262,91726500
2006-05-15,89.75166320800781,89.91800214384205,89.13483752866372,89.25958379906238,84029300
2006-05-16,89.61998748779297,90.09820271734128,89.41206644338453,89.93186376675382,62137600
2006-05-17,87.91503143310547,89.47442831006565,87.85958512978279,89.17640575161882,144789500
2006-05-18,87.47148132324219,88.53879898664037,87.40217608019579,88.26157272680364,87906300
2006-05-19,88.08831024169922,88.35860440095854,87.18733147338521,87.92890870554695,124309400
2006-05-22,87.41604614257812,88.13683239485562,86.9794182969132,87.52000666420837,110852800
2006-05-23,86.75071716308594,88.45565195513169,86.75071716308594,88.14377563850412,92006500
2006-05-24,87.44376373291016,87.94276997483992,86.4665475821739,87.10416431901685,168405000
2006-05-25,88.5249252319336,88.5249252319336,87.62394136022293,87.96354069564916,78977900
2006-05-26,88.97542572021484,88.97542572021484,88.37245904463673,88.71898523516063,62989700
2006-05-30,87.39523315429688,88.71205375982436,87.36058318088722,88.69126271824847,72419900
2006-05-31,88.37248992919922,88.37248992919922,87.46457354347908,87.75566410549114,86926200
2006-06-01,89.21797943115234,89.36352728557675,88.20610828525658,88.28234562323125,73721700
2006-06-02,89.40511322021484,89.70312518813799,88.93383552899671,89.57837894350983,91702600
2006-06-05,88.10218048095703,89.3081087575313,87.85960417325474,89.30118193385248,86105100
2006-06-06,87.88734436035156,88.28239018030881,87.15963115919489,88.16457070311955,130498600
2006-06-07,87.22888946533203,88.46947258344888,87.18037527803807,87.9566075623913,108599400
2006-06-08,87.15264892578125,87.6724460366706,85.84969273803915,87.03482951634892,204957200
2006-06-09,86.87543487548828,87.9912665857134,86.83385279285767,87.57542989645599,94972200
2006-06-12,85.93289947509766,87.27744369359161,85.81508000728076,87.24278842063262,95815900
2006-06-13,84.93488311767578,86.52199292799385,84.93488311767578,85.75962459259985,185688800
2006-06-14,85.59326934814453,85.6833656228516,84.78931383481853,85.1358452896693,163566400
2006-06-15,87.40910339355469,87.57543702526746,85.84277960594459,85.90515273496781,134057000
2006-06-16,86.77217102050781,87.4056433864293,86.63990528333817,87.21769156452534,94253500
2006-06-19,86.08993530273438,87.34992747414732,86.00640354864473,87.29423609740623,95804400
2006-06-20,86.38233947753906,86.88355143423593,86.12477605775385,86.32665339092475,65494700
2006-06-21,87.02271270751953,87.50303603580761,86.2917782834439,86.31962396075363,75008200
2006-06-22,86.63988494873047,87.05755969683958,86.34751315615637,86.98098537340027,74566100
2006-06-23,86.62596893310547,87.22463804828685,86.34055456634611,86.54939460597602,54107000
2006-06-26,87.00883483886719,87.05756347307654,86.49370280422218,86.69558009195316,37899600
2006-06-27,86.25701141357422,87.21766378481755,86.15954884652837,87.0227492727701,69780200
2006-06-28,86.84176635742188,86.85568654824436,86.07602839763715,86.45193728211827,62368100
2006-06-29,88.5959701538086,88.65166151880682,87.13410634424109,87.1549892783602,110634800
2006-06-30,88.60295867919922,88.8674900843897,88.38019846542022,88.78395301258917,54227800
2006-07-03,88.96492767333984,89.1111082223769,88.6238220221825,88.70735907551065,23914000
2006-07-05,88.4567642211914,88.72129028974433,88.07389265129198,88.60991284915117,69653400
2006-07-06,88.71434020996094,88.99974924036111,88.46373430906097,88.54726606867939,50100300
2006-07-07,88.13654327392578,88.79786107453559,87.91378309057094,88.5402977659507,81626500
2006-07-10,88.30363464355469,88.70738923873108,87.99734263257868,88.36628878261044,60964100
2006-07-11,88.6934585571289,88.6934585571289,87.67015199877477,88.13655536682032,73640800
2006-07-12,87.74669647216797,88.68646563899578,87.51697358598187,88.51243411510097,82561300
2006-07-13,86.3196792602539,87.48917190138215,86.3196792602539,87.32906048203304,102405700
2006-07-14,85.98554229736328,86.50067972743146,85.50521862746683,86.41017988405598,103242500
2006-07-17,85.86019897460938,86.38925634914595,85.72793861424111,85.9855018972359,81159000
2006-07-18,86.29876708984375,86.35445846128012,85.19888640357217,86.11777278818629,122771000
2006-07-19,87.49612426757812,87.89291608205893,86.12475448266404,86.44497197233078,133565300
2006-07-20,86.89746856689453,87.92077532805465,86.77912834158278,87.79547235095292,112259800
2006-07-21,86.28483581542969,87.14803608184494,86.19434132616955,87.12019039799078,101560000
2006-07-24,87.85811614990234,87.9346904821338,86.6259747048542,86.6259747048542,92884000
2006-07-25,88.1713638305664,88.61688425851911,87.51700337843857,87.69799771198886,95480700
2006-07-26,88.28971099853516,88.72130595971716,87.8372277844696,88.12263684160388,84525800
2006-07-27,88.20616912841797,88.8883752879372,87.85114320300376,88.67257250804646,87257100
2006-07-28,89.09025573730469,89.20163319548278,88.31059228596699,88.43589524580658,82137000
2006-07-31,88.99977111816406,89.07634545731925,88.7213194586019,88.86751069591537,49593100
2006-08-01,88.56118774414062,88.672565189162,88.12958753100528,88.64471950015113,65225600
2006-08-02,89.15982055664062,89.4243518392596,88.79087462142992,88.81175755194826,64770900
2006-08-03,89.39651489257812,89.48701468706625,88.512437058641,88.64469740970543,63693800
2006-08-04,89.24339294433594,90.09962535186821,88.74218645045048,89.85598751078884,96294200
2006-08-07,89.03455352783203,89.1598564724372,88.68649038293121,89.03455352783203,45377300
2006-08-08,88.6934585571289,89.42439333053113,88.37323577053688,89.16681936456204,90901300
2006-08-09,88.39412689208984,89.52185349912405,88.13655822877946,89.22947108263307,78910600
2006-08-10,88.66561126708984,88.75610577669805,87.90683081675745,88.11567083711155,69322300
2006-08-11,88.41502380371094,88.54728422056047,87.98342348345726,88.52640127637493,47482200
2006-08-14,88.48461151123047,89.2155462266287,88.3523458190482,88.84659483848984,57839000
2006-08-15,89.5427017211914,89.70976518350112,89.03452734224362,89.27817040981289,68143000
2006-08-16,90.28759002685547,90.41985573955733,89.8281440633792,90.0230692234974,71737600
2006-08-17,90.51728820800781,90.75396856481339,90.14138473673088,90.20403354493658,70992800
2006-08-18,90.97675323486328,90.97675323486328,90.21101001069239,90.62869006424833,58288400
2006-08-21,90.5869140625,90.69132875320078,90.35719112091448,90.62171187803771,42133600
2006-08-22,90.5799331665039,90.85839000565477,90.27363595445912,90.4894439880669,60839900
2006-08-23,90.32931518554688,90.80268643747952,89.93252884837771,90.62168686084019,66592100
2006-08-24,90.2527847290039,90.56605011086766,90.07875312665561,90.48947578095257,57983000
2006-08-25,90.36416625976562,90.67046357520923,90.18317721975163,90.24582604644348,41756000
2006-08-28,90.79574584960938,91.06724529671264,90.24581076060794,90.25276819949107,52681500
2006-08-29,90.90019989013672,91.07423151560673,90.36417950951584,90.83755105425891,61817800
2006-08-30,90.95587158203125,91.22039237245276,90.87929725853012,91.10205216741377,50052200
2006-08-31,90.94190216064453,91.18555051467284,90.9001362992774,91.08809329746953,37510300
2006-09-01,91.48493957519531,91.59632235988435,91.08118494723276,91.29002501301298,48794500
2006-09-05,91.6589584350586,91.78426670590395,91.33177818935388,91.54757566587284,52348300
2006-09-06,90.8514175415039,91.30390589992196,90.72611993649207,91.2690974689603,53795600
2006-09-07,90.43377685546875,90.89322279666227,90.04394779823006,90.53819155935585,86269400
2006-09-08,90.69134521484375,90.81665348847355,90.37809046383784,90.55212206129065,45096300
2006-09-11,90.78182220458984,90.97673669493439,90.13441930148302,90.39895066211194,68496600
2006-09-12,91.67286682128906,91.77728150912793,90.75397508013299,90.88624076609123,69875600
2006-09-13,92.04180908203125,92.201915137457,91.55452285549003,91.63805460231336,62898400
2006-09-14,92.04877471923828,92.05574278012294,91.71463708013951,91.86082827214499,57805400
2006-09-15,92.26484680175781,92.56549249998713,92.06906436001879,92.50955618359905,76703100
2006-09-18,92.39067077636719,92.56546771749613,92.04806493100135,92.14595079128321,64154100
2006-09-19,92.15994262695312,92.38368784496737,91.64255048062378,92.37668913892992,92089100
2006-09-20,92.64939880371094,92.83119451321878,92.3347663348673,92.4676137629654,75204100
2006-09-21,92.20189666748047,92.81718537815232,91.88726427452681,92.7192995077054,88932500
2006-09-22,91.92220306396484,92.06902649893982,91.5935840082971,92.06203846305053,65966800
2006-09-25,92.62843322753906,92.88714007015648,91.62859940087674,92.10404217106944,92299100
2006-09-26,93.39752960205078,93.41151634859762,92.57248225597368,92.64240531994623,73962700
2006-09-27,93.50939178466797,93.6702020113159,93.18077262450016,93.3345948130366,82432200
2006-09-28,93.47445678710938,93.68421534635414,93.18778711176701,93.50941832511076,58597500
2006-09-29,93.39752960205078,93.64923769608562,93.32760653807823,93.55135180778106,47966600
2006-10-02,93.04795837402344,93.57234947576922,92.95706050238293,93.36957894191951,51687400
2006-10-03,93.24369049072266,93.60027244730438,92.7472624315507,92.91507135340314,73108100
2006-10-04,94.33442687988281,94.39036319017266,93.047923749497,93.1527976633153,80890500
2006-10-05,94.51622009277344,94.67704099960457,94.21557440121836,94.33443507011883,60505900
2006-10-06,94.3973159790039,94.46025097255446,93.9708111074714,94.3553664291411,64983600
2006-10-09,94.45325469970703,94.60008879676283,94.1386223988807,94.2854564959365,41176800
2006-10-10,94.5791244506836,94.70497311738902,94.27846818784657,94.46026382032032,56403700
2006-10-11,94.46728515625,94.6910197544006,93.90094461892578,94.27850142088808,104071800
2006-10-12,95.28530883789062,95.36221991966043,94.67002018373208,94.70498170612905,59158600
2006-10-13,95.530029296875,95.58596559923416,95.11750040057107,95.2014101884892,53944000
2006-10-16,95.6768798828125,95.82371405173225,95.38322221373483,95.45314527869887,42273000
2006-10-17,95.37625122070312,95.57901107531782,94.85884818627801,95.41820079967418,90500600
2006-10-18,95.50206756591797,96.04743324509603,95.15947234134411,95.81669997024991,86848600
2006-10-19,95.65586853027344,95.70481679078895,95.25033837978188,95.36221097345357,64063200
2006-10-20,95.6768798828125,95.75379098676821,95.32029785652429,95.6768798828125,48094500
2006-10-23,96.11738586425781,96.34811921007682,95.3622614603311,95.48112215325057,66219900
2006-10-24,96.4040298461914,96.43898070574062,95.94256327752784,95.98451284399533,53234900
2006-10-25,96.73265838623047,96.77460795676475,96.14533239246586,96.30615330452936,78105400
2006-10-26,97.03330993652344,97.18713215026224,96.47395740190618,96.94941079039762,66843700
2006-10-27,96.42498779296875,97.0123029584856,96.2292160711298,96.91441709756613,80238000
2006-10-30,96.35508728027344,96.62777014722474,96.06841766741765,96.25021335789263,49717800
2006-10-31,96.34110260009766,96.66972178895197,95.96354580267004,96.53688504067507,71274100
2006-11-01,95.69087219238281,96.70469268072712,95.59298629699983,96.64176831985857,83005600
2006-11-02,95.63490295410156,95.79571315500343,95.34124536902732,95.44611926771142,60693100
2006-11-03,95.46709442138672,96.06140829961453,94.82384294650089,95.97750918033863,71346400
2006-11-06,96.54389953613281,96.68373503021292,95.75381352487196,95.76081223427278,63303300
2006-11-07,96.91444396972656,97.17314010201027,96.4879388855833,96.62777434441877,63318900
2006-11-08,97.12420654296875,97.22209243511213,95.69086902541348,96.4879429096558,87517800
2006-11-09,96.61376953125,97.2849945444083,96.41799779173708,97.1940967122203,95916300
2006-11-10,96.65579223632812,96.72570466347935,96.29221134133552,96.58586914041035,48991500
2006-11-13,96.89346313476562,97.21508360313057,96.53688113668423,96.61378156579504,59398200
2006-11-14,97.6206283569336,97.70453817445186,96.57184632243707,97.16616040949012,96704000
2006-11-15,97.9002456665039,98.20089119792289,97.557639919504,97.58561339655795,76509600
2006-11-16,98.1520004272461,98.36174826140677,97.52972362546122,98.19394999407822,76728800
2006-11-17,98.17996978759766,98.18695782628154,97.69752839937654,97.83736385438348,56353800
2006-11-20,98.23588562011719,98.40369453239238,97.84434216023419,98.09605019426742,69174200
2006-11-21,98.33379364013672,98.35476842530193,98.08907358819374,98.22891971431059,51367900
2006-11-22,98.52958679199219,98.69739577848473,98.23592906720309,98.41072609401306,45505300
2006-11-24,98.13098907470703,98.47358418867306,98.02610452795193,98.05407800792263,30998000
2006-11-27,96.78154754638672,98.13098517935461,96.75358473628269,98.08203692572725,84545100
2006-11-28,97.20110321044922,97.29898908805247,96.56483967164783,96.65573751112245,106652900
2006-11-29,98.21491241455078,98.25686197610247,97.24304178648619,97.51572460533139,90034900
2006-11-30,98.25688934326172,98.62047009257533,97.71851159295764,98.1939649834081,83994300
2006-12-01,98.04010772705078,98.3477520458362,97.1661230344824,98.25685422380639,126080000
2006-12-04,98.78826141357422,98.97005710978199,98.04712388868208,98.06111063502765,87813200
2006-12-05,99.21477508544922,99.25673532812,98.76729518248942,98.9770537207936,73374400
2006-12-06,99.13087463378906,99.33364513002901,98.93510284561674,99.19379899382395,53253200
2006-12-07,98.69740295410156,99.49447702755431,98.66244141244499,99.30569323762047,62857400
2006-12-08,98.87919616699219,99.21480352321598,98.43171613577196,98.67643627873096,79625500
2006-12-11,99.16582489013672,99.34760991026245,98.82321896541711,98.87915527978528,39779400
2006-12-12,99.0888671875,99.19374105963983,98.50854020122883,99.06789241307204,77451600
2006-12-13,99.19377136230469,99.52239048707395,98.9770248478312,99.44547940109052,55520200
2006-12-14,100.06774139404297,100.15165117379101,99.17278198095403,99.18676872237165,64755200
2006-12-15,100.0769271850586,100.46362534986439,100.00662525486099,100.28785443206225,70857400
2006-12-18,99.802734375,100.45660782942781,99.66211977316593,100.21755120528279,48954600
2006-12-19,99.99252319335938,100.231568977429,99.26834814101814,99.5214585971511,65023600
2006-12-20,99.93629455566406,100.30190100258969,99.84489026188177,100.03472582273594,41469600
2006-12-21,99.57069396972656,100.14018995760756,99.35977747658852,100.0277047373353,48698400
2006-12-22,98.9590072631836,99.59177815156028,98.90275929316293,99.58475117838394,62069100
2006-12-26,99.54257202148438,99.56366367009362,98.98010302609592,99.00119467470516,32696900
2006-12-27,100.19642639160156,100.2597120604581,99.71833475794793,99.74645337772635,39727100
2006-12-28,99.98552703857422,100.33003114879702,99.83084778280714,100.12614161794299,37288800
2006-12-29,99.57069396972656,100.21752958115955,99.43710637193638,99.88005246393455,45461200
2007-01-03,99.39488983154297,100.44248788598635,98.8324317336786,100.01360661303443,94807600
2007-01-04,99.60582733154297,99.87300246552884,98.86056061905784,99.29646890865443,69620600
2007-01-05,98.81134033203125,99.41599250973694,98.69885513689198,99.36678224840134,76645300
2007-01-08,99.26838684082031,99.4230661092145,98.6074864628098,99.00824931134173,71655000
2007-01-09,99.18400573730469,99.55663917628743,98.71293029808857,99.35273893038124,75680100
2007-01-10,99.51445007324219,99.53555245162482,98.64263325733657,98.83949581113491,72428000
2007-01-11,99.95030212402344,100.27371436181998,99.4862646751529,99.54251261394302,54476800
2007-01-12,100.7096939086914,100.7096939086914,99.91520604567046,99.94332466791549,55370600
2007-01-16,100.51283264160156,100.85030975383604,100.35111569498166,100.59017226400988,44871300
2007-01-17,100.55497741699219,100.86433578811025,100.35107725048262,100.43545454236927,50241400
2007-01-18,100.217529296875,100.7237503353786,100.0558230765265,100.66047538761667,68177300
2007-01-19,100.41437530517578,100.61123779689574,100.16126485464997,100.21750208525465,56973000
2007-01-22,100.10501098632812,100.61123185749594,99.78861489569782,100.59014021521399,60253600
2007-01-23,100.40032958984375,100.59719211873299,99.88004391880607,100.02065847826935,54064400
2007-01-24,101.2088851928711,101.22997684326464,100.47768294675075,100.51986624753783,55834700
2007-01-25,100.0206527709961,101.18777393153042,99.84488189964584,101.14559063891878,73583800
2007-01-26,99.92927551269531,100.29487126043088,99.54257738700927,100.23863401324414,67255600
2007-01-29,99.87298583984375,100.4002983197498,99.65503173132791,99.97141707363156,66114600
2007-01-30,100.39325714111328,100.44247812040118,99.88000934902266,100.08390950864462,70407600
2007-01-31,101.06825256347656,101.33542772501707,100.11908555246889,100.28080248087645,91868600
2007-02-01,101.67291259765625,101.70806892079801,101.1807562582823,101.34948944423704,69312400
2007-02-02,101.81352996826172,101.91196123884953,101.5112091829577,101.75728199532529,49607000
2007-02-05,101.84165954589844,101.90493449251656,101.48308005865461,101.736190573331,45705300
2007-02-06,101.8697280883789,101.96815931079662,101.47600319870804,101.92597603378883,57081300
2007-02-07,102.09475708007812,102.20021531103353,101.64478408099751,102.03147141330236,55669700
2007-02-08,101.96116638183594,102.03146829092064,101.43385378679075,101.79242248926869,70641000
2007-02-09,101.20183563232422,102.17912121919571,100.81513758107242,101.98928567981713,79084400
2007-02-12,100.85733795166016,101.27215469133807,100.67454008202347,101.20185276987971,65657000
2007-02-13,101.70808410644531,101.87681731759297,101.07530238002609,101.08234008262735,64081800
2007-02-14,102.37601470947266,102.57990425553636,101.79245396976545,101.80651864721294,66039400
2007-02-15,102.50959014892578,102.6150483967421,102.24944192397174,102.41818584868211,38715200
2007-02-16,102.46036529541016,102.4814569441804,102.10882351163431,102.25647578122987,39841800
2007-02-20,102.67837524414062,102.79087125080856,101.94717265721835,102.34089795234647,56911800
2007-02-21,102.63614654541016,102.69943222631157,102.19321114832987,102.37600903218801,63971600
2007-02-22,102.55879211425781,102.94549020526769,102.06663578397404,102.68535272958985,79067400
2007-02-23,102.15798950195312,102.5024933984982,101.96815403703768,102.46734782160851,71966200
2007-02-26,102.06660461425781,102.61500874741381,101.77131090626614,102.53064218175908,69192800
2007-02-27,98.08011627197266,101.38460549893689,97.72857463658924,101.15962443095515,274466500
2007-02-28,99.0855484008789,99.82378819093815,98.29107137396775,98.70588804701545,177536300
2007-03-01,98.79026794433594,99.31055364505455,97.06068838068346,97.9676614599348,212828600
2007-03-02,97.49657440185547,98.89571423877963,97.48954742996389,98.46683293296277,162574000
2007-03-05,96.56856536865234,98.1364392573828,96.55450068858717,96.97634453667482,143750400
2007-03-06,98.22075653076172,98.51605029451625,96.82865429357544,97.573921039461,143333300
2007-03-07,98.12232208251953,98.75510360842834,98.00982615859773,98.14341372722964,115144900
2007-03-08,98.95201110839844,99.2473049968231,98.48094628199198,98.81138577544766,117891600
2007-03-09,98.98011016845703,99.4300832515969,98.48795378505476,99.35274362504765,107765100
2007-03-12,99.12776947021484,99.37384231524656,98.54420874276573,98.72700663292117,80366900
2007-03-13,97.20128631591797,98.97305960202873,97.05363407199125,98.55823221585459,190605200
2007-03-14,97.92547607421875,97.98172404565399,96.1466755493679,97.32785076489736,231853800
2007-03-15,98.05905151367188,98.4246579185925,97.58798688050601,97.70750978191805,132435900
2007-03-16,97.78445434570312,98.56091790996393,97.49504421986475,98.33503368372342,121531600
2007-03-19,98.9632797241211,99.05504655624182,98.22211176417706,98.29975813656652,96161200
2007-03-20,99.50680541992188,99.56327648871,98.79387837163756,98.87857958944221,82147400
2007-03-21,101.1444091796875,101.39852356830099,99.40091498954507,99.59855831727182,152368700
2007-03-22,101.06678771972656,101.41972385916534,100.79149796179456,101.27855155754108,118942200
2007-03-23,101.21504211425781,101.51150722715731,101.04562886227612,101.13739572011096,74416800
2007-03-26,101.08087921142578,101.39851949173402,100.29736077559711,101.29264298854898,113787500
2007-03-27,100.84090423583984,101.05266805274815,100.50914343585973,101.02442713275762,99864600
2007-03-28,100.10684204101562,100.56565485276671,99.71154439783808,100.33271563778618,152907900
2007-03-29,100.21270751953125,100.66446543385156,99.66212789803956,100.61504919488674,139432700
2007-03-30,100.23383331298828,100.82676326309848,99.21737581522623,100.4032464861996,128194100
2007-04-02,100.34674072265625,100.55850442324183,99.86674228327901,100.34674072265625,79416400
2007-04-03,101.4267807006836,101.63147890471667,100.8762012324509,100.91855184219875,82417800
2007-04-04,101.53968048095703,101.6102612108407,101.05262713053136,101.42673838824223,63995200
2007-04-05,101.81503295898438,101.95620527665973,101.37032992608748,101.41268054431434,46822800
2007-04-09,101.9561767578125,102.21029116685105,101.75146779929996,102.10440388014491,50967400
2007-04-10,102.07618713378906,102.24560035230749,101.83619315228815,101.8785437642288,56620000
2007-04-11,101.65972900390625,102.25265913542245,101.3209025538202,102.22442898329341,106365700
2007-04-12,102.11150360107422,102.2950265469401,101.17974686646748,101.46210228790498,115534400
2007-04-13,102.5773696899414,102.5773696899414,101.89972753036267,102.28089384023046,84287000
2007-04-16,103.55144500732422,103.66438713931169,102.93028482290221,102.93733966711847,83064600
2007-04-17,103.82676696777344,104.04558568473604,103.51618139372668,103.74206572785445,108424100
2007-04-18,103.95380401611328,104.25732389830077,103.45969562025272,103.48087092502136,88345300
2007-04-19,103.92556762695312,104.04556461612563,103.3114622203775,103.44557967026314,102947700
2007-04-20,104.90666198730469,104.90666198730469,103.79138326657078,104.62431757959304,124114100
2007-04-23,104.51145935058594,104.98439253681664,104.44793342350063,104.73027805771802,77270800
2007-04-24,104.55378723144531,104.75143058656768,103.98909808581286,104.63143360458302,114471000
2007-04-25,105.51375579833984,105.64081837388764,104.48318859027297,104.98435173685594,108418800
2007-04-26,105.63372802734375,105.73961527730066,105.24550708975383,105.52079670644068,88741600
2007-04-27,105.54908752441406,105.6973254512758,105.06203389855574,105.23850197918516,108191100
2007-04-30,104.6738052368164,105.6973287530454,104.61734492751734,105.62673721028574,100874100
2007-05-01,104.9420166015625,105.50671650452117,104.23614441555286,104.76554855506009,134342700
2007-05-02,105.5561294555664,105.8455396573715,104.99849512813597,105.10437165525708,87129800
2007-05-03,106.12788391113281,106.16316890264461,105.69023584638957,105.85964904281481,86569700
2007-05-04,106.53021240234375,106.67138466337313,106.03610410336434,106.41021544193111,96409000
2007-05-07,106.55135345458984,106.72782141684347,106.4525318265578,106.50194802594865,63461400
2007-05-08,106.41022491455078,106.53022188564552,105.97258763517534,106.29022794345603,80584000
2007-05-09,106.69965362548828,107.87140416447369,106.1420085073209,106.33259703372357,102070100
2007-05-10,105.58435821533203,106.60081584164037,105.36553957064844,106.39610688511071,153617800
2007-05-11,106.4879150390625,106.53732050828383,105.68322090106489,105.7043962122681,113408900
2007-05-14,106.25495147705078,106.798476138387,105.73260212206154,106.48789061762345,108027500
2007-05-15,106.28317260742188,107.05257065010134,106.01493774930265,106.37492866092002,180673300
2007-05-16,107.01020812988281,107.03138342992871,106.14904335884047,106.44550833023578,114166500
2007-05-17,106.79844665527344,107.26432480780699,106.6643292382635,106.85491771352778,101132800
2007-05-18,107.73023986816406,107.73023986816406,107.15848496008056,107.29965728281906,99182000
2007-05-21,107.67377471923828,108.16082841467367,107.64554456143783,107.70201564779714,174664600
2007-05-22,107.58906555175781,108.11141498404452,107.56083539603635,107.78670895408086,82148800
2007-05-23,107.60314178466797,108.35136446744185,107.5466707256799,107.9631326686196,133786600
2007-05-24,106.62907409667969,108.1467060921209,106.40320054837768,107.66670729949875,187593000
2007-05-25,107.0737533569336,107.30669247023695,106.71375164966713,106.9396359185994,83309200
2007-05-29,107.46195983886719,107.64548268597576,106.90431491333172,107.25019607943287,82020000
2007-05-30,108.33722686767578,108.37957746252735,106.82666128371133,106.91137324416596,129013600
2007-05-31,108.22431945800781,108.62666096877454,108.08313641629638,108.47136823949506,114866700
2007-06-01,108.76077270507812,108.98664617264069,108.35842044461046,108.61960044150736,107771700
2007-06-04,108.77491760253906,108.9796158150959,108.33726948515829,108.37962009666965,78008800
2007-06-05,108.34436798095703,108.63376750436275,107.89966488361904,108.52083609631225,126917900
2007-06-06,107.17967224121094,107.96319110629496,107.11614630449687,107.89966516958089,164096800
2007-06-07,105.24552917480469,107.6454898869335,105.21728826058975,106.98196842267063,232414600
2007-06-08,106.61491394042969,106.72080121459989,105.23846554224224,105.58434673799319,175886000
2007-06-11,106.79844665527344,107.25725919380453,106.37491910374239,106.53726666450297,102015600
2007-06-12,105.63372802734375,106.96782551909554,105.56314729812317,106.35372039819809,233898000
2007-06-13,107.21492767333984,107.34199026971311,105.68318629688548,106.23376574940806,193208200
2007-06-14,107.8996353149414,108.08315822714519,107.31376004002354,107.33493534640259,146396500
2007-06-15,108.51356506347656,108.93182208925235,108.4143066331109,108.56318346148085,154030800
2007-06-18,108.38591003417969,108.74036719444808,108.22286276926498,108.73328194542538,88537500
2007-06-19,108.65536499023438,108.73334604415051,108.01024998212635,108.14494551317974,110851700
2007-06-20,107.14534759521484,108.87510087544115,107.01774816495777,108.87510087544115,177119700
2007-06-21,107.74077606201172,107.8329383686299,106.51435753648963,107.10275761495153,205262000
2007-06-22,106.72710418701172,107.59198093726658,106.23086608863088,107.41475227233205,204964700
2007-06-25,106.2166976928711,107.22335533414486,105.64247847935117,106.50735533485889,232014400
2007-06-26,105.12493896484375,106.663293132163,105.11785371318362,106.48606448605673,198445700
2007-06-27,106.62075805664062,106.7412830651544,104.96190038695627,105.01152960424771,213638000
2007-06-28,106.6065444946289,107.3367254171531,106.10321054147236,106.6065444946289,157705000
2007-06-29,106.64201354980469,107.50689019039197,105.73460376577505,106.9752042630069,199701800
2007-07-02,107.6061782836914,107.69834067394399,106.88309293875906,106.95397793210708,103357000
2007-07-03,107.99604034423828,108.10946926877405,107.7479267411411,107.8826114197025,54048400
2007-07-05,107.88262176513672,108.15201278244808,107.49272737756961,108.03858384703501,89279000
2007-07-06,108.44976043701172,108.58445595164393,107.70539788895624,108.02441813610797,81109000
2007-07-09,108.53478240966797,108.71909623136742,108.19449576121319,108.57731553643141,72348100
2007-07-10,106.9893569946289,108.18742402828339,106.88302416443621,107.96056623430562,180362600
2007-07-11,107.74795532226562,107.79048847595443,106.70584978816773,106.86889714970168,175607600
2007-07-12,109.44930267333984,109.70451231075627,107.99602587186229,108.01729244021564,133882500
2007-07-13,109.7754135131836,110.20785178638504,109.44930808700845,109.5769183206167,111794300
2007-07-16,109.76126098632812,110.25749909791506,109.58403231667711,109.87468993102786,98378700
2007-07-17,109.70455169677734,110.22205640779664,109.65492247468423,109.83215115270811,126201300
2007-07-18,109.5060806274414,109.74002383216143,108.6766515291699,109.33593716477708,237887400
2007-07-19,109.93142700195312,110.25752176352567,109.70456906591852,110.02357857343314,145212700
2007-07-20,108.81838989257812,109.87467652904205,108.3434184139097,109.80378074295734,245502500
2007-07-23,109.15155792236328,109.68324375592009,108.67658654244698,109.30042389814064,121183900
2007-07-24,107.25875854492188,109.37132057901297,106.8759386839589,108.54897722015096,256732400
2007-07-25,107.47854614257812,108.03149868168714,106.51442182515083,107.7692037333653,265214500
2007-07-26,104.93354797363281,106.9043298061818,103.77801364968413,106.47189144337479,467592500
2007-07-27,102.87059020996094,105.53610500892395,102.82805706794636,105.06822962958606,422987600
2007-07-30,104.47982788085938,104.78465593939674,102.99818827809425,103.4518931488974,283017500
2007-07-31,103.3030014038086,105.95434500437185,102.82093401408133,105.15326831608188,316976700
2007-08-01,103.80634307861328,104.21751477889464,102.04823818068827,102.92019997038018,467670000
2007-08-02,104.63579559326172,104.74921370420256,102.9769272667637,104.04029912922701,294758400
2007-08-03,101.9419174194336,104.6216136310251,101.51656435018693,104.40893709640177,359398200
2007-08-06,103.65038299560547,104.08990647827414,101.04157228272761,102.23255414346063,324980000
2007-08-07,104.75629425048828,105.62825601969384,102.95564543924522,103.4589794724537,232568700
2007-08-08,106.2166976928711,106.75546900565435,104.451496081119,105.21004005159732,274930600
2007-08-09,103.0691146850586,105.59284945488866,102.99821888345099,104.51529601010056,357622100
2007-08-10,102.58705139160156,103.8560039499289,101.4598687932043,102.36019349448163,411018400
2007-08-13,102.95567321777344,104.13247415149428,102.8068071965411,103.85599786631208,181917200
2007-08-14,101.38190460205078,103.5440969683647,101.17632406363222,103.28888720025581,264134500
2007-08-15,99.98529815673828,102.40979531038137,99.68755535933126,101.1762801635434,323834000
2007-08-16,100.73677825927734,101.33226398196655,97.12130913961694,99.09917629611301,546743700
2007-08-17,102.58705139160156,103.36685107429649,100.23344938629197,103.147089247199,388218100
2007-08-20,102.53739929199219,103.12579966203555,101.58036032996966,102.91312313523304,187320400
2007-08-21,102.74295806884766,103.48023509722087,102.18292045638886,102.5090258376261,157066400
2007-08-22,103.96232604980469,104.06866973449655,103.02656436415319,103.50862111978421,173156700
2007-08-23,103.8701400756836,104.67120598551749,103.22502538078558,104.45144425404513,203915300
2007-08-24,105.15328979492188,105.15328979492188,103.7000128966482,103.84179363417266,128901900
2007-08-27,104.17493438720703,105.15323939643852,104.01897240552748,104.81296362603389,113024300
2007-08-28,101.88519287109375,103.67874569187651,101.70087899515852,103.6149459829578,219790700
2007-08-29,103.88429260253906,104.02608411060022,102.05530330089135,102.34594993120074,207654200
2007-08-30,103.60785675048828,104.34513393722473,103.01237112693944,103.11161873086425,191817300
2007-08-31,104.62870025634766,105.27381512021039,104.08992906978185,104.67123340039521,185477500
2007-09-04,105.68498229980469,106.32300106725596,104.49400023213738,104.52944812303525,120062000
2007-09-05,104.77045440673828,105.17454080694499,104.21041679034728,105.06111190683343,166261800
2007-09-06,105.0114974975586,105.35177339359453,104.29548700353783,104.8838872758103,127878400
2007-09-07,103.5511474609375,104.1324517330434,102.97691762255678,103.84179418840198,235447600
2007-09-10,103.3526382446289,104.01193434211643,102.31762915178405,103.87015360822795,192305900
2007-09-11,104.55779266357422,104.70665863552782,103.59366861080196,103.67164963040764,162081900
2007-09-12,104.82715606689453,105.23124241779891,104.19622276061979,104.41598446703838,149554600
2007-09-13,105.56448364257812,105.94729279588671,105.061149479064,105.30927393464601,154079000
2007-09-14,105.5573501586914,105.69204562585489,104.73501767320839,104.89097970706342,121911000
2007-09-17,104.99026489257812,105.38015929967973,104.65707413884537,105.13913091273494,109870800
2007-09-18,108.08113861083984,108.10949043893687,105.01153669900388,105.50777481954994,263759500
2007-09-19,108.71912384033203,109.44930488099519,108.25833376048004,108.75457172736135,193779900
2007-09-20,107.95348358154297,108.76873081176477,107.83296943203389,108.70493111211442,175186800
2007-09-21,108.24479675292969,109.06391141103434,108.08097599500685,108.77188593869118,141457500
2007-09-24,108.04545593261719,108.85033358311838,107.81040287888231,108.56541585048512,139450200
2007-09-25,107.8316650390625,108.02398296220476,107.17637119673327,107.41854288158524,142289900
2007-09-26,108.4014663696289,108.81458844055867,107.83164244874348,108.44420126171003,135547000
2007-09-27,109.04257202148438,109.04970175311408,108.4015265474242,108.91436727406968,102713300
2007-09-28,108.6793212890625,109.11381107490172,108.25195036681298,108.8716392909242,133372100
2007-10-01,109.90441131591797,110.22493399065782,108.62230974846732,108.69354183996116,148162300
2007-10-02,109.75483703613281,110.15371069597322,109.55540020621261,110.12522437819551,112978800
2007-10-03,109.53410339355469,109.98284198453014,108.98564632330681,109.5554708627917,119055900
2007-10-04,109.70498657226562,109.8759262210726,109.39870158733241,109.76908894056824,76864400
2007-10-05,111.00847625732422,111.18654567007675,110.13949665361233,110.4244033666186,134579700
2007-10-08,110.41725158691406,110.75202285257163,110.23918222724477,110.68079076130743,71280400
2007-10-09,111.4571762084961,111.47142480116915,110.42437604378107,110.83037942127477,94054300
2007-10-10,111.27201080322266,111.4287127492956,110.69506766926958,111.14379517984754,101711100
2007-10-11,110.7377700805664,112.19794094843532,110.07534643598592,111.77768901542586,233529100
2007-10-12,111.35037994384766,111.36462854176831,110.59536728148922,110.73070179049606,124546700
2007-10-15,110.4101333618164,111.37171235162698,109.64800207463048,111.30760998390423,161151900
2007-10-16,109.53410339355469,110.06119299456554,109.31329896577283,109.98284198453014,166525700
2007-10-17,109.8687973022461,110.46710775529203,108.60094430334293,110.38875680059616,216687300
2007-10-18,109.46990966796875,109.82604834949979,109.03542004176128,109.29895918817743,148367500
2007-10-19,106.6065673828125,111.4571752032758,106.59944852078605,109.04255502032964,297169900
2007-10-22,107.22624206542969,107.3829439732142,105.88716785594119,106.02962117161128,261989800
2007-10-23,108.09525299072266,108.23058748410746,107.0197176445239,107.88157838905663,180085100
2007-10-24,107.89581298828125,108.0810121290144,106.01540046868345,107.70350585235798,326694200
2007-10-25,108.1522216796875,108.47274440673743,106.75616375389444,108.01688720485703,237374500
2007-10-26,109.42009735107422,109.42009735107423,108.19497883138065,109.02122357601031,176484000
2007-10-29,109.78334045410156,110.00414475201171,109.37021817767594,109.64087625164997,106841000
2007-10-30,109.02116394042969,109.51263702604142,108.8858295118132,109.29895165814641,132981600
2007-10-31,110.15372467041016,110.59534416568044,108.86450397469578,109.67649999052377,220954400
2007-11-01,107.57527160644531,109.27049556037888,107.26186776267686,109.18501486849237,333040800
2007-11-02,107.69634246826172,108.26616657128243,106.278917374906,107.93139531832617,331228200
2007-11-05,106.87725830078125,107.66788688814387,106.10799717238838,106.58522187020274,226841000
2007-11-06,108.31607818603516,108.34456451272048,106.77042596809257,107.4542173619909,177800500
2007-11-07,105.35296630859375,107.64650069923125,105.09654597707863,107.15502749145294,306639700
2007-11-08,104.81877899169922,105.70199630003287,103.33012134843209,105.40997073080644,374509900
2007-11-09,103.37996673583984,105.08942856736903,103.20189734220166,103.77172157554249,277745100
2007-11-12,102.3542709350586,104.42700099475954,102.3542709350586,103.42981687763111,243087800
2007-11-13,105.47406005859375,105.6378808505961,103.4369458472636,103.54378313150583,191117400
2007-11-14,105.18203735351562,106.41427462237003,104.54811069131368,106.28606986458489,230558800
2007-11-15,103.66487121582031,105.05382115148335,102.93835593052711,104.3985271010363,263111100
2007-11-16,103.84293365478516,104.32728801438597,102.97396508947237,104.21332100406904,308770600
2007-11-19,102.39701080322266,103.53665916526487,101.99101827462125,103.47967566031353,267746000
2007-11-20,103.02381134033203,103.65773784475037,101.22175023669926,102.58220279321789,414767500
2007-11-21,100.91546630859375,102.50385288533204,100.90834744658068,101.91266128349771,259012400
2007-11-23,102.66055297851562,102.8101251575814,101.64199056712866,101.9055406158255,77688400
2007-11-26,100.3955078125,103.1947639376578,100.18895212712307,102.87423037948173,214232000
2007-11-27,101.54945373535156,102.01954883520263,100.39555627954302,100.95826184215576,293897900
2007-11-28,104.79735565185547,105.03952730929971,102.66764275394799,102.70325879027529,258596900
2007-11-29,104.83300018310547,105.21763613028465,104.06375002573198,104.43412651083997,199409900
2007-11-30,105.88717651367188,106.74902620846338,104.93984612769604,106.15783457502768,222908000
2007-12-03,105.18912506103516,105.73758172226512,104.91133729961834,105.55239350415091,146430400
2007-12-04,104.24893188476562,105.0894140900748,104.21331583724586,104.46261730139243,136533900
2007-12-05,105.9940414428711,106.27182930757967,105.29601234897427,105.36723359696659,171130000
2007-12-06,107.51116180419922,107.70347976202913,105.82306769794651,105.86580260668838,154457400
2007-12-07,107.48981475830078,107.9100559320399,107.23339438867302,107.85307242006778,148980100
2007-12-10,108.32315063476562,108.44423649116084,107.45417131852632,107.7533265287658,123914300
2007-12-11,105.35296630859375,108.90010517080965,105.29598280509128,108.36589705252747,250346400
2007-12-12,106.39288330078125,108.10235576730629,104.84724247934065,107.59663397631354,322435600
2007-12-13,106.17208862304688,106.4071415160186,104.9184840623571,105.64501019804308,237551300
2007-12-14,104.82587432861328,106.20057550221964,104.7760205571516,105.36720129508213,159152900
2007-12-17,103.33011627197266,104.61220725250122,103.18053319438107,104.42701898983442,177269400
2007-12-18,103.90704345703125,104.33440342885814,102.53947198389974,104.06374537391537,245569300
2007-12-19,103.90704345703125,104.6264398074596,103.23750087916135,103.94977836736476,198917200
2007-12-20,104.56239318847656,104.60512812159382,103.40849565182222,104.59087952105548,214813800
2007-12-21,106.06964874267578,106.27730070368243,105.32494248862201,105.52543780482681,146084400
2007-12-24,106.85733032226562,107.03634481898477,106.32028683210818,106.56375485154133,45601400
2007-12-26,107.08643341064453,107.17951348375053,106.33457062503079,106.44197491175835,67093100
2007-12-27,105.74027252197266,106.71411173746515,105.48965880381414,106.70695509163554,122981700
2007-12-28,105.47534942626953,106.4133836922409,105.188919660132,106.36325438584994,116398100
2007-12-31,104.69478607177734,105.6972623371746,104.58737087651717,105.33207689610242,108126800
2008-01-02,103.77825927734375,105.25334763089977,103.02640727345576,104.92395621136232,204935600
2008-01-03,103.72813415527344,104.17925406917313,103.16245329637184,103.7639392307881,125133300
2008-01-04,101.18611145019531,102.71131784171307,100.8996927417647,102.63970770151874,232330900
2008-01-07,101.1002426147461,101.8449382144885,100.31974192557259,101.54419513038988,234991000
2008-01-08,99.46759033203125,102.32465392427615,99.13104229629604,101.7374922174917,326365700
2008-01-09,100.51304626464844,100.81378927850281,98.6011729383177,99.59649300542269,301824900
2008-01-10,101.17176818847656,102.25302210049824,99.79693897974802,100.01891507591448,335701200
2008-01-11,100.35552215576172,101.60862362861872,99.53205984406965,100.80664218236711,267076600
2008-01-14,101.16464233398438,101.57995715772927,100.53450799089906,101.07871889671806,170365500
2008-01-15,98.9377212524414,101.31503878557174,98.74438255518642,100.0977315836179,239940100
2008-01-16,98.0855941772461,99.61795742895856,97.58435590354107,98.35769963704665,378802600
2008-01-17,95.54359436035156,98.73006055645126,95.1855654328056,98.67993126203046,397892600
2008-01-18,94.56257629394531,96.68211185267093,93.87516703383169,96.48161657462335,348561500
2008-01-22,93.60310363769531,94.82755671216408,90.22330896736332,91.08973850108241,435923700
2008-01-23,95.85151672363281,96.0878171560543,90.8247869025235,91.00380138834187,511913000
2008-01-24,96.66065979003906,96.99720787690902,95.4576768372286,96.29546326852939,259949300
2008-01-25,95.26434326171875,97.92807966510907,94.94928694699502,97.74906518061336,269603900
2008-01-28,96.83966064453125,97.04015595410415,94.56259116270347,95.42185833604087,217934600
2008-01-29,97.31940460205078,97.7060709524263,96.58186604535103,97.45545731320047,168968300
2008-01-30,96.60337829589844,99.20266116107422,96.38140208501166,97.08313579953241,334939200
2008-01-31,98.36489868164062,99.20268535585456,95.37893768600243,95.52214712219478,343680800
2008-02-01,99.94737243652344,99.9688533014589,98.4722947713411,98.77303780661519,206843600
2008-02-04,98.6871109008789,99.74687359667443,98.55821478958943,99.68243100411824,124694300
2008-02-05,96.0447998046875,97.5628382689005,95.71540853402598,97.34086218322832,286882500
2008-02-06,95.27147674560547,96.84680146027927,94.81320026631539,96.36704412462974,250792900
2008-02-07,95.90164947509766,96.51745983567882,94.32632394896733,94.37645325707659,297368100
2008-02-08,95.28584289550781,96.10930522150154,94.59126576439536,95.30015618859822,221643500
2008-02-11,95.77275848388672,96.11646326808781,94.54829448378933,95.30732514957646,188576300
2008-02-12,96.66065979003906,97.60585053579773,95.93743431876787,96.60337384693605,256654400
2008-02-13,97.64878845214844,98.14287003053704,96.76804050981482,97.39100723412716,181967800
2008-02-14,96.7895278930664,98.09991492917369,96.51742244287242,98.0641098552785,215207200
2008-02-15,96.76802062988281,96.8253065472492,95.8872728684892,96.3097442171233,154110300
2008-02-19,97.04017639160156,98.02117228620193,96.38856103516639,97.89944374590809,145190000
2008-02-20,97.32659149169922,97.77771147914251,95.77990375718801,95.94460494617077,220085700
2008-02-21,96.51742553710938,98.10707471868218,96.00187397595388,97.85646104573054,201051200
2008-02-22,97.1117935180664,97.27649474366284,95.13547714652215,96.64636013555632,205491000
2008-02-25,98.33622741699219,98.56536025102825,96.51027768519093,97.05447772643045,190107000
2008-02-26,99.07374572753906,99.4962171564383,97.74187794270146,97.92089237116794,212420700
2008-02-27,98.97352600097656,99.63229797240469,98.39352083733749,98.50092515424225,168395800
2008-02-28,98.00685119628906,98.78736269018185,97.77771832670936,98.27180007590559,170831100
2008-02-29,95.82286071777344,97.15471774605815,95.07815448185241,97.0974427366873,252715200
2008-03-03,95.5937271118164,95.8157033067343,94.69149811519571,95.33594583761389,189483500
2008-03-04,95.22853088378906,95.52210627829184,93.7964152818586,94.68431996230352,282513100
2008-03-05,95.83001708984375,96.50311317287431,94.76308702991498,95.53643076832192,270681400
2008-03-06,93.84654235839844,95.39322997434942,93.48135677942777,95.22137215274067,247911700
2008-03-07,92.87987518310547,94.3334718486185,92.07072625827773,92.9228369089943,326434600
2008-03-10,91.65538787841797,93.03737402920888,91.36180159183823,92.97293145688855,235683600
2008-03-11,94.94930267333984,95.03522614375254,92.33568421110563,93.6031100305871,341440600
2008-03-12,94.06136322021484,95.78706532717612,93.91815382995803,95.04952658748624,229161100
2008-03-13,94.26898956298828,94.97789060232876,92.08502237155272,92.80823669770345,351504200
2008-03-14,92.80824279785156,95.09962534801201,91.49785584115655,95.07098784633607,484687800
2008-03-17,91.87023162841797,92.55764110029264,90.27342009248221,90.6314490458851,405311100
2008-03-18,95.68682861328125,95.72979034265789,93.07321050570249,93.53148716268232,334416600
2008-03-19,93.31666564941406,96.417186571158,93.11615939633965,96.05200099563046,345971600
2008-03-20,95.04515075683594,95.64242247145894,93.01586534231429,93.58435777273787,245320700
2008-03-24,96.94489288330078,97.72925732260097,95.8798837831378,95.93025027084772,208977300
2008-03-25,97.03845977783203,97.54217963420683,96.26128729359546,97.04565185425547,192947200
2008-03-26,95.85111236572266,97.21116152502356,95.78635073439162,96.75781912543647,196934300
2008-03-27,95.54891204833984,96.74345599599005,95.24668002187535,96.57074727503601,225153200
2008-03-28,94.63494873046875,95.96621814017247,94.3111297060253,95.69996865033812,180896100
2008-03-31,94.96599578857422,95.5128900408128,94.33274172157353,94.47666010581854,166692100
2008-04-01,98.30494689941406,98.47045248232749,96.0741736468527,96.14613832478109,254547300
2008-04-02,98.36972045898438,99.06773619457775,97.85160545977548,98.62158588203047,210910800
2008-04-03,98.61439514160156,98.9022429439291,97.65733276714144,97.83723352599455,175884800
2008-04-04,98.50643157958984,99.27641188306542,97.9523343225268,98.67193715705672,204446800
2008-04-07,98.55680847167969,99.71536946770247,98.39849497058829,99.2116387022656,154245500
2008-04-08,98.45606994628906,98.52802364512975,97.83000798279154,98.00271662449231,148937300
2008-04-09,97.74364471435547,98.44166027358975,97.06721635961158,98.30493399163937,195610600
2008-04-10,97.88040161132812,98.34813916194136,97.0744387972861,97.44863542593882,192967800
2008-04-11,95.98063659667969,97.23273859288255,95.71437606186556,96.7793962405847,222973300
2008-04-14,95.65679931640625,96.09575748372973,95.38335770645912,95.84390308035033,160522000
2008-04-15,95.87987518310547,96.20369422732227,95.22503403973961,96.12453748493446,172389200
2008-04-16,98.47764587402344,98.5208202844362,96.80097006130285,96.81535421126235,189268900
2008-04-17,98.62156677246094,98.76548513762805,97.62131931118856,97.88037676059632,179665700
2008-04-18,99.65059661865234,100.42776899108357,99.49228311795704,99.98161875108829,218530600
2008-04-21,99.70098876953125,100.0104127608323,99.19726891144269,99.4707105599654,118587400
2008-04-22,99.26201629638672,99.52826583025525,98.51362320295998,99.44191700419363,162166000
2008-04-23,99.10369873046875,99.86647594344278,98.67193265733343,99.36994825341736,193309000
2008-04-24,99.53543090820312,100.55726522103348,98.6143295338315,99.36272234170902,229381300
2008-04-25,100.45653533935547,100.66521527863122,99.24040509181927,100.3126060237003,190788100
2008-04-28,100.4781265258789,100.92427667736301,100.29822585443976,100.65802719731806,105610200
2008-04-29,100.08238220214844,100.55011973968483,99.74416792844556,100.30545736559718,125514100
2008-04-30,99.49230194091797,101.16897816620687,99.49230194091797,100.23349211609562,208395900
2008-05-01,101.55038452148438,101.55038452148436,99.499522303665,99.5786790827559,187279500
2008-05-02,101.83096313476562,102.4498218291906,101.14734283959335,102.4282346289415,181585500
2008-05-05,101.3416748046875,101.90296417209363,101.03944291302794,101.49998831654754,118504500
2008-05-06,102.21957397460938,102.32750999620761,100.52131102644135,100.75878125422416,179339800
2008-05-07,100.39900207519531,102.21239352061868,100.11835737671771,102.10445747515388,199267300
2008-05-08,100.13995361328125,100.97469570769022,100.01041936677704,100.55732466048573,178321200
2008-05-09,99.95281982421875,100.30542913252157,99.6290007755108,99.73694777859133,152588200
2008-05-12,101.07540893554688,101.14736262369625,99.83048824960161,100.20468476088536,147865900
2008-05-13,101.0898208618164,101.38486071101822,100.5501186411998,101.32009907980898,159132200
2008-05-14,101.2984848022461,102.32751149073421,101.07540970084051,101.5143678288623,181910800
2008-05-15,102.56501007080078,102.63697475965273,101.34168722220677,101.49279769641802,166927000
2008-05-16,102.65855407714844,102.80966453974128,101.90296882337714,102.80247246351702,204236800
2008-05-19,102.939208984375,103.83871271373818,102.39950674675711,102.76650031544003,165664400
2008-05-20,102.10443878173828,102.42825783911658,101.46399274193956,102.37789135387722,178552100
2008-05-21,100.37740325927734,102.2699512459591,100.02479391775,102.04687612428036,252724800
2008-05-22,100.39179229736328,100.8667328261491,100.02479878708426,100.33422275021333,170820400
2008-05-23,99.0461196899414,100.49972028447473,98.95977087570235,100.06076217831564,181376400
2008-05-27,99.78012084960938,100.02478315155061,98.96696622109489,99.16126203982077,168322900
2008-05-28,100.24068450927734,100.7444043348981,99.30519855868528,100.14713262013754,181288100
2008-05-29,100.74444580078125,101.41367149164103,100.08241218886604,100.11839454413526,173927200
2008-05-30,100.99629211425781,101.27693686358731,100.7012522295016,101.08264096627578,117362000
2008-06-02,99.95281982421875,100.64364331102695,99.30518172680284,100.62205610646421,181069900
2008-06-03,99.3699722290039,100.47096390284771,98.75111323100339,100.24069666048032,271965700
2008-06-04,99.3196029663086,100.13994989615077,98.91662706817837,99.08932475008007,246637700
2008-06-05,101.30570220947266,101.38485897301692,99.53548510514746,99.72257791885683,237867100
2008-06-06,98.07463073730469,100.60044281893923,98.02426426647254,100.4205421740485,384276300
2008-06-09,98.31212615966797,98.94538010603195,97.44141296368429,98.48483477602181,228263900
2008-06-10,97.82281494140625,98.65755689765118,97.39825188755124,97.62851909394429,260234900
2008-06-11,96.38362121582031,98.0530943558996,96.37641815892265,97.84441433099082,283890100
2008-06-12,96.75062561035156,97.7724605997856,96.08140006005632,96.85857265348592,252791800
2008-06-13,97.97391510009766,98.24017559798386,96.72900535252681,97.26870744300902,244726900
2008-06-16,98.03150939941406,98.53522928169615,97.47742301903872,97.54218465098859,185832500
2008-06-17,97.5566177368164,98.67199398853968,97.41268830279802,98.63602261030927,191707700
2008-06-18,96.60670471191406,97.52060361494947,96.21812391534164,96.92333179518747,265893000
2008-06-19,96.72901916503906,97.31909880542217,96.0669858238106,96.53472331024601,304204900
2008-06-20,95.15896606445312,96.25099763485852,94.89861277833893,96.07019704825677,289275700
2008-06-23,95.06494140625,95.62903832501982,94.97093260991603,95.52779044306604,165096400
2008-06-24,94.87689971923828,95.78090248196416,94.15369750905757,94.77565185122057,267300600
2008-06-25,95.32527160644531,96.47516035214005,94.91305212797631,95.26018606276949,287853900
2008-06-26,92.7362060546875,95.04322261538191,92.62773014924588,94.42850742589812,297775000
2008-06-27,92.22996520996094,93.19182535095916,91.8755977171279,92.77236679836822,303423400
2008-06-30,92.55542755126953,93.22800587296474,92.06364979435693,92.49033647879818,258842600
2008-07-01,92.84468841552734,92.90977395558181,91.07283997359173,91.49952656086644,388622000
2008-07-02,91.2536392211914,93.40878386022976,91.08730031405463,93.14119158510057,288064600
2008-07-03,91.34764862060547,91.92621246416412,90.39302214104929,91.92621246416412,239352500
2008-07-07,90.41472625732422,92.09255494838939,89.61920503198712,91.69479709451798,372427300
2008-07-08,92.0202407836914,92.12872221060935,89.8217055673597,90.39303593270594,375973700
2008-07-09,90.24839782714844,92.38184198309528,89.95911586085192,92.20827501035522,336729400
2008-07-10,90.61724090576172,90.97160845071836,89.37333219723378,89.9880529843286,436475700
2008-07-11,89.56135559082031,91.05115583804387,88.58503374841705,89.65537540576237,481124600
2008-07-14,88.75139617919922,90.76189789517738,88.5199716403297,90.58833087042431,322720800
2008-07-15,87.500244140625,89.30824987840398,86.79873703155145,88.08604175163042,502502500
2008-07-16,89.64813232421875,90.08928604992495,87.57977386134539,87.83289349471923,371642900
2008-07-17,90.54489135742188,91.31148925617725,89.74213666795887,90.5015010015353,375490600
2008-07-18,91.1090316772461,91.42723694948936,90.5087724209935,91.24643636755273,267030100
2008-07-21,91.1596450805664,91.70204676366951,90.53769070920056,91.49231745075821,222863000
2008-07-22,92.1938247680664,92.42524926613342,90.29179932940778,90.50876221029353,296904200
2008-07-23,92.69281768798828,93.40155270090486,92.2444358889252,92.49032197001212,311698400
2008-07-24,90.76910400390625,92.86639135657695,90.51598435321719,92.81576190884458,248634500
2008-07-25,90.74742889404297,91.47785925936383,90.52323242447699,91.04393897397813,219131000
2008-07-28,89.41674041748047,91.16688882537086,89.25763501356386,90.76913083317551,205201300
2008-07-29,91.3259506225586,91.39826972137229,89.41669772239032,89.66258927946919,261505600
2008-07-30,92.95317840576172,93.00380785693747,91.32597344661367,91.92623260021107,354710000
2008-07-31,91.7237548828125,92.98213093773305,91.57911110303058,92.13597999939792,277402100
2008-08-01,91.23919677734375,92.04917975071479,90.73295190139169,91.93347026205971,248690900
2008-08-04,90.39300537109375,91.22468867281553,90.22667202130502,91.15236958518597,188239600
2008-08-05,92.8302230834961,92.97486129815066,90.37856837721992,91.13792728054773,251577600
2008-08-06,93.24246978759766,93.51006214983296,92.19383414860418,92.58436406337701,209555400
2008-08-07,91.85393524169922,92.88811485919375,91.5140292424561,92.5409752912699,246312500
2008-08-08,93.5606918334961,93.96568341566042,91.39831818215949,91.54296197407281,260811700
2008-08-11,94.5297622680664,95.10831518675943,93.45941509106729,93.63298758778893,249425800
2008-08-12,93.54622650146484,94.52254303317518,93.09783354957008,94.21879937651917,213200800
2008-08-13,92.98210906982422,93.76315770897625,92.33122049027826,93.14120339617781,256393200
2008-08-14,93.6836166381836,94.2187902874411,92.38908943813516,92.45417499359881,239555300
2008-08-15,94.13924407958984,94.37790216791561,93.51006159639839,93.96567155120977,181000800
2008-08-18,92.85193634033203,94.36342639282745,92.32400178822986,94.32726407332663,172275100
2008-08-19,91.83943176269531,92.34567653569238,91.50675946377419,92.15040888175545,194673700
2008-08-20,92.26612091064453,92.53370214382225,91.36934637607723,92.12871075246534,225498200
2008-08-21,92.42524719238281,92.88809617813186,91.557401205907,91.66588264391586,180609800
2008-08-22,93.76319885253906,93.76319885253906,92.42528086090408,93.05446349888183,167715300
2008-08-25,91.86113739013672,93.76315711472233,91.66587523158624,93.14844189010145,171936900
2008-08-26,92.12874603271484,92.47588558509464,91.54295390051968,91.86115917947217,159117200
2008-08-27,93.02550506591797,93.17014330284272,92.06364478934272,92.24444534429618,171032800
2008-08-28,94.15367889404297,94.26215479004745,93.37261933724739,93.49556236444839,167537100
2008-08-29,93.14117431640625,94.11750136330966,92.93867865315288,93.8209859152651,189195800
2008-09-02,92.5626220703125,94.52973790296902,92.22271624883703,94.03795480660987,252364900
2008-09-03,92.48307037353516,92.93145760277713,91.79603067611619,92.48307037353516,251947000
2008-09-04,89.6987533569336,92.01300333012965,89.64812943189212,91.82496924386385,340042500
2008-09-05,89.98080444335938,90.36410067561278,88.23065667613729,89.16358805228315,289503400
2008-09-08,91.83943176269531,92.74343989179049,89.98080261415276,92.59879064579981,364075300
2008-09-09,89.11296844482422,92.10702485868948,88.80922487068587,91.9189907576348,377326800
2008-09-10,89.47457122802734,90.32794998904272,88.62842603346651,89.59751426978174,298916600
2008-09-11,90.76910400390625,90.93543740967569,87.94138092988035,88.31744914027087,375369400
2008-09-12,91.18855285644531,91.27533909736398,89.55412003443439,89.88679234823115,297851200
2008-09-15,86.84938049316406,90.87038990977608,86.70474220866879,87.96311294008775,483607000
2008-09-16,88.3029556274414,88.46206093679854,84.61462684293464,84.75926502366316,581744300
2008-09-17,84.33260345458984,88.1221811892198,83.89144970010415,86.52390509411364,624095600
2008-09-18,86.83489227294922,88.07880100192988,82.30041668007642,85.37402618368286,776114700
2008-09-19,90.28343963623047,93.10570429999231,89.70880220156006,92.16009727088255,501087800
2008-09-22,88.2394790649414,90.74169676769257,87.54846235145342,90.52347804262652,249966500
2008-09-23,86.2319107055664,88.75594419195924,86.03551269870336,87.90490096097662,327470400
2008-09-24,86.50825500488281,87.2865599423879,85.67903312939252,86.81375663279397,311818400
2008-09-25,87.8612060546875,88.67588269475209,86.15184519204996,86.85013707659222,328253000
2008-09-26,87.90487670898438,88.37768022337808,86.202790716606,86.43555475529533,285917400
2008-09-29,81.0165023803711,86.80651226255522,80.71827607960356,86.66103683040501,459562300
2008-09-30,84.3697509765625,84.95893915881042,80.39821229587159,82.56583145066374,328154400
2008-10-01,84.420654296875,84.87891231459041,82.88586508577963,83.84601707830812,332783000
2008-10-02,81.35836791992188,83.72965497255903,80.78373058403116,83.61327019841492,365337800
2008-10-03,80.260009765625,83.97696383940657,79.77993644870413,82.09303110176653,461798000
2008-10-06,76.17208862304688,78.28151538642766,73.20434361316762,77.93964206500851,610637500
2008-10-07,72.7606430053711,78.0705792491872,72.48423747866535,77.7141550245159,540012100
2008-10-08,70.92762756347656,74.3245292514317,70.41845247489456,70.93489745008316,725414800
2008-10-09,65.97410583496094,73.18980081228896,65.64678337313461,72.49150882406975,534485200
2008-10-10,64.37384033203125,68.33083297122838,60.795092574273376,63.10818672004961,871026300
2008-10-13,73.72080993652344,73.72080993652344,65.42858143708256,68.27994805533932,455584000
2008-10-14,72.62973022460938,76.76129653552461,70.63668757360558,76.15756283500724,546268300
2008-10-15,65.47949981689453,71.13858610005965,65.25401119394266,70.89127116400309,484627500
2008-10-16,68.20722198486328,68.93461053585676,62.948205868919615,66.40330148613863,708811200
2008-10-17,67.7998275756836,71.71317260006042,66.66510419267733,66.91241342249995,476649000
2008-10-20,71.8731689453125,72.08411202102336,68.43989849151546,69.3564084464423,321294200
2008-10-21,69.72744750976562,71.74958623004957,69.26191941083117,70.53484902031536,356502000
2008-10-22,65.93048858642578,69.72745717888145,63.66831006562607,67.79260124038304,516168000
2008-10-23,66.69425964355469,67.2470709601318,62.41721130766578,65.67591453741284,634666400
2008-10-24,63.31187057495117,65.40674662557959,61.100609746744254,61.144251263570375,545812600
2008-10-27,61.06422805786133,65.10850962003377,60.8823810349975,62.53355511033827,397288600
2008-10-28,68.19993591308594,68.54907922698172,61.48613873861686,63.530098306083296,639939500
2008-10-29,67.70530700683594,70.68032260918126,66.99246400249919,68.20720118025001,531270100
2008-10-30,70.04749298095703,70.22206461278559,67.57437174033524,69.66924797087434,414582100
2008-10-31,70.43301391601562,71.69866806695268,68.72365243609771,69.1600843278485,411394000
2008-11-03,70.63667297363281,71.05855948796521,69.79289994496801,70.39663352069901,205419400
2008-11-04,73.03704833984375,73.36437079440859,70.34570879857777,72.05506987708662,346793400
2008-11-05,69.96746063232422,73.25525228587605,69.10186704818662,72.15689473997841,387844100
2008-11-06,66.09051513671875,69.4219555759458,65.5086021557981,68.70911245179468,477721900
2008-11-07,68.2726821899414,68.3745161317068,65.82865648850495,66.66515433832085,380391000
2008-11-10,67.37798309326172,69.48741048800227,66.13414963952769,69.25464643027777,301773000
2008-11-11,65.29761505126953,67.02152652285046,64.48294408372796,66.01773313090257,418498200
2008-11-12,62.42445755004883,64.70118070750118,61.91528800989392,64.17746584456974,454330600
2008-11-13,66.31597137451172,66.72331248191627,59.711286131534024,62.649934705055344,753141900
2008-11-14,63.006385803222656,66.96337496305809,62.933642522906474,65.03580012440838,540352300
2008-11-17,62.169891357421875,64.41751899141984,61.94440271504929,62.83181195741671,415254900
2008-11-18,63.34093475341797,63.44276860756102,60.307728777452525,61.937075993270135,523811800
2008-11-19,59.28213119506836,63.18820735875859,58.86024475774365,62.48991543639229,558327600
2008-11-20,54.88142395019531,60.01678715078442,54.59047318149603,58.285600109560676,814180400
2008-11-21,57.84192657470703,58.84572617825414,54.074054216087376,56.34350815722279,718536500
2008-11-24,61.8498420715332,63.2755228380311,58.45293917408257,59.58766343629782,523305300
2008-11-25,62.308067321777344,63.653734197130404,60.96967033176352,63.50098336204468,454112400
2008-11-26,64.7157211303711,64.87574740273278,61.275172923187256,61.318819983532826,370134200
2008-11-28,65.53040313720703,65.559499332422,64.35931318961188,64.4684169847533,118308100
2008-12-01,59.72587203979492,63.68286737893076,59.544024909129256,63.65377117208017,369927100
2008-12-02,62.024391174316406,62.184417470891,59.67493032779081,60.71509570599394,469508400
2008-12-03,63.515525817871094,63.886495286081434,60.47504347442191,60.66416592579804,519863500
2008-12-04,62.04621505737305,64.04653258730612,60.91148570307505,62.5990260881646,444173800
2008-12-05,63.959259033203125,64.31567777749724,59.8204174684768,60.84603772492652,471905300
2008-12-08,66.19237518310547,67.19616964409335,64.06840139922845,65.71229595206627,412859300
2008-12-09,65.10123443603516,67.01426312610099,64.72299506881485,65.73406407587014,370790000
2008-12-10,65.54496765136719,66.45420313032908,64.73756610208639,65.69771854588883,396187400
2008-12-11,63.96653747558594,66.19234419690605,63.55192631083939,65.13035780210845,365061000
2008-12-12,64.73028564453125,64.78847804255989,61.97348322016576,62.22807357415789,415060400
2008-12-15,63.828330993652344,64.84667584590781,62.766344614003906,64.75211180384574,256694200
2008-12-16,66.8323974609375,66.93423132176649,64.14106448269257,66.8323974609375,377699500
2008-12-17,66.18505859375,67.2324995015112,65.50858726574293,66.07594924093618,281819800
2008-12-18,64.94849395751953,66.67967590003924,64.16291335858186,66.48328352507065,374673300
2008-12-19,64.66910552978516,66.45100758015907,64.59577176084494,65.33639918940855,301451300
2008-12-22,63.84049606323242,65.02109841229377,62.6892261097817,64.95510471810665,243759500
2008-12-23,63.1805305480957,64.47845675775373,62.91654460806664,64.18513842499011,221625200
2008-12-24,63.547210693359375,63.70120164076838,63.063234349001206,63.393214151365534,62061600
2008-12-26,63.91383743286133,64.0164980323879,63.4298612397363,63.97249663646003,74767700
2008-12-29,63.730499267578125,64.03848099431258,62.769881603837206,63.972481713108465,127795900
2008-12-30,65.24107360839844,65.29973838615535,63.7084884583404,64.17046658994973,168256300
2008-12-31,66.17237854003906,66.70768505171955,65.16777041017858,65.32176131487434,193987200
2009-01-02,68.16692352294922,68.51890666026743,65.88638161406304,66.31902743712956,227566300
2009-01-05,68.08627319335938,68.68024449571519,67.38231238555174,67.92494779258578,240349700
2009-01-06,68.54088592529297,69.2595098098688,67.96158388266024,68.66554437135072,328260900
2009-01-07,66.4876708984375,67.6536096062677,66.14302231439599,67.46295187145257,280899200
2009-01-08,66.75898742675781,66.79564871563502,65.75437412256248,66.11369167779334,263834400
2009-01-09,65.32907104492188,66.96431690555694,62.59389127280175,66.84699293409227,330953600
2009-01-12,63.759830474853516,65.19708982151153,63.36385713857057,65.1457539355903,277858500
2009-01-13,63.87714385986328,64.44177692146516,63.20984464702576,63.598494576740116,356432300
2009-01-14,61.86794662475586,62.879889182980214,60.98066256244509,62.72589828898409,435491600
2009-01-15,61.889949798583984,62.513247925848795,59.92472371625197,61.68462858909283,532647300
2009-01-16,62.373897552490234,63.05586023087921,60.899982727086076,62.960534159876076,399237200
2009-01-20,59.081390380859375,62.37387291286109,58.700080652894755,61.76524424675866,419855200
2009-01-21,61.633270263671875,61.77259210986149,59.00808034830733,60.086021802607235,364360700
2009-01-22,60.680023193359375,61.6259722625274,59.521418386665125,60.43803505121738,427940300
2009-01-23,60.94399642944336,61.58929241159192,59.081431087247935,59.32341917852226,386800600
2009-01-26,61.361976623535156,62.59390945190241,60.72400951068279,61.295977324820576,317978800
2009-01-27,61.98529052734375,62.43993445174483,61.08334277364789,61.691972046910294,273789700
2009-01-28,64.08250427246094,64.49314675091142,63.114557291410385,63.35654543531907,330007000
2009-01-29,61.99994659423828,64.15582494731747,61.941281791473045,63.143882275242895,294392500
2009-01-30,60.73866653442383,62.623229506858465,60.28402281545008,62.31524775912568,383383600
2009-02-02,60.555381774902344,60.99535677925138,59.6240958476876,59.81475373425361,288233300
2009-02-03,61.405941009521484,61.86058458551361,60.2913383515342,60.93663403830785,278385800
2009-02-04,61.10532760620117,62.60124650121064,60.8926718932525,61.81662295081966,322989300
2009-02-05,62.014583587646484,62.54255539852062,56.99886257350446,60.643323778547334,417679400
2009-02-06,63.781822204589844,64.04580251523755,62.0952462094702,62.227239162084615,366101700
2009-02-09,63.86979675292969,64.33910366056402,63.297829308911574,63.76713621654591,240075200
2009-02-10,60.94399642944336,63.81850434253646,60.460020246894715,63.26119996115458,536212800
2009-02-11,61.30329513549805,61.63328035007587,60.423345752453976,61.1933000639721,324442500
2009-02-12,61.34730911254883,61.46463311023095,59.43341349674339,60.25469826426684,469302200
2009-02-13,60.68733215332031,61.772602694454555,60.67266315989371,61.26663431287218,293998400
2009-02-17,58.09146499633789,60.83397890244432,58.05479811315007,58.7807621192866,478910100
2009-02-18,57.95214080810547,58.61944007644696,57.40217109688911,58.50944501528745,362964800
2009-02-19,57.32884979248047,58.77343796889182,57.21152022129207,58.54611332335976,316867500
2009-02-20,56.77152633666992,57.446154359315855,55.56159211686321,56.26555811697548,477176600
2009-02-23,54.740325927734375,57.39484312158808,54.69632454152282,57.39484312158808,379641400
2009-02-24,56.815547943115234,57.16019097696922,54.776988565832504,55.20963437426765,426260900
2009-02-25,56.36824417114258,57.50484515085064,55.4589566738771,56.56623085200597,461985800
2009-02-26,55.45161056518555,58.42144342414856,55.38561129565439,57.06485269144342,363353900
2009-02-27,54.212345123291016,55.502942212878416,54.124347959939286,54.271009898858836,470510900
2009-03-02,51.770503997802734,54.205037442397696,51.60184967783977,53.17842574042986,426452600
2009-03-03,51.381832122802734,52.57709750885265,51.066515959116096,52.51110383473673,443761000
2009-03-04,52.599117279052734,53.43507097747634,51.38184803019374,52.232470723793874,462753100
2009-03-05,50.450557708740234,52.59910629778162,49.988579565029845,51.40383519664525,485549400
2009-03-06,50.53854751586914,51.66048480636603,49.2039546038051,50.89053058474124,490470000
2009-03-09,49.9445915222168,51.330514979085535,49.66594216923705,49.827261945436604,379905300
2009-03-10,52.92177200317383,53.06843400851992,50.86855427957962,50.97121488603016,406227900
2009-03-11,53.266395568847656,54.08035113175305,52.67243011278511,53.530381459226746,356648300
2009-03-12,55.36362075805664,55.54694400559987,52.77509739787922,53.251738960407934,409702700
2009-03-13,55.79628372192383,56.44891989670435,54.799009995055265,55.73762451063778,337474700
2009-03-16,55.62761688232422,57.17486582286919,55.59094998825948,56.43423820050543,360644900
2009-03-17,57.32884979248047,57.46084276277648,55.32695734208799,55.78160103857021,356814300
2009-03-18,58.61211013793945,59.32340524821991,56.514891695196056,57.057526952640075,473273200
2009-03-19,57.88615798950195,59.396739956145,57.70283471803237,59.345409663916804,428520400
2009-03-20,56.653541564941406,58.2783369276027,56.520603813765725,58.16755452918516,371078200
2009-03-23,60.72289276123047,60.774590449129064,57.83519232891155,58.1527654501816,419933300
2009-03-24,59.52647018432617,60.82630537874384,59.46000412445565,59.99913650327314,330271000
2009-03-25,60.15423583984375,61.07741322004164,58.38912113967558,59.99176135401608,441775100
2009-03-26,61.38018798828125,61.52051268429979,60.0581979523363,60.74504181157865,422025200
2009-03-27,60.27235794067383,60.95181460687562,60.050793289483906,60.59731792651953,322332300
2009-03-30,58.189701080322266,58.987327466729475,57.57671011847454,58.935629773237864,324108500
2009-03-31,58.72880935668945,59.8809377665037,58.38169963349966,58.75835168869738,364238300
2009-04-01,59.86618423461914,60.13205967889488,57.849968689257956,57.99767476513309,377018300
2009-04-02,61.61652755737305,62.488006894009956,59.917879578201386,61.358039117401376,476230700
2009-04-03,62.22950744628906,62.24427579683562,61.05522354867145,61.66082734431956,284646300
2009-04-06,61.7420768737793,62.24428538912219,60.77458917708758,61.55005447933562,264866600
2009-04-07,60.30193328857422,61.04047501743703,60.198537897303524,60.74505719896666,258947800
2009-04-08,60.95183563232422,61.25464038442862,60.22068104658139,60.60472018854603,230402800
2009-04-09,63.374267578125,63.3816545735318,62.28122891223415,62.53233040979975,269653500
2009-04-13,63.38899230957031,63.913355883440765,62.46581581304723,62.71691711548287,224847500
2009-04-14,62.295989990234375,63.33733647049434,62.09658621456007,62.79819856131791,276598800
2009-04-15,62.960662841796875,63.08621354442079,61.74945523320558,61.91931662272629,250726100
2009-04-16,63.883846282958984,64.36389943397559,62.606166878064776,63.46287781029443,335202900
2009-04-17,64.31221008300781,64.73317861022382,63.617979108971475,64.12757466520034,262649000
2009-04-20,61.61652755737305,64.29005024917028,61.55005588159439,63.174850825720625,293690100
2009-04-21,62.820343017578125,62.87204070116851,61.114313824470464,61.16601150806085,114090900
2009-04-22,62.43629837036133,63.76566967434622,62.08918296780087,62.25166299747806,340395200
2009-04-23,63.049293518066406,63.08621721442026,61.76422717705658,62.56185339534721,324903700
2009-04-24,64.00202941894531,64.48207703868846,63.28564303491151,63.53674452003092,287703000
2009-04-27,63.39640808105469,64.2605060332119,63.17484898238315,63.27824435535492,289581600
2009-04-28,63.196990966796875,63.950300758405184,62.59877420185428,62.753867228519994,247926300
2009-04-29,64.54113006591797,65.25751609849317,63.73612267483763,63.89859704363821,311505700
2009-04-30,64.56330871582031,65.7449742110527,64.1940378963961,65.3978643738794,301419800
2009-05-01,64.91041564941406,65.1467487173737,64.04632339793274,64.57807420949811,236110300
2009-05-04,67.11864471435547,67.1629610327459,65.27229109576997,65.39784742414808,287120000
2009-05-05,66.88971710205078,67.15559254716639,66.3505792176148,66.88971710205078,243036300
2009-05-06,68.04920959472656,68.09352027919545,66.91924206377664,67.70948119967538,291941000
2009-05-07,67.1038818359375,68.79514256461319,66.67552640919006,68.69174720431201,317728000
2009-05-08,68.66957092285156,68.84681925294882,67.53221667170035,67.9679533237359,299081700
2009-05-11,67.38455200195312,68.0270853940125,67.23684589635698,67.72428055252564,247923600
2009-05-12,67.18511962890625,67.82026575523446,66.35795113924932,67.67255407781839,282431300
2009-05-13,65.49388122558594,66.47614308455239,65.36094348802186,66.27673366089313,269619100
2009-05-14,66.05516815185547,66.55737670815695,65.36093718544956,65.52341725287441,260098700
2009-05-15,65.51599884033203,66.46871780502549,65.10241751040235,66.0034388088546,271502700
2009-05-18,67.37713623046875,67.45837060282038,65.41261334851417,66.13638641939845,241447400
2009-05-19,67.2959213256836,67.92368063996379,67.06696956852186,67.34023202433544,206102200
2009-05-20,66.84542846679688,68.53669008181022,66.77157540425259,67.90892496361506,285722200
2009-05-21,65.88528442382812,66.32102682484486,65.18367227520072,66.06991979290105,258988400
2009-05-22,65.74496459960938,66.46873777910562,65.4938631837304,66.06992467627602,166811900
2009-05-26,67.42886352539062,67.62088032202593,65.22800664758779,65.25754899352238,236318500
2009-05-27,66.22502899169922,67.76119698966055,66.12163361055045,67.53225087920622,246015800
2009-05-28,67.14818572998047,67.45837177950268,65.80404054742694,66.80845734698606,289095000
2009-05-29,68.33724975585938,69.20134203014787,66.97094899457309,67.51746817216261,258641500
2009-06-01,69.99158477783203,70.28700254401873,69.0019417409256,69.17919014678753,276246800
2009-06-02,70.05068969726562,70.4347345946554,69.59279738027449,69.71834813592517,230874500
2009-06-03,69.16442108154297,69.51891788961488,68.50711951672719,69.45245185108584,235310500
2009-06-04,69.8143310546875,69.91772641978415,68.90592811353491,69.42290493901811,210102300
2009-06-05,69.8291244506836,70.65628760137574,69.27521814029095,70.52334986149644,284257900
2009-06-08,69.54107666015625,70.23530190165931,68.71390807657018,69.3047379494531,238565100
2009-06-09,69.89557647705078,70.26484727654265,69.43767865721578,69.93250581085006,225125500
2009-06-10,69.71834564208984,70.52335348324796,68.82471075825194,70.51597212232798,296100400
2009-06-11,70.02852630615234,70.98124580982999,69.83650387949898,69.85127786942489,275414200
2009-06-12,70.22054290771484,70.2648536045644,69.42291655666848,69.71833434979222,184361800
2009-06-15,68.61050415039062,69.43766699618244,68.24123341291234,69.39335631076482,224190500
2009-06-16,67.67994689941406,68.89854157858481,67.63563620968507,68.85423088885582,227319000
2009-06-17,67.61347198486328,68.18953341418296,67.08172123945309,67.65039567657982,223445200
2009-06-18,68.10831451416016,68.44065601573901,67.39192818425046,67.71688832597259,211725100
2009-06-19,68.35935974121094,68.84954776575837,67.97314549985354,68.76042576117976,215655600
2009-06-22,66.3094711303711,67.72805686539817,66.28719062838935,67.69091891779176,251913600
2009-06-23,66.3614730834961,66.75511046824414,65.99011620483472,66.45060077429908,188309800
2009-06-24,66.93331909179688,67.646323120764,66.54710503457365,66.96302830131039,211577700
2009-06-25,68.38906860351562,68.45591010659639,66.52485590937835,66.59912613495308,279411000
2009-06-26,68.21078491210938,68.507871357386,67.7874385691873,68.15879520916991,167579000
2009-06-29,68.84954071044922,68.93866837234955,68.03255697562,68.41134245562839,168481300
2009-06-30,68.29251098632812,69.11692350827671,67.7874655284358,68.864403612558,228888200
2009-07-01,68.57474517822266,69.24318852354055,68.48561751002866,68.58216823406435,173041100
2009-07-02,66.70308685302734,68.59700823884984,66.66595458389466,67.68346828809403,212309900
2009-07-06,66.6956558227539,66.7922065106962,65.84896312402071,66.05692193894427,174499600
2009-07-07,65.40335845947266,66.71053599520592,65.35879745629083,66.62883704506913,197088900
2009-07-08,65.35879516601562,65.9529682977432,64.61608158458363,65.79699345916214,248050500
2009-07-09,65.48503875732422,66.02722202957715,65.29193735423448,65.81183446478919,163777600
2009-07-10,65.32907104492188,65.72270824668169,64.8760154102483,65.13596397117897,173520300
2009-07-13,66.9184799194336,66.97046963365992,65.05426759539768,65.58902217969913,217413500
2009-07-14,67.29730987548828,67.35672835003665,66.64372365482907,67.12648317777612,181487400
2009-07-15,69.26544952392578,69.45112786388214,67.34924769562741,68.18851175230698,220877900
2009-07-16,69.15404510498047,70.19384499793533,68.9386575390756,69.07234617769056,231174500
2009-07-17,69.9115982055664,70.05271554041461,69.4734000952837,69.85960850322012,138561700
2009-07-20,70.65433502197266,70.77317190490983,69.95618816730736,70.32011620500715,164179400
2009-07-21,70.98111724853516,71.22621402301587,70.12699573126967,71.20393352832733,217718300
2009-07-22,70.96626281738281,71.3970322536253,70.47606928677332,70.52805899458464,196068100
2009-07-23,72.53340148925781,72.84533979225301,70.95141814351008,71.01083658211513,258795500
2009-07-24,72.8304672241211,72.88988565038626,71.81295358998184,72.19173330790304,154003100
2009-07-27,73.04586029052734,73.08299822636333,72.29571818497726,72.69678409290145,159259400
2009-07-28,72.70423889160156,73.06074393755992,72.08778520091079,72.5334179249726,186685200
2009-07-29,72.52596282958984,72.85275286422919,72.0283462239829,72.36999369946469,194399300
2009-07-30,73.28353118896484,74.14508146897955,73.23154147665042,73.40236805508563,225575400
2009-07-31,73.38750457763672,73.87769811038716,73.0681376092714,73.26867338774319,207358000
2009-08-03,74.59814453125,74.66498602525698,73.75887466346758,74.15994062687211,175776900
2009-08-04,74.79125213623047,74.89523157979983,74.10795703093046,74.2639261962845,176714600
2009-08-05,74.57586669921875,74.91008551410988,73.95941312233077,74.843238351259,184726400
2009-08-06,74.18968200683594,75.02894657197683,73.84060560960049,74.91754403367334,193203800
2009-08-07,75.16259765625,75.77905116971621,74.56100158475739,74.96949624222388,220640900
2009-08-10,75.00662994384766,75.17745653107694,74.47187535168253,74.82095158081553,130898700
2009-08-11,74.07078552246094,74.7243710596537,73.8702497971785,74.67238136540486,157301000
2009-08-12,74.8655014038086,75.42995942063224,73.90740058606619,73.94453285044915,219052400
2009-08-13,75.43739318847656,75.46710240184272,74.46444053316,75.20715386795507,176449500
2009-08-14,74.85807800292969,75.45967399333168,74.0485175181062,75.40025556635409,199616100
2009-08-17,73.01616668701172,73.49150290178788,72.86762624481466,73.41723268068935,237667500
2009-08-18,73.59545135498047,73.85540551904558,73.04584515053443,73.17953375879993,173461500
2009-08-19,74.24161529541016,74.49414074528303,72.9418671165694,73.0161373077841,192812800
2009-08-20,75.00662994384766,75.17745653107694,74.17479450399429,74.33818670364124,174131300
2009-08-21,76.47720336914062,76.59603457227874,75.47454136438743,75.62308178492353,224605000
2009-08-24,76.46977996826172,77.20506473404143,76.1949739380522,76.78914699444147,191279000
2009-08-25,76.61832427978516,77.4353079634377,76.45492640976384,76.77429342849986,215310600
2009-08-26,76.62578582763672,76.97486224050387,76.12074018770366,76.38068889948018,194620700
2009-08-27,76.79658508300781,77.0342532012617,75.71222393932102,76.58119746545665,196230100
2009-08-28,76.78170776367188,77.50214065433893,76.25438193986845,77.41301867459683,147024400
2009-08-31,76.0984115600586,76.18753920479152,75.6007949598198,76.03157007634891,176051600
2009-09-01,74.41987609863281,76.67772538369952,74.26390697365017,75.71962447327478,321276800
2009-09-02,74.13765716552734,74.59814154950162,73.95197880099072,74.107947947227,171805000
2009-09-03,74.75411224365234,74.8432342339448,73.9668321085263,74.56843387527091,143572300
2009-09-04,75.80133819580078,75.8236186942266,74.67984488770267,74.90265553841522,142687900
2009-09-08,76.45491027832031,76.53660919609308,76.04641568945645,76.49947126384986,132909100
2009-09-09,77.04168701171875,77.30163564784317,76.35096311204228,76.5886312459925,154612500
2009-09-10,77.82894897460938,77.8809386933718,76.66288899683414,77.09366419026814,162902400
2009-09-11,77.8140869140625,78.20772980871132,77.45015890431974,77.97748478232162,152360100
2009-09-14,78.19286346435547,78.32655209894273,76.61088601045076,77.15306360272719,149593800
2009-09-15,78.51966857910156,78.80932637769843,77.80666433128972,78.31913276994739,196795900
2009-09-16,79.70799255371094,79.7228443267371,78.52708110550557,78.80188140488643,206406300
2009-09-17,79.58918762207031,80.25762529133236,79.15098367614577,79.59661067780539,229170900
2009-09-18,79.63993835449219,79.96829074306602,79.37128743537642,79.96082663602239,153799100
2009-09-21,79.43843078613281,79.84887118643144,78.84889740162286,79.02053197378824,151892000
2009-09-22,79.90111541748047,80.12499305390915,79.55037644401644,79.90857952361337,143126700
2009-09-23,79.23695373535156,80.61751733568204,79.09516418349584,80.08767965959606,225947400
2009-09-24,78.36382293701172,79.58021007686676,78.02054814343502,79.40857552680019,228636800
2009-09-25,77.94593048095703,78.62502176153737,77.67727961099608,78.19219472732865,204059000
2009-09-28,79.3414077758789,79.51304801463615,78.22949535644837,78.24441787164997,118285800
2009-09-29,79.10260772705078,79.86378125855447,78.93843159251539,79.48319733952434,133733900
2009-09-30,78.7966537475586,79.44589427752771,78.07279493704108,79.37127030353506,254383000
2009-10-01,76.84150695800781,78.90116239979709,76.82657874179655,76.86389358887841,281840600
2009-10-02,76.4832763671875,76.93849000986593,76.11015080390644,76.13253742675222,224748800
2009-10-05,77.62505340576172,77.84893106069475,76.56537798509527,76.7892556400283,149875000
2009-10-06,78.7369613647461,79.184710921369,78.13995816028587,78.18473140791481,202491100
2009-10-07,78.953369140625,79.03545721760295,78.40860332917528,78.55785127271115,159200300
2009-10-08,79.557861328125,79.97576028559264,78.990708676243,79.51308806652384,183305800
2009-10-09,80.0428695678711,80.0428695678711,79.37124264905643,79.58019198081159,135008300
2009-10-12,80.35633087158203,80.6622909084273,80.05782924758901,80.41603233506962,118031000
2009-10-13,80.192138671875,80.37870143791606,79.66976520433755,80.13990132512126,157692700
2009-10-14,81.57270050048828,81.65478857151096,80.16228647065303,81.13241511358817,191421600
2009-10-15,81.8711929321289,81.8711929321289,81.1398701725668,81.17717930486272,173873600
2009-10-16,81.25926971435547,81.54284304045783,80.76674702234159,81.19210985821671,192069400
2009-10-19,81.93093872070312,82.18466145403667,81.1399140891972,81.39363682253075,159530400
2009-10-20,81.49807739257812,82.0801523070929,81.1025652426357,82.05030158154807,180921100
2009-10-21,80.76676177978516,82.31895979307347,80.70706032334677,81.37122336925214,225379300
2009-10-22,81.5876235961914,81.84881030878252,80.22198289307362,80.73689790749846,238444000
2009-10-23,80.65483093261719,81.90853317433721,80.31901447709076,81.85629581815908,240033200
2009-10-26,79.78172302246094,81.57272144867065,79.55784537246215,80.74438211449835,242028200
2009-10-27,79.4160385131836,80.1399029712425,79.22201733179512,79.87125212714963,253266300
2009-10-28,77.91607666015625,79.46081614154136,77.87129772458191,79.21455192293583,248821400
2009-10-29,79.58769226074219,79.74440433079305,78.31160338166106,78.4981661831661,198110600
2009-10-30,77.28176879882812,79.56530123448239,77.19222230286356,79.32650108950259,325608100
2009-11-02,77.84890747070312,78.66232405659382,76.92355778470947,77.70711795264798,254222900
2009-11-03,78.09517669677734,78.20711549751786,77.26683754211905,77.41608548081045,228362600
2009-11-04,78.2966537475586,79.3488703930183,78.09516848217444,78.73694479923995,247996700
2009-11-05,79.73696899414062,79.75935562744728,78.68475737459929,78.84893361011066,180015300
2009-11-06,79.94587707519531,80.14736805745379,79.1399302264933,79.29664227189214,170954100
2009-11-09,81.76673889160156,81.81151213903547,80.49811420445552,80.5578099698859,159495700
2009-11-10,81.78163146972656,82.03535973033374,81.31895956643964,81.57268213360442,171899800
2009-11-11,82.19954681396484,82.699533605527,81.80403470441738,82.31894401050599,169466200
2009-11-12,81.3637466430664,82.5129738807434,81.15479727138757,82.08761103312766,157144500
2009-11-13,81.8040771484375,82.15481050949717,81.1548364075366,81.57273535242207,150963000
2009-11-16,82.99059295654297,83.3487960276786,82.32642986252314,82.37120311137335,210922200
2009-11-17,83.08758544921875,83.12490027742334,82.46073732817416,82.77416138869646,147134100
2009-11-18,83.03536987304688,83.15477279984763,82.5129963019058,83.02791146020552,156486800
2009-11-19,81.95329284667969,83.0652053545085,81.43837778291507,82.4682079104443,208734600
2009-11-20,81.6622543334961,81.90851855156201,81.34883025238153,81.52792891395502,134196000
2009-11-23,82.69953918457031,83.38608876796631,82.5353630464879,82.62491522001746,148010200
2009-11-24,82.82640075683594,82.98311279092796,82.09507793107316,82.833864861348,138420100
2009-11-25,83.11746215820312,83.20701435782492,82.69956328019185,82.96075007894889,109564800
2009-11-27,81.76673889160156,82.32642725830326,80.8115383233818,80.8936264059736,126001800
2009-11-30,82.04286193847656,82.23688315873687,80.68468492942917,81.69958705634865,160874800
2009-12-01,83.05774688720703,83.3263977295607,82.63238400238771,82.77416783503156,159613700
2009-12-02,83.02044677734375,83.58759928881871,82.77418251261115,83.0428334026022,132315100
2009-12-03,82.37120819091797,83.7144626737046,82.30404831350114,83.2443264514518,167324900
2009-12-04,82.8413314819336,83.86369178683913,82.11746704525396,83.46071553260168,274907800
2009-12-07,82.71446990966797,83.22938499504302,82.45328316108791,82.76671295282809,127973800
2009-12-08,81.79660034179688,82.66224883516149,81.5428719550458,82.11748860850119,169863700
2009-12-09,82.1025390625,82.22194196487507,81.35628800298704,81.77419246785605,155063400
2009-12-10,82.56522369384766,82.92342673757189,82.42343415874619,82.6099969392716,138014600
2009-12-11,82.91596984863281,83.10253264539539,82.54284425510767,82.91596984863281,124854000
2009-12-14,83.48310852050781,83.5801191091197,82.93087863425731,83.48310852050781,107141500
2009-12-15,83.09507751464844,83.52044050947373,82.8338907096584,83.17716560956606,120408800
2009-12-16,83.2219009399414,83.67711446124792,83.03533820804341,83.43085598215907,155358200
2009-12-17,82.22196197509766,82.78165040594281,82.147337989674,82.62493832851959,183390100
2009-12-18,82.6871337890625,82.7546609657822,81.98938349147836,82.67962949740534,174591200
2009-12-21,83.52739715576172,83.80499284956142,83.09974432089969,83.09974432089969,118039600
2009-12-22,83.8275375366211,84.00760045015721,83.60245460162834,83.70749177819914,91707500
2009-12-23,83.99258422851562,84.11262997601847,83.6549655808324,84.03009995563434,111783100
2009-12-24,84.39021301269531,84.48024157953134,84.03008157306607,84.1726344360165,39677500
2009-12-28,84.57027435302734,84.77284434886876,84.27016577940363,84.70532292495328,87508500
2009-12-29,84.45025634765625,84.80288360807734,84.44275778082371,84.78788075031544,80572500
2009-12-30,84.42024230957031,84.51778091635923,84.15764937609369,84.20266939618729,73138400
2009-12-31,83.60994720458984,84.63031311215066,83.57243147930316,84.60780024252104,90637900
2010-01-04,85.0279541015625,85.07296839235833,83.66246528116115,84.30769682834931,118944600
2010-01-05,85.25301361083984,85.29052932812519,84.66780505539535,84.97541790966966,111579900
2010-01-06,85.31309509277344,85.52316951609895,85.10302066944793,85.17054213804596,116074400
2010-01-07,85.6731948852539,85.77823205783233,84.915421805284,85.15550758890559,131091100
2010-01-08,85.95830535888672,85.99582109252837,85.27556365456766,85.44812229148573,126402800
2010-01-11,86.07835388183594,86.37845686418345,85.71071799749453,86.34094685343875,106375700
2010-01-12,85.2755126953125,85.6881568982947,84.94539275365166,85.50809407743144,163333500
2010-01-13,85.99581146240234,86.23589724817023,85.05797546735646,85.4931270187443,161822000
2010-01-14,86.22838592529297,86.38594167271995,85.84574726777245,85.89826585024811,115718800
2010-01-15,85.2605209350586,86.16084094101707,84.93040092829615,86.07831666342146,212283100
2010-01-19,86.32591247558594,86.37843105421389,85.22301660030314,85.24552946894006,139172700
2010-01-20,85.44811248779297,85.86826118070759,84.7653708618067,85.74071685951517,216490200
2010-01-21,83.80502319335938,85.73321379242867,83.6999860186316,85.47062085560925,344859600
2010-01-22,81.93684387207031,83.83502276332213,81.84680956758042,83.42987697926151,345942400
2010-01-25,82.35697174072266,82.83714885280345,82.086880343563,82.68709171649868,186937500
2010-01-26,82.01185607910156,82.88217037342902,81.80928608250876,82.0343632204902,211168800
2010-01-27,82.40202331542969,82.58959051460488,81.27662012037852,81.90684316204079,271863600
2010-01-28,81.45669555664062,82.71714755791562,80.96152105119198,82.67213325490144,316104000
2010-01-29,80.57137298583984,82.37952369876156,80.44382865252344,81.809317758392,310677600
2010-02-01,81.82427215576172,81.83177644271736,80.65385525080883,81.14153086923713,187865000
2010-02-02,82.81465148925781,82.97220721879583,81.68924851476154,81.97435426505507,216327900
2010-02-03,82.40202331542969,82.88969917810452,82.1619375294493,82.43953332080673,172730700
2010-02-04,79.85862731933594,81.80182111454381,79.84361873513252,81.76431110223074,356715700
2010-02-05,80.02364349365234,80.1886977606439,78.46308359041286,79.94861206199896,493585800
2010-02-08,79.44598388671875,80.52637307754144,79.38596099298456,80.08371139137451,224166900
2010-02-09,80.4438247680664,81.14157500805953,79.73106594599774,80.37629759692028,337820500
2010-02-10,80.28628540039062,80.72894135239004,79.61104217148655,80.31629684657504,240511500
2010-02-11,81.12654876708984,81.21658306765453,79.7160457361505,80.18121436959119,223591600
2010-02-12,81.05903625488281,81.10405054807093,79.91112598581573,80.27125177951318,304622100
2010-02-16,82.33451843261719,82.41704848052035,80.89400332683178,81.67428377349009,159317500
2010-02-17,82.7246322631836,82.8371737181703,82.33448931577583,82.73213082917884,168845100
2010-02-18,83.2123031616211,83.38486175484019,82.5595673405983,82.58957877509202,193708600
2010-02-19,83.38487243652344,83.70748824353853,82.79966369916967,82.99473518631979,222684900
2010-02-22,83.3998794555664,83.7149909660704,83.1522893869862,83.69248381876247,132346900
2010-02-23,82.38700866699219,83.42988175968098,82.16943004507993,83.17479313515393,207497000
2010-02-24,83.14481353759766,83.27986219173738,82.42455595688526,82.63463036908074,176350700
2010-02-25,83.03223419189453,83.09225706061973,81.73427256926293,81.95934974083872,259634700
2010-02-26,83.08474731445312,83.36985306012575,82.61208013349993,83.10725445772299,173589300
2010-03-01,83.94756317138672,84.03009318512119,83.40736879934131,83.42987594416057,147709700
2010-03-02,84.18012237548828,84.58526804739893,84.0300709669707,84.30767236923197,160992400
2010-03-03,84.25517272949219,84.75785135744302,84.04509269664672,84.39771988237496,150785000
2010-03-04,84.51024627685547,84.63029198853278,84.05258201825126,84.36769342526232,135770400
2010-03-05,85.71820831298828,85.78572975577791,84.85539806917609,85.05797384573805,176118800
2010-03-08,85.73320007324219,85.92076724439788,85.58314862595596,85.72570150774494,114631200
2010-03-09,85.8757553100586,86.27339680795812,85.4330995215579,85.47811381215907,154556700
2010-03-10,86.2583999633789,86.490981446487,85.83825129090071,85.91327702182947,186088800
2010-03-11,86.61852264404297,86.64103551419807,85.79322818533643,86.05582109618449,160791100
2010-03-12,86.62602233886719,87.00866097386013,86.38593658681384,86.9936523945529,162074800
2010-03-15,86.64854431152344,86.7085671908322,85.98080552047985,86.47598568863181,146816800
2010-03-16,87.33879852294922,87.42132282928486,86.6485468389584,86.8886326390996,168673000
2010-03-17,87.85648345947266,88.14158929325893,87.34630039933099,87.60139479145043,177468100
2010-03-18,87.81144714355469,87.98400573475477,87.45881994749917,87.86396572228026,196509100
2010-03-19,87.3669662475586,88.36139901095075,87.02795155124232,87.3669662475586,226641100
2010-03-22,87.83406066894531,87.99227100453224,86.81702789080464,86.86976275344396,184477800
2010-03-23,88.45179748535156,88.52713216302739,87.67583363705481,87.96211345895743,182941600
2010-03-24,88.02237701416016,88.46686137975392,87.0731497376054,88.12031726721794,196072600
2010-03-25,87.8792495727539,89.02435169532993,87.773779867293,88.61753751098023,223396300
2010-03-26,87.82653045654297,88.45934880269506,87.47998625541175,88.04500509919136,205808500
2010-03-29,88.38399505615234,88.54219960859103,87.90938139883625,88.27099016221965,134513500
2010-03-30,88.44426727294922,88.76821157809502,88.07512330818655,88.48946693256609,145772500
2010-03-31,88.14295959472656,88.53470355283935,87.84915018922442,88.10528936420774,161078700
2010-04-01,88.74559783935547,89.0846067286854,88.21824365324936,88.74559783935547,161215200
2010-04-05,89.46883392333984,89.52909821952058,88.83600995826637,89.08461957839052,105847600
2010-04-06,89.67979431152344,89.83799890288999,89.11477545049897,89.21270998391567,110384200
2010-04-07,89.1675033569336,89.92086177951826,88.7531539254446,89.49898290212481,184576300
2010-04-08,89.47635650634766,89.62703160441393,88.59492873641233,88.85860297344419,158704000
2010-04-09,90.06399536132812,90.1016598311974,89.49897658427506,89.66471059750265,133006500
2010-04-12,90.20712280273438,90.44066778821332,90.07151807646743,90.17698778048974,110279000
2010-04-13,90.27494812011719,90.4331527113411,89.64965920170673,90.1167435288933,125043600
2010-04-14,91.29953002929688,91.29953002929688,90.46330152846548,90.6064357531971,161609000
2010-04-15,91.37483215332031,91.58577156521136,91.1186873334041,91.14882235619824,144615300
2010-04-16,89.92083740234375,91.37481899367036,89.46128842933548,91.05087472987219,366786700
2010-04-19,90.2598648071289,90.35026988102669,89.25036734644408,89.65718155748175,217947800
2010-04-20,91.06596374511719,91.14130418525595,90.30507587919949,90.82488928061154,157708000
2010-04-21,90.90020751953125,91.32962148416766,90.39545313315702,91.11867635003587,192910100
2010-04-22,91.17143249511719,91.28443740645567,89.74005611039156,90.2598695062789,115360300
2010-04-23,91.76657104492188,91.80424125831622,90.87760803689083,91.11115301413406,177335500
2010-04-26,91.42005157470703,92.00014083046534,91.32965223445213,91.79673081955352,143457300
2010-04-27,89.25789642333984,91.41249593408338,89.08462148049273,90.89268260087773,355853300
2010-04-28,89.93595123291016,90.16196112111061,89.0997226933068,89.68734725309392,300674100
2010-04-29,91.05089569091797,91.23923528886417,90.45574187168782,90.47834170381442,193775000
2010-04-30,89.50648498535156,91.16387645696432,89.4838851592099,91.06593621346131,270000900
2010-05-03,90.66667938232422,90.91528902579047,89.80031610057921,89.93592083813643,182747900
2010-05-04,88.53466796875,89.6722406506937,88.0826541225498,89.65717601314311,360353400
2010-05-05,88.0073471069336,88.7456410277085,87.36699347786528,87.8114722711901,328973200
2010-05-06,85.08429718017578,88.14293036026089,79.10262981049054,87.58544676903885,647356600
2010-05-07,83.81864929199219,85.70957455941854,82.42493753290728,84.85828171682824,637558800
2010-05-10,87.51011657714844,87.87926059255116,86.5684185548272,87.24643653276362,396159600
2010-05-11,87.26148986816406,88.41412710262298,86.56840163861155,86.68893597312754,317849800
2010-05-12,88.48193359375,88.61000887812729,87.4573658047392,87.60804091939839,235607100
2010-05-13,87.38204956054688,88.65522724665952,87.30671486115416,88.2408777784959,234452500
2010-05-14,85.79998779296875,86.88482572919347,85.03156475325521,86.7266211547721,345601400
2010-05-17,85.84517669677734,86.27459070142642,84.20285535927134,86.0335162733369,325739800
2010-05-18,84.67749786376953,86.80196863683557,84.39875314528236,86.54582375407209,360556800
2010-05-19,84.1953353881836,84.95622322477847,83.14063249124143,84.20286483377241,394742700
2010-05-20,81.01614379882812,82.78653446914224,80.96340895324998,82.40232016697747,530418300
2010-05-21,82.19894409179688,82.40234835212351,79.37384979594921,79.78819925840783,500909400
2010-05-24,81.14420318603516,82.4098450695605,81.06886852285304,81.75442142977664,269823000
2010-05-25,81.22710418701172,81.26477440688092,78.63554939659659,79.18550356927648,396505200
2010-05-26,80.7374038696289,82.47013017796021,80.49632945476839,81.72430710505853,349719300
2010-05-27,83.4419937133789,83.4721287447764,81.95034127138533,82.2592210324575,300870500
2010-05-28,82.39481353759766,83.41184626830886,82.00306393540143,83.35157621448349,297933500
2010-06-01,81.00862121582031,82.83174701547217,80.88808687045281,81.62637482345723,277909400
2010-06-02,83.11804962158203,83.12557906870742,80.99357875529704,81.4229928958971,240243700
2010-06-03,83.40432739257812,83.6680017450657,82.55303426949828,83.3591277172002,226618300
2010-06-04,80.47373962402344,82.36467071318108,80.2025301551535,81.82225177544119,398475600
2010-06-07,79.4717788696289,81.06890080432598,79.41151456368591,80.76002109031771,264609100
2010-06-08,80.32306671142578,80.48127127001622,78.83894989098047,79.53203817080565,357774300
2010-06-09,79.89363861083984,81.57362416136142,79.55462397562681,80.79013095146937,268023300
2010-06-10,82.22904968261719,82.32698418065175,79.88610519222306,81.25721690304209,317890600
2010-06-11,82.62833404541016,82.68106889361329,81.4530970010734,81.50583184927653,214128200
2010-06-14,82.5002670288086,83.71317432201924,82.41739715801774,83.26115475491729,207196100
2010-06-15,84.37614440917969,84.45147910286843,82.9372270447493,83.08036698612601,238268700
2010-06-16,84.34599304199219,84.69253716396007,83.77343913507379,83.93917887768183,216374000
2010-06-17,84.48162078857422,84.62476074123296,83.66046279160788,84.58709051758514,263185800
2010-06-18,84.5732192993164,84.87599179112142,84.30071943667981,84.64891242226766,174006600
2010-06-21,84.33094024658203,85.68586181459906,83.86163396477542,85.62531082260077,213140700
2010-06-22,82.9382095336914,84.7018873708378,82.81710170743584,84.33098707322378,239355400
2010-06-23,82.68085479736328,83.28640550066989,82.11314776456764,82.99119830561732,254639900
2010-06-24,81.31078338623047,82.37807536442668,81.09884035439379,82.27210384850834,268523600
2010-06-25,81.65141296386719,82.06772799321898,80.81877135513436,81.55300671464533,238726500
2010-06-28,81.39402770996094,81.99201298978322,81.09882059112645,81.7724989674424,169218600
2010-06-29,78.8809814453125,81.3788941387401,78.38140237163495,80.25104559548835,373649500
2010-06-30,78.13158416748047,79.38810536699515,77.87422078564504,78.66144146094845,284101700
2010-07-01,77.783447265625,78.33601230062655,76.54962674977027,78.0786545089854,382924800
2010-07-02,77.3594970703125,78.28296755638851,76.92047494620373,78.04831730255356,233385200
2010-07-06,77.86669158935547,79.00210555130283,77.11731421646009,78.44953488214894,256935300
2010-07-07,80.31918334960938,80.41758381301682,77.98022760772065,78.06349175945542,253769400
2010-07-08,81.11397552490234,81.20480494507804,80.1677972313122,80.99286193131609,210842100
2010-07-09,81.71954345703125,81.72711450198568,80.9398933021662,81.09127955116351,144999900
2010-07-12,81.77249908447266,81.93145631984079,81.10639174935669,81.44701357157226,131283600
2010-07-13,83.00634002685547,83.33181984687201,82.45376930970427,82.62029762925708,213025900
2010-07-14,82.9987564086914,83.3242419544123,82.40077106771518,82.74139292427752,184426800
2010-07-15,83.02147674560547,83.30911289668364,81.87849163537516,82.96849098685384,232337900
2010-07-16,80.7354965209961,82.66569659114575,80.5765335007948,82.57486140460408,282693400
2010-07-19,81.21239471435547,81.46975249754674,80.40246613928983,81.0307300571019,186709000
2010-07-20,82.1131362915039,82.17368731086401,80.09966619117573,80.13751563141284,258162400
2010-07-21,81.04582977294922,82.5597147081122,80.7127732392093,82.53700735808678,264527000
2010-07-22,82.85494995117188,83.2182850000278,81.99960675128152,82.00717202051781,274781300
2010-07-23,83.57402038574219,83.69512817721251,82.453742995825,82.68839331211998,222020800
2010-07-26,84.44451141357422,84.52777555842555,83.48319688894549,83.71784723806459,184445700
2010-07-27,84.43694305419922,84.99707891949674,84.10388648698883,84.90624373525391,204855600
2010-07-28,83.89196014404297,84.52022396593178,83.6118892683178,84.26286044701942,163056200
2010-07-29,83.48320007324219,84.64132132760402,82.81709266403776,84.41423623752715,220149100
2010-07-30,83.46805572509766,83.91465485014155,82.49160487926638,82.63542004240459,220070600
2010-08-02,85.35284423828125,85.4890941293725,84.42937339588643,84.76999523610787,188263200
2010-08-03,84.944091796875,85.36040672413299,84.664020981255,85.14089847204077,146657300
2010-08-04,85.5118179321289,85.61778944836212,84.8986961917775,85.17876129538764,158171700
2010-08-05,85.4209976196289,85.46641811665698,84.83815417874413,84.96683307445674,140473800
2010-08-06,85.0727767944336,85.2090266909396,83.96007026880352,84.58076295843895,239728300
2010-08-09,85.52696990966797,85.67079089733193,85.01981959266374,85.47398414184686,120800400
2010-08-10,85.06521606445312,85.51938629121022,84.30070811777495,84.8002872821877,242916300
2010-08-11,82.73381042480469,83.78595994706326,82.59756055555475,83.75568155667301,273406900
2010-08-12,82.2266616821289,82.52186879507808,81.44701183126246,81.48486126626126,239542600
2010-08-13,81.9844741821289,82.47648816530655,81.88607369549953,81.96933786688415,158698500
2010-08-16,81.94661712646484,82.21154591260652,81.12911763635813,81.42432482306093,147895300
2010-08-17,82.95333099365234,83.55888734154915,82.41590247802526,82.65055859471727,172270300
2010-08-18,83.104736328125,83.55132973085831,82.43862885836513,82.91550066086222,182922100
2010-08-19,81.65898132324219,82.87765960576264,81.31835939769925,82.67328760543985,265847600
2010-08-20,81.39402770996094,81.70437691310202,80.80361347229196,81.41673506140773,209714200
2010-08-23,81.08370208740234,82.18126666511296,81.04585264333741,81.7800879680879,163490300
2010-08-24,79.88015747070312,80.53112861610659,79.45627143184103,80.1980719998497,280677800
2010-08-25,80.19049835205078,80.49327076244978,78.94154194660747,79.44112104377666,272234800
2010-08-26,79.65308380126953,80.67495530331647,79.38814923313384,80.56898378606802,224439500
2010-08-27,80.88688659667969,80.97015074457649,78.95668065909203,80.15265135159721,272649000
2010-08-30,79.713623046875,80.92473582215905,79.70605777891441,80.67494337913068,167238600
2010-08-31,79.713623046875,80.22077897590603,79.09293034829811,79.41841589602829,273933100
2010-09-01,82.09800720214844,82.21154976582068,80.73551376312562,80.78849952283737,256828100
2010-09-02,82.86251831054688,82.8776546235437,82.12071192338344,82.29481128542668,156112200
2010-09-03,83.93736267089844,84.01305577428953,83.22583479399223,83.67243392152281,212197300
2010-09-07,82.99117279052734,83.64971482511112,82.92305073954255,83.54374334023733,141973700
2010-09-08,83.57402038574219,83.9070711435451,83.11985028644354,83.15769971972266,149924400
2010-09-09,83.96009063720703,84.53536875923864,83.73301127128417,84.51266140014786,147017900
2010-09-10,84.38394927978516,84.48234972209418,83.92221391008181,84.1114495279926,127819000
2010-09-13,85.32257843017578,85.49667200974498,84.87597925320952,85.21660691869516,178503500
2010-09-14,85.26959991455078,85.75404280102818,84.83814278831265,85.15605734974817,209823600
2010-09-15,85.59507751464844,85.6934779815995,84.76244174232983,85.01979947513146,168608400
2010-09-16,85.57235717773438,85.62534292498012,85.04249393026366,85.33013579389481,199962900
2010-09-17,85.60430145263672,86.10656079590275,85.36839492797327,86.02285090535841,195836900
2010-09-20,86.91322326660156,87.10347198379645,85.62714008046648,85.90109869770153,214555200
2010-09-21,86.73820495605469,87.39265525651155,86.38053640885101,86.98172310220369,268389100
2010-09-22,86.3120346069336,87.0882526062738,86.06851648685097,86.60121636610856,191322400
2010-09-23,85.61193084716797,86.50229353455516,85.36841269832881,85.60431927209876,202354300
2010-09-24,87.37743377685547,87.43831476199384,86.48707114144545,86.56316946990326,209671800
2010-09-27,86.9588851928711,87.50680245312464,86.87518109482215,87.40787520566289,128761800
2010-09-28,87.2633056640625,87.54487593777925,86.12942460449052,87.07305689137242,209207500
2010-09-29,87.11111450195312,87.44595422105628,86.76866320579795,87.04262192034923,179665800
2010-09-30,86.85237121582031,88.11562590565451,86.44143315307662,87.55249114082737,287106700
2010-10-01,87.21762084960938,87.60572985155821,86.70014411565424,87.50679680455224,174638700
2010-10-04,86.56319427490234,87.40028773967104,86.12942729187198,87.03501333603073,166153200
2010-10-05,88.30583953857422,88.5189171590543,87.26327454587702,87.36220758819258,229634100
2010-10-06,88.29826354980469,88.5265644100007,87.9405949115992,88.29065197288293,148626600
2010-10-07,88.19169616699219,88.67873242565298,87.65900207343513,88.65590350820484,164860000
2010-10-08,88.6863784790039,88.92989670300767,87.97865273331603,88.31349246854586,177760100
2010-10-11,88.77007293701172,89.01359111856155,88.46567375859158,88.8233423577904,103098300
2010-10-12,89.04402923583984,89.30276475672261,88.00907554044625,88.4808887387457,182210000
2010-10-13,89.73651123046875,90.21594170129319,89.32557331516064,89.53865674993257,194347200
2010-10-14,89.38644409179688,89.80499353347456,88.82330959329994,89.65279109744209,217764300
2010-10-15,89.5691146850586,90.06376262665975,88.8537832891074,90.01049320562156,243705000
2010-10-18,90.01048278808594,90.30727035751106,89.27231674918161,89.59954481366711,141204800
2010-10-19,88.83094024658203,89.68325084771453,88.29062874002487,89.18099721575153,280604700
2010-10-20,89.69847869873047,90.13224559694967,88.93748373301744,88.99075314838012,200051800
2010-10-21,89.89635467529297,90.62690932011003,89.19624053308482,90.10182661642003,221585500
2010-10-22,90.06375885009766,90.20073818501366,89.79741175607519,90.03331835279063,108212400
2010-10-25,90.33009338378906,91.13675193543195,90.26160662881969,90.66493300167593,151145700
2010-10-26,90.34532165527344,90.43663733374292,89.69847710708142,89.87350269476842,158982900
2010-10-27,90.08660125732422,90.18553433986487,89.23429042886364,89.71371526987271,190024000
2010-10-28,90.10179901123047,90.64210470365337,89.66803214233148,90.60405263556748,168576000
2010-10-29,90.17028045654297,90.34531183112779,89.85066400479339,90.01047223066817,144305500
2010-11-01,90.20073699951172,91.12915183441466,89.68326016395588,90.61167499885882,174074800
2010-11-02,90.91606903076172,91.12914669115327,90.63449880471241,90.87801696029288,158345900
2010-11-03,91.28133392333984,91.33460333293007,90.13984159846642,91.07586785947193,226702800
2010-11-04,93.03926849365234,93.08492634467011,91.29658890664356,92.29349069341292,215039400
2010-11-05,93.38932800292969,93.54152471424968,92.97838991524691,93.1001461231164,180654100
2010-11-08,93.21427154541016,93.36647402181879,92.79572779863075,93.10012113958639,156107100
2010-11-09,92.54458618164062,93.56431651592735,92.17170032270758,93.46538927341491,186621600
2010-11-10,92.91747283935547,92.9631364797715,91.82164417018255,92.52175805997389,221387400
2010-11-11,92.56742095947266,92.70440027635564,91.83686653807358,92.11843674664705,158017600
2010-11-12,91.47160339355469,92.34674886899488,91.05305959638349,91.94342241833127,239068800
2010-11-15,91.34224700927734,92.1184653143109,91.3042007353018,91.76079666453388,163940800
2010-11-16,89.91914367675781,90.93126229559537,89.48537108963266,90.7790656658853,299566200
2010-11-17,89.96482849121094,90.33771441000559,89.6908698308101,89.95721691566342,172308900
2010-11-18,91.28897857666016,91.61620672726649,90.82477106519693,90.83238264244795,197723700
2010-11-19,91.54010772705078,91.578154001173,90.7486720705621,91.24332008160906,156852900
2010-11-22,91.4639892578125,91.50203552356747,90.3833719648001,91.08349176467699,181361000
2010-11-23,90.13984680175781,90.57361367801155,89.789789831968,90.38336494621727,222309000
2010-11-24,91.47160339355469,91.49443812221335,90.69539099117416,90.71060833768175,140046100
2010-11-26,90.40621185302734,91.17481265277331,90.40621185302734,90.6801705282008,76007800
2010-11-29,90.6801528930664,90.92367102298086,89.59953574851153,90.17789348428215,223642300
2010-11-30,90.17028045654297,90.68775720001233,89.65280371307361,89.78217725338851,233930700
2010-12-01,92.08800506591797,92.26303066172709,91.46398940838567,91.4715951779906,221037200
2010-12-02,93.26753234863281,93.33602490817502,92.17930941800022,92.2325788283418,191213600
2010-12-03,93.51866912841797,93.625207957157,92.92509399517748,92.94792291477431,151288900
2010-12-06,93.41974639892578,93.63282406672262,93.22188607628686,93.32081333464082,103050500
2010-12-07,93.47303771972656,94.37101224867506,93.41976829029454,94.31774281924305,206581000
2010-12-08,93.81544494628906,93.89154327072542,93.15338313716978,93.58714997298,138019200
2010-12-09,94.18074798583984,94.37860251640994,93.71654054593135,94.34055624788404,123705100
2010-12-10,94.72868347167969,94.81999917836077,94.15793708119286,94.46994208890742,117571700
2010-12-13,94.78952026367188,95.27655652172318,94.75907977180239,95.16241193462535,133812700
2010-12-14,94.87325286865234,95.29941405087817,94.58407683558573,94.93413386696054,147249600
2010-12-15,94.4394760131836,95.07110324105285,94.2796677638307,94.6982173258961,160823100
2010-12-16,94.98738861083984,95.05588117483548,94.17312425357144,94.50035231149785,185035200
2010-12-17,95.08914184570312,95.21153834671718,94.72194066973158,94.92084154990219,141075300
2010-12-20,95.31864929199219,95.54815078498754,94.84435476661771,95.34924988015592,119085500
2010-12-21,95.9229965209961,95.98419769652274,95.52520055300356,95.6169964798282,94965500
2010-12-22,96.2213363647461,96.25193694977716,95.93829116702207,95.99184073171025,78878100
2010-12-23,96.08364868164062,96.2213484132904,95.84650141353596,96.11424927050341,70053700
2010-12-27,96.12190246582031,96.2136983974606,95.65525369176338,95.72410064049359,58126000
2010-12-28,96.25958251953125,96.35137843240392,96.00713208620252,96.31313208086179,55309100
2010-12-29,96.32843017578125,96.54262842270796,96.3131328023427,96.3743339690259,58033100
2010-12-30,96.17543029785156,96.48907605416635,96.03007899032328,96.23663146275446,76616900
2010-12-31,96.19841766357422,96.29021944756208,95.87712017431666,96.03011731116312,91218900
2011-01-03,97.19288635253906,97.6136312663223,96.16013557219651,96.93278429698621,138725200
2011-01-04,97.13929748535156,97.43764577428391,96.53494930517867,97.40704520151361,137409700
2011-01-05,97.64421081542969,97.7054119725472,96.74151417556901,96.83331591124526,133975300
2011-01-06,97.45296478271484,97.78956532147076,97.16226803153894,97.68246621122366,122519000
2011-01-07,97.26171875,97.743664762029,96.50437334925043,97.58301609135266,156034600
2011-01-10,97.13929748535156,97.27699714458669,96.5425950710244,96.83329759411102,122401700
2011-01-11,97.48357391357422,97.7207211304292,97.11637276304187,97.49122551825272,110287000
2011-01-12,98.36331939697266,98.47041851412358,97.50652062330109,98.08027423155842,107929200
2011-01-13,98.20267486572266,98.44747954290766,97.95788186146713,98.40158158416784,129048400
2011-01-14,98.91412353515625,98.93707251343344,97.99612938528199,98.06497632011354,117677900
2011-01-18,99.08242797851562,99.17422389547293,98.70757519605762,98.82232009225424,114401300
2011-01-19,98.11088562011719,99.09772681892028,97.85078938761781,98.9982851258648,151958400
2011-01-20,97.98082733154297,98.22562032703095,97.25407660422506,97.88902558088658,175745700
2011-01-21,98.20267486572266,98.81467488575568,98.09557573768659,98.59283086087007,151462900
2011-01-24,98.7611312866211,98.87587618361985,98.11852484463962,98.14147382403938,113715500
2011-01-25,98.8146743774414,98.89882452567468,98.00377931606401,98.50102276376013,167552200
2011-01-26,99.19718933105469,99.48789201355157,98.86058868246492,99.05949543277598,141281500
2011-01-27,99.44198608398438,99.6102863948015,99.0441842881502,99.22013036839343,123302700
2011-01-28,97.7054443359375,99.71739072824012,97.54479562263937,99.55673617847648,295637300
2011-01-31,98.4398193359375,98.51632371364114,97.72837764959614,97.97318231990445,149249200
2011-02-01,100.01571655273438,100.1916626023549,98.97532011827361,99.0365212818217,167194300
2011-02-02,99.82444763183594,100.09218953757798,99.70204532884902,99.75558904082699,118323600
2011-02-03,100.04632568359375,100.19932277799906,99.12068567503707,99.64852389979588,145886700
2011-02-04,100.32938385009766,100.36763604687204,99.62558778658922,100.08459080201852,134634800
2011-02-07,100.9566421508789,101.28558521593008,100.5435372867142,100.55119472641162,112439100
2011-02-08,101.4156494140625,101.46919312966344,100.77304311636298,101.04844248025509,99072800
2011-02-09,101.18614959716797,101.46154896541076,100.6812488099017,101.14025164794869,146436700
2011-02-10,101.22442626953125,101.339171170341,100.44412592523531,100.67362739978469,162708500
2011-02-11,101.82881164550781,101.95885981203352,100.80371785788053,100.82666684768303,137710300
2011-02-14,102.07356262207031,102.15771277425138,101.65282353409494,101.76756843573732,101690700
2011-02-15,101.7522964477539,101.9129510322809,101.22445806529907,101.75995389216644,119575400
2011-02-16,102.39484405517578,102.51723469291659,101.88994327836694,102.09649571850271,130183500
2011-02-17,102.70088958740234,102.8385835011599,102.00473922891872,102.09654684435642,109810500
2011-02-18,102.91505432128906,103.03745665331174,102.55550476655304,102.7926519892664,130002400
2011-02-22,100.84957122802734,102.93801008680467,100.5741717992819,101.8364123718229,233116400
2011-02-23,100.22993469238281,101.0331840731845,99.61028883868545,100.78837937037873,227584000
2011-02-24,100.16107940673828,100.55123545570007,99.22013610399894,100.1228388844669,260431400
2011-02-25,101.23206329345703,101.29326445957854,100.52060995110739,100.58181111722888,141686900
2011-02-28,101.85932922363281,101.98938896454047,101.27029003446725,101.60689052709097,141585500
2011-03-01,100.16107940673828,102.27247918343188,100.13048465433496,102.18068325329081,258565500
2011-03-02,100.3752670288086,100.84191569140106,99.71736910569346,100.02336325335834,200277400
2011-03-03,102.10417938232422,102.21892429558432,101.27798098805808,101.28562675796503,176480100
2011-03-04,101.33917236328125,102.22657184975584,100.67362858489034,102.02766512210428,277202300
2011-03-07,100.54356384277344,101.86701723808535,100.01572564592213,101.63751577214639,216790400
2011-03-08,101.42330169677734,101.74459902980436,100.26816045139968,100.70420266303361,174615000
2011-03-09,101.27796936035156,101.59162098449374,100.67362676501428,101.22442563128793,153806000
2011-03-10,99.40373992919922,100.352329004593,99.30428655596685,100.21463510897692,301291800
2011-03-11,100.09221649169922,100.45176605796863,99.05947742356878,99.08242640244306,225621800
2011-03-14,99.48786926269531,99.81681239309275,98.73051797655917,99.44197130709833,234974100
2011-03-15,98.34803009033203,98.93708115439384,96.77213785537573,96.84098479622024,359585400
2011-03-16,96.52731323242188,98.35566127170607,95.83881482547895,98.03435228769368,468670300
2011-03-17,97.80487823486328,98.21797736994506,97.2311304088827,97.91962896735234,254303700
2011-03-18,98.16059112548828,99.02111186616135,97.96851107405556,98.99037249269598,230435400
2011-03-21,99.6819076538086,99.8893457514569,99.26700801123069,99.38226312245372,153992600
2011-03-22,99.33615112304688,99.79714810710327,99.24395641569171,99.66653503047003,129538600
2011-03-23,99.62041473388672,99.88164082699197,98.59086832672767,99.05953246360838,148603100
2011-03-24,100.57316589355469,100.71914868920587,99.62813480018447,100.18900557811156,159129800
2011-03-25,100.88048553466797,101.31842213006004,100.56547131118558,100.83438817974677,155642800
2011-03-28,100.63459014892578,101.35681311056555,100.6038624951621,101.09558702084318,109762400
2011-03-29,101.31072235107422,101.34145000683452,100.21970885519107,100.55008098007677,129798800
2011-03-30,102.00990295410156,102.30954744163621,101.69488877592337,101.84087152793956,135835000
2011-03-31,101.8716049194336,102.15589145596473,101.7640405261525,101.87929562700769,132537100
2011-04-01,102.3018569946289,102.7782236166781,102.05600056190195,102.50162780258594,153850100
2011-04-04,102.38638305664062,102.70139726745992,102.09442924599554,102.51699613154713,100768900
2011-04-05,102.37102508544922,102.82433135546151,102.1405265964741,102.1866239495411,120791500
2011-04-06,102.69371795654297,102.95494410552514,102.2788183329688,102.86274939968204,120411600
2011-04-07,102.43243408203125,102.93951640204348,101.92534003838551,102.50925905239262,170731500
2011-04-08,102.07903289794922,102.94723856615296,101.65645439910504,102.88577153689953,147945400
2011-04-11,101.77172088623047,102.53235054579667,101.52585274164936,102.18660872566309,121385400
2011-04-12,101.01109313964844,101.40293235888016,100.642302596628,101.20317325716908,161187400
2011-04-13,101.00341033935547,101.55659027116594,100.61925011882849,101.47976526124427,162059000
2011-04-14,101.0802230834961,101.23388480833259,100.08909499320829,100.41946711542485,161220400
2011-04-15,101.448974609375,101.7025216336252,100.96494094820065,101.26458529983567,170006700
2011-04-18,100.31192016601562,101.44135221145466,99.5051813158963,100.33496884256417,210759300
2011-04-19,100.88812255859375,100.91886193151673,100.21968774296576,100.46554410817087,124258800
2011-04-20,102.2634506225586,102.48625838166758,102.02526144908755,102.09441919552185,156133800
2011-04-21,102.78589630126953,102.83199364685346,102.26344408646737,102.79357528432077,135935400
2011-04-25,102.67835235595703,102.8473838058318,102.34028945620747,102.70908001791581,65757100
2011-04-26,103.5619125366211,103.7693623492326,102.88579848501793,102.99336288347571,146600000
2011-04-27,104.23800659179688,104.39166829659949,103.33907330888313,103.76165178981778,143031000
2011-04-28,104.57610321044922,104.71439527242276,104.03828120781816,104.05363917672163,124791100
2011-04-29,104.82191467285156,104.9294907508357,104.47617294270442,104.61447666894449,115094100
2011-05-02,104.66060638427734,105.39818740697471,104.45315659255166,105.31368341721722,126278700
2011-05-03,104.28416442871094,104.63759710606497,103.75402127450157,104.46088662920965,138375000
2011-05-04,103.59264373779297,104.28412742702052,103.13164679588179,104.23803007755724,182678500
2011-05-05,102.65528869628906,103.684835214437,102.20198247580227,103.0164002207145,226900000
2011-05-06,103.10858917236328,104.20729337498481,102.7090593056247,103.67715045488978,222787200
2011-05-09,103.50812530517578,103.80776979245975,102.93956398823028,103.10091643075499,114104500
2011-05-10,104.39169311523438,104.57609423901997,103.72325809242557,103.85387115874227,114806900
2011-05-11,103.29300689697266,104.25340749409024,102.81665195236717,104.23803780191713,193564200
2011-05-12,103.78472900390625,103.99985779452541,102.48626555247206,103.01640854494067,171550700
2011-05-13,102.98565673828125,103.9844755591779,102.61686624508378,103.83849281380182,157444900
2011-05-16,102.33263397216797,103.42364793868363,102.16360248347536,102.61690887422223,141675400
2011-05-17,102.31719970703125,102.45550343942986,101.51046115167435,101.94840929336142,192686200
2011-05-18,103.23149871826172,103.33906307333315,102.1481644627052,102.37098387769024,135217900
2011-05-19,103.47737121582031,103.7462880072585,102.90882170332637,103.56957762285934,119489500
2011-05-20,102.65528869628906,103.4773854246601,102.46320859706867,103.20848031993488,182594900
2011-05-23,101.46441650390625,101.9715109132989,101.1033048842153,101.40294944910333,168700000
2011-05-24,101.37989807128906,101.97918718511802,101.18781792650691,101.75637937557306,147199600
2011-05-25,101.71794128417969,102.14051986551318,100.94194187019589,100.97266952900225,151050100
2011-05-26,102.1866226196289,102.37102375313712,101.24927070733209,101.44135082503816,164850000
2011-05-27,102.57842254638672,102.85501827887856,102.15585582821032,102.47085819061964,120921900
2011-05-31,103.64643859863281,103.66180829241445,102.83202068282628,103.54656489815554,164731200
2011-06-01,101.31838989257812,103.66176905246158,101.23387419423358,103.34675492921038,233094300
2011-06-02,101.21086883544922,101.6027198425671,100.61927041751053,101.3875910135636,200466800
2011-06-03,100.204345703125,100.97266610728052,99.94311957938548,99.9968959113841,234690200
2011-06-06,99.14404296875,100.15823135747083,99.01342992904571,99.95078160093483,179951200
2011-06-07,99.08258056640625,99.93541647814703,98.9980648734,99.65113002514268,161660500
2011-06-08,98.667724609375,99.25933472140184,98.48332345502288,98.92895078530948,198696400
2011-06-09,99.42066192626953,99.82787082845822,98.69845054832487,98.9366280129666,160964400
2011-06-10,98.03766632080078,99.05952783577095,97.7764402398994,98.9980725303188,238629400
2011-06-13,98.11451721191406,98.52941681208236,97.61511361858349,98.260499970357,207599800
2011-06-14,99.35919189453125,99.70493370245006,98.97503172492414,99.01343836297445,160570400
2011-06-15,97.59204864501953,99.34382397353914,97.33082253870975,98.52940627525676,300958000
2011-06-16,97.80718231201172,98.32195553658191,97.05422579433579,97.62278120861004,308032800
2011-06-17,98.09906768798828,98.78626255827744,97.76705172553207,98.7785396128581,233284900
2011-06-20,98.6009292602539,98.80940751244742,97.73614803894822,97.7670339241206,159479000
2011-06-21,99.95211029052734,100.14514256678629,98.6394931683176,99.11049239365961,193157300
2011-06-22,99.34990692138672,100.2301341294675,99.28813514411205,99.64331991800091,176703000
2011-06-23,99.064208984375,99.32673016496399,97.43501540332183,98.18398189870116,334286500
2011-06-24,97.91373443603516,99.11825450238429,97.7670338451851,99.04104862583605,226129300
2011-06-27,98.78624725341797,99.16458315713109,97.7824765761432,97.9755089455514,168904700
2011-06-28,100.07569885253906,100.09114474048859,99.04104821336965,99.180025859634,165556300
2011-06-29,100.9327621459961,101.09490273190619,100.09114387729234,100.53125153509436,244295500
2011-06-30,101.89794158935547,102.0600822033275,100.92506256023611,101.25707262430616,223322700
2011-07-01,103.40357971191406,103.54256914639446,101.75122307738214,101.9905813337951,202385700
2011-07-05,103.31863403320312,103.5271122719205,102.99434109617594,103.29547109354117,165936000
2011-07-06,103.44219207763672,103.57345268138873,102.77816022339856,103.07157320929213,143331600
2011-07-07,104.51541900634766,104.77794013190197,104.144800253697,104.3609955078897,170464200
2011-07-08,103.77417755126953,104.5154268942717,102.99433116705819,103.33406995836091,194100500
2011-07-11,101.89794158935547,102.83221178313211,101.65858330469803,102.50020171906208,195918600
2011-07-12,101.45781707763672,102.52335961546162,101.42693707994057,101.68174124254053,214675700
2011-07-13,101.79754638671875,102.86308882432598,101.55047108310242,101.99057875400929,204062600
2011-07-14,101.09494018554688,102.52338490287714,100.90190775248954,102.05238529494662,226111800
2011-07-15,101.6817626953125,101.8207403869093,100.97140478081218,101.65859974671304,220012800
2011-07-18,100.84780883789062,101.36513405761181,100.09112541907916,101.21071055320758,196872100
2011-07-19,102.48477172851562,102.60831530807442,101.38834896890066,101.41151191734741,166554900
2011-07-20,102.42296600341797,102.80903072530309,102.2453795302437,102.74727073775054,137145400
2011-07-21,103.84370422363281,104.09850838109894,102.43842283065509,103.00207408590717,245246300
2011-07-22,103.9131851196289,104.02128277377692,103.2800333012186,103.86685923667413,126019400
2011-07-25,103.33407592773438,103.84368414412735,102.81675065900549,102.92484830050466,136653800
2011-07-26,102.94803619384766,103.43448158938784,102.71639496826842,103.26461214274721,131278200
2011-07-27,100.84009552001953,102.40751712218673,100.70882316556931,102.37662535110718,249020100
2011-07-28,100.54669952392578,101.74350254685098,100.38454715286703,100.84011248976515,207939900
2011-07-29,99.8594970703125,100.80149588419737,98.80940061131427,99.53520413497242,307038400
2011-08-01,99.4348373413086,101.11808579938833,98.469675453944,101.02542224660363,325790900
2011-08-02,96.89453125,99.21864274108604,96.89453125,98.68587149031278,346653800
2011-08-03,97.41956329345703,97.5276609363106,95.38114218410453,97.02578154772465,370830800
2011-08-04,92.85629272460938,96.22277772180456,92.7018632943965,96.06834829159169,520721800
2011-08-05,92.71732330322266,94.25385954984458,90.23106506151522,94.01450126016213,655619200
2011-08-08,86.67924499511719,92.74818233345485,86.49392970430777,90.26964775495506,702263900
2011-08-09,90.70977020263672,90.8333078511402,85.14271169492379,88.07680595560399,717828700
2011-08-10,86.70240783691406,89.78320237990462,86.43988078733373,88.99563301292284,662607400
2011-08-11,90.59394836425781,91.82163134291858,86.72557823086237,87.45138178758314,487979700
2011-08-12,91.20394897460938,92.04556739716199,90.55535705800479,91.42014431651715,313731600
2011-08-15,93.13426208496094,93.2269138544733,91.88341017861904,92.03011666818769,258810600
2011-08-16,92.3389663696289,93.18831355341784,91.35064152763532,92.24631459749247,294095200
2011-08-17,92.4007339477539,93.58209111587732,91.66721329421651,92.84857046233991,238201100
2011-08-18,88.41655731201172,92.43162865616877,87.55177008656943,89.9530934825677,512956300
2011-08-19,86.97267150878906,89.47436958604156,86.86457384372069,87.21975272764263,428281300
2011-08-22,87.04216003417969,88.97248375994462,86.795078832917,88.92615198472751,275090600
2011-08-23,89.90676879882812,90.00714352196859,86.926348194553,87.36646181275522,331136600
2011-08-24,91.17305755615234,91.29659521937442,89.50525492104768,89.7137331958762,246869700
2011-08-25,89.78323364257812,92.19228024132761,89.46666355327467,91.67495479607463,312365400
2011-08-26,91.08814239501953,91.50509314332861,87.90696588433661,89.3276876071915,314495900
2011-08-29,93.70563507080078,93.75968389928856,91.15760540579294,92.31579963700004,190977200
2011-08-30,93.95272827148438,94.53182546105445,92.08417608694977,93.29641930148121,241315700
2011-08-31,94.36963653564453,95.3656839608866,93.65927904955639,94.55494590356348,301828400
2011-09-01,93.38130950927734,95.28074667863721,93.25776600677665,94.42368277539357,254585900
2011-09-02,90.99545288085938,93.32728707714966,90.67115993145639,91.43556642387203,255517200
2011-09-06,90.33141326904297,90.46267973889839,88.31615514380853,88.32387808694817,285130500
2011-09-07,92.87942504882812,92.91802797549562,91.38921541108216,91.69806827881452,209803200
2011-09-08,91.91432189941406,93.3813695347962,91.70584357765395,92.32354970546187,250568200
2011-09-09,89.50523376464844,91.92971947747368,89.01107144680377,90.86418308416101,380195100
2011-09-12,90.08433532714844,90.1538300361305,88.06136007732938,88.38565301023293,305793500
2011-09-13,90.91053009033203,91.25026897189346,89.73689578539025,90.37776471528808,272514700
2011-09-14,92.1690902709961,93.27323556866446,90.12294614569569,91.37379202622746,319389500
2011-09-15,93.75968170166016,93.79056758734075,92.1922598213728,93.15742165808967,326777200
2011-09-16,94.31462097167969,94.66388045446251,93.38327419364231,94.13611570121242,284528300
2011-09-19,93.37549591064453,93.85669502213037,92.14146133696465,92.77012001251045,241517000
2011-09-20,93.266845703125,94.67939154071637,93.14266890755454,93.77132762827003,218932200
2011-09-21,90.5193862915039,93.60060109504825,90.37192668259641,93.31343885782472,316251300
2011-09-22,87.59337615966797,88.64114262714237,86.382624323596,87.89606411868597,513911300
2011-09-23,88.12113952636719,88.6023386464811,86.9414274645903,87.01128171943537,307242500
2011-09-26,90.21666717529297,90.34084987829222,87.68650677593382,88.9515869756134,260673700
2011-09-27,91.22563934326172,92.79340762469477,90.68234884946622,91.99400064466876,311753900
2011-09-28,89.36294555664062,91.96296060653324,89.23100585543584,91.4119131003032,286696800
2011-09-29,90.0691909790039,91.295462377132,88.42380599635338,90.8453149653069,298108900
2011-09-30,87.8184585571289,89.60354074852596,87.75636719707387,88.8274165119121,288392300
2011-10-03,85.3193130493164,88.43932897849707,85.22617603599896,87.30618862923816,365136800
2011-10-04,87.1897964477539,87.37607053336431,83.3790294136865,84.09306231111853,459177500
2011-10-05,88.80412292480469,89.03696253599556,86.5999332033222,87.40710302173132,284108000
2011-10-06,90.41072845458984,90.54267410100822,88.09788109035989,88.75758563701505,257800800
2011-10-07,89.80534362792969,91.00057578159425,89.30086163975147,90.938484415372,312657900
2011-10-10,92.80891418457031,92.8477168337816,91.32651442495693,91.33427732334178,230666300
2011-10-11,92.90206146240234,93.16594676124528,92.1647458640331,92.25788289680546,209088000
2011-10-12,93.71698760986328,94.79579966433451,93.39101690017208,93.60056780744296,281544900
2011-10-13,93.5307388305664,93.81014404564203,92.45192655288602,93.16595947080889,212538800
2011-10-14,95.12954711914062,95.15282989874203,94.08954348789133,94.61730820383578,211397600
2011-10-17,93.31343078613281,95.11403899458584,93.08059111862717,94.67940534333255,202311600
2011-10-18,95.13732147216797,95.8513544322375,92.5140174559319,93.24357621851004,318857900
2011-10-19,94.01191711425781,95.52536277496952,93.68594638906727,94.98207231162786,226601300
2011-10-20,94.42325592041016,94.76474648006543,92.99518457183395,94.24474478132939,262075600
2011-10-21,96.21611785888672,96.3325376729616,95.24596261052554,95.5331247743715,278999400
2011-10-24,97.39582824707031,97.63643078559123,96.28597035809851,96.37134449735464,203215600
2011-10-25,95.50211334228516,96.97674502007045,95.29255643052612,96.93017944917267,268596800
2011-10-26,96.47224426269531,96.83701767725222,94.85014154112113,96.51104692142283,289053800
2011-10-27,99.83285522460938,100.44598810472364,98.26508109392029,99.05672513754453,393220200
2011-10-28,99.8095703125,100.00360134977724,99.18866862466989,99.34389108594874,225906500
2011-10-31,97.403564453125,99.82506760444299,97.26386189275232,98.69193316782376,228146700
2011-11-01,94.6871566772461,95.85910593016602,94.31461443902006,94.7104394568806,416565800
2011-11-02,96.23163604736328,96.54984980548872,95.3002893938367,96.10745925685995,244717600
2011-11-03,97.9856948852539,98.1797259642346,95.92896426378675,97.22509045025177,291174800
2011-11-04,97.38805389404297,97.55879622073674,96.24715052875601,97.19402287059572,249401600
2011-11-07,97.99343872070312,98.09433273045396,96.39461891444608,97.31820856553456,196617200
2011-11-08,99.2507553100586,99.35941813995518,97.56656730634397,98.50567682806536,224426300
2011-11-09,95.58743286132812,97.63639970858719,95.3545932972212,96.93012403979064,337982000
2011-11-10,96.4877700805664,96.96896926499672,95.47880614982353,96.8525494389328,231866500
2011-11-11,98.30389404296875,98.5600105288117,97.62866385708273,97.65970953565471,189924400
2011-11-14,97.37254333496094,98.91702886533234,96.95343554816188,97.93911661749239,159258300
2011-11-15,97.85372924804688,98.37373098082375,96.7981999843271,97.14745346542034,184709400
2011-11-16,96.30147552490234,98.05551165058527,96.16177295617605,96.86804277709021,235782500
2011-11-17,94.77252960205078,96.36358663207214,94.08954241564169,96.12298409576425,331219600
2011-11-18,94.67164611816406,95.26925923259601,94.2758210613354,95.07522815472922,215580400
2011-11-21,92.87101745605469,93.40653908625517,92.08713041649399,93.29011928095687,229611600
2011-11-22,92.50625610351562,93.21252612894737,91.9862483285134,92.66924149399988,216494900
2011-11-23,90.46502685546875,92.50623711059117,90.46502685546875,91.63697595178917,224329100
2011-11-25,90.29427337646484,91.34980260775852,90.18561647806904,90.32531905048606,99557000
2011-11-28,92.90982055664062,93.27459985169446,92.21907054227127,92.77788087330205,210686000
2011-11-29,93.17371368408203,93.91102931428745,92.83221713719558,93.17371368408203,199241500
2011-11-30,97.00775146484375,97.18626261667058,93.13489378941394,95.84356529247607,324439500
2011-12-01,96.99225616455078,97.51225803217785,96.57314832573896,96.89911911547307,176954800
2011-12-02,96.90686798095703,98.17971119387254,96.8447766238983,97.88478612988011,221109700
2011-12-05,97.96240997314453,98.70748858966675,97.35703396730514,98.44360324888432,225263900
2011-12-06,97.99343872070312,98.65314307661312,97.60537663824343,97.95463014391417,178842100
2011-12-07,98.35822296142578,98.7695678420579,96.99224270464019,97.66746697233528,237802500
2011-12-08,96.2005844116211,97.93134384251054,95.96775072333783,97.71403003156992,240862800
2011-12-09,97.83045959472656,98.07881910648295,96.54985345668108,96.63522759397463,209111400
2011-12-12,96.4023666381836,96.99222256864589,95.58743994612043,96.97669677183143,215826100
2011-12-13,95.50211334228516,97.45794429766576,95.0364339478693,96.90689666372377,245159800
2011-12-14,94.48532104492188,95.4865215771269,94.27577019927682,95.1217424001194,238618800
2011-12-15,94.82685089111328,95.61849493547327,94.67938540465744,95.48655524830619,199109200
2011-12-16,94.9674301147461,96.02965370887021,94.74093189972821,95.46730529925557,220481400
2011-12-19,93.95207977294922,95.53760313981181,93.74900602402293,95.33452939088552,183903000
2011-12-20,96.79511260986328,96.95913169305092,94.01458841292653,95.42828095771983,225418100
2011-12-21,96.98253631591797,97.13093704834549,95.87345178649001,96.79508683631741,194230900
2011-12-22,97.84168243408203,97.94322228240871,97.02939940093631,97.34181320187946,119465400
2011-12-23,98.7164535522461,98.74769612316761,97.95103142085765,98.15409919348089,92187200
2011-12-27,98.7945556640625,99.05230240149614,98.45870547983682,98.54462105898136,86075700
2011-12-28,97.49803924560547,98.82581595589863,97.419935784808,98.81019764730397,119107100
2011-12-29,98.50557708740234,98.60711097725996,97.52145692519353,97.81825242094672,123507200
2011-12-30,98.02131652832031,98.66958642633543,98.02131652832031,98.42745800675598,95599000
2012-01-03,99.58343505859375,100.27075983583927,99.52876203848669,99.78650882995376,193697900
2012-01-04,99.73963928222656,99.82555487705415,98.96640488769036,99.3491160180692,127186500
2012-01-05,100.00518035888672,100.15358108848531,98.74770107991375,99.20070944264842,173895000
2012-01-06,99.74744415283203,100.1457795217629,99.41940606496506,100.13015525534351,148050000
2012-01-09,99.98957824707031,100.11453663199876,99.51313939592251,99.97395397977024,99530200
2012-01-10,100.85652160644531,101.2626571381531,100.71592706252967,101.05958937229921,115282000
2012-01-11,100.91121673583984,101.04399322559479,100.38011077682009,100.54412388623643,111540700
2012-01-12,101.1533432006836,101.30174396494678,100.39572702784308,101.20021600873427,118983700
2012-01-13,100.6300277709961,100.79405277913975,99.75525950842659,100.47382085522636,179836200
2012-01-17,101.02052307128906,101.7859570070984,100.676860800978,101.59850160934134,132209200
2012-01-18,102.137451171875,102.19211822801694,100.81748071840741,100.99711807119296,163395200
2012-01-19,102.6763916015625,102.76230720454471,102.1608979836692,102.48893612655802,126328900
2012-01-20,103.05909729003906,103.05909729003906,102.25462023919216,102.50456087369723,138230200
2012-01-23,102.79356384277344,103.29343328897104,102.30150057370335,102.71545440018757,129295800
2012-01-24,102.6763916015625,102.70762822181723,102.00469104674482,102.1608979836692,103083300
2012-01-25,103.53550720214844,103.77762967537981,102.12181514787073,102.52014451501054,198613200
2012-01-26,103.00440216064453,104.19158409761171,102.59825469914409,103.99632249928949,184880500
2012-01-27,102.95758056640625,103.13721796841148,102.43426879555443,102.50457205531883,135259100
2012-01-30,102.60608673095703,102.66076571282183,101.58291760474592,101.93438618673692,147311800
2012-01-31,102.56703186035156,103.23872040766769,102.0671506604114,103.1137620255064,157212000
2012-02-01,103.46522521972656,103.98852491632154,103.19967228434818,103.32463066005243,166234500
2012-02-02,103.6292495727539,103.89481445483865,103.2621686620555,103.66830428345676,113090400
2012-02-03,105.08196258544922,105.14444771877145,104.48056552313633,104.66020283279988,160598500
2012-02-06,105.01168823242188,105.05854911052349,104.52744326827523,104.64459546352926,107694500
2012-02-07,105.27726745605469,105.45691675742451,104.37906862050751,104.79302237092409,135528100
2012-02-08,105.58966827392578,105.613098713288,104.90234360510732,105.33192152311887,139361400
2012-02-09,105.72245788574219,105.90209524913615,105.09761828344787,105.76151259547761,148602900
2012-02-10,104.94136810302734,105.0272836618992,104.53522074128593,104.78516124630194,167907500
2012-02-13,105.72245788574219,105.84742818976588,105.23821285493055,105.69122126864833,115841900
2012-02-14,105.58966827392578,105.6521534181659,104.85548272638292,105.44126754608338,165329500
2012-02-15,105.09764099121094,106.08957362725518,104.88675504733422,105.93336667238702,195195100
2012-02-16,106.26138305664062,106.35510482677198,104.91798206824451,105.10543752633151,186567800
2012-02-17,106.54253387451172,106.71436502237428,106.19106540581878,106.628449448443,129869400
2012-02-21,106.58940887451172,107.04241724093119,106.26137079906788,106.79247665897992,134042300
2012-02-22,106.24577331542969,106.65192090456976,106.0583178317129,106.42541070535042,124455300
2012-02-23,106.71437072753906,106.79246821485646,105.83178450431664,106.1910710830069,137704300
2012-02-24,106.94866180419922,107.15954763758626,106.7143574535697,106.94866180419922,105539100
2012-02-27,107.12832641601562,107.41730976850984,106.06610284192884,106.23793400228274,145728900
2012-02-28,107.44073486328125,107.56570514056354,106.94867184512077,107.15955769830693,129355900
2012-02-29,107.01899719238281,107.9328201879541,106.64408628305301,107.59696398807417,185934700
2012-03-01,107.57353973388672,107.77661946757807,106.94870010021866,107.24550160772156,145023500
2012-03-02,107.2454833984375,107.64382470515143,107.00336091198464,107.50323015048102,120638300
2012-03-05,106.80810546875,107.15957399897646,106.44101267203116,107.08147650216135,140765000
2012-03-06,105.24600219726562,105.77710802768787,104.94139457856528,105.7146348034918,202129900
2012-03-07,105.98021697998047,106.15204818851807,105.38661392582308,105.4881537993659,143692200
2012-03-08,107.03459167480469,107.25329562765124,106.40976409920451,106.62845613422898,116968900
2012-03-09,107.44855499267578,107.72972024516255,107.10489268254062,107.23766913548887,122836800
2012-03-12,107.45634460449219,107.59692720906858,107.07362765122313,107.43291417039612,104003500
2012-03-13,109.39334106445312,109.44802002510403,107.85467892543939,108.0343281523033,184090500
2012-03-14,109.2762680053711,109.69802806192186,108.9404116614886,109.4246688142148,145163600
2012-03-15,109.90885162353516,109.95571250122171,109.15904182708313,109.44021901102484,165118500
2012-03-16,110.06110382080078,110.20230262440192,109.82576051140761,110.10817008866783,152893500
2012-03-19,110.4925308227539,110.82984695284624,109.91201909950738,109.99047083537057,125291100
2012-03-20,110.1708984375,110.3042568160236,109.5433204438178,109.86495581146244,121729700
2012-03-21,109.990478515625,110.33563505538301,109.76297564776854,110.23366215570559,122388400
2012-03-22,109.19815063476562,109.47271974433966,108.83730137252748,109.18245789334739,135216700
2012-03-23,109.5511474609375,109.67666543836775,108.6882382987241,109.2922830913107,120521000
2012-03-26,111.08873748779297,111.08873748779297,110.29642752274513,110.33564142562463,120164000
2012-03-27,110.74356842041016,111.2613212125088,110.67296903150283,111.19072182360146,119868500
2012-03-28,110.19440460205078,110.861208301567,109.54329364030187,110.68862409628167,148562100
2012-03-29,110.00615692138672,110.21012665646403,109.1118621515886,109.54332277957342,164963700
2012-03-30,110.46113586425781,110.64941283214522,109.86494342102763,110.54742797828288,135486800
2012-04-02,111.26913452148438,111.55939633311615,110.10812318511582,110.3277736549679,151741100
2012-04-03,110.81414794921875,111.30052713798612,110.16303688252418,111.11225016458711,155806700
2012-04-04,109.71591186523438,110.09245389804248,109.30798434715993,109.9983213823543,146896000
2012-04-05,109.66094970703125,109.98258496799191,109.2451819677604,109.33932641612124,137439400
2012-04-09,108.42935180664062,109.70018829148543,108.1312496306688,108.28030071865471,127555900
2012-04-10,106.60935974121094,108.52346650889373,106.49953453175618,108.21752399898051,235360300
2012-04-11,107.47228240966797,107.89589051876716,107.27616510600069,107.69977321509988,154133000
2012-04-12,108.87649536132812,108.96278746826694,107.49583362035928,107.57428534304995,154321500
2012-04-13,107.58213806152344,108.90005293950061,107.48015320434352,108.62548384865637,169246700
2012-04-16,107.51156616210938,108.28818344202767,107.14286447505569,108.13129190861385,147825300
2012-04-17,109.10401153564453,109.32366202201338,108.02143987421677,108.1312651174012,147877600
2012-04-18,108.73529052734375,109.10399205722126,108.55486593933504,108.61762491995799,123884200
2012-04-19,108.03712463378906,109.15891010844356,107.527224321683,108.75099464677986,198666700
2012-04-20,108.217529296875,108.90786605870099,108.15477032124984,108.51563143858179,143199600
2012-04-23,107.30753326416016,107.40167770486651,106.64074164692587,107.11141597025896,171844900
2012-04-24,107.7154769897461,107.99004603103837,107.31540195848305,107.40169405974193,137484200
2012-04-25,109.19026947021484,109.23733570683744,108.67251692726632,108.7666494005115,150252200
2012-04-26,109.95123291015625,110.07675088575132,108.89219444240892,108.95495343020646,136291600
2012-04-27,110.13164520263672,110.44542813648069,109.66881118569879,110.28069628573068,130725000
2012-04-30,109.72370910644531,109.99043774610561,109.42561893396133,109.91198603384363,115092200
2012-05-01,110.40620422363281,111.127914481992,109.53544289571185,109.6609488758239,138832200
2012-05-02,110.07676696777344,110.18659221995115,109.40212271295181,109.76297198294085,121081000
2012-05-03,109.23735809326172,110.17871892878023,109.03340036941599,110.09242682060464,143759700
2012-05-04,107.47228240966797,109.27656399741697,107.4095234360884,108.66467896757909,193927300
2012-05-07,107.5507583618164,107.91160757867388,107.04869843006252,107.08791232359482,127765900
2012-05-08,107.11932373046875,107.29190799597524,105.8406344824132,106.90751359188245,213377700
2012-05-09,106.48385620117188,107.16634059195806,105.50326967645593,105.98179637931932,220752500
2012-05-10,106.70355224609375,107.35466341329307,106.46036859919936,107.22129305526504,150600000
2012-05-11,106.38191986083984,107.37034721905849,105.98968507217367,106.03675133160468,153032400
2012-05-14,105.20518493652344,106.38188896073179,105.04829346063946,105.36207641240742,163910000
2012-05-15,104.60114288330078,105.75431381436746,104.43641101889276,105.13458827912577,207629300
2012-05-16,104.20106506347656,105.55035330135297,104.17753194061088,105.07182651966363,207265500
2012-05-17,102.65564727783203,104.35010374292534,102.6007286843096,104.22458578920342,247992900
2012-05-18,101.77703857421875,103.23615176870521,101.62798751063437,103.05571523381354,319615900
2012-05-21,103.52639770507812,103.565623557733,101.94176662420836,102.10651041733897,177861100
2012-05-22,103.70684814453125,104.51485063666,103.03220400867055,103.79314025388736,197531200
2012-05-23,103.76175689697266,103.91080797808108,101.97316786377449,102.96159486526248,204958400
2012-05-24,103.9657211303711,104.20890471163352,103.09495968033492,104.0441728527374,167357600
2012-05-25,103.62841033935547,104.21676237692928,103.37737439103195,103.92650056542361,135465600
2012-05-29,104.88356018066406,105.06398479757694,102.89885348446187,104.45995195616133,152883500
2012-05-30,103.36170196533203,104.87573439733424,103.14990380861902,103.98927998942536,162370400
2012-05-31,103.13419342041016,103.90297008411093,102.24773916416999,103.3224703864413,196186000
2012-06-01,100.5375747680664,103.15769900301152,100.5375747680664,101.51816126049047,253240900
2012-06-04,100.49051666259766,100.9925765085398,99.73742090865898,100.71800748042496,202545800
2012-06-05,101.25145721435547,101.40049632491908,100.23948512494347,100.29439773595549,164149400
2012-06-06,103.52639770507812,103.57346394024412,101.92607388913648,101.95745935928024,184202800
2012-06-07,103.58917236328125,104.75018356338605,103.37736230290726,104.70311732109215,184772700
2012-06-08,104.41288757324219,104.43642069891028,102.99298782762882,103.32247552708974,143915400
2012-06-11,103.08714294433594,105.31503351801177,102.98515807587482,105.25227451973225,169756100
2012-06-12,104.27165985107422,104.3422592165696,102.89099816671805,103.38520569523745,181931800
2012-06-13,103.60489654541016,104.61685697201911,103.25187568095917,103.96574582588417,172223900
2012-06-14,104.70315551757812,105.11892343625138,103.53429153731315,103.81670106415308,230615500
2012-06-15,105.77398681640625,105.86860707882741,104.95391646724049,105.17470510094198,169444500
2012-06-18,105.97897338867188,106.23919107364063,105.09581908725667,105.33238171287144,131360900
2012-06-19,107.00407409667969,107.43777025458115,105.9553223083272,106.51518680890462,137382600
2012-06-20,106.8305892944336,107.31948858527389,105.87646983574108,107.01196078829638,206451800
2012-06-21,104.4334487915039,107.06714956232071,104.34670956697643,106.95675527947432,205272200
2012-06-22,105.23773956298828,105.43487303794123,104.57536194277135,104.97752193220171,130029200
2012-06-25,103.55030059814453,104.16535621463537,103.179688619993,104.12592710443464,146375700
2012-06-26,104.07074737548828,104.38616829603662,103.24278400315596,103.84995874714338,141634000
2012-06-27,105.0090560913086,105.2140705699987,104.0628178350949,104.41765567716601,108088000
2012-06-28,104.70944213867188,104.86715859079969,103.51875993039314,104.31517507250429,169242100
2012-06-29,107.31951904296875,107.45356842512322,106.33385120470517,106.6098309801721,212250900
2012-07-02,107.6427993774414,107.75319368422703,106.86215821948488,107.61914431399285,129524500
2012-07-03,108.35245513916016,108.431301316504,107.50871802027415,107.6191122942143,80450000
2012-07-05,107.86354064941406,108.6599675428851,107.46927372221352,107.95027985468106,126177500
2012-07-06,106.83846282958984,107.0592513598239,106.33380161304451,106.82268878255242,151192100
2012-07-09,106.7044448852539,106.90157841893307,106.21554553991788,106.75175500820474,103780500
2012-07-10,105.77398681640625,107.42202055799162,105.41125575699489,107.24854205550072,167884800
2012-07-11,105.78975677490234,106.13671376645077,105.17470102882203,105.8291858934106,141733400
2012-07-12,105.27715301513672,105.84489836606,104.55959633533739,105.17465179349226,143583200
2012-07-13,107.04349517822266,107.15388946176436,105.53739228470228,105.55316633437238,129642600
2012-07-16,106.79112243652344,107.10654316300018,106.37320050200337,106.79901547472937,97525200
2012-07-17,107.52449798583984,107.74528654587054,106.09725335418638,107.21697020350608,138860300
2012-07-18,108.32090759277344,108.53381513362284,107.20908383961213,107.2721559689782,113349700
2012-07-19,108.60480499267578,108.9596429533755,108.1947758982156,108.54172081689508,129847300
2012-07-20,107.61121368408203,108.15530395667332,107.49293842137587,107.98970655681322,142904500
2012-07-23,106.52303314208984,107.5402485296792,105.5373658459374,106.03414601346111,145210900
2012-07-24,105.60832977294922,106.64920020095164,104.89865414081763,106.60189009641905,173301200
2012-07-25,105.63203430175781,106.10514754686439,105.07216979149473,105.82916782857112,129122300
2012-07-26,107.37467956542969,107.60336117665794,106.6571106961026,107.15389099518669,156526500
2012-07-27,109.3538818359375,109.66142162561162,107.35101090757503,107.94241136696715,236768900
2012-07-30,109.3538818359375,109.87431712790011,109.03059206251206,109.2277255489761,106782000
2012-07-31,108.58904266357422,109.50373312959913,108.58904266357422,109.20409833558934,120575900
2012-08-01,108.49439239501953,109.39332069215286,108.34456900681828,109.36966563423415,138293800
2012-08-02,107.74530029296875,108.47864327183818,106.90945606162612,107.67433511077753,199556600
2012-08-03,109.88221740722656,110.11088697247804,107.77682104485696,109.25926881099767,157825000
2012-08-06,110.09515380859375,110.52885007486026,110.04784367628802,110.1740120504889,86326200
2012-08-07,110.6471176147461,111.12023088512129,110.41843597346661,110.53671128304134,109545100
2012-08-08,110.78116607666016,110.90732239515663,110.24495660276455,110.27650470644578,89754700
2012-08-09,110.87577819824219,111.09656677952616,110.51304722494692,110.62344151558891,90291700
2012-08-10,111.05712127685547,111.09655038170972,110.24493225156641,110.4262916954078,99792700
2012-08-13,111.00191497802734,111.05710609161802,110.42627659642595,110.86786566551069,79426900
2012-08-14,111.01768493652344,111.48292909216423,110.68650213506449,111.41195189522304,102379400
2012-08-15,111.14386749267578,111.33311998864806,110.82845869812957,110.89942387209133,71085900
2012-08-16,111.96395874023438,112.09800809045166,111.02560125663808,111.30158096635301,112014200
2012-08-17,112.11373901367188,112.20837125916545,111.86141443385678,112.1531681132882,90813700
2012-08-20,112.12167358398438,112.14532864610189,111.6485482774812,111.95607611708536,78255700
2012-08-21,111.78258514404297,112.8313368982936,111.53814150810392,112.39764075449446,105581100
2012-08-22,111.82989501953125,112.01125446627583,111.23849453347073,111.4987001591125,133243500
2012-08-23,110.91520690917969,111.56179860001667,110.7417284484996,111.5539175907404,111466400
2012-08-24,111.58543395996094,111.83777059715578,110.56823046744287,110.6391956346265,99481200
2012-08-27,111.60908508300781,112.03490013525172,111.45138070635448,111.88507676620561,68785900
2012-08-28,111.49870300292969,111.84565988873291,111.15963915766908,111.32522456002808,75689600
2012-08-29,111.58543395996094,111.88508070861153,111.27790620342542,111.59332699991897,65421300
2012-08-30,110.78116607666016,111.13600403457905,110.54460342735551,111.1044559308978,96589900
2012-08-31,111.30946350097656,111.82989883416006,110.67863388791238,111.4119647402467,151970400
2012-09-04,111.20693969726562,111.54601554540444,110.49726396982786,111.21482070505566,120226200
2012-09-05,111.11234283447266,111.55392000500586,110.89155424920607,111.25427319696884,100660300
2012-09-06,113.36754608154297,113.375427090659,111.77470389862738,111.78258490774343,158272500
2012-09-07,113.80914306640625,113.85645319349698,113.45430508114876,113.55680634581964,107272100
2012-09-10,113.1624984741211,113.89584127605201,113.12308140379794,113.69870779614527,86458500
2012-09-11,113.47792053222656,113.84063940135687,113.20192884443678,113.23347693953595,88760000
2012-09-12,113.85645294189453,113.98262130190903,113.47006685137902,113.85645294189453,87640900
2012-09-13,115.59120178222656,115.94603969303292,113.54102050197062,113.84065525470233,225470200
2012-09-14,116.10372924804688,116.789749852262,115.72522433420865,115.81985657870409,169777000
2012-09-17,115.70950317382812,116.06434112777156,115.41773736238821,115.86720759423898,119427800
2012-09-18,115.6148452758789,115.76466865329525,115.32309156116713,115.51234404296775,98326600
2012-09-19,115.6779556274414,116.04856763483306,115.44928602155612,115.74892081215656,128318300
2012-09-20,115.68582916259766,115.74890129476974,114.83421099338607,115.14961978254263,154009800
2012-09-21,115.6374740600586,116.27167118929886,115.5899113922188,116.24788985537896,108737500
2012-09-24,115.46309661865234,115.72470344941185,114.97952255506182,115.06672483198165,95682000
2012-09-25,114.23429870605469,115.93076865160252,114.20258220447371,115.70880152574027,133165200
2012-09-26,113.59220123291016,114.24225665442947,113.32267136870671,114.21055223947222,146502200
2012-09-27,114.66238403320312,114.92399075916914,113.76658028334695,114.06782659136275,111830300
2012-09-28,114.13124084472656,114.59895643524096,113.72694616253126,114.22636615905454,150696100
2012-10-01,114.43254852294922,115.49482209047703,114.16300649392075,114.5673134893095,135911200
2012-10-02,114.5514144897461,115.06669283059028,114.02027789487947,114.88436524639515,113422200
2012-10-03,115.01912689208984,115.28865672128369,114.2581000689186,114.86058064528777,121283100
2012-10-04,115.84358978271484,116.01005911253834,115.29659493497336,115.45514118595406,124311600
2012-10-05,115.85149383544922,116.66009530785014,115.50268488279386,116.4619095025961,124842100
2012-10-08,115.45512390136719,115.83563726601561,115.19351718307709,115.42341949443889,78415400
2012-10-09,114.31361389160156,115.46308958364926,114.27397429608828,115.36796423146238,148872900
2012-10-10,113.58429718017578,114.40875726283036,113.43367396721156,114.29776155112464,124247500
2012-10-11,113.64768981933594,114.54349369677354,113.62390848597953,114.37701226697483,123601500
2012-10-12,113.27508544921875,114.11539138062439,113.02933697074755,113.72695491967406,124181900
2012-10-15,114.2184829711914,114.33738965562824,113.17999093942429,113.54464616923433,107689100
2012-10-16,115.37580871582031,115.45508785284039,114.67820311449513,114.75747015521722,108815500
2012-10-17,115.89905548095703,115.99419289213306,115.28071674166958,115.45512121647388,128834100
2012-10-18,115.59781646728516,116.15273427476164,115.20936795390112,115.59781646728516,148108500
2012-10-19,113.67146301269531,115.39171454801047,113.40193318975442,115.38379146956032,185645200
2012-10-22,113.68733215332031,113.89344107948935,112.79152825424322,113.48121113084713,125578600
2012-10-23,112.1097412109375,112.61709637200128,111.64202562889301,112.45855015222533,192056300
2012-10-24,111.79264831542969,112.64881241428934,111.6182438454971,112.51403542691322,120179400
2012-10-25,112.11769104003906,112.79152775524403,111.4359433419643,112.58541882998684,134457400
2012-10-26,112.05426025390625,112.44269669447011,111.29322143171906,112.01462067319724,146023500
2012-10-31,112.05426025390625,112.59331984338333,111.52311164574859,112.45063186839293,103438500
2012-11-01,113.22750854492188,113.37019650945156,112.18901692650861,112.29206531323534,100995600
2012-11-02,112.22074127197266,113.93306972840512,112.10183461373553,113.90135322200658,137702200
2012-11-05,112.45068359375,112.70435525362913,111.7213488428677,112.05431179693919,98378500
2012-11-06,113.33060455322266,113.77453893265216,112.67262606360228,112.79153273798353,107068100
2012-11-07,110.76209259033203,112.31586265279218,110.23887911986374,112.30001649645256,264304500
2012-11-08,109.43031311035156,111.30912352857803,109.34311083696294,110.746270291923,181517300
2012-11-09,109.5254135131836,110.5401239350342,109.0418396327468,109.09732537178583,201055300
2012-11-12,109.61264038085938,110.04071652211934,109.3668918464041,109.86631199515655,97677500
2012-11-13,109.23211669921875,110.38952748027314,108.89124281556008,109.03393083300641,123018300
2012-11-14,107.75759887695312,109.73945727250928,107.51185037131276,109.56506486229972,191505000
2012-11-15,107.57527160644531,108.20154563520448,107.16304167199783,107.7972387796931,178128400
2012-11-16,108.1064224243164,108.3204665467786,106.78254228965267,107.73383202815475,239483900
2012-11-19,110.29437255859375,110.31021871430158,108.1381099447259,109.319289648969,151495800
2012-11-20,110.34192657470703,110.52425412148105,109.46198114976998,110.11995944916445,119807400
2012-11-21,110.5480728149414,110.6432102554028,110.21512201408953,110.43708921465745,81710800
2012-11-23,112.05426025390625,112.09388773831355,111.0157564630577,111.08711254685461,65409200
2012-11-26,111.8164291381836,112.06217759116865,111.1346695123374,111.49932460505683,100124400
2012-11-27,111.24566650390625,112.08597244960303,111.17432251145333,111.70545906021823,128646200
2012-11-28,112.14148712158203,112.20489594908031,110.1913330276398,110.7938136593084,177086500
2012-11-29,112.66471862792969,112.97388815374886,112.07016091702297,112.56167018352835,151085900
2012-11-30,112.6884765625,112.90252068093412,112.30004001369205,112.68055348267099,136568300
2012-12-03,112.13355255126953,113.29888632778746,112.04635029260818,113.20376098972214,124656300
2012-12-04,111.97505187988281,112.46654912174013,111.67380539161707,112.1256751240157,127512200
2012-12-05,112.17318725585938,112.69640078504204,111.2773833737409,112.07012674657383,147300500
2012-12-06,112.55367279052734,112.60123544569991,111.90362967600076,112.07009896910473,103220600
2012-12-07,112.89458465576172,113.11655182857243,112.3079502154456,112.9897099880224,108726400
2012-12-10,112.94219207763672,113.21172202338472,112.68850829600906,112.7360830772956,98840700
2012-12-11,113.7111587524414,114.24229558216857,113.354426505169,113.409912274327,152570400
2012-12-12,113.76658630371094,114.59104610728801,113.6080400634239,114.15503487427155,145880100
2012-12-13,113.06900787353516,114.02029764247608,112.78361973322231,113.69526990839368,135715000
2012-12-14,112.6488037109375,113.02931702670926,112.47439925447956,112.82320816739544,137701700
2012-12-17,113.97272491455078,114.03614583972636,112.91043953824064,112.94215604898075,143238200
2012-12-18,115.24108123779297,115.34414173008663,113.98854546366948,114.15502686688987,177762800
2012-12-19,114.38493347167969,115.40757917446363,114.34530598093757,115.36793958741787,150895400
2012-12-20,115.04293823242188,115.05879649012958,114.13921108398573,114.45631575660762,168487000
2012-12-21,113.99866485595703,115.03654299292207,113.32006113024325,113.50368188166026,245883800
2012-12-24,113.64739227294922,113.81504229223954,113.51965080352049,113.75117155752517,53874600
2012-12-26,113.16838836669922,113.9348251401,112.84904681734011,113.87893366880758,106947700
2012-12-27,113.01669311523438,113.43184686129885,111.70737331496841,113.2003138909153,167920600
2012-12-28,111.79515838623047,112.90488632508043,111.66741693865617,112.2821619957744,148806700
2012-12-31,113.69527435302734,113.81502434792611,111.4039562665051,111.49976844451922,243935200
2013-01-02,116.60931396484375,116.68116396755626,115.54748592373991,115.85086884465417,192059000
2013-01-03,116.34583282470703,116.85678639760883,116.03447068156521,116.55341570819763,144761800
2013-01-04,116.85679626464844,117.04840843895107,116.29794265055135,116.53745482290586,116817700
2013-01-07,116.53743743896484,116.64920814511139,116.10631315661873,116.44163745715163,110002500
2013-01-08,116.20216369628906,116.48957591873993,115.74708926820131,116.32990516895552,121265100
2013-01-09,116.49755859375,116.81691228473998,116.27401710110587,116.45763785961404,90745600
2013-01-10,117.42365264892578,117.431631922005,116.5374660532815,117.14421972390154,130735400
2013-01-11,117.41567993164062,117.47953848403239,117.04842625385461,117.39171774687249,113917300
2013-01-14,117.33578491210938,117.4156263393023,116.90466069661385,117.27191420677332,89567200
2013-01-15,117.41567993164062,117.52745067147168,116.72109330788619,116.79294331589965,93172600
2013-01-16,117.3996810913086,117.58330179518539,117.04839822678318,117.17613966517315,104849500
2013-01-17,118.15812683105469,118.4934389723726,117.4795110946603,117.91861467808643,133833500
2013-01-18,118.42152404785156,118.54926541700365,117.7029879829367,118.13411205830312,169906000
2013-01-22,119.06031036376953,119.06031036376953,118.14218227106528,118.4216152084311,111797300
2013-01-23,119.2519302368164,119.35572171919168,118.84476794627308,119.06033018578371,104596100
2013-01-24,119.2838363647461,119.86663998415874,118.9644827374619,119.07625346148755,146426400
2013-01-25,119.9544448852539,119.9544448852539,119.25187918000208,119.6590534783156,147211600
2013-01-28,119.81079864501953,120.01836943189925,119.36370342527236,119.9864279680106,113357700
2013-01-29,120.28182220458984,120.43351369085131,119.49143549401076,119.57127696533726,105694400
2013-01-30,119.81079864501953,120.50537320835855,119.69901570350841,120.26586095759019,137447700
2013-01-31,119.51535034179688,120.05824538650066,119.43552107605147,119.66704178343609,108975800
2013-02-01,120.74483489990234,120.8885348809327,120.06621917056383,120.2737898705279,131173000
2013-02-04,119.38763427734375,120.76881608959866,119.29981353888878,120.01037090226797,159073600
2013-02-05,120.59315490722656,120.93644634921147,119.98638911083253,120.0343012911493,113912400
2013-02-06,120.68097686767578,120.76080613816455,120.08220251958119,120.17002324458554,138762800
2013-02-07,120.52132415771484,120.8326863779764,119.64311677641447,120.72091563691065,162490000
2013-02-08,121.19192504882812,121.2637750436703,120.72887144524292,120.72887144524292,103133700
2013-02-11,121.16802978515625,121.27180909722082,120.86464676042846,121.14407977605671,73775000
2013-02-12,121.36753845214844,121.59107983918827,121.04020564180726,121.17592632807488,65392700
2013-02-13,121.47138977050781,121.83864351404215,121.12809821603147,121.61510199436009,82322600
2013-02-14,121.58316802978516,121.72688026250182,120.96843490379138,121.10415567896273,80834300
2013-02-15,121.43944549560547,121.82265774173464,120.99236251143849,121.69491626565903,215226500
2013-02-19,122.34959411621094,122.37354412254669,121.47937806708157,121.64702811143185,95105400
2013-02-20,120.82466888427734,122.30165038487226,120.76079816284731,122.26172966121668,160574800
2013-02-21,120.0902099609375,120.88857594566554,119.70699769925554,120.5213344146656,183257000
2013-02-22,121.26375579833984,121.26375579833984,120.14604878231086,120.6729608429572,106356600
2013-02-25,118.95650482177734,122.03819731316895,118.95650482177734,121.85457658919587,245824800
2013-02-26,119.7708511352539,119.91455114433589,118.74095234178075,119.53133893802087,186596200
2013-02-27,121.27977752685547,121.61508977268144,119.56328338067499,119.6670748551323,150781900
2013-02-28,121.04023742675781,122.04617393259423,120.88056670581325,121.27175814481318,126866000
2013-03-01,121.43944549560547,121.62306625365312,120.08222581307065,120.62510881324552,170634800
2013-03-04,122.08609771728516,122.08609771728516,120.96839046057329,121.15999045766937,99010200
2013-03-05,123.17986297607422,123.50719590183733,122.66093004076878,122.67690076892939,121431900
2013-03-06,123.34748840332031,123.68280050217726,123.07604701597316,123.61892979066747,94469900
2013-03-07,123.57103729248047,123.73070798988665,123.36346660406178,123.50716657709934,86101400
2013-03-08,124.09805297851562,124.26570307056411,123.47532827241656,124.11402371464958,123477800
2013-03-11,124.56900787353516,124.5769871455372,123.85048356632244,124.00217500902382,83746800
2013-03-12,124.28953552246094,124.62485975359075,123.9143149439886,124.48114762852214,105755800
2013-03-13,124.46524810791016,124.64088959341939,123.93034437734943,124.35347736095864,92550900
2013-03-14,125.12793731689453,125.18382880107346,124.4732833351398,124.79262495812718,126329900
2013-03-15,124.96269989013672,125.13109557050686,124.54569971637316,124.97874165274138,138601100
2013-03-18,124.2730484008789,124.81033119252876,123.65556903411978,123.76783689750512,126704300
2013-03-19,123.9843521118164,124.70607230921439,123.16639358149423,124.53767664008498,167567300
2013-03-20,124.85045623779297,125.05895024696997,124.5056255744549,124.71413181991392,113759300
2013-03-21,123.78385162353516,124.8103039320885,123.57535770458038,124.1046133813543,128605000
2013-03-22,124.77819061279297,124.77819061279297,124.0805150583557,124.17675334229995,111163600
2013-03-25,124.25697326660156,125.3155090396094,123.77583065400573,125.10700289483604,151322300
2013-03-26,125.25137329101562,125.28344457555532,124.63389399619416,124.77021836897434,86856600
2013-03-27,125.25137329101562,125.29147157389872,124.29709044527644,124.50558438547942,99950600
2013-03-28,125.63631439208984,125.78066579136897,124.89855234099747,125.17120113973762,102932800
2013-04-01,125.13905334472656,125.82870191986684,124.83432120520999,125.57208280526913,99194100
2013-04-02,125.75659942626953,126.06934649124771,125.39572707444289,125.58819151299848,101504300
2013-04-03,124.48149871826172,125.92495091015343,124.15272224266354,125.82872484278568,154167400
2013-04-04,124.98674011230469,125.23533233699143,124.3692608135073,124.64190956082322,131885000
2013-04-05,124.42536926269531,124.57773535817614,123.31070579756313,123.45504489668711,159666000
2013-04-08,125.2674560546875,125.27547081937638,124.09665188716761,124.51365214034644,86571200
2013-04-09,125.70044708251953,126.15754549077859,125.08296777595628,125.49996790056974,101922200
2013-04-10,127.24015045166016,127.40053138112303,126.00520383488735,126.0372751262677,135711100
2013-04-11,127.65716552734375,128.07416578154567,127.13591215052084,127.26422180354943,110142500
2013-04-12,127.34434509277344,127.53679722525347,126.63865464361346,127.24810679025846,116359900
2013-04-15,124.39325714111328,126.80703312460135,124.37722762463603,126.70278008613859,217259000
2013-04-16,126.22972106933594,126.29387587896764,125.02684592036863,125.33156597077078,147507800
2013-04-17,124.38529205322266,125.35561658354625,123.71969976546428,125.33154782667484,226834800
2013-04-18,123.60743713378906,124.625874748227,123.13430922712139,124.59379122856419,167583200
2013-04-19,124.68196105957031,124.73810108215832,123.59135424325683,123.8960863972524,149687600
2013-04-22,125.23532104492188,125.532026288114,124.09660087679659,124.92257404266405,106553500
2013-04-23,126.52642822265625,126.64671084481493,125.23534172094429,125.86083582872733,166141300
2013-04-24,126.60663604736328,126.94343965562062,126.3339750191054,126.56653775765359,96781200
2013-04-25,127.11984252929688,127.72128007236624,126.78303897353142,126.9754911560956,131060600
2013-04-26,126.895263671875,127.18395408382376,126.4862784504544,126.96743321579369,95918800
2013-04-29,127.74533081054688,128.02599430950318,127.039640209692,127.2401193816369,88572800
2013-04-30,128.05003356933594,128.08211708483753,127.19198919194554,127.72125707123828,116010700
2013-05-01,126.92737579345703,127.83354559074886,126.78303665916874,127.76939078563919,138874200
2013-05-02,128.1062469482422,128.21851484422282,127.12790718200401,127.24818984331077,96407600
2013-05-03,129.4053192138672,129.8143046418891,128.13027434877813,129.22088176303623,144202300
2013-05-06,129.734130859375,129.9185683426164,129.44544025086213,129.50158031409518,66882100
2013-05-07,130.3916778564453,130.43176390781596,129.64588886224792,130.0147759778375,90359200
2013-05-08,130.98512268066406,131.02522097878915,130.17519089818114,130.2473604930367,97419200
2013-05-09,130.6162109375,131.27377634377746,130.28742211622168,130.9289579967874,106738600
2013-05-10,131.0412139892578,131.15348184046735,130.31948160038678,130.70441043562923,103203000
2013-05-13,131.14544677734375,131.36196770431803,130.5680780325412,130.87279804635529,81843200
2013-05-14,132.50067138671875,132.59690969575126,131.24968349577819,131.24968349577819,119000900
2013-05-15,133.21441650390625,133.4790505194452,132.2441040165429,132.28420230428142,120718500
2013-05-16,132.58892822265625,133.40688683075822,132.38844901139558,132.94177359227984,109913600
2013-05-17,133.87196350097656,133.9521478218098,132.90163899956403,133.0780616361845,129801000
2013-05-20,133.86395263671875,134.385205848201,133.60734564833888,133.74367002283415,85071200
2013-05-21,134.056396484375,134.56160785772235,133.5191138310058,133.98422692711858,95804200
2013-05-22,133.06204223632812,135.5800726118822,132.45258990322534,134.19274780567972,244031800
2013-05-23,132.67710876464844,133.04599581169578,131.46621901479753,131.64264165865356,211064400
2013-05-24,132.56484985351562,132.6209898968328,131.4982991569906,131.8912427513771,151573900
2013-05-28,133.35877990722656,134.54561346628003,132.96583623003457,133.95219056861302,143679800
2013-05-29,132.49270629882812,132.95781955198723,131.78701553730667,132.6530872256429,160363400
2013-05-30,132.9818115234375,133.59126364398844,132.4926419805366,132.59689503868293,107793800
2013-05-31,131.0732879638672,133.3667703167372,130.81668097138436,132.61296662759918,176850100
2013-06-03,131.7949676513672,131.88317894643572,130.43972695271106,131.37796768956375,168390700
2013-06-04,131.16151428222656,132.396473048273,130.49592184738225,131.86720500568168,157631500
2013-06-05,129.32508850097656,131.04920422971213,129.21282067077436,130.78457029360501,211737800
2013-06-06,130.49588012695312,130.50390712387684,128.50713045772713,129.26894875265506,200225500
2013-06-07,132.15591430664062,132.2761969532622,130.8247292480485,131.3940956600473,188337800
2013-06-10,132.15591430664062,132.63705712940836,131.8110836591897,132.5648875414354,105667100
2013-06-11,130.79261779785156,131.94736755972662,130.50392729831339,130.9529986895333,159505400
2013-06-12,129.7100067138672,131.8270659939655,129.58972412147133,131.6907416438249,177361500
2013-06-13,131.68275451660156,131.91530498945934,129.34917384421493,129.63786436282234,163587800
2013-06-14,130.85675048828125,132.0516106782344,130.6402418071782,131.53838452182518,141197500
2013-06-17,131.8671875,132.49268156319766,130.8888481219158,131.746892650137,136295600
2013-06-18,132.90966796875,133.1101471282222,131.93132869162352,131.93934345294275,114695600
2013-06-19,131.0732879638672,133.0299667561969,131.01716015524963,132.79741628687563,206149500
2013-06-20,127.82552337646484,131.08933037950752,127.48871981424227,129.79824393951515,321255900
2013-06-21,128.2359161376953,128.79215637414566,126.94605482466957,128.6954210810289,271956800
2013-06-24,126.61553192138672,127.71996757138527,125.54333727021474,126.89769294049555,222329000
2013-06-25,127.83281707763672,129.0662410862701,126.90572555216875,127.76025331751974,162262200
2013-06-26,129.09849548339844,129.38871365091828,128.38101338883948,128.88082878250142,134848000
2013-06-27,129.85626220703125,130.45282507183518,129.75145746430223,129.8723888523033,129483700
2013-06-28,129.32420349121094,130.11423695546335,128.8727557973524,129.49350252692142,160402900
2013-07-01,130.08193969726562,130.98483469444048,129.85621594797192,130.0013188006514,131954800
2013-07-02,129.9610595703125,130.8397710218383,129.38868055540436,129.8884958212217,154863700
2013-07-03,130.01742553710938,130.41244818841417,129.1628982883054,129.3724953659868,75216400
2013-07-05,131.42019653320312,131.4685641613178,130.03360045580172,130.9768061071112,122416900
2013-07-08,132.169921875,132.5246342225936,131.4685666520011,132.0973704314535,108092500
2013-07-09,133.12115478515625,133.2823842644529,132.42785695326202,133.0002234499182,119298000
2013-07-10,133.16954040527344,133.62098792875452,132.7180928817924,132.9921842637598,121410100
2013-07-11,134.98341369628906,135.12045940120888,133.16148447565516,134.7173794569658,135592200
2013-07-12,135.03982543945312,135.3784110837679,134.73349307613353,134.94309019851246,104212700
2013-07-15,135.5557861328125,135.74926894270232,135.1768899849184,135.4106832511633,69450600
2013-07-16,135.0479278564453,135.72509931027736,134.68515831339425,135.64447838914356,88702100
2013-07-17,135.39456176757812,135.82182555896935,135.21720559367708,135.56386077031084,92873900
2013-07-18,136.13623046875,136.4587018380073,135.59610476389707,135.68478285281472,103620100
2013-07-19,136.37806701660156,136.4264346418028,135.68476901966176,135.8540680088898,103831700
2013-07-22,136.64407348632812,136.8375562488357,136.2490507924248,136.57152206327075,79428600
2013-07-23,136.3538360595703,136.91008815910752,136.28128464685315,136.88590435486844,80829700
2013-07-24,135.8540802001953,136.93433159670866,135.57997646441783,136.8778944948935,112914000
2013-07-25,136.18458557128906,136.30551693652046,135.38649514547146,135.6122189326748,111088600
2013-07-26,136.32972717285156,136.37003763574168,135.0479356397186,135.6122452171017,107814600
2013-07-29,135.9105224609375,136.2894186757225,135.52356907386877,135.98307391457044,79695000
2013-07-30,135.9105224609375,136.46677487417614,135.58806335521797,136.32167196691026,85209600
2013-07-31,136.0072021484375,136.92622367215762,135.82984603850727,136.1926154266299,142388700
2013-08-01,137.5792694091797,137.70018848952267,136.9665799327072,137.03914368193847,110438400
2013-08-02,137.81298828125,137.82911491836873,137.08744952416566,137.27286279746147,91116700
2013-08-05,137.61146545410156,137.8210748596066,137.3293169251069,137.50667305237047,54072700
2013-08-06,136.82949829101562,137.6437275550129,136.52316593421534,137.34544006675645,87495000
2013-08-07,136.3861541748047,136.58769419147228,135.87828169750028,136.3942236481283,84854700
2013-08-08,136.88597106933594,137.19230350600182,136.18460350151764,137.03107396548944,102181300
2013-08-09,136.49093627929688,137.1278095148996,136.01530487110327,136.70860290547972,91757700
2013-08-12,136.32972717285156,136.49095672338584,135.7412337779396,135.80572805835857,68593300
2013-08-13,136.73280334472656,136.96658434125627,135.7654137677687,136.57157379873792,80806000
2013-08-14,136.03143310546875,136.885960676227,135.99917981919984,136.66829404749768,79829200
2013-08-15,134.12889099121094,134.9753490636482,133.89509772659514,134.95923472203782,152931800
2013-08-16,133.6854705810547,134.33040083046444,133.41943639188486,133.87088387616527,130868200
2013-08-19,132.83096313476562,133.99183529746892,132.82289366353757,133.53231827430588,96437600
2013-08-20,133.4839324951172,133.98374760234492,132.90349649271394,133.04859934280398,89294400
2013-08-21,132.66168212890625,133.84673826383104,132.3634068776071,133.11312974201573,159530500
2013-08-22,133.870849609375,134.06433232497875,132.92764443521585,132.93570160215083,101471400
2013-08-23,134.32235717773438,134.49165616739015,133.63712865061274,134.26593238186493,90888900
2013-08-26,133.8225860595703,134.87059672385683,133.73390795026083,134.45944717113653,89702100
2013-08-27,131.6700897216797,133.82253504415874,131.57335447604743,132.50043338275134,158619400
2013-08-28,132.1376495361328,132.60522367419586,131.44435164880096,131.6136383102417,108113000
2013-08-29,132.34732055664062,133.04867600490368,131.7265737489779,131.8475051614213,119200500
2013-08-30,131.92807006835938,132.63749475623086,131.54111673907698,132.6213681130453,134928900
2013-09-03,132.52462768554688,133.48395995075634,131.96837537707924,133.20179906062742,142375100
2013-09-04,133.62100219726562,133.84672598310974,132.3150271075928,132.55686523455165,97389400
2013-09-05,133.79031372070312,134.1450137738125,133.6048880712989,133.70163563216954,63090500
2013-09-06,133.8548126220703,134.6126050561009,132.5972048809244,134.2337088390856,159756500
2013-09-09,135.13658142089844,135.21719002637562,134.18530638849094,134.18530638849094,87559300
2013-09-10,136.13623046875,136.16041428381618,135.64447239402944,135.95081711956766,105847200
2013-09-11,136.56344604492188,136.56344604492188,135.71698821446566,135.95076911122524,94545900
2013-09-12,136.20071411132812,136.69247214766406,136.01530077661837,136.51511598367247,83209000
2013-09-13,136.50704956054688,136.61185427789937,136.03141819890942,136.3458200499437,72727800
2013-09-16,137.2970733642578,138.04680837366683,137.0794067742975,137.9823141136407,106299200
2013-09-17,137.90975952148438,137.94200050024693,137.41800156345667,137.41800156345667,82523300
2013-09-18,139.50596618652344,139.8848623046785,137.51475034890788,137.86139318410073,203460600
2013-09-19,139.27220153808594,139.94938530809625,139.13515580991233,139.8848910299512,146616900
2013-09-20,138.2984619140625,139.60270632889512,138.185049893685,139.60270632889512,132867100
2013-09-23,137.65847778320312,138.24174310607728,137.2210349715388,138.11213820398058,104616500
2013-09-24,137.33445739746094,138.14454681164332,137.075235212634,137.6341865251937,106333100
2013-09-25,136.93748474121094,137.69897063265253,136.81597629512189,137.42354324752978,117306500
2013-09-26,137.4640655517578,137.8529049836965,136.94560885551198,137.16433644390742,77146900
2013-09-27,136.8321990966797,137.01851619158052,136.47575779444657,136.7754869072413,99141800
2013-09-30,136.1031494140625,136.5324959137136,135.406471862763,135.67380291441137,143937000
2013-10-01,137.1805419921875,137.31015926845754,136.07072342146168,136.2084371421297,127160000
2013-10-02,137.05088806152344,137.18050530312723,135.9572750330652,136.3785248877873,113350000
2013-10-03,135.7871856689453,136.8565096448394,135.1553169053656,136.73498881431487,176698000
2013-10-04,136.8160400390625,136.95375379578607,135.71431762428693,135.89253833557322,96878000
2013-10-07,135.63327026367188,136.45956496120968,135.48746009639203,135.625173819151,96295000
2013-10-08,134.0535430908203,135.78713329991666,133.95633635267737,135.60891270600197,178015000
2013-10-09,134.1508026123047,134.6368488104539,133.28400106608214,134.31281801168777,168973000
2013-10-10,137.04283142089844,137.11573650510684,135.47125590271312,135.5198592921854,195955000
2013-10-11,137.92587280273438,137.97448856970215,136.71884701761684,136.83225908523167,105040000
2013-10-14,138.47669982910156,138.59011186361494,136.96993287857524,137.07524846811793,112106000
2013-10-15,137.47213745117188,138.6467643419038,137.28582039260957,138.12830773822307,155485000
2013-10-16,139.3921356201172,139.4650407238691,138.2337009628914,138.2985096198889,161676000
2013-10-17,140.32369995117188,140.404713843125,138.8007277815412,138.82502947693027,129389000
2013-10-18,141.27149963378906,141.36870641292285,140.558616957517,140.84215321130267,138316000
2013-10-21,141.2796173095703,141.56315360596523,140.96368286892348,141.32012426062474,104104000
2013-10-22,142.0977783203125,142.51901588972774,141.30388184360427,141.69273363827133,126663000
2013-10-23,141.41729736328125,141.67651951583989,140.9231423877037,141.61171088745473,105484000
2013-10-24,141.8871307373047,142.06535136563494,141.3686740987934,141.70081366622537,70350000
2013-10-25,142.53521728515625,142.57572422446196,141.90334858713098,142.1787759968379,93625000
2013-10-28,142.76205444335938,142.95648035332061,142.33270804138888,142.4866270083186,84979000
2013-10-29,143.52352905273438,143.58024124066267,142.88356390329847,143.08608624135803,87401000
2013-10-30,142.81063842773438,143.7989483707068,142.3002905700224,143.693645166312,140002000
2013-10-31,142.4055938720703,143.2966970543719,142.19497510215442,142.69722651709793,133795000
2013-11-01,142.74588012695312,143.06991099139654,141.94388705012577,142.59196113999772,142805000
2013-11-04,143.24813842773438,143.30483826924143,142.55955735710157,143.13472638373452,85677000
2013-11-05,142.79444885253906,143.18328826766478,142.22738879694276,142.6891332847204,85825000
2013-11-06,143.52352905273438,143.7908600222909,143.01316880530985,143.41011703786032,87348000
2013-11-07,141.70895385742188,143.90430189633983,141.5712401222846,143.79088985793354,157000000
2013-11-08,143.6207275390625,143.63693278624805,141.6441200167874,141.66031290299117,136713000
2013-11-11,143.64501953125,143.81513133713852,143.3128800003515,143.48299180624002,62614000
2013-11-12,143.3534393310547,143.67747017755653,142.87547714513545,143.33723408043426,83990000
2013-11-13,144.50376892089844,144.5442635070981,142.64865704431972,142.64865704431972,103844000
2013-11-14,145.2247314453125,145.3462399119619,144.3984367891464,144.6333572783297,103435000
2013-11-15,145.85658264160156,145.91328246555364,145.2733173499073,145.4596344300096,102818000
2013-11-18,145.34628295898438,146.22118126092775,145.0222520446292,146.09967275829132,104796000
2013-11-19,145.03030395507812,145.71077608285606,144.7791782194208,145.27333324670832,93891000
2013-11-20,144.57667541503906,145.75939917402266,144.17972710634734,145.32195627873756,124909000
2013-11-21,145.7432098388672,145.856621878262,144.89261336291358,144.98172370536557,92841000
2013-11-22,146.47227478027344,146.48848003071447,145.62978717210498,145.79989903829062,81296000
2013-11-25,146.3264617919922,146.76390465760306,146.1158306232672,146.73150651832913,79486000
2013-11-26,146.36688232421875,146.80433732949143,146.14816718256023,146.3992928080793,86994000
2013-11-27,146.72332763671875,146.8205467300763,146.34258478692868,146.5208053702763,58800000
2013-11-29,146.6261444091797,147.2337113059028,146.46412904224957,146.88537888505203,55870900
2013-12-02,146.24545288085938,146.9745284686916,146.01862881526782,146.6991010120425,99726000
2013-12-03,145.61358642578125,146.13204320707203,145.1437330363326,145.7675054072712,116563000
2013-12-04,145.59739685058594,146.20496403599597,144.47948163490196,145.087048820312,123033000
2013-12-05,144.95736694335938,145.6054407912819,144.81965325933518,145.33810986547707,106934000
2013-12-06,146.5775909423828,146.71530466921163,145.93761333778406,146.358863324015,127728000
2013-12-09,146.95022583007812,147.16895344941787,146.75581226709562,147.0069380266043,70124000
2013-12-10,146.4236297607422,146.91778469033522,146.3345194501277,146.6099468243977,80976000
2013-12-11,144.77919006347656,146.50468457812812,144.60096939243348,146.48038288307535,130591000
2013-12-12,144.30125427246094,144.8926161778666,144.00151273603439,144.71439548950016,115565000
2013-12-13,144.28501892089844,144.73057054886704,144.0095915003298,144.6009532823702,107808000
2013-12-16,145.1842041015625,145.6621538178668,144.92496959449343,144.96547653134567,96195000
2013-12-17,144.72250366210938,145.3381796758048,144.39847276299653,145.31387797642066,89886000
2013-12-18,147.19325256347656,147.2175542584232,143.64506913044144,144.9412048512041,234906000
2013-12-19,147.0231170654297,147.1932289027113,146.39124837641927,146.77197898971028,136531200
2013-12-20,147.87835693359375,148.22859304114903,147.0720222166502,147.16975674522672,197087000
2013-12-23,148.66842651367188,148.75802065033915,148.29376916258687,148.6032660117234,85598000
2013-12-24,148.9941864013672,149.05934689011076,148.66839638574174,148.67653678630003,45368800
2013-12-26,149.75164794921875,149.8331016572397,149.31183023894212,149.32811103807356,63365000
2013-12-27,149.7434539794922,150.01222377800983,149.58869944646983,149.94707574860868,61814000
2013-12-30,149.71910095214844,149.88199596950736,149.52361947446184,149.75981538541828,56857000
2013-12-31,150.42764282226562,150.42764282226562,149.80862459684144,149.9226647357045,86119900
2014-01-02,148.98605346679688,149.9227215578201,148.62767697479447,149.8494082367519,119636900
2014-01-03,148.9616241455078,149.53991576125955,148.7498618614221,149.23854692348766,81390600
2014-01-06,148.52993774414062,149.5073202371162,148.30188224338275,149.45031257597307,108028200
2014-01-07,149.442138671875,149.69462776724268,149.01046136145462,149.1244890957526,86144200
2014-01-08,149.4746856689453,149.72717469766258,148.96155478601176,149.41766560280263,96582300
2014-01-09,149.57244873046875,149.97155198546506,148.88828237455223,149.95525875944134,90683400
2014-01-10,149.97975158691406,150.04491208864022,149.0593765886629,149.82499694882637,102026400
2014-01-13,147.98426818847656,150.01233455249826,147.6991925299688,149.59695031087716,149892000
2014-01-14,149.596923828125,149.67837755273501,148.1960042758684,148.47292705459287,105016100
2014-01-15,150.40325927734375,150.63131477482432,149.62949866602804,149.94714828238259,98525800
2014-01-16,150.20779418945312,150.40327567779204,149.72724951222554,150.09376642827888,72290600
2014-01-17,149.57244873046875,150.23218146139467,149.31181925453913,149.9471183604745,107848700
2014-01-21,150.01229858398438,150.49285564408228,149.09193617972363,150.4358355548142,88621200
2014-01-22,150.110107421875,150.33002261271793,149.79245766981205,150.26486209587193,61270900
2014-01-23,148.880126953125,149.37696469942583,148.09008571204646,149.35253107486102,132496900
2014-01-24,145.70362854003906,147.95976177804008,145.65476129189506,147.9108945298961,208677100
2014-01-27,144.9869842529297,146.2168689159621,144.26209053081274,145.84219901967634,180843100
2014-01-28,145.85023498535156,146.03756356934198,145.0764621704346,145.09275539498256,110463200
2014-01-29,144.4494171142578,145.4267999941394,144.0666068518554,144.63674582944486,216597300
2014-01-30,145.98060607910156,146.45301036880016,145.1905521290308,145.6548160170101,118938100
2014-01-31,145.1253662109375,146.0294477671914,144.0991165098217,144.1724173967388,194677900
2014-02-03,141.85928344726562,145.28012839083854,141.58236068573999,144.9543383688193,254837100
2014-02-04,142.8529815673828,143.21949850664004,141.81043841976046,142.49460503011989,165012400
2014-02-05,142.67373657226562,142.9913861170717,141.48459209297715,142.35608702745955,164230500
2014-02-06,144.55526733398438,144.55526733398438,142.71452968482117,143.00774574140513,132877600
2014-02-07,146.34710693359375,146.50186154592444,144.75885880616022,145.23126304397763,170787200
2014-02-10,146.61587524414062,146.66475492868565,145.96429525397352,146.36338613373712,92218800
2014-02-11,148.22047424316406,148.59514406888775,146.64036605188437,146.73811303099728,117814100
2014-02-12,148.29376220703125,148.91276830436547,148.00054617606358,148.4403640084679,94717700
2014-02-13,149.05934143066406,149.21409603225047,147.28376478278057,147.2919051830407,100542200
2014-02-14,149.88197326660156,150.15889599697502,148.78241031681873,148.92087168200544,96498400
2014-02-18,150.06117248535156,150.26479434815448,149.5806154437866,150.01229279868141,80460900
2014-02-19,149.0674591064453,150.6394135243048,148.94527856280362,149.67017171395705,126524300
2014-02-20,149.9472198486328,150.28930325812198,148.72548805984363,149.27119343413096,104998100
2014-02-21,149.77610778808594,150.59059529847372,149.70280689489337,150.2322188054082,118116400
2014-02-24,150.6068878173828,151.61684437151507,150.02859621937722,150.0937567112717,114063900
2014-02-25,150.54989624023438,151.16076198583724,150.05305827002024,150.72908451985884,117085000
2014-02-26,150.55799865722656,151.16886419828413,150.13446173556108,150.76976090401365,98677200
2014-02-27,151.3480987548828,151.38881319427884,150.16708173811645,150.338129610341,93880800
2014-02-28,151.7308807373047,152.43134052981128,150.72092412584894,151.3236369609193,150842000
2014-03-03,150.66390991210938,151.04672007110028,149.6620936629665,150.39512751783315,167748500
2014-03-04,152.78152465820312,153.10731459722817,152.10549872804108,152.13807275070778,167545900
2014-03-05,152.92001342773438,153.1806553681685,152.67566471560033,152.9118730276302,88376900
2014-03-06,153.27024841308594,153.62048449299027,152.9444583914894,153.2946944713937,82516500
2014-03-07,153.33538818359375,153.9055392864851,152.65936217344085,153.9055392864851,114513500
2014-03-10,153.25390625,153.31091388831226,152.3742586301822,153.0991517018717,74939200
2014-03-11,152.49647521972656,153.70192554206673,152.1462515967855,153.48201046016672,99009100
2014-03-12,152.53721618652344,152.59423627632802,151.413219472939,151.7553151555808,104824400
2014-03-13,150.82675170898438,153.11547145339276,150.40322726272413,152.99329090197588,155014300
2014-03-14,150.40325927734375,151.3317744965411,150.2240710395958,150.5580138852254,153919600
2014-03-17,151.763427734375,152.12180415289643,151.09554214929588,151.16070262794435,98359500
2014-03-18,152.8467254638672,153.0503473365107,151.91005739285134,152.0729648334404,101804600
2014-03-19,152.03225708007812,153.07480020478798,151.06301485598982,152.86302547664437,176267300
2014-03-20,152.92001342773438,153.03404116965135,151.42949995461768,151.69828229515593,117241000
2014-03-21,152.32688903808594,154.63388662027313,152.18781657491718,153.5622010347812,163128000
2014-03-24,151.69699096679688,153.03865788766242,151.03434631823689,152.85048997581717,121411000
2014-03-25,152.41693115234375,152.93232706296348,151.5661309421105,152.4660140994605,103852000
2014-03-26,151.32073974609375,153.25959151643858,151.27983311944286,153.01416423948294,119843000
2014-03-27,151.0015869140625,151.62332478078565,150.44528462662262,151.1406593651871,142383000
2014-03-28,151.74606323242188,152.50687364379465,151.3451984831206,151.43518801937424,101642000
2014-03-31,152.9895477294922,153.22679855794277,151.7706132405654,152.71140277739622,99745000
2014-04-01,154.00396728515625,154.09395682246264,152.98136458073952,153.48857152758842,89193000
2014-04-02,154.51937866210938,154.7238992236664,153.91399330604057,154.2003270853982,78774000
2014-04-03,154.31484985351562,154.79751535708849,153.84036067810806,154.75660875037437,77435000
2014-04-04,152.4905242919922,155.1901981761404,152.24510960675133,155.15748037908972,169381000
2014-04-07,150.80531311035156,152.37602988799742,150.49445027337666,152.12242633035447,140803000
2014-04-08,151.427001953125,151.67241659717632,150.19168999100296,150.73980350095462,112660000
2014-04-09,153.05503845214844,153.10412140055482,151.39433212201433,151.83610362356612,100254000
2014-04-10,149.83993530273438,153.12044035544812,149.6517674133413,153.0468159550474,172959000
2014-04-11,148.4900665283203,150.05260622001356,148.32645261697272,149.00546220785944,167251000
2014-04-14,149.65997314453125,150.01174253040068,148.43284973400927,149.65178433270972,132382000
2014-04-15,150.69073486328125,150.79708954108472,148.49009180467453,149.97083103421977,157093000
2014-04-16,152.26959228515625,152.27776861052604,151.058822051697,151.7296552202033,105197000
2014-04-17,152.48233032226562,152.9077365323736,151.80332064478614,152.06511292268115,105255000
2014-04-21,153.01409912109375,153.06319454195116,152.3351018360396,152.52325725902045,68329000
2014-04-22,153.70941162109375,154.12662890690135,153.0876738550578,153.16947455738546,85790000
2014-04-23,153.3494873046875,153.73398689071473,153.22677998273934,153.65218617039667,73869000
2014-04-24,153.660400390625,154.11852448279578,152.92411882854026,154.10215934151958,88170000
2014-04-25,152.4005584716797,153.25137112278097,152.05696537590865,153.1613815632019,100380000
2014-04-28,152.88320922851562,153.54585382927283,151.31249286447604,153.02228170792628,135121000
2014-04-29,153.5949249267578,153.83216325971566,153.0468113796994,153.37403924921566,84098000
2014-04-30,154.05303955078125,154.2084771483607,153.12860277545644,153.34131211233034,101508000
2014-05-01,154.06942749023438,154.48664493263564,153.5785731602789,153.97943794584066,93019000
2014-05-02,153.84854125976562,154.73207156085408,153.6194792353661,154.05306181604692,98122000
2014-05-05,154.14303588867188,154.24939056180534,152.67048553465878,153.09589174424988,75883000
2014-05-06,152.80137634277344,153.90579219049,152.76865855068914,153.7994375210668,85454000
2014-05-07,153.7012939453125,153.77491835038296,152.17147168105382,153.31679429713012,106500000
2014-05-08,153.5376739501953,154.6584551449093,153.04683207953374,153.5622279025259,93618000
2014-05-09,153.76669311523438,153.83212868807743,152.8422564913378,153.5621726220141,83679000
2014-05-12,155.26382446289062,155.33746135229939,153.79946273045263,154.4539310258945,86940000
2014-05-13,155.4029083251953,155.77921916641125,155.2474707018018,155.46834391962423,66454000
2014-05-14,154.66664123535156,155.33747472875618,154.44575551399325,155.2638378330064,72367000
2014-05-15,153.30860900878906,154.3884835730816,152.5559748350145,154.35575329255755,154956000
2014-05-16,153.8403778076172,153.9058258890584,152.75232685917896,153.3986063786252,97458000
2014-05-19,154.4048614501953,154.52756880492134,153.40680002193835,153.54587251827638,63839000
2014-05-20,153.4313201904297,154.34756826636007,153.03864422688005,154.33120312702025,111644000
2014-05-21,154.72390747070312,154.79753188088128,153.8485534287679,153.8730948988273,89093000
2014-05-22,155.1002197265625,155.41927132314513,154.50302314484532,154.7648029888116,61549000
2014-05-23,155.7219696044922,155.82831181427426,155.10021907217325,155.23929156415377,61092800
2014-05-27,156.6791229248047,156.72820586469814,156.21281002992686,156.30279958071318,72010000
2014-05-28,156.56459045410156,156.92454865391326,156.3027981331676,156.67912147377393,66723000
2014-05-29,157.37448120117188,157.39902267046722,156.52368113872893,156.92454594212742,64377000
2014-05-30,157.62808227539062,157.7262606340029,157.09633380493088,157.2272299611176,76316000
2014-06-02,157.8080596923828,157.8816965812956,157.04724919815376,157.8489663011245,64656000
2014-06-03,157.7262725830078,157.80807332461316,157.27632481386928,157.4235736385262,65047000
2014-06-04,158.04531860351562,158.1353081541647,157.29268439942572,157.45629835980267,55529000
2014-06-05,159.0760955810547,159.23970953916114,157.64445160246956,158.22529550913413,92103000
2014-06-06,159.83688354492188,159.8777776632745,159.3460292952693,159.41965368783454,78696000
2014-06-09,160.00048828125,160.3849878420499,159.665071646009,159.8123329056271,65119000
2014-06-10,160.01686096191406,160.0495787528488,159.460558652488,159.80415163054147,57129000
2014-06-11,159.46058654785156,159.62420049703104,159.1006283698902,159.44422140805037,68772000
2014-06-12,158.33163452148438,159.36242615435114,157.97986514280066,159.27243660676666,106350000
2014-06-13,158.8142852783203,158.96972287773357,158.1352756236396,158.64248254135236,82017000
2014-06-16,158.9451904296875,159.28060713874504,158.42980711495517,158.6179625319862,87424000
2014-06-17,159.3870086669922,159.50153971314296,158.5525610547806,158.72436386548068,84834000
2014-06-18,160.55679321289062,160.64678274587664,159.03515996245423,159.38694176701503,105267000
2014-06-19,160.73675537109375,160.83493370407828,160.18046557692685,160.6958487725953,85929000
2014-06-20,161.0631866455078,161.1947100678472,160.8659015119987,161.13716386703726,100587000
2014-06-23,161.01380920410156,161.15354808534155,160.71788788419357,161.10422995581675,70611000
2014-06-24,160.04383850097656,161.52344508665809,159.86299699923998,160.72610188611745,96237000
2014-06-25,160.7671661376953,160.9315640429211,159.67390188094728,159.70677644488995,82782000
2014-06-26,160.65211486816406,160.8082972958182,159.57529397361196,160.79185373954977,84312000
2014-06-27,160.9644775390625,161.01379566444012,160.20000896743468,160.27398615550112,71445100
2014-06-30,160.88223266601562,161.25213105797638,160.72605027895872,160.86578911402142,70201200
2014-07-01,161.9591064453125,162.45231282499674,161.21930941854544,161.27684305527833,90470000
2014-07-02,162.1234893798828,162.3289899285973,161.90155781805697,161.97553500533223,52475000
2014-07-03,162.9208221435547,162.99479932612184,162.46050295057154,162.58379825485014,52938800
2014-07-07,162.3536376953125,162.7399797034368,162.1152625942021,162.6084688939055,61696000
2014-07-08,161.30972290039062,162.11528157766247,160.91515279732144,162.0577354007637,108143000
2014-07-09,162.0330810546875,162.1810479833361,161.36726123266644,161.71250067583443,72992000
2014-07-10,161.39195251464844,161.81939728603368,160.33979041797826,160.47131381575244,99040000
2014-07-11,161.61387634277344,161.72895616565359,160.93161291328394,161.29329594026729,64243000
2014-07-14,162.42764282226562,162.64135888293202,162.2961194575055,162.43585832902872,58658000
2014-07-15,162.1234893798828,162.83863981848484,161.4083514840389,162.52627497075616,111307000
2014-07-16,162.7235565185547,162.97014713751028,162.27966831891894,162.84685182803247,79986400
2014-07-17,160.8740692138672,162.83865413053695,160.64389703973941,162.22215243020847,145398000
2014-07-18,162.51803588867188,162.68243379524364,161.30969183409718,161.4001125641251,124330000
2014-07-21,162.2139434814453,162.34546686993164,161.46591832003523,162.00844289047072,67592000
2014-07-22,162.9208221435547,163.2167434165806,162.6495599313845,162.76463972963026,67678000
2014-07-23,163.28256225585938,163.45518828504046,162.83868646230496,163.16748241732589,65612000
2014-07-24,163.29075622558594,163.62778018782168,163.12635826976071,163.43872316576068,56888000
2014-07-25,162.52633666992188,162.97021250483832,162.205756193937,162.83047358379494,76837000
2014-07-28,162.59205627441406,162.8304314208784,161.62208704518352,162.5591691587061,69259000
2014-07-29,161.8933563232422,163.12635981777223,161.8686972567724,162.89620016888077,80466000
2014-07-30,161.91799926757812,162.68246788030407,161.24396394658385,162.46873926849995,104222000
2014-07-31,158.7203826904297,160.9315703492199,158.62174645198024,160.7918314971643,183479000
2014-08-01,158.2353973388672,159.27111542423847,157.47094143977895,158.2847154558721,189261000
2014-08-04,159.37803649902344,159.7150604756602,157.86555517238696,158.53959058289993,91340000
2014-08-05,157.83267211914062,159.1396654329467,157.2572729629661,158.7286642438562,152690000
2014-08-06,157.88194274902344,158.55597792053405,157.06815618874543,157.09281524729116,94818000
2014-08-07,157.027099609375,158.753309470152,156.63254201422248,158.59712702507335,135733000
2014-08-08,158.84373474121094,158.9505865150183,156.96134238184234,157.38057159744713,117014000
2014-08-11,159.30409240722656,160.01101508289406,159.2301151899826,159.44383133183067,74544000
2014-08-12,159.0821075439453,159.59174496724538,158.59712918675592,159.1478692344937,73632000
2014-08-13,160.158935546875,160.33977706806718,159.43558200486675,159.7068317438945,69047000
2014-08-14,160.91514587402344,160.91514587402344,160.27398516257006,160.42195208054446,57371000
2014-08-15,160.88223266601562,161.64668850655084,159.72320683415077,161.49873416686862,139951000
2014-08-18,162.23033142089844,162.30430859802405,161.679591531036,161.770012261775,75424000
2014-08-19,163.07701110839844,163.2003064176299,162.29611155016437,162.62490740328676,59135000
2014-08-20,163.5126190185547,163.70990399305367,162.822140421939,162.85501497964526,72763000
2014-08-21,163.9893798828125,164.20309586250653,163.52083277691128,163.65235609184006,67791000
2014-08-22,163.73463439941406,164.1456355349946,163.36473588594342,163.8579297229845,76107000
2014-08-25,164.5648956298828,164.88547609857187,163.70179050871613,164.51557748743258,63855000
2014-08-26,164.6717071533203,165.07449275875288,164.6306045335401,164.6717071533203,47298000
2014-08-27,164.60597229003906,164.86901906528482,164.3511535657451,164.75392669404434,47874000
2014-08-28,164.51553344726562,164.622397755809,163.89903174614776,164.06342969122733,58330000
2014-08-29,164.98410034179688,165.00053135832349,164.25251873801952,164.77037169934368,65907000
2014-09-02,164.90185546875,165.22243581264632,164.28535384258342,165.19777675102029,72426000
2014-09-03,164.81141662597656,165.55944152715898,164.58125704757526,165.53478246824142,57462000
2014-09-04,164.57301330566406,165.69915194553644,164.12090973181793,165.09086599683855,85236000
2014-09-05,165.31285095214844,165.37861262850916,163.9154498220656,164.54016693335655,102177000
2014-09-08,164.8853759765625,165.39502573885702,164.40039781327454,165.15663813808501,64146000
2014-09-09,163.8415069580078,164.85256629047166,163.5044829995999,164.73748646842503,88591000
2014-09-10,164.45799255371094,164.56484431478006,163.389387143709,163.93189908425634,67251000
2014-09-11,164.6470184326172,164.67167749149186,163.67704946010736,163.80035729723696,66774400
2014-09-12,163.68533325195312,164.49910755746382,163.21678588825617,164.48267654112257,117409300
2014-09-15,163.56199645996094,163.84148674424367,163.06880265893406,163.70996338019984,76401000
2014-09-16,164.79502868652344,165.09095003615613,163.16746753492384,163.2578882957216,116201000
2014-09-17,165.01693725585938,165.7813932609792,164.194935077748,165.0333808113938,151266000
2014-09-18,165.89651489257812,165.9211739588539,165.30467221643966,165.51838830508296,94990000
2014-09-19,165.74700927734375,166.73802028051966,165.4084099658305,166.42420790037025,121649000
2014-09-22,164.46694946289062,165.48274740879654,164.1200962379674,165.4579730785441,125553000
2014-09-23,163.52552795410156,164.55783397709664,163.4759792812205,163.8723812656609,111393000
2014-09-24,164.80557250976562,164.91293635724557,163.12085480305947,163.55028499019818,107276000
2014-09-25,162.1463623046875,164.3844072199916,162.0885597223747,164.3761407072388,150300000
2014-09-26,163.43463134765625,163.83929971351523,162.21238494246953,162.44362040827815,103547000
2014-09-29,163.13734436035156,163.42639502440997,161.9068439137574,162.03071556898863,95112000
2014-09-30,162.70797729492188,163.76505783396883,162.36937783751313,163.26129190509536,131302000
2014-10-01,160.50291442871094,162.5014569902223,160.13954076272898,162.44364181545723,177798000
2014-10-02,160.5276336669922,161.08920179340447,158.85117059362273,160.3624547108614,157285000
2014-10-03,162.29498291015625,162.6418361269757,161.10576468026758,161.6012638751289,121569000
2014-10-06,162.10501098632812,163.18687786399678,161.51866844945786,162.97215022960458,104778000
2014-10-07,159.60269165039062,161.6342745137408,159.56966341746002,161.2709009445736,147913000
2014-10-08,162.39407348632812,162.625308954607,158.85945978390802,159.69355825152905,186461000
2014-10-09,159.17333984375,162.36110144714146,159.04120164431384,162.138119810767,210705000
2014-10-10,157.3564453125,159.92482286161498,157.31516315816106,159.1320189977321,221909000
2014-10-13,154.7716064453125,157.86025852019122,154.68076299596936,157.29043608492316,230939000
2014-10-14,155.01100158691406,156.76180039936898,154.46594122262,155.60561060225552,215847000
2014-10-15,153.9622039794922,155.0027762488302,150.23764933974903,152.91339040197568,380715000
2014-10-16,153.83009338378906,154.91194790759232,151.03873430914078,151.1791263937712,270391000
2014-10-17,155.6469268798828,156.7040069197681,154.94495395589252,155.60563213116785,214625000
2014-10-20,157.15821838378906,157.2820900241564,155.31658858913173,155.36613724527865,130011000
2014-10-21,160.27171325683594,160.3790645164927,158.13276555606402,158.29793200286775,154949000
2014-10-22,159.1320343017578,160.9654107402178,159.06596520651522,160.55248834599513,151822000
2014-10-23,160.9818572998047,162.03068331037915,160.4285430142823,160.72584752903623,154944000
2014-10-24,162.22067260742188,162.27023387588343,160.61854443276283,161.2461818846481,117927000
2014-10-27,161.99766540527344,162.23715477344066,161.06445705752327,161.64254570601955,82954000
2014-10-28,163.85589599609375,163.86414990891274,162.46846995749357,162.5428055784389,106736000
2014-10-29,163.60806274414062,164.44216119518578,162.52620841018086,163.971436358897,142557000
2014-10-30,164.6569061279297,165.12763101363868,163.02172468985256,163.17038327576367,113330000
2014-10-31,166.53982543945312,166.6719636000872,165.80482424783548,166.6389227592344,146903000
2014-11-03,166.63070678710938,167.1922751955755,166.25081263914177,166.75457846503824,93600000
2014-11-04,166.05259704589844,166.49029372132298,165.21848584823326,166.18472261858878,93343000
2014-11-05,167.1014404296875,167.3079016378693,166.36643903261597,167.26660687595452,91709000
2014-11-06,167.7703399658203,167.86118338373612,166.52331904842137,167.1427025520137,107089000
2014-11-07,167.92726135253906,168.14198904336564,167.32439823887503,167.78686926313185,89540000
2014-11-10,168.455810546875,168.505359216232,167.75385006199934,167.96031125191413,66319000
2014-11-11,168.6209716796875,168.72833552751445,168.1832749789339,168.52187434408762,54499400
2014-11-12,168.43930053710938,168.6705360586995,167.90249388946802,167.93553473620423,90120300
2014-11-13,168.62918090820312,169.15772085417396,167.81985687248854,168.60440658271904,85357900
2014-11-14,168.67051696777344,168.87697813163857,168.2410742185449,168.55489922006453,80417500
2014-11-17,168.77784729003906,168.9512801908063,168.1832382036769,168.34841719541248,80441000
2014-11-18,169.75234985351562,170.05790830471685,168.8356618985241,168.8356618985241,76068100
2014-11-19,169.4798126220703,169.7523428245818,168.7200371793355,169.5541356041951,82373000
2014-11-20,169.7771759033203,169.8845397600231,168.62098561971263,168.68705471603806,72840300
2014-11-21,170.68557739257812,171.64356027365574,170.1074886199934,171.47839385311582,142327300
2014-11-24,171.16456604003906,171.27192988226358,170.87552795915832,171.09024304221742,65880800
2014-11-25,171.0406951904297,171.60226353405034,170.7846853513444,171.3958023604151,79108300
2014-11-26,171.4783477783203,171.5774450837396,170.97458214012764,171.18929716899837,62167800
2014-11-28,171.114990234375,171.66830457715832,170.87550085669395,171.354492213444,57890100
2014-12-01,169.92578125,170.56993903326463,169.6119688692997,170.4543212927143,103968400
2014-12-02,171.02418518066406,171.23064636686934,169.94233058117095,169.96710491540432,74507200
2014-12-03,171.684814453125,171.89952948894208,171.0324028356969,171.19756921720136,68952000
2014-12-04,171.494873046875,171.99863869931607,170.70205677693653,171.39576313726576,91316600
2014-12-05,171.77569580078125,172.1638438138269,171.4040682099518,171.66833195846098,91025500
2014-12-08,170.6277618408203,171.87478271266693,170.06618093202127,171.3792834887269,108588200
2014-12-09,170.51211547851562,170.61947929630918,168.39795556785114,168.7778369823118,125180100
2014-12-10,167.7786102294922,170.10748570235788,167.58865687780872,170.04968312678588,159856400
2014-12-11,168.62918090820312,170.28086981453527,168.23277909907156,168.37317114394344,159012800
2014-12-12,165.90391540527344,168.32364655162527,165.87088716703602,167.3491434048818,202330200
2014-12-15,164.76426696777344,167.2583214206421,164.1614038819672,166.80410432802515,189965800
2014-12-16,163.4429168701172,167.1509512647681,163.4016221175505,163.99623127062128,259543800
2014-12-17,166.6471405029297,167.10135745566708,163.7566850236374,163.88056924786716,253910100
2014-12-18,170.7681427001953,175.88012271020028,168.40622667720297,169.08342528724285,257633900
2014-12-19,171.4947509765625,172.16737506492635,170.7390815586241,171.42000511157008,245084600
2014-12-22,172.28363037109375,172.28363037109375,171.44492829720957,171.68573947870206,148318900
2014-12-23,172.51612854003906,172.91471821335216,172.22548258122364,172.8648960880552,122167900
2014-12-24,172.53282165527344,173.00614474016274,172.491298974262,172.7404223893874,42963400
2014-12-26,173.08917236328125,173.42964057336187,172.93139379417354,172.98121593790398,57326700
2014-12-29,173.3216552734375,173.52925595169037,172.84002017937803,172.90645391693172,79643900
2014-12-30,172.39157104492188,173.03097187272357,172.31682518698517,172.89811709725885,73540800
2014-12-31,170.68099975585938,172.88157495659217,170.5564443941513,172.715496917334,130333800
2015-01-02,170.58956909179688,171.79366278013038,169.5515660300858,171.37846155544597,121465900
2015-01-05,167.50880432128906,169.70936602252135,167.2015594307986,169.5432880457951,169632600
2015-01-06,165.9310760498047,168.33923884704024,165.13388387080252,167.8160810836032,209151400
2015-01-07,167.9987335205078,168.33920159823194,166.81126398675295,167.2596757769494,125346700
2015-01-08,170.97991943359375,171.19583225581977,169.3938598269918,169.41045875874744,147217800
2015-01-09,169.6097412109375,171.41171344037704,168.99523868858634,171.39510183951919,158567300
2015-01-12,168.2811279296875,169.9004235801157,167.67493741345746,169.74264501553517,144396100
2015-01-13,167.80780029296875,170.63116476055004,166.50406180754823,169.50181643932927,214553300
2015-01-14,166.79464721679688,166.99394837900314,164.8930310606249,165.7898546132115,192991100
2015-01-15,165.26673889160156,167.74963470481038,165.1504830274808,167.43409031416195,176613900
2015-01-16,167.43408203125,167.5918605542384,164.8764404761802,165.05913006375218,211879600
2015-01-20,167.79115295410156,168.33922172950153,166.22169249432056,168.0734868065421,130991100
2015-01-21,168.63816833496094,169.1198033829129,166.86110720607405,167.32613065349287,122942700
2015-01-22,171.14598083496094,171.27883562097546,168.01535948680703,169.39383084307977,174356000
2015-01-23,170.20761108398438,171.1459700168589,170.07474363543025,170.88853458368385,117516800
2015-01-26,170.60623168945312,170.6975764930276,169.27759497584347,169.99174180262426,92009700
2015-01-27,168.3558349609375,169.50178198222102,167.52543232505212,168.5468240193283,134044600
2015-01-28,166.19683837890625,169.64300539694779,166.00584925692056,169.54336110216272,168514300
2015-01-29,167.73300170898438,167.99042445076032,164.9843588531198,166.39605320765517,173585400
2015-01-30,165.62380981445312,167.88250608803452,165.35808754923485,166.5538694200649,197729700
2015-02-02,167.6749267578125,167.76627156987308,164.30349351966183,166.12207762372358,163107000
2015-02-03,170.0996856689453,170.10799780532918,168.1980690651613,168.57174774518685,124212900
2015-02-04,169.4519805908203,170.54811828639697,168.9952565509967,169.33572471440522,134306700
2015-02-05,171.16258239746094,171.3120614565671,170.04154647338692,170.11627966747085,97953200
2015-02-06,170.68922424316406,172.09260639548663,170.16606665075287,171.52792614684768,125672000
2015-02-09,169.92529296875,170.76399505727906,169.51839112153613,170.04154882924846,87219000
2015-02-10,171.73558044433594,171.99300325411252,169.96681863776303,170.96331201500612,96164200
2015-02-11,171.83518981933594,172.2670026837243,170.92175463693937,171.56946759805336,91087800
2015-02-12,173.4877166748047,173.54585094120173,171.86843407362545,172.6324029759526,97545900
2015-02-13,174.2018585205078,174.2516806497601,173.35484431040433,173.61227976310488,93670400
2015-02-17,174.47586059570312,174.6502506867336,173.63715867639786,173.88626927653294,76968200
2015-02-18,174.49253845214844,174.56727166056717,173.83651316685336,174.10224813581863,80652900
2015-02-19,174.36793518066406,174.73331435364972,173.7534453633138,173.89461228543314,91462500
2015-02-20,175.4142608642578,175.4889940619526,173.32994209721713,173.95274408655172,140896400
2015-02-23,175.3893585205078,175.3893585205078,174.78315543099953,175.16514624533434,74411100
2015-02-24,175.88760375976562,176.0869049805219,175.01567834149998,175.3146238371642,72472300
2015-02-25,175.7381134033203,176.24465951665343,175.39764528251933,175.7630244686532,73061700
2015-02-26,175.53045654296875,175.80449084482788,174.9242536914616,175.6467123676119,72697900
2015-02-27,174.93264770507812,175.6966167204569,174.88282556704436,175.4308817563562,108076000
2015-03-02,176.03707885742188,176.0952004594888,174.98246384507556,175.03228598140151,87491400
2015-03-03,175.31459045410156,176.086871450403,174.45097733715266,175.60523642849265,110325800
2015-03-04,174.57553100585938,174.79144378625784,173.60396150687967,174.71669792407647,114497200
2015-03-05,174.76654052734375,175.0488743763866,174.2599944236194,174.89939531628613,76873000
2015-03-06,172.3085479736328,174.33473244462476,171.9763919856736,173.90291952352678,188128000
2015-03-09,173.02272033691406,173.37978744322373,172.35009612572375,172.50787467816406,89818900
2015-03-10,170.2158966064453,171.735534663607,170.17437394830588,171.65250201826444,157121300
2015-03-11,169.81735229492188,170.64775499563052,169.73430695647514,170.47336485326827,110145700
2015-03-12,171.97637939453125,172.04280045050913,170.39860688989376,170.44842901734606,93993500
2015-03-13,170.9217987060547,172.66563686984932,169.88379527369824,171.70237931453718,162410900
2015-03-16,173.2053985595703,173.29674336439572,170.94670217746943,171.65254954847836,136099200
2015-03-17,172.69056701660156,173.07254519815416,171.87676317236358,172.46635471903062,94510400
2015-03-18,174.76654052734375,175.43916462044987,171.57778484489717,172.21719840850227,228808500
2015-03-19,173.96937561035156,174.77486728914394,173.57908530533092,174.35136644943532,117917300
2015-03-20,175.50497436523438,176.01378164444742,174.73759519006882,174.9211002892932,177715100
2015-03-23,175.1629638671875,176.08882575672828,175.1629638671875,175.51328826762202,71784500
2015-03-24,174.1787567138672,175.49663856009542,174.1120264247225,175.03788850441532,77805300
2015-03-25,171.62632751464844,174.62078961866382,171.58463223103246,174.3872400294228,159521700
2015-03-26,171.2176513671875,172.1351641310568,170.25841785757385,170.95907947257433,153067200
2015-03-27,171.6096954345703,171.78485130454047,170.90903377218643,171.10088812358376,118939000
2015-03-30,173.70333862304688,174.00361861308,172.62734274980517,172.64401577938781,96180400
2015-03-31,172.1851806640625,173.5781544274123,172.1267996300139,172.87749292634174,126768700
2015-04-01,171.57630920410156,172.17686901889715,170.5837169344394,172.15184675390566,137303600
2015-04-02,172.1935272216797,172.64394064696353,171.32604641576557,171.50955148134364,86900900
2015-04-06,173.35296630859375,173.87011008819428,171.16760365028182,171.30105148767876,114368200
2015-04-07,172.89422607421875,174.12870464143677,172.86086729240276,173.37801113931133,81236300
2015-04-08,173.47805786132812,173.92013479560092,172.7273645424683,173.11939695248358,89351900
2015-04-09,174.2454833984375,174.47903305892115,172.81916316673406,173.31128475650297,85548900
2015-04-10,175.1963348388672,175.23804285485818,174.29550787645925,174.49568598921678,72722900
2015-04-13,174.40391540527344,175.68845089093062,174.35387088226048,175.0545196594381,74436600
2015-04-14,174.73757934570312,174.92108442828817,173.57816781164263,174.20374984931914,75099900
2015-04-15,175.5216522216797,176.0304595148972,175.1212832339432,175.2046992731594,99529300
2015-04-16,175.47161865234375,175.98042597735073,174.9878335951649,175.18802446529108,68934900
2015-04-17,173.45303344726562,174.5206923765086,172.66896863696255,174.27880626976537,191113200
2015-04-20,175.03785705566406,175.3714957139419,174.29550022262177,174.37890352344175,92189500
2015-04-21,174.82940673828125,175.88038042964092,174.52912672253498,175.7218975425103,72559800
2015-04-22,175.68844604492188,175.87195110923986,174.2454277911943,175.17128962389035,78264600
2015-04-23,176.1305389404297,176.78114323569324,175.17130552125977,175.28808032483272,102585900
2015-04-24,176.5392303466797,176.80615143504272,176.08881691943958,176.5475795853773,61327400
2015-04-27,175.8052520751953,177.23157210514523,175.6133977381844,177.10646077883388,79358100
2015-04-28,176.36412048339844,176.41416501863472,174.6041488717484,175.78024635980628,86863500
2015-04-29,175.63841247558594,176.23895950012295,174.82932538541286,175.47158042307709,125684900
2015-04-30,173.87843322753906,175.4548993221802,173.1777717307556,175.06286692633046,161304900
2015-05-01,175.76348876953125,175.80519677434884,174.56236950476287,174.66245853432818,103399700
2015-05-04,176.26402282714844,176.84789692230024,176.08051772188637,176.1889433004498,70927200
2015-05-05,174.2454833984375,176.3808145803623,174.103686299394,176.02214084836834,113326200
2015-05-06,173.5281219482422,175.10458827756923,172.46046288539105,174.7959718581904,135060200
2015-05-07,174.2204132080078,174.64581711562727,173.0943732391586,173.42801188307723,88244900
2015-05-08,176.5142822265625,176.7144731269206,175.8136331665642,175.89704922358925,155877300
2015-05-11,175.67176818847656,176.73942712293612,175.59670140265482,176.47251875307046,75708100
2015-05-12,175.14630126953125,175.6884800563391,174.0119118920952,174.837684841387,119727600
2015-05-13,175.17965698242188,176.1805857010991,174.94610737231383,175.55500366098843,94667900
2015-05-14,177.00634765625,177.09810019223923,175.92200297478595,176.19726058275364,95934000
2015-05-15,177.1981964111328,177.33999347658244,176.7144114497464,177.1981964111328,76510100
2015-05-18,177.74871826171875,177.9989408997625,176.96465338918333,177.03138366849478,74549700
2015-05-19,177.6903076171875,178.14073377788276,177.40671350267456,177.86547617467969,72114600
2015-05-20,177.565185546875,178.31587879919937,177.2482199513393,177.79038588607386,76857500
2015-05-21,178.08236694335938,178.29089430511976,177.25659400888827,177.42342608029665,64764600
2015-05-22,177.65695190429688,178.11570185670502,177.59022163017426,177.69864718906243,57433500
2015-05-26,175.746826171875,177.5902133166603,175.32977152375594,177.16480942998027,124308600
2015-05-27,177.41506958007812,177.64861919749248,175.79689528263626,176.20561347686115,93214000
2015-05-28,177.21490478515625,177.32333036228331,176.52259239311178,177.10646648052864,74974600
2015-05-29,176.11386108398438,177.18985662746263,175.8469526899237,177.148161338781,124919600
2015-06-01,176.4725341796875,177.11478926230401,175.6801200573042,176.78115058893178,93338800
2015-06-02,176.29733276367188,176.989644973084,175.38815672971384,176.01373867138176,91531000
2015-06-03,176.7644500732422,177.39003207918975,176.27232861649642,176.8311803478431,87820900
2015-06-04,175.27145385742188,176.7144598979062,174.9544881374591,176.0555189157494,151882800
2015-06-05,174.97113037109375,175.64675694085292,174.31217682534148,175.12126395215168,121704700
2015-06-08,173.89511108398438,175.01282726891262,173.82004429822382,174.86268096989306,89063300
2015-06-09,173.8701171875,174.41229598171893,173.23619856960607,173.8701171875,105034700
2015-06-10,175.9553680419922,176.33906395008052,174.57909268042306,174.63747371768716,134551300
2015-06-11,176.52259826660156,176.90628151074168,176.16392456186088,176.39747420459858,73876400
2015-06-12,175.17132568359375,176.3974676259892,174.8960680304539,175.69681872390623,135382400
2015-06-15,174.42059326171875,174.70418736428965,173.3195628952703,174.02856087919523,124384200
2015-06-16,175.37149047851562,175.4549065043443,174.09530419382784,174.27046002957007,85308200
2015-06-17,175.65505981445312,176.2639687165784,174.62910902453174,175.65505981445312,126708600
2015-06-18,177.48179626464844,177.94889549001374,175.68846615422828,176.2556544343149,165867900
2015-06-19,176.69386291503906,177.3141106769089,176.31669057973372,177.2386787677288,130478700
2015-06-22,177.59913635253906,178.1858504674823,177.389594683673,177.61590326708273,70696000
2015-06-23,177.72486877441406,178.06014314189434,177.33094217541498,177.80869056363647,68476800
2015-06-24,176.43411254882812,177.83384957921308,176.40896856781723,177.45667707463926,92307300
2015-06-25,175.8976593017578,177.06271047091315,175.82222737030517,176.93699058515875,97107400
2015-06-26,175.86410522460938,176.5011071751135,175.3109122523945,176.25803172244056,104174800
2015-06-29,172.1761932373047,175.87251126608828,172.10076130759276,174.3805756389916,202621300
2015-06-30,172.53662109375,173.7687271714941,172.05885993366562,173.71842642616238,182925100
2015-07-01,173.91961669921875,174.36384409462292,173.13173783509487,174.11239148850092,135979900
2015-07-02,173.76031494140625,174.56496050077095,173.3412316434763,174.39732973948043,104373700
2015-07-06,173.265869140625,174.04535824817208,172.26844844561646,172.46961311340883,117975400
2015-07-07,174.35543823242188,174.48115812001242,171.07820340886838,173.4669835883587,173820200
2015-07-08,171.43026733398438,173.29937585599725,171.19558163567834,173.01440219225583,164020100
2015-07-09,171.7403564453125,173.7938751484096,171.6314034681091,173.53403272114804,144113100
2015-07-10,173.90280151367188,174.32188481108537,171.78224105191214,173.74354781434957,129456900
2015-07-13,175.8222198486328,175.93117281515612,175.12654000193308,175.1684508918611,106069400
2015-07-14,176.5849609375,176.89509132510088,175.7216502267971,175.78032803694649,81709600
2015-07-15,176.5262908935547,177.08786105321775,176.04852973105105,176.62686680590957,97914100
2015-07-16,177.94277954101562,177.94277954101562,177.33929853939924,177.58236123671878,106683300
2015-07-17,178.09361267089844,178.15229046426364,177.5236655951515,177.9343589910851,89030000
2015-07-20,178.1858673095703,178.68038262537763,177.86737263958764,178.31997705977864,70446800
2015-07-21,177.48178100585938,178.31157056020336,177.1800405124077,178.05172816604164,77965000
2015-07-22,177.1632537841797,177.4985280668536,176.76093743437715,176.79445846794147,88667900
2015-07-23,176.1658477783203,177.39795368898996,175.80544228347227,177.29737779078255,90509100
2015-07-24,174.3386688232422,176.32511975520399,174.00340726819167,176.26645473830396,117755000
2015-07-27,173.32447814941406,173.96149299680633,172.88025084236855,173.45021082217173,132361100
2015-07-28,175.4534454345703,175.5959322458163,173.3328846029168,174.16266149131457,123544800
2015-07-29,176.66041564941406,176.88671147144382,175.43668652432805,175.57917334207607,105791300
2015-07-30,176.7023162841797,176.86994707241797,175.52887518769293,176.1491231725249,91304400
2015-07-31,176.43411254882812,177.23036845613078,176.14913890443106,177.20522447511988,103266900
2015-08-03,175.8389892578125,176.45923723020135,174.88347971567288,176.40057221072908,113965700
2015-08-04,175.49539184570312,176.22459296536172,175.00925350279337,175.76359860661867,81820800
2015-08-05,176.0736846923828,177.11300321447916,175.78869829461908,176.3921793413758,85786800
2015-08-06,174.63206481933594,176.36706351362938,174.04533780454588,176.2580977326979,116030800
2015-08-07,174.2967529296875,174.6236374127741,173.39153140973815,174.47277355415326,117858000
2015-08-10,176.4927520751953,176.57656106391298,175.4115099686534,175.4115099686534,80270700
2015-08-11,174.90023803710938,175.5707739330726,174.13750329558363,175.15169059677163,126081400
2015-08-12,175.1097869873047,175.29418468609808,172.1259155550612,173.59270729311194,172123700
2015-08-13,174.89190673828125,175.63787476051698,174.3470905848837,174.95057177022179,89383300
2015-08-14,175.5288543701172,175.60428629746687,174.55657800847317,174.69906480104737,72786500
2015-08-17,176.50953674316406,176.50953674316406,174.4727976342311,174.93379191487742,79072600
2015-08-18,175.9982147216797,176.58492876924595,175.7635291026532,176.23290034070618,71692700
2015-08-19,174.60682678222656,176.02331722426158,173.79380436879,175.25220568779264,172946000
2015-08-20,170.9608917236328,174.58176582926043,170.90221390579688,173.08982987419662,194327900
2015-08-21,165.8144989013672,170.93569730461894,165.55466930341385,169.083343503695,346588500
2015-08-24,158.8325958251953,165.5211627702032,152.8816069080654,157.14788529688326,507244300
2015-08-25,156.9635467529297,163.81974707071024,156.6701831701903,163.80298014870434,369833100
2015-08-26,162.98992919921875,163.26651300150877,157.88548342787928,160.99508802905365,339257000
2015-08-27,167.02149963378906,167.14721953638156,163.61854451657695,165.13562435844057,274143900
2015-08-28,167.02981567382812,167.49918685790416,165.88990874561253,166.3760468403786,160414400
2015-08-31,165.68040466308594,166.90413363260612,165.12721158962853,166.04920004539088,163298800
2015-09-01,160.7351837158203,163.2496830661064,159.8634834456543,161.86670074980603,256000400
2015-09-02,163.7861785888672,163.8280894870388,161.28005523536754,163.1240196502233,160269300
2015-09-03,163.9035186767578,165.99893565603261,163.40900333910741,164.4986099368021,152087800
2015-09-04,161.42251586914062,162.48699112083295,160.60111611376172,161.64044738851246,207081000
2015-09-08,165.479248046875,165.63012470574253,163.58499587924496,164.23038782943848,116025700
2015-09-09,163.2664794921875,167.1891061455516,162.89769690168723,167.06338626122292,149347700
2015-09-10,164.1549530029297,165.3032372871655,162.813881169681,163.07371079988835,158611100
2015-09-11,164.90093994140625,164.96799481977166,163.04858569611687,163.76103258801518,119691200
2015-09-14,164.28904724121094,165.1272139257954,163.80290902942292,165.0769259710257,79452000
2015-09-15,166.3426055908203,166.7868330166276,164.24718837874383,164.79199173811904,113806200
2015-09-16,167.7841796875,167.97696720909155,166.30063405066997,166.6442854176041,99581600
2015-09-17,167.40707397460938,170.05568448949882,167.0299014215919,167.65014954148234,276046600
2015-09-18,164.6713409423828,167.3926903207247,164.25851234067875,164.89040544702397,223657500
2015-09-21,165.52230834960938,166.55017603600442,164.4691531100376,165.50545426612453,105726200
2015-09-22,163.37384033203125,163.83723112705485,162.2364277311458,163.3485656392024,153890900
2015-09-23,163.11264038085938,164.0141343141059,162.5312968036963,163.5423229633344,92790600
2015-09-24,162.5228729248047,162.9862636916134,160.551369868814,161.8909799307644,159378800
2015-09-25,162.48081970214844,164.29224184163175,161.60458721302194,163.98893257322655,155054800
2015-09-28,158.40289306640625,161.68874355962734,158.09116337811665,161.57921135308547,178515900
2015-09-29,158.4956817626953,159.86057999609733,157.49307569664444,158.62206813284644,159045600
2015-09-30,161.45291137695312,161.6214136403641,159.60778138124135,160.39132269125668,163452000
2015-10-01,161.87416076660156,162.17746995931026,159.9279321366781,161.83203199007858,131079000
2015-10-02,164.29220581054688,164.31748050604588,159.33815979837223,159.8858081979462,211003300
2015-10-05,167.2158203125,167.44330550235108,165.4128185933113,165.52235088025853,126320800
2015-10-06,166.6428985595703,167.64550467140745,165.97730992762507,167.08101485547863,110274500
2015-10-07,168.0077667236328,168.3616253721291,166.38168820755453,167.57807112082298,124307300
2015-10-08,169.5242919921875,169.8107471213442,167.3168699496485,167.6201791616669,153055200
2015-10-09,169.62535095214844,170.10558292581914,168.99345798012698,169.66747972146229,107069200
2015-10-12,169.7854766845703,169.9876742603897,169.27153641953146,169.7012191240464,56395600
2015-10-13,168.71551513671875,170.32473986463788,168.54701282386756,169.05251976242116,88038700
2015-10-14,167.9066162109375,169.23780578390608,167.61174050005084,168.65646211881062,99106200
2015-10-15,170.4847869873047,170.49320760167373,168.20154061511798,168.57225334175197,134142200
2015-10-16,171.2598876953125,171.27672892207804,170.12247494962193,170.88917501209787,114580100
2015-10-19,171.3441619873047,171.3441619873047,170.29944008789667,170.6111699635716,76523900
2015-10-20,171.12510681152344,171.740145935504,170.65329527225617,170.90605512712085,78448500
2015-10-21,170.06350708007812,171.69799315384662,169.89499196311988,171.54634497566232,102038000
2015-10-22,172.93650817871094,173.14713922324813,170.06351050170636,171.01555408100344,174911700
2015-10-23,174.83221435546875,175.2029271075735,173.81276714308143,174.61316266372538,144442300
2015-10-26,174.4025115966797,174.71424144071835,174.03179888706654,174.6552714310431,69033000
2015-10-27,174.06546020507812,174.4024646562585,173.38300497920991,173.72844289800202,77905800
2015-10-28,176.04541015625,176.07068485106998,173.73690232337287,174.40249071346213,135906700
2015-10-29,175.94430541992188,176.3150180725939,175.42194460346434,175.53989746059662,90525500
2015-10-30,175.18605041503906,176.45827018248963,175.02598161628677,176.13810687318698,131076900
2015-11-02,177.2586669921875,177.45244395970374,175.38826222844173,175.51464857274294,86270800
2015-11-03,177.77264404296875,178.32871321875655,176.67735977863265,176.90484496070982,95246100
2015-11-04,177.23336791992188,178.19384486738252,176.694153017065,178.06747139636033,96224500
2015-11-05,177.05641174316406,177.75570819910013,176.16333836875526,177.29231743240805,78408700
2015-11-06,176.96377563476562,177.19969423595754,175.632598724569,176.7110286618795,110471500
2015-11-09,175.31243896484375,176.50040118504046,174.36038249471315,176.34874014234128,131008700
2015-11-10,175.71676635742188,175.75047450962091,174.5625128345237,174.83211377264962,75874600
2015-11-11,175.02601623535156,176.03704290229908,174.95861274343486,175.98649349733694,67846000
2015-11-12,172.5826416015625,174.45304621920195,172.56580037502385,173.98123475815743,121315200
2015-11-13,170.6448974609375,172.43947866399574,170.56065272897837,172.16987752346236,153577100
2015-11-16,173.23988342285156,173.29886630863314,170.341597088471,170.4595628600341,117645200
2015-11-17,173.1134490966797,174.4362054109166,172.61636290210208,173.55156528208832,121123700
2015-11-18,175.86007690429688,176.00330447904054,173.5515687684409,173.59368469473657,121342500
2015-11-19,175.7084197998047,176.12968188858105,175.41353119530174,175.74211511031137,88220500
2015-11-20,176.3487091064453,177.03115153873952,175.96957585027042,176.46666196071965,94011500
2015-11-23,176.14654541015625,176.91323268232725,175.68315451649283,176.4077258622485,64931200
2015-11-24,176.3824462890625,176.7868543051281,174.74794728526123,175.13550121768685,98874400
2015-11-25,176.3571319580078,176.71099049952832,176.09593871593432,176.50878010898967,51980100
2015-11-27,176.559326171875,176.76153655861043,175.96956194709995,176.44979393873967,37317800
2015-11-30,175.8263702392578,176.8373966671618,175.7168379838029,176.7194437981713,112822700
2015-12-01,177.5030059814453,177.62097172021072,176.18024957044784,176.4582841206091,97858400
2015-12-02,175.69155883789062,177.77259450344067,175.43879902334115,177.45243121461814,108441300
2015-12-03,173.23133850097656,176.21386743157754,172.50676743730935,175.94426647034257,166224200
2015-12-04,176.6099395751953,176.9048282224271,173.23142176179093,173.23142176179093,192913900
2015-12-07,175.53994750976562,176.7026223313096,174.57103682659456,176.2813601706007,102027100
2015-12-08,174.3604278564453,175.48940750489206,173.37467581809383,173.97287381875287,103372400
2015-12-09,173.00390625,175.81793383167454,172.02657514846928,173.7200569214092,162401500
2015-12-10,173.45045471191406,174.7647904203962,172.83541563928316,173.07132138922103,116128900
2015-12-11,170.0887451171875,171.99284468297955,169.7770025027234,171.3272563956832,211173300
2015-12-14,170.94822692871094,171.07461332540126,168.46278206465445,170.2489428618231,182385200
2015-12-15,172.74276733398438,173.65269517933825,170.9229116432766,172.46473275435667,154069600
2015-12-16,175.27027893066406,175.57358810608002,172.54892982028295,173.87168590758517,197017000
2015-12-17,172.59950256347656,175.64943595529166,172.58264848036802,175.58203247875616,173092500
2015-12-18,169.52459716796875,171.99092354182665,169.36356283814018,171.85532725622974,251393500
2015-12-21,170.92308044433594,171.10106921199636,169.5839681196295,170.7027250994136,99094300
2015-12-22,172.47401428222656,172.77065780899127,170.82131746895178,171.81293555691664,111026200
2015-12-23,174.6099090576172,174.65228857484354,173.38945138301116,173.4826811479439,110987200
2015-12-24,174.3217010498047,174.87260879815253,174.10134570991175,174.35560982973305,48539600
2015-12-28,173.9233856201172,173.9657522002466,172.8470080771526,173.62674196474214,65899900
2015-12-29,175.77943420410156,176.10997361620284,174.99122981078622,175.02512565174703,92640700
2015-12-30,174.53359985351562,175.61846104846506,174.3895198581298,175.53370202416215,63317700
2015-12-31,172.7876739501953,174.49970538183072,172.7876739501953,173.8555807622386,114877900
2016-01-04,170.3721466064453,170.38061733347607,168.3126218860981,169.92295235806984,222353500
2016-01-05,170.66036987304688,171.11803501836397,169.55009639666258,170.69426572616158,110845800
2016-01-06,168.50759887695312,169.5585382659889,167.47360094538482,168.10077111434867,152112600
2016-01-07,164.46482849121094,167.33798313916594,164.07495513840922,165.5496766045597,213436100
2016-01-08,162.6596221923828,165.99045593534453,162.3714621444685,165.43107730180685,209817200
2016-01-11,162.82064819335938,163.92245100876755,160.87979040343703,163.58342779426556,187941300
2016-01-12,164.13433837890625,164.8886472615625,161.99853735571685,164.26994766694668,172330500
2016-01-13,160.04066467285156,165.1513197766871,159.65927501019684,164.80382595702918,221168900
2016-01-14,162.66806030273438,163.79528807490556,159.0490801700079,160.6509274394277,240795600
2016-01-15,159.1761932373047,159.98135217332498,157.2353358891122,158.29475894503636,324846400
2016-01-19,159.38809204101562,161.12554859392307,157.8116698761334,160.99842298885656,195244400
2016-01-20,157.3455047607422,158.91345603323416,153.42141061380045,156.82003507116355,286547800
2016-01-21,158.22691345214844,160.0745405769347,156.48945750268524,157.82009872481692,195772900
2016-01-22,161.4730224609375,161.6764234038129,160.08305997751285,160.8458393781153,168319600
2016-01-25,159.03213500976562,161.1594521414183,158.8372047618833,160.96452189353602,130371700
2016-01-26,161.20181274414062,161.4815019882439,159.3541851061627,159.6931953177003,141036800
2016-01-27,159.4473876953125,162.35443791469694,158.54051548868173,160.6763156683246,185681700
2016-01-28,160.27796936035156,161.20178300893429,158.62527225224298,160.9983820924952,143798800
2016-01-29,164.18515014648438,164.32075940274018,160.9306055908077,161.0492604569289,210529300
2016-02-01,164.12579345703125,164.9140108337087,162.5917511393316,163.17655465987093,136061600
2016-02-02,161.16796875,162.70201178924685,160.64248594091453,162.69354105757674,182564900
2016-02-03,162.13409423828125,162.5409090384971,158.57443563847164,162.22732397712335,205054900
2016-02-04,162.38839721679688,163.36306141152716,160.99843446190192,161.63408839735533,139531800
2016-02-05,159.29486083984375,162.44770514097527,158.65920695546097,161.87138516002568,180788300
2016-02-08,157.1505584716797,157.74383272705154,154.93001214482697,157.44720206557002,191526700
2016-02-09,157.1590576171875,158.43884902705562,155.2690503860317,155.4046596496117,184513100
2016-02-10,157.02345275878906,159.6253890838238,156.89631423143294,157.98964607760746,148214100
2016-02-11,154.9808349609375,156.03178697912224,153.4806887336882,154.5401114781624,219058900
2016-02-12,158.1761016845703,158.19304314187306,155.9131756232765,156.76071405518024,127632400
2016-02-16,160.8458251953125,160.87125031093,159.02362293654295,159.9898161272353,120250700
2016-02-17,163.4731903076172,163.84610922621385,161.8882849035813,162.01542340714366,136009500
2016-02-18,162.80364990234375,163.80375194994778,162.49006482934385,163.7444180537533,102343000
2016-02-19,162.72731018066406,162.87986082640418,161.41362357970382,162.02385202747368,114793000
2016-02-22,165.08349609375,165.22757604156243,164.24442858688178,164.3122331974536,103640300
2016-02-23,162.9985809326172,164.69365762484952,162.87991314904843,164.42243914653608,111455300
2016-02-24,163.74441528320312,164.02410450536658,160.45597510553162,161.5662483334956,150812200
2016-02-25,165.7276153564453,165.7360990152582,163.43079405693118,164.19357327049826,110728300
2016-02-26,165.34628295898438,166.69386607100247,165.18524857470337,166.6006492510621,129833700
2016-02-29,164.04953002929688,166.3124559970551,163.85459981909108,165.3632171309299,125918100
2016-03-01,167.90585327148438,167.99061229471093,164.8038592481139,165.27847874039568,141799700
2016-03-02,168.66012573242188,168.71097596245232,167.17693367196088,167.59223210455698,102415000
2016-03-03,169.32122802734375,169.33818241717043,167.90584038845594,168.48216031846093,95172200
2016-03-04,169.8721160888672,170.65186280098837,168.6855674963519,169.5161515111126,129293600
2016-03-07,170.0077362060547,170.4145639772772,168.8720377759822,168.94831313343246,100219000
2016-03-08,168.15159606933594,169.43985792573434,167.99057465314343,168.93134269755143,123974900
2016-03-09,168.98220825195312,169.3296891630479,168.1770364359287,168.96525386308696,94801200
2016-03-10,169.11778259277344,170.41452805815925,167.28710973777427,169.47376005066465,156838700
2016-03-11,171.84690856933594,171.8892880825358,169.10089199478227,170.57560076780948,137964500
2016-03-14,171.62649536132812,172.0841603253658,171.0077960608527,171.33833546054862,73612000
2016-03-15,171.3468475341797,171.65196189463276,170.3976086049525,170.66034345626284,93169100
2016-03-16,172.33843994140625,172.74526764883407,170.82135202956667,170.86373153230812,129303200
2016-03-17,173.43177795410156,173.94029320833664,171.8553560943957,172.25370015637145,134278500
2016-03-18,174.11329650878906,174.4540551653916,173.61918735733872,173.93438976465154,138372400
2016-03-21,174.36036682128906,174.59038609334056,173.61920949914784,173.84922877119934,72926700
2016-03-22,174.26669311523438,174.83747120816,173.42331060438207,173.5851625717468,97471900
2016-03-23,173.11659240722656,174.0707272027302,172.94620005164808,173.8833060108832,81052500
2016-03-24,173.0399169921875,173.07400066419757,171.86429029008303,172.08578216169988,84360900
2016-03-28,173.14212036132812,173.6703001797799,172.6906092908885,173.45732276922877,62408200
2016-03-29,174.74368286132812,174.854435262622,172.42648784374134,172.73317580192514,92922900
2016-03-30,175.51046752929688,176.23458308827088,175.14413954137035,175.74900124273682,86365300
2016-03-31,175.08447265625,175.84267171503555,174.92260774497396,175.4167168955131,94584100
2016-04-01,176.2771759033203,176.4645971010006,173.77255898805814,174.08777445639976,114423500
2016-04-04,175.70640563964844,176.40497795255345,175.39971757529472,176.20051490994678,63497000
2016-04-05,173.9514617919922,175.71490829463204,173.69588625562233,174.36037485071697,99662200
2016-04-06,175.85125732421875,175.91089726266935,173.77259488355602,173.9515016997931,91839800
2016-04-07,173.74697875976562,175.11855388129385,173.01433590604665,174.7607533712139,113859000
2016-04-08,174.21556091308594,175.36564438770728,173.678853558381,174.93116205328425,95040600
2016-04-11,173.80657958984375,175.55299666225463,173.71286902500879,174.85442463364734,83757500
2016-04-12,175.42527770996094,175.70640952509464,173.5340367711436,173.97703354036454,115350600
2016-04-13,177.19720458984375,177.28240075323265,176.20898629061412,176.34529495239258,96336400
2016-04-14,177.20570373535156,177.70834025745486,176.85643069341933,177.2568292284447,65212900
2016-04-15,177.00985717773438,177.34210155479974,176.68612722091146,177.20579283623064,75761600
2016-04-18,178.2535858154297,178.28765648296246,176.34530345584142,177.00979196516653,82531000
2016-04-19,178.8158416748047,179.0714171858337,177.99801563844437,178.67954600148494,88316100
2016-04-20,178.98622131347656,179.68478046166612,178.3813597469344,178.8584270674755,81100300
2016-04-21,178.02354431152344,179.11398752382064,177.7509270088949,179.00323511973923,85695000
2016-04-22,178.02354431152344,178.2961486150435,177.12052224500624,177.66574385115484,99251700
2016-04-25,177.71688842773438,177.7594865138486,176.8053387815109,177.41871482404557,66166500
2016-04-26,177.98098754882812,178.49213861035878,177.50392015759232,178.08321256148966,75864200
2016-04-27,178.34730529785156,178.73917649002462,177.23982006068684,177.5976205836273,77329400
2016-04-28,176.72866821289062,178.69657757953746,176.3112407709417,177.589105346594,97216200
2016-04-29,175.7745361328125,176.45606651656496,174.66705088410362,176.1067804075141,142424100
2016-05-02,177.1717071533203,177.35060095706808,175.84272975759603,176.2771991372401,62188000
2016-05-03,175.62965393066406,176.17487545435017,174.8799694609307,175.93634185018166,106422100
2016-05-04,174.6499786376953,175.36559256553545,174.1473551043559,174.63294980542213,92243800
2016-05-05,174.61595153808594,175.47637575045397,174.18999664103234,175.11857519682238,67619200
2016-05-06,175.2548828125,175.2974809017674,173.68737192071026,173.84070944313868,89315000
2016-05-09,175.399658203125,175.8341273975962,174.94814717776038,175.127053904371,74374900
2016-05-10,177.58059692382812,177.59763875974392,176.0386422508062,176.1067965953573,77472200
2016-05-11,175.91937255859375,177.65726281970865,175.91937255859375,177.12056848858697,81727000
2016-05-12,175.970458984375,176.76274173534193,174.95668439935457,176.5923494024132,89586300
2016-05-13,174.43707275390625,176.22608880826238,174.1133558195942,175.6723525528785,96474600
2016-05-16,176.1579132080078,176.63498063186802,174.54780415292345,174.60744408046216,77486800
2016-05-17,174.513671875,176.17489285348913,173.98547912865664,175.8852467339798,114924900
2016-05-18,174.56478881835938,175.74894257159312,173.4743456354869,174.16439029037093,120062100
2016-05-19,173.95997619628906,174.24962240456628,172.75026585662087,173.84070934587422,115430500
2016-05-20,175.05894470214844,175.57861018592482,174.52223738308604,174.57334988983263,104990400
2016-05-23,174.82040405273438,175.35709835134318,174.63298286937538,175.07596657630472,58682600
2016-05-24,177.08645629882812,177.40167171141593,175.61265623148654,175.63821248127613,93537800
2016-05-25,178.2876739501953,178.70511441325252,177.0864780659969,177.76800847541446,76621400
2016-05-26,178.3388214111328,178.6540369242498,178.02361889712978,178.42401760367554,55280700
2016-05-27,179.10549926757812,179.11401368486318,178.44952516153782,178.50063766346895,64211200
2016-05-31,178.7647705078125,179.488899123315,178.20250685335972,179.3781466764676,109879400
2016-06-01,179.1310577392578,179.30995149823454,177.95541818382588,178.15135377669438,69936200
2016-06-02,179.6763153076172,179.69334414579856,178.25362737268512,178.73069482402605,63044700
2016-06-03,179.13954162597656,179.4888276661212,177.92983160804195,179.1139853790497,101757100
2016-06-06,180.0511016845703,180.40890216169484,179.33548773121223,179.49735263733956,64887000
2016-06-07,180.332275390625,180.89453902569903,180.1789378533028,180.20449410952318,60974800
2016-06-08,180.92002868652344,181.04782291969812,180.34073642661127,180.46851766067772,66170900
2016-06-09,180.6730499267578,180.79231679066427,179.91485064925672,180.18745505285153,73786900
2016-06-10,178.9606475830078,179.63365041607935,178.41541298523768,179.2928917915813,113829200
2016-06-13,177.58059692382812,179.21626219571885,177.4954137424733,178.35583796909606,117751200
2016-06-14,177.23129272460938,177.82763992889195,176.27715799633438,177.1972220553613,125059300
2016-06-15,176.98422241210938,178.35579741141666,176.79680125699093,177.231270480706,109124500
2016-06-16,177.51239013671875,177.6827824473135,175.14408260946362,176.984210371378,149533100
2016-06-17,176.851318359375,177.4336232145888,176.19193298309247,177.40793406313585,117055700
2016-06-20,177.99024963378906,179.49740312152971,177.90461041893727,178.82090036435505,82789600
2016-06-21,178.4954833984375,178.90652287460694,177.9302959520112,178.37559634010853,72461700
2016-06-22,178.2043914794922,179.40326246978856,178.05880215443625,178.67536811136404,95560500
2016-06-23,180.52499389648438,180.57637219459346,179.2062363337531,179.66865408344344,102731400
2016-06-24,174.0425567626953,180.55930507697246,173.59725627725683,174.37652886009613,333444400
2016-06-27,170.92543029785156,172.6381099077831,170.1118970297673,172.62953814704005,230775800
2016-06-28,174.00827026367188,174.0339594161023,172.22708165046885,172.53536454634457,159382400
2016-06-29,176.97122192382812,177.20242430846392,175.30992028583816,175.41267690123186,137328600
2016-06-30,179.3861083984375,179.43748671030048,176.88559704298115,177.44222591049132,165021900
2016-07-01,179.7628631591797,180.2509831549735,179.22336486208323,179.38607152734784,106055300
2016-07-05,178.4698028564453,179.04354902517392,177.87036753588632,178.93222065610226,109803700
2016-07-06,179.54025268554688,179.660139766317,177.3137633950026,177.97314887259418,96021500
2016-07-07,179.42892456054688,180.38802120809515,178.65822376401155,179.72007703330806,85593800
2016-07-08,182.1007537841797,182.34909978065232,180.49940165539314,180.73061718772945,133971000
2016-07-11,182.74293518066406,183.31669443041378,182.3575848268866,182.56311111336606,73633900
2016-07-12,184.07029724121094,184.37002149534,182.76865666334592,183.7106359762836,101275600
2016-07-13,184.04458618164062,184.4984453238494,183.55647918972468,184.48988662810038,87324100
2016-07-14,185.07217407226562,185.54316362822968,184.67826503761194,185.31194819771827,91230900
2016-07-15,184.8238983154297,185.83437343228698,184.37859777351457,185.6374188541513,107155400
2016-07-18,185.32049560546875,185.48320225493876,184.68679946192978,184.9437040102136,58725900
2016-07-19,185.1321258544922,185.16637370128464,184.65257759913803,184.90091042183573,54345700
2016-07-20,185.90289306640625,186.14266727988652,185.13219210403605,185.13219210403605,58159500
2016-07-21,185.20068359375,186.01420410399504,184.75538306742223,185.79156037418787,67777300
2016-07-22,186.03126525878906,186.08264355677932,185.0550383968485,185.32050164760386,62787500
2016-07-25,185.52603149414062,185.87713398420374,184.9437266423664,185.8257556816013,55873100
2016-07-26,185.61167907714844,185.97134027828923,184.76389784585993,185.42328324797322,70080500
2016-07-27,185.41473388671875,186.05698886395425,184.64402007400957,185.98848009837715,84083900
2016-07-28,185.6288604736328,185.92001299254184,184.75538985019188,185.21780778806422,65035700
2016-07-29,185.92849731445312,186.2881584704175,185.08072925636168,185.36332296462837,79519400
2016-08-01,185.7744140625,186.38240818563156,185.32055487761173,185.98849907675722,73311400
2016-08-02,184.58409118652344,185.68020535052852,183.74488163805017,185.5260573545248,92295500
2016-08-03,185.12359619140625,185.18354627031363,184.22444954149876,184.52416073589694,53993600
2016-08-04,185.32049560546875,185.6373371438842,183.47079853787508,185.23485640047144,46585500
2016-08-05,186.8363037109375,186.87912333546,185.32059092321714,185.32059092321714,71892200
2016-08-08,186.72494506835938,187.12742592545445,186.4594817512779,187.02465623708832,39906500
2016-08-09,186.8363037109375,187.33298260862574,186.51090331133923,186.79349715312986,51251700
2016-08-10,186.37380981445312,187.0246234152356,186.02270732980188,186.9475559625198,57941100
2016-08-11,187.23875427246094,187.48710021435585,186.63931882657914,186.90478216213302,72504300
2016-08-12,187.07608032226562,187.29016536594972,186.67359939480238,186.93049099385203,61313500
2016-08-15,187.61553955078125,187.96664210941114,187.43571545655482,187.44427415309008,49813500
2016-08-16,186.6478729248047,187.26442570599173,186.6478729248047,187.1959300044132,53213600
2016-08-17,186.99893188476562,187.13594939898982,185.84288090861114,186.6820903164929,75134300
2016-08-18,187.4185791015625,187.45282695333856,186.8619633098963,186.97327862820245,52989300
2016-08-19,187.14450073242188,187.32433784610603,186.45943932166605,186.94754623016502,75443000
2016-08-22,187.13601684570312,187.3672323509514,186.53658133831317,186.90480134045484,61368800
2016-08-23,187.5128173828125,188.05231589805447,187.45286729591243,187.75259159698345,53399200
2016-08-24,186.5536651611328,187.46138342634853,186.13405387750765,187.36718550825762,71728900
2016-08-25,186.42518615722656,186.84479739545222,186.01414668035227,186.1682815841641,69224800
2016-08-26,186.07411193847656,187.6412156987997,185.18352409219543,186.6136103171795,122506300
2016-08-29,186.99041748046875,187.2558808104621,186.1683252671132,186.20258618713893,70502200
2016-08-30,186.68209838867188,187.18733579417213,186.1254826797933,186.9047420588813,58114500
2016-08-31,186.1511993408203,186.46804096961606,185.3719267798618,186.34815388844643,85269500
2016-09-01,186.1597442626953,186.45089671446254,184.99512138891555,186.14261380473522,97844200
2016-09-02,186.99893188476562,187.4271018166842,186.4251857439999,187.016062340721,79293900
2016-09-06,187.5640869140625,187.64115435247797,186.5621710145401,187.281493239832,56702100
2016-09-07,187.54701232910156,187.72684947234944,186.93901826710024,187.40143610204896,76554900
2016-09-08,187.11883544921875,187.48706841784025,186.81055254837466,187.21303336521862,74102900
2016-09-09,182.6401824951172,185.851457290113,182.61449334209408,185.80007898406674,221589100
2016-09-12,185.26065063476562,185.66313160647925,181.80960039649267,181.8781091860094,168110900
2016-09-13,182.5973663330078,184.2415374910919,181.97224181978828,183.9760741936991,182828800
2016-09-14,182.5288848876953,183.85621464003526,181.97226905609122,182.64877197758142,134185500
2016-09-15,184.35287475585938,184.73822514377375,182.18633559413095,182.36617274407044,134427900
2016-09-16,183.64024353027344,183.91566286896128,182.95172144898766,183.73491728635778,155236400
2016-09-19,183.6746826171875,184.9398623324131,183.34762542658794,184.29436301373542,80250500
2016-09-20,183.68328857421875,184.69026595750765,183.6488677215302,184.53535242133285,69665300
2016-09-21,185.74888610839844,185.92961855928027,183.70049744695777,184.389032664752,110284400
2016-09-22,186.9193572998047,187.2205955267431,186.51485653130135,186.7644437883841,76678700
2016-09-23,185.89520263671875,186.66119463948525,185.80052887760303,186.52348496573194,73630900
2016-09-26,184.38902282714844,185.24107345842353,184.1910602621694,185.0603410171842,89827300
2016-09-27,185.53367614746094,185.62833674914228,183.85536784384433,184.2254608538307,78494800
2016-09-28,186.4546356201172,186.60956229083172,184.7935569544685,185.75749843369601,87411000
2016-09-29,184.76773071289062,186.65259094746978,184.21690511703937,186.2480769641255,128070600
2016-09-30,186.16201782226562,186.86775695932013,185.35298985748946,185.6025771646541,117202900
2016-10-03,185.7144775390625,185.93824593406305,185.07758007721958,185.74891152765875,83512100
2016-10-04,184.76773071289062,186.05012750399467,184.17388233249827,185.82635912005196,119948100
2016-10-05,185.5853271484375,186.01565994755165,185.32712484242606,185.39597966621008,72816000
2016-10-06,185.7144775390625,185.93824593406305,184.81939082634156,185.36160138590418,62927400
2016-10-07,185.07757568359375,186.16202304241241,184.34601760227483,185.98989250167375,89788300
2016-10-10,186.04151916503906,186.5062729103624,185.89520755757215,186.04151916503906,51855000
2016-10-11,183.6918487548828,185.67999727961765,182.96029089024037,185.61114245717226,130367400
2016-10-12,183.93289184570312,184.45789850315848,183.3304152862459,183.82960302060656,73866100
2016-10-13,183.33045959472656,183.82964744973413,181.78127130375523,182.59890137570588,101357000
2016-10-14,183.42503356933594,184.77628475527266,183.34757682347956,184.3115180147068,93346200
2016-10-17,182.7881622314453,183.65742974968583,182.60741667912635,183.39922744610791,58275700
2016-10-18,183.93289184570312,184.44928344031507,183.5541967966904,184.389043664,76869700
2016-10-19,184.42347717285156,184.73331740396787,183.83823069891997,184.19970877976922,66519200
2016-10-20,184.0791778564453,184.6386052893281,183.41646161282907,184.07056279479988,73639800
2016-10-21,184.16525268554688,184.25132451324941,183.11523942461778,184.0791939905614,89089100
2016-10-24,184.94842529296875,185.31851832004375,184.59554925459165,185.04309903173544,60146600
2016-10-25,184.32875061035156,185.02588764751604,184.1652220445545,184.7676853400846,66542300
2016-10-26,183.95867919921875,184.5439255325537,183.26152899714793,183.50252745920315,75705500
2016-10-27,183.4680633544922,184.71602570495898,183.39060661121866,184.6816048632974,77220200
2016-10-28,182.92588806152344,184.1222128982054,182.21154706403203,183.44229275144065,140623200
2016-10-31,182.93446350097656,183.48528892231414,182.77093494683174,183.26150747655223,61272500
2016-11-01,181.60906982421875,183.31319741452177,180.39554113336976,183.26154643956252,122781800
2016-11-02,180.5160369873047,181.68654291870166,180.07708905508272,181.29923282963122,103330800
2016-11-03,179.6897735595703,180.94635118838607,179.414367380271,180.73118477564276,88939300
2016-11-04,179.4918975830078,180.64518687537276,179.3455859383992,179.80173786944982,109122100
2016-11-07,183.45089721679688,183.4853312007163,179.49184269266695,179.49184269266695,109794900
2016-11-08,184.2771453857422,184.84518793607123,182.78819730628936,183.0550015891877,106772100
2016-11-09,186.23080444335938,186.85048465181654,182.75370848115935,182.7795273954523,258429000
2016-11-10,186.69558715820312,187.89191186035367,185.23245821159472,187.02264430055297,172113300
2016-11-11,186.26527404785156,186.5062593994829,185.31854963293324,185.9726508541159,100552700
2016-11-14,186.41159057617188,186.99685011184275,185.66281558041715,186.79028560524415,94580000
2016-11-15,187.8660888671875,187.8660888671875,186.59230743770325,186.79885877978907,91652600
2016-11-16,187.51321411132812,187.74559750549724,187.12591720952304,187.24640987081162,65617700
2016-11-17,188.47718811035156,188.53742788089505,187.556269499148,187.6681602436499,69797200
2016-11-18,188.055419921875,188.7181360628328,187.8746743806269,188.5460055818956,86265800
2016-11-21,189.4755859375,189.50140486297022,188.48582544055725,188.63213706246154,72402600
2016-11-22,189.8456268310547,190.02635925959552,189.11405579019603,189.78537393306416,67429000
2016-11-23,189.94886779785156,190.00050562514247,189.13123822274858,189.32918760493473,56620200
2016-11-25,190.65467834472656,190.68909919592076,190.2157304125195,190.29320030996112,37872300
2016-11-28,189.75953674316406,190.62020229296596,189.65626107965633,190.34479614604066,76572500
2016-11-29,190.12966918945312,190.58582097483202,189.49277182273693,189.79401008072682,69886700
2016-11-30,189.67349243164062,190.91285301844545,189.61323953488883,190.74932445036495,113291800
2016-12-01,188.97637939453125,189.9747416538877,188.61488823352252,189.9747416538877,79040500
2016-12-02,189.071044921875,189.5616307011736,188.70956688420517,189.0624429921866,74840300
2016-12-05,190.20718383789062,190.551444980889,189.70799598763844,189.90594548822645,67837800
2016-12-06,190.80958557128906,190.84401955406278,189.91449900992004,190.39646970702,59877400
2016-12-07,193.30552673339844,193.3657665050252,190.53418205336612,190.65467472933636,110738100
2016-12-08,193.7788543701172,194.25222307613058,193.01286251228277,193.27967987946474,99714400
2016-12-09,194.9493865966797,194.96660358815976,193.96822820578208,194.0026621887422,88005800
2016-12-12,194.7255859375,195.3366642728695,194.30385507885265,194.8546805203949,102016100
2016-12-13,196.0252227783203,196.52441047978874,195.3711215484911,195.3883385403257,110477500
2016-12-14,194.4071807861328,196.42973738751738,193.96823285552694,195.72399831251653,142501800
2016-12-15,195.20761108398438,196.06827689759587,194.415800111388,194.64818355822416,124972600
2016-12-16,194.82577514648438,195.72615053294177,194.50545614694187,195.66554250053082,156420200
2016-12-19,195.24998474121094,195.6742013225138,194.86040509436378,195.0075790405007,90341100
2016-12-20,196.00323486328125,196.1504220660396,195.55306025409087,195.7868001899737,89838800
2016-12-21,195.4578094482422,196.0465053614896,195.4578094482422,195.8733602817182,67909000
2016-12-22,195.1201171875,195.43178352771457,194.72187172662396,195.31058068485999,56219100
2016-12-23,195.40586853027344,195.41452116077593,194.972999222937,195.16344956485196,36697800
2016-12-27,195.890625,196.28885725318636,195.65687194088326,195.67419040714503,42672500
2016-12-28,194.271728515625,196.1676980847761,194.159191485166,196.15039282478065,64095000
2016-12-29,194.2284393310547,194.69593231238508,193.78690423800356,194.34097635408312,48696100
2016-12-30,193.51852416992188,194.64398685218566,192.8259307339041,194.55740771888804,108998300
2017-01-03,194.9989776611328,195.50976029257782,193.82157257247454,194.82581936358508,91366500
2017-01-04,196.15902709960938,196.30620105653207,195.3192597141345,195.32791234332257,78744400
2017-01-05,196.00323486328125,196.1590746973272,195.2067568507243,195.8906978160457,78379000
2017-01-06,196.70449829101562,197.17199138238743,195.57036948337645,196.11578909841387,71559900
2017-01-09,196.05514526367188,196.58324627368603,196.02050832622643,196.44472494414634,46939700
2017-01-10,196.05514526367188,196.91221791869148,195.66555237307637,196.07245052227356,63771900
2017-01-11,196.60923767089844,196.60923767089844,195.30196395484305,195.9685863632232,74650000
2017-01-12,196.11575317382812,196.30621671212265,194.7565505161322,196.0897820740718,72113200
2017-01-13,196.56591796875,196.86891850056966,196.2542515979421,196.28887532353392,62717900
2017-01-17,195.8733367919922,196.33217714291624,195.48375710669535,195.9252789886823,61240800
2017-01-18,196.3062286376953,196.3495182099597,195.57034553956885,196.12441771823396,54793300
2017-01-19,195.57899475097656,196.52264657954166,195.14612548538287,196.3841252441225,66608800
2017-01-20,196.29757690429688,196.79104104202221,195.63095447672268,196.26293996227798,129168600
2017-01-23,195.7867889404297,196.3581796155604,195.0249479170454,196.2975847797805,75061600
2017-01-24,197.04208374023438,197.45763451266137,195.8906499742346,196.00318699398554,95555300
2017-01-25,198.7476043701172,198.7476043701172,197.82991041474384,197.99440285212322,84437700
2017-01-26,198.5398406982422,198.8688256033822,198.26279799704574,198.60043553280198,59970700
2017-01-27,198.2281494140625,198.76490306768792,198.04633851292922,198.61772910492357,59711100
2017-01-30,196.99884033203125,197.56156519299816,196.01189875994572,197.53559408926884,79737300
2017-01-31,196.98146057128906,197.04206860121604,195.93392448647037,196.50530180086244,75880800
2017-02-01,197.05941772460938,197.89918523117447,196.47072181203163,196.98150442031928,79117700
2017-02-02,197.1892852783203,197.47498060248765,196.36683624760258,197.0594165618137,69657600
2017-02-03,198.54844665527344,198.73025753646,197.78660582631838,198.09827218683816,80563200
2017-02-06,198.1935272216797,198.53983058052742,197.85588970312966,198.14158502038313,57790100
2017-02-07,198.2021942138672,198.82552705329329,198.0117306679246,198.5831213057523,57931200
2017-02-08,198.46192932128906,198.5917848324101,197.65678552196894,198.20220508892376,51566200
2017-02-09,199.6392822265625,199.94228274337826,198.46187746293734,198.46187746293734,65955200
2017-02-10,200.42709350585938,200.6521939457707,199.65658685335302,199.98557167468823,66015900
2017-02-13,201.51791381835938,201.7776379581528,200.89458116690258,200.92055225987008,55182100
2017-02-14,202.3230743408203,202.33174017984953,200.98984293224817,201.33613303028443,71109000
2017-02-15,203.37930297851562,203.5697665204438,202.05472402518362,202.10666622568726,86785800
2017-02-16,203.20614624023438,203.58707330222083,202.45295795592938,203.40526240077406,84722400
2017-02-17,203.52647399902344,203.52647399902344,202.5222141034397,202.5395325733972,77204100
2017-02-21,204.73849487304688,204.9116399244706,203.89006166386557,203.89872750301518,88946100
2017-02-22,204.5567169189453,204.78180420102626,204.16713718798405,204.33162963686436,62115200
2017-02-23,204.69520568847656,205.09343798647993,203.9333516086501,205.0761327283898,74615900
2017-02-24,204.95494079589844,204.99821715355117,203.80350698573864,203.84679655351272,82381600
2017-02-27,205.27525329589844,205.44839835137117,204.6172968010536,204.86835514997097,56515400
2017-02-28,204.72119140625,205.1367422021414,204.3316117094692,204.89433647036128,96961900
2017-03-01,207.58676147460938,208.05426762849893,206.36606710737806,206.38338557496067,149158200
2017-03-02,206.27951049804688,207.40497315954045,206.22756830307532,207.39630732029798,70246000
2017-03-03,206.40940856933594,206.57390102742917,205.81204678368093,206.19297390555505,81974300
2017-03-06,205.7947540283203,206.14969685879748,205.18872636480583,205.6129430872411,55391500
2017-03-07,205.18002319335938,205.8466455329481,204.972241199039,205.49168957977946,65103700
2017-03-08,204.79910278320312,205.73410197278264,204.66058144916434,205.47437777399028,78168800
2017-03-09,205.05885314941406,205.38783805720732,204.0892301076527,204.92033179769868,90683900
2017-03-10,205.77732849121094,206.06302370133395,204.82501112413416,206.01973414644547,81991700
2017-03-13,205.8813018798828,205.9245914534901,205.3878377291044,205.71680942624894,57256800
2017-03-14,205.0934600830078,205.3878212338226,204.4787931015685,205.33586582359263,59880800
2017-03-15,206.86819458007812,207.29241116513683,205.43106562020094,205.66481869442677,96081800
2017-03-16,206.4613037109375,207.08463645734392,206.13233207986562,207.00672316657324,78344000
2017-03-17,206.09873962402344,206.91607632998918,206.09873962402344,206.72478419592946,89002100
2017-03-20,205.87269592285156,206.38570067207806,205.48142133899393,206.09876243922434,52537000
2017-03-21,203.22938537597656,206.60306877992002,203.09896494235707,206.48133861934434,131809300
2017-03-22,203.7075958251953,203.9945340186917,202.6381085713206,203.26415312665975,97569200
2017-03-23,203.49021911621094,204.6292683476359,203.11633839891192,203.70759532885208,100410300
2017-03-24,203.34243774414062,204.36844726516756,202.55988855920796,203.79458405442713,112504900
2017-03-27,203.13369750976562,203.39455159092938,201.38599772087088,201.66423234454643,87454500
2017-03-28,204.6118927001953,205.0379415959101,202.71636518145223,202.82940506036013,93483900
2017-03-29,204.80316162109375,205.03793163989064,204.09886483229388,204.3249445791319,61950400
2017-03-30,205.45530700683594,205.65530268652503,204.5684215614003,204.74231988790189,56737900
2017-03-31,204.97703552246094,205.6465445651758,204.92485409752737,205.11614618618543,73733100
2017-04-03,204.62057495117188,205.22922568375552,203.38587967433335,205.02924328610464,85546500
2017-04-04,204.75099182128906,204.83794761054727,203.95104897695813,204.33363322154915,56466200
2017-04-05,204.14236450195312,206.41177287881223,203.93367854436426,205.42922807143728,108800600
2017-04-06,204.7162322998047,205.23792727038372,203.83802387447042,204.281479857193,69135800
2017-04-07,204.50753784179688,205.20314437455087,204.02061724914643,204.46405994582642,74412300
2017-04-10,204.6292266845703,205.42916939210824,204.09882830301285,204.6466204929657,67615300
2017-04-11,204.3857879638672,204.49012429005163,202.89023870647137,204.24666401722808,88045300
2017-04-12,203.49021911621094,204.29886552638334,203.26415263139694,204.10757339785184,81864400
2017-04-13,202.16854858398438,203.89017757518258,202.16854858398438,203.15109321625093,92880400
2017-04-17,203.9597625732422,203.9597625732422,202.4902972284209,202.69027963246666,68405400
2017-04-18,203.35110473632812,203.89020679103865,202.66420170976033,203.2206843096354,83225800
2017-04-19,202.97718811035156,204.29013548806833,202.75110838727136,203.9162548192655,68699900
2017-04-20,204.6292266845703,205.07268255932772,203.27280151667605,203.59451400025424,92572200
2017-04-21,203.97715759277344,204.6032022014737,203.5771927562991,204.55103402868073,110389800
2017-04-24,206.220458984375,206.42914491995361,203.9510508468719,206.22914925634421,119209900
2017-04-25,207.42037963867188,207.7681762632812,206.7769412887948,206.86389707874253,76698300
2017-04-26,207.28994750976562,208.27249221966898,207.24648288205628,207.38559357238978,84702500
2017-04-27,207.46388244628906,207.76820121246766,206.92478036554024,207.61169669287736,57410300
2017-04-28,207.01174926757812,207.75082054729498,206.88131555873875,207.72473645904574,63532800
2017-05-01,207.53343200683594,207.9594942023241,207.11607335197746,207.53343200683594,66882500
2017-05-02,207.61167907714844,207.7942676678446,207.2030107316592,207.6725375181834,57375700
2017-05-03,207.35946655273438,207.70727637552753,206.68125398277286,207.61163033270793,73137700
2017-05-04,207.60296630859375,207.7420902641909,206.75085529884487,207.663838014514,61462700
2017-05-05,208.42027282714844,208.43766663598072,207.53337432294416,207.97683020884065,62001300
2017-05-08,208.38552856445312,208.6115950415581,207.95946642587268,208.46378081411362,48385700
2017-05-09,208.19427490234375,208.84640363849746,207.84646494917257,208.64642120766973,51363200
2017-05-10,208.56814575195312,208.56814575195312,207.9421011336263,208.1507870955994,54293800
2017-05-11,208.14208984375,208.30729789965704,207.05520870498464,208.116005757827,62358300
2017-05-12,207.79425048828125,208.185524989301,207.52470612685852,207.88989654564963,53912700
2017-05-15,208.9420166015625,209.0637467489809,208.20293217735656,208.22032598915663,61918900
2017-05-16,208.75070190429688,209.2637065224087,208.3594274204419,209.23762244132436,51241800
2017-05-17,205.046630859375,208.7507165771963,204.98575915417317,208.7507165771963,172174100
2017-05-18,205.87269592285156,206.72480708043372,204.70754917707174,204.96840332217448,107047700
2017-05-19,207.2117156982422,207.88123820265318,206.30743641771704,206.35960459018685,115011400
2017-05-22,208.2638397216797,208.42904779323078,207.65518887985462,207.7247376038404,61010600
2017-05-23,208.724609375,208.88981739357382,208.25506939930722,208.637653596512,48341700
2017-05-24,209.21156311035156,209.3158994470322,208.6202929114487,208.959412540843,46927700
2017-05-25,210.21151733398438,210.48976529357435,209.51592397019533,209.72459667229487,64071700
2017-05-26,210.16802978515625,210.3332245671098,209.94195002574028,210.02020228049588,46629900
2017-05-30,209.9853973388672,210.23754787888458,209.6897689077876,209.846273394504,35201900
2017-05-31,209.93325805664062,210.3158423224758,209.2376515067213,210.28105469780456,91796000
2017-06-01,211.6027069091797,211.62010072160516,210.10715746278314,210.39409566364205,68962000
2017-06-02,212.30703735351562,212.46355515494636,211.35928007391888,211.654908594007,88666100
2017-06-05,212.1505126953125,212.42005710085908,211.95051700870053,212.1331188817827,44698800
2017-06-06,211.47225952148438,212.14176863719882,211.39399400934454,211.58528611886004,50375400
2017-06-07,211.8635711669922,212.08963766897932,211.14188049408946,211.81140299480992,54144300
2017-06-08,211.96792602539062,212.44615642481844,211.43752744922398,211.95923575179856,65950700
2017-06-09,211.6461944580078,213.03739436088486,210.37671144488533,212.23745143152235,132256400
2017-06-12,211.6027069091797,211.65487507886468,210.75059584661142,211.40272450285673,86108100
2017-06-13,212.63742065429688,212.6895888241833,211.7939998608889,212.14179650519276,60067000
2017-06-14,212.36788940429688,212.91566848958766,211.54184910468186,212.90697821659944,78602300
2017-06-15,211.95919799804688,212.0809281446195,210.73319299268545,211.01142764159823,66464900
2017-06-16,212.00550842285156,212.17152212336774,211.12303068025076,212.11909955105568,84553100
2017-06-19,213.77047729492188,213.83163251853753,212.73945115411766,212.8355636474783,65123800
2017-06-20,212.3287811279297,213.42096244725582,212.31131582607034,213.41222979632616,56906400
2017-06-21,212.27635192871094,212.83554821345143,211.80453547970438,212.72197042574658,55977600
2017-06-22,212.18028259277344,212.78316891798806,212.00553621805898,212.28514108343714,44148100
2017-06-23,212.4336700439453,212.76568414664246,211.85699502494913,212.24144503761326,66986800
2017-06-26,212.57345581054688,213.5258481751077,212.36376550313716,213.1064408957019,56700500
2017-06-27,210.8609619140625,212.6521425055375,210.8434832744342,212.35505896103896,82247700
2017-06-28,212.74818420410156,212.94914182989623,211.6472569230281,211.8831718164426,70042600
2017-06-29,210.87840270996094,212.9491745023948,209.66389745351125,212.89675192521318,106949700
2017-06-30,211.2715606689453,212.06667188268318,211.0793356868924,211.69095456965547,86820700
2017-07-03,211.62982177734375,212.65210201808634,211.62982177734375,212.21522943662578,39153800
2017-07-05,212.11907958984375,212.32876985935928,211.18416603061777,211.99675582186276,54427600
2017-07-06,210.1793975830078,211.47253666633034,209.99590523609857,211.35021287915515,65400800
2017-07-07,211.54241943359375,211.69095449562056,210.18811190861874,210.75605420350075,57972300
2017-07-10,211.76956176757812,212.14527903330858,211.23657680848842,211.5423928775181,36663300
2017-07-11,211.61231994628906,211.92686870375482,210.4415047560577,211.7695876588761,50354600
2017-07-12,213.20257568359375,213.36858941584214,212.58222401626992,212.58222401626992,59610400
2017-07-13,213.56076049804688,213.6743516192722,212.9840855734601,213.2112678159107,39471600
2017-07-14,214.55685424804688,214.9150929548679,213.46467282405064,213.56078532265403,60262700
2017-07-17,214.53060913085938,214.86263649773014,214.35586279703452,214.478186563941,33531900
2017-07-18,214.6442413330078,214.69666390996053,213.77922881640785,214.11998889889392,42742500
2017-07-19,215.80628967285156,215.81502232352327,214.9500099445451,214.95875592750787,51034300
2017-07-20,215.90240478515625,216.1819962652532,215.35194114344907,216.05967249290617,47135200
2017-07-21,215.710205078125,215.7364163658204,215.09857281245175,215.32575508220222,82340800
2017-07-24,215.65777587890625,215.79756496489048,215.18594605029563,215.6315512597235,46622300
2017-07-25,216.1820068359375,216.51403423381083,215.95483791398263,216.40917575789237,54915600
2017-07-26,216.19078063964844,216.50532946269527,215.92866773068812,216.47038551893203,47575400
2017-07-27,215.98974609375,216.68874471088822,214.66165005441633,216.65380077956166,70766600
2017-07-28,215.73646545410156,215.86752192239885,215.0549451543639,215.50928313265842,50088400
2017-07-31,215.6140899658203,216.23444154348272,215.40438633450609,216.13832904566695,65838700
2017-08-01,216.09463500976562,216.25190272133574,215.57038263994878,216.21695878508402,55050400
2017-08-02,216.1995086669922,216.33931109502183,215.26459492837407,216.22571995571107,47211200
2017-08-03,215.7801055908203,216.1121196779846,215.5005007465843,216.08590839037407,40856000
2017-08-04,216.17324829101562,216.50526231682767,215.7887983673793,216.26936077192474,60191800
2017-08-07,216.57518005371094,216.57518005371094,216.13830753117887,216.24316600254468,31995000
2017-08-08,216.04226684570312,217.48395464858618,215.66656275095818,216.26070317956763,61719400
2017-08-09,216.03350830078125,216.08593088145867,214.99374934303205,215.3519880873866,62632600
2017-08-10,212.98410034179688,215.32574413781086,212.9316777690706,215.194674373703,120479500
2017-08-11,213.2986602783203,213.89281390900854,212.97537884138708,213.21129376329955,74869900
2017-08-14,215.41314697265625,215.63158328404472,214.54814771222627,214.5830916558389,73291900
2017-08-15,215.38690185546875,215.815041758177,215.08109906692766,215.79756312296848,55242700
2017-08-16,215.7626495361328,216.31311329814957,215.3345095731982,215.9111846255687,56715500
2017-08-17,212.39871215820312,215.4655662661986,212.39871215820312,215.15101746877068,128490400
2017-08-18,212.066650390625,213.35978923059733,211.62103191725853,212.23265073803663,136748000
2017-08-21,212.23265075683594,212.49477691784702,211.29775055905455,212.0054818611812,65469700
2017-08-22,214.4520263671875,214.60929410540695,212.80064845441382,212.81812709164726,63140100
2017-08-23,213.68309020996094,214.11123008992666,213.33359751810963,213.482132578761,50203800
2017-08-24,213.18511962890625,214.22486533230236,212.9754159581827,214.06759757848107,50741700
2017-08-25,213.68309020996094,214.60052519143514,213.53455514930954,213.9801603312637,64445900
2017-08-28,213.6918487548828,214.24229911029164,213.27244150125694,214.21608782347658,40565600
2017-08-29,213.93650817871094,214.1986210613908,212.25890573580116,212.37249687315784,51135700
2017-08-30,214.95008850097656,215.22096075828648,213.7355829991973,213.91907538869165,62030800
2017-08-31,216.24319458007812,216.48784215844407,214.9849994157429,215.5704070734252,103803900
2017-09-01,216.54901123046875,216.97715118612592,216.40047614355765,216.61891244765528,62007000
2017-09-05,214.99374389648438,216.26941776725877,214.0238861816397,216.0422354803531,91398800
2017-09-06,215.72769165039062,216.05971910365733,215.14228394699003,215.67526906983147,57916900
2017-09-07,215.7014617919922,216.0509678527903,215.29080050323753,216.03348921667717,58034700
2017-09-08,215.44810485839844,215.91118877326923,215.2034572555344,215.41314758239247,63832800
2017-09-11,217.74600219726562,217.82463604927855,216.7062434907916,216.72370879193383,71364800
2017-09-12,218.47994995117188,218.51489388656896,217.92948630955624,218.11297863419188,56896000
2017-09-13,218.58477783203125,218.61973509695966,218.078004148891,218.19159526147303,59228000
2017-09-14,218.514892578125,218.7158635354014,218.0867660436909,218.26151238421244,95446300
2017-09-15,218.80908203125,218.89688212247273,218.26467591091398,218.37004137976422,95432400
2017-09-18,219.2744903564453,219.62571756038795,218.888132393033,219.17790086559222,46235200
2017-09-19,219.49395751953125,219.58177099846696,219.16907176468948,219.5202988835208,47108100
2017-09-20,219.572998046875,219.68715289834495,218.5719859449771,219.58178743449992,59574100
2017-09-21,218.9846649169922,219.50272959749836,218.80905136070515,219.4149295185826,48211400
2017-09-22,219.02857971191406,219.19541728598273,218.65978721060986,218.68612857509902,51214000
2017-09-25,218.58079528808594,219.12521486409233,217.83443414119952,218.77397426691743,57064400
2017-09-26,218.71249389648438,219.25690002016708,218.47540819165653,219.0110383257002,54082000
2017-09-27,219.56423950195312,219.9505974313564,218.52809656414811,219.41496728349418,81001400
2017-09-28,219.82763671875,219.90666081217725,219.19541717441996,219.2832172565205,44778800
2017-09-29,220.6003875732422,220.67942508250187,219.6345060670511,219.8188956589195,85578000
2017-10-02,221.55747985839844,221.55747985839844,220.65304379358867,220.82867077220482,59023000
2017-10-03,222.03164672851562,222.05798809666817,221.47845120039642,221.55748870331192,66810200
2017-10-04,222.29502868652344,222.54089033834686,221.76817463349886,221.88232947129373,55953600
2017-10-05,223.6121826171875,223.6297345959484,222.33017804941576,222.62872246983622,63522800
2017-10-06,223.3574981689453,223.6472665566893,222.9009056171564,223.1643192437827,80646000
2017-10-09,222.9887237548828,223.64728467170082,222.72529670846438,223.58582595332834,35803100
2017-10-10,223.57705688476562,223.95463881191978,223.01508538728058,223.55950490561045,43057400
2017-10-11,223.9282989501953,223.9282989501953,223.3136447141977,223.4804689080376,47674300
2017-10-12,223.59463500976562,223.9634275699101,223.35754929308055,223.6122003883796,47065100
2017-10-13,223.8668212890625,224.14781373197127,223.59461823403035,224.03365887723245,54800400
2017-10-16,224.16539001464844,224.35856899047826,223.75270409187593,224.0951552947636,38221700
2017-10-17,224.3234100341797,224.36731677481,223.89314541353218,224.11266571822773,31561000
2017-10-18,224.54296875,224.74492371329936,224.34978977694553,224.70101696515817,40888300
2017-10-19,224.60446166992188,224.6395924331661,223.34003556079912,223.7615109305067,61903800
2017-10-20,225.76345825195312,225.78982641459802,224.58684598620817,225.4034685192586,89176400
2017-10-23,224.88534545898438,226.11468047915264,224.80632137287233,226.08833911711528,63915300
2017-10-24,225.28053283691406,225.51760513750224,224.92051629363363,225.3156635915282,66935900
2017-10-25,224.16539001464844,225.06103677545406,223.03267092769963,224.94688190833867,103715300
2017-10-26,224.4551544189453,225.05224331637783,224.33222356368222,224.78005363521498,69798000
2017-10-27,226.29029846191406,226.44837344350614,224.46390135725696,225.20148634934415,85562500
2017-10-30,225.44732666015625,226.19370096855903,225.14878229617693,225.20146501941392,54285700
2017-10-31,225.79861450195312,226.05326559738907,225.50007005764587,225.82495587065915,60304800
2017-11-01,226.09713745117188,226.92253598804555,225.72835832434714,226.58009822742258,54202700
2017-11-02,226.18495178222656,226.32544800146528,224.95564336003008,226.0269035844257,56449500
2017-11-03,226.94015502929688,226.9840483817832,225.9303399529263,226.3430392945881,59589700
2017-11-06,227.29132080078125,227.42302761955702,226.73812536501165,226.80836006938833,49652600
2017-11-07,227.13330078125,227.7303896316761,226.6239986229519,227.3967144514631,57502200
2017-11-08,227.51966857910156,227.616271471697,226.67671790160531,226.957710393077,50469600
2017-11-09,226.6942901611328,226.8874691438493,225.10493815060445,226.30793219569978,95085500
2017-11-10,226.62400817871094,226.79963516420148,225.9917885466269,226.30791176112677,59984700
2017-11-13,226.83474731445312,227.06305704445165,225.90398321095913,225.93911396870888,50228600
2017-11-14,226.307861328125,226.41322677717224,225.24536385744278,226.02686893272593,61315200
2017-11-15,225.17520141601562,225.86010385151826,224.46395760979823,225.33324964030433,80811500
2017-11-16,227.08941650390625,227.458222497367,226.07962821272113,226.12352156571745,67777000
2017-11-17,226.42201232910156,227.0630212716927,226.34298823430197,226.7381355052124,75756800
2017-11-20,226.80833435058594,227.00151326185545,226.42197652804694,226.66786495776105,48075500
2017-11-21,228.29234313964844,228.47675950200642,226.77327967708692,227.58109944745067,69176800
2017-11-22,228.0904083251953,228.43284609969461,227.92357073351891,228.30113926334872,45033400
2017-11-24,228.61729431152344,228.72268660454836,228.4416940836586,228.58219034410348,27856500
2017-11-27,228.50306701660156,228.9596595671249,228.3010987054745,228.66111519213925,52274900
2017-11-28,230.8212432861328,230.84758465510984,228.87190159108317,228.96850447527666,98971700
2017-11-29,230.68067932128906,231.4885257275829,230.23287618016136,230.9528823197676,77512100
2017-11-30,232.7003173828125,233.61350257626265,231.52369173989916,231.6027158356643,127894400
2017-12-01,232.21734619140625,232.96372056931824,228.96846183595338,232.48078662903424,164390900
2017-12-04,231.93643188476562,234.2721048076017,231.88372234804987,233.84185350027676,94040600
2017-12-05,231.1022186279297,232.8232504663681,230.97051179280436,231.1022186279297,77994500
2017-12-06,231.14613342285156,231.5764115200741,230.68075136428126,231.19881616179032,75898600
2017-12-07,231.87493896484375,232.19103537529034,230.8827027927501,231.87493896484375,77218600
2017-12-08,233.13938903808594,233.14815162972894,231.83981898637006,232.8320552045884,76563900
2017-12-11,233.84185791015625,233.90333004005265,233.11306213125812,233.84185791015625,83077500
2017-12-12,234.25453186035156,234.728703273014,233.87696332661807,234.63210039408503,85195800
2017-12-13,234.22821044921875,234.93945423035333,234.1403969509602,234.50041353597803,102905400
2017-12-14,233.2710723876953,234.6408770191753,233.2183896554779,234.52672216706637,100666700
2017-12-15,235.21359252929688,235.68135326002584,234.2251190555965,234.27807106783888,144610300
2017-12-18,236.70518493652344,237.05820740084656,236.5110185410626,236.6169225869708,83653600
2017-12-19,235.79608154296875,236.99636301445588,235.72546090706894,236.9522453174292,82382900
2017-12-20,235.6725616455078,236.81989136380682,235.372491210474,236.76693934197067,76751500
2017-12-21,236.15794372558594,236.8728498262972,235.91082533376795,236.29915808289405,67032300
2017-12-22,236.09625244140625,236.2109908231887,235.55787086547915,236.17568049020352,78720900
2017-12-26,235.81375122070312,236.03439359978353,235.54899113936028,235.69017856015367,45244400
2017-12-27,235.928466796875,236.2903234957088,235.65487242793168,235.98141880803297,57751000
2017-12-28,236.41390991210938,236.45805455159544,236.04324577018906,236.43157854145826,45116100
2017-12-29,235.52252197265625,237.01406682384695,235.32838250775353,236.9964251271889,96007400
2018-01-02,237.2081756591797,237.24348597781503,235.99905985126296,236.38739255460752,86655700
2018-01-03,238.7086639404297,238.85871266303565,237.37597487301915,237.37597487301915,90070400
2018-01-04,239.7147216796875,240.2001511312624,238.77039265557013,239.3528918371276,80636400
2018-01-05,241.3121337890625,241.4356794976988,240.01475571203977,240.50899241434556,83524000
2018-01-08,241.7534942626953,241.91235033811418,240.9238766236564,241.2151127619243,57319200
2018-01-09,242.30062866210938,242.92724544128825,241.8946273154796,242.17705600864397,57254000
2018-01-10,241.92999267578125,242.1947797360691,240.870925236296,241.54165986780336,69574300
2018-01-11,243.6951446533203,243.6951446533203,242.3183380568296,242.4860284568795,62361500
2018-01-12,245.28378295898438,245.45144642286326,243.65983100860475,243.95992840853063,90816100
2018-01-16,244.44532775878906,247.19894087813546,243.74809016322075,246.54584792733624,106555100
2018-01-17,246.77517700195312,247.16350962971245,244.4452081692734,245.38072942690917,113258800
2018-01-18,246.36044311523438,247.08412957660616,245.86617945627296,246.66051348875564,100728000
2018-01-19,247.48141479492188,247.48141479492188,246.36056078196643,246.94303318096138,140920100
2018-01-22,249.4935302734375,249.4935302734375,247.21648628054166,247.26946522040618,91322400
2018-01-23,250.02313232421875,250.31436842127192,249.21115649717146,249.5377029172836,97084700
2018-01-24,249.92613220214844,251.26765565769844,248.7434917947893,250.66748766942305,134816100
2018-01-25,250.0319366455078,250.8880301654911,249.23762945665055,250.79096044562263,84587300
2018-01-26,252.9267120361328,252.97085666388418,250.61438465253914,250.87033730508412,107743100
2018-01-29,251.2498016357422,252.79429778641935,251.09094563865978,252.35301317194015,90118300
2018-01-30,248.67283630371094,251.30287665581818,248.19624114527923,249.4141915868888,131796400
2018-01-31,248.79632568359375,250.03191754228914,247.71958986375583,249.52887341924054,108364800
2018-02-01,248.51388549804688,249.8200979361876,247.71957840661423,248.06379340876774,90102500
2018-02-02,243.10377502441406,247.32245607854946,243.06846470358377,247.1900491089066,173174800
2018-02-05,232.9365692138672,243.45680984544458,232.3893804155694,241.33864836363057,294681800
2018-02-06,237.52603149414062,238.02910278009116,228.32083428890888,229.41521229997767,355026800
2018-02-07,236.2373809814453,240.3766070007274,236.15792602763267,236.96990178783267,167376100
2018-02-08,227.3763885498047,236.67867878311245,227.341078227703,236.53746442858989,246449500
2018-02-09,230.79193115234375,232.6541399247731,223.21948299983993,230.17412171031333,283565300
2018-02-12,234.18099975585938,235.65490274640032,230.93315029553423,232.84831112453494,143736000
2018-02-13,234.76351928710938,235.31070814294307,232.38940485088588,232.97190403306325,81223600
2018-02-14,237.9319305419922,238.29378730292595,233.26312990853194,233.27196422320154,120735700
2018-02-15,240.96786499023438,240.97669930097857,237.2081116200928,239.67932151366736,111200300
2018-02-16,241.03858947753906,242.98908783928042,240.29723418732212,240.34137883112467,160420100
2018-02-20,239.5293731689453,241.53282330759552,238.73506595181618,240.08539630110135,86369700
2018-02-21,238.3379364013672,242.4595487459165,238.24086666276057,239.97069573102092,98883700
2018-02-22,238.64683532714844,240.98563958494128,237.97610068752368,239.2646448747416,110511300
2018-02-23,242.45068359375,242.45068359375,239.39700036559773,239.87359548385058,92766400
2018-02-26,245.26612854003906,245.36322521832162,242.93615840184538,243.52746505233497,86491400
2018-02-27,242.20350646972656,246.16626126792272,242.14172014951055,245.45135529691413,99099200
2018-02-28,239.7500762939453,243.75695065240734,239.43236410016297,243.30683144399003,121907800
2018-03-01,236.26390075683594,241.09155771095107,234.7635216120759,239.5382265430948,176855100
2018-03-02,237.48187255859375,238.04673016510714,233.72214348407476,234.58704465994538,139083200
2018-03-05,240.22666931152344,240.84447892783632,236.18448465736859,236.29041565488183,97307400
2018-03-06,240.83560180664062,241.28572093092131,239.33522268162986,241.2062659634352,79213200
2018-03-07,240.7473602294922,241.1003827205746,238.47034226820455,238.6645086783833,87063500
2018-03-08,241.9123077392578,242.03585346486528,240.4295974286648,241.42687834910672,66901200
2018-03-09,246.12217712402344,246.12217712402344,243.0067075503226,243.32444660817592,113625300
2018-03-12,245.81324768066406,247.04003221511033,245.42491494557916,246.41341541099396,71924800
2018-03-13,244.22467041015625,247.48135451715854,243.61569520745581,246.9782833612081,91968900
2018-03-14,242.97132873535156,245.37191841955095,242.41533267513628,245.18658639947918,105895100
2018-03-15,242.70664978027344,244.12757396526632,242.2035786238685,243.48331536899235,83433000
2018-03-16,242.96986389160156,244.02433040636177,242.91669978512317,243.23568442399355,100343700
2018-03-19,239.682373046875,243.14704453266387,238.02536212796738,242.21664571949174,109208400
2018-03-20,240.08998107910156,240.72797728381647,239.40766343245355,240.08111138236328,59757300
2018-03-21,239.6291961669922,242.14572931049537,239.4165397734384,240.0456662988744,78709600
2018-03-22,233.63917541503906,238.24690239279835,233.36445815337305,237.39624968089484,148785900
2018-03-23,228.65924072265625,234.41007694670787,228.464296663506,234.08222262944645,183534800
2018-03-26,234.91510009765625,235.19865996621851,229.86432176745862,232.2745265667229,141956100
2018-03-27,230.9187774658203,236.38602565165627,229.35922530201648,235.85438472468334,129941400
2018-03-28,230.23651123046875,232.7264896554091,229.128880649277,231.0517392366013,146452300
2018-03-29,233.1783447265625,235.04803889006126,230.24534161174782,231.37955405153937,111601600
2018-04-02,228.14527893066406,233.16063259562802,225.66418414594617,232.6466769498457,186286300
2018-04-03,231.06942749023438,231.5479314230945,227.5870437962044,229.38583459077475,119956900
2018-04-04,233.5416259765625,234.25049853560776,227.3743481792535,227.50725840385513,123715300
2018-04-05,235.384765625,236.27086994906625,234.21510142721067,235.30499243908704,82652600
2018-04-06,230.1390380859375,234.91512678663153,228.61493742145734,233.4176352144998,179521200
2018-04-09,231.2732391357422,234.6758766504294,230.3339706727079,231.6010934239275,105442900
2018-04-10,234.95057678222656,235.73922268005245,233.02774537327005,234.17080058178396,103529000
2018-04-11,233.71890258789062,235.3847831679727,233.39104829023276,233.46192474306693,91140200
2018-04-12,235.6417236328125,236.58986177865168,234.87081717392303,235.0480488608727,68890500
2018-04-13,234.95057678222656,237.068379283054,233.9404318256607,236.95318138411224,85079200
2018-04-16,236.88230895996094,237.6532426059024,235.765835655391,236.58990636732125,63405300
2018-04-17,239.4165496826172,240.01909418379762,238.14055718496436,238.65448583790996,64682000
2018-04-18,239.59376525878906,240.40009641072194,239.13297369567496,239.85958574384844,57303900
2018-04-19,238.2646026611328,239.14183728116942,237.2278487123787,238.93802355332676,77655900
2018-04-20,236.2442169189453,238.4151829258213,235.35811275969027,238.19365688600757,99953100
2018-04-23,236.20883178710938,237.37849596326296,235.12778345007484,236.82024592274615,65558000
2018-04-24,233.02772521972656,237.45824684655548,231.52133704990155,237.23672076521405,112885500
2018-04-25,233.6036834716797,234.04673562648946,231.14031457260768,232.9656872870833,103840900
2018-04-26,235.97845458984375,236.811394867968,234.1885334824701,234.63158567118472,67731900
2018-04-27,236.19996643066406,236.89112672168028,235.26069801061018,236.58985449654583,57053600
2018-04-30,234.38345336914062,237.3784901828329,234.31254988286898,236.82024015591008,82182300
2018-05-01,234.79989624023438,234.90622441555632,232.25675451893468,233.8163065349993,74203400
2018-05-02,233.2227325439453,235.42025456048128,232.83284437163758,234.6050535033035,86368900
2018-05-03,232.70870971679688,233.36441825326074,229.54531083801862,232.3897251450331,136311500
2018-05-04,235.7215118408203,236.40382961974436,231.4061872069942,231.73404154876954,91222100
2018-05-07,236.5189971923828,237.49369039421902,235.80122775346544,236.49241514218292,55304900
2018-05-08,236.5189971923828,236.88227619786133,234.9505751053087,236.14682144782418,67499200
2018-05-09,238.80514526367188,239.13299957798287,236.66963033003177,237.19242870173866,59666100
2018-05-10,241.03810119628906,241.36598252854432,239.44312414564342,239.5494523434519,72063900
2018-05-11,241.77365112304688,242.03947169250245,240.64828094822855,241.162236771532,59871500
2018-05-14,241.88877868652344,242.86347185217335,241.33937126652262,242.2077632770796,54790600
2018-05-15,240.22288513183594,240.67477994395338,239.2747470250523,240.65706759269153,87036100
2018-05-16,241.2331085205078,241.69390022089985,240.23180599221453,240.2584150904062,53942600
2018-05-17,241.0292205810547,242.11026882478433,240.24944453092118,240.96718679484974,56536400
2018-05-18,240.42666625976562,241.0469500824416,240.0722299504181,240.68364407678934,64368000
2018-05-21,242.23440551757812,242.77494337490305,241.52553266791506,241.9154208477595,58025900
2018-05-22,241.56089782714844,243.01412196497793,241.23304353896373,242.75714412757947,52966400
2018-05-23,242.2255096435547,242.2521187382634,240.12544633555015,240.28496569498768,64694200
2018-05-24,241.729248046875,242.10142376021437,239.93932705278604,241.8267335839373,76043800
2018-05-25,241.15333557128906,241.78246219799894,240.64824951353336,241.15333557128906,56374800
2018-05-29,238.37982177734375,240.28496807714197,237.26334850078993,239.52290414887003,115908600
2018-05-30,241.56089782714844,242.00395000939997,239.62035414730505,239.69123059809127,69678400
2018-05-31,240.08114624023438,241.45459734616614,239.47860169322962,241.15332507266376,93519900
2018-06-01,242.43812561035156,242.7393978071124,241.31275591818755,241.3836594008109,71258400
2018-06-04,243.5901336669922,243.8471115563722,243.0230408207134,243.2622793124891,45385200
2018-06-05,243.76731872558594,244.1483371164303,242.952090803032,243.72299728182483,51135000
2018-06-06,245.80528259277344,245.91161076270495,243.75838419633496,244.3786679099385,62732200
2018-06-07,245.7786865234375,246.58504448840145,244.86600039461027,246.2926420377775,72969400
2018-06-08,246.50534057617188,246.55850466720713,245.1496021712623,245.31796414012572,72139700
2018-06-11,246.83323669433594,247.55097908683487,246.61171059685452,246.72690849422645,58892500
2018-06-12,247.1522674560547,247.5155464872786,246.50540146633406,247.2497259664411,72329000
2018-06-13,246.36358642578125,247.64844852430954,246.1597726943209,247.39147069625224,79070600
2018-06-14,246.98391723632812,247.51555830338307,246.39021532243234,247.23202541487487,77097600
2018-06-15,246.66876220703125,247.00699817002496,245.0844151934163,246.19701919632521,120041600
2018-06-18,246.16136169433594,246.28598635741372,244.72834104801274,245.20896632885365,52917600
2018-06-19,245.21791076660156,245.44043155677087,243.46444585353996,243.88278602558557,97531500
2018-06-20,245.63629150390625,246.30385398465788,245.29805550088216,245.90330563093215,53785500
2018-06-21,244.09646606445312,245.6452296713493,243.59802152709506,245.62741061867865,71061400
2018-06-22,244.54148864746094,245.47609245431548,244.31896781199862,245.360377273765,54898500
2018-06-25,241.2125244140625,243.54453783166144,239.5213719264525,243.38432938995945,137854200
2018-06-26,241.7466278076172,242.6011001631915,241.0256625133535,241.78223874502882,68547400
2018-06-27,239.743896484375,243.76706245299874,239.59257040048385,242.3340416521081,105110700
2018-06-28,241.11463928222656,241.88009775842437,238.97841797626137,239.6905007993105,76650500
2018-06-29,241.46176147460938,243.58016376710427,241.3460463163026,242.20942807845768,97592500
2018-07-02,241.97805786132812,242.13829351587935,239.6460437208751,239.88638362110723,63554800
2018-07-03,241.1234893798828,242.97487730890788,240.69626690639905,242.87695404994875,42187100
2018-07-05,243.0906219482422,243.15293429454238,241.17694840456514,242.25396868826297,56925900
2018-07-06,245.14669799804688,245.52051768659842,242.73455325289694,243.11730962779737,66493700
2018-07-09,247.3541717529297,247.4075745839448,246.1080604239275,246.1525537287102,50550400
2018-07-10,248.2441864013672,248.34210967323426,247.5143116953842,247.80805434780328,51966800
2018-07-11,246.42845153808594,247.47877048522207,246.12582647304228,246.68658330301818,77054700
2018-07-12,248.66258239746094,248.7159852256752,247.08714463876333,247.6923948006506,60124700
2018-07-13,248.85838317871094,249.16100823698338,248.03061224021403,248.48456340921584,48216000
2018-07-16,248.6358184814453,249.0452491158951,248.19077691607512,248.90285971857634,48201000
2018-07-17,249.6416473388672,250.03328613741144,247.8080780380395,247.86148085936964,52315500
2018-07-18,250.16671752929688,250.27352313965443,249.2766345587484,249.72167604402264,44593500
2018-07-19,249.22328186035156,249.88193469876424,248.7426293539299,249.49920546364237,61412100
2018-07-20,248.93856811523438,249.6506512742338,248.77835959065766,249.01867237752273,82337700
2018-07-23,249.40130615234375,249.60600788966346,248.3865983366173,248.73374379879164,47047600
2018-07-24,250.65634155273438,251.50193154112776,249.7840773154299,250.81657718850477,68026900
2018-07-25,252.79254150390625,253.1129584216084,250.3626045585958,250.407097853882,78882900
2018-07-26,252.19619750976562,252.88155186807077,251.97367668604733,252.07159997334034,57919500
2018-07-27,250.48728942871094,252.6234842161872,249.56159506096807,252.5255609145729,76768700
2018-07-30,249.17886352539062,250.72759997919084,248.65369040560367,250.56739148325084,63742500
2018-07-31,250.40711975097656,251.0212793934621,249.56155692430997,249.9442862194281,68570500
2018-08-01,249.98876953125,251.11919264759544,249.33902614065548,250.6118386739531,53853300
2018-08-02,251.3507080078125,251.5197988930382,248.47572834786482,248.6804573441614,63426400
2018-08-03,252.42767333984375,252.4810761741031,251.29724996724136,251.47527752356672,53935400
2018-08-06,253.35333251953125,253.6648399550099,252.07161034910087,252.46324918802057,39400900
2018-08-07,254.18991088867188,254.57266725235152,253.88728590479883,254.0208200956901,43196600
2018-08-08,254.0831756591797,254.4837240164646,253.62034211382655,254.02089047111144,42114600
2018-08-09,253.73599243164062,254.5370617782561,253.60248540106807,254.1454230464565,35717000
2018-08-10,252.035888671875,252.8369578856273,251.32380602162522,252.29402033028904,77076000
2018-08-13,251.09246826171875,252.9260374230417,250.7987256035672,252.3118778612878,65732900
2018-08-14,252.6947021484375,252.93504207971753,251.43079878016678,251.82243769621508,43842000
2018-08-15,250.80770874023438,251.48418084174043,249.36577792444783,251.34176423283438,102925400
2018-08-16,252.83709716796875,253.7093887088599,252.21402790116213,252.2496388440858,69967900
2018-08-17,253.72718811035156,254.1722298389059,252.22294489478253,252.63237567935892,65618500
2018-08-20,254.2700958251953,254.53710993685968,253.72713091389735,254.1810820669121,39807500
2018-08-21,254.866455078125,255.7298369867087,254.30569823933934,254.7863508387538,67272000
2018-08-22,254.71514892578125,255.2402948111639,254.18997587721202,254.45701716408922,44993300
2018-08-23,254.3768768310547,255.4004670442041,254.05643276491017,254.5370852825356,49204900
2018-08-24,255.9077911376953,256.0502076879147,254.90199292645707,254.95539573739188,57487400
2018-08-27,257.9283142089844,258.0351198491937,256.9492172350919,257.1094256954059,57072400
2018-08-28,258.0529479980469,258.49798962340253,257.59008732323844,258.3911568162417,46943500
2018-08-29,259.4414978027344,259.67290099667093,258.0262685730959,258.26658129251797,61485500
2018-08-30,258.39117431640625,259.33466045300537,257.7948337094247,258.96084067377245,61229500
2018-08-31,258.4000549316406,258.8450965373461,257.49217983474773,257.98171473575013,66140800
2018-09-04,257.95513916015625,258.31116718575936,256.94934029450934,257.98184058299654,57594400
2018-09-05,257.2607727050781,257.8037376378542,256.2460918774304,257.59900870202284,72452400
2018-09-06,256.4864501953125,257.67024923193327,255.45395013379505,257.3676241185354,65909900
2018-09-07,255.98797607421875,256.9670731887261,255.19578885692113,255.43612874509316,73524800
2018-09-10,256.4329833984375,257.26966380574373,256.2371640017662,257.00262253945493,50210900
2018-09-11,257.278564453125,257.72360609871987,255.43611268438386,255.78323104309095,50530500
2018-09-12,257.3408508300781,257.94610088783645,256.54869090572635,257.2874480110514,59810800
2018-09-13,258.86297607421875,259.04991316940465,258.1242187104043,258.4090519536649,51034200
2018-09-14,258.90740966796875,259.25452799661804,258.1241320934378,259.0676181273453,55079900
2018-09-17,257.53668212890625,258.88959887877826,257.2607584967823,258.8540151065709,68244000
2018-09-18,258.9340515136719,259.53039191856624,257.72352449608434,257.75022589983814,61930400
2018-09-19,259.21002197265625,259.6283621492752,258.86287649786954,258.9875011800543,49080600
2018-09-20,261.3106689453125,261.6311130896646,259.2278770781861,260.4740155512131,100360600
2018-09-21,261.0718994140625,262.17166760900335,260.91096571318764,262.0554286185444,105479700
2018-09-24,260.2045593261719,260.63374306572376,259.62339177141854,260.4906818192065,53409600
2018-09-25,259.963134765625,260.7678303274479,259.7217342829202,260.6605412240235,44370000
2018-09-26,259.18536376953125,261.2954563993515,258.76512975784317,260.1062986522326,79739700
2018-09-27,259.9095153808594,261.0003335148642,259.38199238051624,259.65916501991444,59249500
2018-09-28,259.9363098144531,260.43701048270697,259.2478532171391,259.2835980604858,70091400
2018-10-01,260.8394775390625,261.9123962829214,260.16889309184404,261.1792174052863,62078900
2018-10-02,260.6873779296875,261.40265684953613,260.3118660469166,260.6873779296875,47258200
2018-10-03,260.83050537109375,262.16272429404654,260.47286582039857,261.7424903182888,64694600
2018-10-04,258.7919616699219,260.40135348858934,257.20044228083,260.34770891371056,111545900
2018-10-05,257.34344482421875,259.534003894735,255.91285948636673,259.0154306939134,105951700
2018-10-08,257.34344482421875,257.7010843371453,255.26909744864062,256.6549607935357,87742200
2018-10-09,256.9678649902344,258.27326128488613,256.40456988547504,256.9589424219697,74339000
2018-10-10,248.83155822753906,256.52988290973735,248.4560461666443,256.4583386121305,214731000
2018-10-11,243.35061645507812,249.36797624859483,241.73224769141424,247.7406849143164,274840500
2018-10-12,246.73036193847656,247.7496360271475,243.52942382197313,247.4635134707614,183186500
2018-10-15,245.3444366455078,247.70490647445806,245.25501994844544,246.37266044636243,102263700
2018-10-16,250.70907592773438,251.08461508835003,246.83758179099422,247.31146020430617,118255800
2018-10-17,250.7538299560547,251.37969225553607,248.16983205916802,250.74488010061455,110626000
2018-10-18,247.1327362060547,250.4141417065506,245.85416163831144,249.8150742125303,134557500
2018-10-19,246.99851989746094,249.72555146513008,246.30111340331376,247.7853430777586,139901600
2018-10-22,245.88987731933594,247.99101977964878,245.35340438400516,247.6691523901385,82415800
2018-10-23,244.6381072998047,245.76469777802023,240.16754481310545,242.25979206869093,146352700
2018-10-24,237.2260284423828,244.7723430961894,236.67168283992575,244.38785383234696,177806700
2018-10-25,241.4818878173828,243.028712238642,238.03957658084008,239.06780048082615,138061500
2018-10-26,237.2349090576172,242.30454003774642,234.51682611429473,237.76245955881376,201574600
2018-10-29,235.92051696777344,241.63390908095198,232.3351443089795,240.3374350095364,160749100
2018-10-30,239.41651916503906,239.72946402976754,235.25890106550617,235.75067936326548,157116000
2018-10-31,241.97366333007812,244.29836122091498,241.51765723653418,241.99153575655438,128296300
2018-11-01,244.54876708984375,244.7454729702878,241.7501900442252,242.84100860193251,99495000
2018-11-02,243.10020446777344,246.08653625238387,241.0437298219629,245.65735252868578,122634100
2018-11-05,244.44143676757812,244.9957821683386,242.61743957302042,243.59201895276846,65622500
2018-11-06,245.9882354736328,246.14916918074033,244.31624940433485,244.37884383025968,60085900
2018-11-07,251.2545928955078,251.33505975595045,247.74070960593752,248.1698934811163,102752100
2018-11-08,250.79856872558594,251.44233084905483,249.65410576010234,250.44985173588847,65584900
2018-11-09,248.34873962402344,249.67200888943128,246.93602634978998,249.4842528721253,98812600
2018-11-12,243.70831298828125,248.08051004242617,243.18971232543558,247.83910942871492,99673600
2018-11-13,243.25218200683594,246.17591930688775,242.52795325098697,244.17311655354152,98176600
2018-11-14,241.58920288085938,245.5322149037344,240.02450604169874,245.1298806596387,125335900
2018-11-15,244.11058044433594,244.57553639893263,238.73698297259307,240.31955224551874,135101400
2018-11-16,244.7454376220703,245.65742259814695,242.49225653765222,243.01085709581017,126668000
2018-11-19,240.60569763183594,244.43249833343086,239.68476277776043,244.1374259055925,103061700
2018-11-20,236.15293884277344,238.72798666017152,235.28564881102673,237.26162937509784,136021300
2018-11-21,236.9577178955078,238.8621821512644,236.9487953238471,237.70876922566572,75563700
2018-11-23,235.37510681152344,236.77886993263593,235.21417311622506,235.31251239019173,42807900
2018-11-26,239.17507934570312,239.39860745724118,237.24379318767689,237.63720484687556,79981400
2018-11-27,239.9798126220703,239.9798126220703,237.5299528680302,238.13794287782616,75502400
2018-11-28,245.50543212890625,245.50543212890625,239.9172282326189,241.05276872748166,127629600
2018-11-29,244.96896362304688,246.37269957389393,243.58307281384342,244.72753577402182,82346400
2018-11-30,246.46205139160156,247.02534650947848,244.49502069248175,244.81688802490163,98204200
2018-12-03,249.72557067871094,250.70909972975454,248.12512920389028,250.60181061257592,103176300
2018-12-04,241.63385009765625,249.323221367428,241.32090533410337,248.89403763860048,177986000
2018-12-06,241.26731872558594,241.38355771877852,234.65089154569947,237.76241293319464,204185400
2018-12-07,235.6612548828125,242.50121053555762,234.82078689032878,240.92756369241366,161018900
2018-12-10,236.10830688476562,237.08288628686324,231.23538258812803,235.4824171872738,151445900
2018-12-11,236.16183471679688,239.5058052587456,234.6865552004157,239.31804935676809,121504400
2018-12-12,237.35108947753906,240.51625527254808,237.27062262929482,239.14826428010178,97976700
2018-12-13,237.27059936523438,239.1661132566384,236.1529588834023,238.29882315129095,96662700
2018-12-14,232.88946533203125,236.07250339445184,232.33511999217032,235.11579654732623,116961100
2018-12-17,228.32057189941406,233.05042109093597,226.68434436321144,231.9327804495195,165492300
2018-12-18,228.0702362060547,230.63634856164552,226.46083084993458,229.9657641335184,134515100
2018-12-19,224.65472412109375,231.93280004725392,222.94697944544566,228.15070761718408,214992800
2018-12-20,220.99778747558594,224.97658541676014,218.74462013016148,223.40295231055254,252053400
2018-12-21,216.46966552734375,224.57267269432074,215.82214402588565,221.90164993149264,255345600
2018-12-24,210.74984741210938,216.5955162248865,210.68690119149028,214.97671288603044,147311600
2018-12-26,221.3979949951172,221.3979949951172,210.22827050792478,212.21580430406206,218485400
2018-12-27,223.0977783203125,223.29561916328285,214.90484553255385,218.15144162287362,186267300
2018-12-28,222.80996704101562,226.09253018844487,221.6408302615388,224.45574967537402,153100200
2018-12-31,224.76153564453125,225.004359649627,222.5581702458204,224.43777487865253,144299400
2019-01-02,224.99534606933594,225.92167260119314,221.19116755605708,221.21814647494412,126925200
2019-01-03,219.62632751464844,223.54742368469644,219.1406795465589,223.24163974366962,144140700
2019-01-04,226.98292541503906,227.63044704336352,222.28840047106115,222.66611913379228,142628800
2019-01-07,228.7725067138672,230.1844534606042,226.35329691052422,227.25263059368558,103139100
2019-01-08,230.9219207763672,231.40756869382054,228.4307761296597,230.96690393187473,102512600
2019-01-09,232.00112915039062,232.84650507308868,230.40031616931114,231.63239901853396,95006600
2019-01-10,232.8195343017578,233.07134666335935,229.77978172175344,230.46328417988147,96823900
2019-01-11,232.90951538085938,232.93649430143876,231.15580320671637,231.74036478293272,73858100
2019-01-14,231.48849487304688,232.29788973486603,230.59816326959452,231.00284697776053,70908200
2019-01-15,234.1415252685547,234.45629754053178,231.8572100737753,231.86621219298434,85208300
2019-01-16,234.70816040039062,235.59849213823657,234.36640914269466,234.57323836514863,77636700
2019-01-17,236.4888153076172,237.35219554172227,233.79081382839195,233.83579698700657,96118400
2019-01-18,239.63645935058594,240.10413045791202,236.52477231212865,238.30546298785782,127900300
2019-01-22,236.39886474609375,238.37741004455046,234.78007491680293,238.16157871944208,115531200
2019-01-23,236.89352416992188,238.13460922939632,234.42035617170512,237.4331299495399,86030300
2019-01-24,237.01943969726562,237.60402869194115,235.697417759025,236.71366946300836,59204100
2019-01-25,239.02490234375,239.85230139834084,237.11831934961072,238.87200354343403,96883400
2019-01-28,237.2082977294922,237.27123023847457,235.43660900191273,236.87554860655177,85613700
2019-01-29,236.89352416992188,237.9187504502551,236.05715030653346,237.3521931994207,66136300
2019-01-30,240.6437225341797,241.4890984891939,237.64895310091936,238.41339230860103,92473700
2019-01-31,242.75721740722656,243.2428654467122,240.36498569964337,240.58084452024548,104012100
2019-02-01,242.8741455078125,243.8993994740004,242.08272717156143,242.95508227690684,85782500
2019-02-04,244.5828094482422,244.6457694003578,242.24453610892468,242.9190364503342,60744800
2019-02-05,245.60806274414062,245.91383293829347,244.51087442606783,245.01449915120068,79552800
2019-02-06,245.2842559814453,245.8238616716805,244.54682323179225,245.3292391321648,58347800
2019-02-07,242.946044921875,244.21408142270855,241.28227190951557,243.66550098076533,95482000
2019-02-08,243.24278259277344,243.34169612417344,240.86852849334147,241.6959275585791,75788900
2019-02-11,243.377685546875,244.16010148759838,242.84708194851643,243.8993144710152,68021400
2019-02-12,246.50735473632812,246.885059493394,244.92451875685546,244.99648081709574,72270200
2019-02-13,247.3077850341797,248.15316097500127,246.92107809936454,247.34376606977534,65277200
2019-02-14,246.7592010498047,247.89237036807685,245.4011982919063,246.2195953056042,83234400
2019-02-15,249.44818115234375,249.4841621846724,248.33301615953036,248.53984534307637,97088700
2019-02-19,249.87991333007812,250.53640946920703,248.6388282376279,248.64783035859924,59120800
2019-02-20,250.38357543945312,250.84224454956603,249.34034473430108,249.8439695649959,76610800
2019-02-21,249.49310302734375,250.10464319930298,248.53080962867062,249.74491530082574,64214700
2019-02-22,251.0400390625,251.23786614212761,249.47517965640583,250.1136989415801,78114600
2019-02-25,251.38177490234375,252.9915900955277,251.30083815347834,252.4699885654542,69030700
2019-02-26,251.201904296875,252.08323378802743,250.82417205389012,251.03102869236844,56844100
2019-02-27,251.09396362304688,251.44468947149332,249.54710866222914,250.48239588840943,56921600
2019-02-28,250.62635803222656,251.31886268201458,250.302611010631,250.87817041974262,69268300
2019-03-01,252.19113159179688,252.6048173489606,250.75219239174805,252.20910838281011,78880500
2019-03-04,251.27383422851562,253.49518960014504,248.97154211607622,253.2523793777152,106494600
2019-03-05,250.93209838867188,251.59762404077725,250.3835179633231,251.39976951374408,59114600
2019-03-06,249.41224670410156,251.05804303332718,249.08849968913398,251.0490409121921,75039800
2019-03-07,247.32577514648438,249.1064383471651,246.48039925395403,248.9625416584911,94885100
2019-03-08,246.8311004638672,247.00197604924665,244.99647961897884,245.46412322631588,85795800
2019-03-11,250.41049194335938,250.57236543169935,247.52363828601088,247.55061720073422,65098900
2019-03-12,251.354736328125,251.87636517988184,250.779177102081,250.968029471277,79667500
2019-03-13,253.0186004638672,253.95391542061637,252.08328550711798,252.24518647046384,80639200
2019-03-14,252.85671997070312,253.46826042938366,252.41605514687336,253.0455724029884,67518400
2019-03-15,254.10594177246094,254.91890184725528,253.22070265266606,253.41041447100844,81309000
2019-03-18,255.02731323242188,255.32541607571335,254.09692030992045,254.3227441024342,62199800
2019-03-19,255.09054565429688,256.86099643531537,254.19629227420754,256.09321760848894,90268100
2019-03-20,254.32266235351562,256.0840983954831,253.21162729396045,254.87368656464724,84609200
2019-03-21,257.1951599121094,257.60162606639886,253.4555058944144,253.50068717802785,79550400
2019-03-22,252.2450714111328,256.35505170032593,252.18183415957736,255.8311528486209,122659300
2019-03-25,252.05548095703125,253.0942648439281,250.79087328748815,251.90190865562474,85575200
2019-03-26,253.93434143066406,254.8918321344022,252.52520312831808,253.81690864440495,68125900
2019-03-27,252.60641479492188,254.51238137992848,251.05274645489848,253.9252176382898,72224700
2019-03-28,253.56393432617188,254.01558183079365,252.082544845528,253.2387613547047,56238500
2019-03-29,255.16281127929688,255.48798428535605,253.9523991461117,255.0815180277821,82186800
2019-04-01,258.1887512207031,258.4868539541849,256.89704621927086,257.168051210288,77617900
2019-04-02,258.3153381347656,258.55020371590723,257.52043392140894,258.37857541682416,40070400
2019-04-03,258.7217712402344,259.9321832566487,258.11655144883906,259.53473124333345,68243200
2019-04-04,259.4082336425781,259.66115512252776,258.3513940024355,259.0469211807035,48997500
2019-04-05,260.6639404296875,260.7181359442672,259.7877428554676,260.07680397748334,58621700
2019-04-08,260.8625793457031,260.97097033864685,259.57988827432314,260.23930356989985,53566300
2019-04-09,259.5256652832031,260.2211924584912,258.97466860532046,259.89601951410935,66142300
2019-04-10,260.410888671875,260.50122367314873,259.52564976558756,259.9411576918003,52601500
2019-04-11,260.3386535644531,260.9077338454746,259.7695732834317,260.8986920739102,55093100
2019-04-12,262.10003662109375,262.3800558188964,260.3837819217441,261.95550613732934,69727800
2019-04-15,261.9284973144531,262.2717538841266,261.12455139428306,262.1723770825146,49596700
2019-04-16,262.10003662109375,262.867842755805,261.50385871295464,262.81364727018973,52153200
2019-04-17,261.4588317871094,263.247338812462,261.0432961073904,263.2202410565137,58268300
2019-04-18,261.9736633300781,262.24466842923476,260.74519509298955,262.0459423830726,68708500
2019-04-22,262.19940185546875,262.35297411835,261.1154645105119,261.2057995141849,40160100
2019-04-23,264.55706787109375,264.7919334135166,262.3349696892673,262.56980766531194,52246600
2019-04-24,263.96990966796875,264.80996740806626,263.8253791589666,264.4757526662883,50392900
2019-04-25,263.80731201171875,264.46672733132755,262.6149834795069,263.8705492820328,57770900
2019-04-26,265.03582763671875,265.1080791179759,263.07566507367034,263.8525132206779,50916400
2019-04-29,265.45135498046875,265.9752816316039,265.03584690867245,265.12618194159734,57197700
2019-04-30,265.5867919921875,265.8758530146655,263.6898945023195,265.108046733998,81111700
2019-05-01,263.59051513671875,266.42687470507894,263.58147336536217,266.21910692851003,71671900
2019-05-02,263.0215148925781,264.3945413704682,261.522041409105,263.4731625358031,65030200
2019-05-03,265.5958557128906,265.87587498706483,263.12985017934074,264.5028763663921,56543700
2019-05-06,264.5028991699219,264.94550498344347,260.961969962606,261.2781287864276,107198100
2019-05-07,260.0857849121094,262.68727954466215,258.1708034649198,262.09110139417027,144729900
2019-05-08,259.7244567871094,261.4407120813683,259.12827867231573,259.7244567871094,91568300
2019-05-09,258.9385986328125,259.5437909639627,255.9035125049102,257.6468931462025,103471100
2019-05-10,260.2392883300781,260.9980528026272,255.00016092479854,257.9991068637129,112429300
2019-05-13,253.69943237304688,256.0751027451459,252.85937459955716,255.108598000238,127290500
2019-05-14,255.99386596679688,257.5294789041339,254.59376936881196,254.720216368122,77003200
2019-05-15,257.4932556152344,258.1345873095893,254.15105328181593,254.35882104370518,73956400
2019-05-16,259.8780212402344,261.24197814828574,258.1256264738724,258.1978779554303,76749600
2019-05-17,258.1978454589844,260.6909485378402,257.54747194129925,257.5655554841976,100353000
2019-05-20,256.4906311035156,258.30623534254846,255.74088080223547,256.58998032352497,62877600
2019-05-21,258.8031921386719,259.1825607962662,257.93600864567645,258.18893027286936,46847100
2019-05-22,258.0082092285156,258.9656999234851,257.5294638810309,257.8456227104374,49482500
2019-05-23,254.85568237304688,255.82218714026155,253.43750250783694,255.77703341365086,98733800
2019-05-24,255.43385314941406,256.71654465141523,254.81057716436655,256.3010089504596,55268100
2019-05-28,253.0580596923828,256.6712392776858,253.04000371835042,255.71374889289032,70029400
2019-05-29,251.3599090576172,252.34449737537452,249.95077095455366,251.93803113393957,104972900
2019-05-30,252.04637145996094,252.95870811794967,250.94435059410355,252.1186229217868,62523800
2019-05-31,248.64999389648438,250.32109508697692,248.6228961503196,249.49007916034114,86862800
2019-06-03,248.01766967773438,249.8061758101137,246.6807833968774,248.6860990349775,96428000
2019-06-04,253.4014129638672,253.53690173679874,249.86952526207486,250.32117288276876,77231900
2019-06-05,255.59642028808594,255.62351804336174,253.21173512466368,255.02733986091022,71169700
2019-06-06,257.2584228515625,257.93589414864323,255.24409250405756,255.89446605191017,69430400
2019-06-07,259.83282470703125,260.9167898314945,258.1075277932227,258.2791560640357,74272200
2019-06-10,261.025146484375,262.69624767871085,260.9348114748265,261.38645895619436,60799100
2019-06-11,260.9620056152344,263.2202438562218,260.3116318991746,262.8498894767337,58641300
2019-06-12,260.50128173828125,261.2871440484228,259.9863969259891,260.7271055086152,47096300
2019-06-13,261.57611083984375,261.93745083336347,260.7089555014131,261.4135243825826,48945200
2019-06-14,261.28717041015625,261.8923627385384,260.51936400027984,261.28717041015625,52324700
2019-06-17,261.3865051269531,262.154311494177,261.21487684840736,261.52199388202104,39205700
2019-06-18,264.1233825683594,265.1802495677924,262.84973364755285,263.211073605,85434800
2019-06-19,264.7196044921875,265.2525451818735,263.2833688912291,264.25891526619915,78674400
2019-06-20,267.24884033203125,267.6553341007694,264.782862671904,267.4114543793516,116570000
2019-06-21,266.86041259765625,268.24008911239224,266.6425762270279,266.97841653189795,83309500
2019-06-24,266.5336608886719,267.3868625828975,266.3793416575258,267.0691937724894,47582700
2019-06-25,263.91949462890625,266.61533035214427,263.81057645026266,266.58810080748333,82028700
2019-06-26,263.6562194824219,265.32636261689703,263.5473013193722,264.8180593890328,51584900
2019-06-27,264.5911560058594,265.09945926962877,264.03747940443037,264.4186930020322,40355200
2019-06-28,265.95269775390625,266.45191528725695,265.0540951136945,265.57145644264745,59350900
2019-07-01,268.3671875,269.51088388380225,267.1599462725521,269.2930198056535,78705600
2019-07-02,269.06610107421875,269.12056016932945,267.4776461657612,268.32178984043225,61504500
2019-07-03,271.21734619140625,271.23551769193983,269.60166157002885,269.7468950720071,40898900
2019-07-05,270.9086608886719,271.072065846248,268.68484102103844,269.9828287311762,51677300
2019-07-08,269.420166015625,270.7272399569136,268.875547256678,269.59262908429923,45841800
2019-07-09,269.7559509277344,270.05547594830585,268.20381132931755,268.2582704239669,41101300
2019-07-10,271.04486083984375,271.99795042432766,270.29149154204947,270.82702445502724,58448500
2019-07-11,271.68023681640625,271.9253027339182,270.67271589951406,271.68932256535436,50826100
2019-07-12,272.8963928222656,272.96902337482106,271.86164290208677,272.1702534993485,40326000
2019-07-15,272.9872741699219,273.3322001786675,272.47897090454427,273.3322001786675,33900000
2019-07-16,272.1069030761719,273.1053661337853,271.7982922584476,272.8965877715927,36650100
2019-07-17,270.255126953125,272.242966703385,270.255126953125,272.0795894445706,36036300
2019-07-18,271.2444763183594,271.6257175838672,269.3111235518029,269.755881944522,51392600
2019-07-19,269.73779296875,272.370083973612,269.5653299445961,272.3428544277168,58678600
2019-07-22,270.4004211425781,270.94503982805253,269.6198222637485,270.13718369951505,43638100
2019-07-23,272.33380126953125,272.33380126953125,270.69088716952155,271.52597284433176,44564500
2019-07-24,273.6136169433594,273.6136169433594,271.4805434806,271.57131786846395,47213200
2019-07-25,272.3066101074219,273.2142988077799,271.498753867882,273.1598397017953,55394100
2019-07-26,274.1309814453125,274.3306740005272,272.8692812781715,272.996370949877,45084100
2019-07-29,273.6317138671875,274.1309590646906,273.07803728683507,274.0129551507272,38126500
2019-07-30,272.9601135253906,273.3685844705238,271.8436465890288,272.2248879845169,45849000
2019-07-31,269.97381591796875,273.3958196970103,267.9496880512568,273.2051851450792,104245200
2019-08-01,267.6228332519531,273.09619296523925,266.8240630615481,270.1280619945052,142646600
2019-08-02,265.6077575683594,266.9692900781012,264.04653251583744,266.7242241985096,116749700
2019-08-05,257.6201171875,261.6048546868241,255.71396608989906,261.49593651560986,178745400
2019-08-06,261.232666015625,261.45053003088304,258.0376133631256,259.5171496355938,120711700
2019-08-07,261.3870544433594,262.15859519661495,256.004468369037,258.1465998999586,140572300
2019-08-08,266.5154113769531,266.5154113769531,262.3309819687208,262.88465848806237,87713900
2019-08-09,264.7000732421875,266.1705239429332,262.91192607759484,265.57144630550897,93730000
2019-08-12,261.477783203125,264.69097993879154,260.5246938387905,263.19329973820805,65527600
2019-08-13,265.54425048828125,266.996557578567,260.83334511879997,261.1782711690439,94299800
2019-08-14,257.6927185058594,262.0859268210529,257.5656565403632,261.4777911353101,135622100
2019-08-15,258.37353515625,259.2721656394574,256.32217790974335,258.5823134908246,99556600
2019-08-16,262.1859130859375,262.621585977762,258.4280681911697,260.0346950811633,83018300
2019-08-19,265.344482421875,266.0252485798388,264.5366543186565,265.2174204766203,53571800
2019-08-20,263.31134033203125,265.37178315072373,263.18427835269,264.83625028684645,51596400
2019-08-21,265.4535827636719,265.8257107702034,264.7909600121281,265.4808123178196,49524700
2019-08-22,265.371826171875,266.79690392398305,263.5927642695086,266.16153852336686,51666400
2019-08-23,258.5550842285156,265.7349038503601,257.3024696205957,264.06476027328546,149161500
2019-08-26,261.4141540527344,261.4141540527344,259.21753682006965,260.7515318150949,72423800
2019-08-27,260.3885498046875,263.18424540565286,259.6260949227287,262.8120898619974,66668900
2019-08-28,262.2221374511719,262.3855147289444,258.9181380982402,259.72599413909415,59696700
2019-08-29,265.5714416503906,266.0979163984972,263.7832945171419,264.7908429762012,57899400
2019-08-30,265.4535827636719,267.0783256619224,264.5186644706509,267.06018185931123,62901200
2019-09-03,263.90130615234375,264.66376105424365,262.56700314890634,263.74701464267685,69101400
2019-09-04,266.8966369628906,266.91478075411015,265.32632645839584,266.0797231508979,46887300
2019-09-05,270.3277893066406,271.2445358335886,266.8604126707686,269.39287128183264,83258100
2019-09-06,270.5365905761719,271.1810694608683,269.9647699960641,270.64553648236597,49584300
2019-09-09,270.672607421875,271.6165831187209,269.72860402458605,271.5258364674248,51260300
2019-09-10,270.6091613769531,270.6727062164084,268.6485510056343,269.91022354385126,57947100
2019-09-11,272.5334777832031,272.6151664258445,270.2642564860907,270.91779332767726,68821100
2019-09-12,273.47747802734375,274.53945806826806,272.6787077091192,273.44116273093675,72908700
2019-09-13,273.2958679199219,274.27618679974927,272.92371239151043,273.9221750652425,62104800
2019-09-16,272.4517822265625,273.34132692462055,271.80733115066425,272.16131525979404,58191200
2019-09-17,273.14166259765625,273.2324092962593,272.0796547595179,272.25211780759554,41475500
2019-09-18,273.30499267578125,273.41391085565266,270.7089893535516,272.7512883274981,73375800
2019-09-19,273.2868347167969,274.6937684777055,272.9509944120725,273.6953056120019,76560500
2019-09-20,271.99566650390625,274.1750738725406,271.20233506122497,273.8923653652375,89565000
2019-09-23,271.93182373046875,272.6522169786461,271.07465399931573,271.3299793769967,43476800
2019-09-24,269.7980041503906,273.41816984308304,268.8314133151165,273.0260680157953,94869400
2019-09-25,271.3937683105469,271.8405806831163,268.3936747972442,269.880043908086,71854000
2019-09-26,270.8283996582031,271.6126032154192,269.414996582582,271.4028885948663,56179700
2019-09-27,269.3694152832031,271.6947265745574,267.8101078765988,271.58527757075296,84746600
2019-09-30,270.6186828613281,271.3299483197672,269.843606937057,269.889189816705,51662400
2019-10-01,267.3997497558594,272.1597656698746,267.1809074057269,271.5032107911009,88242400
2019-10-02,262.6761474609375,265.8221445550041,261.3812934601686,265.81301685003416,122539500
2019-10-03,264.8282165527344,264.8555718411189,259.7216827034496,262.44819514979883,85278800
2019-10-04,268.4119567871094,268.6672821436261,265.43009056351497,265.484828980547,65091200
2019-10-07,267.25372314453125,269.24164228490235,266.97104262898716,267.60936962894283,59610500
2019-10-08,263.1047668457031,266.1322154876475,263.0682838493837,265.39359482532114,95708100
2019-10-09,265.603271484375,266.54250674967835,264.4999045016482,265.1291039134733,62359400
2019-10-10,267.3997497558594,268.2842746921465,265.35714694561955,265.5212787082189,55296300
2019-10-11,270.1718444824219,272.4150618159164,270.044195734655,270.1627167760195,98720400
2019-10-14,269.87091064453125,270.5274653905415,269.524391774641,269.8526552334609,40394800
2019-10-15,272.54278564453125,273.2905341614624,270.80109095047953,270.91963984077086,46754500
2019-10-16,272.10498046875,272.7980181586341,271.66729588850194,272.0776251824845,48928200
2019-10-17,272.9075012207031,273.78289840817706,272.2144633735832,273.27224772978605,45736600
2019-10-18,271.712890625,273.01687237456315,270.85572118008037,272.3694453524199,64304000
2019-10-21,273.554931640625,273.75554639728165,272.5974685642582,273.0351810774295,39048600
2019-10-22,272.6612854003906,274.3847243679034,272.5700918221093,274.09291604875244,48594700
2019-10-23,273.45458984375,273.5093004196795,272.19619094063097,272.4059333672742,34352200
2019-10-24,273.9013671875,274.539694263009,273.071553120685,274.39379013636784,35453100
2019-10-25,275.0229797363281,275.5701132347015,273.27215810720645,273.32686867420716,45205400
2019-10-28,276.5732727050781,277.0748235468787,276.2176538731761,276.24500916793784,42147000
2019-10-29,276.4912109375,277.42134663000076,276.17204727494345,276.2997238713171,44284900
2019-10-30,277.3392333984375,277.71307975913317,275.3786688753073,276.691778476006,49643900
2019-10-31,276.60052490234375,277.33004553803613,275.14153928769264,277.33004553803613,69053800
2019-11-01,279.1629943847656,279.2085772595945,277.88633994908105,278.0504995208856,71141500
2019-11-04,280.2845153808594,280.859004160089,279.9106412891645,280.7222277432166,60606900
2019-11-05,279.97454833984375,280.78613499327446,279.6827400265851,280.4851989738601,42933200
2019-11-06,280.0384521484375,280.3120051133895,279.090088822639,279.9746138471557,46487100
2019-11-07,281.023193359375,282.36365817572266,280.54902574107797,281.3788399443762,54272300
2019-11-08,281.71624755859375,281.7709581397297,279.97455318343856,280.67669086026507,49032100
2019-11-11,281.1782531738281,281.35151263066575,280.19340701618546,280.33021130301705,35797300
2019-11-12,281.7709655761719,282.67371801711306,280.9958618851258,281.542995539298,46484600
2019-11-13,281.8621826171875,282.26341214175153,280.54907286922804,280.7770429250769,53917700
2019-11-14,282.2725524902344,282.35464621108065,280.94121496514794,281.5795423443924,51219900
2019-11-15,284.315185546875,284.36076843357273,282.9200097076864,283.6130198587448,62023600
2019-11-18,284.5248107910156,284.76190851543424,283.62205842245453,284.07799845964644,49228000
2019-11-19,284.4427795410156,285.1358173869703,283.79535240135385,285.12668968003675,67804700
2019-11-20,283.3850402832031,284.36988662400745,281.82573271003866,283.85010815682625,79406200
2019-11-21,282.92901611328125,283.60382628077144,282.1265850365531,283.4944051261436,54664700
2019-11-22,283.5582275390625,283.81355285341886,282.5460539876979,283.67677640436585,44850200
2019-11-25,285.75592041015625,285.75592041015625,284.48842128497455,284.48842128497455,48647200
2019-11-26,286.4032897949219,286.5856769464181,285.47318211038436,285.79234571131667,37569000
2019-11-27,287.67987060546875,287.67987060546875,286.6676694818349,286.8865117449492,44444600
2019-11-29,286.6130676269531,287.3608160806977,286.3850975736195,287.1145906129369,36592700
2019-12-02,284.1783142089844,286.9321819618244,283.7497294692286,286.86834367905055,75767800
2019-12-03,282.2725524902344,282.35464621108065,280.0658176171275,281.4518657371915,73941700
2019-12-04,284.01422119140625,284.61606550920044,282.9746921540362,283.32121110928534,49080000
2019-12-05,284.5248107910156,284.7345532263376,283.21170125763325,284.7163256430636,40709000
2019-12-06,287.1236877441406,287.5249172215507,286.4306499507282,286.43977765696974,48927000
2019-12-09,286.2209777832031,287.40641097876033,286.1480117791947,286.73162849775485,34838500
2019-12-10,285.90179443359375,286.8319022077995,285.2452395846324,286.16624748024657,52649800
2019-12-11,286.7134094238281,286.9687347886849,285.8197567326405,286.35776275757524,53429100
2019-12-12,289.1845397949219,289.9687433212135,286.4853824980588,286.72245240013393,96389600
2019-12-13,289.3577880859375,290.5888317358788,288.1723273077688,288.94743092650003,81503900
2019-12-16,291.34564208984375,291.93835848773335,289.2939122159716,291.09031681867435,82749700
2019-12-17,291.4095458984375,292.0296177209557,291.3274800244313,291.7287095162663,61097700
2019-12-18,291.4277038574219,292.0295479513862,291.37299328782217,291.8015779685982,48133000
2019-12-19,292.6222839355469,292.69524991881053,291.36388509375365,291.6192103784386,85310500
2019-12-20,293.9052429199219,295.0415245853999,292.6773193215395,293.65780690456086,147142100
2019-12-23,294.354248046875,294.74827759131267,294.2076265492535,294.6932980253535,52990000
2019-12-24,294.3634338378906,294.62915909688604,294.0610182463545,294.5833521115951,20270000
2019-12-26,295.9304504394531,295.9396230239202,294.7391889969849,294.7483336162555,30911200
2019-12-27,295.8570861816406,296.7184700506117,295.3256076922634,296.66349048154484,42528800
2019-12-30,294.2259826660156,296.0770548487809,293.7403111256771,295.939605915703,49729100
2019-12-31,294.9407043457031,295.1881403562621,293.3737307946574,293.7219533538211,57077300
2020-01-02,297.6990051269531,297.71735029463804,295.5547178974124,296.4802539792737,59151200
2020-01-03,295.4447326660156,296.57186973652915,294.2442988268179,294.2992783946291,77709700
2020-01-06,296.57183837890625,296.65430772190325,293.5661398420069,293.68527154806566,55653900
2020-01-07,295.7380065917969,296.4802588000456,295.28896945413396,296.0037318756029,40496400
2020-01-08,297.3140869140625,298.5328378108533,295.6829613419756,295.9303693680399,68296000
2020-01-09,299.3301086425781,299.4034333774434,298.29461349284884,298.88109951100057,48473300
2020-01-10,298.46881103515625,300.07244750015417,298.00148456740754,299.9166813326382,53029300
2020-01-13,300.52142333984375,300.5305679585822,298.6612065390366,299.0918985059818,47086800
2020-01-14,300.0632629394531,301.13539265854723,299.50426661844074,300.0815801434285,62832800
2020-01-15,300.74127197265625,301.50184120269535,299.88906082009487,299.9715301608084,72056600
2020-01-16,303.2430114746094,303.2430114746094,301.89595605653415,302.1250469237905,54050300
2020-01-17,304.18682861328125,304.3975742884115,303.1788233239939,303.9577377732246,95846000
2020-01-21,303.5911560058594,304.39756019996634,303.15131951102944,303.2246162717714,77742400
2020-01-22,303.6278076171875,305.1031670485238,303.4720415191807,304.45252898097885,48914900
2020-01-23,303.9759826660156,304.38835726610193,301.85918604463114,302.97715019678435,51963000
2020-01-24,301.2727355957031,304.7182703641132,299.98066005754936,304.6358010274464,87578400
2020-01-27,296.4435729980469,297.92807729720744,295.6738310638596,296.0128810624095,84062500
2020-01-28,299.550048828125,300.4297498723814,296.5352053758519,297.8730881255824,63834000
2020-01-29,299.3025817871094,301.144481001066,299.1009807389888,300.91539017207396,53888900
2020-01-30,300.27398681640625,300.4847604901736,296.4802564449588,297.2316532660353,75491800
2020-01-31,294.8216247558594,299.80664419353747,293.905261299892,299.65085010133794,113845600
2020-02-03,297.01165771484375,298.88104661033793,296.1869363673335,296.3060680665093,69083000
2020-02-04,301.5385437011719,302.4091001332266,300.31062007845776,300.6313528673828,62573200
2020-02-05,305.020751953125,305.23152563303483,303.01394154526906,304.48010082486485,65951100
2020-02-06,306.0469665527344,306.23939497873164,304.965636811703,305.9828144223409,50359700
2020-02-07,304.4158935546875,306.0561636950074,303.86606999229053,304.984034315262,64139400
2020-02-10,306.6885681152344,306.75272027996516,303.4904680460931,303.5271304209676,42070000
2020-02-11,307.2200012207031,308.8327817820095,306.6884947902929,308.04472268441083,54864500
2020-02-12,309.1993408203125,309.41008649783373,308.292122067066,308.65866182227705,43992700
2020-02-13,308.8694763183594,309.8408193824816,307.4949310806172,307.7698289420879,54501900
2020-02-14,309.3642578125,309.4833895167541,308.0813547766656,309.2817884707523,64582200
2020-02-18,308.5670471191406,309.4284309226807,307.1741569014039,308.36544605947824,57226200
2020-02-19,310.0424499511719,310.7205500507428,309.25439069655664,309.53846116882,48814700
2020-02-20,308.7686462402344,310.31730256037446,305.77212014655726,309.4925531618124,74163400
2020-02-21,305.5888366699219,307.7239508075557,304.7640873458037,307.4123906481904,113788200
2020-02-24,295.4538879394531,305.66216126608373,294.37255791706946,296.11367067972515,161088400
2020-02-25,286.5010070800781,297.460705347923,285.6213060596482,296.8467575397239,218913200
2020-02-26,285.44720458984375,291.5043533570455,284.71412504182155,287.9030518374297,194773800
2020-02-27,272.6273193359375,285.50221558469656,272.6273193359375,279.91239252884566,284353500
2020-02-28,271.4818420410156,272.97551892461485,261.6584248326628,264.55413666270186,384975800
2020-03-02,283.2388000488281,283.30295220755625,269.8323971344277,273.2687603709201,238703600
2020-03-03,275.12890625,287.5914526327542,272.6822319172303,283.6144392953879,300139100
2020-03-04,286.69342041015625,286.9133666275338,277.9604789204638,280.5171404629055,176613400
2020-03-05,277.1632995605469,282.67065320761304,274.9182257388986,279.4725535047731,186366800
2020-03-06,272.5814514160156,273.79105782578944,265.9561618762661,268.6319273661624,228667200
2020-03-09,251.2943878173828,260.4213609971892,250.57962536291356,252.2748755679265,309417300
2020-03-10,264.29754638671875,264.38916035534675,250.62539203743287,260.8336938237853,276444100
2020-03-11,251.41346740722656,258.35951814826916,248.22454043948105,257.22323639794087,255316300
2020-03-12,227.35891723632812,244.35746061709935,226.9648737146384,234.5890236964178,392220700
2020-03-13,246.7949981689453,248.77434647333422,227.7346366084583,241.08604410630707,329566100
2020-03-16,219.78977966308594,235.41376534127508,217.50802963275152,221.0085307501589,297240000
2020-03-17,231.6566925048828,234.7448469668352,217.24229875738123,224.54570289092214,262070500
2020-03-18,219.92723083496094,227.59718853589922,208.94920047757623,216.49086785316467,327597100
2020-03-19,220.39456176757812,226.6899879899135,212.79791514547082,219.23994888867023,289322000
2020-03-20,210.8968505859375,225.34070206512823,210.62032218585884,223.5525010180808,347158800
2020-03-23,205.5045623779297,211.70794809546493,201.18154415651045,210.33454690571875,326025200
2020-03-24,224.1239776611328,224.99965325237764,215.50560549655268,216.0770871962549,235494500
2020-03-25,227.4791259765625,236.29108520985923,220.98999933781093,225.7093641659939,299430300
2020-03-26,240.76161193847656,242.23639250176075,229.56231770960696,229.99554223572162,257632800
2020-03-27,233.5903778076172,240.4021241650425,231.40583018380667,233.45212064085143,224341200
2020-03-30,241.17640686035156,241.89537230019295,233.6917850687621,235.69198523496897,171369500
2020-03-31,237.58155822753906,242.72492158244737,236.17127891009355,240.17167888160807,194881100
2020-04-01,226.8892059326172,237.4985784321248,224.8152643278773,228.57601345891695,189554600
2020-04-02,232.12477111816406,232.90825175530057,225.45128263078988,226.00433936920624,177660400
2020-04-03,228.7696075439453,233.4981993171639,226.03200326101012,231.1385026260033,135561200
2020-04-06,244.13522338867188,246.10778618843887,228.75119418632232,237.66453441780317,188061200
2020-04-07,244.3840789794922,253.50941691083761,244.16286753110208,252.75357362265825,201427200
2020-04-08,252.58767700195312,254.40352940586885,244.4946962858939,246.9926361077476,153774500
2020-04-09,256.4314270019531,259.1966831027809,253.91503382352957,255.85991711221806,189999200
2020-04-13,254.0901641845703,255.79541104062466,250.17271811536074,255.45436729534163,114839100
2020-04-14,261.58392333984375,262.60705422665757,253.95182037384117,258.9938033080598,134143400
2020-04-15,256.02581787109375,261.72223788702536,253.90577161399165,255.8506827589529,121775000
2020-04-16,257.260986328125,258.1182089286888,254.18233805357292,257.3070626758222,131798300
2020-04-17,264.2109375,264.8192689063994,260.30269091667844,263.04952128306587,146684800
2020-04-20,259.55615234375,264.34927418099744,259.3349408566782,260.49632929344494,100109300
2020-04-21,251.67523193359375,256.2839929952934,250.73502667403415,255.0764998474997,126385700
2020-04-22,257.260986328125,259.0123094851933,255.2423472173533,256.56967233483715,92951600
2020-04-23,257.2425537109375,261.722283370555,256.93838790678035,258.5422274970722,104709700
2020-04-24,260.8280944824219,261.50098338829105,256.707863024315,258.7633795586813,85063200
2020-04-27,264.5888977050781,265.7134362590303,262.349047118566,262.80992311396216,77896600
2020-04-28,263.3722229003906,268.5985412619103,263.0680289718382,268.24827098279667,105270000
2020-04-29,270.2669372558594,271.8062757076293,267.6860425141623,268.7184004108411,118745600
2020-04-30,267.75048828125,270.36826016718874,266.00836377753785,268.8842250570301,122901700
2020-05-01,260.66229248046875,267.91647723618763,259.49164927346874,262.98509771927183,125180000
2020-05-04,261.3811950683594,261.6853608206869,257.28861435013727,258.7726214184617,80873200
2020-05-05,263.796142578125,266.6167007575491,261.5101880508397,264.2109421284769,79569900
2020-05-06,262.0079650878906,265.88853252564763,261.57474059035235,265.5014124986934,73632600
2020-05-07,265.16961669921875,267.10530158420426,264.6626643356071,265.2341460923008,75250400
2020-05-08,269.55718994140625,270.02729252011244,267.1790537393371,268.3128189640112,76452400
2020-05-11,269.6124267578125,270.9950545873397,267.19744131631325,267.62143930773703,79514200
2020-05-12,264.2386474609375,271.2162884383801,264.1003621628556,270.801516933047,95870800
2020-05-13,259.5653381347656,264.7179278299637,257.1318996402703,263.676343692379,144721100
2020-05-14,262.67169189453125,262.8007225585791,251.6290918271061,257.1227544883689,121977900
2020-05-15,263.8791198730469,263.92519621393427,259.3256634598591,260.2750667451396,111146300
2020-05-18,271.916748046875,273.5298135013904,269.79673041564934,270.11932100284906,119703800
2020-05-19,269.1239929199219,273.03221327490934,269.10556800245973,271.317767672648,95189300
2020-05-20,273.69580078125,274.5622498678464,272.44223162680925,272.6726696151671,85861700
2020-05-21,271.80621337890625,274.3779091376315,270.70932633280484,273.56676293920657,78293900
2020-05-22,272.3224182128906,272.49755334653037,270.2761276095139,271.52049845866605,63958200
2020-05-26,275.6776428222656,278.5443068667933,272.3409042715795,278.30464228702726,88951400
2020-05-27,279.77935791015625,279.81623586309064,273.6404867746573,278.4796843331706,104817400
2020-05-28,279.2631530761719,282.83032815773345,278.5902641135655,280.8116893995479,90405200
2020-05-29,280.507568359375,281.09747499717514,276.0370656455134,278.79309505494115,119090800
2020-06-01,281.6412658691406,282.2496254643002,279.34611276939205,279.8622915538364,55758300
2020-06-02,283.9732971191406,284.01940158934775,281.2264946134768,282.56301791606984,74267200
2020-06-03,287.75250244140625,288.71113229720396,285.68778717935186,285.9643014985071,92567600
2020-06-04,286.99658203125,288.508268248897,284.89498938133136,286.76614411731316,75794400
2020-06-05,294.35223388671875,296.131208215071,292.3428215947053,292.40735097564266,150524700
2020-06-08,297.9103088378906,298.1038689148487,294.6196468813859,295.16347727926853,73641200
2020-06-09,295.6887512207031,297.9839040725445,294.3706248420823,295.237073735876,77479200
2020-06-10,294.03875732421875,297.16350871775313,293.3197922089245,296.26940854992074,95000800
2020-06-11,277.08782958984375,287.72485456232124,276.5348009447045,287.088843490775,209243600
2020-06-12,280.4061584472656,284.8950860328973,275.2351434064616,284.12081775495204,194678900
2020-06-15,283.0238037109375,284.1575682502527,273.5205474292563,274.7003882944714,135782700
2020-06-16,288.471435546875,290.94175175021076,283.59538877660174,290.7942680866062,137627500
2020-06-17,287.273193359375,289.78958611023603,286.5357749799992,289.49461875848573,83398900
2020-06-18,287.3837585449219,287.8630593266788,285.2913922059686,285.75226807945324,80828700
2020-06-19,285.7413635253906,291.0554918248627,283.78789416661283,290.86108007701773,135549600
2020-06-22,287.5744934082031,287.9725840908727,283.9916207573374,285.13961370398266,74649400
2020-06-23,288.8984375,291.16667889130184,288.4910796317382,290.2316035682341,68471200
2020-06-24,281.52899169921875,287.47269234301496,279.68664255613027,286.85238846256306,132813500
2020-06-25,284.547119140625,284.8156113948789,278.9274573121908,280.95497926839084,89468000
2020-06-26,277.7887268066406,283.658375397714,277.2054913993457,283.4454293499117,127961000
2020-06-29,281.87158203125,282.01044762306395,276.7518633545802,279.0478780684686,79773300
2020-06-30,285.48211669921875,287.18562813532077,281.2789690841468,281.4363406086615,113394800
2020-07-01,287.4819641113281,288.7503451312307,286.13955911726157,286.6024632366139,72396500
2020-07-02,289.0650939941406,292.27764946199494,288.3985109841315,290.92594919645614,69344200
2020-07-06,293.5274658203125,294.1107294816476,292.1480207030375,292.89792305234755,61713800
2020-07-07,290.5000305175781,293.96254336558655,290.1204458505552,291.9813289550433,82910000
2020-07-08,292.7220153808594,292.83310783880313,289.50022108680014,291.26848979810916,54638600
2020-07-09,291.0556335449219,293.5738333866383,287.6301313491227,293.33311417458134,83354200
2020-07-10,294.02740478515625,294.29589705762123,289.55576388536076,290.990755205838,57550400
2020-07-13,291.4814453125,298.76755120134084,290.82412941270053,296.3789785176982,102997500
2020-07-14,295.25872802734375,296.0364034313033,288.8521236231709,290.05566283689916,93657000
2020-07-15,297.97137451171875,299.0730885288503,295.582773536278,298.48982484290724,87196500
2020-07-16,296.9899597167969,297.44359660102754,295.41607479695665,296.06415170593044,54622500
2020-07-17,297.85101318359375,298.6379557988609,296.0179027889811,297.99914588498484,62774900
2020-07-20,300.2581481933594,301.0080506399925,296.83264625549896,297.58254870213204,56308800
2020-07-21,300.89691162109375,302.6744474220615,299.90629013376923,302.23007759853067,57292200
2020-07-22,302.6095886230469,302.92438820533135,300.4246953097078,300.53578774890565,57792900
2020-07-23,298.9990234375,302.952242733025,297.62884531460276,302.2486194244504,75738000
2020-07-24,297.07330322265625,298.10093663670415,295.5642315215915,297.1381165695117,73766600
2020-07-27,299.23974609375,299.41565192293405,296.9715045616982,297.7677143548617,48293000
2020-07-28,297.3418273925781,299.62857474108495,297.0455619923725,298.50832649407437,57495000
2020-07-29,300.998779296875,301.56353703162114,298.1843142537646,298.22135449541014,48454200
2020-07-30,299.9248352050781,300.34146022234614,295.9253650050639,298.0176724547983,61861700
2020-07-31,302.294921875,302.3967754817802,297.48997444346537,301.72092523828803,84986800
2020-08-03,304.39642333984375,305.1648315561878,303.41506911009435,303.9612924452629,53077900
2020-08-04,305.5722351074219,305.5722351074219,303.5354458801942,303.5354458801942,41917900
2020-08-05,307.47015380859375,307.72940723299746,306.6091589464229,306.8776512406806,42697700
2020-08-06,309.525390625,309.6457501911528,306.56282183906575,306.8868603048418,43679400
2020-08-07,309.74761962890625,310.0346178766964,307.64601718121753,308.5533192811668,57308300
2020-08-10,310.67352294921875,310.85866767202384,308.25714840047715,310.2013516372214,44282100
2020-08-11,308.1089172363281,312.49726674092767,307.3775491967452,311.85845690646227,69601100
2020-08-12,312.40472412109375,313.18239962578446,310.5253345880685,310.55310770418515,53774400
2020-08-13,311.8399353027344,313.1545952590524,310.9141271866692,311.63625638706316,41816100
2020-08-14,311.8492126464844,312.386197193319,310.7197255777267,311.45112192434925,47260400
2020-08-17,312.83978271484375,313.23787337153493,311.85842850125164,312.8675558245334,35481000
2020-08-18,313.5156555175781,313.94151931492354,311.63623802939264,313.2378961470677,38733900
2020-08-19,312.2102966308594,314.41369632346203,311.64553896028053,313.8952460130352,68054200
2020-08-20,313.18231201171875,313.66372197420577,310.3493419466578,310.478940367805,42207800
2020-08-21,314.2933654785156,314.5155503966336,312.50653425057345,312.84910700390265,55106600
2020-08-24,317.4781494140625,317.55220163599915,314.26559394084416,316.7374859275807,48588700
2020-08-25,318.58917236328125,318.6724917263265,316.87642122487284,318.04294881436505,38463400
2020-08-26,321.78314208984375,322.05160610805416,318.6354000636554,319.1816234759962,50790200
2020-08-27,322.4867248535156,323.9402503595039,320.8202815655205,322.6533917850521,58034100
2020-08-28,324.56982421875,324.69945092755256,322.3201170881674,323.5144175693778,48588900
2020-08-31,323.3940734863281,325.2364228395973,323.1626214267345,324.3569219651967,66099200
2020-09-01,326.4399108886719,326.54173620841556,323.3291812746038,324.2272161769494,54908700
2020-09-02,331.16156005859375,332.13364723694355,327.2083414922187,328.35636271868754,69540000
2020-09-03,319.76483154296875,329.9394521947291,317.17255224879,329.4672810841764,148011100
2020-09-04,317.154052734375,322.02378359273916,310.025319846639,320.4499269477994,139156300
2020-09-08,308.4885559082031,317.21894908878244,308.1830516203431,311.7288847499758,114465300
2020-09-09,314.580322265625,317.05221391399175,311.63623122167985,312.5064930407791,91462300
2020-09-10,309.1181335449219,317.1171022208828,308.155285043401,316.4597862671318,90569500
2020-09-11,309.27545166015625,311.9695566218667,306.4424811341146,310.9048829574324,84680200
2020-09-14,313.34906005859375,315.1266243736371,309.4236420235485,312.45102490396204,65605700
2020-09-15,314.9321594238281,316.64488183662957,313.3582743243969,315.8116601824572,52920900
2020-09-16,313.6822814941406,317.6076984750774,313.4045221348702,316.1727073391459,82096000
2020-09-17,310.9234313964844,312.64544938955055,308.28487230028173,308.81258977020724,91523300
2020-09-18,307.34381103515625,311.84265557573474,304.8527202209257,311.7311184298016,105877900
2020-09-21,303.92327880859375,304.0720044942166,299.0526331621716,302.74280591002497,99450800
2020-09-22,307.0185546875,307.57626892762437,302.8915090237141,305.41051314107966,63612100
2020-09-23,299.8984375,307.8550757850042,299.39649195231215,307.57620454005826,93112200
2020-09-24,300.69781494140625,303.7652001614341,297.25860138372207,298.5785239027551,76681300
2020-09-25,305.5592041015625,306.3492684548765,298.9689520233032,299.8426692481497,71069400
2020-09-28,310.63433837890625,311.3500540678067,308.73812155611176,309.7327085120084,64584600
2020-09-29,308.9425964355469,311.1734245990456,308.24546086154606,310.42982466671907,51304000
2020-09-30,311.2850341796875,314.44537688918547,309.4167014996256,309.61189154534867,104081100
2020-10-01,313.283447265625,314.8636042513181,311.39653473476926,313.88762577093473,88698700
2020-10-02,310.3089904785156,313.2555627207702,307.8457837333298,308.3198450119104,89431100
2020-10-05,315.8116760253906,315.9975617997763,312.32599863236203,312.3724629843296,45713100
2020-10-06,311.3221740722656,318.0518759506169,310.810952625502,315.95116484965547,90128900
2020-10-07,316.7413024902344,317.54997539398164,314.25948682369335,314.28737111808033,56999600
2020-10-08,319.5483093261719,319.6133821115986,317.7636300344893,318.68386814784026,45242500
2020-10-09,322.4020080566406,322.86676515968713,320.58016815532477,321.20292678815446,59528600
2020-10-12,327.5886535644531,329.0665776070336,324.45619552767687,324.9488368752037,80388500
2020-10-13,325.4508056640625,327.62586544984794,324.4841029704284,327.4492554856305,73255500
2020-10-14,323.4058532714844,327.1239098929824,322.67155751263357,326.02708999760546,57727900
2020-10-15,323.00616455078125,323.48950169298183,318.9441922862967,319.48329800773115,60357700
2020-10-16,322.8109436035156,326.0270542862086,322.6343336640178,324.3632161877111,89501900
2020-10-19,317.9031066894531,324.707127920646,317.0014769337468,324.0750651798359,68425600
2020-10-20,319.1765441894531,322.42984341706637,318.488712858615,319.25089283338775,60051900
2020-10-21,318.5724182128906,321.3051922836969,318.2656626356345,319.1301040505876,63575000
2020-10-22,320.3197937011719,320.90539203746897,316.6389263442525,318.7861013329984,55399300
2020-10-23,321.4073791503906,321.60256916559945,318.9441724986455,321.54680058982547,49143900
2020-10-26,315.4678649902344,318.8048178502361,311.9635780013349,318.0147250392189,91473000
2020-10-27,314.3802185058594,316.146289389251,314.16642007915607,315.8116779733836,65994100
2020-10-28,303.63507080078125,314.40813551388993,303.142429476248,308.6916296323956,127094300
2020-10-29,306.72113037109375,309.90005330317524,302.17579195493704,303.86751474171876,90597700
2020-10-30,303.5235290527344,306.4514926680228,299.8612413875232,305.1408744396233,120287300
2020-11-02,306.9255676269531,308.9332931234276,304.17418546293266,306.9255676269531,86068300
2020-11-03,312.3446350097656,314.40815753311387,307.00923292891446,310.1695753283749,93294200
2020-11-04,319.32525634765625,323.4151123876385,315.6536645993499,316.8341372001022,126959700
2020-11-05,325.55303955078125,327.3656035607772,324.2703054349714,324.6235253644289,82039700
2020-11-06,325.4786682128906,326.7335179503139,323.1455786904639,325.2648697529824,74973000
2020-11-09,329.5685729980469,338.69640981821243,329.10381586911615,338.31530556850635,172304200
2020-11-10,329.08526611328125,330.1448977142707,325.8040816154081,328.5740162044435,85552000
2020-11-11,331.5298156738281,332.35706849505874,330.0332831809549,331.27882870533216,58649000
2020-11-12,328.3136901855469,331.5762939810746,326.5011545842146,330.5166342173397,67546200
2020-11-13,332.8590087890625,333.6026087311802,329.7079423371588,330.2284679699451,62892200
2020-11-16,337.01397705078125,337.2091670940638,334.24401446736385,335.536052847168,74541100
2020-11-17,335.2013854980469,336.409770903095,333.0820943880079,334.59720697878305,66111000
2020-11-18,331.1672668457031,336.01933135427623,331.13007834082595,335.4709214650384,70591300
2020-11-19,332.5615539550781,332.9333539222123,329.1874132294605,330.53522002265584,59940900
2020-11-20,330.2843017578125,332.50585453742735,330.20995309552933,332.3013602579922,70417300
2020-11-23,332.2640686035156,333.52822240211714,329.85663073223736,332.096762890419,63230600
2020-11-24,337.6181335449219,338.16654349406434,333.96514971257983,334.82028685253994,62415900
2020-11-25,337.09765625,337.5624133955992,336.00083619435185,337.53452910152424,45330900
2020-11-27,338.0364074707031,338.5104403756147,337.02321213244505,338.1944089835005,28514100
2020-11-30,336.5398864746094,337.52516919139106,333.85360536686164,337.25560214879374,83872700
2020-12-01,340.2207336425781,341.76373042068883,339.20756669848805,339.80246932612914,74231400
2020-12-02,340.93646240234375,341.09446390376803,338.52902444464564,339.1053186103433,45927000
2020-12-03,340.8435363769531,342.23780756286345,339.7374123001427,340.83423215842737,62882000
2020-12-04,343.78076171875,343.78076171875,341.33613533774013,341.42909241189386,50749900
2020-12-07,343.07440185546875,343.56704325999203,341.80097190603243,343.0093290517619,48944300
2020-12-08,344.0783386230469,344.6453287592995,341.75455275343444,341.801017124216,42458900
2020-12-09,340.9921875,344.8961289472367,340.1556306446288,344.7381274659571,74098300
2020-12-10,340.88079833984375,341.93112569835114,338.7428983741802,339.6166441082862,57735400
2020-12-11,340.48101806640625,340.890006557245,337.65531550527345,339.17970394397395,57698600
2020-12-14,338.9566345214844,343.73432251850494,338.78002456304864,342.65611106329436,69216200
2020-12-15,343.53912353515625,343.53912353515625,340.1278225669573,341.5034853233126,63865300
2020-12-16,344.0783386230469,344.9985487501249,342.8699529509324,343.7530029279958,58420500
2020-12-17,346.0023498535156,346.20684410811197,344.8962257081794,345.7235069456668,64119500
2020-12-18,344.62078857421875,346.4597381046368,342.6044762600976,346.29171920031933,136542300
2020-12-21,343.38861083984375,353.28346626235304,337.9464560255549,340.6908788886597,96386700
2020-12-22,342.8099060058594,343.8273919879839,341.6804074000063,343.7153793642553,47949000
2020-12-23,343.117919921875,345.0315351063921,342.79119749130325,343.7806801753628,46201400
2020-12-24,344.4527893066406,344.4807924589566,343.0059122912495,343.59397848988544,26457900
2020-12-28,347.41192626953125,347.80397040676263,346.38509652628863,347.01050976482793,39000400
2020-12-29,346.74908447265625,349.1201221557573,346.1609898693241,348.9427593868973,53680500
2020-12-30,347.24383544921875,348.28000894293837,346.8517913610058,347.5705578476866,49455300
2020-12-31,349.00811767578125,349.7362280379204,346.5344112202723,347.0478117815803,78520700
2021-01-04,344.2566833496094,350.4736380357197,340.550781829865,350.34293769846914,110210800
2021-01-05,346.62774658203125,347.7199264021152,343.5659454165651,343.6126363246513,66426200
2021-01-06,348.7000427246094,351.9018879211181,344.56474976303986,345.1154973335199,107997700
2021-01-07,353.8808898925781,354.6276595774134,350.90309805783966,351.0804608432896,68766800
2021-01-08,355.897216796875,356.1118981341495,352.0139516043895,355.2717750824561,71677200
2021-01-11,353.4981689453125,355.2624244716988,352.5926957266306,352.7140522127588,51034700
2021-01-12,353.5728759765625,354.5903619209888,351.3231942418903,353.6849170835824,52547700
2021-01-13,354.52496337890625,355.5237613452979,352.7140171217111,353.49813377625406,45303600
2021-01-14,353.2834777832031,355.7758723579935,352.94743994612014,355.27178711492945,49989100
2021-01-15,350.7070617675781,352.4619733044625,348.8401091438219,351.65919735021674,107160000
2021-01-19,353.4607849121094,354.0022171031651,351.6871856917085,353.1714095466067,51233300
2021-01-20,358.3522033691406,359.1923262780923,355.36506804016375,355.7571121035388,61836100
2021-01-21,358.678955078125,359.3417438187751,357.75482257805237,358.9123241730878,47840100
2021-01-22,357.4094543457031,358.576299864494,356.4386308975861,356.82135964624223,52860500
2021-01-25,358.8189392089844,359.1736362444542,353.28340355342897,358.14683518859727,70402000
2021-01-26,358.25885009765625,360.1818088514389,358.02548104028034,359.77107703146265,42665300
2021-01-27,349.50274658203125,355.0195930658693,347.2624099179543,354.9262397699856,123351100
2021-01-28,352.50860595703125,356.5225420397905,350.8843665587644,351.3230730049077,94198100
2021-01-29,345.45159912109375,351.61254871858694,343.77132460135704,350.64172533967934,126765100
2021-02-01,351.2017517089844,352.2378965896601,345.74091038567593,348.8587173928671,75817600
2021-02-02,356.1678771972656,357.7267951804312,351.2858142934959,354.3942778932452,64450700
2021-02-03,356.4478759765625,358.17481256318405,355.1690182004352,356.99862349028143,52427100
2021-02-04,360.4992370605469,360.54589948348286,356.5599656893547,357.48409816801393,47142600
2021-02-05,361.9180908203125,362.62754192923927,360.45255466954404,362.3755135819587,48669800
2021-02-08,364.5317077636719,364.57837016689473,362.51539626323915,363.3741781970337,38365200
2021-02-09,364.2890930175781,364.8865314693328,363.28095123953375,363.69165456582346,35551100
2021-02-10,364.1304626464844,366.18412212748876,361.7221060618875,366.03476248455763,59154400
2021-02-11,364.7184753417969,365.63329226629037,362.28211615236023,365.2132165845234,42913300
2021-02-12,366.52020263671875,366.76288713936884,363.8411013276768,363.9157953957539,50593300
2021-02-16,366.20269775390625,367.94832215775284,365.4839313434512,367.75227164700215,50972400
2021-02-17,366.28680419921875,366.53883256205916,363.4303403165047,364.44785462236365,52290600
2021-02-18,364.7278747558594,365.47464442889515,361.9461050220427,363.67304193930454,59712800
2021-02-19,364.0837097167969,366.27738441541726,363.63563089938765,365.9880090814963,83241000
2021-02-22,361.28338623046875,363.7010867969079,361.01267008578844,361.3113893842329,67414200
2021-02-23,361.7220764160156,363.0756284840309,354.90771062947573,359.071007068001,107284100
2021-02-24,365.7080383300781,366.1374579842798,359.6404417407371,360.6299244440038,72433900
2021-02-25,356.89599609375,365.8107122221224,355.44911916352476,364.43850086453193,146670500
2021-02-26,355.0570373535156,359.9297848553106,353.0687567328293,358.7816272202917,152701600
2021-03-01,363.6636962890625,364.9145796408334,355.2530939230072,359.9391348464769,105348800
2021-03-02,360.8259582519531,364.1211286457314,360.3218730437514,363.88775955697247,79595300
2021-03-03,356.0466003417969,361.0966828708714,355.9439031187562,360.1258878731515,119940200
2021-03-04,351.6405334472656,358.45489903923504,347.1411708462989,355.85983606589633,183433000
2021-03-05,358.1094970703125,359.1643297870459,347.85060223532196,355.1503648338784,152039600
2021-03-08,356.3266296386719,361.8901412730423,356.04659810021576,359.071052665303,123149200
2021-03-09,361.4140625,363.9717786646601,359.67778162011194,360.1818668416844,113633600
2021-03-10,363.6636962890625,365.3626300474982,362.3475197320477,363.7663934988811,109899400
2021-03-11,367.3509521484375,369.3299174808508,365.68002148147286,366.1374442709955,86245000
2021-03-12,367.8456726074219,367.98568835649854,365.17594403357333,365.988063865654,64653600
2021-03-15,370.0394287109375,370.30080099562656,365.9507970174534,368.09778160686784,73427200
2021-03-16,369.5726318359375,371.36489050741085,368.7978304984493,370.6554678400284,73722500
2021-03-17,370.83282470703125,371.6356006957716,367.13623784220084,368.2844240106245,97959300
2021-03-18,365.43731689453125,370.32872365366313,364.75586893126194,368.2377458306638,115349100
2021-03-19,364.76116943359375,366.7185215102519,362.57902982560887,365.13577721148323,113624500
2021-03-22,367.6737976074219,369.0598779072766,365.22008364773114,365.276273388736,73778600
2021-03-23,364.7798767089844,368.48854216406016,363.9931918294677,367.0369263591319,90686600
2021-03-24,362.92559814453125,367.8236806159586,362.8787828829255,366.18474632931844,97588600
2021-03-25,364.9671936035156,365.76322438235565,359.53528100576926,361.48328710314735,116128600
2021-03-26,370.8486022949219,371.25130490208966,365.519723579064,366.1190902486819,114409100
2021-03-29,370.66131591796875,371.5697547729306,367.87980961613647,369.3688948067096,108107600
2021-03-30,369.677978515625,370.3522839608412,368.0764852202729,369.3876553387291,76262200
2021-03-31,371.1764221191406,372.7404461142928,370.22116794831715,370.24926281861366,112734200
2021-04-01,375.1847229003906,375.24094121233566,372.90895304429756,373.1149915856355,99682900
2021-04-05,380.5699157714844,381.11312145852287,377.7790629393294,377.8539730785343,91684800
2021-04-06,380.34503173828125,381.3939448268143,379.67072638411884,380.00789335156907,62021000
2021-04-07,380.7852783203125,381.1317912570408,379.7176446390616,380.1765370600538,55836300
2021-04-08,382.5927429199219,382.6489326563563,381.1036577429274,382.0401914578226,57863100
2021-04-09,385.3742980957031,385.5428959071403,382.34931210443176,382.4710660757358,61104600
2021-04-12,385.5147705078125,385.7863447199532,384.16615960757355,384.77490083514505,56704900
2021-04-13,386.6573181152344,387.2848083159337,385.02775850316095,385.4117407781049,56551000
2021-04-14,385.33685302734375,387.68753348891016,384.7936474046155,386.62924569566684,61659900
2021-04-15,389.47625732421875,389.7478600943017,387.4346207591229,387.4814360108745,60229800
2021-04-16,390.778076171875,391.3868173846605,389.3451806977681,390.7687016886695,82037300
2021-04-19,388.8581237792969,390.2910191020154,387.52826201872847,389.84150124750823,78498500
2021-04-20,386.0111083984375,388.74577080213885,384.53136914456286,387.64066789352995,81851800
2021-04-21,389.6636047363281,389.8696433048298,385.2525101898703,385.3930131171493,66793000
2021-04-22,386.1047058105469,390.3284815889521,385.0370723441207,389.49498152787896,97582800
2021-04-23,390.291015625,391.70519055142836,386.59172493679466,386.66663505163234,73209200
2021-04-26,391.1058349609375,391.67713539485504,390.35661941365066,390.94664023299106,52182400
2021-04-27,391.0215759277344,391.6022508827093,389.8790035659175,391.40555820957167,51303100
2021-04-28,390.90911865234375,392.41695260927986,390.44085185266897,391.2931008577655,51238900
2021-04-29,393.40032958984375,394.0184452393067,390.01008229066707,393.6438374889247,78544300
2021-04-30,390.81549072265625,391.97681191330355,389.9164263982354,391.1245628402862,85527000
2021-05-03,391.6583251953125,393.19422528926395,391.1619635783927,392.8102431205925,68128300
2021-05-04,389.2420959472656,390.1599091777435,385.5428053216485,389.6635475057194,101591200
2021-05-05,389.36383056640625,391.12451824567364,388.80190470993466,390.89038485387186,60162200
2021-05-06,392.47314453125,392.6042443739079,387.42521468380295,389.4387562175052,74321400
2021-05-07,395.32958984375,395.98517484775925,392.5574581716832,393.24113804267915,67733800
2021-05-10,391.4148864746094,395.9102366829871,391.2931325239228,395.68547774679007,81852400
2021-05-11,387.9216003417969,388.91432373758846,384.03499135856697,386.882061695176,116888000
2021-05-12,379.6801452636719,386.40445062739644,378.3596292664934,385.13077846545326,134811000
2021-05-13,384.2409973144531,386.1796286907633,381.18788868784316,381.2347325154382,106394000
2021-05-14,390.1411437988281,390.993392781113,386.95693536241697,386.985030226416,82201600
2021-05-17,389.1484069824219,389.96321517156963,387.1254911025353,389.0266816298111,65129200
2021-05-18,385.7956848144531,389.6541989870204,385.63646151399263,389.41069108540063,59810200
2021-05-19,384.7841796875,384.96212335727006,379.60515004278085,381.09426361206437,106467100
2021-05-20,388.9237060546875,390.18803224068034,385.5428331837092,385.66455855446543,78022200
2021-05-21,388.605224609375,391.6583330581762,388.1463323262368,390.4127274600367,76578700
2021-05-24,392.56683349609375,393.64384150721315,390.609452962444,390.85296086401064,51376700
2021-05-25,391.6958312988281,394.00907059694083,391.1151849988608,393.6531832309636,57451400
2021-05-26,392.47314453125,392.9788520995929,391.24628779570753,392.28582637803873,43088600
2021-05-27,392.67926025390625,394.01849671232554,392.3982829688595,393.5034145608544,56707700
2021-05-28,393.3816223144531,394.514820085861,393.14748889006984,394.25259179378133,58520200
2021-06-01,393.0351257324219,395.89154219615915,392.5949537330821,395.75106785184676,54216600
2021-06-02,393.65325927734375,394.49616260411835,392.6792846547402,393.6907286338269,49097100
2021-06-03,392.1921691894531,393.33474133577215,389.86020964865565,391.3305742743036,58138800
2021-06-04,395.7791442871094,396.07884192817824,392.25776845640075,394.046551239309,55938800
2021-06-07,395.39520263671875,395.94775414250097,394.4586688477843,395.769810436144,51555000
2021-06-08,395.4794006347656,396.3503700083469,393.6438028130732,396.2567109338169,47134300
2021-06-09,394.88946533203125,396.3972995901698,394.66470636912584,396.32236088203933,48436300
2021-06-10,396.72503662109375,397.6803193100831,394.79577943846573,396.1162954173843,51020100
2021-06-11,397.380615234375,397.4929947063824,395.98518915571566,397.2776102452818,45570800
2021-06-14,398.2703857421875,398.3733907447433,396.24746923944144,397.493046657972,42358500
2021-06-15,397.5398864746094,398.45767132716105,396.65954239674767,398.42023055247114,51508500
2021-06-16,395.3202819824219,397.90512450376707,393.2692991852718,397.6803655299959,80386100
2021-06-17,395.1891174316406,396.1724663616995,392.70730889994087,394.90816876040657,90949700
2021-06-18,389.85784912109375,392.59205290595094,389.6511365019584,391.89675985715155,118676300
2021-06-21,395.4390563964844,395.62698739769405,390.80684682653913,391.62429220073597,72822000
2021-06-22,397.5531311035156,398.389386740263,394.70615149146886,395.4296600028668,57700300
2021-06-23,397.073974609375,398.4363740041373,396.98941426136173,397.62833378473624,49445400
2021-06-24,399.4229431152344,399.8457448281696,398.9719259471938,399.22563564919795,45110300
2021-06-25,400.8417053222656,401.2927224783095,399.84573419263063,400.1745990767725,58129500
2021-06-28,401.6498107910156,401.81893148712265,400.1652591125572,401.3679429641706,53159600
2021-06-29,401.8659362792969,402.6739765145748,401.33035872377803,402.0350569786464,35970500
2021-06-30,402.2041320800781,402.8806434750254,401.3772816335601,401.40546841358946,64827900
2021-07-01,404.4310302734375,404.5907744987678,402.8994814377987,402.96526015847866,53441000
2021-07-02,407.52227783203125,407.87932951282806,404.5155540009205,405.59611419519825,57697700
2021-07-06,406.7799987792969,407.79478028651687,404.036389732283,407.57866250692047,68710400
2021-07-07,408.21759033203125,408.4994868338858,405.4457944463871,407.4659236755757,63549500
2021-07-08,404.8913879394531,405.65245965927846,401.6967333373441,402.88063542340194,97595200
2021-07-09,409.21356201171875,409.51424014433434,404.69409956711894,406.40417418784455,76238600
2021-07-12,410.67926025390625,410.932969928919,408.6967233042694,409.12893012292545,52889600
2021-07-13,409.2793273925781,411.3934220558517,409.0162412036738,409.8900601160083,52911300
2021-07-14,409.8900451660156,411.46859091611077,408.64039298286,410.9799818157925,64130400
2021-07-15,408.4900207519531,409.22290566866724,406.5826389383098,408.54639430906644,55126400
2021-07-16,405.2860107421875,409.7209124013847,404.89139582198015,409.67394399277407,75874700
2021-07-19,399.3007507324219,405.3517609265195,396.48195823234806,400.4470608294215,147987000
2021-07-20,405.02301025390625,406.300878124811,399.16930585570464,399.9679696907391,99608200
2021-07-21,408.30206298828125,408.4430255460561,404.9759086398746,406.22556063954625,64724400
2021-07-22,409.1571350097656,409.40143954488997,407.49405769372373,408.48062363685614,47878500
2021-07-23,413.3664855957031,413.7047268986434,410.4067594980267,411.0926472537347,63766600
2021-07-26,414.38134765625,414.39075280856224,412.72767528125456,412.774643694326,43719200
2021-07-27,412.4928283691406,413.3666474180511,409.655224737186,413.33846063177174,67397100
2021-07-28,412.3236083984375,413.7048180381999,410.8954303476653,413.12227210530915,52472400
2021-07-29,414.0336608886719,415.11419235254596,413.2444023757315,413.25380752713005,47435300
2021-07-30,412.02294921875,413.4793140165647,411.32762750222685,411.4591849287355,68951200
2021-08-02,411.15850830078125,414.2967608282837,410.80145662667593,413.74240168794654,58783300
2021-08-03,414.5034484863281,414.6256007542447,409.7584923853187,411.9571471850933,58053900
2021-08-04,412.4645690917969,414.47529306625523,412.22966968933605,413.2162357099742,46732200
2021-08-05,415.07659912109375,415.16115945484785,413.3101512402571,413.6296109480748,38969700
2021-08-06,415.7624816894531,416.1853120271219,415.1141571312888,415.39605358114784,46930000
2021-08-09,415.42431640625,416.0538307784521,414.6538394461939,415.7343710161899,41222600
2021-08-10,415.9410400390625,416.65514335880624,415.18937346245787,415.87526132819306,43339300
2021-08-11,416.9746398925781,417.0686053915082,415.88470318832685,417.012231826999,44034300
2021-08-12,418.22430419921875,418.36526678880125,415.9223071173895,416.8243128497932,38909400
2021-08-13,418.9854431152344,419.0042247475867,418.18677928941827,418.6753597988097,39470300
2021-08-16,419.9720153808594,420.10354415772986,416.1196587983937,417.6793945337041,73740000
2021-08-17,417.2189636230469,418.08337743473044,414.2216447172126,417.40686595529536,92673900
2021-08-18,412.6524353027344,417.77325329801437,412.4081594440344,416.2041128102062,89351900
2021-08-19,413.2914123535156,414.4941248838144,409.77732628606446,409.9182602000073,92812200
2021-08-20,416.58001708984375,416.9088820154154,413.1504912643013,413.6391004134635,72008700
2021-08-23,420.2444763183594,421.15588723398355,416.6552062239017,418.27131541425854,54973000
2021-08-24,420.9115905761719,421.44716815686525,420.3948233013429,420.9115905761719,38744700
2021-08-25,421.7947692871094,422.3115365062703,420.7236142411114,421.0994762269488,40529700
2021-08-26,419.3048400878906,421.74777094308087,419.21087459171173,421.5128715397554,57829600
2021-08-27,423.0538635253906,423.4296968697422,420.05654457482467,420.11291814276507,77235100
2021-08-30,424.91424560546875,425.70350417202803,423.4860388594857,423.73034341850786,48357400
2021-08-31,424.2846984863281,425.1585173900656,423.68337092085335,424.8202760109067,59300200
2021-09-01,424.5101623535156,425.74103285220224,424.2752629656099,425.22426566850635,48721400
2021-09-02,425.8162536621094,426.62429386298294,424.61356983864454,425.93840594229823,42501000
2021-09-03,425.7129211425781,426.22971709164716,424.2753377820622,424.67938659293344,47170500
2021-09-07,424.19073486328125,425.45919738921737,423.5142234277316,425.3652318920659,51671500
2021-09-08,423.6739807128906,424.3880841041836,421.74778832170443,423.65519908257835,56181900
2021-09-09,421.8605651855469,425.233717323856,421.6162606196501,423.47667429804756,57970400
2021-09-10,418.5343933105469,424.2189478107895,418.4122410241399,423.796146058895,89948200
2021-09-13,419.6054992675781,421.8041829670538,417.28469196190423,421.54109677619476,83738600
2021-09-14,417.341064453125,421.25917025465293,416.4484352937043,421.0524576426946,78197100
2021-09-15,420.8269958496094,421.32498145214555,416.6551800315069,417.7638983655694,78792200
2021-09-16,420.15985107421875,421.2779457838027,417.2000958380673,420.30078497254937,77786700
2021-09-17,416.067138671875,419.80929334170304,415.7089430523476,419.38513702866646,118425000
2021-09-20,409.1294860839844,411.50484731751953,404.24675595478044,409.92127316182945,166445500
2021-09-21,408.74298095703125,412.7773407564991,408.21512294709,411.4765375298209,92526100
2021-09-22,412.7302551269531,414.7757267973973,408.8561507112312,411.0241372373776,102350100
2021-09-23,417.7449645996094,419.35684482939774,414.3704409554604,414.6060929318038,76396000
2021-09-24,418.4330749511719,419.14946615794776,415.8880221231808,416.10483229526034,62094800
2021-09-27,417.2359619140625,418.56501369827305,416.5384125284229,417.3961891431446,61371100
2021-09-28,408.82781982421875,414.7851074945161,408.092586956221,414.4551890406225,130436300
2021-09-29,409.5159606933594,411.95731138665417,408.95039027329,410.2134812439846,82329200
2021-09-30,404.5107116699219,411.70278478161407,404.17135791481275,410.9958289550851,140506000
2021-10-01,409.3179931640625,411.0052691446982,402.7103321875053,406.24511136235,129240100
2021-10-04,404.0393981933594,409.0540495415791,401.89022491627236,408.1491541596147,128570000
2021-10-05,408.2433776855469,410.4961950035953,404.74631136954315,405.54750485664374,90682500
2021-10-06,409.9400329589844,410.1474077783262,403.00245494118536,404.63314765291386,113032200
2021-10-07,413.4842834472656,416.3309482512412,413.050691974127,413.22978973248706,72437500
2021-10-08,412.7302551269531,414.64377665813777,412.098723983002,414.2573039916996,74557400
2021-10-11,409.74212646484375,414.9924580405228,409.67613702470845,412.07036853817755,65233300
2021-10-12,408.7335510253906,411.07122850437753,407.94176400011384,410.66591409252834,71181200
2021-10-13,410.2040710449219,411.02413525942126,406.77299348127605,409.761044211489,72974000
2021-10-14,417.1039123535156,417.2547330392935,413.4088774672189,413.88018132298555,70236800
2021-10-15,420.28057861328125,420.648209501002,418.6027377065452,419.22486237076555,66260200
2021-10-18,421.52484130859375,421.8641663546868,417.82980557650626,418.48964263205755,62213200
2021-10-19,424.7767639160156,424.842724595289,422.54275941839205,423.1554774596146,46996800
2021-10-20,426.44512939453125,426.7467707456928,425.1254844408274,425.2385927559874,49571600
2021-10-21,427.5574035644531,427.78362019691554,425.4082592577517,425.84185072533893,41305400
2021-10-22,427.11444091796875,428.5755002648435,425.1632358718283,427.123876201105,58845100
2021-10-25,429.405029296875,429.7349478242848,426.4264135641018,428.2079275863371,45214500
2021-10-26,429.79144287109375,432.17623944578014,429.4144055056858,430.9602960997976,56075100
2021-10-27,427.8873596191406,430.92255769132396,427.81193489095295,430.25331425071147,72438000
2021-10-28,432.0160217285156,432.0914176968122,429.31074189544364,429.3201484126634,51437900
2021-10-29,432.89263916015625,433.1848452815996,429.41441402054215,429.7066201419855,70162400
2021-11-01,433.6372375488281,434.2593620586386,431.9028429000094,433.88229598037555,48433600
2021-11-02,435.390625,435.7017017458463,433.6750715536543,433.80705048004074,48908400
2021-11-03,438.0487060546875,438.4540205123054,434.38194783725373,434.824974662078,52509800
2021-11-04,440.11297607421875,440.19780731748654,438.30315658619134,438.6519168416605,52847100
2021-11-05,441.6400451660156,443.63836916180196,440.12246036838644,442.34700103807825,66390600
2021-11-08,442.0170593261719,443.24246669971006,441.3289740571507,442.7428857270056,50405200
2021-11-09,440.5559997558594,442.6203129591669,439.14208817913396,442.3846610297126,51149100
2021-11-10,437.0118713378906,440.5560862579335,435.52256350840406,438.85937477305515,69429700
2021-11-11,437.15325927734375,438.5860417082733,437.1344174749775,438.51061696658724,34848500
2021-11-12,440.4523010253906,441.00843613085505,437.47365716434865,438.4257001711479,53466700
2021-11-15,440.6031188964844,441.9039221504196,439.47200689409635,441.74369494731434,46980500
2021-11-16,442.3469543457031,443.4875016443956,440.26379931709175,440.339195278399,48857500
2021-11-17,441.2724304199219,442.26215710599143,440.6503058184097,442.08305932224823,47858300
2021-11-18,442.771240234375,443.03516930825526,439.5757854940028,442.30934278050086,50625600
2021-11-19,441.9793701171875,443.9117045350223,441.61173927995986,442.65802009464244,57315600
2021-11-22,440.7351989746094,446.3625694959627,440.5278240783107,443.8646642219859,72762000
2021-11-23,441.319580078125,442.17735669005066,437.7942358564973,440.4052492954006,73206500
2021-11-24,442.4978332519531,442.6203768755419,438.4917498727346,439.3118141030796,61858800
2021-11-26,432.6286926269531,437.2757420644132,431.49755178793635,435.80527623335524,112669600
2021-11-29,437.9355773925781,439.78308057442894,435.23029768476994,437.43599642318605,86268800
2021-11-30,429.41436767578125,437.39825616004947,429.16928046510924,435.4847636522218,148559600
2021-12-01,424.64483642578125,438.00160231739363,424.4468968317913,435.14550168253277,131939200
2021-12-02,431.148681640625,432.7228488843893,424.4655976556912,424.86150547828737,127637800
2021-12-03,427.3972473144531,433.8823649056814,423.1555121550906,432.81724224030523,137331600
2021-12-06,432.45904541015625,434.3442610310532,427.52919620571214,429.9517051824305,98977500
2021-12-07,441.40435791015625,441.9699283158001,432.3270406361957,437.7564705046071,95484700
2021-12-08,442.5732421875,443.02570432644137,440.0376246848535,441.80032558687594,72238800
2021-12-09,439.58514404296875,442.6768964113346,439.38720446363953,441.28182654086095,61272600
2021-12-10,443.72314453125,443.87396521689504,439.73593232528253,442.29982644903924,77159800
2021-12-13,439.79254150390625,443.55353753495234,439.5097418956549,443.2047772409396,87724700
2021-12-14,436.76678466796875,439.0101960824684,433.83528789373645,436.5122908896429,97264100
2021-12-15,443.59124755859375,443.836306031787,434.29711945911913,436.8233302887185,116899300
2021-12-16,439.6794738769531,445.73100058799474,438.12414780283325,445.44822971966965,116568600
2021-12-17,434.9998779296875,439.6065000272107,433.28776640816784,436.5890153307945,135511600
2021-12-20,430.3744201660156,430.77169014947333,426.7420931242701,429.9014604647388,107134800
2021-12-21,438.0174560546875,438.159338198056,431.63249979857073,433.80810297600897,69806300
2021-12-22,442.3970642089844,442.5105699227821,437.5634008705162,437.7620647368325,58890200
2021-12-23,445.1496887207031,446.65369714760357,443.29569472408735,443.3997320049562,56439700
2021-12-27,451.4494323730469,451.496716788878,446.48335628986024,446.5306407056914,56808600
2021-12-28,451.08056640625,452.91565229770765,450.3143740241347,451.8846036460607,47274600
2021-12-29,451.65753173828125,452.67911182187964,450.1819000246589,451.1845721155263,54503000
2021-12-30,450.40899658203125,453.095404283241,449.9455053015741,452.083263571022,55329000
2021-12-31,449.2738342285156,451.07107517141947,448.9995384088033,449.9170813081463,65237400
2022-01-03,451.87518310546875,452.0076256878553,448.2239477980202,450.5414331852414,72668200
2022-01-04,451.7237854003906,454.02239141771696,449.86032307936296,453.3034834561525,71178700
2022-01-05,443.04974365234375,452.13057588020047,442.9551459366762,451.35491502576446,104538900
2022-01-06,442.633544921875,445.3577975269539,440.25927789073734,442.58626049675826,86858900
2022-01-07,440.8836364746094,443.82546126521584,439.5215100228774,442.6430618360855,85111600
2022-01-10,440.3349609375,440.55250393034436,431.9068153934691,437.6769296616079,119362000
2022-01-11,444.3456115722656,444.44020928004124,437.0620210810528,440.0700665321806,74303100
2022-01-12,445.5469665527344,447.6090928817036,443.5794668088616,446.08614756445814,67605400
2022-01-13,439.4079895019531,447.306423196045,438.3769406985268,446.65373642376653,91173100
2022-01-14,439.58770751953125,439.93769311285763,435.0283686395281,436.2486128671345,95890900
2022-01-18,431.8027648925781,435.08510657220825,430.6865868583265,434.8770031364011,109709100
2022-01-19,427.319091796875,434.7540044741665,427.04476708624003,433.3540622278281,109357600
2022-01-20,422.5895080566406,433.93107285742065,420.46118932552156,429.21094410901105,122379700
2022-01-21,414.2938232421875,423.8286788760082,414.2654468125429,421.4638801817185,202271200
2022-01-24,416.05316162109375,416.5639661506676,398.00503320354795,408.6655338392634,251783900
2022-01-25,410.9736022949219,415.93967913794035,404.0494653685355,409.6398524787366,167997300
2022-01-26,409.9425354003906,420.0260392062578,405.66696143338,416.885580014085,186391100
2022-01-27,407.9183044433594,417.7085767658078,406.2251293704537,414.55867762115867,149878300
2022-01-28,418.049072265625,418.0963566867088,404.6832271039297,409.2803813325248,164457400
2022-01-31,425.57861328125,425.9285988508346,416.0248212857858,417.37747913959595,152251400
2022-02-01,428.4542236328125,429.0974419265007,422.7692385378579,426.3069680203135,123155400
2022-02-02,432.6162414550781,433.3445889976843,428.548770732719,430.86628479936365,117361000
2022-02-03,422.4476318359375,428.4731341093042,421.60574966980835,426.5623872138765,118024400
2022-02-04,424.43402099609375,428.293359216209,419.82736954460256,422.21110476532647,118454400
2022-02-07,423.0718994140625,426.60016012871563,421.738149661157,425.2002179600923,84472900
2022-02-08,426.55291748046875,427.4799289301471,421.1422570922283,422.5706046938253,81012000
2022-02-09,432.7959899902344,433.1175991367621,430.40281495436784,430.60144995457046,92589900
2022-02-10,425.0205383300781,432.95678758172915,423.0151936953488,426.93128524545455,140103700
2022-02-11,416.6396484375,427.18664391321806,415.20186134997584,425.1056385655254,153214600
2022-02-14,415.27752685546875,417.7180150863629,411.7965503726483,416.1288774138365,123006300
2022-02-15,421.9745788574219,422.14483739255087,419.2124819742842,419.73275487673067,88482700
2022-02-16,422.4476318359375,423.82866614912444,418.03964373808554,419.92201420472077,84863600
2022-02-17,413.423583984375,422.41928787627376,412.8182105012126,419.2504517040746,102259100
2022-02-18,410.74658203125,414.9369979489971,408.46691286548753,413.6789090102442,132642900
2022-02-22,406.338623046875,411.9479184294001,402.8292411204385,408.5331630880986,124391800
2022-02-23,399.1307373046875,409.8290843455233,398.5631798415869,409.2615268824227,132578000
2022-02-24,405.1372985839844,405.57244232576124,388.43238610030824,388.7918112514867,213942900
2022-02-25,414.07623291015625,414.16136219529494,404.72107583636694,406.376434848572,121804500
2022-02-28,413.0167541503906,414.5018543995483,407.40745955382687,408.6655195382482,145615000
2022-03-01,406.7264709472656,413.52763436039083,404.0116577742562,411.51282123663765,137785900
2022-03-02,414.20867919921875,415.9396990802248,408.23046138487615,408.9871853932259,117726500
2022-03-03,412.1465148925781,417.2544736461627,410.3398054569245,416.6491002687027,105501700
2022-03-04,408.7980041503906,409.9330901221698,404.7400017983939,408.4007052966077,113978200
2022-03-07,396.7469482421875,408.92092572544067,396.6807269592001,408.2114862090071,137896600
2022-03-08,393.7388916015625,404.1061585985236,392.6699982200299,396.92663488599277,164772700
2022-03-09,404.29541015625,406.28184664972684,399.9536436179305,402.1481835320033,116990800
2022-03-10,402.46978759765625,403.3683936870223,397.7023458467199,399.6698454526476,93972700
2022-03-11,397.35235595703125,405.58183714067377,396.8415514153587,404.96699532473235,95636300
2022-03-14,394.4483642578125,401.5900437184911,393.3038099407346,398.12800434178155,95729200
2022-03-15,403.1224670410156,403.7562168476836,395.7915919884994,397.0685600329453,106219100
2022-03-16,412.06146240234375,412.11821526495754,401.82660612578036,406.64136195251285,144954800
2022-03-17,417.2166748046875,417.2166748046875,409.7628253475534,410.1411873324134,102676900
2022-03-18,421.7863464355469,422.1089546797308,414.85969463963477,415.5998027190798,106345500
2022-03-21,421.6630554199219,423.6271696352851,418.14277109962075,421.61559514188474,88349800
2022-03-22,426.59710693359375,427.5364671803006,423.0578558191134,423.0578558191134,74650400
2022-03-23,421.1031494140625,425.5532955455607,421.01775567281896,424.0541127156518,79426100
2022-03-24,427.4510192871094,427.4605171330371,422.01408163043,423.1337270897033,64736900
2022-03-25,429.53851318359375,429.8136901005225,425.4963689988191,428.08676165984116,77101300
2022-03-28,432.5938720703125,432.5938720703125,427.04304675034354,428.94076282849704,68529800
2022-03-29,437.94537353515625,438.43879819961757,433.7988689428911,436.49362203558076,86581500
2022-03-30,435.2411804199219,437.6133254430153,433.1252166348571,436.79729249751,79666900
2022-03-31,428.542236328125,435.29810058107427,428.0867740686455,434.4725987632066,121699900
2022-04-01,429.7568054199219,430.26916792356127,426.1701231101965,430.12684500588364,89048800
2022-04-04,433.4383544921875,433.5427439373771,429.13055970631194,429.9560615935425,59601000
2022-04-05,427.9634704589844,434.4156939980702,426.81536025846015,431.93918824030493,74214500
2022-04-06,423.6841125488281,425.97086406711,420.7901068981446,424.0352143730315,106898000
2022-04-07,425.8189697265625,427.6407897227167,420.846963358929,422.8016084098771,78097200
2022-04-08,424.68035888671875,427.5838618920814,423.1337157978344,425.0598962746841,79272700
2022-04-11,417.4216003417969,422.2417859664236,416.91870678869503,421.39728849520446,89770500
2022-04-12,415.8749694824219,422.95344185969435,414.3188285059621,420.4199783284058,84363600
2022-04-13,420.63824462890625,421.3973194587367,415.44799012468565,415.62827546421886,74070400
2022-04-14,415.40057373046875,421.9856509126384,415.2961842874288,420.865976406667,97869500
2022-04-18,415.5713806152344,417.2603468643932,413.33206045568215,414.4707017512987,66002500
2022-04-19,422.2797546386719,423.00086699763705,415.29614499530715,415.4669324784689,77821000
2022-04-20,421.96661376953125,424.6803625829539,420.79953701530115,424.0636107025364,65224400
2022-04-21,415.65673828125,426.9956031035997,414.745842697952,425.6007806681519,85417300
2022-04-22,404.25146484375,415.6756941570096,403.68214426024474,414.5655465281797,132471800
2022-04-25,406.59515380859375,406.7659413001945,397.4196841407292,402.00268452995533,119647700
2022-04-26,394.81988525390625,404.2515376590332,394.79142066744623,404.0522565969601,103996300
2022-04-27,395.92999267578125,401.2910638857322,393.78559314865083,395.9015280922262,122030000
2022-04-28,405.93096923828125,407.6673957249043,396.24313643650856,400.69328310824267,105449100
2022-04-29,390.9294738769531,404.0901289590842,390.1798679914565,401.92673399978656,145491100
2022-05-02,393.28265380859375,394.64901157407303,384.3064367465445,390.9959026727131,158312500
2022-05-03,395.08544921875,397.5050252331432,392.21987988506135,393.78551855456294,100028200
2022-05-04,407.1169738769531,407.68629441618054,392.5519991195414,395.7496456535838,144247900
2022-05-05,392.64691162109375,403.26463455087514,388.5004069530426,402.83763688449426,172929100
2022-05-06,390.3032531738281,393.5862938041911,384.9801735986201,390.07553651597715,151770800
2022-05-09,377.8067626953125,385.62534252328646,376.2221572616727,384.3823409911259,155586100
2022-05-10,378.6796875,385.3121948088029,374.62807478065565,383.8035142558361,132497200
2022-05-11,372.66400146484375,383.3766170241636,371.91439549274446,377.7119332720128,142361000
2022-05-12,372.2749328613281,375.5579733330181,365.4526417334001,369.4568235292296,125090800
2022-05-13,381.17535400390625,382.560679001519,375.3778147855151,376.4215646974934,104174400
2022-05-16,379.6286315917969,383.31020563192266,377.265984202447,379.5242711006799,78622400
2022-05-17,387.4377136230469,387.6749281280144,381.99124889833473,385.73924965956155,83029700
2022-05-18,371.8194885253906,383.1488555613553,370.57648684005943,382.86420973908423,117674500
2022-05-19,369.5422058105469,373.98288298423296,367.3123838565206,368.74516861446125,98510700
2022-05-20,369.70355224609375,376.72509575107233,361.07843638256344,373.1384136201305,131432200
2022-05-23,376.6206970214844,377.3892696174309,370.41515813861474,372.73984266032306,76414900
2022-05-24,373.7456970214844,374.9412384284281,367.1700889774752,372.4836996470706,91448800
2022-05-25,377.0477294921875,379.0213705085386,371.8480057616769,372.24650993825225,91472900
2022-05-26,384.5816345214844,386.2231692896121,378.072482526249,378.2812324449887,82168300
2022-05-27,394.02276611328125,394.1366244354948,386.84940224535666,387.0486543092304,84768700
2022-05-31,391.8118896484375,395.1613569109401,389.0602075020582,392.4001769192746,95937000
2022-06-01,388.64276123046875,394.95266140674994,386.11879536858646,393.9374053108898,86585800
2022-06-02,396.0438232421875,396.0912545557024,386.22313792639505,388.4814244211452,79609600
2022-06-03,389.5442199707031,392.8652233845477,388.56689726718866,391.3090821713431,71874300
2022-06-06,390.730224609375,395.3036979360481,389.5536210568921,393.56730062291246,57508900
2022-06-07,394.47821044921875,394.9336727076749,386.7639903779014,387.22895048242367,59272400
2022-06-08,390.1894226074219,394.5541755868327,389.39238529138436,392.76081990811025,64350000
2022-06-09,380.9095764160156,390.68280270998093,380.9095764160156,388.4055491902739,86289800
2022-06-10,369.86480712890625,375.53898793791575,369.81737581545275,374.6850215978316,132893900
2022-06-13,355.82177734375,362.28349850376446,354.2087070370515,360.42374478876593,170004900
2022-06-14,354.7495422363281,358.6114013157457,351.6372890983715,357.5771495518812,104011800
2022-06-15,359.8070068359375,364.2666225780978,353.0890752023986,358.0610824317935,125666800
2022-06-16,347.8988037109375,351.9694129173552,345.4602315344534,351.56141089908436,134473300
2022-06-17,348.64874267578125,352.0031690489885,345.13235902285084,348.3152310787503,111113900
2022-06-21,357.4254455566406,358.81675407545026,354.31879767692817,354.3950504922188,76811900
2022-06-22,356.7774963378906,360.90378632423085,352.76552742803,353.1848307301624,90059400
2022-06-23,360.2748718261719,361.0086381463317,355.3481010957897,358.92168935710464,79292100
2022-06-24,371.7293395996094,371.7388784729005,363.4290948216974,363.45768235964005,98050300
2022-06-27,370.3094787597656,372.9491586215477,369.21358425811263,372.65374434063085,66009600
2022-06-28,362.74298095703125,374.6644792020002,362.6286308001763,371.87232290504204,86548900
2022-06-29,362.4475402832031,364.28673969645666,360.6178797429698,363.29568568796776,65676000
2022-06-30,359.5029296875,362.75251565641565,355.03356025628176,358.54043407516025,112508300
2022-07-01,363.3052978515625,363.7436789870027,356.21529582598873,358.84546631087716,74839700
2022-07-05,363.9914245605469,364.0105023117819,355.357637013048,358.197459162974,81438000
2022-07-06,365.22064208984375,367.7173839005978,361.7423560768026,364.1342575317376,70426200
2022-07-07,370.6906433105469,371.49112350460933,365.2397294426553,367.0027052771426,64525900
2022-07-08,370.3856506347656,372.26297628036,367.5172419926224,369.05148814321154,72397800
2022-07-11,366.15460205078125,368.6703928823558,365.4589331166824,367.6983874150096,58366900
2022-07-12,362.91455078125,367.993827167092,361.16111363619996,365.6018961252451,62219200
2022-07-13,361.0085754394531,363.95323724739484,357.03476226900284,357.454065545386,84224600
2022-07-14,360.1319580078125,361.2183137887282,353.58514853179514,356.0342257471146,89704800
2022-07-15,367.0122375488281,367.1265877056468,362.63816955892236,364.5535928494989,79060400
2022-07-18,363.98187255859375,370.7859691967166,362.7525501059406,370.1093779909023,63203600
2022-07-19,373.8163757324219,374.388155662866,367.26005698672697,367.91757046251206,78506000
2022-07-20,376.19873046875,377.6186558198573,372.6346814850552,374.00694154890255,71843800
2022-07-21,380.02960205078125,380.0772382519454,373.20642874129487,375.6174079751862,64903900
2022-07-22,376.50372314453125,381.35427008262405,374.2738075771249,380.15356421213477,72197300
2022-07-25,376.9610900878906,377.81874530443775,374.71209714559507,377.1326153148139,53631500
2022-07-26,372.5012512207031,375.5221076154194,371.605469613467,375.31245598219533,52946400
2022-07-27,382.1737976074219,383.9272346038622,375.51260989744463,375.8080241745554,82342100
2022-07-28,386.9671936035156,387.66283348896036,379.41976258385523,382.9838409651642,73966600
2022-07-29,392.6086120605469,393.5996951475913,387.63417704320887,388.40606962504324,87003700
2022-08-01,391.4460754394531,393.9618954868596,389.1875723544022,389.9022899930606,69997500
2022-08-02,388.86358642578125,393.5711957915866,387.6819291877356,389.8737184031951,63435400
2022-08-03,394.9529724121094,396.12509070824535,390.71230285807104,390.9981782761689,67820600
2022-08-04,394.6861267089844,395.562830670343,393.0375009919587,394.87670061792033,45656600
2022-08-05,394.01904296875,394.6670466027406,390.3311048647374,390.38827994526997,56814900
2022-08-08,393.56158447265625,397.97377871678725,392.4561511932812,395.71527595505336,53886100
2022-08-09,391.9988098144531,393.3329436008308,390.92196391054046,392.82787762877587,44931800
2022-08-10,400.2322998046875,400.3752665840471,397.11614167304344,399.07923026953097,68665700
2022-08-11,400.2322998046875,404.95898626712,399.48899469613326,403.09117008096246,59489700
2022-08-12,407.00787353515625,407.1126848285764,401.2234185174377,402.1763753606097,61694500
2022-08-15,408.6850280761719,409.2091717509519,404.73026328105976,404.78743836093645,54048300
2022-08-16,409.48553466796875,411.42003574290754,406.79818960368954,407.608208672531,59289000
2022-08-17,406.5790100097656,409.29494268682157,404.56828513540523,405.87383128900353,63563400
2022-08-18,407.76068115234375,408.4467820994696,405.483100541327,406.7791077729189,49023200
2022-08-19,402.2811584472656,405.2543787214376,401.4044254803512,404.98755200662555,68016900
2022-08-22,393.9046630859375,397.6021397850265,392.99934257592776,397.4305854744403,77695600
2022-08-23,392.9517517089844,395.87733613472665,392.39902046586167,393.4758663287654,49105200
2022-08-24,394.2096252441406,395.58185618674804,392.03688505227575,392.7229859826137,49177800
2022-08-25,399.77496337890625,399.8225995917219,394.6099241208532,395.70581875304526,50942300
2022-08-26,386.242919921875,400.2037312847819,386.1857448401869,399.6605680087445,103087000
2022-08-29,383.6889343261719,386.74791697937354,382.32621331876845,383.2791699530805,65370800
2022-08-30,379.4768981933594,385.0898273941945,377.37087192480084,384.8515882073733,85652400
2022-08-31,376.58941650390625,382.364331699267,376.45601769036006,381.11596076613347,76029700
2022-09-01,377.7711486816406,378.11419917142905,371.69127962474215,374.40721232996884,78740100
2022-09-02,373.78778076171875,382.66934546989927,371.96762971164344,381.4495618807624,99632100
2022-09-06,372.3774108886719,375.57933179810465,370.1474954520454,374.6359138662064,76637400
2022-09-07,379.0671691894531,379.83906190032036,371.8437691661729,372.06293062608904,70964200
2022-09-08,381.5448913574219,382.0022920606775,375.5793718090097,376.78964569422635,80821700
2022-09-09,387.4721984863281,388.33939256969063,383.5269438047842,383.79377051643957,76706900
2022-09-12,391.6366882324219,392.3609447639195,389.2447571690339,389.5497103488156,69256300
2022-09-13,374.6072692871094,384.13683589791384,373.48278740669747,382.92656232590684,122947100
2022-09-14,376.0367431640625,377.56147979584756,372.7204431710749,375.9128541322022,85023700
2022-09-15,371.7674560546875,377.3327195866275,370.4904975908934,374.4738495411969,87633800
2022-09-16,368.93133544921875,369.59157905276464,365.63011743148934,367.57259441105026,103084800
2022-09-19,371.7923889160156,371.7923889160156,365.6971224730672,365.7736885415829,73278500
2022-09-20,367.5247802734375,369.46722829975914,364.75943675286993,368.45294682008785,77274900
2022-09-21,361.1136779785156,372.5195676498082,361.1040999209618,369.45756777486804,106746600
2022-09-22,358.0804443359375,361.9844671030688,357.33408575392417,360.3386469989625,89472600
2022-09-23,352.0808410644531,354.6356713333718,347.62181686473184,354.5973883012247,122346900
2022-09-26,348.5978088378906,354.24334411898207,347.37301464402196,350.6072445688274,92581200
2022-09-27,347.7079772949219,354.4252048467339,345.3062204374486,352.1478459589722,108294100
2022-09-28,354.5495300292969,356.24318175796077,346.96154744867806,348.6647772350154,110802200
2022-09-29,347.1434326171875,351.277095458396,344.186703076007,350.9900456782433,112952300
2022-09-30,341.7752990722656,350.1287964039732,341.64135226905466,346.19604000195835,153711200
2022-10-03,350.7985534667969,352.6548860200817,343.7177120869297,345.50705664466255,89756500
2022-10-04,361.668701171875,361.69740614716403,350.76037254104983,356.3389202158151,103602800
2022-10-05,360.82666015625,363.0944408744506,354.95148449827474,357.28625322790396,88065700
2022-10-06,357.1043701171875,362.3862890220764,356.6067783672369,359.4199822408717,82333500
2022-10-07,347.1434326171875,357.1905837421588,345.37321443584074,353.05689169954843,107789500
2022-10-10,344.4927978515625,348.502090968868,342.24417363850046,348.26287314182775,76042800
2022-10-11,342.3111267089844,347.3729840208437,340.3686791539774,342.78956235505893,92482800
2022-10-12,341.18206787109375,344.3014780144964,340.93327195985853,342.7226460270839,76991800
2022-10-13,350.1862487792969,351.65983900154305,333.09650934849225,334.1490737929538,147254500
2022-10-14,342.20587158203125,354.2911602043447,341.5647549925979,352.6548893333673,123737000
2022-10-17,350.9996032714844,352.1095776923561,341.8710411766843,348.31079674902963,93168200
2022-10-18,355.1236877441406,359.2573792050148,351.6693668016211,358.9511733483431,97162900
2022-10-19,352.6070556640625,355.8125801921962,349.7842737956925,353.07591323216866,79746900
2022-10-20,349.6503601074219,356.59725538531217,348.88484551402854,352.1573583478187,88283100
2022-10-21,358.14739990234375,358.6353844531529,347.8610324838875,349.3728764279388,131038400
2022-10-24,362.5298767089844,363.6685560552677,357.0182878867323,359.67841851526555,85436900
2022-10-25,368.3189697265625,368.63472445502714,362.33852319095206,362.4533430922119,78846300
2022-10-26,365.5440368652344,370.8642400246991,364.90294931837184,365.1612941087104,104087300
2022-10-27,363.59197998046875,368.39546356431134,362.9699902522956,366.5487088981551,81971800
2022-10-28,372.2420959472656,372.7205316401089,363.30492070912123,363.4867286085135,100302000
2022-10-31,369.5532531738281,371.6488036375308,368.64424296808414,369.77334408329176,96631300
2022-11-01,367.9361877441406,373.55304750624583,366.759254586953,373.313829651351,85407600
2022-11-02,358.7023620605469,371.868921318945,358.59712022761437,367.3429092735215,126990400
2022-11-03,355.0088806152344,358.0613028304703,352.88462486045256,355.44903329915525,87100100
2022-11-04,360.1184997558594,362.5298047865152,354.0423614953232,360.74046022631575,103505200
2022-11-07,363.5633239746094,364.1565796093266,359.3339392603805,361.41991204096684,68286900
2022-11-08,365.52490234375,368.51033666449064,361.4294936112006,364.6732727169054,84641100
2022-11-09,357.9942932128906,364.70197091504775,357.4967014075901,363.5441355230192,78495500
2022-11-10,377.6676025390625,378.00251339358414,369.00792742280294,371.31396196649206,141455800
2022-11-11,381.3227844238281,382.1265527975728,376.63409177489325,378.52870742818754,93839900
2022-11-14,378.0790100097656,382.9207767926326,377.8015091368323,379.55260009193285,71903500
2022-11-15,381.30364990234375,384.9589054196068,377.47616455268087,383.8489311640371,93194500
2022-11-16,378.3947448730469,380.62424202149685,377.7632063482525,379.66737077812223,68508500
2022-11-17,377.2370300292969,377.91642985390916,373.3138800406004,373.62005674313025,74496300
2022-11-18,378.9497985839844,380.65302859427004,376.0887622973976,380.58604058453875,92922500
2022-11-21,377.5718688964844,378.74883118944996,375.7251141679959,377.6197299856339,51243200
2022-11-22,382.65283203125,382.81551300299,378.107693296842,379.5238733518545,60429000
2022-11-23,385.0642395019531,385.5522241069887,382.08835397059227,382.31799378472664,68261600
2022-11-25,384.97802734375,385.5330290650388,384.22212002199467,384.49959168124366,30545400
2022-11-28,378.8349304199219,383.52359408000194,378.0694158378015,381.8777742301874,67881600
2022-11-29,378.184326171875,380.1650279456527,376.3375420193883,378.96893859369504,52310000
2022-11-30,390.09735107421875,390.09735107421875,376.5097938188314,378.43308560274,144566700
2022-12-01,389.8102722167969,392.3172705907876,387.29369578444215,391.14030826651214,76398200
2022-12-02,389.36053466796875,390.2695449532932,384.7962687221607,384.90151055673,85342700
2022-12-05,382.356201171875,387.46589043521953,380.99746027187206,386.52817524543025,77289800
2022-12-06,376.8446350097656,382.7389660938728,374.74911359581864,382.1935716115177,77972200
2022-12-07,376.20361328125,378.57666518211346,375.0649338273367,375.99310037712985,65927900
2022-12-08,379.1506652832031,380.22235644073726,376.30875642373786,378.09813024009253,60737900
2022-12-09,376.3183288574219,380.4711466315057,376.1939309211038,377.906738656957,81447700
2022-12-12,381.7438659667969,381.7438659667969,376.442790105869,377.112582581271,75405800
2022-12-13,384.6336364746094,392.78617110928485,381.8587149760607,392.5278263178292,123782500
2022-12-14,382.1744689941406,388.01139094981875,379.21773958083656,384.28914682021235,108111300
2022-12-15,372.82586669921875,378.2034801380015,371.1609195466653,377.2944404849394,117705900
2022-12-16,368.42413330078125,371.60591903070724,366.28053050111725,370.2601535058197,119858000
2022-12-19,365.300048828125,368.95287477023777,363.62745650152823,368.6164260296432,79878100
2022-12-20,365.7999267578125,367.4244675561658,363.2141206035338,364.5406714883894,74427200
2022-12-21,371.2695007324219,372.40378672559586,367.8666134174116,368.40491962893446,78167400
2022-12-22,365.9729309082031,371.25026808589166,360.25339056526093,368.21266617846675,100120900
2022-12-23,368.0780944824219,368.22227840834165,363.3871151892416,364.9443602601523,59857300
2022-12-27,366.6265869140625,368.30880122283816,364.94437260528684,367.9627597889249,51638200
2022-12-28,362.07025146484375,368.5395785675082,361.83955714194127,366.5593447324518,70911500
2022-12-29,368.58758544921875,369.46234043156596,364.3964532994833,364.92516683940227,66970900
2022-12-30,367.61669921875,367.7608831535474,363.77163783487043,365.89605537101687,84022200
2023-01-03,366.069091796875,371.4617765380731,363.19488834099036,369.481572187265,74850700
2023-01-04,368.89520263671875,370.93308049903527,365.2808355085404,368.33765230201516,85934100
2023-01-05,364.68487548828125,367.04958018001776,364.08889562849737,366.9342330246392,76970500
2023-01-06,373.0478515625,374.1725449520528,364.71369723961243,367.7897288196835,104189600
2023-01-09,372.83636474609375,378.4501802079773,372.6537513181587,375.2491501630905,73978100
2023-01-10,375.4510192871094,375.51831490424064,371.3079678453285,372.2500184786919,65358100
2023-01-11,380.1996154785156,380.2765331252474,376.21999265701146,377.0370739744866,68881100
2023-01-12,381.5838928222656,383.05462766402485,377.21976916675254,381.3051469866937,90157700
2023-01-13,383.0641784667969,383.6409434482731,378.1040465628782,378.3731996428357,63903900
2023-01-17,382.3625183105469,384.7272522586673,381.68002810706065,383.0450378495243,62677300
2023-01-18,376.3257751464844,384.6215000897915,376.1239176301297,383.55450959642553,99632300
2023-01-19,373.5862121582031,375.9316728273004,372.2596611662881,374.2782951082531,86958900
2023-01-20,380.5457458496094,380.6995518316875,373.3362554518386,374.9896330898137,91806400
2023-01-23,385.1117858886719,387.0535315568682,380.3919689603618,381.3532344202499,84178800
2023-01-24,384.69842529296875,385.61160982281007,382.2375882127455,383.4295479228715,59524900
2023-01-25,384.84259033203125,385.17903907302156,378.315590364586,380.6130286416279,84800300
2023-01-26,389.0721740722656,389.2356020993196,384.5350001709371,387.51492880424684,72287400
2023-01-27,389.966064453125,392.35001274142974,387.8128397640022,388.0243192842186,68346200
2023-01-30,385.07330322265625,389.4374563543724,384.7753132953742,387.1976915435842,74202000
2023-01-31,390.7351379394531,390.78318947127025,385.2462918392246,385.5923626089722,86811800
2023-02-01,394.88775634765625,397.6466122805927,386.7650825168854,389.5142870743959,101459200
2023-02-02,400.63616943359375,402.106904238457,396.88724045408844,398.7905270630348,101654500
2023-02-03,396.37774658203125,400.818787510041,395.1665429342146,395.6471755772544,94736800
2023-02-06,393.9553527832031,395.35882127051354,392.2923825560251,393.91692329199503,60295300
2023-02-07,399.1077575683594,400.3573907721146,391.7829203949697,393.032553598725,90990700
2023-02-08,394.74365234375,398.47336699446805,394.05154004428175,397.12760122758357,76227500
2023-02-09,391.321533203125,398.51180904846075,390.0911146487058,398.35800306222177,78694900
2023-02-10,392.2347106933594,392.61921095554237,389.32207793747637,390.13912999380653,70769700
2023-02-13,396.839111328125,396.97370254113304,392.4269074500789,392.88832532048076,64913500
2023-02-14,396.656494140625,398.9731175037209,392.6864640915621,395.31069936532566,88389300
2023-02-15,397.9446716308594,398.0215599573254,393.60935517208264,394.4552734406725,61555700
2023-02-16,392.4654235839844,396.9160869350225,392.33086168681325,392.95567830940917,76431500
2023-02-17,391.48492431640625,391.72524064683955,388.3992415120903,390.33139419613065,89257800
2023-02-21,383.63134765625,388.50496954671286,383.3718165977976,387.4475718975758,82655900
2023-02-22,383.1026916503906,385.59236532715204,381.6415495785843,384.04471289617135,83742300
2023-02-23,385.14056396484375,386.6209207613312,380.901380412736,386.0056968797559,96242400
2023-02-24,381.0263671875,381.86266335503956,378.39250949469886,380.1035606580243,108194400
2023-02-27,382.3240661621094,385.7461683533758,381.3820155880344,384.381158691797,80444700
2023-02-28,380.9110412597656,383.81405224104327,380.8052868100692,381.8434698821235,96438600
2023-03-01,379.4498596191406,381.32433871048954,378.142552876725,380.0939202853675,99706800
2023-03-02,382.4009704589844,383.2468886693395,377.1332257261761,377.46967446922514,85127800
2023-03-03,388.5338439941406,388.7837823723887,383.5737112700418,384.22736466723944,90120000
2023-03-06,388.8029479980469,391.6675289386707,388.36077420704004,389.36046892275226,72795900
2023-03-07,382.8431091308594,388.99523033703184,382.22791461153497,388.75491401914974,108310600
2023-03-08,383.4679870605469,384.2273655669412,381.228222362903,382.95851759749536,74746600
2023-03-09,376.39306640625,385.9288317963225,375.4029642473178,384.2562101022739,111945300
2023-03-10,370.9618835449219,377.93105674639065,369.4334752872032,375.84509820468116,189253000
2023-03-13,370.4331970214844,375.2683898395796,365.9056454879313,367.0207168016272,157790000
2023-03-14,376.5564880371094,378.20986562096294,372.05774388118834,375.3741210898015,149752400
2023-03-15,374.201416015625,374.4032735477043,368.8471603783562,370.94274137008466,172996900
2023-03-16,380.76678466796875,381.11285543111916,371.3271816979503,371.83665113455567,143254200
2023-03-17,376.3146057128906,380.5699682371999,374.92509838056725,379.43135317104435,140553400
2023-03-20,379.93316650390625,380.34811057251835,376.39187462943624,377.0962577194371,93055800
2023-03-21,384.921875,385.40434206207703,381.7086278759935,383.31042205578353,91524200
2023-03-22,378.3602600097656,388.376279731483,378.3216838515816,384.7481478831017,111746600
2023-03-23,379.38311767578125,385.28850910550153,376.6619967001418,381.23577448444496,119351300
2023-03-24,381.8726501464844,381.9594906772583,375.745313041757,378.09975447868356,107682400
2023-03-27,382.5867004394531,384.9315126123636,381.6893188206897,384.15954768698845,74010400
2023-03-28,381.7279357910156,382.5867118272092,379.88490812660376,381.8919580974175,62871700
2023-03-29,387.27630615234375,387.5175396768628,384.69991915360174,385.9060867761969,77497900
2023-03-30,389.54388427734375,390.1710855147399,387.67190988130295,389.92019324080144,69840000
2023-03-31,395.0343322753906,395.3334594504177,390.36402594491756,390.47018399433404,112062600
2023-04-03,396.5396423339844,396.94489812673964,394.1176485509198,394.51327502786114,67391100
2023-04-04,394.3396301269531,397.4756659402077,392.95975198905785,397.1861680428209,66601500
2023-04-05,393.3071594238281,394.36859286211103,391.64747153327284,393.60628664996426,65200200
2023-04-06,394.84136962890625,395.12120875106916,391.45444166145506,392.50621625119436,63743300
2023-04-10,395.2466125488281,395.32382376153726,391.73426800425153,392.3518104686767,63681000
2023-04-11,395.3527526855469,396.76154805541603,394.58081727814005,395.873825281643,59297900
2023-04-12,393.7413024902344,397.7168552613543,393.1527068916333,397.4273573961428,86420400
2023-04-13,398.9713134765625,399.32833439089336,393.6834638753183,394.83173783881375,85814800
2023-04-14,397.9967041015625,400.5344854544586,395.6808681891024,398.33443692050383,78161500
2023-04-17,399.4248046875,399.4440927674988,396.6747367439795,397.90985115526007,66436400
2023-04-18,399.6853332519531,401.14239312215904,398.30548459798973,401.0072882174601,63560000
2023-04-19,399.6177673339844,400.52477817155267,397.7071874777372,397.7650811599767,55227300
2023-04-20,397.4370422363281,399.19322927918245,395.8834830992031,396.79052346430586,75840400
2023-04-21,397.74578857421875,398.2089380268862,395.7869738207864,397.7361298114724,73457400
2023-04-24,398.1607360839844,398.58530941572457,396.2019211683217,397.54316416601694,64332100
2023-04-25,391.8404235839844,396.7423052676906,391.78252989419235,396.18262700309856,97766700
2023-04-26,390.18072509765625,393.5387062510406,389.62107629581755,392.4579848078688,80447000
2023-04-27,397.94842529296875,398.2186056288377,392.47723668231237,392.72812893970786,92968400
2023-04-28,401.3450012207031,401.3546599841194,397.00279811610284,397.0606918017015,89433100
2023-05-01,400.9397277832031,402.9757243479049,400.7081236035476,400.90112217868585,62122300
2023-05-02,396.4334716796875,400.2739195102237,393.5193816694739,400.2256551428924,103998500
2023-05-03,393.71240234375,399.3572727392138,393.4711688178537,396.9352787160303,91531800
2023-05-04,390.92376708984375,392.9887108063429,389.58249452022886,392.66063673727115,94901900
2023-05-05,398.1607360839844,399.21251064978856,394.3106587025835,394.5711802912855,87891800
2023-05-08,398.2668151855469,398.7492821436909,396.85801991305124,398.48876058737375,50046800
2023-05-09,396.52032470703125,397.6396516896296,396.2887499683726,396.7133232875461,49220100
2023-05-10,398.3730163574219,400.0037572082906,394.5325683537426,399.3668972208996,96142900
2023-05-11,397.6782531738281,397.9677215941515,395.593992205154,397.5045721216341,70157100
2023-05-12,397.1571960449219,399.1353284857044,394.72557287711214,398.923041820046,70481500
2023-05-15,398.52740478515625,398.9326605786748,395.84488941598204,397.7650986721773,54289400
2023-05-16,395.86419677734375,398.34408437055214,395.8545380135922,397.417726473918,57705500
2023-05-17,400.6695556640625,401.2774393485742,396.24051213507045,397.8905410307854,87287000
2023-05-18,404.5292663574219,404.95383964691223,400.12916994583713,400.3510859057206,97177200
2023-05-19,403.9407043457031,405.9670718257059,402.715248651571,405.43636985479037,103793300
2023-05-22,404.104736328125,405.6486366872359,402.7152289496702,403.96000211108804,60745400
2023-05-23,399.5695495605469,404.0371990614997,399.1739230541448,402.45469303589124,86383500
2023-05-24,396.6746826171875,398.3440289039843,395.5071208163936,397.9580612245218,89213700
2023-05-25,400.10986328125,401.5669229937081,397.94842061968114,400.1967038045329,90961600
2023-05-26,405.2915954589844,406.015296007875,400.6888705691221,400.7660523374588,93830000
2023-05-30,405.44598388671875,407.76181972765335,404.05647649266785,407.23111777674455,72216000
2023-05-31,403.19769287109375,404.5196477889496,401.6248456806696,403.6126074392259,110811800
2023-06-01,407.0284729003906,408.0899062054044,402.17485598730195,403.4292584266687,88865000
2023-06-02,412.9145812988281,413.70580481996393,409.0837920383036,409.6144939735416,91426200
2023-06-05,412.12335205078125,414.5549753347994,411.41893957028475,413.2619671994321,65460200
2023-06-06,413.02069091796875,413.5513928288073,411.05221735044984,411.70839483792156,64022200
2023-06-07,411.592529296875,414.55488333672184,411.16795603948907,413.41626844075256,85373300
2023-06-08,414.0821533203125,414.53567350141725,410.888223972674,411.6601594331947,61952800
2023-06-09,414.8251037597656,416.84181220366423,413.83122295827593,414.88299744160406,85742800
2023-06-12,418.58837890625,418.6655901207844,415.08569304232174,415.80939357946767,76104300
2023-06-13,421.34808349609375,421.9945727847897,419.38926865621204,420.05507547125325,95899700
2023-06-14,421.849853515625,423.6639342094121,418.38574387055274,421.6858312205728,100612100
2023-06-15,427.079833984375,428.3342365219858,420.9332085446694,421.0296783956768,110303100
2023-06-16,425.6250915527344,429.64443703691825,425.15052699072436,429.0730147226843,114165800
2023-06-20,423.41680908203125,424.56934818487565,421.3345007183217,423.6783279306225,76160400
2023-06-21,421.2473449707031,423.23279563093934,420.65653344768134,422.42893845991415,76982300
2023-06-22,422.7679748535156,422.8744976898845,419.9495827719529,420.28857012220664,70637200
2023-06-23,419.5718078613281,421.3635726421897,418.85511377171673,419.3006239174076,92074500
2023-06-26,417.8575439453125,420.92773045025166,417.61541436670325,419.0003884627084,72823600
2023-06-27,422.4386901855469,423.05852660175333,418.2837379082009,418.7389427456429,72813700
2023-06-28,422.6517639160156,423.6686964256791,420.73408682017543,421.35392323417744,75636000
2023-06-29,424.31756591796875,424.48222704472147,421.8284961877175,422.23525734843753,67882300
2023-06-30,429.3248291015625,430.3127072151387,427.2231311982605,427.542758817571,104964000
2023-07-03,429.81878662109375,430.09963567460966,428.6953017365227,428.9761803468744,32793400
2023-07-05,429.1795959472656,429.9156794454101,427.9883075842431,427.9980022271676,58418400
2023-07-06,425.8187561035156,426.24490651683845,423.3006026311988,425.5863211714605,80658300
2023-07-07,424.7437744140625,428.70504107100464,424.50164479016735,424.8212724455387,86134200
2023-07-10,425.8187561035156,425.99308230255696,423.81391614404225,424.3853383898995,62443500
2023-07-11,428.53057861328125,429.0245323812659,425.60566412512924,426.5838770203675,64463800
2023-07-12,431.9785461425781,433.3926042220803,430.9035049555948,432.3369227617404,91924500
2023-07-13,435.40716552734375,436.2013577746271,433.3636057217178,433.7994213036379,72425200
2023-07-14,435.1359558105469,437.15046112494997,434.3708179806255,436.29818974063414,69815800
2023-07-17,436.64678955078125,437.70247095755104,434.9421878739544,434.99063152335657,52680200
2023-07-18,439.8913269042969,440.54021761031777,435.88164697449844,436.317492030114,80668200
2023-07-19,440.8695983886719,442.0608571337114,439.8138872965887,440.6855775235812,65891700
2023-07-20,437.9446105957031,440.7726971193373,437.2279164909502,439.87198216766114,70591600
2023-07-21,437.9446105957031,439.87198216766114,437.9349455110671,439.66857203779847,71275600
2023-07-24,439.90106201171875,440.7146139077843,438.0608534359134,439.09717520084894,54023400
2023-07-25,441.1020202636719,442.36108235466685,439.5814392896044,439.6298829434647,55191200
2023-07-26,441.1697692871094,442.6031574189834,439.10682063047216,440.1625020043204,71052900
2023-07-27,438.24481201171875,444.976025649333,437.3344024952314,444.5692349806941,92194400
2023-07-28,442.5354919433594,443.3684036772158,438.244932467781,441.52822441397353,80011800
2023-07-31,443.3780517578125,443.73639884087777,441.69280962360494,443.0100100324472,62040400
2023-08-01,442.1092529296875,442.8550013949116,441.1503996951611,441.9058428017626,55291500
2023-08-02,435.9591979980469,439.24246004875226,435.2037548181366,438.9809707176882,93933400
2023-08-03,434.70977783203125,436.598400459704,433.2860546583424,433.93497496555943,64276100
2023-08-04,432.7436828613281,438.6419560832141,432.2206746748888,436.53059316769526,100128900
2023-08-07,436.52093505859375,436.67590155483515,433.88656373616396,434.58389819083175,58357500
2023-08-08,434.6226501464844,436.511272928073,431.25219533329926,433.97372978638265,71361300
2023-08-09,431.7170715332031,435.05847179517355,430.95193373062347,434.89381066417457,78789600
2023-08-10,431.8720397949219,437.47976956144277,430.7001408163222,434.08026054677345,93005500
2023-08-11,431.6202087402344,432.6371707700478,429.39262829617013,429.9931049607352,68690900
2023-08-14,434.0027770996094,434.0027770996094,430.390222291899,430.70015528143995,47867400
2023-08-15,428.9471435546875,432.57908768331487,428.37569166843355,432.22071103488054,75707500
2023-08-16,425.7994079589844,430.19645984639186,425.6928555743393,428.5306071554129,80107200
2023-08-17,422.554931640625,427.5331012079108,422.03192339080096,427.2716118614178,95711300
2023-08-18,422.7582702636719,423.79459201752337,419.3781505964978,419.7268030238674,98852000
2023-08-21,425.50885009765625,426.2545985897725,421.6154169550539,423.77519396809026,68719000
2023-08-22,424.3562927246094,427.29090202930854,423.79456510834734,427.29090202930854,64994200
2023-08-23,429.0826721191406,429.70253803409815,425.27640219751186,425.4216740348195,68441000
2023-08-24,423.1359558105469,431.20369989250065,423.1068718882564,430.6903863981727,88517300
2023-08-25,426.1190185546875,427.40713495192443,421.30548118508113,424.8696216104319,102325100
2023-08-28,428.8211975097656,429.4410338891343,426.1190230158921,428.31754904739176,61595400
2023-08-29,435.01971435546875,435.30059295851436,428.53062945762133,428.71465031235795,83081900
2023-08-30,436.8114929199219,437.4507186105633,434.65168624806546,435.35871532032854,69053900
2023-08-31,436.1722412109375,438.5741477826128,435.9882203614193,437.43130323274573,66084600
2023-09-01,436.9858093261719,439.38774554402755,435.523337117232,438.9034863550366,58944100
2023-09-05,435.09716796875,436.85987843456763,435.0293941483985,436.5402803885754,55166200
2023-09-06,432.1722106933594,434.390125741224,429.8380781856645,434.2835733651589,70758500
2023-09-07,430.8454284667969,431.52337363207397,428.8115338572922,429.16018630397696,70355400
2023-09-08,431.4943542480469,433.0342951261066,430.53553038508346,430.8938775032884,61659700
2023-09-11,434.33209228515625,434.6419957128025,432.41441519511204,434.1286821383693,60180100
2023-09-12,431.94952392578125,434.4095690069945,431.36843651488084,432.8793228968955,67565400
2023-09-13,432.45318603515625,433.61539045037244,431.06818217735463,432.1723074064896,60199300
2023-09-14,436.1819152832031,436.87924968605284,433.6250421773107,434.9325478772583,83430800
2023-09-15,430.9266662597656,434.9213331435618,430.48931345860746,434.5908789178783,111848900
2023-09-18,431.17938232421875,432.48177122246517,430.13940510883424,430.6156436055034,55752200
2023-09-19,430.2851867675781,430.8489254828746,427.5929384264587,430.25602991410364,66514600
2023-09-20,426.3294677734375,431.9666773901904,426.125340122441,431.54875257145443,82562600
2023-09-21,419.2829284667969,423.7343763843457,419.1274153539834,423.471964690838,104095800
2023-09-22,418.34014892578125,421.91686152279107,417.9221944600517,420.31317519118926,100829700
2023-09-25,420.09930419921875,420.13816022735995,416.6878042505996,417.1251866864549,70874500
2023-09-26,413.9275207519531,417.75694552801576,413.091641554904,417.0474225773536,96168400
2023-09-27,414.0927734375,415.66733259102807,410.4383190788538,415.1035938461481,104705800
2023-09-28,416.4934387207031,418.1748963964089,412.94588306815257,413.53877864718345,92258300
2023-09-29,415.4826965332031,419.7300468383945,413.95675178753373,419.5551056940887,115111300
2023-10-02,415.3173828125,416.57118678559624,412.5473631951858,414.6467455474316,83798600
2023-10-03,409.7579345703125,415.37571578475433,408.3875031242602,413.13054906663035,103760600
2023-10-04,412.7418212890625,413.49020038088855,408.7568828162418,410.22451380445284,87453000
2023-10-05,412.5862731933594,413.4318516223271,409.34974374781166,412.45018810032917,70142700
2023-10-06,417.4848327636719,419.0302053529861,408.795734309722,410.12728008196234,113273300
2023-10-09,420.1576843261719,420.7311222733579,415.0258699966629,415.57985026561204,80374400
2023-10-10,422.344482421875,424.94926011159197,420.39088432404174,420.78938108166943,78607300
2023-10-11,424.07452392578125,424.32720675947064,421.02263495712657,423.4136154975306,62451700
2023-10-12,421.4891662597656,425.0658785035944,419.1273722776524,424.68683942970614,81154200
2023-10-13,419.3897705078125,424.2008585345048,417.81524123684835,422.99563948795424,95143100
2023-10-16,423.8023986816406,424.8715327429623,421.4017188780287,421.64470254373396,75433200
2023-10-17,423.782958984375,425.84348547229143,420.313174633327,420.66305688946227,75324700
2023-10-18,418.1360168457031,422.9665334664685,417.04745473303933,422.0043276099341,93559800
2023-10-19,414.46209716796875,420.6727739909263,413.78176069076767,418.85526089082725,121323000
2023-10-20,409.369140625,414.56899671901874,409.262212394168,414.0247157104838,123919900
2023-10-23,408.6596374511719,412.5376769009492,406.07428770501764,407.8334870607581,92035100
2023-10-24,411.7406921386719,412.89729677768196,408.931786683621,410.7881854768129,78564200
2023-10-25,405.831298828125,410.0786781386675,405.31617465313394,410.0495212857847,94223200
2023-10-26,400.9716491699219,405.6174958558433,400.0483290003127,404.7622182339897,115156800
2023-10-27,399.15411376953125,402.9641106372074,397.72536865178915,402.5656138725483,107367700
2023-10-30,403.9263000488281,404.98570521187486,400.6508851667013,401.9532739816695,86562700
2023-10-31,406.46307373046875,406.7837991071731,402.58503439104294,404.4997467967024,79665200
2023-11-01,410.7978820800781,411.6143035857107,406.9004148379302,407.43499666521507,98068100
2023-11-02,418.67059326171875,418.8261063702263,414.58845573140115,414.60788374705487,94938900
2023-11-03,422.49029541015625,424.04539685609643,420.8574522394109,420.9838084956757,100167800
2023-11-06,423.4622497558594,423.9093314316939,421.5086514345454,423.24842292635685,67831700
2023-11-07,424.6673889160156,425.30886932835017,422.3153237318798,423.4621994716184,64256100
2023-11-08,424.9784240722656,425.7948456157836,422.66521486841896,425.2699926017036,61746000
2023-11-09,421.66412353515625,426.1641856948334,421.2364699177512,426.12530000386255,83174400
2023-11-10,428.2441101074219,428.5551363127825,421.6543943944366,423.74407761206675,89462200
2023-11-13,427.8359375,428.943927633025,426.1156237608668,426.9028884941221,52236100
2023-11-14,436.13629150390625,437.4289516718833,433.5703695238838,433.7939251946129,97176900
2023-11-15,437.0596008300781,438.7119017300807,436.2042935247165,437.47752564394085,77327600
2023-11-16,437.59417724609375,437.9149026510406,435.54337957445466,436.612513692767,66665800
2023-11-17,438.1383972167969,438.7507207474031,436.6804953481496,437.6038154016392,83133200
2023-11-20,441.5110778808594,442.3566563462381,437.87602183807985,437.8857506768845,69936200
2023-11-21,440.548828125,441.38470738571004,439.2755960485925,440.4613575618605,49244600
2023-11-22,442.24969482421875,443.57154137515226,441.15143358240533,442.2108387941116,59394900
2023-11-24,442.52178955078125,442.7161883255682,441.9678093987068,442.2982635869737,29737400
2023-11-27,441.724853515625,442.70648730503876,441.3360559416218,441.8900657895949,50506000
2023-11-28,442.1622314453125,443.4646203412509,440.7723719885752,441.3360810451993,62115000
2023-11-29,441.8512268066406,445.45712595738206,441.4527596750205,444.3199492892873,63146000
2023-11-30,443.5909729003906,443.9408848017652,440.6168552136203,442.69680962338475,79752700
2023-12-01,446.2152099609375,446.7497621614447,442.385785013724,442.97865092115586,89183400
2023-12-04,443.8728942871094,446.23468866913964,441.588841636113,442.81348894283775,72430900
2023-12-05,443.78533935546875,444.7475451072162,442.10388183818117,442.4829505652876,69793500
2023-12-06,441.99700927734375,445.9624895836762,441.5596268220381,445.9333327307286,69124700
2023-12-07,445.3696594238281,446.0208390789402,443.48410368567227,444.0866984690036,66995400
2023-12-08,447.2843322753906,447.81888446185815,444.3782275382068,444.6212111977086,83194400
2023-12-11,449.02410888671875,449.1990796776143,446.5748440862102,446.78867090966605,65002200
2023-12-12,451.0749206542969,451.17212006092257,447.67314905005793,448.6742406500045,68327600
2023-12-13,457.2952575683594,457.54797007152996,451.0943096912645,451.45392076971996,93278000
2023-12-14,458.76287841796875,460.4346071833905,456.0803293229431,459.2391168995005,119026000
2023-12-15,458.007568359375,459.344542615275,456.1534111366882,458.16371199031266,141553700
2023-12-18,460.5838623046875,461.56950587867277,458.5540548031128,459.61775529658735,70375300
2023-12-19,463.3846130371094,463.4626997368389,461.0522866109777,461.1303435293572,55761800
2023-12-20,456.9633483886719,464.4190197192671,456.5339609015259,462.52581937540066,102921000
2023-12-21,461.2962646484375,461.5695085402511,457.5293705169891,459.9592904756651,86667500
2023-12-22,462.22332763671875,463.9116026187795,460.3203886798005,462.4282531099421,67160400
2023-12-26,464.175048828125,465.0826056476979,462.5550923668575,462.6331790630877,55387000
2023-12-27,465.01434326171875,465.16071859872636,463.4334300593357,463.9701495554804,68000300
2023-12-28,465.19000244140625,466.0292409103148,464.770383206952,465.37542113223043,77158100
2023-12-29,463.84332275390625,465.521829592495,461.88180371739503,464.9948485504832,122283100
2024-01-02,461.2474670410156,462.2428789339532,459.1395727623468,460.76929766113875,123623700
2024-01-03,457.4805908203125,459.82268558708614,456.8755528985423,459.08101082809003,103585900
2024-01-04,456.0069885253906,459.59820232067887,455.78252649517907,457.0023705654277,84232200
2024-01-05,456.631591796875,459.0907868763805,455.17751732207205,456.21194277640495,86118900
2024-01-08,463.1504211425781,463.29679648061466,457.00238891288757,457.1292574663028,74879100
2024-01-09,462.44781494140625,463.4724721448551,459.97885150079935,460.4862959607646,65931400
2024-01-10,465.0631408691406,465.9316842003945,462.4380338715852,462.7210460536215,67310600
2024-01-11,464.8581848144531,466.5854732987493,460.866858585486,466.0682606035861,77940700
2024-01-12,465.18023681640625,467.0539305202065,463.7652354820875,466.31225575267183,58026400
2024-01-16,463.4724426269531,465.1119059605971,461.64756060638337,463.79449814902443,85014900
2024-01-17,460.89617919921875,461.3841168761338,458.53454773915473,460.43751659166446,68843900
2024-01-18,464.9948425292969,465.5510986341424,461.0230524327812,462.57469068733496,91856200
2024-01-19,470.7914733886719,471.07448554013826,465.04358385174015,466.1267910466401,110834500
2024-01-22,471.78692626953125,473.51421483133913,471.1330767139442,472.33341405568575,75844900
2024-01-23,473.16290283203125,473.4068716669151,471.2404570032446,472.3334326185078,49945300
2024-01-24,473.68011474609375,476.978548164265,473.1824088250565,476.0417162376214,81765000
2024-01-25,476.2564392089844,476.5296831119091,473.680143807316,475.8172833950849,72525000
2024-01-26,475.6513977050781,477.32013617897184,474.80239093382255,475.8270481167824,76641600
2024-01-29,479.4182434082031,479.564648526909,475.4171785408518,475.9636663212125,61322800
2024-01-30,479.0474853515625,479.75985532747427,478.28627395589757,478.7254297947268,58618400
2024-01-31,471.2306823730469,477.2810915278646,471.21114580645406,476.8321972165028,126011100
2024-02-01,477.398193359375,477.427468426182,472.12844308332853,472.93843623390336,91891600
2024-02-02,482.4239807128906,484.08295092354996,477.49579237271115,477.8373546982843,99228200
2024-02-05,480.6673583984375,482.45322684265506,478.4033503772612,481.7896387981956,75757100
2024-02-06,482.0628967285156,482.3946907604105,480.17943474492984,481.6139726429951,55918600
2024-02-07,486.08349609375,486.5031153279947,483.40957750278733,484.3171641716027,70556500
2024-02-08,486.29815673828125,486.6787325955751,485.263731366402,486.08346299422993,52343600
2024-02-09,489.10870361328125,489.5478296216965,486.46406015452993,486.805622459753,63979400
2024-02-12,488.8940124511719,491.3532074553824,488.171844486811,489.0794311383801,56502300
2024-02-13,482.16046142578125,485.097855647228,478.8815346699486,482.59961722906473,113099200
2024-02-14,486.5421447753906,487.0300824146668,482.4727317600331,484.8050879708214,68387800
2024-02-15,489.8992004394531,490.08461914090475,486.76661908209815,487.2448182612194,61683000
2024-02-16,487.4595031738281,490.7384300384019,486.7178283814998,489.5966725621618,75532900
2024-02-20,484.77581787109375,486.3860061409344,482.5215483370468,485.7126498093255,71736700
2024-02-21,485.2149658203125,485.3711094473026,481.6530268123209,483.46817041739837,59293400
2024-02-22,495.2566833496094,496.2227903053238,490.8847515615135,491.8508882985767,76402500
2024-02-23,495.5982666015625,497.8232610473495,494.8663601420095,496.98399282076,61321800
2024-02-26,493.7831726074219,496.4765981786797,493.6563040433622,496.03744234637355,50386700
2024-02-27,494.7004699707031,494.9249320161117,492.5730689156793,494.47603770664597,48854500
2024-02-28,494.0466613769531,494.6321627585008,492.778005560445,493.1390746728501,56506600
2024-02-29,495.8227233886719,497.4426800063986,493.1586028041446,495.81298488671405,83924800
2024-03-01,500.4776306152344,500.90701813560685,496.2911469636296,496.70102769902195,76844800
2024-03-04,499.94091796875,501.79510491460894,499.64816728327304,499.6774721331723,49799300
2024-03-05,494.9444274902344,498.3795276061861,492.7292012805933,497.9306035256283,72855600
2024-03-06,497.4524230957031,499.7164608888025,496.1545220794044,498.23311140577533,68382400
2024-03-07,502.3903503417969,503.444312321391,497.5109739434722,500.76065530231244,58652100
2024-03-08,499.3748779296875,505.71803719469176,498.7991151130881,503.02467157075245,86532500
2024-03-11,498.94549560546875,499.53102671053773,496.2325636072866,498.1648073196095,62557200
2024-03-12,504.31280517578125,504.8983064599404,498.53558121283794,501.0631241419624,73114400
2024-03-13,503.5223693847656,504.8105319780075,502.078092945087,504.6348815647523,55104100
2024-03-14,502.5269775390625,504.654378460411,499.4724832072711,504.4982050635474,110171800
2024-03-15,499.0763244628906,500.906906313764,497.4024012478183,499.44831403821377,107646300
2024-03-18,502.0424499511719,504.6071826366265,501.63132556015915,503.15841876026013,88893300
2024-03-19,504.8323059082031,505.1161675164121,500.33909510581594,501.3473983051708,60755300
2024-03-20,509.5016784667969,509.63873983527566,504.21561462485215,504.89106308633967,69594600
2024-03-21,511.1853942871094,513.0550809055346,510.901472936943,512.350296341864,60256100
2024-03-22,510.21630859375,511.5867430006875,509.9813206475284,511.0972893379752,79070800
2024-03-25,508.8066711425781,509.9617745975222,508.65001251438474,508.83600729301406,48512100
2024-03-26,507.866943359375,510.5785359636074,507.465617616324,510.23588252659715,65463700
2024-03-27,512.1348876953125,512.1740822237578,508.5325161960011,510.7057213532242,82999800
2024-03-28,512.037109375,513.5446052867917,511.75324773349064,512.1741707527357,96294900
2024-04-01,511.14630126953125,513.319506934626,509.9813989834302,512.7811197724956,62477500
2024-04-02,507.8963317871094,508.0333334121318,505.5860649599207,507.3089515099197,74230300
2024-04-03,508.45428466796875,509.9618403568663,506.7509952902305,506.79992871244065,59155800
2024-04-04,502.2480163574219,512.8202041062084,501.944557459695,512.4776104224978,96858100
2024-04-05,507.49493408203125,509.4625474298725,503.1681802920817,503.6087005524252,74546500
2024-04-08,507.7787780761719,509.20800427742034,506.9663280162004,508.19976080323164,48401800
2024-04-09,508.3661193847656,509.7659495801806,503.50091929161425,509.5212227680921,68049200
2024-04-10,503.2758483886719,505.2727978988181,501.288697511792,502.6493333372583,82652800
2024-04-11,507.07403564453125,508.52279948423035,501.2789205379683,504.80296329585076,70099000
2024-04-12,500.0748596191406,504.94003067337457,498.3421743729088,503.5206029701081,92561100
2024-04-15,493.8098449707031,504.43096625601453,492.95817044710765,504.26456872904316,92101400
2024-04-16,492.9092102050781,495.81656619092587,491.6170453505055,494.28947313511503,73484000
2024-04-17,489.9920349121094,495.5424524232245,488.5922046489923,495.3760250384487,75910300
2024-04-18,488.98382568359375,493.49660444266914,488.04408292123793,491.3919594558385,74548100
2024-04-19,484.7157897949219,489.90398704424035,483.44319225577453,488.9055122549044,102212600
2024-04-22,489.17962646484375,491.78352383666635,484.9801051881098,487.329477066226,67961000
2024-04-23,494.9844665527344,495.41518815140995,488.9935587015488,491.196100110007,64633600
2024-04-24,494.74957275390625,496.66822281618226,492.5176651664761,495.87531024392956,55928100
2024-04-25,492.8700256347656,493.6335721318235,486.99658185005006,488.6509375726553,69122400
2024-04-26,497.5394592285156,499.1252843555603,495.03345880263834,495.66974260530816,64306100
2024-04-29,499.3014831542969,499.976931619229,496.55075587636594,499.33084917999474,46415400
2024-04-30,491.3919372558594,498.8120420500729,491.3919372558594,497.83313467029427,77483600
2024-05-01,489.7962951660156,497.4709251521688,489.3264088866621,490.80456853459987,80242800
2024-05-02,494.3775939941406,495.2194698771777,489.0131707855575,493.516150718059,62550200
2024-05-03,500.50555419921875,501.73895716286734,497.83312634252997,500.37829146215523,72756700
2024-05-06,505.6741638183594,505.7132986021477,502.4731177477603,502.91363799336517,47264700
2024-05-07,506.2321472167969,507.63197751857143,505.5566987742017,506.6432715629709,52561300
2024-05-08,506.2810974121094,506.81948450790213,504.2743492835563,504.3918133863561,42047200
2024-05-09,509.1982421875,509.23743672181314,505.8112608442941,506.4671120686162,43643700
2024-05-10,509.8541564941406,511.6161778645498,508.63052224416674,510.8036679931926,52233200
2024-05-13,509.92266845703125,511.64555517924214,508.7773634362912,511.53788969604665,36716400
2024-05-14,512.2621459960938,512.7809955114608,509.5799497220426,510.11833675370696,57535900
2024-05-15,518.6055908203125,518.8992510906287,514.1025809336553,514.7388946424787,59504900
2024-05-16,517.5385131835938,520.3088376274046,517.3916531865508,518.7034152838155,50244800
2024-05-17,518.282470703125,518.3510013823711,516.1973934194888,517.6559557052394,59187600
2024-05-20,518.8795776367188,520.3479385204677,518.008335839566,518.3999226410019,37764200
2024-05-21,520.1522216796875,520.308880322423,517.9105452430766,518.1161373062547,33437000
2024-05-22,518.654541015625,520.1718355844711,516.4715368155097,519.4572522789621,48390000
2024-05-23,514.8662109375,521.82622893288,513.6523154476542,521.718563447193,57211200
2024-05-24,518.2727661132812,519.0852760314796,515.7667654147743,516.7162769685657,41291100
2024-05-28,518.6349487304688,519.3201958884637,515.991886691213,519.0852676623554,36269600
2024-05-29,515.0031127929688,516.187612149335,514.2885295747019,514.5919884514224,45190300
2024-05-30,511.5867004394531,514.1220964903868,510.33373023598597,513.4564467342078,46377600
2024-05-31,516.2463989257812,516.373661669616,507.42643355259685,512.5461599640777,90785800
2024-06-03,516.6672973632812,518.1454570499837,511.5769670953754,517.8615954221938,46835700
2024-06-04,517.2449340820312,517.9889133212755,513.8872886188278,515.3556498285665,34632700
2024-06-05,523.3923950195312,523.411992286524,517.577682760377,519.5746920651516,47610400
2024-06-06,523.382568359375,524.1265474920779,521.4443509593684,523.6958258756584,30808500
2024-06-07,522.7463989257812,525.5656572802073,521.3073738449024,522.4037454552046,43224500
2024-06-10,524.3615112304688,524.6845674016187,521.3367208253204,521.9338399994415,35686100
2024-06-11,525.6243286132812,525.6830606660559,520.8276585615498,522.80507058457,36383400
2024-06-12,529.9413452148438,532.6431394508022,528.903705663851,530.2056693568137,63251300
2024-06-13,531.0083618164062,531.8698051580913,528.2087008298147,531.6936089856242,44760900
2024-06-14,531.3314208984375,531.3607570534568,528.4631694567662,529.4714728215465,40089900
2024-06-17,535.5601806640625,536.9600707352853,530.1859889386527,530.6461064563005,55839500
2024-06-18,536.9208984375,537.0481611765176,535.1980118918142,535.618934894809,41376400
2024-06-20,535.4622802734375,538.5164661964561,533.6806618603835,537.8508164181325,70328200
2024-06-21,534.7444458007812,535.8640147535098,533.2811779308804,534.6364329914431,64338600
2024-06-24,533.0062255859375,537.1407429637898,532.8883825199175,534.5677361214845,45528700
2024-06-25,535.0587768554688,535.4221363045356,532.7116258646143,534.2338154405055,37936200
2024-06-26,535.7264404296875,536.4433289030533,533.2909377164937,533.9390744274053,38550600
2024-06-27,536.571044921875,537.1504898569925,534.8426003010983,535.588979563753,35041500
2024-06-28,534.4595947265625,540.4109684989184,533.2124124479245,537.3468693543182,76144500
2024-07-01,535.5595703125,536.08986404863,532.7901386983468,535.8443476992247,40297800
2024-07-02,539.1637573242188,539.1637573242188,533.8999009464727,533.9489922304165,40434800
2024-07-03,541.56982421875,541.9331836330194,538.8102227549504,538.8494837936086,32789900
2024-07-05,544.6928100585938,545.0954305299725,541.2359204016998,541.874286937383,41488400
2024-07-08,545.3212890625,546.273863702814,544.2508114321598,545.4783931483458,36110500
2024-07-09,545.8515625,547.187156971853,545.5569548871665,546.2836736456596,27289700
2024-07-10,551.2529907226562,551.596689657151,546.7846048716298,547.079212521271,38701200
2024-07-11,546.499755859375,552.2448746370588,545.8614492888662,551.3708220113514,53054200
2024-07-12,549.94677734375,553.5607707150377,547.1577452576701,547.6291174546383,53084400
2024-07-15,551.459228515625,554.7098626844446,549.5932802263559,551.9502612295888,40584300
2024-07-16,554.7294921875,555.0240998431519,552.0189818744624,552.7751914744023,36475300
2024-07-17,546.9514770507812,550.4574575343235,546.627378702753,548.7781042114635,57119000
2024-07-18,542.7482299804688,549.4852440848026,540.5582433501387,548.4933484542273,56270400
2024-07-19,539.1441040039062,544.1428435386215,538.0834565302354,542.5125813182824,65509100
2024-07-22,544.70263671875,545.3115125146927,541.1377342686712,543.0822047176163,43346700
2024-07-23,543.8482666015625,546.7551421476373,543.3572338468313,544.5945860387156,34439600
2024-07-24,531.5233154296875,539.3209182500651,530.6001714203044,539.0164803289134,74515300
2024-07-25,528.7537841796875,537.6415236413737,527.8110397958803,531.6410587361225,61158300
2024-07-26,534.6756591796875,537.3763388802067,531.7785544219373,532.5544244069231,53763800
2024-07-29,534.9899291992188,537.2388372702122,532.9864775250034,536.227341129643,39515800
2024-07-30,532.2794799804688,537.5237359172042,528.8619113563942,536.463088435743,46853600
2024-07-31,540.931396484375,543.5731545926626,537.7593446818978,539.1342001655225,65663400
2024-08-01,533.2714233398438,544.9187063649712,529.7556118911635,542.6599675904316,76428700
2024-08-02,523.3426513671875,527.3592651002363,519.1197223906057,526.1415136511895,82789100
2024-08-05,508.10107421875,514.1898925589088,501.1185726401647,502.46402760588046,146267400
2024-08-06,512.7854614257812,520.2491343271334,508.58219283381527,509.90795711875484,84826300
2024-08-07,509.3580627441406,522.0562223292172,508.7590171785257,518.9921228426584,70698300
2024-08-08,521.1329956054688,521.7614718670237,512.4810023749844,514.5138248770706,63276600
2024-08-09,523.4309692382812,524.923727659792,519.0804271971765,520.3080088094694,45619600
2024-08-12,523.7060546875,526.1218973002085,521.4276556811567,524.6291985957554,42542100
2024-08-13,532.3186645507812,532.5544105776438,526.6620186567962,526.9075349868316,52333100
2024-08-14,533.9981079101562,535.1864287265759,530.4332054014179,533.1142249967176,42446900
2024-08-15,543.1509399414062,543.4357173403401,539.036083351339,539.644959128727,60846800
2024-08-16,544.36865234375,545.0659403343901,541.3733649561221,541.530469041351,44430700
2024-08-19,549.5736083984375,549.5736083984375,543.926732304356,544.7811244137845,39121800
2024-08-20,548.679931640625,550.7815659083177,547.3345068852593,549.1218730431605,33732300
2024-08-21,550.5654907226562,552.028758554174,544.7811112258051,549.7307591225532,41514600
2024-08-22,546.244384765625,553.0795814875313,545.0266332673548,552.4707057383962,56121500
2024-08-23,552.0484008789062,552.9912051950074,547.2951782034337,549.4950549410031,50639400
2024-08-26,550.732421875,553.7964610598141,549.0236377073744,553.0795725146759,35788600
2024-08-27,551.4886474609375,551.9796801643517,548.3067651332959,549.4557648759409,32693900
2024-08-28,548.2871704101562,551.5771258819644,545.0856272093944,551.1450146535084,41066000
2024-08-29,548.336181640625,553.5706069059922,547.187181927915,550.2610513664456,38715200
2024-08-30,553.5706176757812,554.0813108649274,547.1479315360851,550.7128337345928,62700100
2024-09-03,542.1787109375,550.7521231432277,539.6547955357257,550.4181945160806,60600100
2024-09-04,541.0689697265625,544.486538299349,539.6057018017893,540.3324206417021,47224900
2024-09-05,539.7529296875,543.8677859554409,537.2879360362771,541.0100021233877,44264300
2024-09-06,530.6688842773438,541.7072905965744,529.7654008260863,540.0770882862281,68493800
2024-09-09,536.6103515625,537.8870845889743,532.9472666463545,534.8819667353457,40445800
2024-09-10,538.94775390625,539.301343073679,533.6348054347438,538.52547289514,36394600
2024-09-11,544.4766845703125,545.3998284478084,530.2760571886295,538.8592992301786,75248600
2024-09-12,549.06298828125,549.367426167289,542.8268368290717,545.0561445387712,51819600
2024-09-13,551.9306030273438,552.9323289489466,549.4165179190511,549.6718645218532,39310500
2024-09-16,552.7456665039062,553.0107833785631,549.8583920894029,551.665358696549,36656100
2024-09-17,552.9715576171875,556.4186166721934,550.7324197918623,554.9651191583721,49321000
2024-09-18,551.3316040039062,558.4908400284567,550.7718194675883,553.6296037419249,59044900
2024-09-19,560.7396850585938,562.6056333019461,557.8917313519955,560.769175792154,75315500
2024-09-20,559.7703857421875,560.8145656669737,556.7363296850394,559.3665303523799,77503100
2024-09-23,561.169189453125,561.8193743965802,559.6226102686882,560.844157105768,44116900
2024-09-24,562.77490234375,562.8340046033333,559.1301026711176,561.9671313798626,46805700
2024-09-25,561.53369140625,563.3561212938423,560.4205487537844,562.6173129912877,38428600
2024-09-26,563.760009765625,566.1340809200134,561.395859133459,565.8089884130038,48336000
2024-09-27,562.9423217773438,565.651285439919,561.908002221962,564.8337142422162,42100900
2024-09-30,565.1981201171875,565.8088634048895,559.6028866955652,561.9079345557661,63557400
2024-10-01,560.1348266601562,565.4936512718724,557.5539281278881,564.8435265029814,72668800
2024-10-02,560.3712768554688,561.3957961263619,556.8348816397765,559.2384735935616,38097800
2024-10-03,559.3468017578125,561.2972362765911,557.0515539848665,558.8936443913503,40846500
2024-10-04,564.4297485351562,564.8040828361078,559.6225649986515,563.8091448322295,42939100
2024-10-07,559.3270874023438,563.425044167477,558.1745633665616,562.7748592374886,49964700
2024-10-08,564.616943359375,565.2178864241666,561.0313063853904,561.9079798048728,37398700
2024-10-09,568.5277709960938,569.0892725126486,564.0062377966648,564.6071207773316,37912200
2024-10-10,567.5328369140625,568.9612116462271,565.9172950083815,567.1782233614125,44138100
2024-10-11,570.9312744140625,571.6700825909913,567.3159964454156,567.4539217349562,42268000
2024-10-14,575.6007080078125,576.5365440088547,572.0642520010472,572.5469305372737,36217200
2024-10-15,571.1283569335938,576.1719497636773,569.9068101256781,575.8665780927906,54203600
2024-10-16,573.6107177734375,574.1328378005626,570.3205920106161,571.1283629185417,30725400
2024-10-17,573.6599731445312,577.3737353042621,573.4728059770134,577.1668473429936,34393700
2024-10-18,575.86669921875,576.6547494908873,573.886683077602,575.3544394858889,37416800
2024-10-21,574.9209594726562,576.1227255252943,571.9361448880472,575.137647728295,36439000
2024-10-22,574.6155395507812,575.7779240387921,571.7194086656112,572.379393899403,34183800
2024-10-23,569.3651123046875,573.0296330130559,565.8483773171869,572.5863359748305,49314600
2024-10-24,570.596435546875,571.4042065299044,567.966294746531,571.3253834738008,34979900
2024-10-25,570.3992919921875,575.7384556877671,569.4536560087178,572.8324648441098,47268200
2024-10-28,572.1627197265625,574.0146706850179,571.8573480325817,573.8866057690544,30174700
2024-10-29,573.0887451171875,574.2116881424289,569.7985587291014,571.1973524048652,42899700
2024-10-30,571.35498046875,574.615585559352,570.6456931929514,572.6158487794029,41435800
2024-10-31,560.154541015625,567.0402238212235,559.9575134707092,566.9712611742847,60182500
2024-11-01,562.518798828125,566.9615092751701,562.1050829916865,562.7946494686686,45667500
2024-11-04,561.30712890625,563.9569903576214,559.4157965332372,562.6566805623088,38217000
2024-11-05,568.0942993164062,568.1336807780868,562.0065265842841,562.2232148100805,39478300
2024-11-06,582.2203369140625,583.0970705492409,576.6546836514896,580.4078275075276,68182000
2024-11-07,586.7221069335938,587.7466262080364,584.1510685994552,584.2298916492671,47233200
2024-11-08,589.2636108398438,590.6919854789882,587.2737347167168,587.2737347167168,46444900
2024-11-11,589.8250732421875,591.2140062031049,588.0913270467408,590.8593926970449,37586800
2024-11-12,587.9928588867188,590.3471487178498,585.5005836337616,589.7462657959629,43006100
2024-11-13,588.2785034179688,590.2880401081766,586.0817995759008,588.4558101737783,47388600
2024-11-14,584.4957885742188,588.8892564552813,583.8062823316938,588.406578035767,38904100
2024-11-15,577.00927734375,581.3928852443048,575.1474660138925,580.9200070517927,75988800
2024-11-18,579.3734741210938,580.6934445713057,576.6054081851684,577.4722212479682,37001700
2024-11-19,581.4913330078125,582.2202808592402,575.3149369393851,575.9847825359503,49412000
2024-11-20,581.6883544921875,581.9740053669792,575.9059534750936,581.5701499836966,50032600
2024-11-21,584.8110961914062,586.2394709664421,578.6839413917952,584.5451660811236,46750300
2024-11-22,586.6236572265625,587.2541214128702,584.2988881794737,584.8012273246769,38226400
2024-11-25,588.613525390625,591.8937909448966,586.3182774428572,590.5738204551704,42441400
2024-11-26,591.6869506835938,592.3567963116076,589.1454333564441,589.8645208450938,45621300
2024-11-27,589.89404296875,591.883858859544,588.3671846956962,591.4997242855515,34000200
2024-11-29,593.55859375,594.3466439350991,590.4359140778026,590.7117045866185,30177400
2024-12-02,594.6224365234375,595.3021425181648,593.4797127608734,593.9722515940274,31746000
2024-12-03,594.8983154296875,595.1445848828695,593.3517961731578,594.3861158516463,26906600
2024-12-04,598.59228515625,598.8385545797807,595.9227630847732,596.5926087018526,42787600
2024-12-05,597.607177734375,599.4000262634194,597.2525642119798,598.592255379496,28762200
2024-12-06,598.7401123046875,599.9813199050982,597.9619225172376,598.3756383425828,31241500
2024-12-09,595.6567993164062,598.7893393078875,595.0657767234376,598.6218929272753,34742700
2024-12-10,593.8048706054688,596.7601039297737,593.1448853311992,596.3365277015484,37234500
2024-12-11,598.3953857421875,599.3508823544095,596.464611597443,596.740462242854,28677700
2024-12-12,595.3121337890625,598.0998609080264,595.3121337890625,597.5285590255178,31543800
2024-12-13,595.1937255859375,598.07013518482,593.8145929720881,597.3510478161899,35904700
2024-12-16,597.7352905273438,598.7105679786196,596.1789110129041,596.9571007701239,43695200
2024-12-17,595.2725219726562,596.1393950716445,593.8934494056226,595.1740382622843,55773500
2024-12-18,577.5313720703125,597.3609304879477,577.1471773446116,594.9671989364094,108248700
2024-12-19,577.3540649414062,584.15112569827,577.1077954954964,582.5355837032507,85919500
2024-12-20,584.2886352539062,588.8352196171104,574.1674387147792,575.0175026728227,125716700
2024-12-23,587.7875366210938,588.3904419763173,580.8391036798633,584.0316546408188,57635800
2024-12-24,594.32080078125,594.3603751171399,588.5584517113257,589.1416302251183,33160100
2024-12-26,594.3603515625,595.4870738828115,591.1381803052061,592.5416816588521,41219100
2024-12-27,588.1038208007812,590.8416891446476,583.9031498920888,590.6044241129971,64969300
2024-12-30,581.392578125,584.8717412480703,577.6268027117767,581.066451827259,56578800
2024-12-31,579.2774658203125,583.7845361057068,577.6366994322016,583.0629680945224,57052700
2025-01-02,577.8541259765625,584.2687872048679,573.7621642800276,582.5489929538754,50204000
2025-01-03,585.0792846679688,585.7217039617416,579.623335665357,580.7106042287589,37888500
2025-01-06,588.4497680664062,592.7394211491448,586.7101863614566,589.3492396720658,47679400
2025-01-07,581.7979125976562,590.8120540414599,579.9694092503468,590.4858673836275,60393100
2025-01-08,582.6478881835938,583.7252632975457,578.4077031433151,581.8670792861259,47304700
2025-01-10,573.7523193359375,579.148967552338,571.8348342474784,579.0797727939155,73105000
2025-01-13,574.6419067382812,574.9977137931114,568.6719735158341,569.0871420731995,47910100
2025-01-14,575.4325561523438,578.209938228887,571.637100270467,577.5773521941201,48420600
2025-01-15,585.8997192382812,587.0462287462195,582.3612548768964,583.4781439602939,56900200
2025-01-16,584.7728881835938,587.4513947839769,584.0711073889483,587.2734912712623,43319700
2025-01-17,590.64404296875,592.4033515473359,588.6968769367569,590.0312439926065,58070600
2025-01-21,596.0504150390625,596.0603086218102,591.721248666258,593.6980347606263,42532900
2025-01-22,599.4011840820312,600.7651715456991,598.3337025176967,598.8872003053638,48196000
2025-01-23,602.6727294921875,602.6727294921875,598.4918457286775,598.7685644436611,41152100
2025-01-24,600.913330078125,603.6907726306447,599.7569270310084,602.7319999441287,34604700
2025-01-27,592.4132080078125,592.7295010606359,587.7381276298589,587.9061375768574,70361100
2025-01-28,597.50341796875,598.3435279756633,590.3177808049226,593.6486607361097,44433300
2025-01-29,594.8248291015625,597.1179082556828,592.2648645148614,596.7126333153398,37177400
2025-01-30,598.0173950195312,599.5592859855939,593.747529191958,596.9499738076877,39281300
2025-01-31,594.8347778320312,602.880312619884,594.0736957955036,600.4488437325783,66566900
2025-02-03,590.831787109375,593.3224968021361,583.6362560871698,585.7909458950113,65857200
2025-02-04,594.7952270507812,595.3091504392034,590.3474581129256,590.8910622510958,33457800
2025-02-05,597.2069091796875,597.3551922900909,591.6324173909024,593.6685049658528,30653100
2025-02-06,599.2825317382812,599.4110276717307,595.6353586638426,598.9563451128535,35771500
2025-02-07,593.7969970703125,601.0715564826635,593.0853226024016,599.8459585772572,50788500
2025-02-10,597.82958984375,598.4720695404235,595.7440947156747,597.0191605249602,26048700
2025-02-11,598.2843017578125,598.8279059672569,595.4377244382205,595.5563267993089,30056700
2025-02-12,596.3568725585938,597.5330628123784,591.5631899435128,592.2451836255683,45076100
2025-02-13,602.6529541015625,602.860538386905,596.198778008583,597.4638899085884,40921300
2025-02-14,602.6232299804688,603.8982352451526,602.0005375583223,602.8604346504824,26910400
2025-02-18,604.3925170898438,604.3925170898438,601.3186288745633,603.7896117473091,26749000
2025-02-19,605.8157958984375,606.1123017730542,602.4849158656623,602.9988995994843,31011100
2025-02-20,603.29541015625,604.5803091740476,599.9744236813096,604.4419196559093,36554000
2025-02-21,592.9766235351562,603.2163626901448,592.5120473575615,603.0779731626286,76519800
2025-02-24,590.2781982421875,596.0306526731238,589.5665239207386,595.0323661026961,50737200
2025-02-25,587.3427734375,590.9504327968516,582.7171004383193,590.2190314712642,58266500
2025-02-26,587.63916015625,592.620699550235,584.9902741209554,589.0130409225576,43321600
2025-02-27,578.2593994140625,591.0788899188873,577.8640783507352,589.9224264999975,74196700
2025-02-28,587.283447265625,587.8171578604871,575.6797210871997,578.7635029554216,88744100
2025-03-03,576.9942626953125,590.4067643806418,573.1691862018861,589.2601945949107,74249200
2025-03-04,570.1644897460938,578.5955127414016,565.608011549554,572.9814465763258,109648200
2025-03-05,576.29248046875,578.0913631561872,566.4283366011412,569.9964212260836,71230500
2025-03-06,566.0626220703125,573.4359958315716,563.5026574515875,568.800429877349,80094900
2025-03-07,569.2353515625,570.6883208259039,559.0648080255879,564.2736590980126,81158800
2025-03-10,554.073486328125,562.9294509409499,549.1414138289008,561.0021324297065,99326600
2025-03-11,549.4674682617188,557.473488465779,545.612771416854,552.907117228081,88102100
2025-03-12,552.38330078125,556.5740782812179,547.2634312637055,555.6449862636414,69588200
2025-03-13,545.019775390625,552.6205217060727,543.2999808309211,552.00772273254,74079400
2025-03-14,556.2775268554688,557.2857071377122,545.0889095501292,549.655280917059,62660300
2025-03-17,560.5671997070312,563.097483760462,555.8228643209595,556.2577597204585,49008700
2025-03-18,554.50830078125,558.4618730708418,552.5710286417288,558.2443952250169,66041400
2025-03-19,560.54736328125,564.3230320254004,555.1112014285828,556.2972851708735,66556000
2025-03-20,558.9264526367188,563.9475069089323,556.0699818531248,556.7915499004863,62958200
2025-03-21,559.1107788085938,560.0129560782987,553.2121973894178,554.4514053360011,83763000
2025-03-24,569.1236572265625,570.1844265679264,565.2771506364932,565.8719462913679,58766800
2025-03-25,570.4917602539062,571.4335099767462,568.7370222712309,570.3331077369899,38355700
2025-03-26,563.6810913085938,571.3542581528293,562.293154038674,570.2240858480267,51848300
2025-03-27,562.18408203125,565.971108987233,560.062543386952,562.2831944691987,42164200
2025-03-28,550.8626708984375,561.3811152230641,550.2777985606353,560.6475137101825,71662700
2025-03-31,554.5604248046875,555.8690356187795,542.1484990140983,545.0829651282622,95328200
2025-04-01,556.1268310546875,558.0798545049701,548.8997911229003,552.6372621541935,54609600
2025-04-02,559.6461791992188,562.5211054527999,550.019989677278,550.2579079318416,76014500
2025-04-03,532.0663452148438,543.2390031081819,532.0663452148438,540.4037097995117,125986000
2025-04-04,500.9176330566406,521.3298644038904,500.69953122991006,519.1488461365848,217965100
2025-04-07,500.0254211425781,518.6531751879934,477.64034947944,484.966562158496,256611400
2025-04-08,492.193603515625,520.4475157965463,484.93679417196097,517.3544574544211,165816600
2025-04-09,543.8834838867188,543.8834838867188,488.7932402716448,489.17988772825765,241867300
2025-04-10,520.051025390625,528.8939971161361,504.92276379554966,527.5754628052078,162331200
2025-04-11,529.3302001953125,531.7986929533369,515.5799524923516,518.4945722506925,97866300
2025-04-14,534.4654541015625,539.580938661594,529.2508571038156,539.3528832417228,68034000
2025-04-15,532.9684448242188,538.5399188279399,532.175363851926,535.0106570692674,56892900
2025-04-16,521.1216430664062,533.2460954669957,515.7980102587055,527.0896882471153,83484800
2025-04-17,521.8651733398438,526.5840872057769,519.3867572764926,523.0845951885916,79868100
2025-04-21,509.4433898925781,517.1958826970866,504.070170487947,516.6605060954281,69368100
2025-04-22,522.6979370117188,524.7302260402327,514.7075262081219,515.6493363944684,75948100
2025-04-23,530.79736328125,540.7209502963145,529.2706808590098,535.7641184612734,90590700
2025-04-24,541.9700927734375,542.7036942188355,530.8271442598516,532.086138426331,64150400
2025-04-25,545.8860473632812,546.2924809922215,538.9960382976576,541.9305048307399,61119600
2025-04-28,546.0941772460938,548.770878725811,540.3145544882295,546.6295538469604,47613800
2025-04-29,549.5342407226562,550.6544896169489,543.8140371215516,544.1709145104755,47775100
2025-04-30,549.7523193359375,551.7152660165827,536.8447695388113,542.8425243498715,93101500
2025-05-01,553.6483764648438,559.2000647311057,553.0436574695955,555.5319968692943,63186100
2025-05-02,561.8668823242188,563.4728911995644,557.5246922514075,559.8543793028188,60717300
2025-05-05,558.6448974609375,561.7578025218996,556.850526672483,557.7130106117388,38659200
2025-05-06,553.9755249023438,558.486229861133,552.151444635027,553.1130409863903,48264700
2025-05-07,556.3052978515625,558.9522292842823,551.239369394788,555.3139314189718,55588000
2025-05-08,560.1814575195312,565.3861307660613,556.8504811637198,560.3598961984284,65130800
2025-05-09,559.4677734375,562.6004648206437,557.9013974918248,561.5892516710271,37603400
2025-05-12,577.9567260742188,577.9666494201874,572.0580835025086,576.4498296839446,78993600
2025-05-13,581.7734985351562,583.9941496422729,577.8080328415324,578.3730584556538,67947200
2025-05-14,582.5170288085938,583.8949821637985,580.4846792150129,582.7351003798474,66283500
2025-05-15,585.3622436523438,585.8677897044162,580.0484736048338,580.5045239452851,71268100
2025-05-16,589.0699462890625,589.3673441171694,584.1924403834937,586.1454032115668,76052100
2025-05-19,589.7142944335938,590.3983396880136,583.0225710566098,583.0225710566098,68168500
2025-05-20,587.7315673828125,588.9212192076606,584.5096264657933,587.9695461543464,60614500
2025-05-21,577.8277587890625,587.4638708843231,576.7967595991499,583.359599797301,95197700
2025-05-22,578.0558471679688,581.5553390131786,576.3902984080268,577.629506378804,70860400
2025-05-23,574.1102294921875,576.7869310981343,570.6305234552773,571.0072475595028,76029000
2025-05-27,586.0462646484375,586.2048566469568,573.4360527249615,581.0101064535629,72588500
2025-05-28,582.6558227539062,587.6523487169525,581.9222212137981,586.4527734503207,68445500
2025-05-29,584.9557495117188,588.0785779673218,581.0101304856973,587.9397721452495,69973300
2025-05-30,584.301513671875,586.0264816938155,578.2045855174352,583.8454633007033,90601200
2025-06-02,587.5928955078125,587.6721612666921,580.0089171212081,582.6856189346104,61630500
2025-06-03,590.943603515625,591.9250465362925,586.740159298439,587.2259796444896,63606200
2025-06-04,590.7849731445312,592.7875526407612,590.3487695069823,591.8061095833268,57314200
2025-06-05,587.9298095703125,593.8284515327539,585.9470768439928,592.4702844558809,92278700
2025-06-06,593.96728515625,595.6426968087642,591.7069406984755,593.4913881340742,66588700
2025-06-09,594.5026245117188,596.0590770966814,593.322896017802,594.5422573867003,53016400
2025-06-10,597.873291015625,598.2598779419187,593.9177485918233,595.0379370041686,66247000
2025-06-11,596.1680908203125,599.8361586452579,594.0961689044454,598.9736747077318,73658200
2025-06-12,598.5374755859375,598.5374755859375,594.3440149953893,594.8297748594797,64129000
2025-06-13,591.8458251953125,596.6539287176514,590.3389286898089,593.332875007361,89506000
2025-06-16,597.4766845703125,599.2314224312138,595.0379014846701,595.2164006808653,79984100
2025-06-17,592.3712158203125,596.5547531382241,591.6078443016146,595.0280706090336,82209400
2025-06-18,592.2819213867188,596.0292547686196,591.3202645518776,593.2732877481382,76605000
2025-06-20,590.8909912109375,596.0414436168163,589.4790454395113,594.9675856083323,94051400
2025-06-23,596.7274780273438,597.1152078061239,588.5145735944315,591.6465733053511,87426000
2025-06-24,603.3196411132812,604.3834856367664,599.9688039561656,600.8836010096178,67735300
2025-06-25,603.65771484375,605.1392079707367,602.086708265907,604.4431877891288,62114800
2025-06-26,608.380615234375,608.8181084243395,604.9005750782753,605.517034479532,78548400
2025-06-27,611.4032592773438,612.8748603878714,607.3465704310272,609.3848675360332,86258400
2025-06-30,614.3264770507812,615.6886593072754,611.5325044540273,613.8591865146053,92502500
2025-07-01,614.127685546875,615.3009489521946,612.0098276707645,612.8450033281383,70030100
2025-07-02,616.9117431640625,616.9514932068568,613.0936150077308,613.7200271324969,66510400
2025-07-03,621.7738647460938,622.7085065821568,618.8804257837007,618.9003311484321,51065800
2025-07-07,617.1403198242188,620.4712515380828,614.3463473867639,619.8050287830624,74814500
2025-07-08,616.8023681640625,618.5622329876766,615.9870371559156,617.8065573856337,59024600
2025-07-09,620.5010986328125,621.1573080723725,617.3690382262929,619.2184771119485,66113300
2025-07-10,622.2510375976562,623.2950374474425,619.4570650879599,620.6402811009391,57529000
2025-07-11,620.0636596679688,621.2965785748338,617.9856123550688,619.1886732139827,63670200
2025-07-14,621.246826171875,621.5948059142781,618.2539819137044,619.6062115300674,51898500
2025-07-15,618.592041015625,624.2793915612978,618.5124802515571,623.9413645164026,74317300
2025-07-16,620.66015625,621.1672575214722,614.5253596449445,620.1829130237127,88987500
2025-07-17,624.4583740234375,624.8163671275224,620.6204015046147,620.8391784397268,68885700
2025-07-18,624.0010375976562,625.8802131347736,622.8874296174818,625.7111996075373,65621600
2025-07-21,625.1842651367188,627.9384270926762,624.7567246264017,625.1842651367188,63375000
2025-07-22,625.2737426757812,626.1387764125508,622.6189860590433,625.5123643014988,60046300
2025-07-23,630.5932006835938,630.5932006835938,626.138708302101,627.9483363497261,70511000
2025-07-24,630.802001953125,632.5221773472229,630.3744614468128,630.9809681636451,71307100
2025-07-25,633.4667358398438,633.9440397736063,631.2196750953526,631.4682494008442,56865400
2025-07-28,633.3076782226562,634.4013808975731,631.9156378299562,633.8445768779104,54917100
2025-07-29,631.6372680664062,635.0277949185313,630.722531607152,634.7096125224674,60556300
2025-07-30,630.841796875,634.0434045947875,627.9384054781906,632.2934318863223,80418900
2025-07-31,628.475341796875,636.200989166749,627.1728149946817,635.8132594113927,103385200
2025-08-01,618.1743774414062,622.7680859762785,615.7582427178595,622.7282752516747,140103600
2025-08-04,627.570556640625,627.6202593639928,622.0124691896333,622.1019219542782,73218000
2025-08-05,624.3887939453125,629.0023475949919,623.464104816374,628.187016594973,68051400
2025-08-06,629.17138671875,629.8275961427472,624.5478806448895,625.462617040701,64357500
2025-08-07,628.6444091796875,633.3474155493337,625.5223013845391,632.6116453260242,74205800
2025-08-08,633.5462646484375,634.0136158764692,630.125879949944,630.4440623273716,64051600
2025-08-11,632.29345703125,635.3062066703783,631.0406328520911,633.824713555593,58742300
2025-08-12,639.0248413085938,639.1839021511607,633.1584638161933,634.6499095494731,64730800
2025-08-13,641.2123413085938,642.5049155421342,639.0149226306152,641.2321859855442,60092800
2025-08-14,641.27197265625,641.9381347685223,638.6768716045066,639.1242567818475,59327500
2025-08-15,639.7705688476562,642.4054806038605,638.8558324502803,642.3060144753327,68592500
2025-08-18,639.6314086914062,640.3274289037191,638.5178006265407,639.1939154739885,43804900
2025-08-19,636.1612548828125,640.4367204754008,634.8388226855677,639.4523760102862,69750700
2025-08-20,634.470947265625,636.0120957287904,629.3404006137462,635.7536294439067,88890300
2025-08-21,631.9255981445312,634.3317804706619,630.195530658508,632.6514763962614,54805800
2025-08-22,641.6299438476562,642.8131599802851,633.6159105915494,634.1230118894028,84083200
2025-08-25,638.8060913085938,641.6100166878209,638.686780499868,640.3671451910226,51274300
2025-08-26,641.4807739257812,641.8288143683822,637.9112808564007,638.5376929659955,51581600
2025-08-27,642.9423828125,643.6781530071313,640.7449642231398,640.8941330732226,48341100
2025-08-28,645.2192993164062,645.7761033013204,641.6597591604225,643.548887361664,61519500
2025-08-29,641.3713989257812,644.1455269630451,639.472317969575,643.777581165663,74522200
2025-09-02,636.6187133789062,636.8374296419402,631.2991867317828,633.8644906037873,81983500
2025-09-03,640.06884765625,640.5361988813526,636.8075845104526,639.0049424066366,70820900
2025-09-04,645.418212890625,645.4480709373178,639.8402199968853,640.7450037735979,65219200
2025-09-05,643.5488891601562,648.4905776412766,639.6612139364762,647.7646994415851,85178900
2025-09-08,645.1298828125,646.1341327155172,643.5389708468488,644.9210585487652,63133100
2025-09-09,646.6212768554688,647.148222783044,643.5289666240282,645.2689866211995,66133900
2025-09-10,648.4905395507812,650.817160801947,646.9195331255914,649.8924717726807,78034500
2025-09-11,653.8796997070312,654.5757199134183,649.8627606991871,650.4493620868353,69934400
2025-09-12,653.6608276367188,655.351144838518,653.1537870945498,653.8497465125743,72780100
2025-09-15,657.1409301757812,657.2701936656516,655.5799369896564,655.8782140097094,63772400
2025-09-16,656.2361450195312,658.0060231465056,655.450672087237,657.6977327581834,61169000
2025-09-17,655.4208374023438,657.9463305061431,650.5686620900484,656.2461210913638,101952200
2025-09-18,658.4832153320312,661.098221592467,656.504573788396,658.1153302554297,90459200
2025-09-19,661.74462890625,662.5921003065068,658.4244226642126,660.3786700487054,97945600
2025-09-22,664.8753662109375,665.3239917254978,660.2190812650523,660.2490220888672,69452200
2025-09-23,661.256103515625,665.3739407705357,660.0296859026699,664.7557113987294,81708900
2025-09-24,659.1522216796875,662.6518901422049,657.7264420940938,662.5522091075384,68082200
2025-09-25,656.1112670898438,657.4672457066506,652.4819765077987,656.0016057727498,89622100
2025-09-26,659.8701782226562,660.4185456623683,655.9417836675868,657.5669862915963,69179200
2025-09-29,661.7246704101562,663.3199930316334,659.9100251593522,662.4026597035332,73499000
2025-09-30,664.21728515625,664.6859320813617,659.6607420426623,660.976860345401,86288000
2025-10-01,666.4806518554688,667.3979243492374,661.1065170498754,661.2161783670498,72545400
2025-10-02,667.248291015625,668.5943501107935,664.8155382515555,668.4747085274895,56896000
2025-10-03,667.2384033203125,670.6981508367895,666.1914481336265,668.0160736487628,70494400
2025-10-06,669.6312866210938,670.5286593813627,667.4876574687494,669.6412668959266,54623300
2025-10-07,667.1486206054688,671.0072138668005,665.7028804529681,670.5585274945992,72020100
2025-10-08,671.1268920898438,671.2266339865188,667.4477610054765,668.2753327277967,60702200
2025-10-09,669.1826171875,671.9544560264949,667.2384109165724,671.5456907353398,66501900
2025-10-10,651.0960693359375,671.9643973425017,650.9166069608107,670.1497521868876,159422600
2025-10-13,661.0865478515625,663.170417127303,657.8262232173948,658.7036354539871,79560500
2025-10-14,660.2789306640625,663.8683609233883,651.2456255038628,655.2338407773344,88779600
2025-10-15,663.2102661132812,668.2553559603689,656.988660072404,664.855429242796,81702600
2025-10-16,658.6936645507812,666.7398963555108,655.1740352792065,664.8554499895176,110563300
2025-10-17,662.4326171875,663.7985760836355,656.2010306703355,657.5570092911896,96500900
2025-10-20,669.3222045898438,670.2295576279439,665.3041094156895,665.3539499346838,60493400
2025-10-21,669.3121948242188,671.0071983826805,668.0060568363804,669.4617772299453,56249000
2025-10-22,665.83251953125,670.0201576878661,661.3457774038759,670.0201576878661,80564000
2025-10-23,669.7808837890625,670.7280970890292,665.8325287543602,666.1515932793667,65604500
2025-10-24,675.2546997070312,676.4710761570719,673.6594379369009,674.4670490970213,74356500
2025-10-27,683.2211303710938,683.5202343374859,680.1103274099472,680.7185156175003,63339800
2025-10-28,685.0357666015625,686.8802917495992,682.8123561492805,685.0257863269245,61738100
2025-10-29,685.3648071289062,687.6679989086465,680.8581046045199,686.6908448301914,85657100
2025-10-30,677.8270874023438,683.919071384824,677.8270874023438,681.8851035842282,76335800
2025-10-31,680.050537109375,683.0616591685175,677.2388379885472,683.0217380676526,87164100
2025-11-03,681.3267822265625,683.7794956694769,677.9367749059246,683.6498738048132,57315000
2025-11-04,673.2506103515625,677.9567360174515,672.5925816080086,674.1180423048241,78427000
2025-11-05,675.583740234375,678.8540450990596,672.1837526501265,672.9913638051393,74402400
2025-11-06,668.3351440429688,675.384321857154,666.7498016918889,674.4769688014325,85035300
2025-11-07,668.9931640625,669.1028862313885,659.2619700189845,665.9421818455136,100592400
2025-11-10,679.432373046875,680.1701831536659,673.0412846911101,675.2447347362015,75842900
2025-11-11,680.9877319335938,681.5560598909952,676.7302928180768,677.9467300747958,58953400
2025-11-12,681.3666381835938,682.9420002443612,678.9438047256676,682.7724572806613,62312500
2025-11-13,670.0599975585938,678.8540191634994,668.5445172010542,678.4950944095032,103457800
2025-11-14,669.9503784179688,673.669369761962,661.3159189526839,663.4196879466924,96846700
2025-11-17,663.7088012695312,671.7251529532939,660.2191128892804,667.7269573864955,90456100
2025-11-18,658.1353149414062,663.1604443809363,653.9277160969795,660.1493223141129,114467500
2025-11-19,660.6777954101562,665.3739409367662,656.8092216159307,658.8332701356088,94703000
2025-11-20,650.6075439453125,673.5696612658603,649.969414909385,670.9274443593279,165293500
2025-11-21,657.08837890625,662.5920743656175,648.9324254696204,653.1200634979649,123956200
2025-11-24,666.759765625,668.0858642133718,659.6408477705503,660.7375826041805,80437900
2025-11-25,673.03125,674.2177464111714,662.5222643995295,666.6600618545837,81077100
2025-11-26,677.6775512695312,679.6916195137131,674.7262499751725,675.6336030547216,71879600
2025-11-28,681.3765869140625,681.6557303234264,678.4950869285864,678.8540116786253,49212000
2025-12-01,678.2658081054688,680.9777652313311,676.7402865806703,676.8100876493213,61201200
2025-12-02,679.5220947265625,681.8053259843603,677.3285642303521,679.91089945233,62953800
2025-12-03,681.8751220703125,682.8920755410956,677.6874840363832,678.5648962284573,57238500
2025-12-04,682.3736572265625,683.3507504660292,679.3326553413237,683.2809493981625,61970300
2025-12-05,683.6697998046875,686.3618571461667,682.5630847287977,683.4504163312143,79241000
2025-12-08,681.6159057617188,684.6170474876437,679.5619773329797,684.5672069678625,55231500
2025-12-09,681.027587890625,683.3707007727439,680.5789623765876,681.1373100558188,58310100
2025-12-10,685.5443115234375,686.9401503769751,679.3027447895911,680.5490620813229,85671300
2025-12-11,687.1395263671875,687.2193077079016,680.1601500103427,683.1214313379483,86173700
2025-12-12,679.7514038085938,686.8504219479569,677.1690077077839,686.1424918468441,113160300
2025-12-15,678.7244262695312,683.7396361862291,677.2488060921288,683.7196756361553,90811000
2025-12-16,676.8699340820312,679.0734449717613,672.9913800472318,677.2288588584025,122030600
2025-12-17,669.4219360351562,678.4352803496147,669.2225131069573,677.8869129385677,110625200
2025-12-18,674.4769287109375,678.7343677454887,672.9116078583543,675.603604329658,108650100
2025-12-19,680.5900268554688,681.0900268554688,676.469970703125,676.5900268554688,103599500
2025-12-22,684.8300170898438,685.3599853515625,680.5900268554688,683.9400024414062,69556700
2025-12-23,687.9600219726562,688.2000122070312,683.8699951171875,683.9199829101562,64840000
2025-12-24,690.3800048828125,690.8300170898438,687.7999877929688,687.9500122070312,39445600
2025-12-26,690.3099975585938,691.6599731445312,689.27001953125,690.6400146484375,41613300
2025-12-29,687.8499755859375,689.2000122070312,686.0700073242188,687.5399780273438,62559500
2025-12-30,687.010009765625,688.5599975585938,686.5800170898438,687.4500122070312,47160700
2025-12-31,681.9199829101562,687.3599853515625,681.7100219726562,687.1400146484375,74144800
2026-01-02,683.1699829101562,686.8699951171875,679.8200073242188,685.7100219726562,89377200
2026-01-05,687.719970703125,689.4299926757812,686.3800048828125,686.5399780273438,71927200
2026-01-06,691.8099975585938,692.3200073242188,687.780029296875,687.9299926757812,69273800
2026-01-07,689.5800170898438,693.9600219726562,689.3200073242188,692.1900024414062,75588300
2026-01-08,689.510009765625,690.6199951171875,687.489990234375,688.8200073242188,64019200
2026-01-09,694.0700073242188,695.3099975585938,689.1799926757812,690.6300048828125,80125500
2026-01-12,695.1599731445312,696.0900268554688,690.6300048828125,690.6799926757812,63976000
2026-01-13,693.77001953125,696.0900268554688,691.3499755859375,695.489990234375,78309700
2026-01-14,690.3599853515625,691.719970703125,686.0399780273438,691.0,94676700
2026-01-15,692.239990234375,695.4500122070312,691.25,694.5700073242188,77862000
2026-01-16,691.6599731445312,694.25,690.0999755859375,693.6599731445312,79289200
2026-01-20,677.5800170898438,684.77001953125,676.5700073242188,681.489990234375,111623300
2026-01-21,685.4000244140625,688.739990234375,678.1300048828125,679.6500244140625,127844500
2026-01-22,688.97998046875,691.1300048828125,686.9199829101562,689.8499755859375,77112200
2026-01-23,689.22998046875,690.9600219726562,687.1599731445312,688.1500244140625,63059600
2026-01-26,692.72998046875,694.1300048828125,689.9199829101562,690.489990234375,60473800
2026-01-27,695.489990234375,696.530029296875,693.5700073242188,694.1799926757812,55506100
2026-01-28,695.4199829101562,697.8400268554688,693.9400024414062,697.0499877929688,61172200
2026-01-29,694.0399780273438,697.0599975585938,684.8300170898438,696.3900146484375,97486200
2026-01-30,691.969970703125,694.2100219726562,687.1199951171875,691.7899780273438,101835100
2026-02-02,695.4099731445312,696.9299926757812,689.4199829101562,689.5800170898438,79286500
2026-02-03,689.530029296875,696.9600219726562,684.030029296875,696.2100219726562,107904600
2026-02-04,686.1900024414062,691.4500122070312,681.760009765625,690.3499755859375,105204600
2026-02-05,677.6199951171875,683.6900024414062,675.7899780273438,680.9400024414062,113610800
2026-02-06,690.6199951171875,692.3099975585938,680.8499755859375,681.4600219726562,89127600
2026-02-09,693.9500122070312,695.8699951171875,688.3400268554688,689.4199829101562,73885200
2026-02-10,692.1199951171875,696.5399780273438,691.6599731445312,694.9500122070312,64943900
